Local: ,2025-05-08 00:00:00+02:00,tz_sec ,7200
Linux Epoch (ms):,1746655200000.0
PPG Timestamp,PPG,ADXL Timestamp,X,Y,Z
1746694284382.688,174666,1746694284363.688,-17,8,-133
1746694284422.375,174887,1746694284403.437,-16,14,-143
1746694284442.25,174957,1746694284423.313,-25,12,-128
1746694284462.094,174975,1746694284443.156,-23,8,-130
1746694284481.9692,174914,1746694284463.031,-13,11,-130
1746694284501.812,174820,1746694284482.875,-16,12,-133
1746694284521.687,174631,1746694284502.719,-18,12,-137
1746694284541.594,174447,1746694284522.563,-17,12,-137
1746694284561.438,174262,1746694284542.469,-15,16,-151
1746694284581.281,174102,1746694284562.344,-16,14,-138
1746694284601.187,174034,1746694284582.187,-25,12,-141
1746694284621.031,173988,1746694284602.063,-25,14,-128
1746694284640.906,173972,1746694284621.906,-25,13,-136
1746694284660.75,174004,1746694284641.812,-13,15,-137
1746694284680.625,173971,1746694284661.656,-18,8,-137
1746694284700.5,173959,1746694284681.531,-16,16,-141
1746694284720.344,173946,1746694284701.406,-22,12,-141
1746694284740.2192,173944,1746694284721.25,-7,9,-137
1746694284760.094,173940,1746694284741.125,-15,15,-133
1746694284779.938,173908,1746694284760.969,-24,12,-141
1746694284799.813,173836,1746694284780.844,-17,18,-130
1746694284819.719,173774,1746694284800.719,-15,15,-135
1746694284839.531,173729,1746694284820.5618,-23,12,-135
1746694284859.375,173666,1746694284840.438,-10,13,-132
1746694284879.25,173601,1746694284860.281,-25,14,-125
1746694284899.094,173600,1746694284880.187,-21,31,-137
1746694284919.0,173637,1746694284900.0,-18,8,-137
1746694284938.812,173696,1746694284919.844,-24,7,-136
1746694284958.688,173798,1746694284939.75,-21,15,-133
1746694284978.563,173893,1746694284959.625,-24,14,-137
1746694284998.437,173985,1746694284979.437,-13,4,-141
1746694285018.281,174057,1746694284999.344,-20,15,-141
1746694285038.156,174118,1746694285019.188,-18,14,-143
1746694285058.031,174159,1746694285039.062,-16,16,-135
1746694285077.906,174250,1746694285058.937,-16,15,-133
1746694285097.75,174308,1746694285078.813,-18,15,-141
1746694285117.625,174329,1746694285098.688,-18,10,-137
1746694285137.5,174369,1746694285118.531,-24,12,-137
1746694285157.5,174400,1746694285138.375,-16,7,-142
1746694285177.219,174465,1746694285158.375,-23,10,-145
1746694285197.094,174556,1746694285178.125,-20,7,-129
1746694285216.969,174608,1746694285197.969,-13,15,-135
1746694285236.812,174657,1746694285217.875,-20,14,-137
1746694285256.656,174705,1746694285237.687,-23,16,-132
1746694285276.563,174768,1746694285257.5632,-22,14,-144
1746694285296.406,174880,1746694285277.438,-32,15,-136
1746694285316.281,174966,1746694285297.281,-16,15,-130
1746694285336.156,175061,1746694285317.187,-25,15,-137
1746694285356.031,175173,1746694285337.094,-25,7,-131
1746694285375.906,175277,1746694285356.906,-13,14,-137
1746694285395.781,175366,1746694285376.812,-20,9,-125
1746694285415.594,175495,1746694285396.656,-24,15,-128
1746694285435.5,175607,1746694285416.531,-13,11,-136
1746694285455.344,175780,1746694285436.406,-29,14,-137
1746694285475.25,175915,1746694285456.25,-26,12,-133
1746694285495.062,176041,1746694285476.125,-20,9,-133
1746694285514.969,176114,1746694285496.0,-17,9,-137
1746694285534.844,176161,1746694285515.844,-20,16,-137
1746694285554.688,176147,1746694285535.719,-17,3,-133
1746694285574.531,176125,1746694285555.594,-15,6,-137
1746694285594.406,176044,1746694285575.438,-13,6,-125
1746694285614.281,175893,1746694285595.25,-10,14,-136
1746694285634.094,175748,1746694285615.156,-16,20,-141
1746694285654.0,175597,1746694285635.031,-16,18,-143
1746694285673.875,175514,1746694285654.906,-2,15,-136
1746694285693.75,175459,1746694285674.781,-25,3,-132
1746694285713.594,175450,1746694285694.625,-25,15,-137
1746694285733.469,175486,1746694285714.531,-16,15,-135
1746694285753.344,175537,1746694285734.375,-20,16,-128
1746694285773.219,175549,1746694285754.219,-20,16,-141
1746694285793.063,175575,1746694285774.125,-15,15,-137
1746694285812.906,175614,1746694285793.969,-19,9,-135
1746694285832.781,175650,1746694285813.781,-25,8,-136
1746694285852.656,175676,1746694285833.688,-24,12,-141
1746694285872.469,175659,1746694285853.5308,-15,15,-133
1746694285892.375,175617,1746694285873.437,-20,15,-128
1746694285912.219,175588,1746694285893.25,-20,15,-130
1746694285932.094,175531,1746694285913.125,-25,24,-137
1746694285952.063,175458,1746694285933.0,-25,14,-134
1746694285971.781,175384,1746694285952.969,-16,12,-137
1746694285991.687,175354,1746694285972.687,-20,17,-132
1746694286011.563,175333,1746694285992.563,-17,15,-137
1746694286031.375,175332,1746694286012.438,-21,31,-137
1746694286051.25,175388,1746694286032.281,-21,12,-144
1746694286071.125,175434,1746694286052.125,-13,12,-141
1746694286090.969,175450,1746694286072.0,-13,5,-130
1746694286110.813,175449,1746694286091.844,-23,12,-141
1746694286130.656,175445,1746694286111.75,-15,15,-137
1746694286150.531,175410,1746694286131.531,-18,7,-137
1746694286170.531,175413,1746694286151.437,-16,11,-130
1746694286190.281,175402,1746694286171.25,-16,9,-136
1746694286210.094,175416,1746694286191.219,-14,14,-137
1746694286229.969,175396,1746694286211.0,-13,12,-137
1746694286249.844,175416,1746694286230.875,-16,14,-136
1746694286269.687,175469,1746694286250.75,-24,12,-133
1746694286289.563,175539,1746694286270.594,-23,18,-133
1746694286309.406,175537,1746694286290.469,-13,11,-137
1746694286329.281,175578,1746694286310.312,-25,12,-137
1746694286349.125,175623,1746694286330.156,-15,17,-133
1746694286369.0,175712,1746694286350.063,-32,15,-137
1746694286388.875,175771,1746694286369.875,-28,15,-133
1746694286408.844,175865,1746694286389.75,-16,16,-137
1746694286428.562,175965,1746694286409.625,-22,3,-141
1746694286448.469,176089,1746694286429.5,-25,11,-137
1746694286468.344,176146,1746694286449.344,-21,12,-137
1746694286488.219,176197,1746694286469.219,-17,12,-128
1746694286508.031,176305,1746694286489.062,-15,15,-136
1746694286527.906,176388,1746694286508.938,-16,15,-138
1746694286547.781,176502,1746694286528.813,-23,12,-138
1746694286567.625,176598,1746694286548.656,-25,15,-133
1746694286587.469,176698,1746694286568.5,-16,7,-135
1746694286607.344,176821,1746694286588.406,-13,15,-133
1746694286627.219,176888,1746694286608.219,-17,16,-135
1746694286647.063,176929,1746694286628.094,-25,14,-141
1746694286666.906,176934,1746694286647.969,-16,10,-137
1746694286686.75,176850,1746694286667.813,-17,7,-137
1746694286706.625,176691,1746694286687.656,-1,15,-132
1746694286726.5,176483,1746694286707.5,-15,9,-122
1746694286746.312,176324,1746694286727.406,-16,12,-137
1746694286766.187,176219,1746694286747.25,-32,14,-141
1746694286786.063,176152,1746694286767.063,-16,15,-135
1746694286805.906,176119,1746694286786.938,-25,7,-133
1746694286825.75,176127,1746694286806.812,-25,0,-129
1746694286845.625,176183,1746694286826.687,-16,7,-129
1746694286865.5,176188,1746694286846.5,-26,8,-141
1746694286885.375,176225,1746694286866.375,-25,15,-143
1746694286905.219,176234,1746694286886.219,-13,11,-141
1746694286925.156,176259,1746694286906.156,-16,16,-138
1746694286944.969,176266,1746694286926.031,-20,17,-137
1746694286964.813,176277,1746694286945.844,-20,15,-137
1746694286984.656,176234,1746694286965.719,-26,16,-137
1746694287004.531,176181,1746694286985.562,-24,17,-133
1746694287024.406,176107,1746694287005.406,-15,16,-135
1746694287044.25,176033,1746694287025.281,-20,10,-129
1746694287064.125,175962,1746694287045.156,-17,8,-141
1746694287084.0,175956,1746694287065.031,-24,11,-141
1746694287103.875,175935,1746694287084.875,-16,19,-141
1746694287123.719,175968,1746694287104.75,-20,14,-138
1746694287143.719,175995,1746694287124.656,-26,12,-130
1746694287163.469,176071,1746694287144.531,-24,3,-141
1746694287183.344,176167,1746694287164.375,-17,7,-136
1746694287203.188,176239,1746694287184.25,-8,11,-141
1746694287223.063,176281,1746694287204.125,-13,15,-140
1746694287242.937,176316,1746694287223.969,-26,12,-141
1746694287262.812,176346,1746694287243.844,-17,16,-133
1746694287282.688,176389,1746694287263.719,-25,12,-133
1746694287302.563,176458,1746694287283.594,-15,15,-137
1746694287322.437,176523,1746694287303.437,-16,12,-137
1746694287342.281,176559,1746694287323.312,-28,12,-141
1746694287362.156,176586,1746694287343.188,-23,8,-137
1746694287382.0,176632,1746694287363.063,-15,15,-137
1746694287401.875,176695,1746694287382.875,-20,19,-133
1746694287421.781,176803,1746694287402.781,-20,12,-141
1746694287441.562,176878,1746694287422.781,-12,15,-141
1746694287461.438,176936,1746694287442.469,-16,7,-130
1746694287481.281,177008,1746694287462.344,-24,15,-130
1746694287501.187,177109,1746694287482.187,-17,19,-135
1746694287521.156,177217,1746694287502.063,-24,11,-137
1746694287540.875,177336,1746694287522.063,-31,11,-137
1746694287560.781,177399,1746694287541.781,-27,6,-129
1746694287580.656,177495,1746694287561.656,-29,12,-137
1746694287600.469,177585,1746694287581.531,-9,12,-129
1746694287620.344,177664,1746694287601.375,-20,16,-137
1746694287640.219,177814,1746694287621.25,-10,11,-129
1746694287660.094,177961,1746694287641.094,-17,9,-133
1746694287679.9368,178085,1746694287660.937,-15,12,-141
1746694287699.781,178169,1746694287680.844,-16,15,-141
1746694287719.688,178279,1746694287700.656,-17,12,-137
1746694287739.562,178378,1746694287720.562,-24,14,-141
1746694287759.5,178402,1746694287740.406,-14,14,-136
1746694287779.25,178441,1746694287760.406,-16,14,-133
1746694287799.125,178370,1746694287780.156,-26,12,-129
1746694287819.0,178234,1746694287800.0,-29,14,-133
1746694287838.812,178032,1746694287819.875,-36,7,-137
1746694287858.687,177844,1746694287839.75,-19,13,-135
1746694287878.531,177717,1746694287859.5632,-16,12,-142
1746694287898.406,177670,1746694287879.437,-16,7,-137
1746694287918.281,177632,1746694287899.312,-13,9,-141
1746694287938.156,177666,1746694287919.156,-16,12,-137
1746694287958.031,177727,1746694287939.031,-26,16,-132
1746694287977.875,177795,1746694287958.906,-20,14,-133
1746694287997.719,177857,1746694287978.781,-16,16,-141
1746694288017.625,177901,1746694287998.656,-16,17,-144
1746694288037.5,177941,1746694288018.5,-14,19,-141
1746694288057.313,177956,1746694288038.375,-23,15,-141
1746694288077.219,177948,1746694288058.25,-13,9,-137
1746694288097.062,177879,1746694288078.125,-29,6,-141
1746694288116.9382,177818,1746694288097.969,-25,14,-137
1746694288136.813,177740,1746694288117.813,-17,12,-133
1746694288156.656,177663,1746694288137.719,-25,12,-144
1746694288176.562,177598,1746694288157.562,-15,16,-142
1746694288196.406,177557,1746694288177.406,-26,15,-135
1746694288216.25,177583,1746694288197.2808,-21,15,-136
1746694288236.125,177623,1746694288217.187,-16,20,-137
1746694288256.0,177647,1746694288237.0,-17,9,-135
1746694288275.875,177721,1746694288256.844,-20,11,-136
1746694288295.719,177787,1746694288276.75,-15,28,-131
1746694288315.594,177822,1746694288296.656,-29,12,-137
1746694288335.469,177881,1746694288316.469,-25,12,-125
1746694288355.344,177902,1746694288336.344,-20,15,-128
1746694288375.219,177962,1746694288356.219,-17,9,-135
1746694288395.062,178005,1746694288376.125,-32,8,-127
1746694288414.937,178068,1746694288395.969,-22,15,-127
1746694288434.813,178087,1746694288415.844,-16,9,-137
1746694288454.688,178144,1746694288435.719,-26,12,-137
1746694288474.5942,178198,1746694288455.594,-17,12,-138
1746694288494.5,178278,1746694288475.469,-28,11,-142
1746694288514.344,178339,1746694288495.375,-16,9,-137
1746694288534.25,178395,1746694288515.25,-12,14,-137
1746694288554.125,178452,1746694288535.156,-20,12,-141
1746694288574.0,178503,1746694288555.0,-10,12,-141
1746694288593.844,178560,1746694288574.906,-16,12,-141
1746694288613.75,178627,1746694288594.781,-24,14,-133
1746694288633.625,178712,1746694288614.625,-16,15,-129
1746694288653.5,178825,1746694288634.531,-25,20,-130
1746694288673.438,178938,1746694288654.406,-16,15,-132
1746694288693.25,179045,1746694288674.2808,-20,7,-137
1746694288713.125,179181,1746694288694.125,-13,15,-144
1746694288733.0,179250,1746694288714.0,-23,17,-137
1746694288752.844,179321,1746694288733.875,-20,8,-153
1746694288772.719,179393,1746694288753.75,-23,12,-133
1746694288792.594,179535,1746694288773.625,-18,16,-137
1746694288812.469,179666,1746694288793.469,-16,9,-144
1746694288832.344,179761,1746694288813.375,-25,9,-133
1746694288852.188,179849,1746694288833.25,-22,10,-126
1746694288872.094,179950,1746694288853.094,-24,12,-137
1746694288891.937,180041,1746694288872.969,-24,15,-137
1746694288911.781,180098,1746694288892.844,-16,12,-141
1746694288931.688,180112,1746694288912.688,-24,9,-135
1746694288951.562,180018,1746694288932.562,-18,7,-136
1746694288971.406,179854,1746694288952.406,-13,12,-136
1746694288991.281,179628,1746694288972.344,-10,20,-137
1746694289011.188,179442,1746694288992.188,-8,16,-143
1746694289031.0618,179330,1746694289012.062,-32,19,-137
1746694289050.937,179253,1746694289031.969,-16,14,-130
1746694289070.875,179247,1746694289051.844,-16,10,-137
1746694289090.688,179231,1746694289071.687,-14,7,-130
1746694289110.562,179245,1746694289091.562,-18,14,-141
1746694289130.406,179294,1746694289111.469,-36,24,-132
1746694289150.281,179325,1746694289131.313,-13,10,-161
1746694289170.187,179343,1746694289151.187,-24,15,-133
1746694289190.031,179365,1746694289171.062,-23,12,-137
1746694289209.906,179386,1746694289190.938,-24,15,-136
1746694289229.781,179358,1746694289210.844,-16,14,-129
1746694289249.656,179354,1746694289230.656,-15,7,-137
1746694289269.531,179317,1746694289250.531,-25,12,-141
1746694289289.375,179272,1746694289270.375,-15,17,-136
1746694289309.25,179210,1746694289290.313,-16,17,-141
1746694289329.125,179137,1746694289310.156,-24,19,-132
1746694289348.969,179130,1746694289330.031,-15,11,-133
1746694289368.844,179103,1746694289349.875,-24,11,-125
1746694289388.75,179147,1746694289369.781,-20,12,-129
1746694289408.594,179226,1746694289389.625,-13,12,-135
1746694289428.437,179305,1746694289409.5,-16,19,-132
1746694289448.344,179369,1746694289429.375,-24,12,-133
1746694289468.313,179454,1746694289449.219,-19,12,-133
1746694289488.063,179501,1746694289469.094,-26,3,-143
1746694289507.937,179537,1746694289488.969,-27,12,-135
1746694289527.812,179590,1746694289508.844,-12,19,-131
1746694289547.688,179617,1746694289528.688,-18,17,-128
1746694289567.563,179656,1746694289548.563,-20,15,-136
1746694289587.406,179702,1746694289568.437,-16,28,-135
1746694289607.281,179740,1746694289588.312,-18,9,-140
1746694289627.156,179804,1746694289608.156,-29,8,-143
1746694289647.031,179840,1746694289628.031,-25,12,-133
1746694289666.875,179897,1746694289647.969,-18,14,-137
1746694289686.75,179939,1746694289667.781,-17,12,-137
1746694289706.656,179997,1746694289687.625,-19,11,-136
1746694289726.531,180066,1746694289707.531,-20,5,-141
1746694289746.375,180146,1746694289727.437,-28,12,-127
1746694289766.281,180205,1746694289747.313,-13,19,-141
1746694289786.125,180271,1746694289767.125,-10,12,-135
1746694289805.969,180360,1746694289787.0,-21,5,-133
1746694289825.844,180466,1746694289806.906,-4,15,-130
1746694289845.75,180582,1746694289826.75,-16,8,-136
1746694289865.625,180703,1746694289846.656,-21,20,-129
1746694289885.469,180806,1746694289866.531,-13,16,-129
1746694289905.375,180889,1746694289886.375,-17,6,-133
1746694289925.25,181003,1746694289906.25,-17,15,-143
1746694289945.125,181097,1746694289926.125,-22,12,-147
1746694289964.969,181178,1746694289946.031,-25,14,-137
1746694289984.844,181286,1746694289965.906,-16,15,-137
1746694290004.719,181382,1746694289985.75,-16,14,-138
1746694290024.594,181476,1746694290005.594,-18,6,-141
1746694290044.406,181577,1746694290025.5,-20,11,-137
1746694290064.312,181695,1746694290045.344,-20,14,-133
1746694290084.219,181797,1746694290065.187,-20,14,-137
1746694290104.063,181864,1746694290085.094,-13,16,-141
1746694290123.906,181830,1746694290104.906,-17,16,-133
1746694290143.75,181689,1746694290124.781,-19,8,-136
1746694290163.625,181486,1746694290144.656,-16,14,-141
1746694290183.5,181285,1746694290164.531,-20,17,-116
1746694290203.344,181121,1746694290184.406,-20,15,-130
1746694290223.219,181007,1746694290204.281,-5,20,-141
1746694290243.094,180939,1746694290224.094,-25,10,-133
1746694290262.969,180930,1746694290243.969,-28,14,-132
1746694290282.813,180966,1746694290263.844,-21,25,-148
1746694290302.687,181001,1746694290283.719,-25,15,-137
1746694290322.531,181051,1746694290303.562,-17,12,-128
1746694290342.438,181050,1746694290323.406,-15,12,-135
1746694290362.281,181142,1746694290343.313,-16,12,-135
1746694290382.156,181266,1746694290363.219,-17,12,-133
1746694290402.031,181463,1746694290383.125,-17,9,-137
1746694290421.906,181618,1746694290402.906,-21,15,-142
1746694290441.781,181742,1746694290422.813,-16,15,-133
1746694290461.656,181800,1746694290442.687,-7,19,-141
1746694290481.562,181775,1746694290462.562,-24,15,-138
1746694290501.375,181742,1746694290482.406,-18,12,-136
1746694290521.281,181692,1746694290502.313,-25,30,-137
1746694290541.281,181706,1746694290522.156,-20,12,-141
1746694290561.0,181751,1746694290542.156,-32,15,-141
1746694290580.875,181780,1746694290561.906,-25,15,-132
1746694290600.719,181760,1746694290581.781,-16,17,-135
1746694290620.594,181778,1746694290601.625,-25,22,-137
1746694290640.5,181784,1746694290621.5,-20,16,-137
1746694290660.344,181819,1746694290641.375,-18,12,-133
1746694290680.25,181792,1746694290661.281,-16,27,-137
1746694290700.125,181777,1746694290681.125,-26,15,-133
1746694290720.0,181822,1746694290701.0,-16,12,-137
1746694290739.844,181917,1746694290720.875,-28,14,-132
1746694290759.75,182088,1746694290740.781,-18,14,-141
1746694290779.625,182240,1746694290760.625,-17,12,-135
1746694290799.469,182334,1746694290780.562,-24,19,-129
1746694290819.344,182364,1746694290800.344,-17,16,-133
1746694290839.219,182421,1746694290820.281,-25,14,-141
1746694290859.094,182450,1746694290840.094,-19,15,-141
1746694290878.937,182510,1746694290860.0,-24,14,-132
1746694290898.813,182503,1746694290879.844,-15,12,-135
1746694290918.688,182508,1746694290899.719,-25,23,-137
1746694290938.562,182564,1746694290919.562,-16,14,-141
1746694290958.406,182608,1746694290939.437,-9,14,-141
1746694290978.281,182671,1746694290959.344,-20,17,-132
1746694290998.156,182710,1746694290979.156,-25,15,-125
1746694291018.0,182761,1746694290999.062,-22,31,-137
1746694291037.875,182849,1746694291018.906,-23,16,-144
1746694291057.719,182941,1746694291038.781,-25,12,-141
1746694291077.625,183016,1746694291058.625,-16,7,-125
1746694291097.594,183107,1746694291078.531,-20,15,-137
1746694291117.344,183209,1746694291098.375,-29,16,-137
1746694291137.25,183256,1746694291118.219,-16,15,-129
1746694291157.125,183369,1746694291138.094,-19,12,-132
1746694291176.969,183478,1746694291158.0,-25,4,-129
1746694291196.844,183584,1746694291178.0,-28,13,-131
1746694291216.687,183671,1746694291197.75,-23,15,-125
1746694291236.563,183757,1746694291217.594,-17,14,-135
1746694291256.438,183865,1746694291237.437,-16,14,-137
1746694291276.375,183925,1746694291257.344,-21,12,-141
1746694291296.156,183976,1746694291277.281,-26,11,-137
1746694291316.063,183901,1746694291297.031,-12,11,-133
1746694291335.906,183747,1746694291316.937,-23,13,-135
1746694291355.75,183536,1746694291336.781,-16,9,-133
1746694291375.625,183309,1746694291356.688,-18,17,-136
1746694291395.5,183128,1746694291376.531,-21,15,-137
1746694291415.344,182995,1746694291396.375,-25,8,-137
1746694291435.219,182935,1746694291416.25,-17,14,-137
1746694291455.219,182909,1746694291436.125,-25,15,-137
1746694291475.0,182953,1746694291456.0,-18,7,-129
1746694291494.813,182991,1746694291475.844,-23,12,-135
1746694291514.687,183023,1746694291495.75,-20,12,-137
1746694291534.562,183051,1746694291515.625,-16,12,-144
1746694291554.469,183041,1746694291535.469,-15,16,-141
1746694291574.313,183034,1746694291555.344,-15,12,-141
1746694291594.187,183011,1746694291575.25,-27,14,-133
1746694291614.062,182983,1746694291595.031,-17,15,-136
1746694291633.938,182945,1746694291614.969,-23,15,-137
1746694291653.781,182901,1746694291634.813,-29,9,-133
1746694291673.781,182854,1746694291654.719,-16,16,-137
1746694291693.531,182826,1746694291674.531,-21,12,-139
1746694291713.406,182850,1746694291694.406,-18,1,-141
1746694291733.25,182907,1746694291714.313,-20,13,-137
1746694291753.094,182942,1746694291734.1868,-25,7,-137
1746694291772.969,182980,1746694291754.0,-18,17,-136
1746694291792.844,183045,1746694291773.875,-25,19,-137
1746694291812.6882,183126,1746694291793.719,-13,15,-132
1746694291832.562,183180,1746694291813.594,-13,16,-144
1746694291852.406,183229,1746694291833.406,-13,13,-132
1746694291872.281,183256,1746694291853.281,-25,11,-145
1746694291892.094,183310,1746694291873.156,-15,12,-137
1746694291911.969,183325,1746694291893.0308,-18,12,-133
1746694291931.844,183337,1746694291912.875,-15,7,-130
1746694291951.719,183375,1746694291932.719,-25,19,-141
1746694291971.563,183368,1746694291952.594,-10,12,-143
1746694291991.406,183406,1746694291972.469,-20,12,-143
1746694292011.312,183433,1746694291992.312,-28,15,-133
1746694292031.156,183476,1746694292012.187,-16,16,-137
1746694292051.0,183511,1746694292032.031,-20,28,-138
1746694292070.969,183549,1746694292051.875,-16,17,-136
1746694292090.75,183572,1746694292071.844,-16,15,-138
1746694292110.625,183646,1746694292091.625,-15,14,-132
1746694292130.469,183698,1746694292111.5,-15,7,-142
1746694292150.313,183770,1746694292131.375,-33,31,-137
1746694292170.187,183809,1746694292151.187,-25,12,-130
1746694292190.062,183902,1746694292171.031,-20,12,-132
1746694292209.906,183989,1746694292190.938,-29,11,-132
1746694292229.781,184075,1746694292210.844,-13,16,-141
1746694292249.656,184159,1746694292230.656,-18,7,-137
1746694292269.531,184290,1746694292250.531,-25,14,-137
1746694292289.406,184395,1746694292270.438,-25,12,-133
1746694292309.25,184488,1746694292290.281,-14,15,-132
1746694292329.156,184585,1746694292310.281,-25,12,-133
1746694292349.0,184707,1746694292330.031,-16,15,-133
1746694292368.875,184825,1746694292349.906,-20,12,-129
1746694292388.75,184946,1746694292369.781,-23,12,-141
1746694292408.687,185081,1746694292389.625,-20,12,-135
1746694292428.437,185327,1746694292409.562,-24,19,-137
1746694292448.312,185327,1746694292429.375,-24,19,-137
1746694292468.188,185429,1746694292449.219,-24,17,-135
1746694292488.063,185546,1746694292469.094,-12,10,-133
1746694292507.937,185683,1746694292488.969,-16,14,-132
1746694292527.812,185830,1746694292508.844,-20,11,-137
1746694292547.688,185927,1746694292528.719,-23,41,-137
1746694292567.563,186027,1746694292548.563,-25,17,-130
1746694292587.437,186125,1746694292568.406,-16,14,-136
1746694292607.25,186201,1746694292588.312,-16,7,-132
1746694292627.125,186213,1746694292608.125,-16,11,-144
1746694292646.969,186178,1746694292628.0,-24,15,-125
1746694292666.812,186078,1746694292647.875,-15,16,-137
1746694292686.687,185880,1746694292667.75,-15,14,-142
1746694292706.625,185656,1746694292687.594,-23,12,-137
1746694292726.406,185465,1746694292707.531,-18,12,-137
1746694292746.281,185351,1746694292727.281,-20,22,-136
1746694292766.125,185317,1746694292747.187,-23,14,-137
1746694292786.0,185322,1746694292766.969,-16,17,-132
1746694292805.875,185366,1746694292786.906,-25,20,-130
1746694292825.7192,185414,1746694292806.75,-14,15,-141
1746694292845.594,185485,1746694292826.625,-16,16,-135
1746694292865.469,185501,1746694292846.5,-32,15,-130
1746694292885.313,185519,1746694292866.313,-8,19,-135
1746694292905.188,185532,1746694292886.219,-25,16,-139
1746694292925.031,185536,1746694292906.125,-27,14,-131
1746694292944.906,185478,1746694292925.906,-25,24,-139
1746694292964.781,185417,1746694292945.813,-26,12,-137
1746694292984.625,185337,1746694292965.656,-25,16,-133
1746694293004.5,185258,1746694292985.531,-16,14,-128
1746694293024.375,185167,1746694293005.406,-18,19,-141
1746694293044.25,185119,1746694293025.281,-25,15,-129
1746694293064.094,185106,1746694293045.156,-20,15,-137
1746694293083.9692,185122,1746694293065.0,-20,12,-135
1746694293103.844,185117,1746694293084.875,-25,12,-137
1746694293123.688,185189,1746694293104.75,-15,12,-127
1746694293143.594,185228,1746694293124.625,-18,15,-137
1746694293163.469,185312,1746694293144.5,-18,12,-135
1746694293183.312,185350,1746694293164.344,-14,19,-144
1746694293203.219,185399,1746694293184.219,-13,12,-137
1746694293223.031,185456,1746694293204.125,-13,12,-137
1746694293242.906,185516,1746694293223.937,-28,12,-131
1746694293262.812,185569,1746694293243.812,-18,14,-129
1746694293282.656,185609,1746694293263.688,-23,15,-137
1746694293302.625,185693,1746694293283.594,-25,16,-137
1746694293322.406,185734,1746694293303.5,-30,13,-143
1746694293342.281,185788,1746694293323.281,-17,27,-143
1746694293362.094,185813,1746694293343.156,-19,17,-141
1746694293381.969,185842,1746694293363.0,-20,15,-135
1746694293401.875,185881,1746694293382.875,-26,15,-129
1746694293421.719,185984,1746694293402.75,-16,12,-141
1746694293441.562,186059,1746694293422.594,-14,12,-136
1746694293461.438,186118,1746694293442.594,-16,15,-141
1746694293481.313,186189,1746694293462.344,-24,16,-141
1746694293501.156,186266,1746694293482.187,-26,12,-141
1746694293521.031,186330,1746694293502.094,-20,14,-132
1746694293540.969,186400,1746694293521.969,-25,12,-137
1746694293560.781,186501,1746694293541.844,-26,19,-137
1746694293580.656,186629,1746694293561.656,-14,12,-137
1746694293600.5,186703,1746694293581.531,-24,12,-144
1746694293620.375,186847,1746694293601.406,-25,12,-138
1746694293640.25,186971,1746694293621.281,-28,14,-132
1746694293660.125,187121,1746694293641.125,-23,18,-137
1746694293679.9368,187248,1746694293661.0,-33,27,-137
1746694293699.844,187377,1746694293680.875,-16,16,-135
1746694293719.812,187509,1746694293700.7192,-18,12,-133
1746694293739.562,187590,1746694293720.594,-33,7,-108
1746694293759.437,187706,1746694293740.437,-20,16,-135
1746694293779.281,187816,1746694293760.344,-25,15,-133
1746694293799.156,187932,1746694293780.188,-25,14,-141
1746694293819.0,188022,1746694293800.031,-16,12,-141
1746694293838.906,188130,1746694293819.906,-26,11,-137
1746694293858.719,188258,1746694293839.813,-17,12,-133
1746694293878.625,188338,1746694293859.594,-16,19,-137
1746694293898.438,188418,1746694293879.5,-23,15,-135
1746694293918.344,188534,1746694293899.375,-31,19,-127
1746694293938.188,188607,1746694293919.25,-16,17,-135
1746694293958.063,188688,1746694293939.094,-25,19,-136
1746694293977.906,188723,1746694293958.937,-24,8,-141
1746694293997.781,188618,1746694293978.844,-28,17,-137
1746694294017.656,188485,1746694293998.688,-29,19,-143
1746694294037.531,188267,1746694294018.531,-27,15,-141
1746694294057.5,188122,1746694294038.406,-28,17,-141
1746694294077.25,188013,1746694294058.281,-26,16,-137
1746694294097.125,187990,1746694294078.125,-25,16,-137
1746694294116.969,188028,1746694294098.0,-4,12,-133
1746694294136.813,188102,1746694294117.844,-29,14,-128
1746694294156.687,188173,1746694294137.75,-20,15,-125
1746694294176.531,188246,1746694294157.594,-24,15,-142
1746694294196.438,188270,1746694294177.438,-25,15,-141
1746694294216.281,188300,1746694294197.313,-25,16,-137
1746694294236.125,188318,1746694294217.187,-18,17,-137
1746694294256.031,188361,1746694294237.031,-13,15,-137
1746694294275.906,188351,1746694294256.875,-16,15,-133
1746694294295.719,188344,1746694294276.813,-26,15,-133
1746694294315.594,188267,1746694294296.625,-32,19,-125
1746694294335.531,188189,1746694294316.5,-15,12,-133
1746694294355.344,188163,1746694294336.406,-22,16,-137
1746694294375.1882,188089,1746694294356.219,-23,19,-132
1746694294395.062,188075,1746694294376.125,-25,16,-131
1746694294414.937,188079,1746694294395.937,-20,30,-141
1746694294434.813,188149,1746694294415.781,-25,12,-136
1746694294454.656,188228,1746694294435.688,-16,14,-133
1746694294474.5,188326,1746694294455.5308,-16,7,-124
1746694294494.406,188402,1746694294475.406,-25,17,-141
1746694294514.25,188436,1746694294495.281,-16,15,-131
1746694294534.094,188460,1746694294515.125,-15,14,-141
1746694294553.969,188502,1746694294535.031,-20,23,-141
1746694294573.812,188558,1746694294554.844,-20,17,-136
1746694294593.687,188639,1746694294574.719,-20,9,-132
1746694294613.563,188739,1746694294594.594,-19,15,-137
1746694294633.406,188838,1746694294614.469,-4,7,-133
1746694294653.281,188910,1746694294634.281,-33,8,-137
1746694294673.25,189011,1746694294654.156,-15,8,-136
1746694294692.969,189073,1746694294674.156,-16,14,-137
1746694294712.875,189131,1746694294693.906,-28,7,-133
1746694294732.75,189213,1746694294713.781,-15,19,-136
1746694294752.594,189264,1746694294733.656,-20,15,-137
1746694294772.469,189313,1746694294753.5,-25,12,-143
1746694294792.344,189367,1746694294773.406,-18,12,-125
1746694294812.219,189409,1746694294793.219,-24,7,-135
1746694294832.062,189495,1746694294813.094,-25,14,-137
1746694294851.938,189568,1746694294832.969,-16,11,-136
1746694294871.813,189637,1746694294852.844,-16,8,-145
1746694294891.687,189685,1746694294872.656,-23,12,-136
1746694294911.531,189773,1746694294892.562,-16,10,-137
1746694294931.406,189888,1746694294912.438,-20,9,-141
1746694294951.281,189990,1746694294932.313,-20,11,-127
1746694294971.1558,190077,1746694294952.281,-37,16,-135
1746694294991.031,190175,1746694294972.062,-21,17,-133
1746694295010.906,190285,1746694294991.9382,-29,12,-133
1746694295030.75,190396,1746694295011.781,-25,7,-141
1746694295050.656,190528,1746694295031.656,-32,14,-137
1746694295070.469,190642,1746694295051.531,-20,16,-135
1746694295090.344,190711,1746694295071.375,-10,12,-141
1746694295110.219,190811,1746694295091.25,-28,9,-128
1746694295130.094,190881,1746694295111.125,-17,13,-135
1746694295149.937,190885,1746694295131.0,-25,19,-138
1746694295169.844,190937,1746694295150.875,-26,14,-133
1746694295189.781,190849,1746694295170.719,-18,13,-129
1746694295209.594,190735,1746694295190.594,-20,7,-130
1746694295229.437,190533,1746694295210.469,-24,15,-137
1746694295249.281,190404,1746694295230.344,-32,15,-137
1746694295269.188,190271,1746694295250.1882,-29,16,-151
1746694295289.062,190234,1746694295270.062,-16,17,-137
1746694295308.875,190190,1746694295289.906,-26,4,-135
1746694295328.781,190175,1746694295309.813,-16,12,-141
1746694295348.625,190272,1746694295329.625,-13,12,-136
1746694295368.469,190331,1746694295349.5,-25,19,-141
1746694295388.312,190344,1746694295369.375,-16,12,-133
1746694295408.187,190360,1746694295389.219,-18,14,-133
1746694295428.031,190357,1746694295409.094,-23,12,-144
1746694295447.906,190392,1746694295428.906,-25,20,-135
1746694295467.844,190408,1746694295448.812,-20,12,-127
1746694295487.625,190366,1746694295468.75,-12,16,-133
1746694295507.531,190310,1746694295488.5,-17,14,-130
1746694295527.344,190238,1746694295508.375,-20,12,-136
1746694295547.219,190187,1746694295528.281,-17,17,-146
1746694295567.125,190157,1746694295548.125,-16,15,-144
1746694295587.0,190117,1746694295568.0,-26,16,-137
1746694295606.844,190113,1746694295587.875,-23,13,-122
1746694295626.719,190127,1746694295607.75,-21,15,-131
1746694295646.594,190204,1746694295627.594,-8,12,-133
1746694295666.469,190261,1746694295647.469,-17,15,-112
1746694295686.313,190301,1746694295667.344,-20,11,-136
1746694295706.187,190361,1746694295687.25,-13,19,-149
1746694295726.062,190426,1746694295707.156,-15,17,-144
1746694295745.938,190469,1746694295726.969,-26,12,-137
1746694295765.781,190527,1746694295746.813,-25,16,-141
1746694295785.656,190625,1746694295766.687,-14,12,-141
1746694295805.562,190670,1746694295786.531,-25,12,-143
1746694295825.406,190745,1746694295806.469,-31,17,-132
1746694295845.25,190757,1746694295826.281,-20,19,-138
1746694295865.125,190811,1746694295846.187,-31,15,-131
1746694295885.0,190857,1746694295866.0,-25,12,-132
1746694295904.875,190906,1746694295885.875,-24,19,-130
1746694295924.688,190911,1746694295905.781,-26,17,-131
1746694295944.594,190910,1746694295925.625,-36,34,-125
1746694295964.469,190925,1746694295945.469,-25,17,-137
1746694295984.344,190980,1746694295965.375,-20,12,-122
1746694296004.188,191005,1746694295985.219,-18,7,-129
1746694296024.187,191071,1746694296005.156,-24,15,-137
1746694296043.937,191119,1746694296024.906,-26,23,-140
1746694296063.781,191163,1746694296044.812,-25,17,-135
1746694296083.656,191212,1746694296064.688,-16,12,-129
1746694296103.5308,191259,1746694296084.563,-18,19,-137
1746694296123.375,191314,1746694296104.406,-20,14,-136
1746694296143.25,191395,1746694296124.281,-26,16,-133
1746694296163.094,191457,1746694296144.156,-29,15,-141
1746694296183.0,191534,1746694296164.031,-33,12,-133
1746694296202.875,191616,1746694296183.844,-15,9,-141
1746694296222.719,191725,1746694296203.75,-11,19,-160
1746694296242.594,191797,1746694296223.625,-21,15,-141
1746694296262.469,191849,1746694296243.5,-23,10,-138
1746694296282.344,191898,1746694296263.344,-17,7,-133
1746694296302.187,191910,1746694296283.25,-17,15,-130
1746694296322.063,191907,1746694296303.125,-20,15,-137
1746694296341.938,191828,1746694296322.938,-16,15,-136
1746694296361.7808,191657,1746694296342.812,-22,14,-127
1746694296381.656,191443,1746694296362.656,-16,14,-136
1746694296401.531,191301,1746694296382.5632,-28,16,-132
1746694296421.375,191224,1746694296402.406,-16,16,-137
1746694296441.25,191181,1746694296422.25,-18,7,-137
1746694296461.094,191177,1746694296442.156,-32,17,-144
1746694296480.969,191174,1746694296462.0,-20,17,-136
1746694296500.844,191211,1746694296481.875,-29,12,-137
1746694296520.688,191203,1746694296501.781,-25,19,-137
1746694296540.562,191212,1746694296521.562,-24,17,-136
1746694296560.406,191203,1746694296541.406,-23,14,-136
1746694296580.313,191203,1746694296561.281,-16,12,-133
1746694296600.156,191210,1746694296581.187,-26,14,-137
1746694296620.031,191219,1746694296601.062,-20,13,-127
1746694296639.875,191155,1746694296620.938,-28,14,-116
1746694296659.75,191089,1746694296640.75,-17,14,-137
1746694296679.594,191020,1746694296660.625,-18,20,-129
1746694296699.437,190984,1746694296680.469,-17,15,-137
1746694296719.281,190939,1746694296700.375,-20,11,-137
1746694296739.156,190927,1746694296720.188,-24,23,-132
1746694296759.063,190947,1746694296740.031,-20,18,-127
1746694296778.906,190975,1746694296759.906,-25,24,-135
1746694296798.812,191050,1746694296779.844,-23,16,-130
1746694296818.656,191088,1746694296799.688,-21,19,-129
1746694296838.531,191133,1746694296819.563,-16,16,-128
1746694296858.375,191186,1746694296839.469,-21,9,-137
1746694296878.25,191181,1746694296859.281,-26,14,-141
1746694296898.125,191197,1746694296879.156,-29,14,-130
1746694296917.969,191243,1746694296899.0,-16,12,-128
1746694296937.844,191299,1746694296918.875,-18,10,-135
1746694296957.719,191323,1746694296938.781,-21,15,-139
1746694296977.594,191343,1746694296958.594,-16,15,-143
1746694296997.438,191391,1746694296978.469,-25,14,-136
1746694297017.313,191436,1746694296998.344,-17,11,-133
1746694297037.219,191448,1746694297018.219,-29,16,-132
1746694297057.062,191465,1746694297038.094,-32,17,-137
1746694297076.938,191410,1746694297057.969,-25,30,-132
1746694297096.781,191393,1746694297077.844,-28,9,-137
1746694297116.687,191399,1746694297097.687,-29,8,-137
1746694297136.563,191387,1746694297117.563,-20,9,-149
1746694297156.406,191404,1746694297137.438,-16,12,-137
1746694297176.281,191436,1746694297157.312,-18,11,-136
1746694297196.156,191444,1746694297177.156,-26,16,-132
1746694297216.125,191468,1746694297197.063,-24,19,-133
1746694297235.906,191542,1746694297216.938,-20,16,-137
1746694297255.781,191617,1746694297236.906,-16,12,-137
1746694297275.656,191707,1746694297256.687,-16,15,-137
1746694297295.531,191785,1746694297276.563,-16,12,-129
1746694297315.406,191881,1746694297296.438,-17,15,-137
1746694297335.281,191935,1746694297316.344,-16,15,-130
1746694297355.156,192022,1746694297336.156,-18,8,-129
1746694297375.0,192074,1746694297356.031,-28,19,-133
1746694297394.875,192169,1746694297375.938,-16,14,-121
1746694297414.75,192268,1746694297395.812,-9,12,-137
1746694297434.656,192374,1746694297415.656,-21,15,-132
1746694297454.5,192492,1746694297435.531,-18,12,-143
1746694297474.375,192596,1746694297455.406,-25,31,-138
1746694297494.25,192672,1746694297475.25,-15,14,-130
1746694297514.125,192700,1746694297495.125,-16,12,-137
1746694297533.969,192775,1746694297515.0,-20,13,-151
1746694297553.844,192871,1746694297534.906,-15,12,-137
1746694297573.719,192877,1746694297554.75,-13,12,-137
1746694297593.594,192832,1746694297574.594,-25,12,-136
1746694297613.437,192684,1746694297594.5,-15,14,-137
1746694297633.313,192529,1746694297614.344,-23,14,-141
1746694297653.188,192352,1746694297634.312,-26,19,-141
1746694297673.062,192228,1746694297654.094,-18,16,-137
1746694297692.875,192151,1746694297673.938,-17,16,-129
1746694297712.781,192119,1746694297693.813,-24,12,-141
1746694297732.656,192084,1746694297713.625,-23,14,-135
1746694297752.531,192104,1746694297733.531,-20,8,-125
1746694297772.375,192150,1746694297753.406,-23,16,-133
1746694297792.219,192176,1746694297773.281,-20,15,-133
1746694297812.094,192158,1746694297793.094,-27,12,-136
1746694297831.969,192146,1746694297813.0,-21,15,-132
1746694297851.844,192131,1746694297832.844,-14,12,-129
1746694297871.688,192093,1746694297852.781,-25,32,-137
1746694297891.594,192070,1746694297872.5942,-28,15,-132
1746694297911.437,192022,1746694297892.437,-17,14,-133
1746694297931.281,191968,1746694297912.344,-17,7,-129
1746694297951.156,191937,1746694297932.188,-20,12,-133
1746694297971.031,191884,1746694297952.063,-28,17,-137
1746694297990.875,191824,1746694297971.906,-21,16,-141
1746694298010.75,191809,1746694297991.781,-25,14,-125
1746694298030.688,191811,1746694298011.625,-26,14,-133
1746694298050.5,191848,1746694298031.563,-24,15,-125
1746694298070.344,191899,1746694298051.406,-23,15,-128
1746694298090.219,191946,1746694298071.25,-25,15,-135
1746694298110.094,191998,1746694298091.125,-31,12,-144
1746694298130.0,192058,1746694298110.969,-26,16,-137
1746694298149.812,192127,1746694298130.875,-20,14,-129
1746694298169.687,192197,1746694298150.719,-15,7,-137
1746694298189.594,192286,1746694298170.594,-26,14,-144
1746694298209.469,192327,1746694298190.5,-33,11,-132
1746694298229.312,192414,1746694298210.344,-16,14,-135
1746694298249.219,192471,1746694298230.219,-29,15,-137
1746694298269.063,192509,1746694298250.094,-20,7,-136
1746694298288.938,192573,1746694298269.938,-16,12,-135
1746694298308.781,192625,1746694298289.781,-20,11,-132
1746694298328.656,192669,1746694298309.719,-21,16,-144
1746694298348.531,192711,1746694298329.5,-16,14,-136
1746694298368.375,192754,1746694298349.406,-17,11,-136
1746694298388.25,192786,1746694298369.281,-19,14,-144
1746694298408.125,192810,1746694298389.156,-24,15,-137
1746694298427.969,192843,1746694298409.031,-20,14,-141
1746694298447.875,192880,1746694298428.875,-13,12,-141
1746694298467.719,192936,1746694298448.75,-25,12,-141
1746694298487.594,192963,1746694298468.75,-28,14,-130
1746694298507.469,193027,1746694298488.437,-16,16,-136
1746694298527.344,193074,1746694298508.344,-21,9,-144
1746694298547.188,193150,1746694298528.219,-16,12,-141
1746694298567.031,193231,1746694298548.062,-22,12,-132
1746694298586.937,193310,1746694298567.938,-23,15,-133
1746694298606.75,193388,1746694298587.781,-8,23,-132
1746694298626.656,193454,1746694298607.687,-25,17,-136
1746694298646.5,193566,1746694298627.562,-16,19,-137
1746694298666.375,193670,1746694298647.406,-12,16,-145
1746694298686.25,193754,1746694298667.25,-25,12,-132
1746694298706.094,193869,1746694298687.156,-27,27,-128
1746694298725.969,193971,1746694298707.031,-15,15,-128
1746694298745.875,194089,1746694298726.875,-26,16,-133
1746694298765.688,194208,1746694298746.75,-14,12,-137
1746694298785.563,194305,1746694298766.625,-16,15,-129
1746694298805.437,194369,1746694298786.437,-34,15,-137
1746694298825.281,194444,1746694298806.312,-23,14,-133
1746694298845.156,194484,1746694298826.156,-17,6,-136
1746694298865.031,194456,1746694298846.094,-25,12,-141
1746694298884.906,194366,1746694298865.906,-23,15,-120
1746694298904.781,194148,1746694298885.781,-16,23,-136
1746694298924.688,193960,1746694298905.688,-18,16,-142
1746694298944.5,193840,1746694298925.594,-34,16,-141
1746694298964.375,193793,1746694298945.375,-31,15,-131
1746694298984.25,193739,1746694298965.281,-40,12,-125
1746694299004.094,193733,1746694298985.125,-20,30,-127
1746694299023.969,193758,1746694299005.0,-20,12,-143
1746694299043.844,193785,1746694299024.844,-27,16,-137
1746694299063.687,193815,1746694299044.719,-20,7,-117
1746694299083.563,193797,1746694299064.594,-29,14,-129
1746694299103.406,193777,1746694299084.469,-15,19,-133
1746694299123.312,193744,1746694299104.312,-29,19,-129
1746694299143.187,193738,1746694299124.187,-17,17,-137
1746694299163.031,193715,1746694299144.094,-23,14,-144
1746694299182.906,193628,1746694299163.938,-17,16,-143
1746694299202.812,193562,1746694299183.812,-28,12,-144
1746694299222.656,193494,1746694299203.687,-31,19,-133
1746694299242.5,193416,1746694299223.563,-22,20,-133
1746694299262.406,193334,1746694299243.375,-16,14,-132
1746694299282.312,193287,1746694299263.281,-25,12,-129
1746694299302.125,193263,1746694299283.187,-25,15,-133
1746694299322.031,193310,1746694299303.063,-20,12,-137
1746694299341.875,193344,1746694299322.906,-17,12,-137
1746694299361.7808,193353,1746694299342.781,-26,19,-130
1746694299381.625,193391,1746694299362.656,-21,14,-135
1746694299401.5,193420,1746694299382.5632,-34,31,-132
1746694299421.375,193445,1746694299402.406,-17,16,-133
1746694299441.281,193415,1746694299422.25,-18,14,-133
1746694299461.094,193421,1746694299442.156,-24,14,-121
1746694299480.969,193404,1746694299462.031,-15,14,-141
1746694299500.813,193399,1746694299481.844,-31,14,-141
1746694299520.719,193432,1746694299501.719,-20,15,-137
1746694299540.562,193434,1746694299521.594,-18,16,-137
1746694299560.406,193410,1746694299541.469,-20,12,-143
1746694299580.281,193395,1746694299561.281,-25,17,-133
1746694299600.156,193361,1746694299581.156,-16,9,-129
1746694299619.969,193345,1746694299601.0,-17,14,-132
1746694299639.844,193355,1746694299620.906,-17,15,-141
1746694299659.719,193346,1746694299640.75,-16,14,-141
1746694299679.594,193283,1746694299660.625,-20,19,-145
1746694299699.437,193244,1746694299680.469,-18,3,-130
1746694299719.281,193195,1746694299700.344,-20,6,-141
1746694299739.156,193191,1746694299720.188,-33,17,-135
1746694299759.031,193189,1746694299740.031,-17,12,-140
1746694299778.937,193188,1746694299759.906,-25,15,-141
1746694299798.75,193212,1746694299779.781,-27,13,-138
1746694299818.625,193261,1746694299799.625,-17,16,-136
1746694299838.5,193305,1746694299819.5,-28,11,-133
1746694299858.313,193371,1746694299839.375,-31,17,-127
1746694299878.187,193383,1746694299859.219,-16,19,-129
1746694299898.062,193463,1746694299879.094,-26,12,-137
1746694299917.938,193540,1746694299898.938,-24,15,-130
1746694299937.813,193616,1746694299918.813,-18,12,-136
1746694299957.656,193716,1746694299938.719,-23,17,-137
1746694299977.562,193810,1746694299958.531,-21,19,-133
1746694299997.406,193910,1746694299978.406,-25,16,-141
1746694300017.25,193981,1746694299998.312,-19,14,-132
1746694300037.156,193985,1746694300018.156,-21,7,-141
1746694300057.0,193971,1746694300038.031,-18,15,-135
1746694300076.906,193950,1746694300057.906,-10,6,-130
1746694300096.781,193837,1746694300077.75,-17,15,-136
1746694300116.625,193617,1746694300097.687,-32,15,-129
1746694300136.5,193383,1746694300117.5,-18,28,-141
1746694300156.375,193214,1746694300137.406,-29,21,-138
1746694300176.219,193101,1746694300157.281,-26,19,-133
1746694300196.094,193020,1746694300177.094,-25,24,-135
1746694300215.969,192939,1746694300196.969,-19,12,-136
1746694300235.781,192922,1746694300216.844,-13,12,-141
1746694300255.688,192946,1746694300236.719,-17,12,-128
1746694300275.531,192971,1746694300256.562,-23,11,-137
1746694300295.406,192953,1746694300276.437,-25,16,-137
1746694300315.281,192919,1746694300296.281,-25,19,-137
1746694300335.156,192896,1746694300316.188,-23,17,-142
1746694300355.031,192909,1746694300336.062,-20,15,-137
1746694300374.937,192882,1746694300355.906,-23,19,-129
1746694300394.781,192772,1746694300375.844,-18,19,-138
1746694300414.625,192706,1746694300395.719,-16,14,-137
1746694300434.531,192644,1746694300415.5,-16,12,-137
1746694300454.406,192580,1746694300435.406,-30,12,-136
1746694300474.219,192489,1746694300455.313,-8,12,-137
1746694300494.125,192408,1746694300475.156,-24,14,-132
1746694300514.0,192402,1746694300495.0,-20,8,-137
1746694300533.844,192424,1746694300514.875,-27,12,-141
1746694300553.688,192439,1746694300534.781,-13,15,-130
1746694300573.563,192466,1746694300554.625,-17,17,-141
1746694300593.437,192527,1746694300574.469,-16,8,-152
1746694300613.281,192547,1746694300594.312,-25,14,-133
1746694300633.156,192549,1746694300614.188,-16,14,-133
1746694300653.031,192568,1746694300634.094,-20,15,-134
1746694300672.906,192633,1746694300653.937,-25,15,-125
1746694300692.75,192664,1746694300673.781,-23,15,-137
1746694300712.656,192713,1746694300693.656,-20,19,-136
1746694300732.531,192743,1746694300713.531,-25,12,-133
1746694300752.4058,192817,1746694300733.406,-21,10,-133
1746694300772.25,192841,1746694300753.312,-19,15,-132
1746694300792.156,192812,1746694300773.1882,-16,15,-137
1746694300812.031,192846,1746694300793.031,-29,14,-136
1746694300831.875,192839,1746694300812.906,-31,25,-133
1746694300851.75,192852,1746694300832.781,-17,18,-135
1746694300871.625,192841,1746694300852.625,-1,9,-132
1746694300891.469,192857,1746694300872.5,-20,14,-132
1746694300911.469,192919,1746694300892.344,-20,12,-141
1746694300931.219,192989,1746694300912.281,-17,27,-143
1746694300951.094,192995,1746694300932.156,-26,16,-137
1746694300971.0,193012,1746694300951.969,-25,17,-137
1746694300990.844,193038,1746694300971.844,-20,15,-121
1746694301010.687,193083,1746694300991.75,-20,17,-135
1746694301030.562,193130,1746694301011.625,-28,14,-137
1746694301050.438,193193,1746694301031.4382,-29,12,-129
1746694301070.312,193283,1746694301051.281,-20,7,-128
1746694301090.125,193435,1746694301071.219,-16,14,-133
1746694301110.0,193541,1746694301091.063,-16,17,-141
1746694301129.875,193616,1746694301110.875,-18,15,-133
1746694301149.719,193693,1746694301130.781,-23,16,-141
1746694301169.594,193751,1746694301150.625,-25,15,-144
1746694301189.563,193760,1746694301170.5,-28,11,-141
1746694301209.313,193774,1746694301190.438,-31,16,-133
1746694301229.156,193705,1746694301210.188,-15,7,-137
1746694301249.062,193534,1746694301230.062,-23,7,-135
1746694301268.937,193308,1746694301250.0,-25,9,-133
1746694301288.781,193097,1746694301269.813,-16,19,-135
1746694301308.688,192954,1746694301289.688,-18,17,-137
1746694301328.5,192804,1746694301309.531,-20,7,-136
1746694301348.406,192693,1746694301329.406,-29,15,-137
1746694301368.25,192627,1746694301349.281,-40,12,-131
1746694301388.094,192639,1746694301369.125,-22,16,-129
1746694301408.0,192671,1746694301389.0,-21,18,-136
1746694301427.844,192669,1746694301408.875,-21,17,-144
1746694301447.719,192636,1746694301428.719,-32,18,-136
1746694301467.563,192611,1746694301448.625,-29,19,-137
1746694301487.437,192613,1746694301468.469,-29,20,-136
1746694301507.312,192625,1746694301488.344,-17,16,-141
1746694301527.188,192554,1746694301508.188,-35,19,-143
1746694301546.969,192506,1746694301528.063,-23,16,-137
1746694301566.875,192444,1746694301547.906,-18,8,-127
1746694301586.781,192388,1746694301567.781,-28,15,-141
1746694301606.656,192332,1746694301587.625,-23,15,-135
1746694301626.469,192340,1746694301607.5,-25,11,-132
1746694301646.344,192352,1746694301627.4058,-31,12,-130
1746694301666.219,192392,1746694301647.219,-8,20,-137
1746694301686.094,192407,1746694301667.094,-15,11,-135
1746694301705.906,192457,1746694301686.969,-25,17,-135
1746694301725.75,192493,1746694301706.813,-17,23,-136
1746694301745.625,192540,1746694301726.656,-32,10,-137
1746694301765.5,192612,1746694301746.531,-16,14,-133
1746694301785.344,192650,1746694301766.375,-18,15,-129
1746694301805.219,192669,1746694301786.281,-28,17,-132
1746694301825.063,192697,1746694301806.125,-20,25,-133
1746694301844.937,192703,1746694301826.062,-18,15,-140
1746694301864.781,192718,1746694301845.844,-24,19,-137
1746694301884.625,192741,1746694301865.688,-20,15,-129
1746694301904.5,192758,1746694301885.5,-33,12,-133
1746694301924.469,192798,1746694301905.406,-32,9,-132
1746694301944.187,192814,1746694301925.344,-36,16,-133
1746694301964.063,192826,1746694301945.094,-17,15,-141
1746694301983.938,192862,1746694301964.969,-25,15,-133
1746694302003.812,192871,1746694301984.844,-17,7,-137
1746694302023.656,192876,1746694302004.719,-28,19,-143
1746694302043.5,192857,1746694302024.563,-17,14,-133
1746694302063.375,192900,1746694302044.375,-20,0,-125
1746694302083.281,192928,1746694302064.281,-25,19,-129
1746694302103.094,192990,1746694302084.156,-20,16,-133
1746694302123.0,193000,1746694302104.0,-27,12,-145
1746694302142.875,193019,1746694302123.875,-18,14,-131
1746694302162.75,193056,1746694302143.75,-17,12,-137
1746694302182.594,193116,1746694302163.625,-24,14,-144
1746694302202.469,193177,1746694302183.531,-19,16,-141
1746694302222.313,193213,1746694302203.3132,-23,15,-135
1746694302242.188,193302,1746694302223.25,-17,17,-125
1746694302262.031,193330,1746694302243.062,-26,17,-129
1746694302281.906,193421,1746694302262.969,-17,13,-137
1746694302301.781,193509,1746694302282.781,-23,15,-141
1746694302321.625,193605,1746694302302.656,-28,15,-133
1746694302341.5,193648,1746694302322.531,-20,7,-125
1746694302361.344,193679,1746694302342.406,-26,15,-120
1746694302381.219,193612,1746694302362.219,-16,16,-135
1746694302401.063,193463,1746694302382.094,-18,12,-141
1746694302420.906,193284,1746694302402.0,-25,15,-129
1746694302440.812,193153,1746694302421.812,-16,19,-141
1746694302460.6882,193050,1746694302441.688,-32,24,-135
1746694302480.531,192951,1746694302461.563,-21,13,-129
1746694302500.406,192886,1746694302481.437,-20,12,-137
1746694302520.281,192840,1746694302501.281,-20,12,-132
1746694302540.156,192837,1746694302521.156,-28,17,-141
1746694302560.0,192840,1746694302541.063,-25,16,-137
1746694302579.844,192857,1746694302560.906,-24,15,-141
1746694302599.719,192864,1746694302580.75,-21,19,-137
1746694302619.594,192847,1746694302600.625,-20,16,-137
1746694302639.438,192839,1746694302620.469,-17,12,-141
1746694302659.312,192844,1746694302640.344,-28,15,-141
1746694302679.219,192796,1746694302660.219,-20,15,-137
1746694302699.094,192744,1746694302680.094,-16,15,-141
1746694302719.031,192692,1746694302699.938,-16,11,-136
1746694302738.812,192632,1746694302719.937,-16,12,-137
1746694302758.687,192592,1746694302739.687,-24,15,-132
1746694302778.563,192579,1746694302759.594,-19,19,-137
1746694302798.406,192533,1746694302779.469,-29,31,-137
1746694302818.281,192516,1746694302799.312,-21,15,-127
1746694302838.125,192528,1746694302819.156,-28,15,-129
1746694302858.031,192537,1746694302839.0,-20,9,-120
1746694302877.875,192606,1746694302858.938,-27,12,-133
1746694302897.75,192640,1746694302878.812,-25,19,-130
1746694302917.625,192667,1746694302898.625,-16,19,-137
1746694302937.5,192692,1746694302918.5,-26,9,-130
1746694302957.344,192705,1746694302938.375,-29,16,-133
1746694302977.219,192739,1746694302958.25,-18,14,-137
1746694302997.125,192791,1746694302978.094,-25,14,-135
1746694303016.969,192838,1746694302998.0,-17,11,-137
1746694303036.844,192903,1746694303017.875,-16,14,-137
1746694303056.75,192924,1746694303037.75,-33,15,-133
1746694303076.594,192962,1746694303057.594,-18,14,-120
1746694303096.437,192979,1746694303077.469,-21,12,-129
1746694303116.313,192972,1746694303097.375,-18,15,-132
1746694303136.188,192990,1746694303117.188,-1,15,-125
1746694303156.094,193018,1746694303137.094,-32,11,-120
1746694303175.906,193046,1746694303156.969,-16,15,-141
1746694303195.813,193056,1746694303176.844,-21,35,-141
1746694303215.656,193047,1746694303196.687,-20,17,-137
1746694303235.562,193116,1746694303216.562,-21,14,-137
1746694303255.375,193117,1746694303236.406,-20,9,-128
1746694303275.25,193139,1746694303256.344,-31,15,-138
1746694303295.094,193184,1746694303276.156,-20,14,-127
1746694303314.969,193252,1746694303295.969,-20,9,-133
1746694303334.844,193337,1746694303315.875,-29,12,-137
1746694303354.719,193410,1746694303335.75,-20,19,-137
1746694303374.563,193499,1746694303355.625,-24,20,-137
1746694303394.437,193594,1746694303375.469,-28,14,-129
1746694303414.25,193740,1746694303395.312,-26,12,-133
1746694303434.156,193849,1746694303415.188,-32,19,-126
1746694303454.031,193925,1746694303435.031,-23,12,-130
1746694303473.906,193996,1746694303454.906,-26,6,-133
1746694303493.75,194030,1746694303474.781,-28,7,-144
1746694303513.594,194081,1746694303494.656,-26,14,-137
1746694303533.469,194039,1746694303514.438,-25,24,-136
1746694303553.375,193961,1746694303534.344,-16,16,-133
1746694303573.281,193835,1746694303554.25,-25,17,-137
1746694303593.094,193678,1746694303574.156,-20,15,-132
1746694303612.969,193513,1746694303593.969,-32,19,-133
1746694303632.812,193380,1746694303613.844,-17,16,-133
1746694303652.687,193275,1746694303633.719,-31,12,-129
1746694303672.563,193217,1746694303653.563,-18,12,-132
1746694303692.438,193193,1746694303673.438,-25,9,-140
1746694303712.281,193239,1746694303693.312,-20,20,-138
1746694303732.125,193238,1746694303713.187,-24,20,-141
1746694303752.0,193236,1746694303733.063,-25,16,-141
1746694303771.875,193220,1746694303752.969,-25,15,-141
1746694303791.719,193238,1746694303772.75,-20,22,-141
1746694303811.562,193206,1746694303792.625,-29,14,-137
1746694303831.437,193129,1746694303812.5,-31,14,-127
1746694303851.3132,192992,1746694303832.313,-16,14,-137
1746694303871.219,192904,1746694303852.219,-10,12,-137
1746694303891.031,192815,1746694303872.062,-16,16,-130
1746694303910.906,192738,1746694303891.906,-27,12,-137
1746694303930.781,192669,1746694303911.813,-16,18,-137
1746694303950.625,192607,1746694303931.6558,-23,12,-133
1746694303970.531,192565,1746694303951.5,-16,9,-132
1746694303990.375,192528,1746694303971.406,-17,16,-128
1746694304010.25,192608,1746694303991.25,-20,12,-112
1746694304030.094,192738,1746694304011.156,-32,15,-128
1746694304049.969,192865,1746694304031.0,-25,14,-129
1746694304069.875,192911,1746694304050.875,-17,9,-141
1746694304089.719,192926,1746694304070.781,-21,16,-137
1746694304109.594,192916,1746694304090.688,-29,15,-137
1746694304129.469,192965,1746694304110.531,-29,15,-141
1746694304149.344,192953,1746694304130.344,-28,18,-141
1746694304169.188,192961,1746694304150.219,-16,12,-136
1746694304189.063,193040,1746694304170.094,-29,12,-136
1746694304208.937,193046,1746694304189.969,-31,12,-127
1746694304228.812,193033,1746694304209.812,-16,28,-137
1746694304248.781,193033,1746694304229.719,-26,19,-135
1746694304268.563,193090,1746694304249.687,-24,17,-137
1746694304288.437,193149,1746694304269.469,-25,12,-130
1746694304308.312,193191,1746694304289.344,-26,15,-137
1746694304328.156,193240,1746694304309.219,-24,20,-137
1746694304348.063,193240,1746694304329.063,-20,15,-141
1746694304367.969,193204,1746694304348.937,-17,14,-138
1746694304387.781,193200,1746694304368.812,-17,24,-128
1746694304407.656,193180,1746694304388.688,-20,14,-137
1746694304427.5,193207,1746694304408.563,-26,11,-136
1746694304447.406,193196,1746694304428.375,-20,15,-129
1746694304467.312,193189,1746694304448.281,-17,15,-135
1746694304487.125,193155,1746694304468.188,-26,15,-137
1746694304507.0,193145,1746694304488.125,-18,12,-129
1746694304526.906,193173,1746694304507.906,-26,12,-130
1746694304546.781,193210,1746694304527.812,-20,17,-133
1746694304566.625,193240,1746694304547.656,-25,15,-137
1746694304586.5,193263,1746694304567.563,-29,17,-133
1746694304606.375,193272,1746694304587.406,-29,15,-125
1746694304626.281,193248,1746694304607.25,-25,18,-133
1746694304646.156,193215,1746694304627.156,-24,12,-141
1746694304665.969,193212,1746694304647.063,-16,15,-137
1746694304685.875,193236,1746694304666.875,-25,14,-130
1746694304705.719,193289,1746694304686.781,-18,7,-131
1746694304725.594,193390,1746694304706.625,-25,4,-137
1746694304745.469,193461,1746694304726.469,-20,9,-141
1746694304765.375,193439,1746694304746.375,-13,15,-133
1746694304785.187,193340,1746694304766.25,-20,16,-135
1746694304805.094,193193,1746694304786.125,-17,16,-133
1746694304824.938,193034,1746694304805.969,-26,15,-141
1746694304844.812,192956,1746694304825.844,-26,12,-132
1746694304864.687,192989,1746694304845.687,-18,12,-136
1746694304884.531,193097,1746694304865.594,-18,7,-142
1746694304904.406,193140,1746694304885.531,-23,15,-137
1746694304924.312,193211,1746694304905.281,-15,15,-133
1746694304944.125,193316,1746694304925.187,-28,11,-137
1746694304964.031,193400,1746694304945.031,-29,12,-133
1746694304983.906,193449,1746694304964.906,-20,12,-125
1746694305003.781,193539,1746694304984.781,-26,8,-136
1746694305023.625,193630,1746694305004.656,-25,21,-130
1746694305043.5,193650,1746694305024.531,-20,15,-128
1746694305063.375,193571,1746694305044.406,-17,12,-137
1746694305083.25,193437,1746694305064.25,-20,14,-129
1746694305103.094,193306,1746694305084.156,-18,12,-141
1746694305122.969,193157,1746694305104.031,-25,31,-137
1746694305142.969,193011,1746694305123.875,-17,12,-137
1746694305162.719,192862,1746694305143.875,-23,8,-129
1746694305182.531,192722,1746694305163.625,-25,11,-113
1746694305202.437,192570,1746694305183.531,-20,15,-137
1746694305222.281,192485,1746694305203.344,-26,12,-137
1746694305242.156,192409,1746694305223.187,-29,11,-137
1746694305262.031,192311,1746694305243.062,-16,10,-130
1746694305281.875,192187,1746694305262.969,-15,7,-141
1746694305301.781,192079,1746694305282.75,-16,15,-135
1746694305321.625,191993,1746694305302.656,-20,7,-137
1746694305341.5,191977,1746694305322.562,-32,7,-137
1746694305361.344,191984,1746694305342.406,-33,9,-126
1746694305381.344,191981,1746694305362.188,-24,15,-136
1746694305401.094,191910,1746694305382.25,-39,19,-137
1746694305420.937,191784,1746694305402.0,-14,15,-141
1746694305440.844,191703,1746694305421.875,-26,14,-143
1746694305460.656,191623,1746694305441.688,-17,12,-132
1746694305480.531,191555,1746694305461.563,-21,11,-128
1746694305500.406,191475,1746694305481.469,-28,17,-131
1746694305520.25,191429,1746694305501.281,-28,7,-136
1746694305540.125,191460,1746694305521.156,-31,16,-137
1746694305559.969,191411,1746694305541.0308,-18,12,-137
1746694305579.844,191365,1746694305560.906,-16,8,-145
1746694305599.719,191329,1746694305580.719,-16,8,-141
1746694305619.562,191392,1746694305600.594,-28,14,-141
1746694305639.406,191480,1746694305620.438,-21,9,-133
1746694305659.312,191507,1746694305640.344,-16,16,-130
1746694305679.156,191555,1746694305660.187,-20,12,-133
1746694305699.063,191573,1746694305680.063,-24,14,-129
1746694305718.906,191581,1746694305699.938,-29,16,-141
1746694305738.781,191593,1746694305719.844,-21,15,-137
1746694305758.687,191599,1746694305739.656,-28,19,-137
1746694305778.531,191564,1746694305759.563,-20,12,-125
1746694305798.375,191533,1746694305779.5,-23,13,-135
1746694305818.25,191501,1746694305799.2808,-26,14,-125
1746694305838.125,191478,1746694305819.156,-21,12,-141
1746694305858.0,191414,1746694305839.0,-16,12,-137
1746694305877.844,191354,1746694305858.875,-19,12,-137
1746694305897.688,191224,1746694305878.75,-16,12,-137
1746694305917.562,191053,1746694305898.594,-28,16,-145
1746694305937.469,190857,1746694305918.437,-24,17,-141
1746694305957.313,190678,1746694305938.313,-15,14,-136
1746694305977.156,190599,1746694305958.219,-25,14,-128
1746694305997.031,190588,1746694305978.062,-24,15,-121
1746694306016.906,190629,1746694305997.906,-18,14,-120
1746694306036.75,190741,1746694306017.813,-20,15,-125
1746694306056.625,190881,1746694306037.656,-20,12,-129
1746694306076.5,191029,1746694306057.5,-26,18,-142
1746694306096.344,191080,1746694306077.375,-19,18,-130
1746694306116.25,191108,1746694306097.25,-26,16,-135
1746694306136.094,191111,1746694306117.125,-26,14,-141
1746694306156.0,191146,1746694306137.0,-18,21,-137
1746694306175.875,191149,1746694306156.844,-20,11,-132
1746694306195.719,191076,1746694306176.875,-12,18,-128
1746694306215.594,190973,1746694306196.594,-16,17,-132
1746694306235.469,190847,1746694306216.469,-25,17,-141
1746694306255.312,190722,1746694306236.344,-29,12,-137
1746694306275.188,190592,1746694306256.219,-25,16,-130
1746694306295.063,190470,1746694306276.063,-15,12,-130
1746694306314.937,190376,1746694306295.937,-25,31,-143
1746694306334.844,190295,1746694306315.812,-29,15,-133
1746694306354.656,190235,1746694306335.719,-19,23,-132
1746694306374.563,190178,1746694306355.563,-29,9,-122
1746694306394.437,190163,1746694306375.469,-29,11,-121
1746694306414.25,190136,1746694306395.312,-21,15,-137
1746694306434.125,190067,1746694306415.188,-16,14,-137
1746694306454.031,190012,1746694306435.031,-24,9,-137
1746694306473.875,189939,1746694306454.937,-25,15,-125
1746694306493.75,189824,1746694306474.781,-24,14,-133
1746694306513.625,189744,1746694306494.656,-20,16,-133
1746694306533.5,189635,1746694306514.531,-26,15,-137
1746694306553.375,189565,1746694306534.375,-25,12,-141
1746694306573.219,189540,1746694306554.25,-28,11,-135
1746694306593.094,189527,1746694306574.125,-1,12,-133
1746694306612.938,189522,1746694306593.969,-25,15,-120
1746694306632.812,189563,1746694306613.844,-16,15,-138
1746694306652.687,189602,1746694306633.719,-25,15,-137
1746694306672.531,189668,1746694306653.594,-29,12,-133
1746694306692.469,189731,1746694306673.438,-23,15,-137
1746694306712.25,189801,1746694306693.312,-19,9,-125
1746694306732.156,189878,1746694306713.25,-21,8,-137
1746694306752.031,189967,1746694306733.063,-23,15,-137
1746694306771.906,190042,1746694306752.906,-28,15,-137
1746694306791.75,190104,1746694306772.781,-25,15,-130
1746694306811.625,190149,1746694306792.687,-18,14,-129
1746694306831.531,190130,1746694306812.5,-26,15,-125
1746694306851.406,190107,1746694306832.406,-20,9,-133
1746694306871.219,190129,1746694306852.281,-17,11,-143
1746694306891.094,190236,1746694306872.125,-33,7,-141
1746694306911.063,190293,1746694306892.0,-17,8,-129
1746694306930.844,190328,1746694306911.938,-26,11,-133
1746694306950.688,190351,1746694306931.719,-20,12,-137
1746694306970.562,190337,1746694306951.625,-29,12,-133
1746694306990.437,190295,1746694306971.469,-49,22,-141
1746694307010.313,190178,1746694306991.313,-17,14,-129
1746694307030.156,190034,1746694307011.219,-20,10,-144
1746694307050.031,189842,1746694307031.0618,-32,8,-137
1746694307069.906,189636,1746694307050.906,-17,12,-129
1746694307089.75,189517,1746694307070.781,-16,12,-137
1746694307109.594,189441,1746694307090.656,-18,0,-132
1746694307129.469,189466,1746694307110.469,-26,17,-135
1746694307149.312,189576,1746694307130.344,-20,15,-141
1746694307169.188,189616,1746694307150.219,-21,16,-144
1746694307189.031,189583,1746694307170.063,-13,17,-133
1746694307208.875,189757,1746694307189.937,-18,12,-143
1746694307228.781,191094,1746694307209.781,-20,18,-153
1746694307248.656,193884,1746694307229.625,-45,16,-199
1746694307268.5,194307,1746694307249.625,-159,-43,-317
1746694307288.406,196004,1746694307269.437,-211,-98,-528
1746694307308.25,200715,1746694307289.281,-64,8,-480
1746694307328.125,204255,1746694307309.156,227,-89,-303
1746694307348.0,204135,1746694307329.031,-223,76,-191
1746694307367.906,204133,1746694307348.875,-338,216,-67
1746694307387.75,203150,1746694307368.781,16,145,-4
1746694307407.625,203025,1746694307388.656,223,100,-16
1746694307427.594,204409,1746694307408.531,134,108,-9
1746694307447.375,205745,1746694307428.375,-31,71,91
1746694307467.25,206116,1746694307448.25,-118,13,123
1746694307487.094,205695,1746694307468.125,-88,-82,35
1746694307506.969,205431,1746694307488.031,28,-64,-33
1746694307526.875,205335,1746694307507.844,151,33,-5
1746694307546.75,203880,1746694307527.75,135,96,81
1746694307566.625,205611,1746694307547.625,63,3,-16
1746694307586.5,210244,1746694307567.531,-124,404,67
1746694307606.375,210866,1746694307587.406,11,143,3
1746694307626.25,210072,1746694307607.25,25,-104,-48
1746694307646.125,211912,1746694307627.125,78,-13,-112
1746694307665.969,213686,1746694307647.031,156,137,-113
1746694307685.875,215722,1746694307666.844,80,88,-29
1746694307705.719,216817,1746694307686.75,-40,30,-48
1746694307725.594,217566,1746694307706.656,20,40,-160
1746694307745.469,219657,1746694307726.531,-84,7,-157
1746694307765.375,220083,1746694307746.375,-52,83,-269
1746694307785.219,219890,1746694307766.25,-113,12,-271
1746694307805.094,219768,1746694307786.125,-82,12,-241
1746694307825.0,219381,1746694307806.0,-112,41,-224
1746694307844.875,219910,1746694307825.906,-88,-1,-208
1746694307864.719,220730,1746694307845.75,-74,-40,-160
1746694307884.594,220931,1746694307865.656,-61,-33,-160
1746694307904.469,220694,1746694307885.5,-57,-16,-161
1746694307924.344,220171,1746694307905.375,-74,6,-144
1746694307944.187,219790,1746694307925.219,-52,68,-160
1746694307964.063,219702,1746694307945.094,-42,88,-160
1746694307983.938,219703,1746694307964.938,-59,61,-176
1746694308003.812,219849,1746694307984.812,-53,63,-176
1746694308023.656,219878,1746694308004.687,-43,56,-160
1746694308043.5,219660,1746694308024.563,-53,35,-133
1746694308063.375,219434,1746694308044.406,-50,33,-96
1746694308083.25,219419,1746694308064.25,-44,38,-94
1746694308103.125,219635,1746694308084.156,-57,32,-96
1746694308122.969,219736,1746694308104.0,-57,23,-104
1746694308142.844,219134,1746694308123.844,-73,-30,-125
1746694308162.719,217535,1746694308143.719,-93,-93,-141
1746694308182.531,216382,1746694308163.594,-121,-12,-157
1746694308202.406,216872,1746694308183.469,-112,28,-112
1746694308222.281,217298,1746694308203.3132,-64,169,-109
1746694308242.156,214922,1746694308223.156,1,-166,-65
1746694308262.0,214667,1746694308243.062,-31,-167,-63
1746694308281.844,215281,1746694308262.906,-41,152,-89
1746694308301.75,216375,1746694308282.719,-32,120,-100
1746694308321.594,217521,1746694308302.625,-41,76,-144
1746694308341.469,217637,1746694308322.5,-50,15,-175
1746694308361.312,217490,1746694308342.438,-71,-30,-143
1746694308381.219,217179,1746694308362.219,-65,-7,-96
1746694308401.031,216752,1746694308382.094,-60,12,-95
1746694308420.906,216459,1746694308401.937,-52,24,-112
1746694308440.781,216243,1746694308421.812,-55,25,-120
1746694308460.656,216041,1746694308441.656,-50,12,-133
1746694308480.5,215869,1746694308461.531,-53,17,-125
1746694308500.375,215811,1746694308481.437,-47,1,-128
1746694308520.25,215820,1746694308501.281,-37,-9,-121
1746694308540.125,215899,1746694308521.125,-49,-4,-100
1746694308559.969,215902,1746694308541.0,-46,0,-96
1746694308579.844,215874,1746694308560.906,-49,30,-125
1746694308599.719,215803,1746694308580.75,-45,14,-129
1746694308619.625,215731,1746694308600.594,-42,3,-125
1746694308639.438,215616,1746694308620.469,-36,1,-112
1746694308659.312,215533,1746694308640.406,-52,9,-121
1746694308679.187,215453,1746694308660.187,-46,3,-112
1746694308699.063,215442,1746694308680.063,-57,0,-109
1746694308718.906,215391,1746694308699.938,-49,3,-112
1746694308738.781,215328,1746694308719.844,-50,7,-122
1746694308758.656,215255,1746694308739.687,-41,23,-125
1746694308778.563,215130,1746694308759.5,-40,24,-112
1746694308798.375,214897,1746694308779.438,-50,8,-125
1746694308818.25,214552,1746694308799.2808,-41,12,-130
1746694308838.156,214215,1746694308819.156,-33,9,-125
1746694308858.0,213865,1746694308839.031,-40,9,-129
1746694308877.844,213505,1746694308858.875,-41,8,-129
1746694308897.719,213105,1746694308878.781,-45,7,-127
1746694308917.594,212713,1746694308898.625,-68,2,-139
1746694308937.5,212439,1746694308918.5,-56,-2,-116
1746694308957.344,212321,1746694308938.344,-55,-4,-112
1746694308977.219,212316,1746694308958.219,-58,-25,-97
1746694308997.094,212346,1746694308978.094,-57,-14,-96
1746694309017.0,212248,1746694308998.0,-52,3,-96
1746694309036.813,212021,1746694309017.844,-52,12,-82
1746694309056.688,211642,1746694309037.719,-50,33,-125
1746694309076.562,211183,1746694309057.562,-35,26,-135
1746694309096.406,210790,1746694309077.469,-36,24,-153
1746694309116.313,210439,1746694309097.313,-36,20,-137
1746694309136.188,210206,1746694309117.219,-34,19,-127
1746694309156.031,210025,1746694309137.094,-32,12,-125
1746694309175.875,209953,1746694309156.875,-32,8,-112
1746694309195.75,209872,1746694309176.813,-37,11,-109
1746694309215.625,209758,1746694309196.625,-32,8,-112
1746694309235.5,209659,1746694309216.5,-48,7,-126
1746694309255.344,209571,1746694309236.375,-48,6,-126
1746694309275.219,209449,1746694309256.25,-49,2,-112
1746694309295.125,209332,1746694309276.125,-50,-4,-121
1746694309315.0,209140,1746694309296.0,-65,4,-112
1746694309334.844,208952,1746694309315.875,-48,12,-121
1746694309354.719,208781,1746694309335.75,-50,15,-125
1746694309374.563,208651,1746694309355.594,-48,15,-128
1746694309394.469,208563,1746694309375.469,-40,7,-121
1746694309414.281,208450,1746694309395.344,-40,10,-121
1746694309434.156,208330,1746694309415.156,-40,14,-145
1746694309454.031,208242,1746694309435.031,-45,9,-133
1746694309473.906,208240,1746694309454.937,-39,0,-122
1746694309493.75,208139,1746694309474.781,-32,1,-122
1746694309513.625,208138,1746694309494.656,-29,7,-133
1746694309533.5,208521,1746694309514.531,-42,28,-128
1746694309553.375,209240,1746694309534.375,-39,17,-112
1746694309573.25,209806,1746694309554.281,-55,-8,-112
1746694309593.094,210134,1746694309574.156,-55,-8,-109
1746694309612.969,210318,1746694309593.969,-45,6,-125
1746694309632.812,210318,1746694309613.875,-58,15,-121
1746694309652.687,210082,1746694309633.687,-48,7,-112
1746694309672.563,209724,1746694309653.594,-61,0,-112
1746694309692.438,209335,1746694309673.469,-42,7,-124
1746694309712.281,208929,1746694309693.312,-33,10,-112
1746694309732.156,208538,1746694309713.187,-55,7,-112
1746694309752.031,208157,1746694309733.063,-41,6,-112
1746694309771.875,207740,1746694309752.875,-40,12,-121
1746694309791.719,207346,1746694309772.75,-36,11,-127
1746694309811.594,206984,1746694309792.656,-45,10,-133
1746694309831.469,206639,1746694309812.5,-48,16,-120
1746694309851.344,206316,1746694309832.344,-40,14,-125
1746694309871.188,206051,1746694309852.219,-39,9,-133
1746694309891.031,205866,1746694309872.094,-39,9,-129
1746694309910.906,205707,1746694309891.937,-36,7,-121
1746694309930.75,205548,1746694309911.781,-40,7,-96
1746694309950.625,205355,1746694309931.6558,-40,7,-125
1746694309970.469,205160,1746694309951.531,-47,11,-121
1746694309990.344,204912,1746694309971.344,-36,9,-120
1746694310010.219,204664,1746694309991.25,-40,14,-112
1746694310030.063,204422,1746694310011.094,-36,14,-130
1746694310049.937,204190,1746694310030.969,-41,12,-137
1746694310069.781,203950,1746694310050.812,-42,7,-120
1746694310089.656,203739,1746694310070.656,-45,8,-125
1746694310109.5,203533,1746694310090.531,-49,14,-112
1746694310129.406,203363,1746694310110.406,-41,8,-121
1746694310149.281,203185,1746694310130.281,-40,0,-121
1746694310169.125,203015,1746694310150.094,-50,0,-129
1746694310188.969,202897,1746694310170.0,-39,4,-122
1746694310208.813,202740,1746694310189.844,-34,6,-120
1746694310228.719,202606,1746694310209.719,-33,10,-137
1746694310248.562,202487,1746694310229.594,-41,8,-130
1746694310268.469,202374,1746694310249.469,-50,6,-121
1746694310288.281,202236,1746694310269.375,-44,4,-121
1746694310308.156,202092,1746694310289.156,-36,12,-112
1746694310328.031,201938,1746694310309.031,-36,7,-121
1746694310347.875,201794,1746694310328.938,-48,11,-112
1746694310367.75,201661,1746694310348.781,-49,8,-112
1746694310387.625,201541,1746694310368.625,-49,3,-112
1746694310407.5,201378,1746694310388.5,-49,1,-112
1746694310427.375,201119,1746694310408.406,-40,7,-112
1746694310447.219,200761,1746694310428.281,-53,11,-125
1746694310467.125,200322,1746694310448.125,-47,12,-121
1746694310487.031,199867,1746694310468.0,-37,12,-125
1746694310506.844,199355,1746694310487.906,-60,7,-116
1746694310526.75,198915,1746694310507.719,-44,12,-112
1746694310546.594,198485,1746694310527.625,-48,11,-112
1746694310566.469,198057,1746694310547.5,-42,8,-136
1746694310586.344,197700,1746694310567.375,-40,12,-125
1746694310606.219,197359,1746694310587.219,-42,3,-125
1746694310626.094,197040,1746694310607.125,-52,12,-127
1746694310645.969,196722,1746694310626.969,-36,8,-125
1746694310665.813,196427,1746694310646.844,-37,3,-120
1746694310685.719,196125,1746694310666.719,-40,8,-121
1746694310705.594,195854,1746694310686.562,-40,9,-112
1746694310725.437,195580,1746694310706.5,-39,8,-121
1746694310745.344,195335,1746694310726.375,-56,11,-125
1746694310765.219,195044,1746694310746.219,-39,7,-112
1746694310785.094,194761,1746694310766.094,-40,3,-125
1746694310804.9368,194496,1746694310785.969,-42,3,-121
1746694310824.813,194256,1746694310805.844,-40,6,-125
1746694310844.656,193996,1746694310825.7192,-57,12,-121
1746694310864.562,193730,1746694310845.562,-44,12,-115
1746694310884.469,193515,1746694310865.469,-46,12,-125
1746694310904.281,193321,1746694310885.344,-44,7,-120
1746694310924.188,193091,1746694310905.156,-44,3,-125
1746694310944.0,192918,1746694310925.094,-45,12,-125
1746694310963.875,192748,1746694310944.906,-36,12,-137
1746694310983.75,192582,1746694310964.813,-47,15,-133
1746694311003.625,192446,1746694310984.656,-36,8,-121
1746694311023.469,192314,1746694311004.5,-39,6,-112
1746694311043.344,192189,1746694311024.375,-52,7,-125
1746694311063.219,192023,1746694311044.25,-50,8,-112
1746694311083.094,191907,1746694311064.156,-40,9,-121
1746694311102.937,191740,1746694311083.9692,-44,11,-125
1746694311122.781,191604,1746694311103.875,-41,7,-121
1746694311142.688,191489,1746694311123.688,-40,7,-121
1746694311162.531,191321,1746694311143.563,-57,11,-112
1746694311182.406,191230,1746694311163.406,-47,15,-120
1746694311202.25,191089,1746694311183.281,-45,9,-120
1746694311222.125,190966,1746694311203.156,-50,12,-112
1746694311242.0,190776,1746694311223.0,-42,16,-112
1746694311261.875,190500,1746694311242.875,-45,3,-112
1746694311281.719,190115,1746694311262.812,-40,14,-125
1746694311301.594,189676,1746694311282.562,-44,14,-123
1746694311321.469,189241,1746694311302.469,-45,9,-126
1746694311341.281,188807,1746694311322.375,-49,14,-121
1746694311361.187,188446,1746694311342.187,-44,7,-116
1746694311381.031,188115,1746694311362.062,-53,12,-121
1746694311400.938,187811,1746694311381.906,-41,9,-112
1746694311420.781,187524,1746694311401.875,-49,7,-112
1746694311440.656,187225,1746694311421.719,-39,12,-129
1746694311460.531,186943,1746694311441.531,-44,8,-121
1746694311480.406,186679,1746694311461.406,-29,2,-121
1746694311500.281,186431,1746694311481.313,-45,7,-127
1746694311520.125,186215,1746694311501.156,-46,8,-120
1746694311540.031,185966,1746694311521.031,-44,14,-121
1746694311559.906,185704,1746694311540.938,-41,7,-121
1746694311579.75,185452,1746694311560.812,-45,3,-112
1746694311599.625,185174,1746694311580.656,-40,9,-116
1746694311619.5,184920,1746694311600.469,-45,9,-120
1746694311639.344,184695,1746694311620.375,-52,0,-112
1746694311659.312,184479,1746694311640.25,-49,12,-125
1746694311679.062,184264,1746694311660.187,-52,3,-125
1746694311698.969,184067,1746694311679.969,-45,7,-108
1746694311718.813,183868,1746694311699.875,-49,9,-116
1746694311738.688,183658,1746694311719.688,-48,3,-120
1746694311758.562,183469,1746694311739.562,-51,14,-120
1746694311778.437,183303,1746694311759.469,-41,12,-121
1746694311798.281,183171,1746694311779.313,-45,6,-112
1746694311818.188,183043,1746694311799.312,-50,7,-124
1746694311838.031,182894,1746694311819.0,-39,7,-120
1746694311857.937,182750,1746694311838.937,-47,7,-121
1746694311877.75,182602,1746694311858.813,-39,8,-125
1746694311897.656,182449,1746694311878.688,-45,8,-121
1746694311917.531,182299,1746694311898.562,-45,6,-121
1746694311937.406,182156,1746694311918.406,-43,7,-125
1746694311957.281,182009,1746694311938.281,-40,7,-127
1746694311977.125,181868,1746694311958.188,-25,9,-121
1746694311997.031,181718,1746694311978.031,-52,9,-116
1746694312016.906,181572,1746694311997.906,-45,7,-129
1746694312036.781,181481,1746694312017.813,-49,15,-120
1746694312056.688,181348,1746694312037.719,-51,13,-112
1746694312076.594,181264,1746694312057.562,-45,7,-121
1746694312096.406,181140,1746694312077.469,-52,12,-121
1746694312116.313,181049,1746694312097.313,-41,12,-113
1746694312136.188,180931,1746694312117.188,-42,21,-120
1746694312156.0618,180836,1746694312137.062,-40,7,-116
1746694312175.906,180744,1746694312156.906,-42,9,-120
1746694312195.813,180628,1746694312176.844,-40,11,-127
1746694312215.688,180540,1746694312196.719,-46,7,-125
1746694312235.562,180444,1746694312216.594,-53,10,-128
1746694312255.438,180321,1746694312236.469,-42,12,-122
1746694312275.281,180154,1746694312256.344,-32,12,-121
1746694312295.187,179877,1746694312276.187,-57,12,-119
1746694312315.062,179535,1746694312296.094,-45,12,-127
1746694312334.906,179122,1746694312315.938,-40,8,-127
1746694312354.781,178711,1746694312335.813,-49,12,-125
1746694312374.719,178312,1746694312355.687,-37,15,-121
1746694312394.531,177975,1746694312375.531,-41,9,-122
1746694312414.375,177688,1746694312395.438,-50,7,-122
1746694312434.25,177430,1746694312415.281,-49,4,-112
1746694312454.187,177166,1746694312435.125,-45,7,-112
1746694312473.937,176900,1746694312455.062,-52,12,-112
1746694312493.844,176643,1746694312474.875,-45,15,-121
1746694312513.719,176388,1746694312494.75,-49,7,-125
1746694312533.594,176189,1746694312514.594,-50,6,-121
1746694312553.437,175992,1746694312534.469,-52,6,-112
1746694312573.312,175791,1746694312554.375,-56,6,-121
1746694312593.188,175552,1746694312574.219,-58,9,-112
1746694312613.063,175348,1746694312594.156,-44,16,-125
1746694312632.906,175130,1746694312613.969,-55,12,-125
1746694312652.812,174921,1746694312633.844,-49,14,-125
1746694312672.688,174721,1746694312653.656,-43,6,-125
1746694312692.563,174538,1746694312673.563,-50,7,-125
1746694312712.406,174349,1746694312693.437,-45,14,-112
1746694312732.281,174198,1746694312713.344,-44,9,-133
1746694312752.219,174038,1746694312733.188,-44,14,-130
1746694312772.031,173892,1746694312753.094,-44,14,-112
1746694312791.906,173745,1746694312772.937,-45,8,-116
1746694312811.781,173599,1746694312792.813,-52,11,-112
1746694312831.656,173494,1746694312812.6882,-37,12,-116
1746694312851.562,173374,1746694312832.562,-48,3,-127
1746694312871.406,173245,1746694312852.437,-39,10,-112
1746694312891.281,173122,1746694312872.344,-39,22,-121
1746694312911.156,172973,1746694312892.188,-41,11,-113
1746694312931.0,172863,1746694312912.031,-52,15,-112
1746694312950.875,172744,1746694312931.906,-45,12,-110
1746694312970.75,172651,1746694312951.781,-45,12,-112
1746694312990.625,172533,1746694312971.625,-40,4,-112
1746694313010.469,172440,1746694312991.562,-52,6,-121
1746694313030.344,172314,1746694313011.375,-36,11,-125
1746694313050.219,172224,1746694313031.25,-40,9,-125
1746694313070.0632,172139,1746694313051.094,-52,12,-125
1746694313089.938,172034,1746694313070.969,-45,15,-112
1746694313109.781,171946,1746694313090.844,-44,12,-120
1746694313129.656,171864,1746694313110.687,-45,15,-123
1746694313149.531,171788,1746694313130.531,-44,7,-112
1746694313169.344,171726,1746694313150.438,-25,5,-112
1746694313189.219,171628,1746694313170.281,-47,17,-120
1746694313209.094,171544,1746694313190.094,-55,12,-112
1746694313228.969,171476,1746694313209.969,-59,-1,-121
1746694313248.813,171406,1746694313229.844,-50,6,-127
1746694313268.719,171335,1746694313249.719,-45,6,-120
1746694313288.562,171274,1746694313269.562,-52,7,-120
1746694313308.469,171229,1746694313289.438,-47,6,-121
1746694313328.281,171184,1746694313309.344,-57,7,-112
1746694313348.187,171118,1746694313329.187,-40,12,-127
1746694313368.062,171033,1746694313349.062,-44,7,-126
1746694313387.938,170884,1746694313368.969,-52,11,-126
1746694313407.781,170650,1746694313388.844,-40,12,-122
1746694313427.656,170356,1746694313408.687,-41,7,-125
1746694313447.531,170061,1746694313428.531,-49,7,-112
1746694313467.406,169738,1746694313448.438,-49,7,-112
1746694313487.375,169437,1746694313468.281,-40,9,-120
1746694313507.156,169193,1746694313488.281,-44,7,-127
1746694313527.031,168995,1746694313508.0618,-45,3,-129
1746694313546.906,168842,1746694313527.938,-44,12,-132
1746694313566.781,168686,1746694313547.813,-41,9,-125
1746694313586.656,168543,1746694313567.687,-44,7,-116
1746694313606.531,168401,1746694313587.531,-48,10,-121
1746694313626.375,168279,1746694313607.438,-49,15,-124
1746694313646.344,168164,1746694313627.313,-53,12,-125
1746694313666.156,168036,1746694313647.187,-36,19,-133
1746694313686.031,167904,1746694313667.0,-39,1,-129
1746694313705.875,167758,1746694313686.969,-45,14,-121
1746694313725.75,167630,1746694313706.813,-45,11,-112
1746694313745.625,167481,1746694313726.625,-40,12,-131
1746694313765.5,167335,1746694313746.5,-45,11,-133
1746694313785.344,167204,1746694313766.406,-41,8,-112
1746694313805.25,167070,1746694313786.25,-56,8,-125
1746694313825.125,166943,1746694313806.156,-41,10,-121
1746694313844.969,166841,1746694313826.031,-50,12,-121
1746694313864.844,166752,1746694313845.875,-49,7,-129
1746694313884.75,166673,1746694313865.719,-47,8,-120
1746694313904.594,166581,1746694313885.594,-38,12,-128
1746694313924.469,166494,1746694313905.469,-40,12,-133
1746694313944.313,166414,1746694313925.375,-51,11,-126
1746694313964.219,166319,1746694313945.25,-39,9,-130
1746694313984.094,166232,1746694313965.062,-41,8,-122
1746694314003.906,166144,1746694313985.0,-57,9,-121
1746694314023.813,166068,1746694314004.844,-49,8,-112
1746694314043.688,165991,1746694314024.719,-52,4,-112
1746694314063.594,165908,1746694314044.594,-47,14,-121
1746694314083.406,165838,1746694314064.437,-40,0,-129
1746694314103.281,165773,1746694314084.313,-48,3,-125
1746694314123.156,165711,1746694314104.156,-45,3,-120
1746694314143.062,165648,1746694314124.031,-52,7,-128
1746694314162.906,165575,1746694314143.937,-50,14,-112
1746694314182.781,165512,1746694314163.8132,-41,11,-125
1746694314202.656,165452,1746694314183.656,-47,6,-112
1746694314222.531,165395,1746694314203.531,-57,8,-121
1746694314242.375,165352,1746694314223.406,-40,6,-112
1746694314262.25,165306,1746694314243.313,-49,9,-127
1746694314282.125,165246,1746694314263.156,-41,6,-125
1746694314302.0,165204,1746694314283.031,-45,11,-120
1746694314321.875,165142,1746694314302.875,-48,12,-125
1746694314341.75,165114,1746694314322.781,-45,8,-120
1746694314361.625,165061,1746694314342.594,-45,13,-120
1746694314381.5,165045,1746694314362.531,-44,11,-120
1746694314401.375,165041,1746694314382.406,-42,8,-112
1746694314421.25,165008,1746694314402.281,-57,7,-132
1746694314441.125,164959,1746694314422.125,-41,6,-120
1746694314461.062,164883,1746694314442.0,-48,7,-121
1746694314480.844,164716,1746694314461.875,-49,3,-96
1746694314500.719,164521,1746694314481.75,-42,3,-121
1746694314520.563,164333,1746694314501.594,-49,7,-125
1746694314540.406,164095,1746694314521.437,-48,11,-127
1746694314560.281,163889,1746694314541.344,-45,6,-121
1746694314580.125,163677,1746694314561.188,-56,9,-112
1746694314600.031,163509,1746694314581.031,-51,18,-121
1746694314619.844,163387,1746694314600.937,-48,11,-117
1746694314639.719,163285,1746694314620.75,-51,9,-112
1746694314659.562,163202,1746694314640.625,-48,11,-121
1746694314679.4382,163116,1746694314660.469,-56,8,-112
1746694314699.281,163001,1746694314680.344,-47,9,-121
1746694314719.156,162935,1746694314700.219,-44,8,-112
1746694314739.0,162860,1746694314720.031,-40,8,-113
1746694314758.875,162783,1746694314739.906,-36,-1,-112
1746694314778.719,162668,1746694314759.7808,-48,7,-112
1746694314798.594,162580,1746694314779.625,-48,12,-112
1746694314818.469,162454,1746694314799.5,-49,24,-123
1746694314838.375,162336,1746694314819.344,-50,14,-112
1746694314858.219,162242,1746694314839.25,-45,12,-121
1746694314878.062,162129,1746694314859.125,-44,7,-120
1746694314897.969,162037,1746694314878.969,-41,6,-125
1746694314917.813,161952,1746694314898.844,-49,14,-112
1746694314937.656,161883,1746694314918.688,-44,15,-121
1746694314957.531,161845,1746694314938.531,-42,9,-116
1746694314977.375,161816,1746694314958.437,-49,5,-112
1746694314997.281,161743,1746694314978.281,-49,15,-121
1746694315017.125,161690,1746694314998.156,-40,15,-125
1746694315036.969,161649,1746694315018.062,-52,15,-121
1746694315056.844,161604,1746694315037.875,-48,15,-121
1746694315076.719,161570,1746694315057.75,-45,7,-112
1746694315096.563,161531,1746694315077.625,-46,8,-125
1746694315116.469,161486,1746694315097.469,-53,9,-114
1746694315136.312,161423,1746694315117.344,-52,7,-125
1746694315156.187,161385,1746694315137.187,-57,23,-121
1746694315176.031,161358,1746694315157.063,-44,8,-120
1746694315195.938,161323,1746694315176.938,-50,7,-121
1746694315215.75,161284,1746694315196.781,-41,5,-105
1746694315235.656,161252,1746694315216.687,-40,7,-112
1746694315255.469,161204,1746694315236.531,-46,8,-121
1746694315275.344,161205,1746694315256.375,-45,7,-120
1746694315295.25,161185,1746694315276.219,-41,6,-125
1746694315315.094,161167,1746694315296.125,-47,9,-112
1746694315334.969,161144,1746694315315.969,-50,11,-125
1746694315354.844,161101,1746694315335.875,-42,9,-127
1746694315374.719,161095,1746694315355.719,-52,4,-121
1746694315394.562,161082,1746694315375.594,-49,11,-112
1746694315414.531,161082,1746694315395.469,-52,11,-127
1746694315434.344,161081,1746694315415.406,-44,9,-125
1746694315454.219,161076,1746694315435.219,-47,3,-125
1746694315474.094,161046,1746694315455.094,-46,7,-121
1746694315493.938,160976,1746694315474.969,-40,8,-120
1746694315513.844,160910,1746694315494.844,-50,7,-120
1746694315533.719,160775,1746694315514.75,-47,8,-121
1746694315553.594,160626,1746694315534.594,-49,15,-117
1746694315573.625,160472,1746694315554.5,-50,3,-112
1746694315593.375,160315,1746694315574.5,-47,12,-121
1746694315613.25,160201,1746694315594.25,-37,6,-109
1746694315633.188,160098,1746694315614.156,-47,7,-112
1746694315653.0,160040,1746694315634.063,-40,15,-116
1746694315672.875,159990,1746694315653.875,-40,4,-112
1746694315692.781,159967,1746694315673.75,-57,3,-112
1746694315712.625,159945,1746694315693.688,-48,6,-112
1746694315732.5,159903,1746694315713.563,-52,11,-125
1746694315752.375,159856,1746694315733.406,-50,7,-112
1746694315772.219,159824,1746694315753.25,-52,7,-112
1746694315792.125,159819,1746694315773.125,-29,4,-125
1746694315812.0,159809,1746694315793.031,-56,4,-121
1746694315831.875,159771,1746694315812.875,-44,3,-112
1746694315851.687,159717,1746694315832.75,-45,15,-121
1746694315871.625,159682,1746694315852.625,-52,12,-112
1746694315891.469,159663,1746694315872.531,-48,7,-125
1746694315911.344,159597,1746694315892.375,-45,9,-120
1746694315931.281,159556,1746694315912.187,-43,9,-104
1746694315951.062,159515,1746694315932.094,-57,12,-117
1746694315970.938,159518,1746694315951.969,-52,9,-112
1746694315990.813,159545,1746694315971.812,-50,7,-112
1746694316010.656,159517,1746694315991.719,-53,4,-121
1746694316030.625,159506,1746694316011.563,-50,11,-112
1746694316050.438,159530,1746694316031.4382,-37,15,-116
1746694316070.312,159545,1746694316051.281,-37,4,-129
1746694316090.219,159586,1746694316071.25,-45,6,-125
1746694316110.094,159583,1746694316091.125,-52,4,-112
1746694316130.0,159601,1746694316111.0,-55,9,-114
1746694316149.844,159578,1746694316130.875,-45,9,-121
1746694316169.719,159593,1746694316150.75,-50,9,-127
1746694316189.594,159634,1746694316170.594,-36,6,-121
1746694316209.469,159635,1746694316190.469,-44,9,-113
1746694316229.281,159620,1746694316210.344,-56,12,-130
1746694316249.187,159596,1746694316230.219,-52,16,-122
1746694316269.094,159578,1746694316250.031,-42,7,-116
1746694316288.938,159610,1746694316269.969,-34,0,-114
1746694316308.781,159649,1746694316289.844,-45,9,-116
1746694316328.656,159641,1746694316309.656,-45,12,-120
1746694316348.531,159623,1746694316329.531,-55,15,-112
1746694316368.406,159561,1746694316349.406,-37,12,-112
1746694316388.2192,159539,1746694316369.25,-48,8,-129
1746694316408.094,159490,1746694316389.156,-40,12,-144
1746694316428.0,159498,1746694316408.969,-40,7,-120
1746694316447.844,159540,1746694316428.875,-52,8,-121
1746694316467.688,159578,1746694316448.75,-52,12,-112
1746694316487.594,159590,1746694316468.594,-53,11,-112
1746694316507.437,159594,1746694316488.437,-41,12,-125
1746694316527.313,159603,1746694316508.313,-45,12,-121
1746694316547.156,159645,1746694316528.188,-40,11,-112
1746694316567.0,159670,1746694316548.094,-40,5,-121
1746694316586.875,159678,1746694316567.875,-44,6,-125
1746694316606.813,159666,1746694316587.781,-56,11,-121
1746694316626.594,159655,1746694316607.719,-52,7,-125
1746694316646.4692,159632,1746694316627.5,-42,8,-121
1746694316666.312,159518,1746694316647.344,-41,1,-120
1746694316686.188,159424,1746694316667.219,-57,15,-121
1746694316706.031,159325,1746694316687.063,-44,9,-122
1746694316725.906,159216,1746694316706.937,-49,8,-133
1746694316745.75,159149,1746694316726.781,-52,7,-120
1746694316765.594,159107,1746694316746.625,-48,7,-112
1746694316785.438,159103,1746694316766.5,-60,4,-121
1746694316805.344,159134,1746694316786.344,-47,9,-113
1746694316825.219,159162,1746694316806.219,-52,11,-112
1746694316845.031,159208,1746694316826.094,-34,8,-125
1746694316864.938,159251,1746694316845.969,-38,12,-132
1746694316884.813,159260,1746694316865.813,-47,7,-120
1746694316904.687,159293,1746694316885.687,-40,7,-112
1746694316924.531,159327,1746694316905.562,-40,7,-120
1746694316944.406,159373,1746694316925.438,-44,11,-125
1746694316964.281,159382,1746694316945.312,-42,9,-112
1746694316984.1868,159387,1746694316965.187,-44,7,-112
1746694317004.0,159338,1746694316985.063,-45,7,-125
1746694317023.875,159310,1746694317004.906,-46,10,-112
1746694317043.75,159354,1746694317024.781,-47,0,-121
1746694317063.625,159380,1746694317044.656,-47,12,-114
1746694317083.469,159393,1746694317064.531,-48,11,-112
1746694317103.344,159389,1746694317084.344,-50,7,-125
1746694317123.344,159440,1746694317104.25,-45,11,-121
1746694317143.125,159474,1746694317124.125,-49,1,-133
1746694317162.937,159519,1746694317144.0,-52,4,-121
1746694317182.844,159569,1746694317163.875,-47,4,-125
1746694317202.688,159634,1746694317183.719,-36,8,-127
1746694317222.594,159679,1746694317203.594,-50,7,-125
1746694317242.406,159761,1746694317223.437,-44,7,-112
1746694317262.281,159785,1746694317243.313,-53,6,-125
1746694317282.156,159833,1746694317263.188,-42,7,-113
1746694317302.031,159887,1746694317283.062,-46,6,-121
1746694317321.906,159923,1746694317302.937,-48,6,-125
1746694317341.781,159951,1746694317322.813,-55,12,-121
1746694317361.656,159955,1746694317342.656,-40,12,-112
1746694317381.5,159899,1746694317362.531,-45,7,-121
1746694317401.375,159862,1746694317382.406,-48,8,-112
1746694317421.313,159859,1746694317402.281,-40,6,-112
1746694317441.125,159904,1746694317422.125,-45,7,-116
1746694317460.969,159959,1746694317442.0,-49,15,-112
1746694317480.844,159989,1746694317461.875,-41,16,-112
1746694317500.719,160034,1746694317481.75,-53,8,-125
1746694317520.594,160074,1746694317501.594,-44,8,-112
1746694317540.469,160172,1746694317521.4692,-47,14,-119
1746694317560.312,160241,1746694317541.375,-42,7,-112
1746694317580.188,160310,1746694317561.188,-40,12,-120
1746694317600.063,160374,1746694317581.063,-51,8,-112
1746694317619.906,160416,1746694317600.969,-40,6,-112
1746694317639.781,160477,1746694317620.844,-45,12,-125
1746694317659.656,160571,1746694317640.656,-58,12,-121
1746694317679.563,160584,1746694317660.563,-48,12,-121
1746694317699.375,160624,1746694317680.437,-52,8,-112
1746694317719.25,160651,1746694317700.312,-31,11,-128
1746694317739.125,160690,1746694317720.125,-45,8,-125
1746694317759.0,160686,1746694317740.0,-50,7,-125
1746694317778.8442,160653,1746694317759.875,-52,19,-121
1746694317798.687,160565,1746694317779.75,-41,12,-112
1746694317818.562,160459,1746694317799.562,-25,6,-112
1746694317838.438,160388,1746694317819.469,-48,14,-116
1746694317858.313,160270,1746694317839.313,-44,9,-112
1746694317878.187,160243,1746694317859.219,-57,23,-112
1746694317898.062,160237,1746694317879.062,-47,5,-125
1746694317917.938,160256,1746694317898.938,-47,11,-129
1746694317937.781,160309,1746694317918.844,-52,14,-109
1746694317957.656,160374,1746694317938.719,-41,12,-125
1746694317977.5,160440,1746694317958.5,-49,0,-112
1746694317997.375,160495,1746694317978.406,-42,3,-129
1746694318017.281,160522,1746694317998.25,-40,8,-116
1746694318037.0942,160577,1746694318018.187,-52,15,-112
1746694318057.0,160617,1746694318038.0,-52,9,-111
1746694318076.813,160660,1746694318057.844,-47,0,-112
1746694318096.688,160653,1746694318077.75,-50,9,-125
1746694318116.531,160700,1746694318097.562,-49,10,-120
1746694318136.406,160677,1746694318117.4368,-47,8,-121
1746694318156.25,160685,1746694318137.313,-55,8,-121
1746694318176.125,160708,1746694318157.156,-52,7,-125
1746694318196.031,160750,1746694318177.031,-52,7,-121
1746694318215.844,160773,1746694318196.906,-57,8,-121
1746694318235.719,160824,1746694318216.719,-45,7,-112
1746694318255.563,160883,1746694318236.625,-49,8,-129
1746694318275.438,160978,1746694318256.5,-56,3,-117
1746694318295.344,161092,1746694318276.312,-42,4,-112
1746694318315.156,161154,1746694318296.219,-44,8,-122
1746694318335.031,161210,1746694318316.063,-47,10,-133
1746694318354.906,161253,1746694318335.938,-45,8,-120
1746694318374.781,161329,1746694318355.812,-45,12,-125
1746694318394.625,161387,1746694318375.656,-40,8,-110
1746694318414.5,161417,1746694318395.563,-56,4,-112
1746694318434.375,161467,1746694318415.406,-48,11,-133
1746694318454.281,161523,1746694318435.281,-36,3,-112
1746694318474.125,161565,1746694318455.156,-48,4,-129
1746694318494.0,161623,1746694318475.063,-49,7,-121
1746694318513.875,161676,1746694318494.844,-45,8,-125
1746694318533.75,161686,1746694318514.781,-52,8,-114
1746694318553.594,161726,1746694318534.594,-39,8,-112
1746694318573.469,161778,1746694318554.5,-42,3,-112
1746694318593.344,161833,1746694318574.375,-50,11,-121
1746694318613.219,161895,1746694318594.219,-40,19,-112
1746694318633.0618,161957,1746694318614.094,-49,12,-125
1746694318652.938,161991,1746694318634.0,-41,8,-112
1746694318672.813,162048,1746694318653.813,-39,16,-121
1746694318692.687,162083,1746694318673.687,-44,11,-125
1746694318712.531,162127,1746694318693.594,-42,15,-125
1746694318732.406,162154,1746694318713.438,-40,10,-120
1746694318752.281,162225,1746694318733.281,-40,7,-126
1746694318772.125,162280,1746694318753.125,-40,23,-116
1746694318792.031,162320,1746694318773.031,-57,9,-130
1746694318811.906,162304,1746694318792.938,-46,7,-125
1746694318831.75,162307,1746694318812.781,-53,7,-112
1746694318851.625,162299,1746694318832.656,-49,8,-112
1746694318871.5,162267,1746694318852.531,-42,7,-112
1746694318891.406,162153,1746694318872.375,-54,7,-112
1746694318911.281,161996,1746694318892.281,-40,12,-112
1746694318931.125,161882,1746694318912.156,-41,7,-121
1746694318951.031,161856,1746694318932.062,-52,7,-130
1746694318970.906,161830,1746694318951.906,-52,14,-121
1746694318990.781,161838,1746694318971.75,-45,12,-120
1746694319010.625,161887,1746694318991.656,-48,4,-112
1746694319030.5,161922,1746694319011.563,-52,7,-121
1746694319050.531,161983,1746694319031.375,-53,7,-125
1746694319070.281,162017,1746694319051.281,-50,16,-113
1746694319090.125,162085,1746694319071.187,-40,8,-125
1746694319110.031,162167,1746694319091.0,-42,6,-120
1746694319129.906,162194,1746694319110.906,-40,12,-137
1746694319149.781,162217,1746694319130.781,-41,11,-125
1746694319169.656,162246,1746694319150.719,-44,11,-122
1746694319189.531,162216,1746694319170.563,-58,8,-112
1746694319209.406,162207,1746694319190.406,-41,11,-112
1746694319229.25,162189,1746694319210.281,-52,8,-125
1746694319249.125,162227,1746694319230.219,-55,12,-110
1746694319269.031,162261,1746694319250.0,-41,8,-112
1746694319288.906,162287,1746694319269.938,-46,3,-121
1746694319308.781,162337,1746694319289.812,-56,9,-121
1746694319328.687,162382,1746694319309.719,-55,12,-112
1746694319348.563,162479,1746694319329.563,-49,11,-121
1746694319368.438,162535,1746694319349.438,-42,7,-125
1746694319388.281,162573,1746694319369.281,-40,11,-121
1746694319408.125,162622,1746694319389.219,-65,6,-117
1746694319428.031,162674,1746694319409.031,-48,12,-121
1746694319447.875,162756,1746694319428.906,-45,6,-112
1746694319467.719,162787,1746694319448.781,-50,7,-119
1746694319487.625,162815,1746694319468.656,-40,9,-121
1746694319507.469,162872,1746694319488.469,-49,0,-120
1746694319527.344,162941,1746694319508.375,-44,6,-125
1746694319547.188,162953,1746694319528.188,-45,7,-112
1746694319567.062,162980,1746694319548.094,-52,14,-121
1746694319586.906,163000,1746694319567.938,-45,8,-125
1746694319606.75,163071,1746694319587.781,-40,8,-112
1746694319626.625,163092,1746694319607.687,-45,9,-121
1746694319646.5,163145,1746694319627.594,-40,12,-125
1746694319666.406,163185,1746694319647.375,-39,11,-125
1746694319686.219,163216,1746694319667.281,-45,8,-121
1746694319706.094,163279,1746694319687.125,-50,16,-112
1746694319725.969,163334,1746694319707.031,-49,9,-112
1746694319745.906,163388,1746694319726.875,-48,15,-125
1746694319765.688,163429,1746694319746.719,-42,16,-114
1746694319785.563,163497,1746694319766.594,-44,9,-112
1746694319805.437,163537,1746694319786.469,-50,12,-121
1746694319825.312,163552,1746694319806.344,-49,14,-113
1746694319845.156,163599,1746694319826.219,-40,11,-112
1746694319865.063,163675,1746694319846.094,-53,12,-122
1746694319884.937,163721,1746694319865.937,-52,9,-121
1746694319904.812,163767,1746694319885.844,-41,12,-121
1746694319924.656,163780,1746694319905.688,-49,14,-116
1746694319944.531,163814,1746694319925.563,-53,9,-122
1746694319964.406,163832,1746694319945.437,-43,11,-125
1746694319984.281,163841,1746694319965.312,-40,7,-125
1746694320004.125,163792,1746694319985.188,-45,9,-112
1746694320024.0,163686,1746694320005.063,-48,12,-109
1746694320043.906,163521,1746694320024.906,-49,15,-121
1746694320063.75,163414,1746694320044.812,-52,15,-121
1746694320083.594,163313,1746694320064.656,-50,14,-122
1746694320103.5,163288,1746694320084.531,-49,22,-121
1746694320123.406,163256,1746694320104.375,-47,7,-126
1746694320143.219,163269,1746694320124.281,-45,16,-124
1746694320163.094,163308,1746694320144.094,-43,9,-113
1746694320182.969,163360,1746694320164.031,-50,7,-112
1746694320202.844,163417,1746694320183.875,-37,16,-113
1746694320222.687,163464,1746694320203.75,-49,14,-121
1746694320242.563,163508,1746694320223.594,-53,12,-112
1746694320262.438,163593,1746694320243.469,-41,27,-117
1746694320282.312,163624,1746694320263.344,-46,7,-125
1746694320302.156,163627,1746694320283.219,-42,7,-125
1746694320322.063,163572,1746694320303.063,-49,6,-110
1746694320341.906,163572,1746694320322.938,-49,9,-125
1746694320361.7808,163585,1746694320342.812,-45,11,-112
1746694320381.656,163595,1746694320362.687,-51,12,-112
1746694320401.531,163582,1746694320382.5632,-44,8,-125
1746694320421.406,163587,1746694320402.406,-50,10,-122
1746694320441.312,163669,1746694320422.312,-39,14,-121
1746694320461.125,163762,1746694320442.187,-56,7,-121
1746694320481.0,163805,1746694320462.063,-50,16,-118
1746694320500.906,163830,1746694320481.906,-52,23,-125
1746694320520.812,163878,1746694320501.781,-40,13,-121
1746694320540.594,163950,1746694320521.687,-48,12,-122
1746694320560.469,163994,1746694320541.531,-44,9,-116
1746694320580.375,164035,1746694320561.375,-42,9,-125
1746694320600.219,164095,1746694320581.25,-61,31,-125
1746694320620.094,164169,1746694320601.125,-56,14,-113
1746694320639.969,164223,1746694320621.0,-41,11,-112
1746694320659.844,164253,1746694320640.875,-57,9,-109
1746694320679.719,164271,1746694320660.75,-41,3,-112
1746694320699.594,164300,1746694320680.625,-44,0,-112
1746694320719.5,164365,1746694320700.5,-50,9,-112
1746694320739.406,164418,1746694320720.406,-40,8,-112
1746694320759.25,164436,1746694320740.281,-49,14,-121
1746694320779.125,164460,1746694320760.187,-41,7,-121
1746694320799.031,164516,1746694320779.969,-41,3,-120
1746694320818.875,164560,1746694320799.906,-42,9,-125
1746694320838.719,164572,1746694320819.781,-36,7,-121
1746694320858.656,164584,1746694320839.656,-45,4,-112
1746694320878.5,164638,1746694320859.531,-55,3,-121
1746694320898.406,164711,1746694320879.406,-55,6,-121
1746694320918.281,164745,1746694320899.312,-49,11,-125
1746694320938.188,164759,1746694320919.219,-40,6,-112
1746694320958.031,164809,1746694320939.031,-40,4,-116
1746694320977.906,164856,1746694320958.937,-41,7,-122
1746694320997.75,164890,1746694320978.812,-40,11,-125
1746694321017.656,164925,1746694320998.656,-40,12,-112
1746694321037.531,164968,1746694321018.531,-49,12,-125
1746694321057.375,165031,1746694321038.406,-41,16,-112
1746694321077.25,165076,1746694321058.281,-41,8,-121
1746694321097.125,165084,1746694321078.125,-36,9,-120
1746694321117.0,165150,1746694321098.0,-41,5,-128
1746694321136.906,165182,1746694321117.906,-49,9,-121
1746694321156.719,165187,1746694321137.812,-44,8,-119
1746694321176.656,165144,1746694321157.625,-42,8,-121
1746694321196.531,165033,1746694321177.531,-52,7,-112
1746694321216.375,164872,1746694321197.406,-49,19,-121
1746694321236.281,164731,1746694321217.312,-40,7,-112
1746694321256.156,164595,1746694321237.188,-50,10,-121
1746694321276.031,164527,1746694321257.063,-45,11,-121
1746694321295.875,164506,1746694321276.906,-46,8,-124
1746694321315.781,164549,1746694321296.812,-51,9,-122
1746694321335.656,164587,1746694321316.625,-40,8,-120
1746694321355.5,164652,1746694321336.531,-52,4,-125
1746694321375.406,164690,1746694321356.437,-42,9,-112
1746694321395.281,164728,1746694321376.312,-49,9,-125
1746694321415.188,164750,1746694321396.125,-45,7,-127
1746694321435.063,164805,1746694321416.063,-42,8,-125
1746694321454.906,164826,1746694321435.906,-42,1,-114
1746694321474.781,164819,1746694321455.812,-52,16,-121
1746694321494.656,164807,1746694321475.688,-45,8,-125
1746694321514.531,164788,1746694321495.531,-46,8,-129
1746694321534.406,164773,1746694321515.4368,-48,7,-127
1746694321554.281,164743,1746694321535.281,-40,8,-112
1746694321574.156,164701,1746694321555.156,-47,7,-125
1746694321594.031,164735,1746694321575.063,-42,11,-121
1746694321613.937,164780,1746694321594.937,-42,6,-112
1746694321633.781,164849,1746694321614.813,-52,12,-112
1746694321653.656,164890,1746694321634.688,-44,12,-114
1746694321673.531,164896,1746694321654.562,-40,7,-111
1746694321693.437,164907,1746694321674.437,-57,7,-112
1746694321713.406,164983,1746694321694.313,-40,4,-112
1746694321733.156,165050,1746694321714.281,-63,7,-112
1746694321753.031,165087,1746694321734.062,-57,12,-114
1746694321772.906,165130,1746694321753.906,-39,12,-112
1746694321792.813,165137,1746694321773.813,-48,8,-125
1746694321812.656,165175,1746694321793.719,-44,10,-120
1746694321832.531,165209,1746694321813.562,-42,1,-112
1746694321852.437,165269,1746694321833.437,-59,19,-121
1746694321872.313,165311,1746694321853.313,-42,9,-121
1746694321892.188,165325,1746694321873.188,-47,11,-129
1746694321912.062,165341,1746694321893.094,-40,11,-111
1746694321931.937,165344,1746694321913.0,-45,9,-112
1746694321951.813,165403,1746694321932.844,-49,9,-121
1746694321971.656,165438,1746694321952.719,-50,8,-113
1746694321991.562,165429,1746694321972.594,-40,12,-112
1746694322011.437,165441,1746694321992.4368,-45,11,-125
1746694322031.281,165485,1746694322012.469,-56,8,-121
1746694322051.156,165534,1746694322032.188,-54,12,-112
1746694322071.0,165600,1746694322052.062,-45,3,-112
1746694322090.906,165649,1746694322071.906,-50,6,-121
1746694322110.813,165685,1746694322091.781,-42,7,-125
1746694322130.625,165699,1746694322111.719,-46,9,-122
1746694322150.5,165724,1746694322131.531,-42,8,-113
1746694322170.375,165795,1746694322151.375,-42,7,-112
1746694322190.219,165851,1746694322171.281,-48,9,-121
1746694322210.125,165895,1746694322191.125,-48,14,-121
1746694322230.0,165895,1746694322211.0,-44,6,-112
1746694322249.906,165926,1746694322230.906,-52,31,-122
1746694322269.75,165940,1746694322250.781,-45,9,-125
1746694322289.656,165911,1746694322270.656,-45,6,-112
1746694322309.531,165816,1746694322290.562,-49,4,-111
1746694322329.469,165705,1746694322310.437,-40,11,-125
1746694322349.25,165551,1746694322330.313,-49,9,-121
1746694322369.1558,165411,1746694322350.188,-41,1,-129
1746694322389.031,165320,1746694322370.0,-46,7,-120
1746694322408.875,165249,1746694322389.937,-49,3,-113
1746694322428.781,165252,1746694322409.906,-57,7,-112
1746694322448.656,165292,1746694322429.688,-45,7,-121
1746694322468.531,165343,1746694322449.562,-47,6,-121
1746694322488.375,165394,1746694322469.406,-41,12,-127
1746694322508.281,165432,1746694322489.313,-52,9,-112
1746694322528.156,165481,1746694322509.156,-44,12,-112
1746694322548.031,165518,1746694322529.031,-52,23,-112
1746694322567.938,165556,1746694322548.938,-45,8,-112
1746694322587.75,165597,1746694322568.875,-48,19,-122
1746694322607.656,165577,1746694322588.625,-47,11,-114
1746694322627.5,165541,1746694322608.562,-44,9,-112
1746694322647.375,165531,1746694322628.406,-49,17,-121
1746694322667.25,165521,1746694322648.281,-49,7,-112
1746694322687.125,165510,1746694322668.156,-52,9,-121
1746694322707.0,165527,1746694322688.0,-43,9,-127
1746694322726.906,165556,1746694322707.875,-52,10,-125
1746694322746.719,165604,1746694322727.75,-44,15,-130
1746694322766.625,165644,1746694322747.625,-45,15,-112
1746694322786.469,165680,1746694322767.5,-45,8,-122
1746694322806.312,165737,1746694322787.375,-60,12,-106
1746694322826.219,165780,1746694322807.313,-40,7,-125
1746694322846.063,165823,1746694322827.094,-52,8,-112
1746694322865.906,165844,1746694322846.937,-50,12,-112
1746694322885.812,165869,1746694322866.812,-52,12,-112
1746694322905.688,165923,1746694322886.719,-52,12,-112
1746694322925.531,165984,1746694322906.563,-55,7,-121
1746694322945.406,165982,1746694322926.437,-49,24,-121
1746694322965.281,166056,1746694322946.344,-45,12,-125
1746694322985.156,166088,1746694322966.156,-19,7,-125
1746694323005.0,166120,1746694322986.031,-47,7,-116
1746694323024.844,166145,1746694323005.906,-51,11,-112
1746694323044.719,166173,1746694323025.75,-52,26,-121
1746694323064.594,166201,1746694323045.625,-52,9,-113
1746694323084.5,166243,1746694323065.469,-57,15,-112
1746694323104.312,166287,1746694323085.344,-45,6,-103
1746694323124.187,166353,1746694323105.281,-57,8,-121
1746694323144.031,166378,1746694323125.063,-49,14,-112
1746694323163.938,166454,1746694323144.875,-44,8,-127
1746694323183.75,166505,1746694323164.812,-44,7,-112
1746694323203.656,166557,1746694323184.656,-42,11,-112
1746694323223.5,166570,1746694323204.531,-50,9,-121
1746694323243.406,166592,1746694323224.375,-40,7,-125
1746694323263.2192,166660,1746694323244.281,-52,7,-125
1746694323283.125,166731,1746694323264.156,-61,8,-121
1746694323303.0,166721,1746694323284.0,-46,12,-121
1746694323322.875,166725,1746694323303.906,-52,12,-117
1746694323342.75,166737,1746694323323.781,-42,8,-121
1746694323362.625,166784,1746694323343.656,-43,8,-112
1746694323382.469,166798,1746694323363.469,-49,4,-120
1746694323402.344,166727,1746694323383.375,-39,11,-117
1746694323422.188,166609,1746694323403.25,-41,7,-109
1746694323442.094,166455,1746694323423.125,-64,16,-116
1746694323461.969,166291,1746694323442.938,-44,12,-120
1746694323481.813,166177,1746694323462.844,-49,8,-133
1746694323501.688,166068,1746694323482.719,-41,1,-129
1746694323521.562,166032,1746694323502.594,-41,9,-125
1746694323541.437,166004,1746694323522.438,-53,10,-121
1746694323561.281,166024,1746694323542.313,-56,16,-125
1746694323581.187,166067,1746694323562.219,-45,7,-112
1746694323601.094,166100,1746694323582.062,-55,9,-121
1746694323620.906,166143,1746694323602.0,-48,15,-113
1746694323640.781,166163,1746694323621.813,-48,11,-116
1746694323660.625,166189,1746694323641.687,-44,7,-125
1746694323680.5,166250,1746694323661.469,-48,11,-120
1746694323700.375,166253,1746694323681.406,-52,4,-112
1746694323720.219,166236,1746694323701.281,-48,11,-121
1746694323740.125,166221,1746694323721.1558,-44,3,-115
1746694323760.0,166191,1746694323741.0,-40,1,-125
1746694323779.844,166153,1746694323760.875,-61,6,-121
1746694323799.719,166149,1746694323780.719,-45,8,-111
1746694323819.563,166162,1746694323800.625,-49,12,-122
1746694323839.437,166223,1746694323820.469,-38,3,-129
1746694323859.344,166256,1746694323840.312,-44,3,-125
1746694323879.156,166272,1746694323860.219,-48,7,-125
1746694323899.063,166300,1746694323880.094,-50,12,-125
1746694323918.937,166322,1746694323899.937,-44,11,-122
1746694323938.781,166381,1746694323919.812,-49,9,-112
1746694323958.656,166416,1746694323939.688,-41,9,-112
1746694323978.5308,166434,1746694323959.563,-45,7,-112
1746694323998.406,166462,1746694323979.437,-48,11,-112
1746694324018.25,166507,1746694323999.344,-40,8,-112
1746694324038.156,166582,1746694324019.188,-52,12,-125
1746694324058.031,166610,1746694324039.062,-40,7,-112
1746694324077.906,166616,1746694324058.906,-38,6,-112
1746694324097.75,166615,1746694324078.781,-56,7,-125
1746694324117.625,166652,1746694324098.656,-52,9,-112
1746694324137.531,166643,1746694324118.531,-44,8,-121
1746694324157.406,166679,1746694324138.406,-56,11,-121
1746694324177.25,166695,1746694324158.281,-49,11,-120
1746694324197.125,166732,1746694324178.156,-42,8,-122
1746694324217.0,166777,1746694324198.031,-55,9,-126
1746694324236.875,166814,1746694324217.875,-43,7,-120
1746694324256.75,166843,1746694324237.781,-45,12,-121
1746694324276.594,166873,1746694324257.688,-46,12,-121
1746694324296.5,166909,1746694324277.469,-44,6,-125
1746694324316.375,166972,1746694324297.344,-42,8,-112
1746694324336.1868,166988,1746694324317.25,-49,12,-129
1746694324356.094,166996,1746694324337.094,-48,12,-112
1746694324375.969,167025,1746694324357.0,-55,12,-113
1746694324395.812,167065,1746694324376.844,-50,12,-127
1746694324415.656,167086,1746694324396.719,-52,9,-125
1746694324435.563,167121,1746694324416.594,-48,12,-125
1746694324455.406,167075,1746694324436.406,-40,7,-116
1746694324475.281,167002,1746694324456.312,-52,10,-112
1746694324495.156,166911,1746694324476.187,-41,6,-125
1746694324515.031,166752,1746694324496.094,-44,11,-125
1746694324534.969,166591,1746694324515.875,-44,12,-120
1746694324554.812,166465,1746694324535.844,-52,9,-112
1746694324574.656,166361,1746694324555.719,-64,14,-121
1746694324594.531,166323,1746694324575.563,-52,7,-114
1746694324614.531,166317,1746694324595.406,-52,3,-112
1746694324634.281,166332,1746694324615.312,-45,1,-125
1746694324654.125,166379,1746694324635.156,-41,7,-120
1746694324674.031,166420,1746694324654.969,-41,10,-120
1746694324693.906,166448,1746694324674.906,-52,12,-127
1746694324713.75,166440,1746694324694.781,-42,14,-122
1746694324733.625,166473,1746694324714.656,-42,6,-121
1746694324753.531,166477,1746694324734.531,-52,4,-124
1746694324773.406,166517,1746694324754.406,-45,6,-125
1746694324793.25,166500,1746694324774.281,-49,11,-120
1746694324813.125,166466,1746694324794.219,-40,11,-125
1746694324833.0,166437,1746694324814.0,-49,12,-125
1746694324852.844,166420,1746694324833.875,-41,12,-112
1746694324872.719,166425,1746694324853.719,-42,12,-120
1746694324892.594,166469,1746694324873.625,-52,12,-112
1746694324912.469,166511,1746694324893.469,-52,7,-112
1746694324932.313,166543,1746694324913.344,-41,6,-112
1746694324952.187,166599,1746694324933.219,-40,11,-112
1746694324972.062,166618,1746694324953.094,-32,16,-112
1746694324991.969,166649,1746694324972.969,-50,8,-125
1746694325011.781,166709,1746694324992.844,-49,11,-125
1746694325031.656,166757,1746694325012.719,-44,16,-117
1746694325051.562,166793,1746694325032.562,-52,7,-121
1746694325071.438,166813,1746694325052.438,-47,12,-112
1746694325091.25,166848,1746694325072.2808,-39,9,-122
1746694325111.125,166852,1746694325092.187,-55,7,-112
1746694325130.969,166908,1746694325112.031,-55,9,-112
1746694325150.875,166938,1746694325131.906,-53,8,-113
1746694325170.719,166988,1746694325151.719,-40,12,-112
1746694325190.562,167036,1746694325171.656,-49,9,-116
1746694325210.437,167064,1746694325191.469,-32,9,-121
1746694325230.344,167098,1746694325211.313,-45,7,-121
1746694325250.156,167134,1746694325231.25,-47,12,-118
1746694325270.031,167158,1746694325251.062,-53,15,-112
1746694325290.031,167180,1746694325270.906,-57,7,-122
1746694325309.75,167186,1746694325290.938,-55,7,-116
1746694325329.594,167218,1746694325310.656,-40,15,-114
1746694325349.469,167265,1746694325330.5308,-50,12,-125
1746694325369.312,167335,1746694325350.375,-49,31,-125
1746694325389.156,167367,1746694325370.187,-48,9,-121
1746694325409.031,167348,1746694325390.063,-58,9,-112
1746694325428.844,167355,1746694325409.906,-49,1,-129
1746694325448.75,167396,1746694325429.75,-49,4,-112
1746694325468.594,167487,1746694325449.625,-52,22,-112
1746694325488.469,167545,1746694325469.5,-52,12,-121
1746694325508.344,167564,1746694325489.375,-52,9,-121
1746694325528.25,167555,1746694325509.219,-55,11,-125
1746694325548.062,167535,1746694325529.125,-52,12,-121
1746694325567.906,167511,1746694325548.969,-56,7,-112
1746694325587.781,167443,1746694325568.844,-52,11,-117
1746694325607.656,167297,1746694325588.656,-56,11,-112
1746694325627.531,167118,1746694325608.562,-57,11,-121
1746694325647.375,166909,1746694325628.406,-56,14,-120
1746694325667.25,166763,1746694325648.281,-45,3,-121
1746694325687.125,166722,1746694325668.156,-49,12,-121
1746694325706.969,166714,1746694325688.031,-57,7,-121
1746694325726.844,166717,1746694325707.875,-42,8,-112
1746694325746.781,166724,1746694325727.75,-55,9,-112
1746694325766.563,166738,1746694325747.5942,-46,7,-113
1746694325786.437,166777,1746694325767.469,-49,15,-125
1746694325806.281,166764,1746694325787.375,-37,9,-125
1746694325826.156,166769,1746694325807.188,-42,7,-123
1746694325846.031,166785,1746694325827.063,-48,7,-122
1746694325865.875,166793,1746694325846.875,-47,14,-112
1746694325885.781,166760,1746694325866.812,-53,6,-111
1746694325905.656,166711,1746694325886.688,-40,9,-112
1746694325925.531,166654,1746694325906.531,-40,7,-121
1746694325945.344,166632,1746694325926.5,-52,8,-125
1746694325965.25,166610,1746694325946.281,-52,8,-121
1746694325985.094,166563,1746694325966.125,-48,12,-112
1746694326004.969,166563,1746694325986.0,-48,19,-121
1746694326024.812,166617,1746694326005.875,-52,12,-114
1746694326044.75,166677,1746694326025.719,-40,14,-112
1746694326064.563,166662,1746694326045.563,-45,14,-114
1746694326084.438,166644,1746694326065.469,-52,8,-125
1746694326104.281,166663,1746694326085.312,-33,20,-121
1746694326124.219,166723,1746694326105.219,-42,8,-117
1746694326144.031,166746,1746694326125.094,-41,12,-121
1746694326163.906,166773,1746694326144.906,-39,22,-121
1746694326183.75,166833,1746694326164.812,-40,8,-127
1746694326203.625,166861,1746694326184.656,-41,4,-125
1746694326223.5,166891,1746694326204.5,-48,5,-112
1746694326243.375,166905,1746694326224.406,-53,9,-112
1746694326263.2192,166909,1746694326244.25,-45,7,-112
1746694326283.094,166903,1746694326264.219,-56,11,-122
1746694326302.969,166873,1746694326284.0,-39,11,-121
1746694326322.844,166848,1746694326303.875,-49,8,-121
1746694326342.719,166844,1746694326323.75,-32,6,-114
1746694326362.594,166867,1746694326343.625,-47,8,-112
1746694326382.469,166891,1746694326363.469,-52,4,-112
1746694326402.344,166916,1746694326383.344,-57,15,-121
1746694326422.25,166951,1746694326403.219,-47,7,-112
1746694326442.062,166997,1746694326423.156,-44,9,-121
1746694326461.969,166998,1746694326442.969,-50,6,-116
1746694326481.813,167081,1746694326462.844,-45,9,-112
1746694326501.688,167130,1746694326482.75,-45,16,-121
1746694326521.656,167158,1746694326502.594,-48,14,-112
1746694326541.437,167207,1746694326522.531,-56,8,-121
1746694326561.281,167206,1746694326542.344,-45,23,-113
1746694326581.156,167254,1746694326562.219,-44,6,-112
1746694326601.062,167307,1746694326582.062,-45,6,-120
1746694326620.938,167306,1746694326601.938,-49,8,-112
1746694326640.781,167287,1746694326621.781,-43,4,-116
1746694326660.656,167236,1746694326641.719,-40,12,-121
1746694326680.531,167201,1746694326661.625,-45,4,-121
1746694326700.438,167126,1746694326681.438,-61,4,-114
1746694326720.281,166983,1746694326701.313,-44,9,-112
1746694326740.156,166782,1746694326721.187,-37,9,-121
1746694326760.031,166604,1746694326741.062,-49,8,-112
1746694326779.938,166530,1746694326760.969,-52,9,-115
1746694326799.781,166460,1746694326780.813,-47,12,-112
1746694326819.687,166456,1746694326800.687,-52,8,-125
1746694326839.594,166479,1746694326820.594,-41,8,-112
1746694326859.406,166516,1746694326840.406,-42,8,-122
1746694326879.281,166545,1746694326860.344,-52,10,-121
1746694326899.156,166550,1746694326880.187,-42,11,-121
1746694326919.062,166572,1746694326900.031,-41,7,-112
1746694326938.906,166597,1746694326919.969,-55,12,-121
1746694326958.781,166619,1746694326939.813,-42,8,-122
1746694326978.656,166605,1746694326959.656,-49,12,-112
1746694326998.562,166583,1746694326979.562,-46,14,-112
1746694327018.406,166526,1746694326999.406,-50,7,-120
1746694327038.281,166489,1746694327019.313,-42,0,-112
1746694327058.156,166455,1746694327039.187,-52,8,-121
1746694327078.031,166454,1746694327059.062,-47,9,-125
1746694327097.906,166453,1746694327078.938,-40,9,-121
1746694327117.75,166432,1746694327098.813,-42,9,-121
1746694327137.656,166470,1746694327118.656,-42,12,-112
1746694327157.531,166529,1746694327138.531,-42,5,-112
1746694327177.375,166574,1746694327158.406,-45,7,-119
1746694327197.2808,166595,1746694327178.313,-48,8,-125
1746694327217.156,166609,1746694327198.156,-49,11,-112
1746694327237.031,166632,1746694327218.031,-39,7,-111
1746694327256.969,166662,1746694327237.906,-49,6,-116
1746694327276.781,166684,1746694327257.875,-48,9,-121
1746694327296.656,166751,1746694327277.656,-40,12,-121
1746694327316.531,166757,1746694327297.563,-57,7,-121
1746694327336.531,166781,1746694327317.469,-42,12,-121
1746694327356.313,166802,1746694327337.281,-42,1,-129
1746694327376.187,166853,1746694327357.156,-41,11,-120
1746694327396.031,166853,1746694327377.094,-52,6,-121
1746694327415.938,166859,1746694327396.938,-50,12,-128
1746694327435.844,166907,1746694327416.812,-39,12,-121
1746694327455.687,166925,1746694327436.687,-49,7,-125
1746694327475.563,166941,1746694327456.594,-42,8,-112
1746694327495.469,166965,1746694327476.5,-51,8,-112
1746694327515.312,166981,1746694327496.344,-48,11,-121
1746694327535.219,167019,1746694327516.219,-49,15,-112
1746694327555.094,167051,1746694327536.125,-42,7,-125
1746694327574.969,167094,1746694327555.969,-52,7,-129
1746694327594.844,167135,1746694327575.875,-61,8,-121
1746694327614.719,167135,1746694327595.687,-44,11,-112
1746694327634.594,167145,1746694327615.625,-46,13,-119
1746694327654.5,167185,1746694327635.5,-44,8,-122
1746694327674.375,167209,1746694327655.375,-45,6,-133
1746694327694.219,167221,1746694327675.281,-36,11,-121
1746694327714.125,167224,1746694327695.125,-40,3,-125
1746694327734.0,167236,1746694327715.031,-57,8,-121
1746694327753.906,167283,1746694327734.906,-57,35,-114
1746694327773.75,167279,1746694327754.813,-44,9,-125
1746694327793.656,167277,1746694327774.656,-43,11,-112
1746694327813.531,167210,1746694327794.531,-52,7,-105
1746694327833.406,167171,1746694327814.437,-43,6,-125
1746694327853.313,167077,1746694327834.313,-46,8,-125
1746694327873.219,166903,1746694327854.219,-41,9,-110
1746694327893.094,166691,1746694327874.125,-40,7,-122
1746694327912.937,166499,1746694327893.969,-48,15,-112
1746694327932.813,166394,1746694327913.875,-41,6,-113
1746694327952.719,166293,1746694327933.688,-45,6,-112
1746694327972.594,166263,1746694327953.562,-41,7,-120
1746694327992.4368,166270,1746694327973.5,-49,11,-113
1746694328012.313,166285,1746694327993.344,-48,7,-125
1746694328032.188,166297,1746694328013.2192,-56,7,-121
1746694328052.062,166280,1746694328033.062,-45,15,-120
1746694328071.937,166263,1746694328053.0,-52,8,-122
1746694328091.781,166276,1746694328072.875,-48,12,-112
1746694328111.656,166278,1746694328092.656,-40,9,-114
1746694328131.531,166239,1746694328112.531,-52,7,-112
1746694328151.406,166177,1746694328132.437,-28,14,-133
1746694328171.313,166160,1746694328152.313,-41,6,-131
1746694328191.188,166130,1746694328172.188,-40,3,-112
1746694328211.031,166081,1746694328192.094,-52,14,-117
1746694328230.937,166047,1746694328211.937,-47,12,-112
1746694328250.813,166006,1746694328231.813,-46,10,-121
1746694328270.688,166031,1746694328251.688,-48,8,-108
1746694328290.531,166076,1746694328271.562,-55,14,-122
1746694328310.406,166115,1746694328291.469,-40,5,-108
1746694328330.344,166167,1746694328311.313,-45,14,-121
1746694328350.219,166177,1746694328331.219,-52,5,-120
1746694328370.031,166255,1746694328351.062,-49,6,-112
1746694328389.937,166296,1746694328370.969,-48,6,-112
1746694328409.813,166364,1746694328390.8132,-48,9,-125
1746694328429.688,166372,1746694328410.719,-44,12,-121
1746694328449.594,166400,1746694328430.594,-45,7,-121
1746694328469.469,166416,1746694328450.5,-57,12,-113
1746694328489.344,166465,1746694328470.344,-40,7,-112
1746694328509.219,166469,1746694328490.2192,-53,6,-112
1746694328529.094,166479,1746694328510.156,-45,7,-113
1746694328548.969,166497,1746694328529.969,-48,12,-112
1746694328568.875,166539,1746694328549.875,-52,4,-128
1746694328588.781,166577,1746694328569.75,-44,4,-125
1746694328608.594,166573,1746694328589.594,-45,7,-121
1746694328628.5,166560,1746694328609.5,-51,14,-113
1746694328648.375,166578,1746694328629.406,-41,14,-121
1746694328668.25,166622,1746694328649.25,-42,1,-129
1746694328688.125,166676,1746694328669.156,-50,9,-125
1746694328708.0,166731,1746694328689.0,-40,6,-129
1746694328727.875,166744,1746694328708.875,-52,12,-125
1746694328747.875,166780,1746694328728.812,-44,9,-112
1746694328767.656,166826,1746694328748.656,-47,7,-125
1746694328787.531,166847,1746694328768.563,-47,16,-127
1746694328807.375,166907,1746694328788.437,-41,7,-114
1746694328827.281,166940,1746694328808.312,-55,9,-121
1746694328847.156,166978,1746694328828.156,-49,12,-125
1746694328867.125,167027,1746694328848.063,-49,8,-129
1746694328886.906,167063,1746694328868.031,-52,12,-122
1746694328906.812,167123,1746694328887.844,-53,7,-122
1746694328926.688,167169,1746694328907.688,-47,6,-125
1746694328946.594,167213,1746694328927.563,-31,6,-121
1746694328966.469,167238,1746694328947.5,-43,6,-114
1746694328986.344,167261,1746694328967.344,-37,9,-120
1746694329006.25,167245,1746694328987.219,-53,24,-112
1746694329026.094,167164,1746694329007.125,-52,4,-125
1746694329046.0,167057,1746694329027.031,-56,7,-112
1746694329065.906,166874,1746694329046.906,-39,14,-117
1746694329085.781,166710,1746694329066.781,-49,6,-112
1746694329105.625,166573,1746694329086.687,-49,11,-112
1746694329125.5,166474,1746694329106.562,-45,7,-120
1746694329145.406,166446,1746694329126.406,-45,2,-112
1746694329165.281,166471,1746694329146.281,-49,15,-112
1746694329185.125,166542,1746694329166.187,-49,12,-121
1746694329205.031,166610,1746694329186.062,-45,6,-112
1746694329224.906,166602,1746694329205.906,-40,6,-112
1746694329244.781,166635,1746694329225.844,-52,9,-121
1746694329264.656,166647,1746694329245.687,-50,12,-112
1746694329284.531,166706,1746694329265.562,-47,11,-121
1746694329304.4382,166806,1746694329285.438,-52,12,-121
1746694329324.281,166843,1746694329305.313,-52,12,-121
1746694329344.156,166839,1746694329325.187,-44,12,-120
1746694329364.062,166780,1746694329345.031,-50,8,-125
1746694329383.906,166743,1746694329364.938,-44,12,-121
1746694329403.781,166724,1746694329384.844,-32,9,-121
1746694329423.687,166720,1746694329404.687,-45,9,-133
1746694329443.562,166735,1746694329424.562,-39,7,-125
1746694329463.438,166772,1746694329444.469,-47,5,-117
1746694329483.281,166776,1746694329464.313,-47,9,-121
1746694329503.156,166812,1746694329484.1868,-42,12,-121
1746694329523.031,166828,1746694329504.062,-42,16,-137
1746694329542.938,166854,1746694329523.906,-44,8,-112
1746694329562.781,166880,1746694329543.813,-52,7,-121
1746694329582.656,166921,1746694329563.719,-48,11,-124
1746694329602.531,166941,1746694329583.531,-44,7,-112
1746694329622.375,166969,1746694329603.438,-49,12,-121
1746694329642.281,166987,1746694329623.281,-50,11,-112
1746694329662.156,167027,1746694329643.156,-44,11,-112
1746694329682.031,167045,1746694329663.063,-53,15,-121
1746694329701.875,167066,1746694329682.906,-48,15,-122
1746694329721.781,167087,1746694329702.812,-50,12,-112
1746694329741.656,167086,1746694329722.656,-48,7,-133
1746694329761.563,167122,1746694329742.5,-40,8,-112
1746694329781.406,167152,1746694329762.438,-52,8,-112
1746694329801.281,167199,1746694329782.312,-63,10,-114
1746694329821.187,167236,1746694329802.156,-41,9,-119
1746694329841.094,167261,1746694329822.063,-49,8,-132
1746694329860.906,167267,1746694329841.938,-48,12,-120
1746694329880.812,167309,1746694329861.812,-45,11,-127
1746694329900.687,167365,1746694329881.687,-40,7,-125
1746694329920.563,167391,1746694329901.531,-45,8,-129
1746694329940.438,167434,1746694329921.469,-44,12,-125
1746694329960.312,167482,1746694329941.344,-41,11,-125
1746694329980.187,167547,1746694329961.1868,-44,11,-128
1746694330000.031,167593,1746694329981.063,-41,16,-127
1746694330019.938,167627,1746694330000.969,-44,7,-125
1746694330039.812,167682,1746694330020.812,-52,8,-112
1746694330059.687,167712,1746694330040.719,-44,9,-121
1746694330079.531,167729,1746694330060.563,-44,11,-112
1746694330099.438,167766,1746694330080.438,-52,3,-112
1746694330119.312,167834,1746694330100.344,-44,3,-122
1746694330139.187,167885,1746694330120.187,-42,7,-112
1746694330159.063,167910,1746694330140.094,-50,12,-122
1746694330178.938,167880,1746694330159.969,-45,15,-112
1746694330198.812,167865,1746694330179.781,-48,3,-125
1746694330218.687,167794,1746694330199.687,-56,8,-104
1746694330238.531,167648,1746694330219.531,-42,9,-115
1746694330258.438,167449,1746694330239.438,-58,11,-112
1746694330278.312,167265,1746694330259.312,-52,4,-112
1746694330298.219,167094,1746694330279.187,-50,12,-125
1746694330318.031,167000,1746694330299.031,-53,0,-112
1746694330337.938,166976,1746694330319.0,-42,8,-125
1746694330357.781,166965,1746694330338.812,-52,14,-112
1746694330377.656,166986,1746694330358.687,-47,7,-129
1746694330397.563,167023,1746694330378.594,-49,3,-112
1746694330417.438,167063,1746694330398.438,-45,9,-121
1746694330437.3118,167056,1746694330418.437,-57,9,-121
1746694330457.156,167061,1746694330438.156,-45,11,-104
1746694330477.031,167052,1746694330458.063,-50,16,-125
1746694330496.938,167059,1746694330477.937,-47,15,-117
1746694330516.844,167076,1746694330497.812,-44,12,-121
1746694330536.656,167064,1746694330517.719,-55,11,-121
1746694330556.531,167016,1746694330537.594,-45,11,-112
1746694330576.437,166933,1746694330557.437,-52,6,-112
1746694330596.312,166902,1746694330577.312,-45,6,-112
1746694330616.188,166898,1746694330597.219,-42,4,-116
1746694330636.063,166873,1746694330617.094,-53,14,-125
1746694330655.969,166943,1746694330636.937,-57,24,-112
1746694330675.812,166978,1746694330656.844,-49,10,-121
1746694330695.719,167016,1746694330676.719,-48,12,-112
1746694330715.563,167049,1746694330696.594,-45,6,-133
1746694330735.469,167063,1746694330716.469,-41,4,-125
1746694330755.344,167088,1746694330736.344,-50,7,-112
1746694330775.219,167123,1746694330756.25,-50,7,-116
1746694330795.125,167175,1746694330776.063,-48,6,-120
1746694330814.969,167201,1746694330796.0,-42,12,-125
1746694330834.844,167243,1746694330815.844,-41,7,-112
1746694330854.75,167269,1746694330835.781,-48,9,-121
1746694330874.656,167305,1746694330855.656,-52,14,-121
1746694330894.531,167325,1746694330875.562,-42,13,-112
1746694330914.406,167344,1746694330895.438,-48,12,-125
1746694330934.281,167366,1746694330915.344,-49,9,-127
1746694330954.187,167387,1746694330935.187,-40,9,-127
1746694330974.062,167406,1746694330955.031,-45,11,-125
1746694330993.938,167429,1746694330974.969,-52,1,-120
1746694331013.844,167453,1746694330994.844,-44,3,-121
1746694331033.75,167486,1746694331014.719,-53,9,-125
1746694331053.562,167511,1746694331034.625,-33,8,-121
1746694331073.469,167552,1746694331054.469,-42,6,-121
1746694331093.344,167615,1746694331074.375,-53,11,-121
1746694331113.25,167653,1746694331094.25,-57,0,-128
1746694331133.125,167677,1746694331114.125,-57,8,-120
1746694331153.031,167734,1746694331134.031,-44,12,-121
1746694331172.906,167768,1746694331153.8442,-42,9,-129
1746694331192.75,167845,1746694331173.75,-44,10,-120
1746694331212.625,167872,1746694331193.688,-50,11,-112
1746694331232.531,167892,1746694331213.531,-41,12,-129
1746694331252.437,167946,1746694331233.406,-55,8,-131
1746694331272.281,167956,1746694331253.312,-49,24,-111
1746694331292.188,168024,1746694331273.1882,-57,8,-112
1746694331312.063,168019,1746694331293.063,-40,8,-112
1746694331331.937,168015,1746694331312.969,-44,12,-125
1746694331351.8118,168042,1746694331332.812,-47,8,-112
1746694331371.688,168040,1746694331352.75,-45,7,-112
1746694331391.594,167979,1746694331372.5942,-41,3,-114
1746694331411.437,167847,1746694331392.469,-49,15,-125
1746694331431.344,167674,1746694331412.406,-52,12,-113
1746694331451.281,167481,1746694331432.281,-44,16,-125
1746694331471.094,167344,1746694331452.094,-40,15,-116
1746694331490.937,167222,1746694331472.0,-45,12,-122
1746694331510.844,167216,1746694331491.875,-41,16,-128
1746694331530.75,167214,1746694331511.719,-45,9,-120
1746694331550.594,167229,1746694331531.656,-60,6,-112
1746694331570.469,167250,1746694331551.469,-47,24,-121
1746694331590.344,167279,1746694331571.375,-50,5,-112
1746694331610.25,167290,1746694331591.219,-52,11,-112
1746694331630.125,167274,1746694331611.094,-40,11,-112
1746694331650.0,167295,1746694331631.031,-49,11,-112
1746694331669.875,167314,1746694331650.906,-52,12,-113
1746694331689.781,167297,1746694331670.781,-42,8,-124
1746694331709.625,167261,1746694331690.687,-55,11,-121
1746694331729.5,167256,1746694331710.531,-42,14,-121
1746694331749.375,167210,1746694331730.469,-47,10,-112
1746694331769.25,167170,1746694331750.25,-57,3,-112
1746694331789.125,167162,1746694331770.156,-55,12,-117
1746694331809.031,167182,1746694331790.062,-48,11,-112
1746694331828.906,167207,1746694331809.906,-45,6,-112
1746694331848.781,167248,1746694331829.75,-45,16,-129
1746694331868.656,167262,1746694331849.687,-45,3,-121
1746694331888.531,167296,1746694331869.5,-45,19,-120
1746694331908.438,167340,1746694331889.406,-49,4,-122
1746694331928.313,167368,1746694331909.312,-49,8,-125
1746694331948.187,167370,1746694331929.187,-57,12,-112
1746694331968.031,167391,1746694331949.094,-57,16,-121
1746694331987.938,167455,1746694331968.9382,-49,6,-121
1746694332007.812,167467,1746694331988.812,-52,12,-104
1746694332027.687,167498,1746694332008.719,-57,1,-129
1746694332047.594,167499,1746694332028.563,-48,10,-125
1746694332067.469,167532,1746694332048.469,-45,6,-112
1746694332087.344,167529,1746694332068.375,-40,9,-119
1746694332107.25,167556,1746694332088.25,-41,13,-125
1746694332127.156,167561,1746694332108.156,-45,14,-122
1746694332147.063,167570,1746694332128.125,-50,15,-112
1746694332166.906,167609,1746694332147.906,-45,8,-112
1746694332186.781,167635,1746694332167.813,-57,15,-112
1746694332206.688,167636,1746694332187.656,-49,9,-121
1746694332226.562,167637,1746694332207.562,-52,10,-125
1746694332246.406,167680,1746694332227.437,-47,14,-125
1746694332266.313,167711,1746694332247.313,-52,15,-112
1746694332286.219,167765,1746694332267.188,-45,3,-125
1746694332306.125,167796,1746694332287.125,-32,12,-122
1746694332325.937,167789,1746694332306.969,-44,8,-116
1746694332345.844,167837,1746694332326.844,-55,6,-121
1746694332365.719,167883,1746694332346.719,-42,8,-129
1746694332385.594,167940,1746694332366.625,-47,12,-125
1746694332405.594,167967,1746694332386.469,-39,12,-120
1746694332425.375,167993,1746694332406.375,-42,16,-125
1746694332445.25,168022,1746694332426.25,-55,12,-112
1746694332465.094,168042,1746694332446.156,-52,12,-116
1746694332485.0,168103,1746694332466.0,-51,12,-119
1746694332504.906,168132,1746694332485.875,-52,12,-112
1746694332524.75,168167,1746694332505.781,-42,8,-112
1746694332544.656,168199,1746694332525.656,-48,8,-134
1746694332564.531,168207,1746694332545.563,-41,9,-125
1746694332584.469,168160,1746694332565.438,-55,3,-123
1746694332604.281,168068,1746694332585.344,-56,12,-112
1746694332624.187,167911,1746694332605.219,-57,12,-113
1746694332644.063,167732,1746694332625.031,-42,12,-112
1746694332663.969,167558,1746694332644.938,-57,15,-121
1746694332683.937,167406,1746694332664.844,-41,10,-121
1746694332703.687,167352,1746694332684.844,-55,4,-112
1746694332723.594,167344,1746694332704.594,-57,8,-112
1746694332743.469,167364,1746694332724.469,-52,4,-112
1746694332763.312,167360,1746694332744.344,-52,6,-112
1746694332783.187,167349,1746694332764.219,-55,10,-122
1746694332803.094,167357,1746694332784.094,-41,12,-120
1746694332822.938,167369,1746694332803.969,-51,-1,-127
1746694332842.844,167367,1746694332823.875,-45,9,-121
1746694332862.719,167384,1746694332843.75,-50,12,-112
1746694332882.625,167407,1746694332863.625,-50,7,-109
1746694332902.469,167354,1746694332883.531,-43,7,-112
1746694332922.344,167309,1746694332903.375,-45,7,-125
1746694332942.219,167244,1746694332923.219,-49,9,-129
1746694332962.156,167205,1746694332943.125,-48,7,-112
1746694332981.9692,167185,1746694332962.969,-45,12,-116
1746694333001.875,167172,1746694332983.0,-53,8,-112
1746694333021.75,167199,1746694333002.719,-44,9,-125
1746694333041.656,167218,1746694333022.656,-44,14,-127
1746694333061.531,167241,1746694333042.531,-37,12,-121
1746694333081.406,167293,1746694333062.437,-45,9,-125
1746694333101.281,167324,1746694333082.281,-49,14,-125
1746694333121.156,167347,1746694333102.188,-41,18,-129
1746694333141.031,167363,1746694333122.062,-52,9,-125
1746694333161.0,167396,1746694333141.937,-44,7,-112
1746694333180.813,167434,1746694333161.813,-41,8,-114
1746694333200.688,167463,1746694333181.688,-42,7,-128
1746694333220.562,167478,1746694333201.594,-48,14,-127
1746694333240.469,167476,1746694333221.469,-48,8,-121
1746694333260.438,167473,1746694333241.344,-57,7,-125
1746694333280.219,167501,1746694333261.25,-48,7,-125
1746694333300.125,167516,1746694333281.125,-53,11,-112
1746694333320.0,167514,1746694333301.0,-49,14,-112
1746694333339.844,167530,1746694333320.906,-45,12,-129
1746694333359.719,167522,1746694333340.75,-42,14,-125
1746694333379.594,167557,1746694333360.656,-52,7,-125
1746694333399.469,167583,1746694333380.5,-56,12,-112
1746694333419.344,167595,1746694333400.375,-45,12,-112
1746694333439.219,167594,1746694333420.25,-52,7,-121
1746694333459.094,167596,1746694333440.094,-52,10,-121
1746694333479.0,167607,1746694333459.969,-45,7,-121
1746694333498.844,167650,1746694333479.906,-56,12,-121
1746694333518.719,167691,1746694333499.781,-48,12,-113
1746694333538.625,167706,1746694333519.625,-52,12,-112
1746694333558.5,167743,1746694333539.5,-52,10,-121
1746694333578.344,167786,1746694333559.406,-44,3,-125
1746694333598.25,167841,1746694333579.281,-48,4,-125
1746694333618.125,167865,1746694333599.156,-49,3,-121
1746694333638.0,167881,1746694333619.0,-44,8,-121
1746694333657.875,167913,1746694333638.906,-49,12,-125
1746694333677.75,167962,1746694333658.812,-49,3,-116
1746694333697.656,167989,1746694333678.625,-44,8,-121
1746694333717.563,168007,1746694333698.563,-46,7,-121
1746694333737.406,168006,1746694333718.375,-45,1,-111
1746694333757.312,168047,1746694333738.281,-61,7,-120
1746694333777.188,168030,1746694333758.219,-41,1,-121
1746694333797.0632,167973,1746694333778.094,-41,9,-129
1746694333816.969,167812,1746694333797.969,-45,7,-112
1746694333836.844,167618,1746694333817.844,-40,10,-112
1746694333856.719,167448,1746694333837.844,-52,15,-121
1746694333876.594,167305,1746694333857.625,-52,12,-112
1746694333896.4692,167215,1746694333877.5,-48,7,-125
1746694333916.375,167190,1746694333897.375,-57,11,-126
1746694333936.25,167191,1746694333917.25,-45,11,-120
1746694333956.125,167202,1746694333937.156,-57,9,-128
1746694333976.0,167215,1746694333957.031,-48,19,-125
1746694333995.906,167213,1746694333976.906,-45,8,-112
1746694334015.8132,167256,1746694333996.906,-44,8,-125
1746694334035.656,167286,1746694334016.656,-49,9,-116
1746694334055.531,167310,1746694334036.562,-42,10,-116
1746694334075.406,167312,1746694334056.406,-34,16,-120
1746694334095.281,167305,1746694334076.313,-56,14,-125
1746694334115.156,167250,1746694334096.187,-40,4,-125
1746694334135.062,167214,1746694334116.062,-45,16,-129
1746694334154.938,167180,1746694334135.938,-49,15,-112
1746694334174.813,167144,1746694334155.844,-36,12,-112
1746694334194.719,167159,1746694334175.719,-48,12,-127
1746694334214.594,167160,1746694334195.625,-40,12,-127
1746694334234.469,167179,1746694334215.469,-44,11,-120
1746694334254.344,167182,1746694334235.375,-52,15,-112
1746694334274.219,167231,1746694334255.219,-40,6,-125
1746694334294.156,167250,1746694334275.094,-52,7,-125
1746694334313.969,167283,1746694334295.0,-44,9,-116
1746694334333.844,167315,1746694334314.9058,-42,8,-112
1746694334353.75,167328,1746694334334.75,-50,11,-127
1746694334373.625,167346,1746694334354.625,-57,12,-125
1746694334393.469,167347,1746694334374.5,-42,-2,-125
1746694334413.344,167384,1746694334394.406,-53,12,-121
1746694334433.281,167407,1746694334414.25,-43,7,-121
1746694334453.125,167392,1746694334434.156,-44,2,-121
1746694334473.031,167423,1746694334454.031,-53,17,-127
1746694334492.937,167432,1746694334473.937,-52,12,-122
1746694334512.812,167443,1746694334493.812,-45,8,-125
1746694334532.688,167459,1746694334513.719,-57,27,-125
1746694334552.563,167505,1746694334533.625,-51,9,-112
1746694334572.469,167516,1746694334553.437,-53,8,-125
1746694334592.344,167520,1746694334573.344,-52,7,-105
1746694334612.219,167528,1746694334593.219,-48,8,-112
1746694334632.094,167561,1746694334613.125,-50,4,-112
1746694334651.969,167591,1746694334633.0,-44,8,-102
1746694334671.875,167608,1746694334652.875,-53,12,-121
1746694334691.719,167642,1746694334672.781,-44,9,-121
1746694334711.625,167696,1746694334692.656,-45,11,-121
1746694334731.531,167707,1746694334712.531,-50,12,-125
1746694334751.375,167734,1746694334732.406,-41,12,-121
1746694334771.281,167754,1746694334752.313,-53,4,-125
1746694334791.187,167797,1746694334772.125,-44,14,-120
1746694334811.062,167823,1746694334792.062,-55,12,-121
1746694334830.906,167849,1746694334811.938,-40,16,-112
1746694334850.813,167878,1746694334831.781,-47,16,-125
1746694334870.687,167885,1746694334851.719,-52,12,-117
1746694334890.594,167924,1746694334871.594,-49,12,-121
1746694334910.469,167947,1746694334891.469,-48,7,-112
1746694334930.344,167939,1746694334911.406,-53,3,-121
1746694334950.25,167866,1746694334931.219,-50,9,-125
1746694334970.125,167756,1746694334951.125,-44,7,-121
1746694334989.969,167579,1746694334971.031,-44,7,-120
1746694335009.875,167407,1746694334990.875,-52,15,-125
1746694335029.719,167303,1746694335010.75,-52,8,-121
1746694335049.594,167221,1746694335030.625,-41,1,-132
1746694335069.5,167221,1746694335050.5,-50,7,-125
1746694335089.375,167197,1746694335070.375,-44,12,-112
1746694335109.281,167186,1746694335090.219,-44,8,-128
1746694335129.125,167202,1746694335110.156,-42,12,-121
1746694335149.0,167217,1746694335130.063,-45,7,-121
1746694335168.906,167207,1746694335149.906,-48,13,-132
1746694335188.781,167214,1746694335169.781,-53,12,-112
1746694335208.625,167210,1746694335189.656,-40,15,-111
1746694335228.5308,167255,1746694335209.563,-52,12,-121
1746694335248.5,167268,1746694335229.437,-45,12,-121
1746694335268.25,167246,1746694335249.375,-58,13,-112
1746694335288.156,167186,1746694335269.188,-39,16,-133
1746694335308.031,167124,1746694335289.062,-52,11,-125
1746694335327.906,167098,1746694335308.906,-32,7,-129
1746694335347.781,167136,1746694335328.813,-42,8,-104
1746694335367.688,167140,1746694335348.719,-52,9,-121
1746694335387.531,167126,1746694335368.531,-46,21,-120
1746694335407.437,167125,1746694335388.437,-49,12,-113
1746694335427.281,167178,1746694335408.344,-45,8,-112
1746694335447.156,167179,1746694335428.188,-47,3,-111
1746694335467.062,167238,1746694335448.062,-58,11,-113
1746694335486.937,167258,1746694335467.906,-45,12,-112
1746694335506.781,167286,1746694335487.813,-55,11,-112
1746694335526.656,167301,1746694335507.719,-41,12,-121
1746694335546.562,167317,1746694335527.562,-42,11,-121
1746694335566.406,167330,1746694335547.531,-42,6,-125
1746694335586.313,167356,1746694335567.313,-52,7,-112
1746694335606.156,167358,1746694335587.219,-45,7,-125
1746694335626.062,167367,1746694335607.031,-52,11,-112
1746694335645.906,167378,1746694335626.969,-39,11,-125
1746694335665.813,167368,1746694335646.844,-45,7,-123
1746694335685.688,167385,1746694335666.688,-50,14,-121
1746694335705.594,167402,1746694335686.531,-48,15,-120
1746694335725.469,167390,1746694335706.5,-45,12,-121
1746694335745.313,167384,1746694335726.344,-40,6,-116
1746694335765.188,167388,1746694335746.188,-42,10,-133
1746694335785.094,167357,1746694335766.062,-37,12,-112
1746694335804.9368,167334,1746694335785.969,-40,8,-122
1746694335824.813,167302,1746694335805.844,-56,6,-112
1746694335844.719,167311,1746694335825.7192,-52,16,-124
1746694335864.562,167331,1746694335845.594,-45,9,-125
1746694335884.437,167336,1746694335865.469,-49,15,-121
1746694335904.313,167329,1746694335885.344,-44,8,-112
1746694335924.188,167329,1746694335905.219,-47,12,-121
1746694335944.062,167339,1746694335925.062,-42,4,-121
1746694335963.937,167318,1746694335944.969,-46,1,-126
1746694335983.813,167309,1746694335964.844,-45,16,-121
1746694336003.688,167310,1746694335984.688,-57,9,-125
1746694336023.562,167318,1746694336004.687,-40,15,-121
1746694336043.437,167296,1746694336024.437,-53,4,-129
1746694336063.313,167289,1746694336044.313,-45,12,-112
1746694336083.188,167250,1746694336064.188,-55,15,-112
1746694336103.062,167168,1746694336084.062,-49,9,-120
1746694336122.937,167061,1746694336103.969,-52,6,-125
1746694336142.844,166852,1746694336123.844,-42,8,-117
1746694336162.75,166634,1746694336143.719,-56,9,-112
1746694336182.594,166396,1746694336163.625,-48,12,-121
1746694336202.5,166243,1746694336183.5,-45,6,-112
1746694336222.375,166139,1746694336203.344,-55,2,-112
1746694336242.219,166053,1746694336223.25,-46,0,-119
1746694336262.156,166002,1746694336243.156,-45,7,-125
1746694336282.031,165993,1746694336263.0,-37,8,-112
1746694336301.906,165974,1746694336282.938,-54,3,-129
1746694336321.781,165951,1746694336302.812,-55,12,-112
1746694336341.656,165936,1746694336322.719,-57,14,-119
1746694336361.563,165916,1746694336342.563,-40,8,-121
1746694336381.5,165881,1746694336362.437,-45,11,-120
1746694336401.312,165833,1746694336382.344,-55,15,-120
1746694336421.219,165807,1746694336402.25,-53,9,-112
1746694336441.094,165728,1746694336422.0632,-47,7,-125
1746694336460.938,165639,1746694336441.937,-42,6,-120
1746694336480.812,165537,1746694336461.875,-40,7,-112
1746694336500.75,165473,1746694336481.75,-45,0,-121
1746694336520.594,165458,1746694336501.625,-50,9,-112
1746694336540.469,165444,1746694336521.4692,-47,14,-125
1746694336560.344,165482,1746694336541.375,-41,7,-112
1746694336580.219,165507,1746694336561.25,-33,6,-121
1746694336600.125,165548,1746694336581.094,-49,11,-114
1746694336619.969,165579,1746694336601.0,-40,8,-112
1746694336639.844,165595,1746694336620.875,-49,14,-121
1746694336659.75,165615,1746694336640.688,-45,7,-120
1746694336679.625,165696,1746694336660.625,-57,4,-115
1746694336699.469,165747,1746694336680.5,-57,9,-127
1746694336719.406,165791,1746694336700.406,-53,15,-121
1746694336739.219,165788,1746694336720.25,-52,15,-120
1746694336759.094,165785,1746694336740.125,-45,0,-106
1746694336778.969,165799,1746694336760.0,-49,7,-112
1746694336798.812,165805,1746694336779.875,-52,19,-128
1746694336818.719,165811,1746694336799.781,-45,11,-125
1746694336838.563,165833,1746694336819.594,-47,9,-112
1746694336858.437,165843,1746694336839.469,-48,8,-125
1746694336878.312,165862,1746694336859.312,-52,4,-120
1746694336898.1882,165885,1746694336879.219,-47,8,-112
1746694336918.063,165879,1746694336899.031,-42,0,-116
1746694336937.969,165910,1746694336918.937,-39,14,-125
1746694336957.875,165916,1746694336938.844,-49,15,-125
1746694336977.719,165945,1746694336958.75,-45,7,-121
1746694336997.563,165947,1746694336978.625,-52,7,-114
1746694337017.437,166004,1746694336998.5,-56,8,-120
1746694337037.344,166017,1746694337018.344,-37,14,-116
1746694337057.219,166039,1746694337038.219,-55,11,-113
1746694337077.063,166062,1746694337058.094,-44,7,-112
1746694337096.969,166127,1746694337077.969,-57,14,-112
1746694337116.844,166183,1746694337097.844,-45,12,-112
1746694337136.719,166228,1746694337117.719,-39,11,-116
1746694337156.594,166242,1746694337137.625,-52,11,-120
1746694337176.469,166256,1746694337157.5,-52,11,-112
1746694337196.344,166298,1746694337177.344,-45,7,-125
1746694337216.219,166337,1746694337197.25,-55,6,-121
1746694337236.125,166407,1746694337217.125,-57,9,-122
1746694337256.0,166449,1746694337237.0,-45,12,-125
1746694337275.906,166493,1746694337256.906,-44,9,-131
1746694337295.75,166534,1746694337276.781,-52,7,-121
1746694337315.625,166555,1746694337296.625,-47,4,-112
1746694337335.531,166515,1746694337316.531,-56,9,-112
1746694337355.438,166440,1746694337336.406,-40,8,-125
1746694337375.281,166317,1746694337356.313,-52,14,-125
1746694337395.187,166181,1746694337376.187,-44,3,-112
1746694337415.094,166103,1746694337396.063,-48,3,-112
1746694337434.906,166026,1746694337415.969,-57,7,-112
1746694337454.813,166012,1746694337435.844,-41,11,-119
1746694337474.719,165967,1746694337455.719,-49,8,-112
1746694337494.625,166035,1746694337475.625,-57,7,-125
1746694337514.469,166091,1746694337495.5,-52,8,-121
1746694337534.437,166129,1746694337515.406,-43,15,-121
1746694337554.281,166168,1746694337535.281,-49,3,-111
1746694337574.156,166155,1746694337555.188,-55,12,-112
1746694337594.031,166195,1746694337575.063,-48,12,-112
1746694337613.906,166252,1746694337594.969,-47,12,-116
1746694337633.812,166300,1746694337614.813,-55,11,-112
1746694337653.656,166310,1746694337634.719,-41,3,-109
1746694337673.563,166310,1746694337654.562,-48,11,-112
1746694337693.469,166311,1746694337674.437,-45,14,-120
1746694337713.344,166294,1746694337694.406,-49,12,-113
1746694337733.219,166309,1746694337714.188,-37,12,-116
1746694337753.125,166343,1746694337734.125,-47,9,-112
1746694337773.0,166382,1746694337754.031,-56,7,-121
1746694337792.906,166433,1746694337773.875,-42,19,-125
1746694337812.781,166491,1746694337793.781,-50,12,-112
1746694337832.656,166534,1746694337813.719,-48,28,-130
1746694337852.562,166561,1746694337833.531,-56,12,-109
1746694337872.438,166610,1746694337853.469,-44,7,-112
1746694337892.313,166652,1746694337873.344,-49,16,-122
1746694337912.219,166705,1746694337893.187,-47,11,-121
1746694337932.125,166750,1746694337913.094,-44,6,-125
1746694337951.938,166801,1746694337932.969,-48,15,-120
1746694337971.844,166833,1746694337952.844,-55,7,-127
1746694337991.719,166896,1746694337972.719,-45,7,-114
1746694338011.594,166938,1746694337992.594,-44,1,-129
1746694338031.469,166976,1746694338012.5,-49,8,-126
1746694338051.344,166998,1746694338032.406,-45,9,-121
1746694338071.25,167010,1746694338052.25,-45,8,-125
1746694338091.125,167043,1746694338072.125,-48,6,-121
1746694338111.0,167078,1746694338092.031,-56,10,-112
1746694338130.875,167095,1746694338111.906,-45,15,-112
1746694338150.781,167115,1746694338131.781,-45,10,-125
1746694338170.625,167152,1746694338151.656,-49,12,-125
1746694338190.5,167180,1746694338171.562,-50,17,-121
1746694338210.437,167207,1746694338191.406,-55,11,-112
1746694338230.281,167253,1746694338211.344,-45,6,-112
1746694338250.125,167301,1746694338231.125,-46,8,-125
1746694338270.0,167344,1746694338251.062,-57,7,-112
1746694338289.875,167378,1746694338270.906,-57,12,-119
1746694338309.781,167432,1746694338290.781,-44,11,-114
1746694338329.625,167464,1746694338310.656,-56,9,-112
1746694338349.5,167508,1746694338330.5308,-55,27,-112
1746694338369.406,167510,1746694338350.406,-52,9,-112
1746694338389.281,167551,1746694338370.281,-53,10,-112
1746694338409.125,167575,1746694338390.156,-44,7,-105
1746694338429.0,167614,1746694338410.062,-40,6,-120
1746694338448.906,167664,1746694338429.875,-44,7,-112
1746694338468.75,167710,1746694338449.781,-47,12,-129
1746694338488.625,167780,1746694338469.688,-49,12,-112
1746694338508.5,167832,1746694338489.531,-47,7,-112
1746694338528.375,167878,1746694338509.5,-48,9,-121
1746694338548.25,167906,1746694338529.25,-41,12,-120
1746694338568.125,167959,1746694338549.156,-52,12,-121
1746694338588.0,168011,1746694338569.031,-45,9,-121
1746694338607.906,168068,1746694338588.875,-45,12,-125
1746694338627.75,168093,1746694338608.781,-57,5,-112
1746694338647.625,168128,1746694338628.656,-42,25,-133
1746694338667.562,168082,1746694338648.531,-45,11,-129
1746694338687.406,168023,1746694338668.437,-44,11,-112
1746694338707.281,167889,1746694338688.313,-42,12,-116
1746694338727.156,167737,1746694338708.156,-52,12,-125
1746694338747.031,167550,1746694338728.062,-48,16,-121
1746694338766.906,167403,1746694338747.906,-49,11,-112
1746694338786.781,167294,1746694338767.813,-49,7,-125
1746694338806.6558,167188,1746694338787.719,-42,14,-121
1746694338826.562,167129,1746694338807.531,-42,3,-125
1746694338846.437,167094,1746694338827.406,-48,12,-120
1746694338866.313,167045,1746694338847.344,-41,9,-122
1746694338886.219,167028,1746694338867.219,-49,9,-126
1746694338906.125,166982,1746694338887.094,-51,12,-112
1746694338925.969,166937,1746694338907.0,-41,14,-128
1746694338945.875,166928,1746694338926.906,-40,7,-121
1746694338965.75,167007,1746694338946.781,-50,8,-121
1746694338985.656,167103,1746694338966.625,-52,9,-112
1746694339005.5,167161,1746694338986.531,-48,8,-112
1746694339025.375,167128,1746694339006.5,-48,38,-121
1746694339045.281,167039,1746694339026.281,-47,9,-125
1746694339065.156,166948,1746694339046.187,-52,3,-121
1746694339085.031,166841,1746694339066.063,-44,8,-121
1746694339104.906,166751,1746694339085.938,-52,12,-112
1746694339124.8118,166683,1746694339105.812,-47,11,-121
1746694339144.687,166621,1746694339125.688,-36,6,-112
1746694339164.594,166595,1746694339145.594,-49,7,-114
1746694339184.469,166578,1746694339165.437,-45,7,-112
1746694339204.375,166589,1746694339185.375,-65,15,-121
1746694339224.219,166602,1746694339205.25,-52,12,-112
1746694339244.125,166642,1746694339225.156,-42,9,-121
1746694339264.0,166708,1746694339245.0,-55,4,-115
1746694339283.844,166724,1746694339264.906,-49,8,-121
1746694339303.75,166726,1746694339284.75,-45,7,-112
1746694339323.625,166725,1746694339304.656,-47,11,-117
1746694339343.5,166708,1746694339324.531,-52,9,-112
1746694339363.375,166717,1746694339344.375,-48,14,-112
1746694339383.25,166712,1746694339364.344,-52,12,-125
1746694339403.156,166713,1746694339384.156,-45,8,-121
1746694339423.031,166736,1746694339404.031,-49,9,-125
1746694339442.875,166759,1746694339423.906,-41,8,-117
1746694339462.781,166780,1746694339443.813,-56,8,-125
1746694339482.656,166802,1746694339463.656,-52,14,-121
1746694339502.562,166873,1746694339483.562,-57,15,-121
1746694339522.406,166910,1746694339503.438,-45,12,-120
1746694339542.344,166960,1746694339523.281,-40,6,-120
1746694339562.187,167069,1746694339543.187,-52,9,-116
1746694339582.031,167151,1746694339563.062,-47,12,-112
1746694339601.938,167243,1746694339582.969,-40,12,-125
1746694339621.813,167273,1746694339602.844,-45,11,-125
1746694339641.812,167290,1746694339622.687,-55,15,-112
1746694339661.562,167281,1746694339642.562,-52,16,-116
1746694339681.438,167294,1746694339662.5,-44,12,-116
1746694339701.344,167312,1746694339682.344,-44,4,-125
1746694339721.219,167387,1746694339702.219,-51,10,-128
1746694339741.094,167453,1746694339722.125,-45,8,-112
1746694339760.969,167547,1746694339742.0,-52,7,-121
1746694339780.875,167571,1746694339761.875,-42,12,-112
1746694339800.781,167629,1746694339781.781,-46,10,-125
1746694339820.656,167672,1746694339801.656,-44,8,-112
1746694339840.5,167750,1746694339821.594,-45,15,-120
1746694339860.406,167783,1746694339841.406,-45,8,-129
1746694339880.25,167793,1746694339861.281,-49,12,-125
1746694339900.156,167773,1746694339881.156,-49,4,-121
1746694339920.031,167737,1746694339901.031,-43,11,-122
1746694339939.937,167602,1746694339920.906,-49,12,-121
1746694339959.781,167442,1746694339940.812,-45,12,-112
1746694339979.656,167297,1746694339960.719,-57,9,-115
1746694339999.563,167166,1746694339980.563,-65,12,-121
1746694340019.437,167100,1746694340000.437,-48,14,-116
1746694340039.3118,167049,1746694340020.312,-48,9,-125
1746694340059.188,167040,1746694340040.219,-65,15,-122
1746694340079.063,167060,1746694340060.063,-49,6,-125
1746694340098.937,167098,1746694340079.937,-49,8,-125
1746694340118.812,167103,1746694340099.875,-53,12,-109
1746694340138.688,167115,1746694340119.75,-44,7,-112
1746694340158.594,167137,1746694340139.563,-52,11,-112
1746694340178.437,167173,1746694340159.469,-45,11,-112
1746694340198.344,167204,1746694340179.344,-55,12,-112
1746694340218.219,167242,1746694340199.219,-56,7,-112
1746694340238.094,167245,1746694340219.187,-47,9,-125
1746694340257.969,167206,1746694340239.0,-48,7,-127
1746694340277.812,167173,1746694340258.875,-49,8,-112
1746694340297.719,167183,1746694340278.656,-43,9,-112
1746694340317.719,167189,1746694340298.594,-53,6,-121
1746694340337.469,167189,1746694340318.594,-55,12,-112
1746694340357.344,167221,1746694340338.375,-44,23,-125
1746694340377.313,167238,1746694340358.219,-56,6,-112
1746694340397.156,167303,1746694340378.219,-50,8,-121
1746694340417.0,167337,1746694340398.0,-50,12,-122
1746694340436.906,167348,1746694340417.938,-41,17,-127
1746694340456.781,167394,1746694340437.781,-36,15,-124
1746694340476.656,167417,1746694340457.687,-57,14,-121
1746694340496.656,167460,1746694340477.562,-48,17,-112
1746694340516.438,167481,1746694340497.438,-52,7,-121
1746694340536.344,167510,1746694340517.344,-47,4,-121
1746694340556.187,167535,1746694340537.187,-47,7,-112
1746694340576.094,167587,1746694340557.094,-42,8,-121
1746694340596.0,167651,1746694340576.969,-52,7,-112
1746694340615.875,167710,1746694340596.875,-42,4,-121
1746694340635.719,167729,1746694340616.75,-43,6,-128
1746694340655.625,167758,1746694340636.656,-57,15,-112
1746694340675.531,167786,1746694340656.563,-49,19,-121
1746694340695.375,167808,1746694340676.437,-56,12,-121
1746694340715.281,167875,1746694340696.312,-56,7,-112
1746694340735.188,167911,1746694340716.188,-45,4,-121
1746694340755.094,167925,1746694340736.094,-40,11,-125
1746694340774.969,167947,1746694340756.0,-55,9,-121
1746694340794.844,167985,1746694340775.875,-48,8,-125
1746694340814.719,168034,1746694340795.75,-52,22,-125
1746694340834.656,168044,1746694340815.625,-44,9,-112
1746694340854.469,168099,1746694340835.562,-48,9,-112
1746694340874.375,168127,1746694340855.406,-55,12,-116
1746694340894.25,168164,1746694340875.281,-48,12,-109
1746694340914.125,168183,1746694340895.156,-49,15,-113
1746694340934.062,168217,1746694340915.031,-52,12,-112
1746694340953.906,168272,1746694340934.938,-47,9,-120
1746694340973.781,168259,1746694340954.781,-53,14,-129
1746694340993.656,168285,1746694340974.687,-41,12,-125
1746694341013.531,168302,1746694340994.594,-49,6,-113
1746694341033.406,168319,1746694341014.438,-52,9,-112
1746694341053.281,168321,1746694341034.281,-47,7,-125
1746694341073.125,168322,1746694341054.156,-49,11,-125
1746694341093.031,168314,1746694341074.031,-57,8,-124
1746694341112.906,168242,1746694341093.906,-48,7,-125
1746694341132.781,168097,1746694341113.781,-40,7,-125
1746694341152.656,167933,1746694341133.719,-45,11,-121
1746694341172.563,167755,1746694341153.594,-45,14,-121
1746694341192.406,167671,1746694341173.438,-56,12,-112
1746694341212.25,167592,1746694341193.312,-47,12,-125
1746694341232.156,167565,1746694341213.187,-53,12,-125
1746694341252.031,167607,1746694341233.063,-41,8,-125
1746694341271.906,167609,1746694341252.938,-53,8,-123
1746694341291.781,167627,1746694341272.812,-58,14,-112
1746694341311.656,167661,1746694341292.656,-32,15,-112
1746694341331.563,167708,1746694341312.531,-52,12,-121
1746694341351.5,167739,1746694341332.438,-52,15,-121
1746694341371.281,167801,1746694341352.344,-48,3,-114
1746694341391.187,167840,1746694341372.219,-43,6,-120
1746694341411.063,167912,1746694341392.063,-60,9,-112
1746694341430.969,167929,1746694341411.938,-44,0,-129
1746694341450.812,167941,1746694341431.812,-45,7,-120
1746694341470.687,167923,1746694341451.719,-50,16,-112
1746694341490.594,167913,1746694341471.563,-45,11,-128
1746694341510.438,167901,1746694341491.469,-52,12,-124
1746694341530.375,167905,1746694341511.344,-47,9,-121
1746694341550.187,167962,1746694341531.281,-50,11,-121
1746694341570.0632,167978,1746694341551.063,-49,13,-121
1746694341589.906,168036,1746694341570.969,-40,12,-113
1746694341609.812,168083,1746694341590.844,-47,7,-121
1746694341629.687,168134,1746694341610.719,-53,10,-125
1746694341649.563,168163,1746694341630.594,-41,12,-121
1746694341669.438,168204,1746694341650.469,-44,7,-129
1746694341689.312,168248,1746694341670.344,-47,15,-125
1746694341709.187,168300,1746694341690.219,-57,12,-119
1746694341729.094,168348,1746694341710.031,-45,12,-120
1746694341748.938,168387,1746694341729.969,-43,14,-112
1746694341768.812,168450,1746694341749.844,-48,0,-121
1746694341788.719,168484,1746694341769.719,-45,11,-125
1746694341808.656,168527,1746694341789.625,-45,6,-121
1746694341828.438,168581,1746694341809.5,-48,4,-100
1746694341848.312,168619,1746694341829.344,-48,12,-112
1746694341868.156,168642,1746694341849.219,-45,4,-112
1746694341888.031,168652,1746694341869.063,-45,7,-128
1746694341907.938,168682,1746694341888.937,-48,10,-125
1746694341927.781,168706,1746694341908.844,-41,9,-125
1746694341947.687,168710,1746694341928.625,-45,6,-116
1746694341967.531,168738,1746694341948.563,-44,11,-121
1746694341987.406,168751,1746694341968.469,-47,6,-121
1746694342007.312,168788,1746694341988.281,-41,11,-127
1746694342027.188,168836,1746694342008.188,-56,9,-112
1746694342047.031,168882,1746694342028.094,-42,14,-117
1746694342066.969,168911,1746694342047.969,-48,8,-121
1746694342086.844,168978,1746694342067.844,-51,12,-121
1746694342106.719,169009,1746694342087.719,-25,9,-121
1746694342126.563,169037,1746694342107.594,-45,8,-121
1746694342146.437,169071,1746694342127.5,-53,11,-112
1746694342166.344,169107,1746694342147.344,-57,23,-112
1746694342186.188,169102,1746694342167.219,-52,8,-112
1746694342206.063,169127,1746694342187.125,-49,7,-112
1746694342225.969,169137,1746694342207.0,-61,7,-101
1746694342245.844,169121,1746694342226.844,-45,12,-112
1746694342265.688,169145,1746694342246.719,-55,8,-112
1746694342285.563,169165,1746694342266.594,-45,8,-116
1746694342305.469,169155,1746694342286.437,-50,8,-121
1746694342325.312,169151,1746694342306.344,-49,9,-112
1746694342345.188,169115,1746694342326.219,-42,6,-111
1746694342365.063,169080,1746694342346.094,-45,7,-112
1746694342384.937,168911,1746694342365.906,-42,12,-116
1746694342404.844,168715,1746694342385.844,-51,12,-112
1746694342424.688,168497,1746694342405.719,-45,12,-125
1746694342444.563,168319,1746694342425.594,-52,12,-133
1746694342464.437,168154,1746694342445.469,-60,15,-121
1746694342484.375,168024,1746694342465.312,-45,9,-112
1746694342504.188,167990,1746694342485.281,-48,16,-112
1746694342524.094,167919,1746694342505.125,-41,11,-116
1746694342544.0,167860,1746694342525.0,-44,12,-128
1746694342563.844,167827,1746694342544.875,-58,12,-112
1746694342583.719,167796,1746694342564.75,-42,9,-112
1746694342603.625,167737,1746694342584.625,-52,12,-125
1746694342623.5,167689,1746694342604.5,-47,24,-125
1746694342643.375,167636,1746694342624.375,-55,5,-112
1746694342663.25,167579,1746694342644.281,-45,11,-112
1746694342683.156,167504,1746694342664.156,-54,8,-123
1746694342703.031,167384,1746694342684.031,-44,6,-112
1746694342722.906,167294,1746694342703.906,-44,12,-121
1746694342742.813,167207,1746694342723.844,-53,9,-124
1746694342762.687,167152,1746694342743.687,-51,7,-112
1746694342782.625,167073,1746694342763.594,-48,9,-113
1746694342802.438,167043,1746694342783.563,-50,12,-121
1746694342822.344,167006,1746694342803.375,-45,6,-121
1746694342842.219,166957,1746694342823.219,-57,11,-112
1746694342862.062,166955,1746694342843.094,-61,12,-125
1746694342882.094,166932,1746694342863.0,-41,12,-116
1746694342901.844,166936,1746694342882.969,-47,8,-112
1746694342921.719,166925,1746694342902.719,-56,3,-126
1746694342941.594,166932,1746694342922.594,-48,12,-112
1746694342961.469,166945,1746694342942.5,-49,1,-125
1746694342981.375,166939,1746694342962.375,-49,15,-114
1746694343001.25,166948,1746694342982.219,-44,7,-112
1746694343021.094,166927,1746694343002.156,-63,18,-122
1746694343041.0,166956,1746694343022.031,-48,7,-112
1746694343060.906,166981,1746694343041.906,-52,14,-112
1746694343080.75,167011,1746694343061.781,-48,3,-117
1746694343100.656,167026,1746694343081.719,-48,4,-112
1746694343120.5,167021,1746694343101.531,-49,7,-112
1746694343140.406,167020,1746694343121.406,-56,8,-113
1746694343160.25,167037,1746694343141.313,-48,12,-112
1746694343180.156,167082,1746694343161.188,-55,11,-114
1746694343200.031,167061,1746694343181.156,-56,8,-121
1746694343219.906,167088,1746694343200.906,-45,11,-112
1746694343239.75,167097,1746694343220.813,-52,11,-112
1746694343259.656,167134,1746694343240.688,-53,11,-112
1746694343279.531,167135,1746694343260.531,-45,13,-121
1746694343299.406,167158,1746694343280.437,-58,11,-112
1746694343319.281,167189,1746694343300.313,-52,23,-117
1746694343339.25,167232,1746694343320.188,-44,3,-112
1746694343359.031,167278,1746694343340.156,-40,8,-112
1746694343378.906,167312,1746694343359.906,-51,6,-114
1746694343398.813,167352,1746694343379.813,-41,7,-111
1746694343418.688,167400,1746694343399.719,-40,-4,-125
1746694343438.594,167432,1746694343419.594,-49,12,-121
1746694343458.437,167464,1746694343439.469,-49,8,-112
1746694343478.313,167497,1746694343459.344,-42,14,-117
1746694343498.219,167505,1746694343479.188,-45,11,-121
1746694343518.094,167529,1746694343499.094,-57,12,-125
1746694343537.969,167578,1746694343518.969,-49,14,-128
1746694343557.844,167564,1746694343538.875,-52,8,-125
1746694343577.719,167504,1746694343558.75,-60,20,-110
1746694343597.625,167384,1746694343578.594,-41,14,-112
1746694343617.5,167250,1746694343598.531,-45,7,-125
1746694343637.375,167082,1746694343618.375,-40,7,-128
1746694343657.25,166949,1746694343638.281,-49,9,-125
1746694343677.125,166865,1746694343658.156,-49,12,-114
1746694343696.969,166825,1746694343678.031,-49,7,-112
1746694343716.875,166835,1746694343697.906,-46,9,-121
1746694343736.75,166872,1746694343717.75,-47,9,-112
1746694343756.594,166921,1746694343737.656,-40,8,-116
1746694343776.5,166951,1746694343757.531,-57,8,-121
1746694343796.375,167006,1746694343777.375,-50,12,-112
1746694343816.25,167023,1746694343797.281,-57,14,-129
1746694343836.094,167089,1746694343817.156,-41,14,-121
1746694343856.031,167115,1746694343837.031,-45,9,-112
1746694343875.906,167141,1746694343856.906,-52,7,-128
1746694343895.781,167119,1746694343876.812,-47,9,-121
1746694343915.656,167062,1746694343896.656,-50,7,-122
1746694343935.563,167021,1746694343916.594,-55,0,-129
1746694343955.438,166976,1746694343936.438,-55,12,-112
1746694343975.281,167004,1746694343956.312,-47,7,-112
1746694343995.187,167042,1746694343976.219,-45,6,-125
1746694344015.063,167103,1746694343996.094,-50,7,-112
1746694344034.938,167148,1746694344015.938,-45,6,-112
1746694344054.781,167212,1746694344035.844,-53,15,-125
1746694344074.687,167294,1746694344055.687,-45,12,-112
1746694344094.563,167372,1746694344075.594,-40,12,-121
1746694344114.438,167433,1746694344095.438,-49,12,-121
1746694344134.281,167514,1746694344115.312,-42,8,-120
1746694344154.187,167561,1746694344135.219,-43,15,-121
1746694344174.063,167605,1746694344155.094,-45,11,-121
1746694344194.0,167677,1746694344174.937,-47,11,-121
1746694344213.812,167705,1746694344194.844,-36,15,-112
1746694344233.75,167743,1746694344214.719,-48,3,-116
1746694344253.563,167787,1746694344234.656,-46,12,-121
1746694344273.438,167854,1746694344254.469,-52,15,-121
1746694344293.312,167897,1746694344274.312,-52,7,-112
1746694344313.156,167932,1746694344294.25,-45,8,-109
1746694344333.063,167955,1746694344314.094,-45,3,-105
1746694344352.906,167963,1746694344333.9692,-41,8,-112
1746694344372.781,168010,1746694344353.812,-50,8,-112
1746694344392.656,168038,1746694344373.688,-55,12,-108
1746694344412.594,168073,1746694344393.563,-49,14,-112
1746694344432.437,168097,1746694344413.5,-37,12,-116
1746694344452.312,168159,1746694344433.438,-52,9,-112
1746694344472.219,168168,1746694344453.188,-52,8,-111
1746694344492.063,168225,1746694344473.094,-54,12,-112
1746694344511.937,168256,1746694344492.969,-53,12,-122
1746694344531.844,168296,1746694344512.844,-44,9,-112
1746694344551.688,168373,1746694344532.75,-45,15,-125
1746694344571.594,168411,1746694344552.563,-52,25,-125
1746694344591.531,168445,1746694344572.469,-50,7,-121
1746694344611.312,168465,1746694344592.438,-40,14,-121
1746694344631.219,168516,1746694344612.188,-49,11,-104
1746694344651.031,168565,1746694344632.094,-47,10,-121
1746694344670.937,168615,1746694344651.969,-49,15,-117
1746694344690.844,168645,1746694344671.812,-50,7,-120
1746694344710.719,168688,1746694344691.719,-39,3,-112
1746694344730.594,168698,1746694344711.625,-55,16,-127
1746694344750.5,168677,1746694344731.5,-41,9,-127
1746694344770.375,168599,1746694344751.375,-52,16,-130
1746694344790.25,168464,1746694344771.25,-49,12,-112
1746694344810.125,168303,1746694344791.094,-43,9,-116
1746694344830.0,168124,1746694344811.031,-50,20,-120
1746694344849.906,167970,1746694344830.875,-55,15,-112
1746694344869.781,167869,1746694344850.813,-45,3,-116
1746694344889.594,167806,1746694344870.656,-52,12,-121
1746694344909.5,167778,1746694344890.562,-53,8,-112
1746694344929.375,167809,1746694344910.375,-45,7,-121
1746694344949.219,167831,1746694344930.25,-57,7,-112
1746694344969.094,167845,1746694344950.125,-50,11,-121
1746694344988.969,167837,1746694344970.0,-44,8,-112
1746694345008.875,167846,1746694344989.875,-41,9,-117
1746694345028.719,167894,1746694345009.719,-52,9,-104
1746694345048.594,167956,1746694345029.625,-54,11,-125
1746694345068.469,167994,1746694345049.469,-32,14,-125
1746694345088.344,168016,1746694345069.344,-47,11,-112
1746694345108.313,168012,1746694345089.219,-52,7,-112
1746694345128.094,167971,1746694345109.125,-49,7,-119
1746694345147.969,167844,1746694345128.937,-47,13,-112
1746694345167.875,167773,1746694345148.875,-53,12,-114
1746694345187.719,167889,1746694345168.75,-44,6,-125
1746694345207.594,168142,1746694345188.625,-49,7,-112
1746694345227.5,168485,1746694345208.5,-45,12,-121
1746694345247.375,168786,1746694345228.375,-45,9,-112
1746694345267.219,168976,1746694345248.25,-50,7,-121
1746694345287.0942,169104,1746694345268.125,-49,7,-112
1746694345306.969,169269,1746694345287.969,-56,9,-112
1746694345326.844,169596,1746694345307.844,-55,12,-112
1746694345346.719,169908,1746694345327.75,-49,8,-121
1746694345366.625,170094,1746694345347.656,-55,17,-121
1746694345386.5,170164,1746694345367.5,-55,15,-112
1746694345406.344,170293,1746694345387.375,-48,12,-126
1746694345426.25,170531,1746694345407.281,-56,7,-125
1746694345446.156,170814,1746694345427.125,-45,17,-112
1746694345466.031,171009,1746694345447.063,-40,8,-122
1746694345485.906,171081,1746694345466.938,-52,13,-116
1746694345505.781,171089,1746694345486.812,-55,9,-121
1746694345525.687,171089,1746694345506.687,-57,17,-113
1746694345545.563,170994,1746694345526.563,-49,10,-121
1746694345565.469,170789,1746694345546.406,-52,12,-116
1746694345585.312,170763,1746694345566.344,-46,7,-104
1746694345605.219,171034,1746694345586.156,-43,8,-112
1746694345625.063,171381,1746694345606.094,-52,8,-112
1746694345644.938,171560,1746694345626.0,-45,12,-116
1746694345664.844,171672,1746694345645.844,-36,15,-125
1746694345684.719,171732,1746694345665.719,-46,12,-125
1746694345704.563,171754,1746694345685.594,-42,15,-129
1746694345724.469,171823,1746694345705.469,-49,15,-121
1746694345744.375,171947,1746694345725.375,-46,11,-122
1746694345764.281,171842,1746694345745.219,-33,11,-120
1746694345784.125,171542,1746694345765.156,-61,14,-121
1746694345804.031,171290,1746694345785.062,-52,7,-121
1746694345823.906,171326,1746694345804.906,-52,1,-122
1746694345843.75,171545,1746694345824.781,-58,3,-111
1746694345863.688,171783,1746694345844.688,-45,4,-112
1746694345883.531,171829,1746694345864.562,-49,22,-112
1746694345903.437,171840,1746694345884.437,-37,16,-125
1746694345923.281,171900,1746694345904.313,-48,12,-128
1746694345943.188,172009,1746694345924.188,-52,7,-125
1746694345963.187,171968,1746694345944.094,-57,11,-122
1746694345982.969,171738,1746694345963.937,-49,16,-119
1746694346002.844,171406,1746694345983.844,-42,12,-112
1746694346022.719,171106,1746694346003.719,-48,14,-112
1746694346042.594,170914,1746694346023.562,-63,2,-129
1746694346062.469,170639,1746694346043.469,-56,3,-133
1746694346082.344,170446,1746694346063.375,-41,12,-121
1746694346102.219,170366,1746694346083.25,-52,15,-112
1746694346122.125,170360,1746694346103.094,-40,11,-125
1746694346141.937,170407,1746694346123.0,-50,8,-112
1746694346161.844,170360,1746694346142.875,-40,15,-121
1746694346181.719,170276,1746694346162.75,-36,16,-128
1746694346201.594,170223,1746694346182.625,-49,13,-125
1746694346221.469,170189,1746694346202.469,-48,16,-112
1746694346241.375,170105,1746694346222.406,-61,10,-112
1746694346261.25,169933,1746694346242.25,-55,7,-112
1746694346281.156,169723,1746694346262.094,-54,3,-120
1746694346301.0,169478,1746694346282.063,-48,7,-121
1746694346320.906,169543,1746694346301.938,-65,3,-112
1746694346340.781,169813,1746694346321.75,-45,5,-114
1746694346360.656,170001,1746694346341.687,-50,11,-112
1746694346380.531,169907,1746694346361.531,-49,30,-112
1746694346400.438,169734,1746694346381.438,-44,19,-125
1746694346420.281,169620,1746694346401.312,-44,14,-133
1746694346440.156,169667,1746694346421.156,-42,13,-111
1746694346460.063,169742,1746694346441.094,-41,10,-126
1746694346479.938,169632,1746694346460.938,-48,6,-120
1746694346499.844,169322,1746694346480.844,-49,11,-116
1746694346519.687,169135,1746694346500.688,-49,7,-112
1746694346539.563,169193,1746694346520.594,-58,-4,-121
1746694346559.438,169420,1746694346540.406,-49,3,-112
1746694346579.312,169517,1746694346560.312,-56,7,-112
1746694346599.156,169481,1746694346580.188,-51,16,-112
1746694346619.031,169435,1746694346600.063,-37,14,-121
1746694346638.906,169467,1746694346619.875,-46,9,-120
1746694346658.781,169599,1746694346639.812,-40,7,-125
1746694346678.656,169767,1746694346659.688,-52,27,-130
1746694346698.531,169898,1746694346679.594,-41,12,-116
1746694346718.406,169821,1746694346699.437,-43,15,-121
1746694346738.281,169543,1746694346719.312,-57,11,-116
1746694346758.125,169258,1746694346739.188,-53,1,-109
1746694346778.031,169321,1746694346759.063,-65,-8,-112
1746694346797.906,169510,1746694346778.906,-52,1,-112
1746694346817.75,169705,1746694346798.781,-50,7,-112
1746694346837.625,169671,1746694346818.656,-37,12,-109
1746694346857.5,169520,1746694346838.531,-32,15,-133
1746694346877.375,169522,1746694346858.406,-45,15,-125
1746694346897.219,169661,1746694346878.25,-43,14,-129
1746694346917.125,169769,1746694346898.156,-50,13,-127
1746694346936.969,169649,1746694346918.0,-49,19,-125
1746694346956.875,169405,1746694346937.875,-45,15,-112
1746694346976.719,169058,1746694346957.75,-52,4,-112
1746694346996.594,168758,1746694346977.656,-52,6,-112
1746694347016.469,168479,1746694346997.5,-59,1,-121
1746694347036.375,168292,1746694347017.344,-60,7,-112
1746694347056.187,168127,1746694347037.281,-50,3,-121
1746694347076.062,168020,1746694347057.094,-57,7,-112
1746694347095.969,167923,1746694347076.969,-47,11,-121
1746694347115.844,167842,1746694347096.844,-26,12,-125
1746694347135.687,167794,1746694347116.75,-50,15,-116
1746694347155.594,167764,1746694347136.625,-47,8,-121
1746694347175.438,167707,1746694347156.469,-45,30,-121
1746694347195.312,167623,1746694347176.344,-37,8,-125
1746694347215.187,167582,1746694347196.219,-50,12,-112
1746694347235.063,167490,1746694347216.125,-41,9,-128
1746694347254.969,167415,1746694347235.938,-48,7,-125
1746694347274.812,167338,1746694347255.8442,-58,11,-112
1746694347294.687,167327,1746694347275.687,-49,15,-114
1746694347314.594,167281,1746694347295.563,-52,15,-121
1746694347334.438,167268,1746694347315.469,-48,9,-121
1746694347354.312,167259,1746694347335.406,-52,12,-125
1746694347374.219,167263,1746694347355.219,-52,6,-121
1746694347394.063,167263,1746694347375.094,-44,7,-125
1746694347413.969,167322,1746694347394.938,-25,9,-133
1746694347433.812,167358,1746694347414.844,-37,12,-122
1746694347453.687,167420,1746694347434.719,-41,12,-125
1746694347473.563,167507,1746694347454.594,-45,15,-121
1746694347493.469,167650,1746694347474.438,-45,15,-112
1746694347513.281,167756,1746694347494.375,-55,12,-121
1746694347533.187,167895,1746694347514.219,-56,8,-116
1746694347553.063,167939,1746694347534.063,-45,7,-125
1746694347572.906,167863,1746694347553.938,-57,17,-133
1746694347592.812,167811,1746694347573.844,-55,14,-127
1746694347612.687,167879,1746694347593.75,-56,14,-125
1746694347632.594,168011,1746694347613.594,-49,16,-115
1746694347652.438,168169,1746694347633.469,-40,11,-112
1746694347672.312,168280,1746694347653.375,-44,12,-112
1746694347692.187,168376,1746694347673.187,-52,11,-112
1746694347712.063,168414,1746694347693.094,-52,6,-125
1746694347731.938,168389,1746694347712.969,-52,15,-122
1746694347751.812,168267,1746694347732.844,-41,18,-125
1746694347771.719,168126,1746694347752.719,-55,14,-121
1746694347791.594,167948,1746694347772.594,-56,6,-112
1746694347811.438,167752,1746694347792.438,-45,9,-112
1746694347831.344,167610,1746694347812.375,-52,10,-109
1746694347851.219,167401,1746694347832.219,-45,9,-121
1746694347871.094,167162,1746694347852.094,-45,7,-124
1746694347890.938,167019,1746694347872.0,-50,14,-121
1746694347910.844,166886,1746694347891.875,-49,13,-113
1746694347930.75,166807,1746694347911.75,-45,8,-121
1746694347950.594,166786,1746694347931.625,-52,9,-112
1746694347970.469,166808,1746694347951.5,-64,12,-112
1746694347990.375,166832,1746694347971.375,-41,9,-112
1746694348010.313,166909,1746694347991.25,-52,8,-121
1746694348030.094,167018,1746694348011.125,-48,11,-122
1746694348049.969,167115,1746694348031.031,-47,9,-122
1746694348069.875,167127,1746694348050.875,-57,8,-112
1746694348089.75,167072,1746694348070.75,-41,12,-121
1746694348109.625,166975,1746694348090.656,-52,16,-109
1746694348129.5,166852,1746694348110.531,-55,7,-109
1746694348149.406,166719,1746694348130.406,-45,12,-121
1746694348169.25,166594,1746694348150.25,-49,11,-104
1746694348189.156,166488,1746694348170.156,-45,11,-112
1746694348209.031,166412,1746694348190.094,-52,12,-121
1746694348228.937,166364,1746694348209.906,-45,9,-112
1746694348248.781,166301,1746694348229.844,-50,12,-121
1746694348268.656,166306,1746694348249.687,-50,7,-112
1746694348288.625,166376,1746694348269.562,-45,3,-112
1746694348308.438,166576,1746694348289.531,-44,7,-121
1746694348328.281,166863,1746694348309.344,-40,8,-121
1746694348348.187,167096,1746694348329.187,-56,11,-121
1746694348368.062,167237,1746694348349.094,-45,18,-125
1746694348387.969,167279,1746694348368.938,-45,15,-122
1746694348407.844,167234,1746694348388.844,-45,9,-120
1746694348427.7192,167157,1746694348408.75,-61,31,-122
1746694348447.625,167081,1746694348428.594,-44,9,-112
1746694348467.469,166974,1746694348448.5,-52,8,-112
1746694348487.344,166859,1746694348468.344,-42,7,-112
1746694348507.25,166763,1746694348488.281,-48,11,-125
1746694348527.125,166665,1746694348508.125,-47,8,-121
1746694348546.969,166579,1746694348528.0,-47,7,-112
1746694348566.875,166506,1746694348547.875,-52,11,-133
1746694348586.719,166392,1746694348567.75,-52,19,-121
1746694348606.625,166254,1746694348587.688,-44,4,-109
1746694348626.469,166065,1746694348607.531,-48,1,-112
1746694348646.344,165863,1746694348627.4058,-55,3,-109
1746694348666.25,165645,1746694348647.25,-39,7,-121
1746694348686.125,165435,1746694348667.125,-49,6,-112
1746694348706.0,165273,1746694348687.031,-55,12,-121
1746694348725.875,165167,1746694348706.906,-52,8,-112
1746694348745.812,165073,1746694348726.75,-49,12,-112
1746694348765.594,165038,1746694348746.656,-40,12,-120
1746694348785.469,165035,1746694348766.5,-56,12,-114
1746694348805.375,165022,1746694348786.406,-49,6,-121
1746694348825.25,164998,1746694348806.25,-42,19,-112
1746694348845.125,164963,1746694348826.125,-57,13,-112
1746694348864.969,164951,1746694348846.031,-42,12,-121
1746694348884.875,164943,1746694348865.875,-45,12,-112
1746694348904.781,164924,1746694348885.75,-60,9,-121
1746694348924.625,164931,1746694348905.656,-49,24,-113
1746694348944.5,164928,1746694348925.531,-45,10,-122
1746694348964.375,164883,1746694348945.375,-56,6,-129
1746694348984.219,164861,1746694348965.25,-57,22,-112
1746694349004.094,164854,1746694348985.125,-55,11,-112
1746694349023.969,164836,1746694349005.0,-55,9,-125
1746694349043.813,164839,1746694349024.844,-52,9,-109
1746694349063.687,164869,1746694349044.687,-41,4,-112
1746694349083.531,164906,1746694349064.563,-50,7,-112
1746694349103.406,164935,1746694349084.438,-58,12,-121
1746694349123.281,164961,1746694349104.281,-44,14,-112
1746694349143.187,164958,1746694349124.187,-56,7,-112
1746694349163.0,164976,1746694349144.063,-48,14,-112
1746694349182.875,165024,1746694349163.906,-45,12,-116
1746694349202.75,165067,1746694349183.781,-52,9,-125
1746694349222.656,165081,1746694349203.625,-49,0,-112
1746694349242.469,165100,1746694349223.531,-50,11,-125
1746694349262.344,165081,1746694349243.406,-53,14,-112
1746694349282.25,165094,1746694349263.2192,-41,19,-117
1746694349302.094,165086,1746694349283.125,-50,11,-121
1746694349321.937,165087,1746694349303.0,-45,6,-125
1746694349341.844,165096,1746694349322.844,-52,14,-129
1746694349361.719,165153,1746694349342.719,-40,6,-112
1746694349381.562,165171,1746694349362.594,-45,16,-120
1746694349401.469,165191,1746694349382.5632,-45,12,-112
1746694349421.344,165178,1746694349402.344,-55,11,-112
1746694349441.219,165132,1746694349422.219,-46,11,-111
1746694349461.094,165065,1746694349442.094,-33,4,-121
1746694349480.969,164891,1746694349462.031,-42,9,-111
1746694349500.844,164707,1746694349481.875,-58,9,-112
1746694349520.75,164486,1746694349501.75,-48,24,-109
1746694349540.594,164345,1746694349521.625,-40,4,-112
1746694349560.531,164232,1746694349541.5,-48,10,-129
1746694349580.375,164163,1746694349561.375,-45,7,-116
1746694349600.25,164140,1746694349581.281,-45,7,-112
1746694349620.125,164134,1746694349601.156,-40,12,-121
1746694349640.0,164159,1746694349621.063,-57,7,-112
1746694349659.875,164196,1746694349640.875,-57,8,-112
1746694349679.719,164191,1746694349660.75,-45,16,-125
1746694349699.594,164206,1746694349680.625,-50,12,-125
1746694349719.469,164200,1746694349700.469,-48,7,-112
1746694349739.344,164251,1746694349720.375,-58,9,-127
1746694349759.187,164259,1746694349740.2192,-56,11,-112
1746694349779.031,164246,1746694349760.062,-45,7,-112
1746694349798.938,164214,1746694349779.969,-49,8,-112
1746694349818.813,164205,1746694349799.813,-54,12,-112
1746694349838.625,164190,1746694349819.687,-40,6,-117
1746694349858.5,164179,1746694349839.562,-31,1,-112
1746694349878.375,164168,1746694349859.406,-45,12,-121
1746694349898.219,164181,1746694349879.281,-50,15,-121
1746694349918.094,164258,1746694349899.125,-49,27,-127
1746694349937.937,164303,1746694349919.0,-49,12,-125
1746694349957.812,164346,1746694349938.844,-49,6,-112
1746694349977.688,164369,1746694349958.688,-42,7,-114
1746694349997.563,164402,1746694349978.594,-58,7,-111
1746694350017.406,164441,1746694349998.469,-57,31,-112
1746694350037.312,164471,1746694350018.312,-57,7,-116
1746694350057.156,164495,1746694350038.188,-57,9,-112
1746694350077.0,164543,1746694350058.063,-56,7,-109
1746694350096.906,164546,1746694350077.969,-48,7,-112
1746694350116.75,164574,1746694350097.781,-49,4,-112
1746694350136.656,164555,1746694350117.625,-47,7,-129
1746694350156.5,164555,1746694350137.531,-57,9,-121
1746694350176.344,164577,1746694350157.437,-47,7,-113
1746694350196.25,164600,1746694350177.219,-47,8,-112
1746694350216.125,164624,1746694350197.125,-56,8,-112
1746694350235.969,164617,1746694350217.031,-45,6,-112
1746694350255.8442,164659,1746694350236.875,-49,7,-112
1746694350275.781,164684,1746694350256.75,-55,7,-125
1746694350295.563,164685,1746694350276.656,-45,11,-112
1746694350315.469,164694,1746694350296.5,-41,14,-121
1746694350335.344,164720,1746694350316.406,-49,7,-125
1746694350355.219,164758,1746694350336.219,-41,3,-122
1746694350375.063,164814,1746694350356.094,-53,5,-116
1746694350394.938,164846,1746694350376.0,-56,16,-112
1746694350414.812,164835,1746694350395.844,-53,31,-125
1746694350434.687,164883,1746694350415.719,-49,11,-116
1746694350454.563,164922,1746694350435.594,-44,11,-112
1746694350474.406,164956,1746694350455.469,-53,1,-111
1746694350494.281,164985,1746694350475.281,-60,9,-112
1746694350514.156,164988,1746694350495.156,-49,7,-125
1746694350534.031,165043,1746694350515.031,-56,9,-120
1746694350553.906,165088,1746694350534.938,-54,11,-121
1746694350573.781,165153,1746694350554.781,-52,7,-112
1746694350593.656,165146,1746694350574.625,-47,9,-112
1746694350613.531,165120,1746694350594.563,-57,14,-121
1746694350633.406,165096,1746694350614.469,-49,15,-100
1746694350653.312,165111,1746694350634.281,-65,8,-112
1746694350673.187,165143,1746694350654.187,-44,6,-125
1746694350693.031,165171,1746694350674.125,-47,10,-125
1746694350712.9058,165190,1746694350693.938,-55,-1,-125
1746694350732.781,165220,1746694350713.812,-46,6,-112
1746694350752.656,165257,1746694350733.687,-33,3,-121
1746694350772.563,165260,1746694350753.594,-47,12,-116
1746694350792.438,165264,1746694350773.438,-40,7,-112
1746694350812.3118,165294,1746694350793.312,-49,15,-112
1746694350832.156,165291,1746694350813.188,-56,7,-112
1746694350852.063,165284,1746694350833.063,-42,10,-120
1746694350871.938,165255,1746694350852.969,-49,27,-121
1746694350891.812,165191,1746694350872.844,-47,3,-112
1746694350911.688,165057,1746694350892.688,-48,7,-112
1746694350931.594,164831,1746694350912.594,-47,8,-116
1746694350951.469,164574,1746694350932.469,-49,9,-121
1746694350971.344,164350,1746694350952.375,-41,3,-125
1746694350991.219,164151,1746694350972.25,-48,7,-125
1746694351011.125,164009,1746694350992.125,-57,12,-112
1746694351031.0,163903,1746694351012.0,-45,13,-115
1746694351050.875,163820,1746694351031.875,-36,8,-127
1746694351070.75,163785,1746694351051.781,-50,9,-125
1746694351090.625,163761,1746694351071.719,-42,7,-122
1746694351110.5,163748,1746694351091.531,-52,11,-121
1746694351130.406,163729,1746694351111.375,-49,10,-112
1746694351150.281,163713,1746694351131.313,-55,9,-122
1746694351170.156,163661,1746694351151.187,-56,8,-116
1746694351190.031,163648,1746694351171.031,-47,8,-112
1746694351209.875,163645,1746694351190.906,-61,12,-125
1746694351229.781,163613,1746694351210.781,-53,8,-109
1746694351249.625,163549,1746694351230.656,-45,5,-111
1746694351269.5,163495,1746694351250.531,-55,3,-112
1746694351289.375,163491,1746694351270.406,-55,7,-109
1746694351309.219,163494,1746694351290.281,-49,6,-112
1746694351329.125,163508,1746694351310.125,-56,6,-124
1746694351348.969,163557,1746694351330.0,-48,8,-112
1746694351368.844,163550,1746694351349.906,-53,12,-121
1746694351388.719,163566,1746694351369.75,-49,9,-122
1746694351408.594,163565,1746694351389.594,-57,3,-120
1746694351428.469,163620,1746694351409.5,-47,12,-123
1746694351448.344,163629,1746694351429.469,-47,11,-121
1746694351468.25,163695,1746694351449.219,-47,11,-112
1746694351488.125,163735,1746694351469.125,-52,6,-122
1746694351507.969,163767,1746694351489.0,-48,13,-121
1746694351527.844,163801,1746694351508.875,-56,8,-112
1746694351547.719,163819,1746694351528.75,-50,9,-121
1746694351567.625,163870,1746694351548.625,-50,8,-121
1746694351587.469,163888,1746694351568.5,-45,7,-112
1746694351607.344,163935,1746694351588.344,-51,12,-112
1746694351627.219,163974,1746694351608.219,-42,6,-112
1746694351647.125,163999,1746694351628.125,-52,12,-112
1746694351666.969,164027,1746694351647.969,-46,3,-114
1746694351686.844,164052,1746694351667.906,-41,8,-133
1746694351706.719,164100,1746694351687.75,-44,7,-114
1746694351726.594,164128,1746694351707.625,-55,8,-132
1746694351746.469,164118,1746694351727.469,-48,8,-116
1746694351766.344,164154,1746694351747.375,-56,11,-121
1746694351786.219,164177,1746694351767.219,-53,12,-125
1746694351806.062,164218,1746694351787.0942,-39,11,-120
1746694351826.0,164237,1746694351806.969,-48,12,-124
1746694351845.813,164292,1746694351826.875,-46,9,-112
1746694351865.688,164346,1746694351846.719,-61,10,-109
1746694351885.531,164403,1746694351866.562,-53,7,-112
1746694351905.406,164424,1746694351886.437,-44,12,-121
1746694351925.281,164486,1746694351906.281,-44,11,-121
1746694351945.156,164543,1746694351926.188,-42,7,-112
1746694351965.0,164609,1746694351946.031,-57,8,-112
1746694351984.875,164672,1746694351965.937,-49,11,-112
1746694352004.75,164721,1746694351985.75,-32,6,-112
1746694352024.594,164728,1746694352005.625,-45,-7,-112
1746694352044.594,164786,1746694352025.469,-53,0,-120
1746694352064.344,164839,1746694352045.375,-49,0,-121
1746694352084.219,164892,1746694352065.219,-49,8,-113
1746694352104.094,164885,1746694352085.094,-52,12,-121
1746694352123.938,164947,1746694352104.969,-45,7,-127
1746694352143.812,164956,1746694352124.844,-56,8,-127
1746694352163.687,164919,1746694352144.719,-48,7,-121
1746694352183.563,164814,1746694352164.563,-47,7,-112
1746694352203.406,164624,1746694352184.438,-55,7,-112
1746694352223.25,164456,1746694352204.344,-57,7,-112
1746694352243.156,164299,1746694352224.156,-52,8,-114
1746694352263.0,164174,1746694352244.031,-45,3,-112
1746694352282.875,164127,1746694352264.031,-50,3,-116
1746694352302.781,164083,1746694352283.812,-48,3,-121
1746694352322.656,164075,1746694352303.625,-40,12,-116
1746694352342.531,164074,1746694352323.531,-32,14,-112
1746694352362.406,164099,1746694352343.437,-49,3,-125
1746694352382.281,164106,1746694352363.281,-49,7,-112
1746694352402.156,164115,1746694352383.188,-48,16,-112
1746694352422.031,164103,1746694352403.063,-49,8,-127
1746694352441.906,164115,1746694352422.937,-57,8,-112
1746694352461.781,164125,1746694352442.781,-45,3,-112
1746694352481.688,164106,1746694352462.656,-55,9,-112
1746694352501.531,164070,1746694352482.563,-40,9,-109
1746694352521.406,164048,1746694352502.469,-45,8,-137
1746694352541.281,164008,1746694352522.312,-52,9,-121
1746694352561.156,163988,1746694352542.156,-43,6,-117
1746694352581.0,163959,1746694352562.063,-60,11,-116
1746694352600.906,163962,1746694352581.937,-58,7,-112
1746694352620.75,163960,1746694352601.75,-42,12,-112
1746694352640.625,163977,1746694352621.688,-48,9,-112
1746694352660.5,164003,1746694352641.5,-49,14,-109
1746694352680.344,164046,1746694352661.406,-44,8,-112
1746694352700.25,164057,1746694352681.25,-54,6,-121
1746694352720.094,164066,1746694352701.125,-45,7,-125
1746694352739.969,164090,1746694352721.0,-47,6,-119
1746694352759.844,164121,1746694352740.875,-49,12,-121
1746694352779.75,164135,1746694352760.75,-44,11,-112
1746694352799.594,164195,1746694352780.656,-63,12,-122
1746694352819.469,164214,1746694352800.469,-45,8,-125
1746694352839.344,164230,1746694352820.312,-48,9,-120
1746694352859.219,164255,1746694352840.219,-45,0,-121
1746694352879.094,164258,1746694352860.125,-55,6,-121
1746694352898.969,164260,1746694352880.0,-42,12,-112
1746694352918.875,164274,1746694352899.875,-57,4,-129
1746694352938.75,164292,1746694352919.75,-55,8,-121
1746694352958.594,164309,1746694352939.625,-41,8,-114
1746694352978.5,164323,1746694352959.5,-45,8,-112
1746694352998.375,164314,1746694352979.406,-44,12,-112
1746694353018.281,164318,1746694352999.312,-41,3,-113
1746694353038.125,164322,1746694353019.219,-42,8,-121
1746694353058.0,164363,1746694353039.031,-47,7,-121
1746694353077.875,164391,1746694353058.906,-49,6,-121
1746694353097.719,164402,1746694353078.75,-48,9,-125
1746694353117.625,164392,1746694353098.656,-53,9,-112
1746694353137.5,164412,1746694353118.5,-61,12,-112
1746694353157.406,164436,1746694353138.375,-45,3,-117
1746694353177.25,164445,1746694353158.25,-52,7,-112
1746694353197.125,164479,1746694353178.188,-49,6,-121
1746694353217.031,164511,1746694353198.0,-55,12,-116
1746694353236.906,164550,1746694353217.937,-47,12,-121
1746694353256.781,164610,1746694353237.781,-58,5,-106
1746694353276.688,164632,1746694353257.656,-45,6,-112
1746694353296.562,164672,1746694353277.562,-55,9,-121
1746694353316.406,164682,1746694353297.437,-58,7,-103
1746694353336.313,164714,1746694353317.375,-45,12,-121
1746694353356.188,164690,1746694353337.219,-44,12,-121
1746694353376.094,164655,1746694353357.062,-50,8,-121
1746694353395.937,164672,1746694353376.969,-40,12,-125
1746694353415.813,164668,1746694353396.875,-65,14,-121
1746694353435.719,164682,1746694353416.812,-49,8,-112
1746694353455.594,164662,1746694353436.594,-49,3,-112
1746694353475.437,164682,1746694353456.5,-52,7,-122
1746694353495.344,164644,1746694353476.344,-58,7,-121
1746694353515.188,164574,1746694353496.219,-47,3,-116
1746694353535.062,164410,1746694353516.094,-52,12,-121
1746694353554.9368,164201,1746694353535.937,-41,7,-125
1746694353574.781,163998,1746694353555.844,-52,14,-112
1746694353594.656,163832,1746694353575.688,-33,4,-112
1746694353614.531,163669,1746694353595.531,-48,3,-121
1746694353634.375,163557,1746694353615.437,-52,7,-112
1746694353654.25,163505,1746694353635.281,-57,12,-112
1746694353674.125,163509,1746694353655.125,-45,3,-125
1746694353694.0,163502,1746694353675.031,-49,11,-125
1746694353713.844,163495,1746694353694.875,-45,7,-112
1746694353733.75,163510,1746694353714.813,-50,12,-112
1746694353753.625,163502,1746694353734.625,-49,11,-112
1746694353773.469,163481,1746694353754.5,-49,12,-129
1746694353793.344,163496,1746694353774.344,-49,6,-112
1746694353813.25,163490,1746694353794.25,-45,6,-120
1746694353833.125,163472,1746694353814.25,-56,8,-113
1746694353852.969,163421,1746694353834.031,-55,7,-121
1746694353872.844,163365,1746694353853.906,-46,9,-111
1746694353892.75,163350,1746694353873.75,-47,6,-113
1746694353912.625,163315,1746694353893.656,-56,9,-112
1746694353932.469,163323,1746694353913.5,-57,12,-112
1746694353952.375,163310,1746694353933.406,-40,24,-121
1746694353972.25,163354,1746694353953.281,-45,7,-122
1746694353992.094,163397,1746694353973.125,-33,7,-121
1746694354011.937,163445,1746694353993.0,-48,14,-122
1746694354031.812,163451,1746694354012.844,-45,9,-125
1746694354051.688,163500,1746694354032.688,-57,23,-125
1746694354071.594,163538,1746694354052.563,-45,7,-127
1746694354091.469,163575,1746694354072.5,-49,12,-121
1746694354111.344,163618,1746694354092.406,-52,9,-133
1746694354131.25,163651,1746694354112.25,-49,11,-112
1746694354151.094,163700,1746694354132.125,-45,4,-113
1746694354170.969,163726,1746694354152.031,-45,3,-108
1746694354190.844,163752,1746694354171.844,-40,8,-112
1746694354210.75,163758,1746694354191.75,-57,8,-112
1746694354230.594,163789,1746694354211.687,-45,6,-121
1746694354250.5,163793,1746694354231.5,-45,4,-112
1746694354270.375,163820,1746694354251.406,-45,7,-112
1746694354290.281,163840,1746694354271.25,-42,8,-121
1746694354310.156,163877,1746694354291.125,-48,6,-112
1746694354330.0,163883,1746694354311.031,-48,7,-120
1746694354349.906,163918,1746694354330.844,-45,20,-116
1746694354369.781,163948,1746694354350.813,-55,12,-113
1746694354389.656,163978,1746694354370.687,-48,8,-127
1746694354409.562,163997,1746694354390.562,-42,6,-109
1746694354429.469,164040,1746694354410.438,-49,9,-112
1746694354449.313,164073,1746694354430.344,-48,11,-120
1746694354469.187,164107,1746694354450.187,-49,8,-120
1746694354489.062,164132,1746694354470.094,-53,3,-110
1746694354508.969,164171,1746694354489.969,-56,16,-112
1746694354528.813,164209,1746694354509.844,-48,8,-112
1746694354548.687,164234,1746694354529.75,-50,10,-113
1746694354568.562,164255,1746694354549.594,-50,8,-129
1746694354588.469,164265,1746694354569.406,-44,8,-127
1746694354608.313,164276,1746694354589.344,-45,9,-112
1746694354628.187,164346,1746694354609.219,-45,7,-128
1746694354648.062,164347,1746694354629.062,-52,12,-121
1746694354667.938,164375,1746694354648.969,-45,4,-121
1746694354687.813,164389,1746694354668.813,-50,12,-120
1746694354707.687,164417,1746694354688.719,-48,10,-120
1746694354727.594,164417,1746694354708.594,-49,12,-121
1746694354747.438,164317,1746694354728.469,-49,12,-112
1746694354767.437,164172,1746694354748.375,-39,8,-112
1746694354787.219,163962,1746694354768.344,-47,11,-121
1746694354807.094,163776,1746694354788.094,-52,7,-133
1746694354826.938,163613,1746694354807.969,-49,14,-121
1746694354846.812,163510,1746694354827.844,-49,7,-112
1746694354866.687,163470,1746694354847.687,-47,3,-113
1746694354886.563,163454,1746694354867.594,-49,11,-112
1746694354906.4382,163482,1746694354887.469,-48,0,-116
1746694354926.312,163485,1746694354907.344,-52,3,-112
1746694354946.25,163489,1746694354927.187,-43,8,-121
1746694354966.094,163487,1746694354947.063,-54,0,-106
1746694354985.938,163493,1746694354966.969,-41,9,-112
1746694355005.812,163511,1746694354986.875,-39,12,-127
1746694355025.719,163538,1746694355006.719,-55,12,-121
1746694355045.563,163513,1746694355026.594,-45,8,-125
1746694355065.438,163475,1746694355046.469,-56,12,-112
1746694355085.344,163420,1746694355066.344,-45,9,-129
1746694355105.219,163374,1746694355086.219,-53,9,-121
1746694355125.063,163366,1746694355106.063,-40,12,-120
1746694355144.969,163366,1746694355126.0,-44,9,-125
1746694355164.906,163382,1746694355145.875,-50,7,-125
1746694355184.719,163379,1746694355165.813,-52,16,-121
1746694355204.563,163428,1746694355185.625,-51,7,-128
1746694355224.469,163439,1746694355205.469,-57,11,-112
1746694355244.344,163462,1746694355225.344,-45,12,-111
1746694355264.219,163508,1746694355245.219,-50,8,-112
1746694355284.063,163517,1746694355265.094,-53,10,-112
1746694355303.969,163533,1746694355285.0,-51,15,-121
1746694355323.844,163549,1746694355304.812,-52,5,-112
1746694355343.75,163545,1746694355324.719,-45,7,-125
1746694355363.563,163582,1746694355344.625,-48,7,-113
1746694355383.469,163599,1746694355364.5,-57,7,-112
1746694355403.344,163613,1746694355384.344,-45,9,-125
1746694355423.219,163639,1746694355404.187,-48,12,-113
1746694355443.094,163655,1746694355424.125,-45,6,-112
1746694355462.969,163639,1746694355444.0,-52,12,-125
1746694355482.875,163647,1746694355463.937,-53,11,-125
1746694355502.687,163658,1746694355483.75,-57,6,-112
1746694355522.563,163651,1746694355503.625,-47,15,-114
1746694355542.438,163661,1746694355523.469,-47,17,-112
1746694355562.3118,163673,1746694355543.312,-52,7,-121
1746694355582.156,163659,1746694355563.219,-55,12,-120
1746694355602.031,163697,1746694355583.094,-50,11,-121
1746694355621.969,163701,1746694355602.937,-49,8,-112
1746694355641.781,163734,1746694355622.812,-40,12,-120
1746694355661.625,163722,1746694355642.656,-49,12,-114
1746694355681.5,163755,1746694355662.531,-48,9,-121
1746694355701.375,163754,1746694355682.406,-55,9,-123
1746694355721.25,163774,1746694355702.25,-54,8,-112
1746694355741.156,163785,1746694355722.094,-47,8,-112
1746694355760.969,163794,1746694355742.031,-44,3,-112
1746694355780.844,163801,1746694355761.906,-57,4,-129
1746694355800.719,163798,1746694355781.75,-45,8,-121
1746694355820.5618,163819,1746694355801.625,-47,3,-129
1746694355840.438,163832,1746694355821.469,-51,12,-112
1746694355860.313,163841,1746694355841.3442,-42,10,-120
1746694355880.187,163828,1746694355861.187,-57,9,-127
1746694355900.062,163779,1746694355881.094,-45,9,-121
1746694355919.906,163715,1746694355900.969,-49,9,-122
1746694355939.781,163577,1746694355920.781,-49,3,-112
1746694355959.75,163372,1746694355940.687,-49,7,-121
1746694355979.5,163151,1746694355960.656,-52,13,-112
1746694355999.375,162956,1746694355980.406,-56,12,-122
1746694356019.25,162855,1746694356000.281,-44,14,-121
1746694356039.094,162811,1746694356020.156,-45,24,-137
1746694356058.969,162803,1746694356040.0,-45,9,-120
1746694356078.844,162836,1746694356059.875,-53,7,-121
1746694356098.719,162852,1746694356079.719,-48,12,-112
1746694356118.594,162899,1746694356099.625,-57,8,-112
1746694356138.5,162921,1746694356119.5,-48,4,-125
1746694356158.344,162927,1746694356139.375,-60,6,-112
1746694356178.25,162962,1746694356159.219,-45,12,-119
1746694356198.062,162987,1746694356179.125,-52,8,-121
1746694356217.969,163003,1746694356199.0,-53,12,-121
1746694356237.844,163040,1746694356218.875,-49,12,-121
1746694356257.75,162998,1746694356238.719,-45,4,-125
1746694356277.562,162982,1746694356258.625,-45,12,-121
1746694356297.437,162973,1746694356278.469,-42,10,-121
1746694356317.281,162964,1746694356298.344,-54,7,-121
1746694356337.188,162976,1746694356318.188,-57,7,-121
1746694356357.031,162983,1746694356338.094,-52,8,-112
1746694356376.906,163020,1746694356357.937,-52,7,-111
1746694356396.813,163049,1746694356377.781,-57,3,-112
1746694356416.656,163083,1746694356397.656,-49,8,-112
1746694356436.5,163143,1746694356417.562,-69,7,-112
1746694356456.437,163147,1746694356437.437,-42,12,-121
1746694356476.281,163193,1746694356457.313,-55,6,-125
1746694356496.156,163261,1746694356477.188,-57,8,-121
1746694356516.062,163330,1746694356497.031,-45,7,-112
1746694356535.969,163391,1746694356516.937,-55,7,-112
1746694356555.813,163441,1746694356536.813,-49,3,-84
1746694356575.688,163468,1746694356556.75,-52,12,-111
1746694356595.562,163499,1746694356576.562,-49,15,-125
1746694356615.437,163547,1746694356596.469,-55,15,-129
1746694356635.344,163605,1746694356616.313,-46,12,-112
1746694356655.188,163642,1746694356636.188,-41,11,-112
1746694356675.094,163675,1746694356656.25,-53,12,-122
1746694356694.969,163698,1746694356675.969,-44,7,-112
1746694356714.844,163742,1746694356695.844,-52,14,-112
1746694356734.719,163753,1746694356715.781,-42,8,-121
1746694356754.625,163775,1746694356735.625,-47,9,-112
1746694356774.469,163832,1746694356755.5,-61,11,-121
1746694356794.344,163850,1746694356775.344,-48,7,-112
1746694356814.219,163870,1746694356795.219,-47,7,-116
1746694356834.094,163890,1746694356815.094,-41,8,-117
1746694356854.0,163963,1746694356834.969,-56,13,-114
1746694356873.813,164041,1746694356854.875,-49,11,-114
1746694356893.719,164069,1746694356874.719,-57,12,-119
1746694356913.719,164111,1746694356894.594,-40,3,-112
1746694356933.469,164134,1746694356914.563,-48,9,-121
1746694356953.3132,164178,1746694356934.344,-45,1,-127
1746694356973.219,164203,1746694356954.25,-59,4,-112
1746694356993.094,164242,1746694356974.062,-45,12,-112
1746694357012.969,164291,1746694356994.0,-57,11,-112
1746694357032.844,164312,1746694357013.875,-47,16,-126
1746694357052.687,164332,1746694357033.75,-44,15,-125
1746694357072.594,164355,1746694357053.562,-47,4,-127
1746694357092.438,164302,1746694357073.469,-45,5,-112
1746694357112.344,164228,1746694357093.406,-52,7,-119
1746694357132.219,164092,1746694357113.25,-49,9,-109
1746694357152.125,163890,1746694357133.094,-49,9,-121
1746694357171.938,163670,1746694357153.031,-58,12,-121
1746694357191.844,163502,1746694357172.875,-57,20,-111
1746694357211.719,163404,1746694357192.75,-44,12,-112
1746694357231.594,163377,1746694357212.75,-45,11,-110
1746694357251.469,163371,1746694357232.5,-56,9,-116
1746694357271.313,163399,1746694357252.375,-50,7,-113
1746694357291.219,163432,1746694357272.219,-33,16,-128
1746694357311.125,163473,1746694357292.125,-52,8,-121
1746694357330.938,163497,1746694357312.031,-45,15,-125
1746694357350.844,163506,1746694357331.844,-52,14,-125
1746694357370.719,163561,1746694357351.719,-41,12,-125
1746694357390.625,163600,1746694357371.625,-49,3,-121
1746694357410.469,163600,1746694357391.5,-57,8,-112
1746694357430.344,163547,1746694357411.375,-45,11,-112
1746694357450.219,163468,1746694357431.25,-56,8,-125
1746694357470.062,163407,1746694357451.094,-41,7,-121
1746694357489.938,163372,1746694357470.969,-56,7,-121
1746694357509.7808,163347,1746694357490.875,-53,7,-115
1746694357529.687,163343,1746694357510.687,-46,12,-112
1746694357549.562,163355,1746694357530.562,-56,9,-121
1746694357569.406,163398,1746694357550.469,-42,15,-125
1746694357589.313,163449,1746694357570.312,-49,4,-121
1746694357609.156,163487,1746694357590.156,-47,9,-112
1746694357629.094,163519,1746694357610.188,-40,7,-112
1746694357648.906,163534,1746694357629.938,-51,11,-116
1746694357668.781,163586,1746694357649.812,-53,11,-121
1746694357688.687,163638,1746694357669.656,-49,19,-125
1746694357708.531,163688,1746694357689.563,-52,8,-121
1746694357728.406,163732,1746694357709.469,-47,12,-122
1746694357748.281,163738,1746694357729.281,-52,16,-125
1746694357768.156,163740,1746694357749.187,-42,7,-121
1746694357787.969,163735,1746694357769.063,-33,4,-122
1746694357807.875,163738,1746694357788.906,-44,9,-116
1746694357827.719,163765,1746694357808.75,-48,12,-126
1746694357847.594,163767,1746694357828.625,-47,11,-112
1746694357867.4368,163759,1746694357848.531,-53,8,-112
1746694357887.313,163783,1746694357868.344,-55,8,-112
1746694357907.188,163800,1746694357888.156,-45,8,-112
1746694357927.062,163820,1746694357908.062,-55,7,-109
1746694357946.906,163819,1746694357927.969,-45,11,-121
1746694357966.781,163832,1746694357947.813,-49,4,-121
1746694357986.656,163877,1746694357967.656,-56,27,-125
1746694358006.5,163907,1746694357987.531,-45,11,-112
1746694358026.375,163935,1746694358007.406,-41,8,-117
1746694358046.25,163942,1746694358027.281,-49,6,-116
1746694358066.125,163997,1746694358047.156,-52,7,-121
1746694358085.969,163998,1746694358067.0,-49,15,-119
1746694358105.844,164007,1746694358086.875,-45,4,-112
1746694358125.75,164025,1746694358106.75,-42,9,-112
1746694358145.625,164074,1746694358126.625,-52,7,-111
1746694358165.469,164088,1746694358146.5,-47,6,-125
1746694358185.344,164082,1746694358166.375,-45,14,-112
1746694358205.219,164087,1746694358186.188,-47,11,-116
1746694358225.125,164112,1746694358206.094,-45,3,-112
1746694358244.969,164082,1746694358226.0,-55,7,-122
1746694358264.844,163964,1746694358245.844,-47,7,-125
1746694358284.75,163789,1746694358265.75,-60,7,-121
1746694358304.625,163564,1746694358285.625,-45,11,-112
1746694358324.469,163375,1746694358305.5,-45,12,-112
1746694358344.344,163243,1746694358325.406,-53,11,-112
1746694358364.219,163175,1746694358345.219,-49,9,-112
1746694358384.094,163142,1746694358365.063,-49,23,-112
1746694358404.062,163125,1746694358385.0,-42,8,-112
1746694358423.906,163121,1746694358404.938,-42,15,-115
1746694358443.75,163161,1746694358424.719,-47,10,-116
1746694358463.594,163177,1746694358444.625,-49,8,-122
1746694358483.469,163209,1746694358464.531,-33,19,-127
1746694358503.344,163222,1746694358484.375,-53,12,-121
1746694358523.25,163234,1746694358504.219,-57,12,-112
1746694358543.031,163287,1746694358524.094,-44,20,-122
1746694358562.937,163291,1746694358543.969,-48,7,-121
1746694358582.812,163275,1746694358563.812,-55,9,-113
1746694358602.688,163249,1746694358583.688,-48,5,-104
1746694358622.531,163221,1746694358603.5308,-49,12,-112
1746694358642.406,163209,1746694358623.406,-45,8,-104
1746694358662.281,163206,1746694358643.281,-58,12,-112
1746694358682.188,163240,1746694358663.156,-48,12,-127
1746694358702.0,163276,1746694358683.063,-52,13,-112
1746694358721.906,163307,1746694358702.9368,-53,14,-112
1746694358741.781,163321,1746694358722.781,-49,12,-121
1746694358761.656,163324,1746694358742.656,-47,12,-121
1746694358781.5,163362,1746694358762.531,-47,7,-125
1746694358801.437,163442,1746694358782.406,-56,12,-112
1746694358821.25,163501,1746694358802.313,-53,7,-121
1746694358841.125,163564,1746694358822.094,-41,9,-121
1746694358861.0,163600,1746694358842.062,-53,12,-116
1746694358880.875,163617,1746694358861.906,-50,24,-125
1746694358900.75,163659,1746694358881.75,-56,4,-125
1746694358920.563,163711,1746694358901.625,-60,12,-121
1746694358940.438,163723,1746694358921.5,-58,12,-105
1746694358960.344,163733,1746694358941.375,-49,7,-120
1746694358980.219,163758,1746694358961.219,-56,8,-121
1746694359000.031,163801,1746694358981.094,-61,11,-109
1746694359019.938,163823,1746694359000.969,-56,10,-112
1746694359039.781,163840,1746694359020.812,-45,9,-112
1746694359059.656,163861,1746694359040.656,-42,5,-121
1746694359079.5,163893,1746694359060.531,-41,8,-127
1746694359099.375,163906,1746694359080.406,-49,15,-125
1746694359119.25,163929,1746694359100.25,-44,19,-125
1746694359139.187,163955,1746694359120.156,-52,14,-125
1746694359158.969,163956,1746694359140.094,-60,14,-125
1746694359178.844,163994,1746694359159.875,-46,8,-112
1746694359198.75,163979,1746694359179.719,-45,7,-112
1746694359218.594,164026,1746694359199.625,-42,6,-121
1746694359238.437,164066,1746694359219.469,-47,6,-114
1746694359258.313,164108,1746694359239.313,-56,3,-127
1746694359278.188,164152,1746694359259.187,-57,3,-104
1746694359298.062,164156,1746694359279.094,-45,7,-121
1746694359317.875,164115,1746694359298.969,-50,9,-116
1746694359337.781,164001,1746694359318.781,-48,0,-109
1746694359357.625,163814,1746694359338.687,-55,7,-121
1746694359377.5,163625,1746694359358.531,-45,9,-121
1746694359397.344,163440,1746694359378.344,-45,14,-125
1746694359417.219,163340,1746694359398.281,-57,12,-112
1746694359437.063,163284,1746694359418.094,-52,15,-112
1746694359456.937,163275,1746694359437.969,-53,12,-117
1746694359476.781,163276,1746694359457.844,-40,10,-121
1746694359496.656,163298,1746694359477.719,-49,8,-121
1746694359516.531,163329,1746694359497.563,-50,12,-121
1746694359536.406,163331,1746694359517.437,-45,9,-121
1746694359556.25,163356,1746694359537.281,-44,7,-112
1746694359576.094,163382,1746694359557.156,-52,9,-120
1746694359595.969,163396,1746694359576.969,-45,11,-120
1746694359615.844,163418,1746694359596.875,-48,10,-121
1746694359635.687,163389,1746694359616.75,-44,6,-112
1746694359655.719,163339,1746694359636.594,-57,7,-133
1746694359675.438,163294,1746694359656.469,-48,16,-121
1746694359695.312,163273,1746694359676.344,-52,11,-125
1746694359715.187,163254,1746694359696.219,-49,9,-112
1746694359735.063,163263,1746694359716.094,-57,8,-121
1746694359754.938,163276,1746694359735.938,-50,11,-112
1746694359774.781,163298,1746694359755.781,-49,15,-112
1746694359794.656,163341,1746694359775.687,-53,8,-121
1746694359814.531,163373,1746694359795.563,-52,12,-112
1746694359834.406,163388,1746694359815.406,-49,10,-121
1746694359854.25,163423,1746694359835.281,-41,11,-112
1746694359874.094,163454,1746694359855.125,-44,6,-125
1746694359893.969,163484,1746694359875.0,-45,10,-120
1746694359913.844,163525,1746694359894.875,-45,9,-128
1746694359933.781,163527,1746694359914.75,-60,6,-121
1746694359953.562,163530,1746694359934.687,-56,6,-112
1746694359973.437,163538,1746694359954.437,-45,8,-114
1746694359993.313,163557,1746694359974.313,-54,7,-120
1746694360013.156,163534,1746694359994.188,-57,15,-117
1746694360033.031,163523,1746694360014.062,-42,7,-112
1746694360052.906,163511,1746694360033.937,-53,8,-112
1746694360072.781,163499,1746694360053.813,-43,13,-111
1746694360092.625,163520,1746694360073.656,-48,7,-112
1746694360112.5,163505,1746694360093.5618,-48,12,-121
1746694360132.344,163534,1746694360113.344,-48,14,-113
1746694360152.25,163533,1746694360133.219,-48,11,-111
1746694360172.0632,163524,1746694360153.125,-41,9,-125
1746694360191.969,163541,1746694360173.0,-43,15,-129
1746694360211.875,163542,1746694360192.844,-56,11,-125
1746694360231.719,163540,1746694360212.75,-49,9,-121
1746694360251.563,163575,1746694360232.594,-65,7,-112
1746694360271.4692,163580,1746694360252.469,-48,8,-112
1746694360291.312,163600,1746694360272.375,-50,12,-114
1746694360311.188,163619,1746694360292.219,-52,9,-112
1746694360331.063,163620,1746694360312.125,-48,4,-122
1746694360350.937,163637,1746694360332.0,-37,7,-122
1746694360370.844,163654,1746694360351.8118,-55,14,-114
1746694360390.656,163570,1746694360371.75,-45,12,-121
1746694360410.531,163449,1746694360391.594,-53,15,-112
1746694360430.437,163243,1746694360411.437,-45,5,-122
1746694360450.281,163033,1746694360431.312,-47,8,-112
1746694360470.125,162823,1746694360451.156,-49,3,-112
1746694360490.125,162676,1746694360471.094,-45,10,-125
1746694360509.875,162585,1746694360490.906,-65,14,-129
1746694360529.781,162559,1746694360510.781,-52,12,-105
1746694360549.656,162561,1746694360530.656,-46,3,-112
1746694360569.5,162571,1746694360550.531,-54,15,-112
1746694360589.406,162619,1746694360570.531,-41,6,-112
1746694360609.281,162634,1746694360590.312,-56,8,-121
1746694360629.094,162665,1746694360610.156,-55,12,-113
1746694360648.969,162682,1746694360630.0,-49,8,-121
1746694360668.906,162753,1746694360649.875,-41,7,-121
1746694360688.687,162816,1746694360669.781,-61,7,-112
1746694360708.563,162847,1746694360689.594,-50,12,-121
1746694360728.438,162809,1746694360709.5,-41,12,-121
1746694360748.281,162752,1746694360729.312,-45,7,-129
1746694360768.156,162727,1746694360749.187,-52,12,-116
1746694360788.0,162706,1746694360769.063,-45,7,-111
1746694360807.875,162715,1746694360788.906,-61,4,-125
1746694360827.75,162742,1746694360808.781,-52,12,-121
1746694360847.625,162784,1746694360828.625,-47,11,-112
1746694360867.4368,162806,1746694360848.5,-55,0,-129
1746694360887.344,162859,1746694360868.313,-44,3,-116
1746694360907.219,162863,1746694360888.2192,-55,12,-121
1746694360927.062,162910,1746694360908.094,-55,12,-125
1746694360946.937,162967,1746694360927.969,-42,7,-125
1746694360966.781,163010,1746694360947.844,-56,7,-125
1746694360986.688,163051,1746694360967.688,-60,14,-112
1746694361006.531,163095,1746694360987.562,-45,9,-111
1746694361026.375,163137,1746694361007.469,-56,12,-119
1746694361046.281,163172,1746694361027.313,-46,11,-112
1746694361066.125,163221,1746694361047.156,-53,3,-125
1746694361085.969,163249,1746694361067.031,-52,5,-121
1746694361105.906,163275,1746694361086.906,-45,6,-112
1746694361125.781,163268,1746694361106.781,-48,12,-112
1746694361145.656,163262,1746694361126.656,-49,7,-121
1746694361165.5,163260,1746694361146.562,-52,9,-125
1746694361185.437,163283,1746694361166.406,-61,8,-112
1746694361205.25,163328,1746694361186.25,-48,3,-116
1746694361225.125,163347,1746694361206.125,-48,8,-112
1746694361245.0,163393,1746694361226.031,-46,9,-121
1746694361264.875,163447,1746694361245.906,-58,8,-129
1746694361284.781,163494,1746694361265.75,-45,9,-121
1746694361304.656,163530,1746694361285.656,-56,11,-121
1746694361324.5,163569,1746694361305.531,-49,7,-121
1746694361344.375,163609,1746694361325.406,-49,8,-120
1746694361364.313,163677,1746694361345.25,-56,12,-121
1746694361384.094,163693,1746694361365.187,-49,14,-120
1746694361403.969,163713,1746694361385.0,-47,12,-121
1746694361423.812,163740,1746694361404.875,-53,7,-125
1746694361443.688,163767,1746694361424.719,-42,7,-125
1746694361463.531,163746,1746694361444.563,-41,3,-112
1746694361483.406,163683,1746694361464.469,-48,6,-121
1746694361503.281,163497,1746694361484.344,-56,12,-112
1746694361523.156,163271,1746694361504.156,-41,10,-112
1746694361543.0,163073,1746694361524.063,-48,19,-121
1746694361562.875,162892,1746694361543.906,-49,12,-112
1746694361582.719,162797,1746694361563.781,-58,7,-112
1746694361602.594,162750,1746694361583.625,-42,15,-121
1746694361622.469,162776,1746694361603.469,-49,7,-112
1746694361642.344,162811,1746694361623.375,-49,7,-121
1746694361662.219,162832,1746694361643.219,-44,6,-112
1746694361682.094,162861,1746694361663.094,-53,7,-112
1746694361701.906,162854,1746694361682.969,-49,7,-112
1746694361721.812,162897,1746694361702.844,-50,15,-112
1746694361741.687,162925,1746694361722.719,-49,11,-121
1746694361761.531,162977,1746694361742.563,-43,11,-113
1746694361781.406,162951,1746694361762.406,-39,7,-125
1746694361801.25,162938,1746694361782.312,-49,14,-125
1746694361821.125,162896,1746694361802.156,-49,11,-121
1746694361841.0,162839,1746694361822.0,-45,12,-121
1746694361860.938,162821,1746694361841.906,-51,9,-121
1746694361880.719,162806,1746694361861.844,-52,8,-112
1746694361900.625,162833,1746694361881.594,-55,12,-114
1746694361920.5,162806,1746694361901.5,-42,6,-112
1746694361940.344,162867,1746694361921.344,-34,16,-120
1746694361960.219,162932,1746694361941.25,-53,8,-112
1746694361980.094,162946,1746694361961.125,-45,10,-121
1746694361999.969,162998,1746694361981.0,-45,14,-114
1746694362019.844,163050,1746694362000.844,-44,10,-112
1746694362039.719,163088,1746694362020.781,-53,15,-112
1746694362059.594,163135,1746694362040.594,-57,12,-108
1746694362079.437,163172,1746694362060.469,-49,11,-112
1746694362099.313,163223,1746694362080.375,-55,11,-112
1746694362119.188,163228,1746694362100.25,-47,19,-115
1746694362139.062,163299,1746694362120.094,-44,7,-121
1746694362158.906,163327,1746694362139.969,-53,9,-111
1746694362178.781,163334,1746694362159.813,-45,4,-109
1746694362198.656,163331,1746694362179.688,-45,6,-104
1746694362218.531,163334,1746694362199.531,-53,11,-112
1746694362238.406,163383,1746694362219.406,-52,23,-112
1746694362258.313,163402,1746694362239.313,-49,3,-125
1746694362278.156,163383,1746694362259.156,-47,15,-120
1746694362298.031,163431,1746694362279.031,-45,3,-114
1746694362317.875,163466,1746694362298.906,-64,12,-112
1746694362337.75,163508,1746694362318.781,-49,8,-121
1746694362357.625,163514,1746694362338.625,-50,9,-121
1746694362377.469,163544,1746694362358.469,-49,11,-120
1746694362397.312,163580,1746694362378.344,-48,7,-112
1746694362417.188,163591,1746694362398.25,-45,8,-112
1746694362437.031,163602,1746694362418.063,-55,11,-127
1746694362456.906,163638,1746694362437.937,-52,12,-121
1746694362476.781,163643,1746694362457.812,-49,9,-121
1746694362496.625,163676,1746694362477.688,-49,3,-122
1746694362516.5,163679,1746694362497.531,-55,12,-121
1746694362536.375,163690,1746694362517.375,-49,11,-112
1746694362556.187,163687,1746694362537.25,-56,7,-112
1746694362576.062,163659,1746694362557.125,-57,14,-116
1746694362596.063,163579,1746694362576.906,-43,9,-112
1746694362615.781,163402,1746694362596.969,-57,9,-121
1746694362635.625,163168,1746694362616.656,-41,3,-133
1746694362655.5,162941,1746694362636.5,-44,8,-116
1746694362675.344,162753,1746694362656.375,-53,4,-125
1746694362695.25,162602,1746694362676.25,-55,7,-126
1746694362715.156,162518,1746694362696.125,-57,11,-112
1746694362734.937,162513,1746694362715.969,-49,3,-117
1746694362754.781,162490,1746694362735.813,-56,11,-112
1746694362774.656,162507,1746694362755.656,-48,11,-112
1746694362794.5,162532,1746694362775.562,-57,8,-121
1746694362814.375,162549,1746694362795.406,-53,9,-112
1746694362834.25,162554,1746694362815.25,-45,7,-112
1746694362854.125,162585,1746694362835.156,-56,12,-121
1746694362873.969,162579,1746694362855.0,-55,10,-110
1746694362893.844,162560,1746694362874.875,-45,7,-112
1746694362913.719,162519,1746694362894.719,-55,6,-112
1746694362933.594,162470,1746694362914.563,-47,9,-112
1746694362953.438,162407,1746694362934.5,-56,7,-114
1746694362973.312,162336,1746694362954.375,-56,12,-112
1746694362993.187,162305,1746694362974.219,-50,7,-121
1746694363013.031,162276,1746694362994.063,-52,11,-125
1746694363032.906,162265,1746694363013.937,-57,7,-116
1746694363052.812,162277,1746694363033.844,-41,7,-112
1746694363072.656,162322,1746694363053.688,-52,24,-125
1746694363092.5,162347,1746694363073.563,-52,7,-122
1746694363112.406,162364,1746694363093.406,-42,6,-112
1746694363132.219,162365,1746694363113.281,-46,-1,-128
1746694363152.094,162400,1746694363133.094,-41,11,-125
1746694363171.906,162401,1746694363153.0,-61,16,-122
1746694363191.813,162442,1746694363172.844,-52,12,-113
1746694363211.687,162483,1746694363192.719,-57,8,-125
1746694363231.562,162507,1746694363212.594,-57,11,-121
1746694363251.406,162516,1746694363232.563,-57,11,-112
1746694363271.281,162539,1746694363252.313,-56,7,-110
1746694363291.156,162550,1746694363272.156,-57,12,-111
1746694363311.031,162578,1746694363292.031,-48,14,-125
1746694363330.906,162599,1746694363311.906,-55,14,-121
1746694363350.75,162594,1746694363331.844,-45,12,-121
1746694363370.625,162621,1746694363351.625,-45,8,-125
1746694363390.5,162596,1746694363371.5,-57,12,-127
1746694363410.312,162571,1746694363391.344,-38,11,-112
1746694363430.219,162535,1746694363411.25,-49,9,-116
1746694363450.094,162539,1746694363431.094,-42,14,-121
1746694363469.969,162571,1746694363451.0,-55,39,-121
1746694363489.844,162593,1746694363470.813,-50,4,-112
1746694363509.719,162607,1746694363490.75,-44,11,-121
1746694363529.562,162668,1746694363510.562,-44,5,-100
1746694363549.437,162717,1746694363530.406,-47,8,-120
1746694363569.281,162779,1746694363550.313,-41,9,-111
1746694363589.156,162824,1746694363570.219,-52,7,-121
1746694363609.031,162851,1746694363590.031,-48,12,-121
1746694363628.906,162889,1746694363609.937,-50,12,-125
1746694363648.75,162928,1746694363629.813,-50,15,-125
1746694363668.625,162883,1746694363649.656,-56,3,-121
1746694363688.469,162776,1746694363669.5,-53,7,-112
1746694363708.344,162585,1746694363689.375,-48,4,-112
1746694363728.281,162371,1746694363709.281,-52,8,-121
1746694363748.094,162175,1746694363729.125,-49,12,-116
1746694363768.0,162049,1746694363748.969,-45,3,-125
1746694363787.844,162005,1746694363768.906,-63,8,-121
1746694363807.719,162013,1746694363788.781,-65,11,-117
1746694363827.594,162040,1746694363808.594,-44,14,-114
1746694363847.469,162088,1746694363828.469,-52,9,-125
1746694363867.312,162151,1746694363848.344,-56,8,-112
1746694363887.219,162205,1746694363868.25,-57,9,-112
1746694363907.063,162252,1746694363888.063,-48,9,-112
1746694363926.969,162291,1746694363907.938,-42,3,-129
1746694363946.781,162334,1746694363927.875,-54,7,-115
1746694363966.687,162344,1746694363947.719,-50,12,-112
1746694363986.563,162313,1746694363967.563,-47,12,-128
1746694364006.438,162279,1746694363987.469,-45,11,-125
1746694364026.312,162232,1746694364007.312,-42,7,-121
1746694364046.156,162160,1746694364027.219,-55,9,-111
1746694364066.031,162125,1746694364047.031,-42,3,-112
1746694364085.875,162114,1746694364066.906,-52,8,-121
1746694364105.719,162136,1746694364086.781,-56,14,-113
1746694364125.594,162160,1746694364106.625,-57,9,-112
1746694364145.438,162227,1746694364126.469,-38,16,-129
1746694364165.344,162281,1746694364146.313,-45,7,-112
1746694364185.187,162315,1746694364166.25,-57,15,-112
1746694364205.062,162372,1746694364186.094,-57,14,-121
1746694364224.938,162413,1746694364205.969,-49,14,-122
1746694364244.875,162447,1746694364225.781,-45,9,-112
1746694364264.656,162500,1746694364245.687,-56,6,-113
1746694364284.531,162540,1746694364265.594,-45,7,-112
1746694364304.375,162594,1746694364285.406,-56,5,-112
1746694364324.219,162625,1746694364305.281,-45,4,-127
1746694364344.125,162681,1746694364325.156,-47,6,-112
1746694364363.969,162718,1746694364345.031,-52,9,-143
1746694364383.875,162756,1746694364364.875,-45,7,-122
1746694364403.719,162764,1746694364384.75,-47,6,-121
1746694364423.563,162794,1746694364404.625,-45,12,-125
1746694364443.469,162804,1746694364424.469,-45,12,-112
1746694364463.344,162861,1746694364444.344,-55,12,-125
1746694364483.188,162884,1746694364464.219,-55,9,-112
1746694364503.031,162911,1746694364484.094,-48,-1,-125
1746694364522.937,162946,1746694364503.937,-58,11,-112
1746694364542.875,162973,1746694364523.813,-44,7,-112
1746694364562.656,162976,1746694364543.688,-52,12,-116
1746694364582.562,162982,1746694364563.594,-40,7,-121
1746694364602.437,162967,1746694364583.5,-48,10,-113
1746694364622.344,162940,1746694364603.344,-45,9,-116
1746694364642.313,162919,1746694364623.219,-50,11,-125
1746694364662.031,162936,1746694364643.094,-50,0,-120
1746694364681.937,162994,1746694364662.937,-49,7,-112
1746694364701.813,163032,1746694364682.813,-45,15,-112
1746694364721.625,163076,1746694364702.688,-50,12,-128
1746694364741.531,163091,1746694364722.562,-55,12,-121
1746694364761.375,163144,1746694364742.406,-48,3,-112
1746694364781.25,163181,1746694364762.25,-49,3,-125
1746694364801.125,163145,1746694364782.125,-53,6,-112
1746694364820.969,163018,1746694364802.0,-47,6,-112
1746694364840.844,162804,1746694364821.844,-34,12,-121
1746694364860.687,162579,1746694364841.719,-52,10,-112
1746694364880.531,162374,1746694364861.625,-49,14,-117
1746694364900.438,162245,1746694364881.438,-45,17,-121
1746694364920.344,162166,1746694364901.312,-48,12,-120
1746694364940.125,162163,1746694364921.375,-41,11,-121
1746694364960.031,162191,1746694364941.031,-50,13,-114
1746694364979.875,162230,1746694364960.938,-49,12,-121
1746694364999.75,162277,1746694364980.781,-45,9,-125
1746694365019.594,162319,1746694365000.625,-53,7,-125
1746694365039.5,162358,1746694365020.5,-55,8,-112
1746694365059.313,162403,1746694365040.375,-47,7,-106
1746694365079.219,162446,1746694365060.25,-56,7,-112
1746694365099.062,162457,1746694365080.094,-42,11,-112
1746694365118.938,162445,1746694365099.938,-47,8,-129
1746694365138.813,162411,1746694365119.781,-49,9,-120
1746694365158.687,162369,1746694365139.719,-52,7,-121
1746694365178.531,162339,1746694365159.562,-52,7,-112
1746694365198.375,162317,1746694365179.4382,-55,11,-111
1746694365218.25,162326,1746694365199.25,-47,10,-125
1746694365238.125,162346,1746694365219.094,-57,7,-125
1746694365258.0618,162360,1746694365239.0,-45,3,-120
1746694365277.812,162404,1746694365258.969,-47,12,-130
1746694365297.688,162430,1746694365278.688,-55,3,-125
1746694365317.594,162476,1746694365298.594,-51,14,-112
1746694365337.406,162532,1746694365318.469,-36,1,-112
1746694365357.281,162567,1746694365338.344,-58,9,-122
1746694365377.125,162597,1746694365358.156,-45,7,-112
1746694365397.0,162611,1746694365378.0,-58,-9,-112
1746694365416.844,162631,1746694365397.875,-45,6,-112
1746694365436.719,162637,1746694365417.75,-56,8,-112
1746694365456.594,162665,1746694365437.594,-45,6,-129
1746694365476.469,162665,1746694365457.5,-58,6,-112
1746694365496.281,162663,1746694365477.344,-48,12,-112
1746694365516.187,162693,1746694365497.219,-53,14,-122
1746694365536.063,162714,1746694365517.063,-44,15,-125
1746694365555.938,162698,1746694365536.938,-48,3,-112
1746694365575.781,162678,1746694365556.844,-54,6,-122
1746694365595.656,162681,1746694365576.656,-50,9,-112
1746694365615.531,162654,1746694365596.531,-50,10,-121
1746694365635.406,162653,1746694365616.406,-55,14,-112
1746694365655.25,162638,1746694365636.281,-45,7,-121
1746694365675.156,162636,1746694365656.125,-48,8,-112
1746694365695.0,162638,1746694365676.031,-48,8,-104
1746694365714.844,162660,1746694365695.844,-47,4,-112
1746694365734.719,162654,1746694365715.781,-40,8,-121
1746694365754.594,162687,1746694365735.625,-48,4,-112
1746694365774.625,162695,1746694365755.469,-49,9,-137
1746694365794.344,162687,1746694365775.375,-49,16,-131
1746694365814.219,162698,1746694365795.25,-60,14,-121
1746694365834.094,162694,1746694365815.094,-45,12,-112
1746694365853.969,162703,1746694365834.969,-55,6,-112
1746694365873.813,162691,1746694365854.813,-57,5,-112
1746694365893.656,162673,1746694365874.719,-47,15,-125
1746694365913.562,162644,1746694365894.594,-57,14,-113
1746694365933.438,162545,1746694365914.469,-44,7,-112
1746694365953.3132,162396,1746694365934.313,-55,8,-112
1746694365973.187,162138,1746694365954.281,-48,4,-116
1746694365993.062,161884,1746694365974.062,-50,9,-123
1746694366012.938,161656,1746694365993.938,-50,12,-112
1746694366032.781,161488,1746694366013.844,-45,9,-121
1746694366052.687,161378,1746694366033.6558,-55,8,-112
1746694366072.594,161320,1746694366053.562,-45,7,-112
1746694366092.406,161302,1746694366073.375,-45,11,-117
1746694366112.25,161308,1746694366093.281,-48,14,-112
1746694366132.125,161330,1746694366113.187,-42,12,-116
1746694366152.031,161370,1746694366133.0,-52,12,-121
1746694366171.875,161382,1746694366152.906,-45,6,-112
1746694366191.75,161395,1746694366172.781,-55,16,-112
1746694366211.594,161429,1746694366192.656,-57,11,-112
1746694366231.469,161431,1746694366212.5,-45,7,-121
1746694366251.312,161379,1746694366232.344,-57,4,-112
1746694366271.188,161330,1746694366252.219,-52,7,-111
1746694366291.063,161270,1746694366272.125,-61,7,-112
1746694366310.906,161221,1746694366292.0,-49,3,-109
1746694366330.781,161196,1746694366311.812,-47,4,-112
1746694366350.625,161199,1746694366331.688,-49,8,-112
1746694366370.531,161197,1746694366351.531,-47,8,-120
1746694366390.375,161248,1746694366371.406,-57,7,-121
1746694366410.219,161283,1746694366391.281,-57,12,-109
1746694366430.125,161335,1746694366411.156,-58,14,-112
1746694366450.063,161369,1746694366431.0,-45,9,-112
1746694366469.844,161400,1746694366450.969,-60,8,-122
1746694366489.719,161439,1746694366470.75,-56,12,-114
1746694366509.625,161512,1746694366490.625,-47,7,-112
1746694366529.469,161595,1746694366510.5,-50,24,-121
1746694366549.375,161659,1746694366530.344,-44,7,-109
1746694366569.187,161690,1746694366550.281,-48,8,-113
1746694366589.063,161773,1746694366570.094,-47,7,-109
1746694366608.938,161813,1746694366589.969,-53,4,-109
1746694366628.812,161873,1746694366609.844,-49,0,-121
1746694366648.6868,161908,1746694366629.687,-45,6,-129
1746694366668.563,161939,1746694366649.594,-48,10,-121
1746694366688.406,161968,1746694366669.438,-42,16,-121
1746694366708.312,162010,1746694366689.281,-48,12,-112
1746694366728.156,162048,1746694366709.187,-43,12,-125
1746694366748.031,162055,1746694366729.063,-55,13,-129
1746694366767.938,162051,1746694366748.906,-46,7,-112
1746694366787.781,162085,1746694366768.844,-50,7,-121
1746694366807.656,162113,1746694366788.719,-52,12,-121
1746694366827.531,162160,1746694366808.594,-53,9,-121
1746694366847.406,162204,1746694366828.406,-47,14,-125
1746694366867.25,162255,1746694366848.281,-33,7,-112
1746694366887.125,162310,1746694366868.156,-55,7,-116
1746694366907.0,162398,1746694366888.031,-55,7,-112
1746694366926.875,162466,1746694366907.875,-53,15,-112
1746694366946.719,162503,1746694366927.75,-57,3,-112
1746694366966.594,162508,1746694366947.625,-49,9,-112
1746694366986.469,162493,1746694366967.469,-56,1,-101
1746694367006.344,162430,1746694366987.406,-47,8,-121
1746694367026.187,162238,1746694367007.25,-52,7,-125
1746694367046.062,162017,1746694367027.125,-45,13,-129
1746694367065.969,161784,1746694367046.938,-49,12,-104
1746694367085.813,161623,1746694367066.844,-40,3,-112
1746694367105.687,161514,1746694367086.719,-47,7,-125
1746694367125.531,161490,1746694367106.594,-57,12,-112
1746694367145.406,161513,1746694367126.438,-45,4,-112
1746694367165.281,161527,1746694367146.281,-52,3,-112
1746694367185.25,161598,1746694367166.156,-48,7,-112
1746694367205.031,161663,1746694367186.125,-48,8,-127
1746694367224.938,161680,1746694367205.938,-48,4,-122
1746694367244.781,161706,1746694367225.813,-57,11,-112
1746694367264.625,161786,1746694367245.625,-48,8,-104
1746694367284.5,161820,1746694367265.562,-55,7,-114
1746694367304.375,161841,1746694367285.375,-55,7,-112
1746694367324.219,161817,1746694367305.25,-52,12,-112
1746694367344.094,161803,1746694367325.094,-50,7,-112
1746694367364.031,161784,1746694367344.969,-47,7,-116
1746694367383.844,161734,1746694367364.875,-49,7,-96
1746694367403.688,161747,1746694367384.719,-49,12,-112
1746694367423.563,161773,1746694367404.594,-53,9,-112
1746694367443.437,161824,1746694367424.469,-46,7,-117
1746694367463.312,161872,1746694367444.313,-44,3,-125
1746694367483.188,161942,1746694367464.188,-45,7,-125
1746694367503.031,161983,1746694367484.125,-56,12,-113
1746694367522.906,162027,1746694367503.906,-57,8,-112
1746694367542.781,162084,1746694367523.813,-49,12,-121
1746694367562.625,162144,1746694367543.656,-56,15,-125
1746694367582.5,162133,1746694367563.531,-57,11,-112
1746694367602.344,162078,1746694367583.344,-52,8,-112
1746694367622.219,162028,1746694367603.25,-58,8,-112
1746694367642.063,161993,1746694367623.094,-50,11,-112
1746694367661.938,161955,1746694367642.969,-57,15,-112
1746694367681.812,161924,1746694367662.844,-57,12,-111
1746694367701.781,161903,1746694367682.687,-49,8,-112
1746694367721.531,161892,1746694367702.594,-49,1,-114
1746694367741.406,161911,1746694367722.469,-53,14,-121
1746694367761.281,161892,1746694367742.312,-49,11,-113
1746694367781.156,161885,1746694367762.187,-48,6,-125
1746694367801.0,161918,1746694367782.031,-42,12,-112
1746694367820.875,161914,1746694367801.906,-45,20,-128
1746694367840.781,161951,1746694367821.75,-42,8,-112
1746694367860.656,161992,1746694367841.656,-57,8,-120
1746694367880.5,162033,1746694367861.563,-47,12,-125
1746694367900.375,162094,1746694367881.438,-56,9,-112
1746694367920.25,162083,1746694367901.25,-53,4,-112
1746694367940.125,162146,1746694367921.219,-44,11,-125
1746694367960.0,162156,1746694367941.0,-45,8,-112
1746694367979.875,162179,1746694367960.906,-56,15,-112
1746694367999.75,162214,1746694367980.75,-50,14,-122
1746694368019.625,162257,1746694368000.625,-47,10,-112
1746694368039.5,162305,1746694368020.531,-64,9,-112
1746694368059.344,162322,1746694368040.344,-61,15,-112
1746694368079.25,162290,1746694368060.219,-50,7,-112
1746694368099.125,162179,1746694368080.156,-55,19,-113
1746694368119.0,161949,1746694368100.031,-46,1,-127
1746694368138.906,161714,1746694368119.906,-56,17,-121
1746694368158.781,161500,1746694368139.781,-41,12,-112
1746694368178.625,161340,1746694368159.625,-45,8,-121
1746694368198.531,161243,1746694368179.563,-56,12,-122
1746694368218.406,161190,1746694368199.406,-61,14,-112
1746694368238.281,161202,1746694368219.281,-60,10,-125
1746694368258.281,161201,1746694368239.188,-45,9,-112
1746694368278.063,161240,1746694368259.063,-53,12,-123
1746694368297.906,161274,1746694368278.937,-47,7,-112
1746694368317.75,161276,1746694368298.781,-49,11,-112
1746694368337.625,161253,1746694368318.625,-49,9,-116
1746694368357.5,161269,1746694368338.531,-48,14,-121
1746694368377.531,161277,1746694368358.375,-45,9,-112
1746694368397.25,161239,1746694368378.406,-57,9,-121
1746694368417.125,161165,1746694368398.156,-49,7,-125
1746694368437.031,161072,1746694368418.031,-48,6,-112
1746694368456.906,161013,1746694368437.906,-50,7,-127
1746694368476.75,160953,1746694368457.781,-49,10,-116
1746694368496.625,160900,1746694368477.656,-52,0,-120
1746694368516.531,160860,1746694368497.5,-61,0,-112
1746694368536.406,160823,1746694368517.406,-57,7,-116
1746694368556.281,160794,1746694368537.312,-50,15,-121
1746694368576.125,160785,1746694368557.156,-45,7,-129
1746694368596.0,160781,1746694368577.031,-55,11,-125
1746694368615.875,160768,1746694368596.906,-48,12,-121
1746694368635.75,160786,1746694368616.75,-52,7,-125
1746694368655.719,160757,1746694368636.656,-58,12,-112
1746694368675.5,160741,1746694368656.5,-52,14,-121
1746694368695.344,160748,1746694368676.406,-49,10,-125
1746694368715.219,160758,1746694368696.25,-52,9,-112
1746694368735.094,160740,1746694368716.125,-53,7,-112
1746694368754.969,160738,1746694368735.969,-47,10,-112
1746694368774.937,160725,1746694368755.8442,-45,6,-121
1746694368794.687,160701,1746694368775.844,-47,14,-121
1746694368814.563,160671,1746694368795.594,-48,4,-121
1746694368834.469,160619,1746694368815.438,-56,9,-112
1746694368854.312,160603,1746694368835.344,-49,4,-111
1746694368874.187,160573,1746694368855.219,-57,3,-114
1746694368894.063,160556,1746694368875.063,-57,9,-112
1746694368913.938,160515,1746694368894.938,-48,4,-121
1746694368933.781,160489,1746694368914.812,-52,9,-112
1746694368953.781,160466,1746694368934.719,-49,12,-114
1746694368973.594,160486,1746694368954.594,-57,1,-96
1746694368993.469,160477,1746694368974.438,-52,3,-112
1746694369013.281,160470,1746694368994.344,-47,5,-112
1746694369033.187,160462,1746694369014.219,-52,16,-125
1746694369053.156,160474,1746694369034.063,-49,9,-112
1746694369072.906,160457,1746694369053.969,-55,11,-114
1746694369092.812,160483,1746694369073.812,-49,6,-125
1746694369112.687,160532,1746694369093.719,-57,12,-112
1746694369132.5632,160519,1746694369113.563,-45,12,-121
1746694369152.406,160510,1746694369133.438,-57,8,-112
1746694369172.375,160439,1746694369153.312,-47,8,-112
1746694369192.156,160323,1746694369173.281,-52,7,-125
1746694369212.031,160123,1746694369193.0,-56,12,-125
1746694369231.875,159899,1746694369212.9058,-47,10,-125
1746694369251.75,159667,1746694369232.812,-65,7,-125
1746694369271.656,159483,1746694369252.656,-49,15,-116
1746694369291.531,159413,1746694369272.5,-48,8,-125
1746694369311.375,159428,1746694369292.406,-64,7,-112
1746694369331.281,159440,1746694369312.281,-45,8,-121
1746694369351.156,159484,1746694369332.156,-57,6,-112
1746694369371.031,159515,1746694369352.031,-49,0,-88
1746694369390.875,159571,1746694369371.906,-52,3,-112
1746694369410.75,159647,1746694369391.812,-55,12,-121
1746694369430.625,159725,1746694369411.625,-45,8,-117
1746694369450.531,159816,1746694369431.469,-50,4,-116
1746694369470.344,159845,1746694369451.406,-49,7,-120
1746694369490.25,159829,1746694369471.281,-49,8,-127
1746694369510.125,159759,1746694369491.094,-50,11,-120
1746694369529.969,159718,1746694369511.031,-45,4,-114
1746694369549.844,159665,1746694369530.875,-57,4,-121
1746694369569.812,159669,1746694369550.75,-55,8,-112
1746694369589.625,159639,1746694369570.656,-56,7,-112
1746694369609.469,159640,1746694369590.5,-49,10,-112
1746694369629.344,159699,1746694369610.406,-60,4,-111
1746694369649.219,159785,1746694369630.219,-55,8,-112
1746694369669.094,159844,1746694369650.125,-53,9,-120
1746694369688.938,159914,1746694369670.0,-63,9,-112
1746694369708.813,159956,1746694369689.844,-53,-1,-112
1746694369728.687,160023,1746694369709.687,-47,6,-121
1746694369748.594,160064,1746694369729.594,-53,15,-125
1746694369768.406,160113,1746694369749.438,-58,7,-129
1746694369788.281,160167,1746694369769.344,-61,7,-113
1746694369808.156,160178,1746694369789.156,-49,11,-112
1746694369828.031,160222,1746694369809.031,-52,6,-125
1746694369847.969,160244,1746694369828.906,-44,8,-120
1746694369867.781,160268,1746694369848.781,-48,15,-119
1746694369887.656,160292,1746694369868.656,-48,12,-112
1746694369907.531,160323,1746694369888.562,-46,6,-125
1746694369927.375,160353,1746694369908.406,-57,9,-125
1746694369947.25,160404,1746694369928.25,-57,8,-112
1746694369967.25,160452,1746694369948.156,-52,7,-112
1746694369986.969,160466,1746694369968.156,-61,6,-114
1746694370006.844,160499,1746694369987.875,-52,12,-120
1746694370026.719,160537,1746694370007.781,-44,9,-112
1746694370046.594,160572,1746694370027.625,-49,9,-112
1746694370066.437,160597,1746694370047.469,-46,5,-125
1746694370086.344,160638,1746694370067.313,-47,6,-120
1746694370106.188,160721,1746694370087.219,-56,15,-112
1746694370126.062,160762,1746694370107.094,-49,8,-113
1746694370145.906,160800,1746694370126.937,-48,3,-121
1746694370165.781,160818,1746694370146.844,-45,0,-129
1746694370185.625,160869,1746694370166.656,-49,9,-127
1746694370205.5,160840,1746694370186.531,-55,8,-112
1746694370225.344,160747,1746694370206.406,-52,7,-124
1746694370245.219,160538,1746694370226.25,-49,12,-120
1746694370265.063,160319,1746694370246.094,-49,12,-125
1746694370284.938,160153,1746694370265.969,-49,12,-121
1746694370304.781,160052,1746694370285.844,-52,7,-121
1746694370324.625,160030,1746694370305.813,-52,15,-125
1746694370344.531,160036,1746694370325.531,-45,12,-125
1746694370364.375,160086,1746694370345.344,-44,9,-116
1746694370384.281,160152,1746694370365.25,-45,14,-112
1746694370404.062,160213,1746694370385.156,-49,7,-116
1746694370423.938,160268,1746694370404.969,-48,9,-121
1746694370443.813,160300,1746694370424.844,-52,16,-112
1746694370463.656,160375,1746694370444.687,-50,11,-112
1746694370483.5,160419,1746694370464.562,-42,7,-125
1746694370503.375,160466,1746694370484.406,-55,5,-112
1746694370523.281,160450,1746694370504.281,-47,7,-112
1746694370543.094,160419,1746694370524.156,-52,8,-121
1746694370562.969,160397,1746694370544.031,-42,12,-117
1746694370582.875,160383,1746694370563.844,-56,8,-112
1746694370602.719,160364,1746694370583.75,-45,12,-112
1746694370622.563,160365,1746694370603.594,-47,11,-128
1746694370642.437,160401,1746694370623.469,-52,7,-131
1746694370662.312,160430,1746694370643.344,-60,8,-121
1746694370682.156,160473,1746694370663.156,-49,7,-112
1746694370702.094,160544,1746694370683.063,-49,12,-130
1746694370721.906,160621,1746694370703.0,-55,15,-130
1746694370741.781,160669,1746694370722.781,-41,9,-112
1746694370761.625,160753,1746694370742.656,-56,8,-121
1746694370781.469,160802,1746694370762.531,-47,4,-121
1746694370801.344,160884,1746694370782.375,-47,6,-114
1746694370821.219,160920,1746694370802.219,-45,14,-126
1746694370841.063,160973,1746694370822.094,-61,15,-137
1746694370860.906,161009,1746694370841.969,-53,12,-121
1746694370880.781,161096,1746694370861.844,-52,6,-125
1746694370900.656,161161,1746694370881.656,-57,0,-133
1746694370920.531,161199,1746694370901.531,-45,7,-125
1746694370940.344,161246,1746694370921.406,-52,12,-125
1746694370960.25,161279,1746694370941.25,-49,15,-128
1746694370980.125,161357,1746694370961.125,-42,11,-112
1746694370999.969,161375,1746694370981.031,-53,8,-121
1746694371019.844,161414,1746694371000.875,-55,11,-109
1746694371039.75,161456,1746694371020.75,-45,11,-111
1746694371059.562,161505,1746694371040.562,-40,14,-112
1746694371079.406,161569,1746694371060.437,-48,14,-112
1746694371099.25,161630,1746694371080.313,-52,8,-125
1746694371119.1558,161696,1746694371100.188,-52,12,-121
1746694371139.0,161772,1746694371120.0,-45,7,-114
1746694371158.844,161844,1746694371139.875,-49,10,-125
1746694371178.688,161943,1746694371159.75,-56,12,-121
1746694371198.594,161998,1746694371179.594,-45,9,-112
1746694371218.469,162036,1746694371199.469,-53,11,-121
1746694371238.281,162074,1746694371219.344,-55,12,-116
1746694371258.156,162135,1746694371239.188,-53,15,-113
1746694371278.031,162210,1746694371259.063,-45,16,-121
1746694371297.906,162298,1746694371278.937,-45,7,-112
1746694371317.75,162326,1746694371298.812,-57,11,-121
1746694371337.594,162373,1746694371318.625,-43,15,-120
1746694371357.469,162421,1746694371338.594,-56,7,-112
1746694371377.344,162463,1746694371358.375,-45,7,-121
1746694371397.156,162388,1746694371378.219,-54,12,-121
1746694371417.031,162204,1746694371398.094,-52,9,-109
1746694371436.969,161920,1746694371417.969,-47,7,-121
1746694371456.75,161658,1746694371437.844,-52,9,-111
1746694371476.594,161427,1746694371457.625,-55,7,-112
1746694371496.437,161307,1746694371477.469,-45,7,-112
1746694371516.313,161256,1746694371497.375,-57,14,-121
1746694371536.188,161227,1746694371517.156,-45,12,-116
1746694371556.062,161226,1746694371537.062,-36,12,-125
1746694371575.875,161266,1746694371556.906,-46,7,-122
1746694371595.781,161295,1746694371576.781,-53,7,-112
1746694371615.625,161324,1746694371596.625,-48,12,-112
1746694371635.469,161356,1746694371616.5,-53,12,-121
1746694371655.344,161375,1746694371636.375,-43,13,-125
1746694371675.187,161348,1746694371656.219,-47,7,-125
1746694371695.0632,161355,1746694371676.094,-52,9,-126
1746694371714.906,161297,1746694371695.969,-52,6,-111
1746694371734.75,161245,1746694371715.812,-45,0,-121
1746694371754.687,161172,1746694371735.656,-60,6,-112
1746694371774.531,161095,1746694371755.563,-48,6,-121
1746694371794.375,161048,1746694371775.438,-60,14,-112
1746694371814.25,161021,1746694371795.312,-43,4,-112
1746694371834.125,161056,1746694371815.125,-45,9,-112
1746694371854.031,161077,1746694371835.0,-55,11,-125
1746694371873.844,161084,1746694371854.875,-47,4,-112
1746694371893.719,161088,1746694371874.75,-61,8,-121
1746694371913.594,161098,1746694371894.562,-42,19,-112
1746694371933.469,161131,1746694371914.469,-57,8,-112
1746694371953.3132,161149,1746694371934.344,-58,8,-112
1746694371973.156,161175,1746694371954.219,-47,14,-122
1746694371993.125,161220,1746694371974.062,-57,8,-112
1746694372012.906,161245,1746694371994.031,-46,19,-112
1746694372032.781,161236,1746694372013.813,-49,7,-108
1746694372052.656,161250,1746694372033.687,-45,7,-121
1746694372072.531,161274,1746694372053.531,-49,8,-112
1746694372092.406,161248,1746694372073.406,-45,4,-112
1746694372112.25,161212,1746694372093.281,-45,7,-125
1746694372132.125,161214,1746694372113.156,-58,9,-112
1746694372152.0,161212,1746694372132.969,-39,8,-104
1746694372171.875,161219,1746694372152.875,-42,3,-112
1746694372191.719,161189,1746694372172.75,-52,7,-125
1746694372211.594,161189,1746694372192.625,-47,15,-112
1746694372231.469,161173,1746694372212.437,-49,3,-120
1746694372251.312,161192,1746694372232.344,-37,7,-121
1746694372271.188,161185,1746694372252.219,-57,7,-116
1746694372291.063,161193,1746694372272.094,-49,3,-112
1746694372310.937,161209,1746694372291.969,-57,12,-121
1746694372330.781,161219,1746694372311.812,-49,6,-112
1746694372350.656,161230,1746694372331.719,-48,4,-121
1746694372370.531,161213,1746694372351.562,-49,7,-113
1746694372390.4368,161168,1746694372371.437,-55,12,-112
1746694372410.281,161159,1746694372391.313,-45,12,-112
1746694372430.156,161170,1746694372411.188,-50,11,-129
1746694372450.031,161193,1746694372431.031,-52,6,-112
1746694372469.875,161200,1746694372450.937,-52,8,-112
1746694372489.75,161211,1746694372470.781,-60,8,-112
1746694372509.656,161240,1746694372490.625,-42,4,-112
1746694372529.5,161246,1746694372510.531,-48,11,-112
1746694372549.375,161220,1746694372530.375,-50,12,-121
1746694372569.25,161113,1746694372550.25,-56,9,-121
1746694372589.094,160941,1746694372570.188,-52,9,-112
1746694372608.938,160716,1746694372589.969,-52,1,-121
1746694372628.844,160477,1746694372609.812,-50,11,-120
1746694372648.6868,160286,1746694372629.719,-48,6,-125
1746694372668.531,160160,1746694372649.594,-45,7,-114
1746694372688.406,160072,1746694372669.438,-55,7,-121
1746694372708.281,160047,1746694372689.281,-61,3,-112
1746694372728.125,160098,1746694372709.156,-45,9,-121
1746694372748.031,160167,1746694372729.031,-45,6,-112
1746694372767.875,160271,1746694372748.906,-49,3,-96
1746694372787.75,160313,1746694372768.75,-50,14,-120
1746694372807.594,160361,1746694372788.656,-42,7,-125
1746694372827.469,160427,1746694372808.531,-52,9,-127
1746694372847.344,160483,1746694372828.375,-48,9,-121
1746694372867.219,160501,1746694372848.25,-57,7,-112
1746694372887.062,160473,1746694372868.156,-47,12,-112
1746694372906.938,160410,1746694372888.0,-47,7,-121
1746694372926.813,160340,1746694372907.813,-46,7,-112
1746694372946.687,160307,1746694372927.687,-57,9,-112
1746694372966.531,160307,1746694372947.594,-52,11,-125
1746694372986.406,160325,1746694372967.438,-62,14,-112
1746694373006.281,160371,1746694372987.281,-45,3,-112
1746694373026.125,160410,1746694373007.187,-57,7,-112
1746694373046.0,160463,1746694373027.062,-61,7,-121
1746694373065.875,160533,1746694373046.906,-49,11,-111
1746694373085.75,160599,1746694373066.75,-44,6,-125
1746694373105.594,160686,1746694373086.625,-50,16,-121
1746694373125.437,160801,1746694373106.469,-45,4,-120
1746694373145.312,160867,1746694373126.344,-53,12,-121
1746694373165.188,160953,1746694373146.188,-50,4,-127
1746694373185.031,161030,1746694373166.094,-61,10,-121
1746694373204.875,161104,1746694373185.937,-57,8,-112
1746694373224.75,161194,1746694373205.75,-61,12,-110
1746694373244.594,161250,1746694373225.656,-49,7,-121
1746694373264.438,161316,1746694373245.5,-57,9,-112
1746694373284.312,161379,1746694373265.375,-48,7,-121
1746694373304.187,161451,1746694373285.219,-57,9,-112
1746694373324.063,161514,1746694373305.063,-44,7,-109
1746694373343.906,161562,1746694373324.938,-57,15,-112
1746694373363.812,161629,1746694373344.812,-45,9,-112
1746694373383.719,161668,1746694373364.719,-32,15,-121
1746694373403.531,161721,1746694373384.563,-42,12,-116
1746694373423.406,161749,1746694373404.406,-45,7,-112
1746694373443.281,161775,1746694373424.344,-33,16,-113
1746694373463.156,161810,1746694373444.125,-45,8,-120
1746694373483.031,161865,1746694373464.031,-57,7,-125
1746694373502.875,161921,1746694373483.938,-49,14,-117
1746694373522.75,161937,1746694373503.781,-43,9,-112
1746694373542.625,161994,1746694373523.594,-49,9,-112
1746694373562.5,162045,1746694373543.5,-49,4,-112
1746694373582.344,162080,1746694373563.375,-54,7,-112
1746694373602.219,162061,1746694373583.281,-41,10,-121
1746694373622.094,161981,1746694373603.125,-52,12,-121
1746694373641.969,161808,1746694373623.0,-57,12,-112
1746694373661.813,161615,1746694373642.875,-47,11,-113
1746694373681.688,161489,1746694373662.75,-42,7,-112
1746694373701.562,161364,1746694373682.594,-52,15,-121
1746694373721.406,161307,1746694373702.469,-56,12,-112
1746694373741.281,161272,1746694373722.313,-52,9,-112
1746694373761.156,161268,1746694373742.188,-44,6,-105
1746694373781.031,161307,1746694373762.031,-41,3,-121
1746694373800.875,161335,1746694373781.906,-56,12,-108
1746694373820.75,161379,1746694373801.75,-42,9,-125
1746694373840.625,161408,1746694373821.656,-57,31,-121
1746694373860.5,161431,1746694373841.5,-45,4,-112
1746694373880.375,161490,1746694373861.375,-55,10,-125
1746694373900.188,161537,1746694373881.281,-57,11,-102
1746694373920.063,161551,1746694373901.156,-41,10,-121
1746694373939.937,161514,1746694373920.937,-49,7,-127
1746694373959.812,161465,1746694373940.812,-46,3,-112
1746694373979.656,161464,1746694373960.719,-52,10,-112
1746694373999.531,161467,1746694373980.563,-45,6,-116
1746694374019.406,161471,1746694374000.437,-57,9,-112
1746694374039.25,161463,1746694374020.281,-47,9,-121
1746694374059.156,161531,1746694374040.188,-57,9,-121
1746694374079.0,161559,1746694374060.0,-49,8,-116
1746694374098.969,161619,1746694374079.875,-49,9,-112
1746694374118.719,161677,1746694374099.906,-47,9,-112
1746694374138.594,161731,1746694374119.625,-47,3,-121
1746694374158.5,161803,1746694374139.5,-48,12,-121
1746694374178.344,161875,1746694374159.375,-57,14,-118
1746694374198.187,161924,1746694374179.219,-49,8,-122
1746694374218.031,161955,1746694374199.094,-56,14,-112
1746694374237.906,162037,1746694374218.906,-46,7,-119
1746694374257.812,162088,1746694374238.781,-46,8,-112
1746694374277.625,162133,1746694374258.719,-52,15,-116
1746694374297.5,162157,1746694374278.531,-49,12,-113
1746694374317.375,162208,1746694374298.375,-51,8,-112
1746694374337.219,162230,1746694374318.281,-49,16,-112
1746694374357.094,162286,1746694374338.156,-52,12,-122
1746694374376.969,162297,1746694374358.031,-49,8,-112
1746694374396.875,162325,1746694374377.875,-61,12,-123
1746694374416.75,162355,1746694374397.75,-48,7,-112
1746694374436.625,162376,1746694374417.656,-56,6,-125
1746694374456.469,162392,1746694374437.5,-55,11,-112
1746694374476.375,162419,1746694374457.344,-48,8,-125
1746694374496.188,162479,1746694374477.25,-57,14,-121
1746694374516.062,162505,1746694374497.125,-47,8,-125
1746694374535.969,162509,1746694374516.969,-52,8,-113
1746694374555.813,162534,1746694374536.844,-48,3,-121
1746694374575.656,162562,1746694374556.719,-61,12,-121
1746694374595.531,162586,1746694374576.594,-60,14,-112
1746694374615.531,162611,1746694374596.437,-42,12,-112
1746694374635.281,162628,1746694374616.313,-45,0,-121
1746694374655.156,162666,1746694374636.156,-58,7,-121
1746694374675.0,162649,1746694374656.0618,-49,15,-112
1746694374694.906,162531,1746694374675.906,-52,8,-122
1746694374714.781,162364,1746694374695.75,-49,6,-112
1746694374734.594,162104,1746694374715.656,-45,8,-112
1746694374754.5,161838,1746694374735.531,-59,7,-125
1746694374774.375,161622,1746694374755.344,-52,8,-112
1746694374794.219,161446,1746694374775.25,-47,8,-121
1746694374814.063,161339,1746694374795.125,-44,6,-112
1746694374833.937,161279,1746694374815.0,-57,9,-121
1746694374853.781,161252,1746694374834.812,-47,11,-112
1746694374873.656,161241,1746694374854.656,-58,22,-125
1746694374893.594,161214,1746694374874.563,-42,4,-121
1746694374913.375,161188,1746694374894.5,-40,7,-127
1746694374933.25,161151,1746694374914.25,-52,11,-116
1746694374953.094,161134,1746694374934.125,-47,11,-121
1746694374972.969,161146,1746694374954.0,-50,28,-121
1746694374992.813,161081,1746694374973.906,-47,9,-113
1746694375012.687,161024,1746694374993.687,-49,12,-112
1746694375032.531,160937,1746694375013.594,-47,1,-113
1746694375052.406,160852,1746694375033.469,-56,7,-121
1746694375072.2808,160776,1746694375053.313,-52,7,-121
1746694375092.156,160733,1746694375073.156,-45,11,-121
1746694375112.0,160690,1746694375093.062,-48,7,-109
1746694375131.875,160675,1746694375112.906,-54,9,-122
1746694375151.719,160647,1746694375132.781,-64,12,-112
1746694375171.625,160614,1746694375152.594,-52,7,-127
1746694375191.437,160569,1746694375172.5,-57,8,-112
1746694375211.313,160524,1746694375192.406,-50,8,-111
1746694375231.281,160499,1746694375212.219,-49,6,-112
1746694375251.062,160521,1746694375232.125,-50,6,-112
1746694375270.906,160510,1746694375251.906,-45,3,-112
1746694375290.781,160524,1746694375271.844,-47,12,-121
1746694375310.656,160502,1746694375291.656,-49,11,-112
1746694375330.5308,160462,1746694375311.531,-48,7,-116
1746694375350.375,160442,1746694375331.406,-60,12,-125
1746694375370.25,160454,1746694375351.281,-57,24,-120
1746694375390.125,160448,1746694375371.156,-57,9,-121
1746694375410.0,160447,1746694375391.0,-59,11,-136
1746694375429.844,160440,1746694375410.875,-55,0,-129
1746694375449.75,160411,1746694375430.75,-55,12,-121
1746694375469.594,160374,1746694375450.625,-45,11,-125
1746694375489.469,160349,1746694375470.5,-52,9,-127
1746694375509.312,160314,1746694375490.375,-47,9,-125
1746694375529.25,160306,1746694375510.219,-47,3,-112
1746694375549.063,160318,1746694375530.156,-57,9,-112
1746694375568.938,160296,1746694375549.937,-50,11,-125
1746694375588.781,160303,1746694375569.812,-49,7,-112
1746694375608.625,160317,1746694375589.688,-52,12,-121
1746694375628.5,160351,1746694375609.531,-55,8,-121
1746694375648.375,160369,1746694375629.406,-56,9,-122
1746694375668.25,160411,1746694375649.25,-42,6,-112
1746694375688.125,160412,1746694375669.156,-48,8,-112
1746694375708.0,160384,1746694375689.0,-48,15,-125
1746694375727.844,160308,1746694375708.906,-49,7,-116
1746694375747.812,160149,1746694375728.781,-57,9,-112
1746694375767.594,159984,1746694375748.656,-45,3,-121
1746694375787.469,159778,1746694375768.5,-50,14,-112
1746694375807.313,159648,1746694375788.375,-51,8,-121
1746694375827.187,159562,1746694375808.25,-50,14,-127
1746694375847.062,159541,1746694375828.094,-48,6,-112
1746694375866.906,159590,1746694375847.969,-56,4,-122
1746694375886.75,159643,1746694375867.813,-57,1,-121
1746694375906.656,159702,1746694375887.656,-45,9,-112
1746694375926.5,159770,1746694375907.531,-47,14,-117
1746694375946.375,159829,1746694375927.375,-40,9,-112
1746694375966.219,159924,1746694375947.25,-45,6,-122
1746694375986.063,159993,1746694375967.125,-61,12,-112
1746694376005.937,160054,1746694375986.969,-56,9,-109
1746694376025.844,160039,1746694376006.844,-50,9,-112
1746694376045.625,160034,1746694376026.75,-40,15,-122
1746694376065.531,160018,1746694376046.562,-56,8,-116
1746694376085.375,159983,1746694376066.437,-49,8,-121
1746694376105.25,159954,1746694376086.281,-49,24,-121
1746694376125.219,159977,1746694376106.156,-50,9,-125
1746694376144.969,159979,1746694376126.156,-56,7,-115
1746694376164.875,160043,1746694376145.844,-49,3,-105
1746694376184.719,160117,1746694376165.75,-50,8,-112
1746694376204.563,160190,1746694376185.625,-55,9,-112
1746694376224.438,160271,1746694376205.438,-49,7,-129
1746694376244.312,160339,1746694376225.312,-49,8,-125
1746694376264.156,160401,1746694376245.187,-50,11,-125
1746694376284.0,160466,1746694376265.031,-43,8,-112
1746694376303.875,160526,1746694376284.906,-53,7,-121
1746694376323.781,160586,1746694376304.781,-59,5,-111
1746694376343.625,160642,1746694376324.656,-50,8,-112
1746694376363.469,160721,1746694376344.5,-57,9,-112
1746694376383.344,160748,1746694376364.406,-52,14,-113
1746694376403.219,160772,1746694376384.219,-55,12,-117
1746694376423.094,160836,1746694376404.125,-45,11,-109
1746694376442.938,160884,1746694376424.0,-53,9,-116
1746694376462.844,160919,1746694376443.813,-49,8,-120
1746694376482.687,160947,1746694376463.719,-40,7,-121
1746694376502.531,160987,1746694376483.562,-56,15,-120
1746694376522.375,161038,1746694376503.438,-47,8,-112
1746694376542.25,161061,1746694376523.281,-56,6,-112
1746694376562.094,161076,1746694376543.125,-52,8,-129
1746694376582.0,161130,1746694376562.969,-45,4,-120
1746694376601.8118,161163,1746694376582.875,-57,8,-120
1746694376621.688,161217,1746694376602.75,-56,8,-112
1746694376641.594,161247,1746694376622.563,-42,8,-112
1746694376661.437,161286,1746694376642.5,-45,9,-121
1746694376681.312,161310,1746694376662.344,-47,7,-120
1746694376701.188,161279,1746694376682.219,-61,6,-112
1746694376721.063,161204,1746694376702.094,-49,6,-112
1746694376740.906,161013,1746694376721.937,-52,14,-121
1746694376760.781,160806,1746694376741.812,-53,9,-112
1746694376780.656,160580,1746694376761.719,-45,12,-127
1746694376800.563,160418,1746694376781.563,-47,8,-121
1746694376820.375,160331,1746694376801.437,-47,10,-112
1746694376840.25,160281,1746694376821.312,-61,16,-122
1746694376860.156,160296,1746694376841.125,-48,9,-112
1746694376880.125,160345,1746694376861.0,-37,7,-104
1746694376899.875,160377,1746694376880.906,-57,3,-121
1746694376919.719,160396,1746694376900.781,-57,9,-112
1746694376939.625,160429,1746694376920.625,-48,12,-121
1746694376959.5,160469,1746694376940.5,-53,12,-127
1746694376979.344,160510,1746694376960.375,-51,12,-127
1746694376999.219,160531,1746694376980.25,-50,9,-112
1746694377019.094,160519,1746694377000.094,-57,11,-125
1746694377038.969,160493,1746694377019.969,-49,15,-121
1746694377058.812,160424,1746694377039.844,-47,8,-125
1746694377078.687,160389,1746694377059.719,-50,7,-112
1746694377098.594,160383,1746694377079.563,-48,7,-112
1746694377118.438,160377,1746694377099.469,-52,11,-121
1746694377138.281,160386,1746694377119.312,-56,20,-112
1746694377158.156,160401,1746694377139.187,-58,11,-112
1746694377178.094,160431,1746694377159.156,-51,12,-116
1746694377197.906,160471,1746694377178.938,-45,7,-116
1746694377217.75,160505,1746694377198.812,-56,7,-125
1746694377237.625,160560,1746694377218.687,-42,16,-112
1746694377257.5,160562,1746694377238.5,-41,8,-121
1746694377277.344,160620,1746694377258.406,-36,7,-121
1746694377297.25,160656,1746694377278.25,-52,22,-113
1746694377317.125,160714,1746694377298.156,-47,8,-112
1746694377336.969,160742,1746694377318.0,-35,7,-112
1746694377356.813,160762,1746694377337.844,-53,12,-116
1746694377376.688,160759,1746694377357.75,-58,9,-121
1746694377396.562,160786,1746694377377.594,-42,8,-121
1746694377416.437,160817,1746694377397.438,-45,5,-112
1746694377436.281,160817,1746694377417.313,-45,8,-112
1746694377456.156,160852,1746694377437.156,-42,11,-112
1746694377476.031,160871,1746694377457.062,-31,12,-121
1746694377495.906,160884,1746694377476.906,-57,13,-121
1746694377515.75,160902,1746694377496.781,-58,3,-112
1746694377535.625,160897,1746694377516.656,-48,21,-112
1746694377555.5,160914,1746694377536.469,-49,7,-112
1746694377575.375,160942,1746694377556.406,-33,6,-122
1746694377595.219,160957,1746694377576.25,-52,9,-122
1746694377615.094,160990,1746694377596.1558,-50,12,-112
1746694377634.969,161007,1746694377615.969,-65,20,-112
1746694377654.875,161016,1746694377635.844,-49,6,-121
1746694377674.688,161010,1746694377655.719,-47,9,-120
1746694377694.563,161004,1746694377675.594,-49,3,-105
1746694377714.437,161025,1746694377695.469,-52,9,-112
1746694377734.312,161021,1746694377715.344,-34,8,-121
1746694377754.156,160997,1746694377735.219,-52,8,-121
1746694377774.031,161006,1746694377755.094,-47,7,-111
1746694377793.906,160966,1746694377774.906,-50,-2,-120
1746694377813.781,160833,1746694377794.781,-58,9,-121
1746694377833.625,160585,1746694377814.688,-47,7,-114
1746694377853.5308,160288,1746694377834.531,-49,6,-125
1746694377873.406,160020,1746694377854.406,-58,8,-112
1746694377893.312,159831,1746694377874.312,-47,7,-112
1746694377913.125,159653,1746694377894.219,-62,14,-112
1746694377933.0,159573,1746694377914.062,-48,12,-122
1746694377952.875,159534,1746694377933.906,-64,11,-121
1746694377972.719,159498,1746694377953.719,-45,7,-112
1746694377992.594,159492,1746694377973.625,-52,7,-116
1746694378012.469,159476,1746694377993.469,-52,11,-112
1746694378032.375,159457,1746694378013.344,-64,-1,-112
1746694378052.187,159464,1746694378033.25,-45,6,-112
1746694378072.156,159457,1746694378053.125,-57,11,-121
1746694378091.969,159441,1746694378072.969,-46,6,-104
1746694378111.844,159377,1746694378092.812,-45,7,-112
1746694378131.687,159282,1746694378112.719,-43,7,-121
1746694378151.563,159211,1746694378132.594,-47,9,-121
1746694378171.438,159098,1746694378152.438,-46,3,-112
1746694378191.344,159052,1746694378172.312,-49,4,-112
1746694378211.1868,158981,1746694378192.219,-50,12,-120
1746694378231.063,158939,1746694378212.094,-58,7,-125
1746694378250.938,158896,1746694378231.938,-50,6,-117
1746694378270.812,158906,1746694378251.812,-52,3,-125
1746694378290.719,158937,1746694378271.687,-61,11,-121
1746694378310.5,158923,1746694378291.625,-48,11,-121
1746694378330.406,158945,1746694378311.406,-49,0,-121
1746694378350.25,158927,1746694378331.281,-58,8,-112
1746694378370.125,158936,1746694378351.125,-49,3,-112
1746694378390.0,158947,1746694378371.063,-53,9,-104
1746694378409.875,158975,1746694378390.906,-49,7,-112
1746694378429.719,158990,1746694378410.719,-61,7,-112
1746694378449.562,158997,1746694378430.625,-45,9,-112
1746694378469.438,159003,1746694378450.469,-45,10,-112
1746694378489.281,159010,1746694378470.344,-55,3,-129
1746694378509.125,159030,1746694378490.187,-57,8,-112
1746694378529.0,159043,1746694378510.031,-47,9,-125
1746694378548.875,159042,1746694378529.938,-53,15,-125
1746694378568.781,159058,1746694378549.781,-50,11,-112
1746694378588.594,159096,1746694378569.656,-49,8,-117
1746694378608.469,159117,1746694378589.5,-48,7,-112
1746694378628.344,159137,1746694378609.375,-49,7,-112
1746694378648.1882,159164,1746694378629.219,-56,11,-112
1746694378668.063,159180,1746694378649.094,-45,15,-125
1746694378687.906,159203,1746694378668.937,-44,8,-120
1746694378707.812,159205,1746694378688.812,-48,12,-116
1746694378727.656,159229,1746694378708.656,-52,14,-104
1746694378747.469,159259,1746694378728.5308,-52,9,-112
1746694378767.344,159317,1746694378748.406,-36,8,-112
1746694378787.219,159354,1746694378768.219,-64,12,-121
1746694378807.094,159408,1746694378788.125,-53,6,-115
1746694378826.938,159443,1746694378807.969,-58,14,-117
1746694378846.812,159428,1746694378827.844,-61,6,-122
1746694378866.656,159364,1746694378847.687,-44,6,-121
1746694378886.531,159184,1746694378867.5,-52,6,-112
1746694378906.406,159000,1746694378887.375,-46,6,-116
1746694378926.281,158781,1746694378907.344,-26,12,-115
1746694378946.156,158657,1746694378927.219,-42,7,-125
1746694378966.031,158580,1746694378947.031,-49,7,-121
1746694378985.844,158568,1746694378966.906,-57,8,-121
1746694379005.719,158627,1746694378986.75,-61,8,-112
1746694379025.594,158706,1746694379006.625,-48,6,-121
1746694379045.469,158800,1746694379026.5,-52,9,-121
1746694379065.344,158880,1746694379046.375,-42,13,-121
1746694379085.219,158918,1746694379066.25,-57,9,-121
1746694379105.062,158993,1746694379086.094,-33,6,-125
1746694379124.969,159099,1746694379105.937,-44,6,-114
1746694379144.844,159156,1746694379125.875,-53,9,-121
1746694379164.688,159201,1746694379145.75,-57,28,-125
1746694379184.594,159207,1746694379165.562,-45,9,-112
1746694379204.437,159181,1746694379185.469,-57,12,-121
1746694379224.313,159141,1746694379205.344,-48,7,-105
1746694379244.188,159147,1746694379225.25,-57,14,-114
1746694379264.031,159137,1746694379245.094,-45,7,-121
1746694379283.906,159175,1746694379264.937,-45,7,-113
1746694379303.781,159235,1746694379284.813,-53,7,-112
1746694379323.656,159294,1746694379304.688,-50,7,-112
1746694379343.531,159351,1746694379324.656,-56,13,-121
1746694379363.375,159414,1746694379344.406,-52,14,-112
1746694379383.25,159488,1746694379364.313,-47,12,-121
1746694379403.156,159578,1746694379384.125,-53,9,-112
1746694379423.062,159641,1746694379404.031,-44,8,-121
1746694379442.844,159716,1746694379423.938,-52,15,-126
1746694379462.75,159769,1746694379443.781,-49,12,-125
1746694379482.625,159844,1746694379463.656,-48,12,-121
1746694379502.469,159915,1746694379483.5,-29,12,-121
1746694379522.344,159985,1746694379503.375,-47,12,-116
1746694379542.219,160051,1746694379523.281,-46,8,-112
1746694379562.094,160112,1746694379543.094,-55,31,-121
1746694379581.969,160162,1746694379562.969,-48,12,-121
1746694379601.8118,160204,1746694379582.844,-53,11,-122
1746694379621.688,160250,1746694379602.719,-49,0,-101
1746694379641.563,160294,1746694379622.625,-49,7,-121
1746694379661.406,160342,1746694379642.437,-49,8,-121
1746694379681.25,160391,1746694379662.281,-61,7,-121
1746694379701.156,160445,1746694379682.188,-57,12,-112
1746694379721.0,160471,1746694379702.031,-41,7,-112
1746694379740.875,160515,1746694379721.906,-49,6,-125
1746694379760.75,160580,1746694379741.75,-47,7,-112
1746694379780.594,160622,1746694379761.656,-42,6,-112
1746694379800.5,160681,1746694379781.469,-49,3,-112
1746694379820.469,160706,1746694379801.375,-42,7,-112
1746694379840.219,160762,1746694379821.312,-48,5,-116
1746694379860.094,160807,1746694379841.125,-52,7,-121
1746694379879.969,160839,1746694379860.969,-57,12,-112
1746694379899.812,160890,1746694379880.8442,-49,7,-112
1746694379919.687,160973,1746694379900.719,-49,7,-114
1746694379939.563,161024,1746694379920.563,-50,14,-112
1746694379959.438,161046,1746694379940.438,-64,12,-112
1746694379979.281,160997,1746694379960.312,-48,3,-112
1746694379999.156,160866,1746694379980.187,-57,8,-125
1746694380019.031,160635,1746694380000.063,-49,3,-129
1746694380038.938,160405,1746694380019.906,-44,9,-112
1746694380058.781,160179,1746694380039.781,-48,16,-120
1746694380078.687,160048,1746694380059.719,-52,12,-121
1746694380098.563,159966,1746694380079.563,-55,12,-112
1746694380118.438,159965,1746694380099.469,-39,12,-121
1746694380138.312,159974,1746694380119.344,-55,9,-112
1746694380158.187,160025,1746694380139.219,-49,7,-121
1746694380178.094,160080,1746694380159.094,-56,9,-112
1746694380197.938,160114,1746694380178.969,-40,11,-112
1746694380217.875,160156,1746694380198.844,-44,7,-125
1746694380237.687,160167,1746694380218.781,-44,14,-122
1746694380257.5632,160208,1746694380238.594,-46,4,-117
1746694380277.438,160233,1746694380258.469,-48,7,-112
1746694380297.312,160197,1746694380278.344,-48,8,-112
1746694380317.219,160128,1746694380298.187,-57,12,-104
1746694380337.094,160071,1746694380318.094,-42,14,-112
1746694380356.9692,160003,1746694380337.969,-58,9,-121
1746694380376.875,159929,1746694380357.875,-46,7,-121
1746694380396.75,159903,1746694380377.75,-49,7,-121
1746694380416.625,159911,1746694380397.656,-52,9,-133
1746694380436.5,159931,1746694380417.531,-45,15,-122
1746694380456.375,159995,1746694380437.406,-52,8,-112
1746694380476.281,160021,1746694380457.25,-48,3,-108
1746694380496.125,160042,1746694380477.125,-50,8,-116
1746694380516.0,160087,1746694380497.031,-45,9,-108
1746694380535.875,160123,1746694380516.937,-49,3,-121
1746694380555.75,160184,1746694380536.75,-49,4,-125
1746694380575.594,160259,1746694380556.6558,-57,7,-121
1746694380595.5,160300,1746694380576.5,-33,14,-112
1746694380615.344,160330,1746694380596.375,-50,11,-121
1746694380635.219,160414,1746694380616.25,-48,8,-112
1746694380655.094,160468,1746694380636.094,-49,19,-112
1746694380675.0,160529,1746694380656.0,-60,7,-125
1746694380694.844,160583,1746694380675.906,-38,12,-121
1746694380714.719,160547,1746694380695.719,-49,12,-116
1746694380734.5632,160563,1746694380715.594,-56,15,-112
1746694380754.469,160557,1746694380735.469,-59,24,-125
1746694380774.312,160573,1746694380755.344,-47,13,-112
1746694380794.25,160607,1746694380775.188,-56,12,-125
1746694380814.063,160610,1746694380795.094,-44,28,-118
1746694380833.937,160631,1746694380814.969,-53,4,-121
1746694380853.812,160661,1746694380834.844,-50,7,-109
1746694380873.688,160738,1746694380854.688,-56,1,-112
1746694380893.531,160852,1746694380874.563,-65,8,-112
1746694380913.406,160966,1746694380894.469,-45,8,-113
1746694380933.281,161081,1746694380914.375,-55,10,-121
1746694380953.156,161175,1746694380934.188,-58,9,-112
1746694380973.031,161185,1746694380954.063,-55,8,-112
1746694380992.906,161231,1746694380973.937,-53,7,-112
1746694381012.812,161282,1746694380993.781,-55,7,-112
1746694381032.625,161317,1746694381013.688,-56,8,-112
1746694381052.5,161374,1746694381033.531,-64,19,-112
1746694381072.437,161440,1746694381053.375,-55,6,-112
1746694381092.25,161449,1746694381073.312,-62,12,-112
1746694381112.094,161402,1746694381093.156,-61,12,-108
1746694381131.969,161327,1746694381113.031,-52,7,-112
1746694381151.875,161140,1746694381132.844,-65,24,-112
1746694381171.75,160902,1746694381152.75,-61,7,-112
1746694381191.594,160663,1746694381172.625,-57,8,-112
1746694381211.5,160433,1746694381192.5,-52,7,-120
1746694381231.375,160232,1746694381212.375,-64,14,-112
1746694381251.25,160026,1746694381232.25,-55,7,-109
1746694381271.094,159913,1746694381252.156,-56,7,-104
1746694381290.969,159892,1746694381272.0,-52,7,-104
1746694381310.875,159890,1746694381291.875,-52,7,-112
1746694381330.719,159901,1746694381311.812,-56,7,-117
1746694381350.594,159936,1746694381331.625,-61,8,-112
1746694381370.469,159969,1746694381351.531,-61,14,-112
1746694381390.344,160109,1746694381371.344,-64,8,-112
1746694381410.219,160337,1746694381391.25,-66,9,-115
1746694381430.063,160577,1746694381411.125,-60,12,-105
1746694381449.969,160745,1746694381430.969,-56,19,-104
1746694381469.937,160869,1746694381450.844,-63,12,-111
1746694381489.687,160949,1746694381470.813,-64,7,-109
1746694381509.594,160995,1746694381490.625,-66,9,-100
1746694381529.469,160962,1746694381510.469,-60,12,-109
1746694381549.344,160904,1746694381530.344,-65,16,-112
1746694381569.187,160845,1746694381550.25,-60,9,-113
1746694381589.063,160840,1746694381570.094,-58,15,-109
1746694381608.938,160825,1746694381589.969,-53,14,-109
1746694381628.812,160869,1746694381609.812,-64,14,-110
1746694381648.656,160949,1746694381629.687,-54,7,-111
1746694381668.5,161053,1746694381649.531,-56,4,-104
1746694381688.406,161222,1746694381669.406,-61,7,-109
1746694381708.25,161323,1746694381689.281,-61,9,-109
1746694381728.094,161359,1746694381709.25,-55,7,-121
1746694381748.0,161355,1746694381729.031,-60,14,-121
1746694381767.875,161288,1746694381748.875,-56,15,-112
1746694381787.75,161255,1746694381768.75,-69,8,-112
1746694381807.594,161265,1746694381788.625,-63,9,-109
1746694381827.469,161275,1746694381808.531,-50,12,-109
1746694381847.375,161173,1746694381828.344,-57,25,-111
1746694381867.219,160950,1746694381848.25,-49,17,-112
1746694381887.094,160765,1746694381868.125,-33,12,-112
1746694381906.969,160707,1746694381888.0,-55,7,-112
1746694381926.844,160649,1746694381907.844,-59,7,-111
1746694381946.687,160546,1746694381927.75,-66,24,-125
1746694381966.687,160449,1746694381947.594,-49,7,-112
1746694381986.469,160348,1746694381967.563,-52,3,-112
1746694382006.344,160152,1746694381987.344,-48,9,-112
1746694382026.187,159976,1746694382007.25,-44,7,-122
1746694382046.062,159760,1746694382027.125,-40,0,-125
1746694382065.969,159528,1746694382046.969,-54,8,-104
1746694382085.844,159357,1746694382066.844,-49,3,-112
1746694382105.687,159201,1746694382086.719,-59,8,-112
1746694382125.562,159082,1746694382106.688,-49,0,-108
1746694382145.438,158981,1746694382126.438,-56,-2,-112
1746694382165.313,158882,1746694382146.344,-53,6,-112
1746694382185.156,158815,1746694382166.219,-44,8,-125
1746694382205.062,158767,1746694382186.062,-45,1,-112
1746694382224.938,158697,1746694382205.938,-49,4,-112
1746694382244.781,158645,1746694382225.813,-48,14,-112
1746694382264.719,158602,1746694382245.719,-57,3,-126
1746694382284.531,158555,1746694382265.625,-48,2,-121
1746694382304.406,158487,1746694382285.438,-56,-2,-114
1746694382324.25,158392,1746694382305.281,-52,4,-112
1746694382344.125,158304,1746694382325.187,-60,20,-125
1746694382364.0,158225,1746694382345.031,-49,7,-113
1746694382383.938,158148,1746694382364.875,-48,1,-112
1746694382403.75,158104,1746694382384.7808,-50,7,-112
1746694382423.625,158079,1746694382404.656,-42,8,-121
1746694382443.5,158099,1746694382424.5,-57,4,-121
1746694382463.344,158102,1746694382444.375,-50,7,-116
1746694382483.219,158159,1746694382464.25,-61,7,-112
1746694382503.094,158315,1746694382484.094,-41,12,-112
1746694382523.0,158441,1746694382504.094,-48,-1,-125
1746694382542.875,158610,1746694382523.875,-49,0,-121
1746694382562.719,158938,1746694382543.75,-66,-5,-112
1746694382582.594,159637,1746694382563.594,-55,-8,-104
1746694382602.469,160475,1746694382583.5,-63,8,-114
1746694382622.344,161002,1746694382603.375,-56,18,-121
1746694382642.188,161232,1746694382623.219,-36,28,-125
1746694382662.125,161343,1746694382643.125,-47,24,-127
1746694382681.937,161448,1746694382662.969,-26,17,-116
1746694382701.813,161572,1746694382682.813,-49,12,-121
1746694382721.719,161638,1746694382702.75,-48,15,-125
1746694382741.562,161640,1746694382722.625,-50,28,-112
1746694382761.469,161680,1746694382742.469,-57,9,-121
1746694382781.313,161801,1746694382762.375,-49,14,-117
1746694382801.188,161967,1746694382782.219,-45,9,-104
1746694382821.062,162129,1746694382802.094,-56,15,-121
1746694382840.937,162225,1746694382821.969,-45,3,-125
1746694382860.781,162162,1746694382841.813,-53,9,-129
1746694382880.656,161931,1746694382861.688,-49,12,-121
1746694382900.531,161621,1746694382881.5,-42,9,-112
1746694382920.406,161363,1746694382901.531,-48,7,-125
1746694382940.281,161116,1746694382921.313,-49,11,-121
1746694382960.156,160869,1746694382941.188,-45,15,-121
1746694382980.031,160665,1746694382961.031,-39,14,-126
1746694382999.937,160492,1746694382980.937,-49,15,-121
1746694383019.75,160342,1746694383000.781,-49,9,-116
1746694383039.625,160165,1746694383020.688,-44,11,-121
1746694383059.531,159893,1746694383040.531,-40,9,-112
1746694383079.375,159638,1746694383060.406,-50,4,-121
1746694383099.25,159599,1746694383080.281,-57,3,-116
1746694383119.125,159656,1746694383100.156,-56,3,-111
1746694383139.031,159710,1746694383120.0,-53,17,-117
1746694383158.875,159679,1746694383139.906,-55,15,-112
1746694383178.75,159614,1746694383159.781,-47,11,-125
1746694383198.656,159582,1746694383179.656,-49,23,-125
1746694383218.531,159516,1746694383199.531,-47,4,-125
1746694383238.375,159413,1746694383219.406,-48,7,-112
1746694383258.25,159256,1746694383239.313,-56,8,-112
1746694383278.125,159068,1746694383259.156,-45,12,-112
1746694383298.0,158923,1746694383279.0,-45,15,-121
1746694383317.844,158833,1746694383298.938,-57,14,-116
1746694383337.719,158816,1746694383318.75,-45,9,-112
1746694383357.594,158782,1746694383338.594,-56,6,-112
1746694383377.469,158735,1746694383358.469,-58,6,-121
1746694383397.344,158619,1746694383378.375,-51,10,-125
1746694383417.219,158483,1746694383398.25,-42,7,-125
1746694383437.094,158414,1746694383418.063,-45,19,-112
1746694383457.031,158353,1746694383437.969,-44,7,-112
1746694383476.8118,158305,1746694383457.938,-32,9,-112
1746694383496.719,158238,1746694383477.719,-53,7,-112
1746694383516.563,158183,1746694383497.5942,-57,7,-112
1746694383536.437,158177,1746694383517.469,-57,15,-112
1746694383556.281,158236,1746694383537.312,-53,1,-109
1746694383576.188,158208,1746694383557.219,-56,8,-121
1746694383596.063,158219,1746694383577.063,-52,7,-141
1746694383615.906,158172,1746694383596.969,-49,9,-121
1746694383635.812,158172,1746694383616.812,-47,10,-112
1746694383655.688,158158,1746694383636.719,-57,3,-112
1746694383675.563,158174,1746694383656.563,-48,5,-121
1746694383695.406,158127,1746694383676.469,-58,7,-121
1746694383715.281,158092,1746694383696.375,-49,3,-104
1746694383735.156,158090,1746694383716.156,-49,8,-112
1746694383755.031,158096,1746694383736.094,-52,15,-121
1746694383774.875,158142,1746694383755.875,-41,12,-112
1746694383794.75,158195,1746694383775.781,-55,3,-112
1746694383814.594,158211,1746694383795.656,-48,7,-116
1746694383834.469,158243,1746694383815.5,-48,15,-122
1746694383854.344,158288,1746694383835.375,-44,12,-121
1746694383874.187,158328,1746694383855.25,-37,8,-121
1746694383894.063,158329,1746694383875.031,-48,11,-113
1746694383913.938,158299,1746694383894.969,-57,6,-112
1746694383933.781,158225,1746694383914.844,-45,11,-117
1746694383953.687,158084,1746694383934.687,-52,9,-112
1746694383973.531,157870,1746694383954.563,-49,7,-112
1746694383993.406,157705,1746694383974.406,-43,1,-111
1746694384013.406,157603,1746694383994.344,-55,7,-112
1746694384033.125,157572,1746694384014.219,-57,7,-122
1746694384052.969,157592,1746694384034.0,-49,5,-129
1746694384072.875,157638,1746694384053.844,-45,8,-116
1746694384092.719,157711,1746694384073.75,-56,13,-112
1746694384112.594,157740,1746694384093.656,-40,12,-125
1746694384132.469,157783,1746694384113.437,-49,14,-120
1746694384152.344,157784,1746694384133.375,-44,7,-121
1746694384172.188,157811,1746694384153.156,-49,3,-116
1746694384192.187,157838,1746694384173.094,-45,7,-126
1746694384211.937,157884,1746694384193.031,-48,10,-125
1746694384231.813,157893,1746694384212.813,-52,12,-120
1746694384251.688,157876,1746694384232.719,-55,8,-112
1746694384271.562,157862,1746694384252.594,-65,6,-112
1746694384291.469,157863,1746694384272.469,-57,7,-116
1746694384311.313,157885,1746694384292.344,-45,8,-125
1746694384331.219,157909,1746694384312.219,-61,7,-127
1746694384351.094,157955,1746694384332.062,-42,7,-112
1746694384370.969,158015,1746694384352.0,-58,7,-112
1746694384390.8132,158066,1746694384371.875,-58,7,-99
1746694384410.844,158122,1746694384391.781,-42,14,-130
1746694384430.594,158173,1746694384411.594,-57,9,-129
1746694384450.469,158201,1746694384431.469,-47,11,-129
1746694384470.344,158256,1746694384451.375,-49,8,-112
1746694384490.187,158295,1746694384471.25,-49,12,-120
1746694384510.094,158382,1746694384491.094,-56,6,-112
1746694384529.938,158450,1746694384510.938,-47,10,-104
1746694384549.813,158489,1746694384530.844,-47,8,-125
1746694384569.687,158536,1746694384550.75,-52,8,-112
1746694384589.594,158546,1746694384570.594,-48,7,-121
1746694384609.406,158588,1746694384590.469,-48,7,-125
1746694384629.281,158631,1746694384610.313,-47,4,-122
1746694384649.187,158682,1746694384630.187,-45,7,-112
1746694384669.031,158732,1746694384650.062,-25,7,-122
1746694384688.875,158767,1746694384669.875,-42,11,-117
1746694384708.719,158818,1746694384689.781,-52,7,-112
1746694384728.625,158854,1746694384709.625,-53,6,-129
1746694384748.531,158912,1746694384729.5,-50,4,-112
1746694384768.375,158966,1746694384749.406,-45,1,-112
1746694384788.25,159057,1746694384769.281,-55,1,-117
1746694384808.25,159104,1746694384789.094,-41,9,-125
1746694384828.0,159161,1746694384809.0,-47,15,-125
1746694384847.844,159199,1746694384828.844,-45,8,-119
1746694384867.719,159261,1746694384848.781,-52,6,-112
1746694384887.594,159291,1746694384868.625,-56,16,-121
1746694384907.5,159362,1746694384888.469,-45,1,-112
1746694384927.344,159422,1746694384908.375,-44,9,-112
1746694384947.188,159493,1746694384928.188,-48,7,-116
1746694384967.094,159548,1746694384948.094,-49,7,-112
1746694384987.031,159579,1746694384967.937,-44,7,-122
1746694385006.813,159564,1746694384987.938,-52,3,-125
1746694385026.688,159515,1746694385007.719,-47,8,-112
1746694385046.562,159428,1746694385027.562,-48,12,-112
1746694385066.406,159278,1746694385047.437,-65,3,-125
1746694385086.281,159162,1746694385067.344,-45,14,-116
1746694385106.156,159089,1746694385087.188,-55,8,-112
1746694385126.062,159050,1746694385107.062,-61,0,-119
1746694385145.937,159002,1746694385126.937,-47,6,-111
1746694385165.813,158975,1746694385146.844,-60,3,-112
1746694385185.688,158971,1746694385166.688,-56,3,-119
1746694385205.562,158927,1746694385186.625,-55,8,-125
1746694385225.406,158928,1746694385206.469,-40,7,-123
1746694385245.313,158903,1746694385226.344,-56,9,-129
1746694385265.188,158898,1746694385246.188,-45,8,-112
1746694385285.062,158902,1746694385266.062,-49,8,-112
1746694385304.9368,158870,1746694385286.094,-56,11,-125
1746694385324.813,158854,1746694385305.844,-58,14,-112
1746694385344.688,158789,1746694385325.688,-49,7,-112
1746694385364.562,158755,1746694385345.594,-56,6,-121
1746694385384.469,158726,1746694385365.469,-45,9,-109
1746694385404.313,158727,1746694385385.344,-49,3,-112
1746694385424.219,158703,1746694385405.219,-50,12,-112
1746694385444.125,158696,1746694385425.094,-48,7,-121
1746694385463.969,158710,1746694385445.0632,-52,9,-117
1746694385483.844,158740,1746694385464.844,-49,9,-117
1746694385503.719,158787,1746694385484.719,-56,6,-112
1746694385523.594,158823,1746694385504.625,-59,20,-112
1746694385543.469,158853,1746694385524.5,-53,4,-112
1746694385563.344,158892,1746694385544.344,-61,8,-112
1746694385583.219,158926,1746694385564.219,-53,15,-112
1746694385603.062,158950,1746694385584.125,-45,12,-112
1746694385622.969,158981,1746694385604.0,-46,9,-121
1746694385642.813,159000,1746694385623.844,-47,6,-116
1746694385662.719,159012,1746694385643.687,-57,7,-120
1746694385682.562,159044,1746694385663.594,-44,9,-121
1746694385702.437,159069,1746694385683.531,-42,7,-121
1746694385722.313,159096,1746694385703.3132,-48,7,-112
1746694385742.156,159143,1746694385723.187,-45,9,-112
1746694385762.062,159136,1746694385743.031,-37,8,-120
1746694385781.906,159165,1746694385762.969,-52,12,-122
1746694385801.781,159201,1746694385782.813,-56,14,-110
1746694385821.625,159215,1746694385802.656,-45,7,-125
1746694385841.5,159228,1746694385822.562,-45,8,-121
1746694385861.375,159248,1746694385842.406,-39,8,-121
1746694385881.281,159255,1746694385862.25,-48,7,-122
1746694385901.094,159271,1746694385882.156,-52,7,-125
1746694385921.0,159285,1746694385902.031,-53,15,-112
1746694385940.906,159308,1746694385921.875,-57,10,-109
1746694385960.75,159335,1746694385941.781,-40,3,-112
1746694385980.625,159323,1746694385961.656,-49,19,-123
1746694386000.469,159353,1746694385981.531,-55,12,-121
1746694386020.344,159367,1746694386001.375,-49,7,-112
1746694386040.219,159398,1746694386021.25,-57,7,-112
1746694386060.0942,159393,1746694386041.125,-45,8,-112
1746694386079.969,159388,1746694386061.0,-52,12,-121
1746694386099.844,159345,1746694386080.938,-48,6,-112
1746694386119.719,159304,1746694386100.75,-47,12,-121
1746694386139.563,159273,1746694386120.625,-52,11,-114
1746694386159.437,159233,1746694386140.469,-44,8,-120
1746694386179.312,159207,1746694386160.312,-52,8,-112
1746694386199.188,159212,1746694386180.188,-47,12,-112
1746694386219.031,159202,1746694386200.063,-55,7,-112
1746694386238.906,159234,1746694386219.969,-49,11,-112
1746694386258.75,159234,1746694386239.75,-45,4,-125
1746694386278.625,159255,1746694386259.688,-52,15,-131
1746694386298.469,159263,1746694386279.531,-57,12,-125
1746694386318.3442,159298,1746694386299.406,-57,31,-113
1746694386338.219,159358,1746694386319.25,-58,11,-121
1746694386358.063,159391,1746694386339.094,-61,13,-125
1746694386377.906,159410,1746694386358.938,-55,0,-119
1746694386397.812,159401,1746694386378.844,-49,6,-121
1746694386417.656,159381,1746694386398.6868,-56,13,-127
1746694386437.5,159413,1746694386418.531,-52,12,-119
1746694386457.375,159421,1746694386438.406,-56,8,-112
1746694386477.281,159444,1746694386458.281,-34,4,-121
1746694386497.156,159517,1746694386478.187,-55,14,-121
1746694386517.0,159551,1746694386498.031,-45,8,-112
1746694386536.844,159588,1746694386517.906,-52,7,-125
1746694386556.75,159633,1746694386537.75,-57,7,-120
1746694386576.625,159680,1746694386557.625,-49,6,-121
1746694386596.469,159742,1746694386577.5,-57,8,-112
1746694386616.375,159781,1746694386597.406,-45,7,-117
1746694386636.25,159845,1746694386617.25,-48,8,-112
1746694386656.125,159886,1746694386637.094,-49,4,-112
1746694386675.969,159975,1746694386657.0,-45,8,-124
1746694386695.844,160076,1746694386676.875,-52,3,-112
1746694386715.719,160142,1746694386696.75,-64,16,-113
1746694386735.594,160224,1746694386716.594,-52,12,-112
1746694386755.438,160242,1746694386736.469,-47,9,-125
1746694386775.313,160260,1746694386756.375,-55,3,-129
1746694386795.187,160275,1746694386776.156,-47,9,-116
1746694386815.062,160299,1746694386796.094,-57,7,-113
1746694386834.906,160338,1746694386815.938,-58,6,-112
1746694386854.813,160363,1746694386835.813,-57,7,-112
1746694386874.719,160353,1746694386855.687,-57,11,-122
1746694386894.531,160371,1746694386875.625,-46,15,-117
1746694386914.375,160389,1746694386895.438,-48,7,-112
1746694386934.25,160395,1746694386915.313,-55,7,-112
1746694386954.156,160410,1746694386935.156,-56,5,-115
1746694386973.969,160423,1746694386955.0,-45,11,-112
1746694386993.844,160443,1746694386974.906,-44,8,-122
1746694387013.719,160499,1746694386994.75,-58,8,-121
1746694387033.625,160531,1746694387014.594,-47,12,-112
1746694387053.469,160589,1746694387034.531,-63,8,-122
1746694387073.344,160605,1746694387054.375,-56,9,-121
1746694387093.219,160608,1746694387074.219,-49,3,-112
1746694387113.094,160541,1746694387094.063,-52,14,-112
1746694387132.937,160484,1746694387113.969,-45,3,-125
1746694387152.812,160453,1746694387133.875,-45,7,-121
1746694387172.688,160416,1746694387153.688,-61,8,-124
1746694387192.563,160432,1746694387173.563,-49,7,-121
1746694387212.406,160452,1746694387193.469,-57,8,-110
1746694387232.281,160475,1746694387213.312,-48,7,-112
1746694387252.188,160485,1746694387233.156,-52,10,-127
1746694387272.063,160480,1746694387253.062,-49,12,-117
1746694387291.906,160499,1746694387272.969,-52,3,-112
1746694387311.812,160519,1746694387292.781,-52,8,-112
1746694387331.688,160551,1746694387312.6882,-49,6,-112
1746694387351.562,160562,1746694387332.562,-52,12,-121
1746694387371.406,160554,1746694387352.469,-55,8,-121
1746694387391.281,160531,1746694387372.344,-52,10,-121
1746694387411.188,160564,1746694387392.156,-47,8,-111
1746694387431.031,160535,1746694387412.062,-58,16,-121
1746694387450.875,160551,1746694387431.937,-63,8,-112
1746694387470.781,160548,1746694387451.813,-58,9,-109
1746694387490.656,160541,1746694387471.688,-48,4,-112
1746694387510.531,160626,1746694387491.562,-64,3,-112
1746694387530.437,160662,1746694387511.437,-50,3,-112
1746694387550.281,160690,1746694387531.281,-53,6,-112
1746694387570.188,160695,1746694387551.156,-44,8,-129
1746694387590.031,160726,1746694387571.062,-50,9,-121
1746694387609.906,160759,1746694387590.969,-52,7,-121
1746694387629.813,160782,1746694387610.813,-50,9,-128
1746694387649.781,160795,1746694387630.719,-52,7,-121
1746694387669.562,160814,1746694387650.562,-49,6,-119
1746694387689.406,160828,1746694387670.469,-53,12,-112
1746694387709.281,160838,1746694387690.313,-45,3,-112
1746694387729.125,160851,1746694387710.188,-55,3,-121
1746694387749.0,160882,1746694387730.0,-64,12,-125
1746694387768.875,160890,1746694387749.937,-48,8,-112
1746694387788.75,160912,1746694387769.75,-56,3,-125
1746694387808.625,160904,1746694387789.625,-45,1,-128
1746694387828.5,160916,1746694387809.5,-45,8,-116
1746694387848.375,160904,1746694387829.406,-57,6,-112
1746694387868.25,160911,1746694387849.219,-53,7,-113
1746694387888.094,160911,1746694387869.125,-47,7,-112
1746694387908.0,160919,1746694387889.031,-56,0,-117
1746694387927.875,160909,1746694387908.875,-45,7,-112
1746694387947.75,160907,1746694387928.781,-48,12,-125
1746694387967.625,160882,1746694387948.594,-44,8,-129
1746694387987.5,160867,1746694387968.531,-49,8,-112
1746694388007.344,160883,1746694387988.375,-48,8,-112
1746694388027.219,160910,1746694388008.25,-47,7,-127
1746694388047.219,160896,1746694388028.094,-55,7,-112
1746694388067.0,160904,1746694388048.0,-49,15,-121
1746694388086.844,160903,1746694388067.906,-48,15,-121
1746694388106.719,160947,1746694388087.719,-60,12,-111
1746694388126.563,160954,1746694388107.594,-47,4,-112
1746694388146.437,160985,1746694388127.469,-48,12,-120
1746694388166.312,160946,1746694388147.344,-53,4,-121
1746694388186.188,160874,1746694388167.219,-62,12,-121
1746694388206.063,160811,1746694388187.094,-45,7,-121
1746694388225.969,160744,1746694388206.969,-47,14,-112
1746694388245.812,160672,1746694388226.875,-65,7,-121
1746694388265.656,160595,1746694388246.688,-49,7,-116
1746694388285.531,160554,1746694388266.594,-47,4,-112
1746694388305.406,160527,1746694388286.437,-48,7,-112
1746694388325.312,160500,1746694388306.312,-48,9,-112
1746694388345.156,160491,1746694388326.188,-48,10,-112
1746694388365.063,160455,1746694388346.094,-47,3,-129
1746694388384.937,160401,1746694388365.937,-57,11,-125
1746694388404.812,160370,1746694388385.812,-53,11,-112
1746694388424.656,160338,1746694388405.719,-55,7,-125
1746694388444.594,160277,1746694388425.563,-45,7,-112
1746694388464.469,160211,1746694388445.469,-58,7,-112
1746694388484.344,160139,1746694388465.344,-52,7,-112
1746694388504.219,160043,1746694388485.219,-56,12,-112
1746694388524.063,159976,1746694388505.156,-58,11,-121
1746694388543.969,159917,1746694388524.937,-49,9,-112
1746694388563.875,159833,1746694388544.844,-50,7,-121
1746694388583.688,159789,1746694388564.781,-61,8,-109
1746694388603.594,159737,1746694388584.625,-53,12,-112
1746694388623.469,159645,1746694388604.437,-42,7,-108
1746694388643.312,159623,1746694388624.375,-25,3,-113
1746694388663.188,159576,1746694388644.219,-50,4,-116
1746694388683.063,159537,1746694388664.094,-57,9,-112
1746694388702.9368,159486,1746694388683.969,-55,27,-117
1746694388722.812,159456,1746694388703.813,-48,15,-112
1746694388742.688,159425,1746694388723.719,-49,3,-112
1746694388762.531,159388,1746694388743.531,-57,1,-96
1746694388782.437,159360,1746694388763.5,-44,7,-112
1746694388802.25,159332,1746694388783.313,-55,0,-121
1746694388822.156,159320,1746694388803.156,-45,7,-119
1746694388842.094,159278,1746694388823.031,-62,7,-112
1746694388861.906,159232,1746694388842.906,-53,15,-116
1746694388881.75,159210,1746694388862.781,-48,4,-112
1746694388901.625,159213,1746694388882.656,-56,8,-125
1746694388921.531,159188,1746694388902.531,-53,9,-117
1746694388941.375,159163,1746694388922.406,-52,11,-112
1746694388961.313,159149,1746694388942.281,-47,6,-112
1746694388981.125,159144,1746694388962.219,-54,7,-120
1746694389001.0,159141,1746694388982.0,-61,8,-113
1746694389020.875,159110,1746694389001.906,-49,9,-127
1746694389040.75,159095,1746694389021.781,-52,8,-112
1746694389060.656,159060,1746694389041.656,-52,8,-112
1746694389080.5308,159048,1746694389061.562,-57,9,-116
1746694389100.375,159037,1746694389081.406,-65,15,-112
1746694389120.281,159027,1746694389101.281,-49,3,-127
1746694389140.125,159011,1746694389121.188,-57,11,-122
1746694389160.031,159003,1746694389141.031,-57,10,-103
1746694389179.875,159010,1746694389160.937,-47,11,-112
1746694389199.75,158983,1746694389180.813,-49,7,-121
1746694389219.625,158966,1746694389200.625,-44,12,-113
1746694389239.531,158954,1746694389220.531,-58,8,-112
1746694389259.344,158928,1746694389240.406,-52,16,-121
1746694389279.25,158852,1746694389260.375,-45,6,-125
1746694389299.125,158790,1746694389280.125,-45,6,-127
1746694389319.0,158753,1746694389300.0,-55,7,-125
1746694389338.875,158710,1746694389319.875,-49,6,-112
1746694389358.75,158684,1746694389339.781,-47,9,-112
1746694389378.625,158688,1746694389359.656,-57,8,-121
1746694389398.469,158721,1746694389379.531,-53,19,-121
1746694389418.344,158726,1746694389399.406,-48,7,-112
1746694389438.219,158739,1746694389419.25,-34,11,-121
1746694389458.094,158732,1746694389439.094,-49,11,-130
1746694389477.906,158750,1746694389458.9692,-47,3,-112
1746694389497.781,158795,1746694389478.812,-51,27,-112
1746694389517.656,158843,1746694389498.688,-52,7,-113
1746694389537.563,158878,1746694389518.563,-47,12,-109
1746694389557.375,158875,1746694389538.406,-53,3,-112
1746694389577.219,158863,1746694389558.25,-49,8,-120
1746694389597.094,158848,1746694389578.125,-49,7,-121
1746694389616.969,158875,1746694389597.969,-56,11,-128
1746694389636.781,158876,1746694389617.875,-48,1,-130
1746694389656.719,158873,1746694389637.719,-55,11,-121
1746694389676.562,158902,1746694389657.594,-49,11,-112
1746694389696.438,158937,1746694389677.438,-50,8,-112
1746694389716.281,158951,1746694389697.313,-57,8,-120
1746694389736.156,158951,1746694389717.219,-47,12,-114
1746694389756.062,158992,1746694389737.062,-57,4,-109
1746694389775.906,159007,1746694389756.938,-64,7,-121
1746694389795.781,159011,1746694389776.813,-65,7,-121
1746694389815.687,159042,1746694389796.6868,-57,7,-112
1746694389835.531,159083,1746694389816.562,-49,1,-113
1746694389855.375,159097,1746694389836.438,-57,7,-116
1746694389875.281,159133,1746694389856.25,-49,12,-119
1746694389895.094,159170,1746694389876.156,-48,15,-112
1746694389915.0,159168,1746694389895.969,-57,12,-112
1746694389934.875,159189,1746694389915.844,-49,3,-108
1746694389954.75,159205,1746694389935.781,-50,7,-129
1746694389974.5942,159232,1746694389955.625,-52,12,-112
1746694389994.469,159234,1746694389975.5,-49,11,-112
1746694390014.313,159220,1746694389995.344,-50,6,-112
1746694390034.188,159243,1746694390015.219,-53,11,-112
1746694390054.031,159255,1746694390035.094,-47,8,-112
1746694390073.906,159252,1746694390054.969,-53,10,-113
1746694390093.781,159245,1746694390074.813,-55,15,-112
1746694390113.625,159233,1746694390094.656,-44,9,-125
1746694390133.5,159251,1746694390114.531,-45,12,-112
1746694390153.375,159260,1746694390134.375,-48,9,-112
1746694390173.219,159262,1746694390154.25,-57,11,-122
1746694390193.094,159249,1746694390174.125,-49,2,-112
1746694390212.969,159252,1746694390194.0,-62,8,-112
1746694390232.812,159266,1746694390213.875,-48,7,-113
1746694390252.656,159264,1746694390233.687,-52,6,-109
1746694390272.5,159206,1746694390253.531,-49,6,-116
1746694390292.375,159166,1746694390273.438,-45,28,-111
1746694390312.25,159076,1746694390293.25,-45,8,-125
1746694390332.094,158999,1746694390313.156,-49,7,-121
1746694390351.969,158970,1746694390332.969,-49,8,-108
1746694390371.813,158943,1746694390352.844,-49,8,-125
1746694390391.687,158930,1746694390372.687,-54,12,-121
1746694390411.5,158947,1746694390392.688,-54,7,-119
1746694390431.406,158929,1746694390412.406,-53,6,-112
1746694390451.25,158937,1746694390432.281,-56,3,-121
1746694390471.125,158959,1746694390452.156,-60,11,-112
1746694390491.031,158935,1746694390472.031,-53,9,-122
1746694390510.844,158953,1746694390491.969,-48,4,-121
1746694390530.719,158944,1746694390511.719,-48,5,-112
1746694390550.563,158943,1746694390531.563,-50,9,-112
1746694390570.406,158913,1746694390551.437,-49,11,-121
1746694390590.281,158875,1746694390571.281,-40,11,-113
1746694390610.156,158854,1746694390591.188,-56,7,-121
1746694390630.0,158804,1746694390611.031,-48,12,-112
1746694390649.844,158822,1746694390630.906,-53,8,-112
1746694390669.719,158842,1746694390650.75,-48,8,-112
1746694390689.563,158841,1746694390670.594,-56,0,-129
1746694390709.438,158868,1746694390690.438,-48,6,-112
1746694390729.25,158881,1746694390710.344,-55,7,-116
1746694390749.156,158904,1746694390730.156,-57,12,-112
1746694390769.031,158942,1746694390750.031,-59,11,-112
1746694390788.875,158961,1746694390769.938,-56,8,-112
1746694390808.75,158977,1746694390789.812,-51,11,-111
1746694390828.625,159019,1746694390809.687,-48,12,-111
1746694390848.469,159046,1746694390829.5,-60,11,-112
1746694390868.375,159063,1746694390849.344,-47,8,-112
1746694390888.188,159071,1746694390869.25,-47,12,-121
1746694390908.094,159108,1746694390889.125,-52,12,-112
1746694390927.937,159130,1746694390908.937,-48,4,-104
1746694390947.813,159142,1746694390928.844,-60,9,-114
1746694390967.656,159149,1746694390948.656,-50,12,-112
1746694390987.562,159164,1746694390968.5618,-60,7,-112
1746694391007.406,159191,1746694390988.469,-49,7,-121
1746694391027.281,159222,1746694391008.281,-44,16,-126
1746694391047.125,159233,1746694391028.156,-61,14,-120
1746694391067.0,159228,1746694391048.031,-46,6,-120
1746694391086.906,159278,1746694391067.906,-52,7,-120
1746694391106.75,159324,1746694391087.781,-57,8,-109
1746694391126.594,159380,1746694391107.625,-48,12,-112
1746694391146.5,159417,1746694391127.562,-58,9,-112
1746694391166.375,159440,1746694391147.375,-48,6,-112
1746694391186.188,159464,1746694391167.25,-47,8,-125
1746694391206.063,159483,1746694391187.125,-31,7,-112
1746694391225.937,159538,1746694391207.0,-58,14,-112
1746694391245.781,159533,1746694391226.8118,-53,8,-112
1746694391265.656,159550,1746694391246.656,-49,9,-112
1746694391285.5,159545,1746694391266.563,-50,9,-112
1746694391305.375,159555,1746694391286.406,-57,8,-120
1746694391325.25,159568,1746694391306.25,-48,9,-116
1746694391345.094,159590,1746694391326.094,-47,10,-104
1746694391364.969,159550,1746694391346.0,-60,15,-112
1746694391384.844,159496,1746694391365.875,-48,3,-112
1746694391404.719,159398,1746694391385.719,-52,11,-112
1746694391424.531,159319,1746694391405.594,-50,7,-111
1746694391444.438,159261,1746694391425.531,-57,11,-121
1746694391464.281,159247,1746694391445.312,-57,12,-112
1746694391484.156,159227,1746694391465.156,-45,5,-121
1746694391504.0,159229,1746694391485.031,-58,12,-112
1746694391523.875,159250,1746694391504.906,-45,7,-112
1746694391543.719,159256,1746694391524.781,-57,6,-121
1746694391563.594,159267,1746694391544.625,-49,7,-112
1746694391583.437,159257,1746694391564.469,-57,8,-125
1746694391603.281,159262,1746694391584.344,-48,8,-112
1746694391623.156,159290,1746694391604.156,-52,8,-116
1746694391643.0308,159286,1746694391624.062,-49,9,-121
1746694391662.844,159271,1746694391643.906,-49,4,-121
1746694391682.719,159268,1746694391663.75,-54,9,-125
1746694391702.563,159220,1746694391683.594,-48,19,-120
1746694391722.438,159200,1746694391703.469,-57,11,-125
1746694391742.281,159155,1746694391723.344,-52,12,-112
1746694391762.156,159129,1746694391743.219,-48,0,-113
1746694391782.031,159154,1746694391763.031,-58,7,-120
1746694391801.906,159171,1746694391782.906,-49,11,-125
1746694391821.719,159183,1746694391802.781,-56,12,-112
1746694391841.594,159182,1746694391822.656,-55,12,-112
1746694391861.469,159197,1746694391842.469,-49,12,-112
1746694391881.344,159195,1746694391862.406,-52,15,-121
1746694391901.187,159192,1746694391882.187,-47,9,-112
1746694391921.031,159191,1746694391902.094,-55,3,-112
1746694391940.875,159197,1746694391921.906,-48,7,-112
1746694391960.781,159244,1746694391941.781,-49,3,-112
1746694391980.563,159251,1746694391961.625,-52,7,-112
1746694392000.437,159253,1746694391981.469,-48,8,-112
1746694392020.281,159261,1746694392001.312,-56,4,-112
1746694392040.156,159271,1746694392021.188,-61,13,-116
1746694392060.0,159251,1746694392041.0308,-44,8,-116
1746694392079.875,159275,1746694392060.937,-55,9,-121
1746694392099.75,159267,1746694392080.781,-64,12,-112
1746694392119.594,159298,1746694392100.625,-53,11,-112
1746694392139.469,159273,1746694392120.5,-49,6,-121
1746694392159.344,159276,1746694392140.375,-61,0,-129
1746694392179.219,159269,1746694392160.219,-50,11,-109
1746694392199.094,159261,1746694392180.094,-56,7,-112
1746694392218.9382,159273,1746694392200.0,-49,5,-121
1746694392238.844,159304,1746694392219.844,-49,7,-112
1746694392258.75,159320,1746694392239.719,-57,7,-111
1746694392278.594,159342,1746694392259.625,-49,8,-112
1746694392298.438,159356,1746694392279.469,-47,11,-125
1746694392318.312,159381,1746694392299.375,-59,10,-122
1746694392338.187,159345,1746694392319.187,-61,7,-112
1746694392358.063,159369,1746694392339.094,-49,5,-112
1746694392377.938,159368,1746694392358.969,-54,8,-112
1746694392397.781,159395,1746694392378.844,-57,1,-112
1746694392417.687,159399,1746694392398.6868,-47,14,-112
1746694392437.5,159383,1746694392418.563,-65,12,-121
1746694392457.406,159394,1746694392438.438,-49,9,-116
1746694392477.25,159422,1746694392458.312,-56,12,-113
1746694392497.156,159403,1746694392478.156,-56,7,-109
1746694392517.0,159341,1746694392498.031,-52,8,-112
1746694392536.844,159233,1746694392517.906,-65,24,-121
1746694392556.75,159137,1746694392537.75,-61,12,-129
1746694392576.656,159059,1746694392557.625,-49,6,-112
1746694392596.469,159005,1746694392577.531,-60,8,-112
1746694392616.344,158963,1746694392597.406,-61,8,-125
1746694392636.219,158948,1746694392617.25,-47,12,-122
1746694392656.094,158953,1746694392637.094,-58,7,-121
1746694392675.937,158949,1746694392656.969,-48,12,-125
1746694392695.813,158961,1746694392676.844,-55,13,-125
1746694392715.688,158934,1746694392696.687,-45,13,-121
1746694392735.562,158907,1746694392716.594,-56,12,-121
1746694392755.406,158929,1746694392736.469,-49,3,-121
1746694392775.281,158936,1746694392756.313,-52,2,-112
1746694392795.125,158926,1746694392776.156,-57,14,-112
1746694392815.0,158900,1746694392796.031,-48,7,-112
1746694392834.844,158836,1746694392815.906,-40,6,-121
1746694392854.719,158827,1746694392835.75,-49,8,-112
1746694392874.594,158784,1746694392855.594,-49,6,-120
1746694392894.469,158751,1746694392875.469,-56,24,-121
1746694392914.281,158744,1746694392895.375,-64,10,-113
1746694392934.156,158737,1746694392915.188,-48,7,-111
1746694392954.031,158741,1746694392935.031,-53,7,-116
1746694392973.906,158735,1746694392954.906,-45,15,-120
1746694392993.75,158746,1746694392974.781,-56,12,-112
1746694393013.594,158754,1746694392994.719,-56,11,-112
1746694393033.5,158727,1746694393014.5,-48,7,-125
1746694393053.344,158722,1746694393034.344,-45,6,-120
1746694393073.187,158764,1746694393054.25,-58,9,-113
1746694393093.094,158789,1746694393074.094,-50,6,-112
1746694393112.938,158778,1746694393093.9382,-52,11,-112
1746694393132.812,158774,1746694393113.844,-64,7,-112
1746694393152.687,158767,1746694393133.719,-52,6,-125
1746694393172.531,158792,1746694393153.594,-33,8,-125
1746694393192.438,158797,1746694393173.438,-53,6,-116
1746694393212.25,158782,1746694393193.312,-49,7,-120
1746694393232.125,158768,1746694393213.187,-67,19,-122
1746694393252.031,158756,1746694393233.063,-58,12,-113
1746694393271.906,158773,1746694393252.906,-49,14,-112
1746694393291.75,158763,1746694393272.75,-55,3,-105
1746694393311.625,158746,1746694393292.687,-44,11,-125
1746694393331.5,158764,1746694393312.5,-47,1,-112
1746694393351.344,158788,1746694393332.375,-57,6,-113
1746694393371.219,158833,1746694393352.25,-53,8,-112
1746694393391.094,158854,1746694393372.125,-52,8,-125
1746694393410.937,158906,1746694393391.969,-53,13,-122
1746694393430.844,158908,1746694393411.813,-57,11,-109
1746694393450.656,158927,1746694393431.719,-46,7,-121
1746694393470.562,158965,1746694393451.594,-58,8,-112
1746694393490.437,158983,1746694393471.437,-52,8,-109
1746694393510.313,159009,1746694393491.281,-45,16,-112
1746694393530.188,158995,1746694393511.219,-50,8,-121
1746694393550.062,159018,1746694393531.094,-61,12,-109
1746694393569.906,159031,1746694393550.937,-41,7,-112
1746694393589.813,158946,1746694393570.813,-55,7,-120
1746694393609.625,157684,1746694393590.688,-55,0,-160
1746694393629.5,158326,1746694393610.531,-64,0,-224
1746694393649.375,157744,1746694393630.375,-17,-98,-138
1746694393669.25,157869,1746694393650.25,30,4,-152
1746694393689.094,157195,1746694393670.125,-185,15,-94
1746694393708.9692,157065,1746694393690.0,-167,-58,-77
1746694393728.812,157292,1746694393709.844,-55,36,-39
1746694393748.688,157370,1746694393729.719,-95,120,-32
1746694393768.563,157282,1746694393749.594,-138,60,-61
1746694393788.469,157396,1746694393769.469,-121,39,-48
1746694393808.312,157686,1746694393789.344,-64,72,-29
1746694393828.156,158246,1746694393809.156,-63,63,-40
1746694393848.0,159032,1746694393829.094,-97,56,-48
1746694393867.906,159963,1746694393848.937,-104,57,-32
1746694393887.781,160992,1746694393868.781,-57,44,-45
1746694393907.594,161214,1746694393888.688,-16,36,-90
1746694393927.469,161153,1746694393908.5,-4,32,-112
1746694393947.375,160362,1746694393928.375,-24,44,-120
1746694393967.219,161695,1746694393948.25,-29,51,-80
1746694393987.094,162850,1746694393968.125,95,48,-64
1746694394006.938,164159,1746694393988.0,-167,33,-112
1746694394026.813,164665,1746694394007.812,-97,-12,-159
1746694394046.6868,165461,1746694394027.687,-8,28,-160
1746694394066.531,166381,1746694394047.594,-53,51,-137
1746694394086.438,166868,1746694394067.469,-77,28,-169
1746694394106.313,167150,1746694394087.312,-68,14,-173
1746694394126.156,167291,1746694394107.187,-75,10,-160
1746694394146.0,167305,1746694394127.031,-56,11,-137
1746694394165.906,167173,1746694394146.906,-68,19,-112
1746694394185.75,166749,1746694394166.812,-77,-7,-101
1746694394205.625,166431,1746694394186.625,-60,-23,-93
1746694394225.437,166305,1746694394206.5,-74,19,-95
1746694394245.313,166199,1746694394226.375,-64,25,-106
1746694394265.188,166433,1746694394246.188,-53,14,-112
1746694394285.062,167083,1746694394266.094,-65,24,-121
1746694394304.875,167819,1746694394285.969,-60,30,-112
1746694394324.75,168338,1746694394305.781,-48,28,-114
1746694394344.625,168586,1746694394325.656,-52,30,-122
1746694394364.469,168654,1746694394345.5,-49,28,-121
1746694394384.312,168650,1746694394365.344,-63,7,-125
1746694394404.156,168566,1746694394385.25,-52,3,-112
1746694394424.031,168446,1746694394405.063,-52,7,-109
1746694394443.906,168262,1746694394424.969,-52,14,-112
1746694394463.75,168111,1746694394444.781,-56,11,-112
1746694394483.625,167978,1746694394464.656,-56,6,-111
1746694394503.5,167887,1746694394484.531,-64,9,-109
1746694394523.344,167877,1746694394504.375,-58,7,-111
1746694394543.187,167958,1746694394524.25,-61,8,-121
1746694394563.062,168060,1746694394544.125,-50,11,-116
1746694394582.938,168114,1746694394563.938,-57,8,-109
1746694394602.813,168111,1746694394583.813,-61,12,-125
1746694394622.781,168037,1746694394603.719,-50,19,-127
1746694394642.5,167991,1746694394623.688,-63,17,-112
1746694394662.406,168018,1746694394643.375,-64,7,-112
1746694394682.281,168092,1746694394663.281,-61,3,-112
1746694394702.125,168125,1746694394683.187,-66,14,-113
1746694394722.0,168014,1746694394703.062,-52,19,-117
1746694394741.906,167776,1746694394722.906,-48,15,-121
1746694394761.719,167521,1746694394742.75,-60,7,-120
1746694394781.563,167331,1746694394762.594,-57,12,-112
1746694394801.406,167157,1746694394782.5,-53,8,-112
1746694394821.281,166989,1746694394802.313,-58,6,-116
1746694394841.125,166769,1746694394822.188,-53,5,-109
1746694394860.969,166552,1746694394842.031,-61,7,-120
1746694394880.875,166364,1746694394861.875,-49,8,-112
1746694394900.75,166210,1746694394881.75,-57,7,-109
1746694394920.563,166063,1746694394901.594,-49,7,-112
1746694394940.438,165943,1746694394921.469,-49,9,-121
1746694394960.281,165833,1746694394941.344,-61,11,-113
1746694394980.156,165692,1746694394961.1868,-50,12,-112
1746694395000.0,165535,1746694394981.031,-60,19,-112
1746694395019.906,165356,1746694395000.906,-52,7,-112
1746694395039.75,165199,1746694395020.812,-55,15,-121
1746694395059.594,165064,1746694395040.594,-55,9,-114
1746694395079.437,164965,1746694395060.469,-61,12,-109
1746694395099.313,164861,1746694395080.344,-53,19,-111
1746694395119.188,164751,1746694395100.219,-54,9,-112
1746694395139.094,164633,1746694395120.062,-47,10,-120
1746694395158.875,164554,1746694395139.906,-56,3,-104
1746694395178.75,164479,1746694395159.844,-49,7,-112
1746694395198.594,164382,1746694395179.656,-50,11,-127
1746694395218.469,164303,1746694395199.5,-48,11,-125
1746694395238.344,164194,1746694395219.344,-50,10,-112
1746694395258.219,164150,1746694395239.25,-64,7,-112
1746694395278.094,164078,1746694395259.094,-52,16,-112
1746694395297.969,163987,1746694395278.937,-49,11,-112
1746694395317.781,163913,1746694395298.844,-58,7,-112
1746694395337.688,163805,1746694395318.719,-57,8,-105
1746694395357.563,163753,1746694395338.563,-57,7,-111
1746694395377.4058,163712,1746694395358.406,-56,11,-112
1746694395397.281,163645,1746694395378.281,-48,1,-112
1746694395417.125,163625,1746694395398.1882,-56,15,-112
1746694395437.0,163533,1746694395418.0,-57,6,-112
1746694395456.875,163403,1746694395437.875,-56,17,-121
1746694395476.75,163322,1746694395457.75,-60,16,-112
1746694395496.562,163257,1746694395477.625,-54,3,-114
1746694395516.438,163207,1746694395497.438,-64,8,-109
1746694395536.313,163138,1746694395517.313,-62,7,-109
1746694395556.156,163074,1746694395537.187,-61,7,-115
1746694395576.031,162992,1746694395557.062,-49,9,-112
1746694395595.875,162897,1746694395576.906,-56,11,-112
1746694395615.75,162820,1746694395596.719,-52,9,-104
1746694395635.625,162750,1746694395616.656,-52,4,-121
1746694395655.469,162708,1746694395636.531,-60,7,-109
1746694395675.375,162657,1746694395656.344,-51,9,-112
1746694395695.25,162617,1746694395676.25,-61,9,-121
1746694395715.062,162552,1746694395696.094,-52,7,-119
1746694395734.937,162536,1746694395715.969,-52,7,-112
1746694395754.813,162493,1746694395735.813,-49,9,-111
1746694395774.719,162411,1746694395755.719,-64,12,-109
1746694395794.5,162286,1746694395775.531,-54,12,-113
1746694395814.406,162132,1746694395795.437,-64,7,-112
1746694395834.25,161961,1746694395815.281,-37,24,-112
1746694395854.125,161760,1746694395835.156,-50,15,-112
1746694395874.0,161590,1746694395855.031,-52,12,-112
1746694395893.844,161461,1746694395874.906,-50,19,-113
1746694395913.719,161410,1746694395894.719,-52,8,-112
1746694395933.594,161383,1746694395914.625,-57,8,-121
1746694395953.406,161385,1746694395934.469,-52,9,-104
1746694395973.312,161335,1746694395954.344,-50,14,-121
1746694395993.156,161208,1746694395974.188,-49,16,-125
1746694396013.0,161061,1746694395994.063,-57,12,-113
1746694396032.875,160991,1746694396013.875,-52,12,-104
1746694396052.7192,160996,1746694396033.812,-61,12,-115
1746694396072.594,161004,1746694396053.594,-65,12,-112
1746694396092.531,160958,1746694396073.5,-53,15,-121
1746694396112.313,160825,1746694396093.437,-52,14,-121
1746694396132.187,160638,1746694396113.219,-50,12,-112
1746694396152.031,160502,1746694396133.0618,-68,7,-112
1746694396171.875,160404,1746694396152.938,-57,15,-112
1746694396191.75,160328,1746694396172.781,-62,11,-117
1746694396211.656,160244,1746694396192.687,-61,12,-109
1746694396231.5,160162,1746694396212.5,-72,15,-104
1746694396251.344,160080,1746694396232.375,-59,15,-112
1746694396271.188,160061,1746694396252.25,-48,12,-125
1746694396291.0308,160043,1746694396272.094,-56,8,-129
1746694396310.937,160009,1746694396291.906,-55,11,-112
1746694396330.75,160001,1746694396311.812,-60,8,-112
1746694396350.625,159974,1746694396331.656,-56,8,-112
1746694396370.5,159980,1746694396351.562,-58,8,-125
1746694396390.344,159984,1746694396371.406,-49,15,-112
1746694396410.219,160021,1746694396391.219,-58,7,-112
1746694396430.094,160056,1746694396411.125,-56,12,-112
1746694396449.938,160051,1746694396431.0,-57,8,-112
1746694396469.844,160083,1746694396450.844,-61,12,-122
1746694396489.687,160091,1746694396470.75,-61,12,-112
1746694396509.594,160083,1746694396490.688,-49,14,-117
1746694396529.469,160086,1746694396510.469,-58,18,-112
1746694396549.344,160067,1746694396530.344,-44,11,-121
1746694396569.187,160058,1746694396550.219,-56,15,-116
1746694396589.063,160082,1746694396570.094,-49,8,-114
1746694396608.938,160080,1746694396589.938,-60,9,-121
1746694396628.812,160083,1746694396609.812,-49,16,-113
1746694396648.656,160071,1746694396629.656,-58,12,-110
1746694396668.5,160098,1746694396649.563,-45,7,-112
1746694396688.375,160079,1746694396669.375,-60,12,-104
1746694396708.25,160010,1746694396689.281,-61,15,-121
1746694396728.062,159932,1746694396709.125,-59,23,-125
1746694396747.937,159892,1746694396729.031,-50,6,-112
1746694396767.813,159862,1746694396748.844,-64,3,-112
1746694396787.656,159891,1746694396768.687,-50,10,-112
1746694396807.5,159913,1746694396788.531,-57,9,-112
1746694396827.406,159919,1746694396808.406,-61,9,-112
1746694396847.219,159915,1746694396828.281,-52,3,-111
1746694396867.125,159871,1746694396848.094,-56,8,-112
1746694396886.969,159775,1746694396868.0,-52,12,-112
1746694396906.844,159689,1746694396887.875,-25,12,-121
1746694396926.719,159608,1746694396907.719,-48,11,-114
1746694396946.594,159553,1746694396927.594,-55,16,-112
1746694396966.437,159529,1746694396947.5,-65,19,-113
1746694396986.312,159570,1746694396967.344,-52,7,-112
1746694397006.188,159580,1746694396987.188,-57,8,-112
1746694397026.031,159592,1746694397007.094,-56,7,-103
1746694397045.906,159574,1746694397027.031,-52,18,-121
1746694397065.781,159622,1746694397046.812,-58,13,-112
1746694397085.656,159666,1746694397066.688,-49,11,-129
1746694397105.5,159730,1746694397086.531,-49,9,-112
1746694397125.375,159776,1746694397106.375,-48,9,-112
1746694397145.187,159789,1746694397126.281,-49,17,-113
1746694397165.062,159781,1746694397146.094,-53,12,-116
1746694397184.906,159778,1746694397165.938,-81,15,-119
1746694397204.781,159726,1746694397185.812,-56,11,-121
1746694397224.625,159680,1746694397205.687,-62,7,-121
1746694397244.5,159604,1746694397225.5,-54,10,-112
1746694397264.344,159550,1746694397245.375,-52,12,-112
1746694397284.188,159545,1746694397265.219,-57,7,-112
1746694397304.062,159587,1746694397285.094,-40,12,-111
1746694397323.906,159587,1746694397304.9368,-54,12,-112
1746694397343.75,159607,1746694397324.781,-55,14,-111
1746694397363.625,159635,1746694397344.656,-56,14,-117
1746694397383.5,159680,1746694397364.5,-58,15,-104
1746694397403.375,159727,1746694397384.375,-65,13,-111
1746694397423.219,159830,1746694397404.25,-49,10,-108
1746694397443.125,159933,1746694397424.156,-55,11,-121
1746694397463.0,159975,1746694397444.0,-57,15,-112
1746694397482.844,160028,1746694397463.906,-55,12,-104
1746694397502.719,160057,1746694397483.719,-59,12,-112
1746694397522.563,160058,1746694397503.625,-49,12,-121
1746694397542.438,160060,1746694397523.469,-45,11,-96
1746694397562.3118,160043,1746694397543.312,-50,11,-109
1746694397582.156,160051,1746694397563.219,-64,12,-112
1746694397602.031,160102,1746694397583.063,-60,21,-121
1746694397622.0,160124,1746694397602.875,-53,15,-112
1746694397641.781,160100,1746694397622.906,-56,14,-112
1746694397661.625,160099,1746694397642.656,-63,12,-104
1746694397681.469,160129,1746694397662.531,-53,12,-113
1746694397701.344,160178,1746694397682.344,-61,23,-104
1746694397721.219,160271,1746694397702.187,-52,6,-104
1746694397741.094,160276,1746694397722.125,-48,12,-113
1746694397760.938,160210,1746694397741.969,-49,11,-111
1746694397780.781,160093,1746694397761.875,-55,12,-112
1746694397800.687,159890,1746694397781.719,-61,11,-113
1746694397820.531,159757,1746694397801.562,-57,9,-113
1746694397840.406,159616,1746694397821.438,-57,12,-121
1746694397860.25,159506,1746694397841.281,-63,13,-121
1746694397880.125,159367,1746694397861.125,-52,13,-112
1746694397899.969,159305,1746694397881.0,-57,12,-112
1746694397919.875,159254,1746694397900.875,-49,14,-112
1746694397939.719,159254,1746694397920.75,-57,10,-112
1746694397959.687,159234,1746694397940.625,-63,7,-109
1746694397979.437,159266,1746694397960.594,-72,14,-112
1746694397999.312,159262,1746694397980.344,-49,12,-121
1746694398019.219,159285,1746694398000.219,-63,12,-113
1746694398039.062,159331,1746694398020.094,-65,7,-112
1746694398058.937,159337,1746694398039.937,-57,15,-113
1746694398078.813,159311,1746694398059.844,-64,13,-112
1746694398098.688,159336,1746694398079.688,-64,0,-112
1746694398118.531,159279,1746694398099.562,-55,8,-112
1746694398138.406,159159,1746694398119.406,-56,7,-112
1746694398158.281,159079,1746694398139.313,-49,3,-129
1746694398178.156,159026,1746694398159.188,-53,15,-121
1746694398198.0,159005,1746694398179.062,-57,15,-96
1746694398217.875,158995,1746694398198.906,-50,14,-121
1746694398237.75,158936,1746694398218.781,-62,12,-121
1746694398257.688,158875,1746694398238.656,-63,12,-112
1746694398277.469,158868,1746694398258.562,-56,15,-104
1746694398297.375,158883,1746694398278.406,-52,12,-121
1746694398317.25,158916,1746694398298.281,-52,12,-113
1746694398337.125,158913,1746694398318.125,-56,15,-112
1746694398356.9692,158909,1746694398338.0,-63,14,-112
1746694398376.844,158892,1746694398357.906,-57,9,-112
1746694398396.719,158906,1746694398377.687,-60,3,-112
1746694398416.594,158932,1746694398397.594,-52,6,-111
1746694398436.438,158955,1746694398417.469,-63,6,-112
1746694398456.312,158933,1746694398437.344,-49,14,-117
1746694398476.25,158949,1746694398457.219,-57,16,-121
1746694398496.063,158969,1746694398477.063,-56,7,-116
1746694398515.906,159000,1746694398496.906,-52,11,-104
1746694398535.781,159009,1746694398516.812,-56,12,-112
1746694398555.625,159009,1746694398536.656,-58,8,-121
1746694398575.5,159000,1746694398556.531,-57,16,-112
1746694398595.344,159033,1746694398576.375,-52,12,-109
1746694398615.2192,159053,1746694398596.219,-62,11,-111
1746694398635.125,159081,1746694398616.125,-52,14,-121
1746694398654.938,159054,1746694398635.969,-52,6,-112
1746694398674.813,158990,1746694398655.875,-61,7,-117
1746694398694.687,158970,1746694398675.75,-54,6,-109
1746694398714.562,158910,1746694398695.5618,-52,10,-113
1746694398734.438,158786,1746694398715.438,-52,12,-112
1746694398754.313,158657,1746694398735.375,-53,7,-121
1746694398774.187,158523,1746694398755.187,-55,8,-121
1746694398794.062,158384,1746694398775.062,-49,12,-104
1746694398813.906,158281,1746694398794.938,-58,4,-112
1746694398833.781,158169,1746694398814.844,-48,12,-111
1746694398853.687,158074,1746694398834.656,-53,14,-116
1746694398873.656,158025,1746694398854.562,-52,9,-121
1746694398893.406,158026,1746694398874.406,-51,16,-125
1746694398913.25,158017,1746694398894.313,-63,15,-125
1746694398933.156,158024,1746694398914.156,-61,20,-112
1746694398953.031,157987,1746694398934.062,-52,15,-128
1746694398972.875,157886,1746694398953.906,-56,11,-125
1746694398992.719,157859,1746694398973.781,-52,19,-121
1746694399012.625,157865,1746694398993.625,-56,6,-112
1746694399032.469,157870,1746694399013.5,-66,12,-110
1746694399052.313,157799,1746694399033.375,-52,14,-121
1746694399072.188,157722,1746694399053.219,-49,7,-112
1746694399092.062,157592,1746694399073.094,-61,11,-112
1746694399111.937,157500,1746694399092.969,-49,12,-109
1746694399131.781,157476,1746694399112.813,-47,6,-121
1746694399151.656,157472,1746694399132.688,-64,8,-112
1746694399171.531,157482,1746694399152.531,-60,14,-116
1746694399191.531,157478,1746694399172.406,-57,15,-104
1746694399211.25,157494,1746694399192.438,-63,11,-110
1746694399231.125,157513,1746694399212.188,-57,9,-112
1746694399251.0,157548,1746694399232.0,-52,12,-112
1746694399270.844,157581,1746694399251.906,-56,15,-112
1746694399290.687,157597,1746694399271.75,-48,12,-120
1746694399310.563,157597,1746694399291.625,-50,7,-112
1746694399330.438,157593,1746694399311.469,-55,12,-109
1746694399350.281,157625,1746694399331.344,-48,12,-113
1746694399370.156,157624,1746694399351.187,-63,7,-109
1746694399390.0,157649,1746694399371.094,-61,15,-111
1746694399409.875,157651,1746694399390.875,-51,10,-112
1746694399429.719,157656,1746694399410.75,-61,9,-112
1746694399449.594,157667,1746694399430.625,-50,7,-120
1746694399469.469,157638,1746694399450.5,-61,14,-121
1746694399489.438,157634,1746694399470.344,-57,10,-125
1746694399509.156,157650,1746694399490.312,-56,9,-112
1746694399529.031,157689,1746694399510.094,-60,12,-106
1746694399548.938,157709,1746694399529.938,-52,14,-113
1746694399568.75,157731,1746694399549.813,-50,7,-121
1746694399588.625,157754,1746694399569.656,-56,7,-111
1746694399608.531,157779,1746694399589.531,-56,8,-96
1746694399628.375,157792,1746694399609.375,-64,7,-112
1746694399648.281,157837,1746694399629.25,-52,12,-112
1746694399668.125,157903,1746694399649.187,-57,14,-114
1746694399687.969,157936,1746694399669.0,-50,16,-129
1746694399707.875,157974,1746694399688.875,-63,12,-112
1746694399727.75,158020,1746694399708.781,-52,14,-112
1746694399747.5942,158069,1746694399728.594,-61,8,-112
1746694399767.5,158077,1746694399748.5,-52,3,-112
1746694399787.406,158012,1746694399768.375,-61,10,-121
1746694399807.219,157900,1746694399788.281,-52,9,-111
1746694399827.094,157727,1746694399808.125,-61,9,-106
1746694399846.937,157551,1746694399828.0,-50,7,-109
1746694399866.844,157390,1746694399847.812,-56,16,-112
1746694399886.719,157283,1746694399867.75,-57,16,-112
1746694399906.563,157206,1746694399887.625,-50,11,-115
1746694399926.469,157137,1746694399907.5,-65,7,-114
1746694399946.312,157082,1746694399927.344,-57,12,-113
1746694399966.156,157050,1746694399947.188,-57,12,-104
1746694399986.0,157035,1746694399967.094,-61,6,-105
1746694400005.937,157027,1746694399986.906,-60,14,-111
1746694400025.75,157009,1746694400006.781,-55,7,-122
1746694400045.594,156993,1746694400026.656,-56,14,-121
1746694400065.469,156941,1746694400046.531,-52,14,-121
1746694400085.312,156907,1746694400066.375,-63,15,-121
1746694400105.219,156821,1746694400086.219,-52,14,-112
1746694400125.031,156730,1746694400106.094,-61,7,-112
1746694400144.906,156636,1746694400125.938,-64,8,-109
1746694400164.781,156566,1746694400145.812,-51,9,-116
1746694400184.625,156530,1746694400165.625,-55,6,-111
1746694400204.469,156539,1746694400185.531,-45,12,-108
1746694400224.344,156608,1746694400205.406,-56,8,-112
1746694400244.219,156696,1746694400225.25,-64,9,-113
1746694400264.094,156760,1746694400245.125,-52,15,-112
1746694400283.969,156787,1746694400264.969,-56,9,-112
1746694400303.781,156851,1746694400284.906,-60,7,-121
1746694400323.688,156877,1746694400304.688,-64,12,-114
1746694400343.531,156934,1746694400324.562,-50,12,-112
1746694400363.375,156994,1746694400344.438,-66,15,-111
1746694400383.25,157036,1746694400364.281,-49,11,-112
1746694400403.125,157068,1746694400384.125,-65,16,-112
1746694400423.031,157126,1746694400404.031,-63,5,-107
1746694400442.875,157171,1746694400423.906,-63,12,-111
1746694400462.719,157201,1746694400443.75,-36,8,-112
1746694400482.625,157275,1746694400463.625,-57,16,-115
1746694400502.5,157302,1746694400483.469,-53,15,-112
1746694400522.344,157301,1746694400503.375,-57,12,-112
1746694400542.219,157321,1746694400523.375,-57,14,-111
1746694400562.094,157387,1746694400543.125,-52,11,-111
1746694400581.969,157459,1746694400562.969,-52,14,-112
1746694400601.8118,157503,1746694400582.875,-48,8,-109
1746694400621.719,157570,1746694400602.719,-52,11,-112
1746694400641.563,157624,1746694400622.656,-63,12,-108
1746694400661.437,157684,1746694400642.469,-57,16,-112
1746694400681.25,157732,1746694400662.281,-52,15,-125
1746694400701.094,157818,1746694400682.188,-57,11,-121
1746694400720.969,157877,1746694400701.969,-61,8,-106
1746694400740.844,157937,1746694400721.844,-50,6,-112
1746694400760.687,157964,1746694400741.75,-64,5,-113
1746694400780.531,157981,1746694400761.625,-63,12,-109
1746694400800.375,158009,1746694400781.4382,-61,15,-112
1746694400820.25,157993,1746694400801.25,-55,4,-115
1746694400840.094,157935,1746694400821.156,-60,12,-112
1746694400859.937,157830,1746694400841.0,-56,16,-112
1746694400879.813,157655,1746694400860.781,-49,12,-120
1746694400899.688,157468,1746694400880.719,-49,14,-112
1746694400919.531,157294,1746694400900.594,-64,14,-121
1746694400939.406,157201,1746694400920.5,-58,11,-112
1746694400959.281,157138,1746694400940.313,-53,9,-114
1746694400979.125,157100,1746694400960.156,-60,14,-112
1746694400999.0,157063,1746694400980.031,-53,4,-112
1746694401018.844,157044,1746694400999.906,-64,15,-121
1746694401038.781,157035,1746694401019.719,-56,7,-112
1746694401058.594,157071,1746694401039.594,-63,7,-106
1746694401078.438,157079,1746694401059.438,-53,8,-116
1746694401098.312,157072,1746694401079.344,-65,12,-112
1746694401118.187,157052,1746694401099.188,-52,12,-112
1746694401138.031,157013,1746694401119.094,-63,14,-112
1746694401157.938,156957,1746694401138.937,-53,19,-114
1746694401177.781,156913,1746694401158.844,-57,7,-112
1746694401197.656,156856,1746694401178.688,-50,12,-121
1746694401217.5,156800,1746694401198.563,-53,3,-116
1746694401237.375,156680,1746694401218.406,-51,8,-112
1746694401257.25,156595,1746694401238.25,-52,9,-104
1746694401277.094,156554,1746694401258.219,-61,11,-111
1746694401296.969,156576,1746694401278.0,-63,7,-112
1746694401316.813,156633,1746694401297.875,-52,8,-111
1746694401336.687,156684,1746694401317.687,-52,7,-109
1746694401356.594,156723,1746694401337.562,-51,11,-112
1746694401376.406,156709,1746694401357.5,-62,15,-113
1746694401396.281,156701,1746694401377.313,-57,12,-112
1746694401416.125,156718,1746694401397.156,-50,6,-110
1746694401436.0,156789,1746694401417.031,-65,11,-112
1746694401455.812,156854,1746694401436.875,-58,15,-106
1746694401475.688,156826,1746694401456.75,-61,12,-112
1746694401495.563,156732,1746694401476.562,-57,16,-112
1746694401515.4368,156653,1746694401496.469,-58,11,-119
1746694401535.25,156585,1746694401516.313,-55,9,-109
1746694401555.125,156587,1746694401536.156,-55,8,-116
1746694401575.0,156626,1746694401556.0,-50,7,-112
1746694401594.844,156682,1746694401575.875,-61,12,-109
1746694401614.719,156701,1746694401595.719,-60,11,-112
1746694401634.656,156783,1746694401615.625,-64,7,-111
1746694401654.438,156840,1746694401635.438,-63,16,-81
1746694401674.312,156940,1746694401655.344,-50,14,-112
1746694401694.156,157011,1746694401675.187,-58,11,-112
1746694401714.0,157094,1746694401695.0632,-52,12,-112
1746694401733.906,157156,1746694401714.906,-64,7,-112
1746694401753.781,157168,1746694401734.781,-61,15,-112
1746694401773.656,157188,1746694401754.625,-56,9,-112
1746694401793.594,157164,1746694401774.5,-55,12,-114
1746694401813.344,157177,1746694401794.4692,-64,15,-112
1746694401833.219,157156,1746694401814.25,-50,16,-113
1746694401853.062,157170,1746694401834.094,-60,10,-112
1746694401872.906,157207,1746694401853.969,-64,14,-112
1746694401892.813,157217,1746694401873.813,-52,22,-115
1746694401912.656,157290,1746694401893.687,-57,6,-112
1746694401932.5,157325,1746694401913.531,-55,3,-112
1746694401952.406,157305,1746694401933.438,-58,12,-112
1746694401972.25,157299,1746694401953.281,-53,9,-112
1746694401992.125,157228,1746694401973.156,-64,10,-112
1746694402011.969,157061,1746694401993.094,-52,13,-111
1746694402031.875,156892,1746694402012.875,-50,9,-112
1746694402051.719,156752,1746694402032.75,-48,11,-112
1746694402071.594,156629,1746694402052.594,-51,14,-112
1746694402091.437,156571,1746694402072.469,-58,11,-125
1746694402111.312,156525,1746694402092.344,-58,9,-112
1746694402131.188,156573,1746694402112.188,-52,7,-111
1746694402151.031,156597,1746694402132.063,-54,7,-112
1746694402170.906,156623,1746694402151.969,-33,16,-114
1746694402190.812,156645,1746694402171.844,-60,16,-114
1746694402210.656,156633,1746694402191.688,-52,8,-112
1746694402230.531,156638,1746694402211.563,-57,23,-121
1746694402250.375,156655,1746694402231.437,-58,9,-127
1746694402270.25,156671,1746694402251.25,-50,11,-116
1746694402290.156,156645,1746694402271.156,-50,7,-105
1746694402309.969,156568,1746694402291.063,-60,12,-112
1746694402329.844,156524,1746694402310.906,-55,4,-112
1746694402349.719,156427,1746694402330.719,-64,12,-109
1746694402369.594,156403,1746694402350.594,-53,14,-112
1746694402389.406,156379,1746694402370.469,-55,14,-116
1746694402409.25,156418,1746694402390.344,-60,15,-112
1746694402429.156,156436,1746694402410.156,-53,15,-112
1746694402449.0,156469,1746694402430.031,-61,14,-121
1746694402468.813,156516,1746694402449.875,-61,8,-112
1746694402488.688,156526,1746694402469.75,-56,6,-112
1746694402508.531,156547,1746694402489.594,-47,9,-111
1746694402528.437,156580,1746694402509.437,-52,8,-109
1746694402548.281,156627,1746694402529.313,-64,12,-112
1746694402568.125,156665,1746694402549.188,-57,16,-112
1746694402588.031,156695,1746694402569.031,-50,11,-112
1746694402608.0,156716,1746694402588.906,-57,9,-113
1746694402627.75,156714,1746694402608.75,-49,3,-113
1746694402647.625,156741,1746694402628.656,-57,12,-109
1746694402667.5,156768,1746694402648.5,-52,15,-112
1746694402687.375,156750,1746694402668.375,-58,9,-119
1746694402707.219,156770,1746694402688.25,-58,16,-109
1746694402727.094,156753,1746694402708.125,-63,12,-109
1746694402746.938,156791,1746694402727.969,-56,12,-112
1746694402766.844,156775,1746694402747.844,-52,12,-111
1746694402786.656,156731,1746694402767.719,-59,7,-105
1746694402806.531,156691,1746694402787.563,-49,10,-109
1746694402826.406,156631,1746694402807.437,-68,12,-109
1746694402846.25,156618,1746694402827.281,-57,7,-109
1746694402866.094,156635,1746694402847.125,-49,17,-127
1746694402886.0,156653,1746694402867.031,-54,12,-121
1746694402905.844,156697,1746694402886.906,-60,17,-113
1746694402925.687,156756,1746694402906.719,-64,11,-114
1746694402945.531,156827,1746694402926.562,-53,15,-104
1746694402965.406,156887,1746694402946.469,-57,23,-122
1746694402985.281,156906,1746694402966.281,-60,11,-112
1746694403005.156,156930,1746694402986.187,-49,6,-121
1746694403025.0,156927,1746694403006.031,-60,3,-105
1746694403044.906,156943,1746694403025.938,-52,6,-112
1746694403064.75,156987,1746694403045.719,-56,8,-108
1746694403084.625,157031,1746694403065.656,-53,9,-108
1746694403104.5,157068,1746694403085.531,-64,15,-109
1746694403124.344,157074,1746694403105.406,-51,9,-109
1746694403144.25,157100,1746694403125.25,-65,8,-112
1746694403164.094,157078,1746694403145.156,-57,15,-121
1746694403183.937,156989,1746694403165.0,-57,11,-112
1746694403203.844,156850,1746694403184.844,-52,13,-112
1746694403223.688,156684,1746694403204.719,-52,12,-112
1746694403243.531,156510,1746694403224.5942,-55,12,-110
1746694403263.406,156397,1746694403244.437,-64,16,-116
1746694403283.281,156305,1746694403264.313,-50,8,-121
1746694403303.156,156257,1746694403284.156,-68,9,-125
1746694403323.0,156261,1746694403304.031,-57,11,-117
1746694403342.844,156325,1746694403323.906,-52,12,-112
1746694403362.75,156381,1746694403343.75,-64,14,-125
1746694403382.625,156408,1746694403363.625,-47,15,-112
1746694403402.5,156453,1746694403383.5,-48,4,-121
1746694403422.344,156477,1746694403403.375,-55,7,-106
1746694403442.25,156551,1746694403423.25,-48,14,-112
1746694403462.094,156588,1746694403443.125,-50,7,-112
1746694403481.9692,156621,1746694403463.0,-60,12,-121
1746694403501.875,156599,1746694403482.844,-61,9,-120
1746694403521.719,156555,1746694403502.75,-61,8,-121
1746694403541.625,156548,1746694403522.625,-53,17,-113
1746694403561.5,156536,1746694403542.5,-53,14,-112
1746694403581.344,156513,1746694403562.406,-68,12,-109
1746694403601.219,156544,1746694403582.219,-57,9,-111
1746694403621.188,156577,1746694403602.125,-55,7,-111
1746694403640.938,156667,1746694403622.094,-56,4,-112
1746694403660.812,156746,1746694403641.844,-53,7,-112
1746694403680.719,156823,1746694403661.688,-58,10,-112
1746694403700.531,156873,1746694403681.594,-49,8,-111
1746694403720.438,156941,1746694403701.469,-59,14,-104
1746694403740.312,157012,1746694403721.312,-52,11,-112
1746694403760.187,157090,1746694403741.219,-57,22,-113
1746694403780.031,157203,1746694403761.094,-61,12,-110
1746694403799.969,157259,1746694403780.969,-63,14,-112
1746694403819.781,157317,1746694403800.781,-56,13,-110
1746694403839.656,157389,1746694403820.688,-53,17,-121
1746694403859.5,157425,1746694403840.5,-49,12,-116
1746694403879.375,157477,1746694403860.437,-52,8,-121
1746694403899.25,157499,1746694403880.25,-53,12,-125
1746694403919.156,157528,1746694403900.156,-57,15,-112
1746694403938.969,157567,1746694403920.063,-60,15,-121
1746694403958.844,157613,1746694403939.9058,-53,11,-112
1746694403978.719,157637,1746694403959.75,-52,15,-116
1746694403998.594,157632,1746694403979.625,-63,11,-121
1746694404018.469,157648,1746694403999.469,-47,10,-112
1746694404038.313,157687,1746694404019.375,-54,11,-121
1746694404058.187,157710,1746694404039.187,-49,3,-111
1746694404078.062,157786,1746694404059.062,-60,12,-121
1746694404097.906,157845,1746694404078.938,-61,12,-112
1746694404117.781,157890,1746694404098.781,-55,14,-112
1746694404137.719,157954,1746694404118.687,-65,15,-113
1746694404157.531,157996,1746694404138.562,-64,3,-114
1746694404177.375,158021,1746694404158.406,-64,11,-112
1746694404197.25,158070,1746694404178.25,-61,8,-112
1746694404217.125,158142,1746694404198.094,-52,6,-123
1746694404236.969,158211,1746694404217.969,-52,8,-112
1746694404256.844,158262,1746694404237.875,-61,12,-112
1746694404276.719,158315,1746694404257.75,-52,9,-112
1746694404296.625,158326,1746694404277.594,-60,13,-112
1746694404316.469,158331,1746694404297.5,-61,14,-104
1746694404336.344,158283,1746694404317.375,-53,9,-112
1746694404356.219,158167,1746694404337.219,-66,12,-112
1746694404376.094,158032,1746694404357.125,-52,7,-105
1746694404395.937,157875,1746694404377.0,-56,8,-111
1746694404415.844,157786,1746694404396.875,-52,15,-112
1746694404435.688,157709,1746694404416.719,-47,8,-112
1746694404455.562,157690,1746694404436.594,-58,8,-121
1746694404475.406,157691,1746694404456.469,-66,12,-113
1746694404495.281,157757,1746694404476.344,-64,20,-125
1746694404515.156,157828,1746694404496.156,-61,9,-96
1746694404535.0,157881,1746694404516.031,-49,9,-112
1746694404554.844,157946,1746694404535.875,-50,24,-121
1746694404574.719,157967,1746694404555.75,-45,17,-112
1746694404594.594,158014,1746694404575.625,-57,5,-112
1746694404614.469,158051,1746694404595.469,-58,12,-112
1746694404634.281,158044,1746694404615.312,-56,14,-112
1746694404654.156,158000,1746694404635.219,-65,9,-111
1746694404674.031,157943,1746694404655.094,-57,15,-112
1746694404693.906,157896,1746694404674.906,-49,14,-121
1746694404713.719,157856,1746694404694.781,-55,9,-112
1746694404733.625,157862,1746694404714.625,-55,6,-112
1746694404753.5,157895,1746694404734.5,-49,11,-121
1746694404773.344,157922,1746694404754.344,-57,11,-112
1746694404793.219,157960,1746694404774.25,-61,17,-109
1746694404813.094,158009,1746694404794.125,-54,11,-109
1746694404832.938,158045,1746694404813.969,-52,17,-112
1746694404852.844,158086,1746694404833.813,-64,12,-113
1746694404872.687,158119,1746694404853.719,-61,8,-121
1746694404892.562,158169,1746694404873.594,-67,30,-121
1746694404912.563,158224,1746694404893.438,-56,9,-112
1746694404932.281,158282,1746694404913.469,-71,14,-96
1746694404952.156,158330,1746694404933.187,-55,3,-103
1746694404972.031,158380,1746694404953.094,-53,9,-112
1746694404991.906,158420,1746694404972.938,-58,3,-112
1746694405011.75,158471,1746694404992.781,-63,6,-109
1746694405031.625,158501,1746694405012.687,-64,4,-109
1746694405051.5,158566,1746694405032.531,-52,12,-111
1746694405071.375,158594,1746694405052.375,-49,15,-112
1746694405091.219,158607,1746694405072.2808,-58,8,-113
1746694405111.094,158630,1746694405092.125,-65,12,-112
1746694405130.969,158675,1746694405111.969,-65,9,-109
1746694405150.938,158739,1746694405131.844,-51,10,-112
1746694405170.688,158785,1746694405151.813,-52,11,-109
1746694405190.531,158855,1746694405171.594,-58,15,-109
1746694405210.406,158909,1746694405191.437,-61,9,-111
1746694405230.281,158965,1746694405211.281,-69,11,-112
1746694405250.125,159002,1746694405231.156,-56,15,-113
1746694405269.969,159069,1746694405251.031,-49,12,-109
1746694405289.844,159117,1746694405270.844,-60,3,-112
1746694405309.719,159177,1746694405290.687,-53,12,-104
1746694405329.531,159194,1746694405310.594,-52,8,-121
1746694405349.406,159203,1746694405330.469,-56,8,-113
1746694405369.281,159228,1746694405350.312,-61,9,-112
1746694405389.156,159272,1746694405370.156,-58,11,-112
1746694405408.969,159310,1746694405390.031,-58,15,-112
1746694405428.875,159342,1746694405409.875,-56,12,-112
1746694405448.719,159370,1746694405429.75,-53,14,-112
1746694405468.594,159416,1746694405449.594,-68,9,-112
1746694405488.437,159432,1746694405469.469,-64,8,-96
1746694405508.281,159384,1746694405489.375,-61,9,-109
1746694405528.156,159273,1746694405509.187,-61,19,-117
1746694405548.062,159111,1746694405529.062,-55,12,-111
1746694405567.844,158942,1746694405548.938,-48,12,-113
1746694405587.688,158786,1746694405568.781,-57,12,-114
1746694405607.594,158713,1746694405588.594,-52,8,-112
1746694405627.437,158673,1746694405608.469,-69,24,-112
1746694405647.281,158689,1746694405628.344,-56,12,-121
1746694405667.125,158779,1746694405648.1882,-57,9,-109
1746694405687.0,158865,1746694405668.031,-57,7,-97
1746694405706.875,158917,1746694405687.937,-52,12,-112
1746694405726.687,158936,1746694405707.75,-52,12,-112
1746694405746.562,158983,1746694405727.625,-61,16,-121
1746694405766.438,159011,1746694405747.469,-59,17,-121
1746694405786.344,159041,1746694405767.281,-50,9,-121
1746694405806.125,159075,1746694405787.25,-50,14,-121
1746694405826.0,159042,1746694405807.031,-49,9,-114
1746694405845.844,158973,1746694405826.906,-57,7,-121
1746694405865.719,158869,1746694405846.719,-64,12,-110
1746694405885.562,158802,1746694405866.594,-56,6,-112
1746694405905.406,158764,1746694405886.469,-61,11,-112
1746694405925.313,158742,1746694405906.25,-55,14,-112
1746694405945.156,158756,1746694405926.125,-48,4,-116
1746694405964.969,158764,1746694405946.062,-48,16,-112
1746694405984.844,158807,1746694405965.875,-50,12,-112
1746694406004.687,158818,1746694405985.719,-64,8,-112
1746694406024.563,158823,1746694406005.594,-50,28,-112
1746694406044.406,158843,1746694406025.438,-52,7,-111
1746694406064.25,158866,1746694406045.344,-47,15,-112
1746694406084.125,158903,1746694406065.156,-52,8,-104
1746694406104.0,158938,1746694406085.0,-63,14,-112
1746694406123.813,158952,1746694406104.844,-50,3,-104
1746694406143.687,158936,1746694406124.844,-60,9,-109
1746694406163.562,158949,1746694406144.562,-55,7,-112
1746694406183.406,158964,1746694406164.438,-55,12,-112
1746694406203.281,159005,1746694406184.281,-52,12,-112
1746694406223.219,159028,1746694406204.219,-58,8,-112
1746694406243.0,158987,1746694406224.094,-52,14,-112
1746694406262.875,158940,1746694406243.875,-53,12,-112
1746694406282.688,158915,1746694406263.75,-62,12,-112
1746694406302.563,158969,1746694406283.625,-49,11,-111
1746694406322.437,159004,1746694406303.437,-51,11,-116
1746694406342.344,158999,1746694406323.344,-57,12,-121
1746694406362.125,158975,1746694406343.156,-56,7,-116
1746694406382.0,158955,1746694406363.063,-56,16,-112
1746694406401.875,158966,1746694406382.906,-49,11,-112
1746694406421.719,158998,1746694406402.75,-56,4,-113
1746694406441.562,159042,1746694406422.594,-61,8,-109
1746694406461.406,159079,1746694406442.469,-58,6,-111
1746694406481.344,159068,1746694406462.281,-52,12,-112
1746694406501.219,159057,1746694406482.219,-55,11,-116
1746694406521.031,159042,1746694406502.063,-53,6,-112
1746694406540.906,159086,1746694406521.969,-63,14,-121
1746694406560.75,159104,1746694406541.812,-50,9,-113
1746694406580.594,159155,1746694406561.625,-61,12,-109
1746694406600.469,159176,1746694406581.5,-61,16,-96
1746694406620.344,159182,1746694406601.375,-53,7,-114
1746694406640.156,159141,1746694406621.25,-47,14,-117
1746694406660.031,159056,1746694406641.031,-52,7,-113
1746694406679.875,158930,1746694406660.937,-55,12,-112
1746694406699.75,158798,1746694406680.781,-53,28,-111
1746694406719.75,158650,1746694406700.625,-52,7,-112
1746694406739.469,158532,1746694406720.625,-56,15,-112
1746694406759.312,158468,1746694406740.344,-63,7,-103
1746694406779.156,158428,1746694406760.281,-52,9,-113
1746694406799.031,158442,1746694406780.031,-60,10,-112
1746694406818.906,158487,1746694406799.906,-61,15,-111
1746694406838.719,158527,1746694406819.781,-55,10,-121
1746694406858.625,158538,1746694406839.656,-61,9,-125
1746694406878.469,158508,1746694406859.469,-49,19,-116
1746694406898.344,158509,1746694406879.375,-58,7,-121
1746694406918.156,158503,1746694406899.187,-55,13,-112
1746694406938.031,158519,1746694406919.094,-56,15,-114
1746694406957.906,158463,1746694406938.938,-61,8,-112
1746694406977.75,158441,1746694406958.813,-57,8,-116
1746694406997.625,158344,1746694406978.656,-56,8,-116
1746694407017.469,158263,1746694406998.531,-63,12,-112
1746694407037.344,158202,1746694407018.344,-48,17,-109
1746694407057.188,158144,1746694407038.219,-61,8,-121
1746694407077.031,158156,1746694407058.094,-53,23,-113
1746694407096.906,158200,1746694407077.969,-53,16,-113
1746694407116.75,158256,1746694407097.781,-63,8,-112
1746694407136.625,158290,1746694407117.625,-64,9,-112
1746694407156.4382,158358,1746694407137.5,-56,8,-112
1746694407176.344,158399,1746694407157.344,-61,17,-112
1746694407196.187,158396,1746694407177.219,-60,16,-96
1746694407216.063,158352,1746694407197.063,-52,12,-112
1746694407235.906,158349,1746694407216.938,-61,14,-112
1746694407255.75,158330,1746694407236.812,-49,11,-96
1746694407275.625,158336,1746694407256.625,-55,6,-110
1746694407295.531,158371,1746694407276.5,-56,8,-112
1746694407315.313,158377,1746694407296.438,-58,13,-112
1746694407335.156,158366,1746694407316.219,-50,9,-109
1746694407355.031,158354,1746694407336.062,-55,7,-112
1746694407374.875,158339,1746694407355.906,-65,8,-112
1746694407394.719,158378,1746694407375.781,-52,12,-116
1746694407414.625,158446,1746694407395.594,-52,12,-125
1746694407434.438,158546,1746694407415.469,-52,7,-120
1746694407454.312,158597,1746694407435.312,-49,8,-125
1746694407474.125,158666,1746694407455.188,-63,12,-121
1746694407494.0,158697,1746694407475.063,-50,4,-121
1746694407513.875,158713,1746694407494.875,-52,8,-112
1746694407533.719,158699,1746694407514.719,-52,10,-112
1746694407553.531,158735,1746694407534.594,-60,9,-112
1746694407573.406,158752,1746694407554.4382,-61,6,-112
1746694407593.25,158789,1746694407574.313,-61,6,-113
1746694407613.125,158853,1746694407594.125,-45,12,-112
1746694407632.969,158928,1746694407614.0,-49,14,-112
1746694407652.812,158961,1746694407633.906,-58,12,-112
1746694407672.688,159013,1746694407653.688,-55,7,-112
1746694407692.563,159038,1746694407673.563,-57,7,-112
1746694407712.375,158991,1746694407693.406,-25,6,-112
1746694407732.219,158904,1746694407713.25,-49,10,-121
1746694407752.063,158715,1746694407733.094,-49,12,-125
1746694407771.938,158513,1746694407752.969,-64,0,-112
1746694407791.781,158317,1746694407772.812,-61,15,-112
1746694407811.625,158179,1746694407792.719,-59,15,-121
1746694407831.5,158121,1746694407812.5,-61,16,-129
1746694407851.375,158096,1746694407832.344,-61,9,-125
1746694407871.188,158155,1746694407852.219,-49,9,-112
1746694407891.062,158217,1746694407872.125,-57,12,-112
1746694407910.937,158259,1746694407891.937,-61,12,-112
1746694407930.813,158291,1746694407911.813,-61,7,-121
1746694407950.625,158313,1746694407931.75,-49,14,-112
1746694407970.5,158337,1746694407951.562,-57,11,-121
1746694407990.344,158341,1746694407971.406,-56,9,-112
1746694408010.25,158348,1746694407991.25,-53,9,-112
1746694408030.094,158330,1746694408011.125,-63,8,-111
1746694408049.937,158271,1746694408031.0,-65,8,-105
1746694408069.812,158181,1746694408050.812,-53,11,-114
1746694408089.656,158119,1746694408070.719,-60,9,-113
1746694408109.5,158079,1746694408090.563,-67,-4,-109
1746694408129.375,158116,1746694408110.406,-52,7,-109
1746694408149.25,158102,1746694408130.25,-52,12,-112
1746694408169.094,158154,1746694408150.094,-64,7,-112
1746694408188.938,158224,1746694408169.906,-58,15,-116
1746694408208.781,158218,1746694408189.875,-57,7,-121
1746694408228.656,158246,1746694408209.656,-57,11,-119
1746694408248.562,158285,1746694408229.562,-54,7,-114
1746694408268.344,158298,1746694408249.438,-52,14,-111
1746694408288.25,158341,1746694408269.25,-57,7,-109
1746694408308.094,158387,1746694408289.125,-52,9,-112
1746694408327.969,158420,1746694408309.0,-61,15,-106
1746694408347.844,158452,1746694408328.875,-57,11,-111
1746694408367.813,158479,1746694408348.75,-60,8,-121
1746694408387.563,158479,1746694408368.719,-61,15,-121
1746694408407.469,158486,1746694408388.437,-52,7,-121
1746694408427.313,158528,1746694408408.344,-55,8,-112
1746694408447.156,158574,1746694408428.188,-57,11,-112
1746694408467.031,158597,1746694408448.031,-48,15,-120
1746694408486.937,158574,1746694408467.906,-49,12,-112
1746694408506.75,158522,1746694408487.75,-48,3,-116
1746694408526.625,158455,1746694408507.656,-60,9,-112
1746694408546.5,158444,1746694408527.5,-57,14,-112
1746694408566.375,158410,1746694408547.344,-57,4,-121
1746694408586.219,158392,1746694408567.25,-52,8,-112
1746694408606.094,158355,1746694408587.125,-60,15,-112
1746694408625.969,158310,1746694408606.9692,-48,15,-112
1746694408645.812,158296,1746694408626.875,-60,12,-112
1746694408665.687,158313,1746694408646.687,-53,15,-112
1746694408685.531,158330,1746694408666.656,-56,15,-121
1746694408705.406,158324,1746694408686.438,-52,12,-113
1746694408725.25,158285,1746694408706.281,-52,12,-120
1746694408745.125,158187,1746694408726.125,-56,14,-112
1746694408764.969,158067,1746694408746.063,-54,9,-112
1746694408784.906,157925,1746694408765.875,-50,14,-112
1746694408804.688,157786,1746694408785.719,-58,14,-116
1746694408824.531,157627,1746694408805.625,-55,12,-112
1746694408844.406,157469,1746694408825.469,-37,16,-110
1746694408864.281,157355,1746694408845.313,-50,14,-114
1746694408884.156,157303,1746694408865.156,-53,11,-112
1746694408903.969,157284,1746694408885.031,-66,19,-116
1746694408923.875,157332,1746694408904.906,-57,9,-121
1746694408943.719,157369,1746694408924.75,-58,4,-121
1746694408963.563,157412,1746694408944.594,-57,12,-116
1746694408983.437,157403,1746694408964.469,-52,8,-112
1746694409003.281,157422,1746694408984.344,-62,12,-112
1746694409023.156,157409,1746694409004.188,-50,15,-121
1746694409042.969,157439,1746694409024.031,-55,8,-111
1746694409062.844,157450,1746694409043.906,-55,11,-109
1746694409082.719,157392,1746694409063.781,-50,9,-114
1746694409102.562,157341,1746694409083.594,-61,14,-111
1746694409122.406,157254,1746694409103.469,-61,8,-121
1746694409142.25,157201,1746694409123.344,-57,7,-116
1746694409162.125,157145,1746694409143.125,-53,19,-104
1746694409182.0,157123,1746694409163.031,-63,9,-111
1746694409201.844,157123,1746694409182.875,-61,15,-112
1746694409221.781,157144,1746694409202.781,-49,15,-112
1746694409241.562,157170,1746694409222.625,-63,3,-114
1746694409261.437,157230,1746694409242.4368,-61,7,-112
1746694409281.281,157261,1746694409262.313,-51,4,-104
1746694409301.156,157296,1746694409282.219,-53,6,-121
1746694409321.031,157299,1746694409302.062,-52,4,-113
1746694409340.875,157286,1746694409321.906,-52,13,-112
1746694409360.719,157304,1746694409341.75,-48,14,-112
1746694409380.594,157325,1746694409361.656,-56,9,-121
1746694409400.438,157372,1746694409381.5,-58,14,-121
1746694409420.344,157392,1746694409401.344,-55,15,-112
1746694409440.187,157416,1746694409421.219,-49,14,-121
1746694409460.063,157407,1746694409441.094,-51,15,-117
1746694409479.938,157439,1746694409460.938,-61,28,-112
1746694409499.844,157437,1746694409480.812,-52,12,-111
1746694409519.625,157485,1746694409500.844,-45,19,-120
1746694409539.531,157491,1746694409520.531,-53,12,-114
1746694409559.375,157505,1746694409540.406,-57,14,-121
1746694409579.25,157546,1746694409560.25,-49,30,-112
1746694409599.094,157588,1746694409580.156,-52,8,-121
1746694409618.969,157605,1746694409600.0,-56,15,-112
1746694409638.844,157633,1746694409619.844,-63,7,-109
1746694409658.75,157659,1746694409639.719,-53,3,-112
1746694409678.594,157708,1746694409659.625,-52,4,-112
1746694409698.469,157739,1746694409679.5,-58,17,-109
1746694409718.344,157817,1746694409699.344,-48,12,-125
1746694409738.219,157856,1746694409719.25,-57,15,-112
1746694409758.0618,157912,1746694409739.188,-61,9,-112
1746694409777.938,157904,1746694409758.969,-56,9,-109
1746694409797.781,157854,1746694409778.813,-56,16,-121
1746694409817.687,157679,1746694409798.687,-49,12,-112
1746694409837.562,157483,1746694409818.531,-56,12,-112
1746694409857.406,157280,1746694409838.469,-53,12,-112
1746694409877.25,157147,1746694409858.281,-60,11,-125
1746694409897.125,157090,1746694409878.187,-52,11,-114
1746694409916.969,157049,1746694409898.031,-61,4,-109
1746694409936.844,157075,1746694409917.875,-63,11,-98
1746694409956.719,157053,1746694409937.719,-56,9,-112
1746694409976.562,157086,1746694409957.625,-64,15,-117
1746694409996.437,157081,1746694409977.469,-66,7,-113
1746694410016.344,157110,1746694409997.344,-52,6,-96
1746694410036.156,157123,1746694410017.188,-52,3,-106
1746694410056.0,157131,1746694410037.062,-57,13,-121
1746694410075.875,157147,1746694410056.937,-50,15,-125
1746694410095.75,157124,1746694410076.75,-57,9,-119
1746694410115.625,157080,1746694410096.656,-57,6,-110
1746694410135.5,157028,1746694410116.5,-53,8,-112
1746694410155.344,156995,1746694410136.375,-52,12,-114
1746694410175.187,157004,1746694410156.25,-49,11,-112
1746694410195.094,157038,1746694410176.094,-54,11,-121
1746694410214.938,157115,1746694410195.969,-56,8,-109
1746694410234.812,157147,1746694410215.875,-66,12,-112
1746694410254.687,157194,1746694410235.719,-77,16,-112
1746694410274.563,157205,1746694410255.563,-57,3,-112
1746694410294.406,157222,1746694410275.438,-60,9,-112
1746694410314.281,157233,1746694410295.312,-57,14,-106
1746694410334.125,157214,1746694410315.187,-57,14,-113
1746694410354.094,157213,1746694410335.031,-57,14,-121
1746694410373.844,157184,1746694410354.906,-53,7,-113
1746694410393.719,157119,1746694410374.781,-64,15,-112
1746694410413.594,157054,1746694410394.625,-56,18,-113
1746694410433.438,156966,1746694410414.469,-64,12,-112
1746694410453.3132,156885,1746694410434.344,-60,12,-112
1746694410473.156,156842,1746694410454.219,-60,15,-110
1746694410493.031,156885,1746694410474.062,-61,10,-112
1746694410512.906,156943,1746694410493.938,-55,4,-113
1746694410532.75,157087,1746694410513.781,-64,12,-112
1746694410552.625,157233,1746694410533.6558,-45,9,-112
1746694410572.5,157338,1746694410553.531,-55,12,-121
1746694410592.375,157364,1746694410573.375,-56,7,-111
1746694410612.188,157332,1746694410593.25,-59,14,-111
1746694410632.187,157264,1746694410613.125,-64,8,-109
1746694410651.906,157217,1746694410633.031,-60,6,-111
1746694410671.781,157232,1746694410652.812,-53,6,-114
1746694410691.625,157223,1746694410672.656,-51,7,-117
1746694410711.5,157250,1746694410692.531,-67,14,-127
1746694410731.406,157274,1746694410712.406,-63,12,-112
1746694410751.25,157284,1746694410732.281,-52,11,-112
1746694410771.094,157315,1746694410752.125,-65,2,-105
1746694410790.969,157299,1746694410772.063,-64,11,-112
1746694410810.844,157249,1746694410791.844,-55,5,-112
1746694410830.687,157153,1746694410811.719,-68,11,-109
1746694410850.563,156991,1746694410831.563,-57,17,-112
1746694410870.438,156828,1746694410851.469,-50,17,-112
1746694410890.281,156665,1746694410871.312,-63,14,-121
1746694410910.156,156552,1746694410891.187,-58,15,-114
1746694410930.0,156485,1746694410911.063,-52,9,-111
1746694410949.906,156536,1746694410930.906,-57,3,-111
1746694410969.875,156642,1746694410950.781,-52,6,-112
1746694410989.594,156737,1746694410970.781,-56,8,-113
1746694411009.5,156813,1746694410990.531,-53,12,-112
1746694411029.375,156887,1746694411010.406,-68,14,-112
1746694411049.219,156971,1746694411030.25,-65,7,-121
1746694411069.062,157040,1746694411050.094,-52,6,-116
1746694411088.969,157095,1746694411070.0,-56,12,-112
1746694411108.813,157119,1746694411089.844,-56,15,-120
1746694411128.688,157091,1746694411109.688,-53,14,-121
1746694411148.5,157081,1746694411129.562,-52,15,-112
1746694411168.406,157095,1746694411149.437,-56,8,-113
1746694411188.281,157175,1746694411169.281,-52,12,-112
1746694411208.125,157313,1746694411189.188,-56,15,-113
1746694411228.0,157446,1746694411209.031,-56,15,-112
1746694411247.844,157528,1746694411228.906,-52,12,-112
1746694411267.719,157578,1746694411248.75,-58,12,-127
1746694411287.594,157631,1746694411268.594,-60,9,-111
1746694411307.437,157680,1746694411288.437,-61,7,-112
1746694411327.281,157741,1746694411308.344,-55,7,-111
1746694411347.156,157797,1746694411328.156,-52,27,-112
1746694411367.031,157863,1746694411348.031,-64,15,-112
1746694411386.906,157951,1746694411367.937,-50,13,-109
1746694411406.75,157999,1746694411387.781,-52,7,-112
1746694411426.625,158023,1746694411407.656,-69,12,-111
1746694411446.469,158061,1746694411427.5,-52,12,-121
1746694411466.313,158098,1746694411447.344,-58,15,-112
1746694411486.187,158112,1746694411467.25,-55,12,-112
1746694411506.031,158097,1746694411487.062,-53,23,-119
1746694411525.906,158061,1746694411506.906,-58,12,-111
1746694411545.75,158012,1746694411526.813,-49,10,-116
1746694411565.625,157938,1746694411546.656,-52,8,-107
1746694411585.5,157874,1746694411566.5,-49,12,-121
1746694411605.344,157797,1746694411586.375,-52,11,-112
1746694411625.1882,157787,1746694411606.375,-55,12,-121
1746694411645.062,157837,1746694411626.125,-64,12,-112
1746694411664.906,157945,1746694411645.969,-52,4,-111
1746694411684.781,158084,1746694411665.813,-65,11,-121
1746694411704.625,158165,1746694411685.688,-51,8,-113
1746694411724.5,158183,1746694411705.562,-50,14,-105
1746694411744.375,158218,1746694411725.375,-52,12,-112
1746694411764.25,158227,1746694411745.25,-57,8,-112
1746694411784.063,158185,1746694411765.125,-65,4,-121
1746694411803.969,158102,1746694411785.0,-63,6,-113
1746694411823.844,157917,1746694411804.844,-65,8,-112
1746694411843.687,157696,1746694411824.719,-64,15,-112
1746694411863.5,157445,1746694411844.563,-45,12,-112
1746694411883.375,157212,1746694411864.406,-58,12,-112
1746694411903.25,157041,1746694411884.25,-53,12,-113
1746694411923.094,156925,1746694411904.094,-55,12,-109
1746694411942.938,156881,1746694411923.969,-49,15,-111
1746694411962.813,156902,1746694411943.844,-66,11,-112
1746694411982.687,156975,1746694411963.687,-55,12,-113
1746694412002.531,157030,1746694411983.562,-59,15,-125
1746694412022.375,157030,1746694412003.531,-55,14,-121
1746694412042.25,157024,1746694412023.313,-58,9,-112
1746694412062.125,157019,1746694412043.156,-53,7,-121
1746694412081.969,157069,1746694412063.0,-61,8,-116
1746694412101.844,157121,1746694412082.844,-61,9,-125
1746694412121.656,157136,1746694412102.75,-60,12,-109
1746694412141.531,157072,1746694412122.563,-64,9,-116
1746694412161.5,156991,1746694412142.406,-61,16,-112
1746694412181.219,156916,1746694412162.25,-61,19,-120
1746694412201.094,156863,1746694412182.156,-52,8,-105
1746694412220.969,156803,1746694412201.969,-56,9,-114
1746694412240.844,156799,1746694412221.844,-56,7,-104
1746694412260.656,156853,1746694412241.781,-50,12,-111
1746694412280.531,156924,1746694412261.594,-64,9,-112
1746694412300.406,156975,1746694412281.4382,-61,14,-115
1746694412320.281,157049,1746694412301.281,-52,4,-112
1746694412340.125,157095,1746694412321.156,-56,11,-125
1746694412359.969,157135,1746694412341.063,-61,15,-111
1746694412379.844,157173,1746694412360.875,-52,11,-121
1746694412399.688,157188,1746694412380.719,-55,8,-112
1746694412419.531,157209,1746694412400.594,-64,13,-121
1746694412439.406,157206,1746694412420.437,-68,12,-112
1746694412459.25,157203,1746694412440.313,-49,15,-106
1746694412479.125,157234,1746694412460.156,-59,12,-112
1746694412498.969,157227,1746694412480.0,-52,12,-109
1746694412518.812,157228,1746694412499.844,-56,13,-120
1746694412538.687,157279,1746694412519.719,-61,7,-112
1746694412558.531,157302,1746694412539.594,-68,12,-121
1746694412578.375,157292,1746694412559.438,-66,16,-119
1746694412598.25,157320,1746694412579.312,-55,16,-112
1746694412618.125,157341,1746694412599.156,-53,11,-112
1746694412637.969,157329,1746694412619.031,-52,9,-112
1746694412657.844,157291,1746694412638.875,-55,14,-122
1746694412677.687,157231,1746694412658.75,-45,15,-112
1746694412697.562,157119,1746694412678.562,-50,14,-112
1746694412717.438,156984,1746694412698.438,-52,19,-112
1746694412737.25,156825,1746694412718.313,-47,17,-112
1746694412757.125,156681,1746694412738.156,-56,16,-109
1746694412777.031,156644,1746694412758.0,-56,12,-109
1746694412796.844,156691,1746694412777.938,-71,7,-113
1746694412816.719,156792,1746694412797.719,-61,3,-111
1746694412836.563,156891,1746694412817.625,-66,7,-111
1746694412856.406,156965,1746694412837.469,-65,12,-111
1746694412876.281,156966,1746694412857.281,-53,12,-121
1746694412896.125,156899,1746694412877.188,-53,8,-110
1746694412915.969,156752,1746694412897.031,-56,4,-112
1746694412935.844,156564,1746694412916.812,-52,15,-112
1746694412955.687,156338,1746694412936.75,-64,12,-121
1746694412975.563,156181,1746694412956.594,-58,12,-121
1746694412995.438,156060,1746694412976.469,-52,11,-112
1746694413015.281,156023,1746694412996.281,-65,16,-112
1746694413035.156,156023,1746694413016.156,-53,4,-112
1746694413055.0,156029,1746694413036.063,-49,7,-121
1746694413074.844,156022,1746694413055.938,-61,12,-121
1746694413094.75,156016,1746694413075.7192,-45,7,-112
1746694413114.594,155996,1746694413095.625,-52,7,-109
1746694413134.406,155942,1746694413115.469,-55,8,-111
1746694413154.281,155975,1746694413135.344,-61,16,-109
1746694413174.219,155938,1746694413155.156,-64,11,-112
1746694413194.0,155906,1746694413175.125,-52,6,-112
1746694413213.844,155833,1746694413194.875,-52,13,-112
1746694413233.687,155834,1746694413214.75,-61,11,-112
1746694413253.531,155887,1746694413234.594,-65,19,-116
1746694413273.406,155934,1746694413254.437,-64,14,-112
1746694413293.25,156009,1746694413274.312,-56,15,-125
1746694413313.094,156091,1746694413294.156,-64,3,-113
1746694413332.969,156197,1746694413313.969,-61,7,-112
1746694413352.813,156291,1746694413333.844,-64,9,-112
1746694413372.687,156393,1746694413353.719,-64,7,-113
1746694413392.656,156431,1746694413373.594,-50,4,-112
1746694413412.469,156435,1746694413393.438,-59,7,-115
1746694413432.281,156397,1746694413413.313,-52,9,-104
1746694413452.156,156349,1746694413433.187,-49,7,-112
1746694413472.031,156305,1746694413453.062,-48,12,-112
1746694413491.906,156298,1746694413472.906,-61,11,-121
1746694413511.75,156296,1746694413492.781,-63,12,-112
1746694413531.594,156308,1746694413512.656,-68,8,-112
1746694413551.5,156335,1746694413532.5,-66,7,-112
1746694413571.344,156378,1746694413552.375,-65,9,-114
1746694413591.156,156441,1746694413572.25,-63,8,-112
1746694413611.063,156522,1746694413592.094,-53,6,-106
1746694413630.906,156575,1746694413611.969,-52,12,-113
1746694413650.781,156606,1746694413631.781,-52,7,-112
1746694413670.625,156654,1746694413651.656,-64,11,-125
1746694413690.5,156667,1746694413671.562,-52,17,-112
1746694413710.375,156660,1746694413691.406,-53,8,-112
1746694413730.25,156654,1746694413711.25,-65,14,-109
1746694413750.063,156668,1746694413731.125,-55,24,-112
1746694413769.938,156709,1746694413751.0,-58,15,-112
1746694413789.812,156796,1746694413770.844,-49,15,-116
1746694413809.687,156846,1746694413790.719,-52,8,-113
1746694413829.531,156883,1746694413810.563,-52,9,-112
1746694413849.406,156873,1746694413830.438,-68,11,-109
1746694413869.25,156905,1746694413850.281,-52,12,-111
1746694413889.125,156947,1746694413870.125,-51,12,-112
1746694413909.063,157006,1746694413890.031,-61,12,-112
1746694413928.813,157009,1746694413909.969,-48,3,-112
1746694413948.688,156912,1746694413929.719,-52,12,-108
1746694413968.5618,156718,1746694413949.562,-49,8,-112
1746694413988.375,156446,1746694413969.438,-53,31,-112
1746694414008.25,156203,1746694413989.25,-53,7,-104
1746694414028.125,156054,1746694414009.125,-48,15,-112
1746694414048.0,155956,1746694414028.969,-52,5,-100
1746694414067.844,155935,1746694414048.844,-55,8,-112
1746694414087.688,155922,1746694414068.75,-55,8,-112
1746694414107.531,155892,1746694414088.563,-58,12,-119
1746694414127.437,155841,1746694414108.437,-61,9,-109
1746694414147.281,155800,1746694414128.312,-64,11,-111
1746694414167.125,155850,1746694414148.219,-64,9,-121
1746694414186.969,156243,1746694414168.0,-63,6,-104
1746694414206.844,156708,1746694414187.844,-55,12,-107
1746694414226.687,156993,1746694414207.719,-52,15,-113
1746694414246.531,157040,1746694414227.594,-55,12,-121
1746694414266.406,157057,1746694414247.406,-49,15,-127
1746694414286.25,157018,1746694414267.281,-56,14,-112
1746694414306.094,156891,1746694414287.125,-54,8,-125
1746694414325.937,156692,1746694414307.0,-62,12,-112
1746694414345.813,156627,1746694414326.813,-55,7,-104
1746694414365.719,156770,1746694414346.688,-63,12,-109
1746694414385.5,156933,1746694414366.531,-49,24,-116
1746694414405.375,157051,1746694414386.406,-57,3,-112
1746694414425.219,157157,1746694414406.25,-52,8,-104
1746694414445.094,157238,1746694414426.125,-61,6,-113
1746694414464.938,157285,1746694414445.969,-53,12,-121
1746694414484.781,157227,1746694414465.812,-57,12,-112
1746694414504.656,157162,1746694414485.687,-49,12,-121
1746694414524.531,157175,1746694414505.531,-49,12,-125
1746694414544.313,157261,1746694414525.4058,-63,15,-112
1746694414564.188,157338,1746694414545.25,-61,16,-121
1746694414584.062,157370,1746694414565.094,-52,7,-112
1746694414603.906,157375,1746694414584.906,-51,12,-112
1746694414623.75,157427,1746694414604.781,-60,0,-111
1746694414643.594,157500,1746694414624.656,-61,12,-96
1746694414663.437,157565,1746694414644.5,-48,12,-112
1746694414683.312,157609,1746694414664.344,-61,9,-112
1746694414703.125,157645,1746694414684.188,-51,12,-112
1746694414723.0,157700,1746694414704.063,-62,24,-113
1746694414742.875,157775,1746694414723.937,-57,15,-111
1746694414762.719,157857,1746694414743.75,-49,12,-121
1746694414782.594,157918,1746694414763.625,-53,11,-112
1746694414802.438,157844,1746694414783.5,-53,4,-112
1746694414822.2808,157750,1746694414803.375,-60,11,-112
1746694414842.187,157692,1746694414823.187,-57,15,-121
1746694414862.031,157789,1746694414843.062,-59,8,-109
1746694414881.875,157981,1746694414862.938,-57,7,-112
1746694414901.75,158249,1746694414882.781,-56,8,-112
1746694414921.656,158477,1746694414902.594,-53,14,-112
1746694414941.437,158615,1746694414922.563,-56,15,-116
1746694414961.313,158630,1746694414942.313,-49,15,-116
1746694414981.156,158386,1746694414962.219,-52,13,-112
1746694415001.031,157999,1746694414982.062,-68,12,-112
1746694415020.875,157668,1746694415001.906,-57,9,-113
1746694415040.75,157473,1746694415021.781,-53,3,-112
1746694415060.594,157440,1746694415041.656,-64,12,-112
1746694415080.469,157486,1746694415061.5,-61,11,-111
1746694415100.312,157649,1746694415081.375,-53,12,-113
1746694415120.156,157830,1746694415101.219,-55,0,-129
1746694415140.063,158036,1746694415121.063,-60,12,-112
1746694415159.938,158234,1746694415140.938,-52,11,-111
1746694415179.781,158362,1746694415160.812,-52,16,-112
1746694415199.625,158332,1746694415180.687,-50,16,-112
1746694415219.5,158133,1746694415200.531,-66,15,-125
1746694415239.375,157892,1746694415220.406,-61,8,-112
1746694415259.187,157726,1746694415240.25,-51,7,-111
1746694415279.062,157619,1746694415260.125,-58,6,-109
1746694415298.938,157534,1746694415279.938,-64,12,-112
1746694415318.781,157468,1746694415299.813,-55,6,-115
1746694415338.687,157395,1746694415319.687,-55,6,-112
1746694415358.5,157315,1746694415339.531,-57,1,-106
1746694415378.375,157303,1746694415359.406,-64,4,-112
1746694415398.25,157334,1746694415379.25,-37,16,-111
1746694415418.094,157433,1746694415399.125,-55,11,-112
1746694415437.969,157505,1746694415419.0,-55,14,-112
1746694415457.844,157537,1746694415438.844,-64,15,-113
1746694415477.719,157546,1746694415458.75,-64,16,-112
1746694415497.563,157653,1746694415478.594,-55,9,-96
1746694415517.406,157892,1746694415498.469,-61,3,-102
1746694415537.281,158171,1746694415518.281,-51,8,-112
1746694415557.156,158400,1746694415538.156,-53,6,-111
1746694415576.969,158541,1746694415558.156,-52,11,-112
1746694415596.875,158593,1746694415577.875,-49,15,-112
1746694415616.719,158546,1746694415597.75,-66,19,-121
1746694415636.594,158467,1746694415617.594,-65,16,-113
1746694415656.5,158424,1746694415637.469,-61,13,-109
1746694415676.281,158479,1746694415657.406,-50,12,-112
1746694415696.156,158696,1746694415677.156,-53,7,-112
1746694415716.031,158945,1746694415697.031,-50,5,-112
1746694415735.875,159214,1746694415716.906,-49,4,-121
1746694415755.75,159456,1746694415736.7808,-49,6,-108
1746694415775.625,159640,1746694415756.625,-63,3,-112
1746694415795.5,159877,1746694415776.5,-63,8,-112
1746694415815.313,160130,1746694415796.344,-61,7,-112
1746694415835.188,160378,1746694415816.188,-52,11,-112
1746694415855.031,160532,1746694415836.031,-47,16,-129
1746694415874.906,160547,1746694415855.906,-52,17,-112
1746694415894.781,160487,1746694415875.813,-63,16,-121
1746694415914.656,160391,1746694415895.688,-55,7,-112
1746694415934.531,160327,1746694415915.562,-61,7,-112
1746694415954.375,160146,1746694415935.406,-52,11,-113
1746694415974.219,159870,1746694415955.375,-60,8,-109
1746694415994.094,159593,1746694415975.156,-50,7,-113
1746694416013.969,159405,1746694415995.062,-60,7,-117
1746694416033.812,159426,1746694416014.844,-56,9,-112
1746694416053.688,159650,1746694416034.719,-60,7,-112
1746694416073.594,159979,1746694416054.594,-45,12,-112
1746694416093.406,160230,1746694416074.437,-58,14,-108
1746694416113.281,160430,1746694416094.312,-48,14,-113
1746694416133.125,160638,1746694416114.188,-48,8,-112
1746694416153.0,160887,1746694416134.031,-57,14,-121
1746694416172.875,161129,1746694416153.906,-56,19,-112
1746694416192.719,161297,1746694416173.781,-63,24,-121
1746694416212.594,161445,1746694416193.656,-63,15,-109
1746694416232.438,161544,1746694416213.5,-52,12,-109
1746694416252.313,161626,1746694416233.313,-64,7,-104
1746694416272.156,161659,1746694416253.187,-58,12,-112
1746694416291.969,161702,1746694416273.062,-48,7,-110
1746694416311.875,161789,1746694416292.875,-55,6,-120
1746694416331.719,161846,1746694416312.75,-45,4,-112
1746694416351.562,161894,1746694416332.562,-50,12,-105
1746694416371.437,161946,1746694416352.469,-65,8,-112
1746694416391.281,162041,1746694416372.344,-52,3,-112
1746694416411.156,162144,1746694416392.188,-63,6,-125
1746694416431.0,162278,1746694416412.062,-61,12,-112
1746694416450.875,162433,1746694416431.937,-57,15,-113
1746694416470.75,162518,1746694416451.781,-52,9,-121
1746694416490.625,162554,1746694416471.656,-55,12,-113
1746694416510.469,162564,1746694416491.5,-61,12,-112
1746694416530.312,162580,1746694416511.344,-56,7,-112
1746694416550.187,162601,1746694416531.219,-60,7,-112
1746694416570.031,162626,1746694416551.031,-49,9,-112
1746694416589.875,162644,1746694416570.906,-61,12,-136
1746694416609.75,162704,1746694416590.75,-49,9,-112
1746694416629.594,162835,1746694416610.656,-54,12,-121
1746694416649.469,163015,1746694416630.438,-48,14,-112
1746694416669.281,163157,1746694416650.344,-47,12,-111
1746694416689.125,163253,1746694416670.187,-49,15,-128
1746694416709.0,163326,1746694416690.062,-52,11,-121
1746694416728.844,163299,1746694416709.875,-60,14,-114
1746694416748.688,163323,1746694416729.75,-50,15,-114
1746694416768.5,163349,1746694416749.594,-52,11,-112
1746694416788.375,163377,1746694416769.406,-61,9,-112
1746694416808.219,163352,1746694416789.25,-46,5,-112
1746694416828.094,163277,1746694416809.094,-63,8,-106
1746694416847.906,163111,1746694416828.969,-49,7,-111
1746694416867.75,162934,1746694416848.844,-61,16,-121
1746694416887.687,162784,1746694416868.656,-52,9,-112
1746694416907.531,162658,1746694416888.562,-57,16,-133
1746694416927.375,162549,1746694416908.406,-57,3,-129
1746694416947.219,162402,1746694416928.281,-56,1,-112
1746694416967.094,162290,1746694416948.094,-66,7,-112
1746694416986.969,162225,1746694416967.969,-53,8,-112
1746694417006.781,162130,1746694416987.844,-50,12,-121
1746694417026.688,162060,1746694417007.719,-61,9,-113
1746694417046.562,161950,1746694417027.562,-57,6,-121
1746694417066.406,161856,1746694417047.406,-52,7,-112
1746694417086.25,161775,1746694417067.313,-60,12,-109
1746694417106.125,161691,1746694417087.188,-52,8,-109
1746694417126.0,161613,1746694417107.0,-58,12,-120
1746694417145.875,161536,1746694417126.906,-41,12,-112
1746694417165.687,161464,1746694417146.75,-47,9,-116
1746694417185.531,161422,1746694417166.625,-48,11,-112
1746694417205.406,161400,1746694417186.406,-37,16,-112
1746694417225.25,161394,1746694417206.281,-49,12,-112
1746694417245.094,161394,1746694417226.125,-49,16,-120
1746694417264.937,161363,1746694417246.0,-58,15,-123
1746694417284.844,161333,1746694417265.844,-54,12,-112
1746694417304.688,161329,1746694417285.719,-72,12,-121
1746694417324.531,161342,1746694417305.594,-58,12,-113
1746694417344.406,161353,1746694417325.406,-49,12,-120
1746694417364.25,161362,1746694417345.281,-56,11,-125
1746694417384.094,161438,1746694417365.125,-50,6,-112
1746694417404.0,161530,1746694417384.969,-52,11,-112
1746694417423.812,161594,1746694417404.906,-52,8,-112
1746694417443.719,161659,1746694417424.688,-61,5,-112
1746694417463.687,161729,1746694417444.594,-49,4,-113
1746694417483.406,161849,1746694417464.594,-63,9,-122
1746694417503.281,161948,1746694417484.281,-47,3,-112
1746694417523.125,162022,1746694417504.156,-52,12,-112
1746694417542.969,162110,1746694417524.031,-57,12,-116
1746694417562.844,162172,1746694417543.875,-64,7,-111
1746694417582.812,162215,1746694417563.781,-49,9,-112
1746694417602.562,162256,1746694417583.594,-53,6,-117
1746694417622.406,162310,1746694417603.438,-64,10,-111
1746694417642.281,162353,1746694417623.312,-55,7,-112
1746694417662.156,162368,1746694417643.187,-56,8,-128
1746694417682.0,162354,1746694417663.031,-43,13,-121
1746694417701.813,162249,1746694417682.906,-49,7,-121
1746694417721.656,162249,1746694417702.781,-49,7,-121
1746694417761.375,223061,1746694417742.406,-60,15,-119
1746694417781.25,222804,1746694417762.281,-64,8,-117
1746694417801.125,222584,1746694417782.156,-53,12,-112
1746694417820.938,222445,1746694417802.031,-61,12,-112
1746694417840.812,222379,1746694417821.844,-64,10,-112
1746694417860.656,222406,1746694417841.719,-55,12,-117
1746694417880.5,222470,1746694417861.563,-41,6,-112
1746694417900.375,222589,1746694417881.406,-61,11,-116
1746694417920.25,222706,1746694417901.25,-60,19,-112
1746694417940.094,222790,1746694417921.125,-56,4,-112
1746694417959.906,222864,1746694417941.0,-53,9,-125
1746694417979.781,222948,1746694417960.813,-61,12,-112
1746694417999.625,223034,1746694417980.656,-65,16,-125
1746694418019.5,223109,1746694418000.531,-49,12,-114
1746694418039.3118,223130,1746694418020.375,-50,7,-112
1746694418059.156,223112,1746694418040.219,-58,9,-112
1746694418079.031,223048,1746694418060.063,-52,7,-105
1746694418098.906,222981,1746694418079.906,-52,6,-111
1746694418118.719,222981,1746694418099.781,-43,8,-112
1746694418138.594,223044,1746694418119.656,-61,12,-116
1746694418158.438,223095,1746694418139.5,-55,9,-112
1746694418178.313,223225,1746694418159.344,-52,7,-109
1746694418198.156,223335,1746694418179.187,-49,12,-117
1746694418218.0,223469,1746694418199.063,-41,12,-112
1746694418237.875,223592,1746694418218.844,-49,7,-113
1746694418257.719,223731,1746694418238.75,-52,8,-112
1746694418277.531,223907,1746694418258.594,-58,7,-129
1746694418297.437,224058,1746694418278.469,-52,12,-121
1746694418317.25,224188,1746694418298.25,-55,8,-120
1746694418337.125,224357,1746694418318.125,-52,8,-123
1746694418356.9692,224503,1746694418338.0,-63,9,-111
1746694418376.781,224638,1746694418357.875,-55,7,-112
1746694418396.625,224768,1746694418377.687,-64,11,-116
1746694418416.5,224868,1746694418397.531,-61,10,-109
1746694418436.313,224984,1746694418417.406,-52,13,-113
1746694418456.187,225102,1746694418437.25,-49,13,-112
1746694418476.031,225219,1746694418457.062,-61,12,-109
1746694418495.875,225408,1746694418476.906,-49,11,-109
1746694418515.719,225549,1746694418496.75,-57,6,-112
1746694418535.563,225647,1746694418516.625,-49,3,-111
1746694418555.406,225748,1746694418536.469,-46,8,-112
1746694418575.312,225818,1746694418556.312,-47,12,-114
1746694418595.156,225879,1746694418576.188,-60,12,-112
1746694418614.969,225958,1746694418596.063,-64,18,-109
1746694418634.844,226003,1746694418615.875,-57,11,-112
1746694418654.687,225965,1746694418635.719,-57,16,-112
1746694418674.531,225859,1746694418655.594,-52,8,-113
1746694418694.375,225641,1746694418675.406,-55,12,-112
1746694418714.219,225351,1746694418695.281,-48,15,-112
1746694418734.094,225073,1746694418715.094,-45,14,-125
1746694418753.937,224856,1746694418734.969,-61,9,-121
1746694418773.781,224707,1746694418754.844,-57,16,-112
1746694418793.656,224650,1746694418774.688,-54,11,-109
1746694418813.531,224625,1746694418794.562,-64,9,-112
1746694418833.344,224658,1746694418814.406,-64,9,-109
1746694418853.219,224688,1746694418834.25,-50,12,-112
1746694418873.125,224722,1746694418854.125,-53,5,-112
1746694418892.938,224773,1746694418874.031,-49,12,-112
1746694418912.781,224759,1746694418893.812,-58,15,-114
1746694418932.625,224759,1746694418913.687,-60,8,-121
1746694418952.5,224801,1746694418933.531,-57,14,-119
1746694418972.375,224846,1746694418953.375,-50,7,-121
1746694418992.219,224863,1746694418973.25,-49,8,-121
1746694419012.062,224859,1746694418993.062,-49,9,-102
1746694419031.938,224861,1746694419012.969,-50,9,-120
1746694419051.813,224871,1746694419032.844,-47,11,-113
1746694419071.687,224875,1746694419052.7192,-50,11,-119
1746694419091.531,224933,1746694419072.594,-61,7,-128
1746694419111.438,225047,1746694419092.438,-64,12,-112
1746694419131.313,225173,1746694419112.313,-50,15,-112
1746694419151.156,225306,1746694419132.187,-60,8,-121
1746694419171.031,225432,1746694419152.094,-49,7,-112
1746694419190.875,225518,1746694419171.906,-65,11,-112
1746694419210.781,225632,1746694419191.781,-64,12,-110
1746694419230.594,225748,1746694419211.656,-61,7,-111
1746694419250.469,225835,1746694419231.531,-57,15,-109
1746694419270.375,225927,1746694419251.344,-57,8,-111
1746694419290.219,226002,1746694419271.25,-65,24,-112
1746694419310.063,226052,1746694419291.125,-47,12,-113
1746694419329.937,226114,1746694419310.969,-52,9,-112
1746694419349.812,226169,1746694419330.844,-48,3,-113
1746694419369.688,226200,1746694419350.688,-61,11,-117
1746694419389.5,226235,1746694419370.563,-49,15,-111
1746694419409.375,226258,1746694419390.406,-50,0,-125
1746694419429.219,226299,1746694419410.25,-57,9,-112
1746694419449.063,226293,1746694419430.125,-52,14,-124
1746694419468.906,226296,1746694419449.969,-57,14,-112
1746694419488.75,226279,1746694419469.812,-61,8,-109
1746694419508.594,226315,1746694419489.656,-48,7,-111
1746694419528.437,226381,1746694419509.469,-42,6,-112
1746694419548.313,226437,1746694419529.344,-52,12,-112
1746694419568.094,226524,1746694419549.219,-59,15,-112
1746694419587.969,226608,1746694419569.0,-52,16,-112
1746694419607.844,226693,1746694419588.844,-49,11,-125
1746694419627.656,226787,1746694419608.75,-70,15,-121
1746694419647.531,226885,1746694419628.563,-49,12,-113
1746694419667.375,226909,1746694419648.438,-60,9,-112
1746694419687.25,226966,1746694419668.281,-64,7,-113
1746694419707.062,226990,1746694419688.125,-49,7,-96
1746694419726.938,226976,1746694419707.969,-57,7,-109
1746694419746.813,226887,1746694419727.813,-52,11,-113
1746694419766.656,226717,1746694419747.719,-61,11,-113
1746694419786.469,226388,1746694419767.531,-50,8,-112
1746694419806.312,226087,1746694419787.375,-57,11,-122
1746694419826.219,225822,1746694419807.25,-64,15,-121
1746694419846.063,225651,1746694419827.063,-53,9,-104
1746694419865.875,225539,1746694419846.969,-42,15,-121
1746694419885.75,225536,1746694419866.812,-61,9,-111
1746694419905.594,225527,1746694419886.656,-61,15,-111
1746694419925.469,225571,1746694419906.5,-57,-1,-114
1746694419945.312,225591,1746694419926.344,-48,8,-105
1746694419965.156,225610,1746694419946.187,-46,3,-104
1746694419985.031,225598,1746694419966.094,-61,15,-104
1746694420004.875,225596,1746694419985.906,-60,17,-112
1746694420024.719,225662,1746694420005.75,-61,17,-112
1746694420044.562,225719,1746694420025.625,-63,7,-121
1746694420064.406,225717,1746694420045.469,-53,14,-112
1746694420084.281,225665,1746694420065.281,-58,16,-113
1746694420104.156,225630,1746694420085.188,-58,14,-125
1746694420124.0,225599,1746694420105.062,-47,16,-121
1746694420143.875,225591,1746694420124.906,-57,11,-128
1746694420163.75,225608,1746694420144.75,-52,14,-112
1746694420183.563,225688,1746694420164.594,-53,12,-116
1746694420203.438,225746,1746694420184.5,-58,9,-109
1746694420223.312,225818,1746694420204.344,-52,10,-112
1746694420243.187,225916,1746694420224.188,-57,7,-112
1746694420263.031,225999,1746694420244.094,-50,12,-125
1746694420282.906,226072,1746694420263.937,-49,8,-125
1746694420302.812,226118,1746694420283.812,-47,9,-121
1746694420322.625,226228,1746694420303.625,-50,7,-122
1746694420342.469,226317,1746694420323.5,-58,12,-121
1746694420362.313,226401,1746694420343.375,-47,16,-112
1746694420382.187,226465,1746694420363.219,-56,15,-109
1746694420402.031,226496,1746694420383.0618,-49,12,-121
1746694420421.875,226532,1746694420402.906,-58,7,-103
1746694420441.719,226570,1746694420422.813,-51,8,-112
1746694420461.625,226602,1746694420442.625,-61,7,-127
1746694420481.5,226616,1746694420462.5,-52,14,-129
1746694420501.312,226594,1746694420482.375,-61,16,-112
1746694420521.188,226562,1746694420502.219,-53,12,-125
1746694420541.063,226505,1746694420522.094,-64,12,-112
1746694420560.937,226480,1746694420541.937,-55,13,-112
1746694420580.75,226462,1746694420561.812,-53,8,-121
1746694420600.594,226434,1746694420581.656,-63,11,-121
1746694420620.469,226408,1746694420601.531,-64,10,-112
1746694420640.344,226359,1746694420621.312,-50,11,-112
1746694420660.156,226276,1746694420641.187,-52,8,-112
1746694420680.031,226184,1746694420661.094,-52,12,-112
1746694420699.906,226041,1746694420680.969,-64,16,-113
1746694420719.781,225899,1746694420700.781,-62,12,-109
1746694420739.719,225744,1746694420720.656,-53,8,-112
1746694420759.469,225669,1746694420740.531,-54,3,-127
1746694420779.313,225620,1746694420760.375,-49,7,-112
1746694420799.188,225576,1746694420780.188,-55,6,-112
1746694420819.031,225516,1746694420800.062,-49,8,-112
1746694420838.875,225457,1746694420819.906,-53,12,-104
1746694420858.75,225400,1746694420839.781,-60,6,-112
1746694420878.594,225349,1746694420859.625,-56,8,-106
1746694420898.438,225295,1746694420879.469,-56,7,-109
1746694420918.281,225086,1746694420899.375,-50,7,-113
1746694420938.125,224785,1746694420919.188,-53,9,-112
1746694420958.063,224465,1746694420939.031,-59,9,-121
1746694420977.844,224183,1746694420958.937,-55,12,-112
1746694420997.687,223996,1746694420978.75,-53,8,-111
1746694421017.594,223826,1746694420998.625,-64,11,-112
1746694421037.438,223743,1746694421018.5,-65,4,-112
1746694421057.281,223742,1746694421038.313,-65,11,-114
1746694421077.156,223738,1746694421058.187,-57,10,-109
1746694421097.0,223787,1746694421078.062,-64,15,-121
1746694421116.875,223888,1746694421097.906,-49,16,-121
1746694421136.719,223962,1746694421117.75,-48,9,-112
1746694421156.563,224072,1746694421137.594,-50,12,-127
1746694421176.406,224164,1746694421157.469,-61,14,-112
1746694421196.281,224235,1746694421177.281,-52,12,-115
1746694421216.125,224216,1746694421197.156,-61,12,-112
1746694421235.969,224188,1746694421217.031,-57,7,-121
1746694421255.8442,224174,1746694421236.906,-60,9,-112
1746694421275.719,224148,1746694421256.719,-57,7,-112
1746694421295.563,224168,1746694421276.594,-49,8,-116
1746694421315.406,224207,1746694421296.438,-52,7,-112
1746694421335.281,224254,1746694421316.344,-57,24,-112
1746694421355.25,224384,1746694421336.156,-49,11,-112
1746694421375.0,224505,1746694421356.094,-52,12,-121
1746694421394.844,224572,1746694421375.875,-52,12,-114
1746694421414.688,224630,1746694421395.75,-61,11,-112
1746694421434.562,224702,1746694421415.594,-57,30,-110
1746694421454.406,224755,1746694421435.437,-57,12,-112
1746694421474.313,224816,1746694421455.313,-60,12,-112
1746694421494.094,224861,1746694421475.156,-50,7,-108
1746694421513.969,224901,1746694421495.0,-58,15,-111
1746694421533.844,224944,1746694421514.875,-53,7,-112
1746694421553.656,224963,1746694421534.719,-52,12,-125
1746694421573.531,224983,1746694421554.563,-52,12,-112
1746694421593.437,224991,1746694421574.406,-59,12,-112
1746694421613.25,225034,1746694421594.344,-52,12,-111
1746694421633.094,225102,1746694421614.156,-52,12,-105
1746694421652.938,225154,1746694421634.0,-51,7,-116
1746694421672.813,225210,1746694421653.813,-60,8,-112
1746694421692.656,225293,1746694421673.719,-53,11,-113
1746694421712.562,225382,1746694421693.5,-48,0,-104
1746694421732.438,225471,1746694421713.406,-52,7,-100
1746694421752.219,225525,1746694421733.344,-64,14,-112
1746694421772.094,225574,1746694421753.094,-49,6,-112
1746694421791.906,225609,1746694421772.969,-57,9,-114
1746694421811.75,225689,1746694421792.813,-53,8,-112
1746694421831.625,225755,1746694421812.656,-64,6,-109
1746694421851.5,225812,1746694421832.531,-52,13,-109
1746694421871.312,225860,1746694421852.406,-64,8,-112
1746694421891.219,225924,1746694421872.219,-52,8,-119
1746694421911.063,226001,1746694421892.094,-51,12,-121
1746694421930.938,225981,1746694421911.906,-50,12,-133
1746694421950.781,225883,1746694421931.812,-57,14,-112
1746694421970.656,225716,1746694421951.719,-58,12,-112
1746694421990.5,225454,1746694421971.531,-58,7,-112
1746694422010.375,225143,1746694421991.406,-57,12,-121
1746694422030.219,224864,1746694422011.281,-60,12,-112
1746694422050.062,224641,1746694422031.125,-53,13,-96
1746694422069.937,224514,1746694422050.937,-53,8,-104
1746694422089.781,224456,1746694422070.813,-64,11,-109
1746694422109.594,224476,1746694422090.656,-48,15,-112
1746694422129.469,224516,1746694422110.531,-56,8,-112
1746694422149.312,224555,1746694422130.344,-64,11,-109
1746694422169.188,224579,1746694422150.188,-50,16,-113
1746694422189.0,224628,1746694422170.063,-58,7,-112
1746694422208.875,224657,1746694422189.9058,-57,15,-112
1746694422228.75,224739,1746694422209.719,-57,7,-110
1746694422248.594,224808,1746694422229.562,-49,6,-116
1746694422268.406,224805,1746694422249.438,-47,12,-112
1746694422288.281,224759,1746694422269.437,-52,9,-112
1746694422308.156,224714,1746694422289.187,-50,7,-112
1746694422328.0,224658,1746694422309.0,-57,12,-112
1746694422347.812,224654,1746694422328.875,-57,8,-109
1746694422367.688,224664,1746694422348.719,-60,14,-104
1746694422387.563,224689,1746694422368.562,-57,31,-112
1746694422407.437,224737,1746694422388.437,-59,7,-121
1746694422427.281,224794,1746694422408.313,-57,16,-112
1746694422447.156,224867,1746694422428.188,-75,15,-117
1746694422467.031,224933,1746694422448.062,-52,12,-116
1746694422486.937,225022,1746694422467.906,-55,4,-125
1746694422506.719,225135,1746694422487.781,-64,7,-116
1746694422526.594,225245,1746694422507.656,-52,11,-111
1746694422546.469,225306,1746694422527.469,-49,12,-112
1746694422566.344,225354,1746694422547.375,-61,12,-129
1746694422586.1868,225414,1746694422567.25,-50,14,-121
1746694422606.063,225467,1746694422587.063,-50,7,-111
1746694422625.938,225564,1746694422606.9692,-50,8,-123
1746694422645.812,225601,1746694422626.812,-55,7,-112
1746694422665.656,225669,1746694422646.719,-52,13,-121
1746694422685.5,225723,1746694422666.563,-61,14,-112
1746694422705.406,225782,1746694422686.406,-57,15,-112
1746694422725.25,225836,1746694422706.281,-57,7,-111
1746694422745.062,225908,1746694422726.125,-63,14,-112
1746694422765.0,225961,1746694422746.0,-52,9,-112
1746694422784.875,226007,1746694422765.875,-47,12,-113
1746694422804.656,226019,1746694422785.656,-52,3,-114
1746694422824.5,226037,1746694422805.531,-50,9,-112
1746694422844.344,226089,1746694422825.438,-52,8,-113
1746694422864.188,226125,1746694422845.219,-52,9,-112
1746694422884.063,226140,1746694422865.063,-61,9,-112
1746694422903.906,226117,1746694422884.906,-53,1,-92
1746694422923.844,226091,1746694422904.875,-52,14,-112
1746694422943.594,226102,1746694422924.656,-57,13,-113
1746694422963.469,226176,1746694422944.469,-52,9,-128
1746694422983.281,226248,1746694422964.344,-63,16,-112
1746694423003.219,226259,1746694422984.219,-49,14,-112
1746694423023.0,226268,1746694423004.094,-50,15,-112
1746694423042.875,226252,1746694423023.875,-63,12,-112
1746694423062.6882,226214,1746694423043.75,-52,7,-111
1746694423082.562,226127,1746694423063.594,-49,7,-111
1746694423102.437,225895,1746694423083.437,-60,7,-112
1746694423122.313,225539,1746694423103.344,-56,7,-121
1746694423142.125,225197,1746694423123.156,-57,15,-116
1746694423161.969,224953,1746694423143.0308,-51,12,-112
1746694423181.812,224768,1746694423162.844,-49,17,-112
1746694423201.687,224648,1746694423182.687,-58,12,-112
1746694423221.563,224569,1746694423202.563,-61,7,-112
1746694423241.406,224564,1746694423222.438,-48,7,-112
1746694423261.281,224596,1746694423242.281,-49,7,-120
1746694423281.125,224640,1746694423262.156,-52,17,-122
1746694423300.937,224690,1746694423281.969,-53,14,-113
1746694423320.813,224760,1746694423301.875,-66,14,-112
1746694423340.656,224769,1746694423321.719,-55,14,-122
1746694423360.531,224770,1746694423341.531,-52,12,-112
1746694423380.375,224683,1746694423361.406,-55,8,-112
1746694423400.219,224535,1746694423381.281,-53,12,-112
1746694423420.094,224349,1746694423401.094,-61,11,-125
1746694423439.937,224159,1746694423420.969,-64,6,-112
1746694423459.75,224055,1746694423440.844,-64,12,-106
1746694423479.656,223991,1746694423460.656,-52,4,-109
1746694423499.531,223949,1746694423480.5,-57,12,-112
1746694423519.375,224006,1746694423500.406,-64,14,-121
1746694423539.219,224178,1746694423520.25,-60,3,-121
1746694423559.062,224336,1746694423540.125,-63,6,-112
1746694423578.906,224426,1746694423559.938,-55,11,-112
1746694423598.781,224459,1746694423579.781,-58,9,-112
1746694423618.594,224406,1746694423599.687,-50,11,-111
1746694423638.5,224398,1746694423619.5,-52,14,-104
1746694423658.344,224426,1746694423639.375,-61,8,-112
1746694423678.188,224552,1746694423659.25,-62,12,-109
1746694423698.062,224629,1746694423679.094,-52,10,-112
1746694423717.906,224674,1746694423698.969,-58,14,-112
1746694423737.75,224682,1746694423718.781,-50,7,-111
1746694423757.625,224707,1746694423738.625,-56,7,-112
1746694423777.562,224770,1746694423758.5,-52,7,-121
1746694423797.281,224853,1746694423778.469,-56,9,-112
1746694423817.187,224913,1746694423798.187,-51,7,-112
1746694423837.031,224904,1746694423818.063,-63,11,-121
1746694423856.875,224857,1746694423837.9058,-64,15,-112
1746694423876.719,224859,1746694423857.75,-52,19,-109
1746694423896.656,224862,1746694423877.625,-64,12,-111
1746694423916.437,224838,1746694423897.469,-57,13,-117
1746694423936.25,224745,1746694423917.313,-56,9,-125
1746694423956.156,224661,1746694423937.187,-62,8,-112
1746694423975.969,224694,1746694423957.031,-55,11,-112
1746694423995.844,224864,1746694423976.875,-56,12,-113
1746694424015.656,225081,1746694423996.75,-52,11,-121
1746694424035.531,225290,1746694424016.563,-54,7,-111
1746694424055.406,225379,1746694424036.437,-52,12,-112
1746694424075.25,225413,1746694424056.312,-55,9,-121
1746694424095.094,225495,1746694424076.125,-61,16,-111
1746694424114.938,225597,1746694424096.0,-52,7,-109
1746694424134.7808,225747,1746694424115.844,-55,5,-119
1746694424154.656,225889,1746694424135.687,-61,16,-112
1746694424174.469,225982,1746694424155.562,-53,14,-112
1746694424194.375,226020,1746694424175.406,-52,11,-121
1746694424214.25,225974,1746694424195.312,-57,14,-104
1746694424234.094,225906,1746694424215.156,-52,14,-121
1746694424253.969,225879,1746694424235.0,-64,1,-125
1746694424273.813,225785,1746694424254.906,-58,9,-116
1746694424293.688,225655,1746694424274.719,-69,7,-105
1746694424313.531,225396,1746694424294.562,-61,8,-129
1746694424333.375,225062,1746694424314.437,-52,10,-112
1746694424353.25,224828,1746694424334.313,-63,12,-112
1746694424373.125,224717,1746694424354.156,-50,10,-112
1746694424392.969,224709,1746694424374.0,-52,9,-112
1746694424412.812,224709,1746694424393.875,-58,14,-121
1746694424432.656,224704,1746694424413.844,-50,15,-113
1746694424452.531,224640,1746694424433.594,-64,11,-96
1746694424472.344,224583,1746694424453.406,-49,12,-111
1746694424492.188,224544,1746694424473.25,-56,23,-121
1746694424512.094,224511,1746694424493.094,-52,15,-112
1746694424531.969,224511,1746694424513.0,-49,7,-121
1746694424551.813,224540,1746694424532.844,-61,7,-104
1746694424571.625,224512,1746694424552.687,-52,11,-109
1746694424591.5,224506,1746694424572.562,-67,7,-113
1746694424611.375,224497,1746694424592.406,-52,14,-112
1746694424631.219,224602,1746694424612.219,-61,14,-112
1746694424651.063,224665,1746694424632.125,-63,13,-101
1746694424671.031,224674,1746694424652.031,-58,19,-112
1746694424690.781,224637,1746694424671.844,-45,15,-113
1746694424710.656,224668,1746694424691.656,-52,12,-125
1746694424730.469,224703,1746694424711.531,-56,15,-125
1746694424750.406,224746,1746694424731.375,-56,14,-120
1746694424770.187,224774,1746694424751.281,-52,15,-115
1746694424790.031,224820,1746694424771.063,-52,11,-112
1746694424809.875,224773,1746694424790.906,-57,12,-127
1746694424829.719,224739,1746694424810.781,-50,12,-121
1746694424849.562,224648,1746694424830.656,-64,7,-112
1746694424869.5,224503,1746694424850.563,-61,12,-114
1746694424889.281,224442,1746694424870.313,-50,6,-116
1746694424909.125,224511,1746694424890.156,-52,12,-112
1746694424928.969,224765,1746694424910.031,-51,19,-114
1746694424948.812,225103,1746694424929.844,-61,9,-121
1746694424968.687,225412,1746694424949.719,-65,15,-121
1746694424988.531,225728,1746694424969.563,-57,3,-96
1746694425008.406,225839,1746694424989.5,-57,12,-121
1746694425028.25,225831,1746694425009.25,-56,7,-112
1746694425048.125,225666,1746694425029.156,-49,7,-117
1746694425067.969,225508,1746694425049.0,-53,7,-125
1746694425087.844,225422,1746694425068.906,-49,7,-113
1746694425107.656,225346,1746694425088.719,-51,7,-112
1746694425127.531,225327,1746694425108.562,-55,7,-112
1746694425147.344,225318,1746694425128.438,-63,14,-114
1746694425167.219,225296,1746694425148.281,-58,15,-121
1746694425187.063,225305,1746694425168.063,-57,8,-104
1746694425206.937,225302,1746694425187.969,-60,12,-112
1746694425226.75,225409,1746694425207.812,-52,6,-112
1746694425246.625,225497,1746694425227.656,-57,9,-112
1746694425266.469,225569,1746694425247.5,-55,7,-112
1746694425286.344,225616,1746694425267.344,-55,12,-111
1746694425306.156,225666,1746694425287.219,-53,14,-112
1746694425326.031,225656,1746694425307.062,-48,15,-112
1746694425345.906,225557,1746694425326.906,-52,15,-121
1746694425365.75,225389,1746694425346.781,-57,14,-114
1746694425385.594,225085,1746694425366.625,-50,12,-109
1746694425405.5,224767,1746694425386.5,-49,11,-112
1746694425425.281,224446,1746694425406.344,-60,15,-112
1746694425445.156,224246,1746694425426.188,-57,12,-112
1746694425465.0,224141,1746694425446.062,-61,7,-112
1746694425484.812,224100,1746694425465.906,-65,8,-111
1746694425504.687,224100,1746694425485.656,-56,9,-104
1746694425524.563,224170,1746694425505.594,-65,12,-121
1746694425544.375,224226,1746694425525.438,-49,8,-112
1746694425564.25,224290,1746694425545.281,-61,6,-112
1746694425584.094,224286,1746694425565.125,-58,12,-112
1746694425603.969,224292,1746694425584.969,-40,17,-112
1746694425623.813,224300,1746694425604.844,-47,11,-112
1746694425643.656,224341,1746694425624.719,-52,12,-112
1746694425663.531,224320,1746694425644.531,-46,16,-121
1746694425683.375,224236,1746694425664.406,-61,8,-112
1746694425703.219,224155,1746694425684.25,-63,12,-112
1746694425723.063,224105,1746694425704.125,-58,12,-104
1746694425742.937,224081,1746694425723.937,-52,7,-112
1746694425762.781,224097,1746694425743.781,-57,9,-112
1746694425782.656,224176,1746694425763.656,-53,8,-112
1746694425802.5,224239,1746694425783.563,-52,10,-121
1746694425822.344,224283,1746694425803.375,-52,4,-112
1746694425842.219,224278,1746694425823.219,-52,6,-120
1746694425862.062,224300,1746694425843.094,-50,14,-112
1746694425881.938,224381,1746694425863.0,-58,14,-121
1746694425901.813,224460,1746694425882.812,-51,6,-120
1746694425921.6868,224522,1746694425902.719,-50,14,-121
1746694425941.5,224586,1746694425922.563,-43,8,-112
1746694425961.375,224647,1746694425942.406,-65,11,-120
1746694425981.219,224696,1746694425962.25,-63,4,-112
1746694426001.094,224759,1746694425982.125,-52,17,-121
1746694426020.937,224792,1746694426002.0,-56,9,-112
1746694426040.813,224789,1746694426021.813,-49,14,-112
1746694426060.688,224793,1746694426041.688,-61,14,-125
1746694426080.562,224812,1746694426061.562,-47,7,-125
1746694426100.375,224847,1746694426081.437,-52,11,-112
1746694426120.25,224876,1746694426101.3132,-64,9,-112
1746694426140.125,224939,1746694426121.125,-52,8,-121
1746694426160.0,224960,1746694426141.0,-55,14,-112
1746694426179.844,224985,1746694426160.969,-57,12,-122
1746694426199.719,224937,1746694426180.75,-53,16,-112
1746694426219.594,224893,1746694426200.594,-60,11,-112
1746694426239.469,224850,1746694426220.469,-57,4,-110
1746694426259.375,224771,1746694426240.344,-49,7,-112
1746694426279.156,224722,1746694426260.313,-64,8,-121
1746694426299.031,224705,1746694426280.0,-49,7,-114
1746694426318.906,224776,1746694426299.906,-58,15,-109
1746694426338.719,224901,1746694426319.781,-57,7,-112
1746694426358.594,225024,1746694426339.625,-53,9,-112
1746694426378.469,225069,1746694426359.5,-53,8,-121
1746694426398.313,224927,1746694426379.344,-66,6,-104
1746694426418.187,224688,1746694426399.219,-64,8,-112
1746694426438.062,224351,1746694426419.094,-52,14,-112
1746694426457.906,223916,1746694426438.938,-57,19,-116
1746694426477.781,223560,1746694426458.781,-45,12,-112
1746694426497.5942,223323,1746694426478.656,-57,12,-111
1746694426517.469,223186,1746694426498.531,-57,20,-121
1746694426537.344,223161,1746694426518.375,-58,15,-121
1746694426557.188,223233,1746694426538.219,-66,12,-109
1746694426577.063,223343,1746694426558.063,-57,6,-104
1746694426597.062,223464,1746694426577.969,-56,12,-121
1746694426616.781,223533,1746694426597.938,-63,9,-121
1746694426636.656,223611,1746694426617.656,-60,7,-113
1746694426656.469,223794,1746694426637.5,-53,9,-112
1746694426676.312,223913,1746694426657.375,-49,9,-121
1746694426696.187,223965,1746694426677.219,-55,12,-112
1746694426716.063,223927,1746694426697.063,-63,12,-111
1746694426735.906,223820,1746694426716.938,-53,0,-112
1746694426755.75,223670,1746694426736.812,-49,12,-112
1746694426775.656,223528,1746694426756.625,-52,7,-104
1746694426795.5,223451,1746694426776.531,-63,9,-112
1746694426815.344,223406,1746694426796.375,-52,12,-112
1746694426835.25,223434,1746694426816.25,-52,9,-107
1746694426855.125,223506,1746694426836.094,-53,9,-112
1746694426875.0,223635,1746694426856.031,-60,8,-121
1746694426894.813,223809,1746694426875.875,-56,7,-112
1746694426914.656,223918,1746694426895.719,-41,8,-112
1746694426934.531,223970,1746694426915.562,-57,12,-114
1746694426954.375,224032,1746694426935.406,-56,3,-112
1746694426974.219,224108,1746694426955.25,-63,24,-112
1746694426994.094,224170,1746694426975.156,-49,14,-112
1746694427013.937,224226,1746694426995.0,-41,16,-121
1746694427033.812,224319,1746694427014.844,-50,15,-116
1746694427053.625,224419,1746694427034.688,-53,8,-112
1746694427073.5,224496,1746694427054.563,-69,39,-121
1746694427093.375,224625,1746694427074.375,-50,9,-112
1746694427113.187,224742,1746694427094.25,-60,4,-112
1746694427133.031,224768,1746694427114.062,-56,8,-129
1746694427152.875,224733,1746694427133.938,-57,7,-112
1746694427172.75,224699,1746694427153.781,-62,15,-127
1746694427192.625,224729,1746694427173.625,-55,0,-112
1746694427212.437,224802,1746694427193.5,-52,8,-109
1746694427232.281,224872,1746694427213.375,-60,12,-114
1746694427252.156,224890,1746694427233.281,-52,9,-112
1746694427272.031,224917,1746694427253.031,-52,3,-112
1746694427291.844,224923,1746694427272.937,-64,12,-116
1746694427311.719,224953,1746694427292.75,-64,19,-112
1746694427331.625,224941,1746694427312.594,-55,5,-112
1746694427351.438,224985,1746694427332.5,-47,16,-119
1746694427371.281,225026,1746694427352.312,-50,14,-104
1746694427391.156,225080,1746694427372.187,-61,14,-109
1746694427411.031,225090,1746694427392.031,-53,28,-121
1746694427430.875,224989,1746694427411.906,-60,7,-125
1746694427450.7192,224795,1746694427431.781,-57,12,-112
1746694427470.594,224457,1746694427451.625,-52,3,-97
1746694427490.469,224071,1746694427471.531,-66,9,-109
1746694427510.344,223698,1746694427491.344,-50,13,-112
1746694427530.219,223423,1746694427511.25,-55,9,-114
1746694427550.094,223267,1746694427531.125,-64,11,-112
1746694427569.937,223237,1746694427550.969,-49,9,-109
1746694427589.781,223288,1746694427570.813,-51,1,-112
1746694427609.625,223364,1746694427590.688,-63,7,-112
1746694427629.469,223475,1746694427610.562,-52,9,-121
1746694427649.344,223562,1746694427630.375,-63,12,-112
1746694427669.219,223608,1746694427650.25,-53,16,-113
1746694427689.063,223688,1746694427670.094,-56,9,-112
1746694427708.9692,223742,1746694427689.969,-61,3,-112
1746694427728.844,223737,1746694427709.875,-52,15,-119
1746694427748.688,223705,1746694427729.719,-60,7,-112
1746694427768.531,223583,1746694427749.531,-49,12,-114
1746694427788.469,223437,1746694427769.437,-61,15,-109
1746694427808.281,223307,1746694427789.281,-64,7,-114
1746694427828.125,223242,1746694427809.156,-54,14,-117
1746694427847.969,223241,1746694427829.031,-61,7,-112
1746694427867.844,223278,1746694427848.875,-52,8,-139
1746694427887.719,223350,1746694427868.75,-61,13,-113
1746694427907.531,223420,1746694427888.594,-55,15,-113
1746694427927.406,223480,1746694427908.469,-56,12,-112
1746694427947.2808,223529,1746694427928.313,-64,11,-112
1746694427967.125,223583,1746694427948.156,-61,12,-111
1746694427986.969,223637,1746694427968.031,-49,9,-112
1746694428006.844,223654,1746694427987.875,-61,11,-112
1746694428026.719,223640,1746694428007.75,-49,12,-112
1746694428046.562,223563,1746694428027.594,-63,23,-109
1746694428066.531,223535,1746694428047.469,-55,14,-112
1746694428086.25,223537,1746694428067.406,-52,12,-112
1746694428106.156,223572,1746694428087.188,-63,10,-104
1746694428126.0,223569,1746694428107.031,-60,12,-121
1746694428145.844,223531,1746694428126.906,-57,31,-121
1746694428165.875,223480,1746694428146.781,-53,7,-112
1746694428185.594,223468,1746694428166.656,-58,15,-121
1746694428205.469,223514,1746694428186.5,-55,7,-89
1746694428225.312,223569,1746694428206.406,-57,7,-96
1746694428245.156,223596,1746694428226.219,-50,10,-109
1746694428265.031,223605,1746694428246.063,-56,9,-119
1746694428284.906,223610,1746694428265.906,-52,12,-112
1746694428304.75,223614,1746694428285.781,-57,9,-125
1746694428324.625,223620,1746694428305.687,-52,9,-121
1746694428344.5,223587,1746694428325.5,-61,15,-112
1746694428364.344,223562,1746694428345.406,-51,8,-112
1746694428384.187,223531,1746694428365.25,-61,6,-109
1746694428404.062,223552,1746694428385.062,-55,6,-116
1746694428423.938,223539,1746694428404.969,-49,11,-112
1746694428443.781,223440,1746694428424.813,-52,3,-112
1746694428463.656,223174,1746694428444.656,-52,19,-125
1746694428483.5,222811,1746694428464.531,-57,16,-112
1746694428503.375,222402,1746694428484.406,-61,9,-112
1746694428523.344,222035,1746694428504.281,-61,12,-114
1746694428543.063,221776,1746694428524.125,-55,3,-109
1746694428562.969,221612,1746694428543.969,-61,9,-109
1746694428582.812,221523,1746694428563.844,-52,12,-106
1746694428602.688,221537,1746694428583.688,-57,12,-121
1746694428622.531,221567,1746694428603.563,-52,17,-112
1746694428642.375,221604,1746694428623.437,-57,9,-112
1746694428662.25,221627,1746694428643.281,-51,14,-112
1746694428682.156,221682,1746694428663.156,-52,11,-121
1746694428701.969,221746,1746694428683.031,-60,11,-113
1746694428721.875,221825,1746694428702.906,-57,15,-112
1746694428741.75,221855,1746694428722.75,-52,15,-112
1746694428761.594,221802,1746694428742.625,-59,12,-112
1746694428781.469,221707,1746694428762.469,-56,19,-111
1746694428801.344,221614,1746694428782.344,-53,12,-112
1746694428821.187,221563,1746694428802.25,-48,10,-114
1746694428841.094,221560,1746694428822.063,-52,9,-124
1746694428860.906,221567,1746694428841.969,-52,12,-112
1746694428880.781,221649,1746694428861.844,-66,20,-116
1746694428900.75,221674,1746694428881.687,-57,14,-116
1746694428920.531,221711,1746694428901.656,-60,15,-112
1746694428940.375,221731,1746694428921.406,-55,7,-117
1746694428960.25,221769,1746694428941.281,-55,6,-112
1746694428980.094,221803,1746694428961.125,-67,8,-112
1746694428999.969,221834,1746694428981.0,-55,7,-116
1746694429019.813,221845,1746694429000.813,-52,8,-116
1746694429039.656,221856,1746694429020.75,-50,9,-112
1746694429059.562,221878,1746694429040.562,-60,10,-109
1746694429079.406,221898,1746694429060.437,-64,9,-121
1746694429099.25,221917,1746694429080.344,-55,12,-104
1746694429119.1558,221947,1746694429100.156,-57,7,-112
1746694429139.125,221974,1746694429120.031,-64,9,-109
1746694429158.844,222006,1746694429140.0,-55,14,-121
1746694429178.688,222018,1746694429159.75,-50,7,-112
1746694429198.594,222013,1746694429179.594,-59,8,-104
1746694429218.437,222006,1746694429199.469,-65,7,-112
1746694429238.281,221946,1746694429219.312,-64,15,-111
1746694429258.188,221921,1746694429239.188,-56,12,-121
1746694429278.0,221877,1746694429259.031,-52,3,-114
1746694429297.844,221851,1746694429278.875,-60,14,-111
1746694429317.687,221790,1746694429298.75,-49,12,-112
1746694429337.562,221779,1746694429318.562,-48,12,-126
1746694429357.438,221781,1746694429338.469,-49,15,-112
1746694429377.281,221813,1746694429358.313,-69,12,-112
1746694429397.125,221868,1746694429378.156,-55,9,-112
1746694429417.0,221917,1746694429398.031,-57,8,-121
1746694429436.844,221910,1746694429417.906,-50,8,-112
1746694429456.719,221827,1746694429437.6882,-57,6,-112
1746694429476.594,221622,1746694429457.594,-54,12,-112
1746694429496.437,221298,1746694429477.5,-66,9,-109
1746694429516.344,220983,1746694429497.313,-57,20,-112
1746694429536.219,220681,1746694429517.219,-63,12,-112
1746694429556.031,220551,1746694429537.25,-57,6,-121
1746694429575.937,220508,1746694429556.969,-52,9,-104
1746694429595.781,220571,1746694429576.813,-61,6,-112
1746694429615.656,220708,1746694429596.656,-53,8,-112
1746694429635.5,220824,1746694429616.5,-52,16,-116
1746694429655.375,220893,1746694429636.437,-63,9,-111
1746694429675.25,220955,1746694429656.25,-53,4,-97
1746694429695.125,221000,1746694429676.125,-59,14,-112
1746694429714.969,221019,1746694429696.0,-48,11,-112
1746694429734.812,220979,1746694429715.875,-56,12,-129
1746694429754.719,220863,1746694429735.687,-48,14,-112
1746694429774.594,220753,1746694429755.594,-58,11,-112
1746694429794.406,220623,1746694429775.594,-52,3,-112
1746694429814.281,220524,1746694429795.312,-58,7,-112
1746694429834.125,220468,1746694429815.187,-56,7,-121
1746694429854.031,220467,1746694429835.031,-65,3,-112
1746694429873.969,220497,1746694429854.875,-52,4,-112
1746694429893.687,220579,1746694429874.844,-52,9,-121
1746694429913.594,220678,1746694429894.594,-52,7,-112
1746694429933.469,220809,1746694429914.469,-63,8,-121
1746694429953.281,220945,1746694429934.375,-65,8,-115
1746694429973.219,221069,1746694429954.187,-61,8,-113
1746694429993.062,221208,1746694429974.094,-52,12,-106
1746694430012.906,221342,1746694429993.906,-56,7,-104
1746694430032.75,221468,1746694430013.813,-61,11,-109
1746694430052.594,221581,1746694430033.687,-61,4,-121
1746694430072.5,221699,1746694430053.5,-61,12,-124
1746694430092.344,221789,1746694430073.375,-64,10,-114
1746694430112.188,221905,1746694430093.25,-61,7,-111
1746694430132.094,222002,1746694430113.094,-57,7,-112
1746694430151.969,222117,1746694430133.0,-62,11,-113
1746694430171.812,222237,1746694430152.844,-51,14,-111
1746694430191.656,222382,1746694430172.719,-56,12,-112
1746694430211.531,222467,1746694430192.563,-61,14,-109
1746694430231.375,222537,1746694430212.375,-51,11,-104
1746694430251.281,222582,1746694430232.281,-63,3,-112
1746694430271.094,222690,1746694430252.156,-55,6,-112
1746694430291.0308,222802,1746694430272.125,-46,13,-117
1746694430310.844,222960,1746694430291.844,-49,8,-114
1746694430330.719,223091,1746694430311.75,-68,12,-112
1746694430350.563,223200,1746694430331.625,-52,16,-116
1746694430370.438,223336,1746694430351.469,-57,8,-109
1746694430390.281,223420,1746694430371.312,-55,12,-111
1746694430410.156,223422,1746694430391.156,-61,23,-105
1746694430430.031,223290,1746694430411.031,-48,9,-111
1746694430449.875,223107,1746694430430.938,-47,11,-112
1746694430469.781,222974,1746694430450.75,-54,15,-106
1746694430489.625,222838,1746694430470.625,-56,11,-104
1746694430509.469,222789,1746694430490.531,-50,17,-112
1746694430529.375,222794,1746694430510.438,-59,15,-121
1746694430549.219,222901,1746694430530.25,-50,12,-112
1746694430569.062,223043,1746694430550.094,-56,6,-112
1746694430588.969,223266,1746694430569.969,-61,11,-112
1746694430608.813,223494,1746694430589.844,-52,12,-112
1746694430628.688,223637,1746694430609.719,-48,12,-112
1746694430648.531,223782,1746694430629.531,-49,12,-112
1746694430668.406,223906,1746694430649.469,-50,12,-125
1746694430688.313,223989,1746694430669.313,-49,19,-114
1746694430708.188,224042,1746694430689.188,-49,12,-104
1746694430728.031,224050,1746694430709.031,-52,9,-104
1746694430747.906,224046,1746694430728.937,-55,3,-112
1746694430767.781,224029,1746694430748.813,-57,9,-122
1746694430787.719,224032,1746694430768.687,-56,14,-112
1746694430807.5,224045,1746694430788.531,-61,7,-114
1746694430827.375,224112,1746694430808.438,-47,9,-112
1746694430847.219,224201,1746694430828.25,-60,7,-112
1746694430867.094,224329,1746694430848.094,-61,10,-119
1746694430886.937,224480,1746694430868.0,-52,14,-112
1746694430906.781,224631,1746694430887.844,-58,14,-125
1746694430926.688,224744,1746694430907.656,-62,12,-112
1746694430946.563,224892,1746694430927.563,-58,12,-111
1746694430966.406,225022,1746694430947.469,-64,16,-121
1746694430986.25,225152,1746694430967.312,-57,15,-112
1746694431006.25,225262,1746694430987.125,-52,14,-112
1746694431025.969,225333,1746694431007.125,-55,8,-121
1746694431045.813,225396,1746694431026.875,-50,3,-111
1746694431065.656,225445,1746694431046.75,-50,7,-122
1746694431085.531,225506,1746694431066.562,-57,15,-112
1746694431105.406,225587,1746694431086.406,-52,9,-104
1746694431125.344,225693,1746694431106.281,-55,15,-121
1746694431145.094,225754,1746694431126.156,-61,16,-113
1746694431164.969,225784,1746694431145.969,-52,9,-111
1746694431184.844,225774,1746694431165.813,-52,6,-104
1746694431204.656,225805,1746694431185.719,-57,11,-112
1746694431224.531,225861,1746694431205.594,-53,12,-109
1746694431244.406,225900,1746694431225.406,-71,12,-112
1746694431264.25,225913,1746694431245.313,-57,12,-112
1746694431284.094,225888,1746694431265.094,-53,9,-112
1746694431303.969,225798,1746694431285.0,-64,8,-125
1746694431323.812,225608,1746694431304.844,-52,8,-112
1746694431343.687,225267,1746694431324.687,-61,4,-121
1746694431363.531,224883,1746694431344.594,-52,9,-112
1746694431383.375,224506,1746694431364.438,-61,7,-112
1746694431403.219,224238,1746694431384.219,-53,9,-112
1746694431423.094,224065,1746694431404.125,-65,7,-119
1746694431442.938,223959,1746694431423.969,-52,11,-122
1746694431462.813,223976,1746694431443.844,-45,12,-112
1746694431482.656,224025,1746694431463.687,-64,16,-122
1746694431502.531,224119,1746694431483.531,-60,8,-112
1746694431522.375,224162,1746694431503.406,-56,8,-112
1746694431542.219,224176,1746694431523.313,-63,1,-117
1746694431562.094,224135,1746694431543.094,-64,12,-109
1746694431581.937,224161,1746694431562.969,-56,7,-112
1746694431601.781,224183,1746694431582.844,-69,14,-112
1746694431621.656,224122,1746694431602.688,-59,11,-112
1746694431641.5,224020,1746694431622.531,-63,12,-115
1746694431661.375,223899,1746694431642.469,-52,12,-111
1746694431681.219,223810,1746694431662.25,-61,12,-112
1746694431701.062,223726,1746694431682.125,-56,11,-112
1746694431720.906,223707,1746694431701.906,-50,15,-116
1746694431740.875,223772,1746694431721.781,-56,14,-111
1746694431760.594,223845,1746694431741.687,-66,16,-113
1746694431780.469,223904,1746694431761.531,-66,12,-100
1746694431800.344,223998,1746694431781.344,-52,8,-112
1746694431820.219,224020,1746694431801.25,-68,12,-112
1746694431840.062,224106,1746694431821.094,-63,14,-106
1746694431859.937,224143,1746694431840.937,-58,11,-112
1746694431879.844,224209,1746694431860.813,-49,1,-109
1746694431899.719,224278,1746694431880.719,-55,14,-112
1746694431919.531,224290,1746694431900.562,-57,15,-116
1746694431939.375,224177,1746694431920.437,-57,12,-111
1746694431959.25,224051,1746694431940.281,-50,14,-112
1746694431979.125,223846,1746694431960.156,-64,12,-112
1746694431998.969,223689,1746694431980.031,-52,12,-121
1746694432018.844,223597,1746694431999.844,-49,8,-114
1746694432038.687,223584,1746694432019.75,-53,7,-121
1746694432058.594,223621,1746694432039.594,-57,12,-121
1746694432078.406,223773,1746694432059.469,-66,8,-112
1746694432098.281,223927,1746694432079.344,-56,7,-112
1746694432118.156,224085,1746694432099.156,-55,3,-112
1746694432138.0,224172,1746694432119.031,-60,8,-112
1746694432157.844,224200,1746694432138.906,-48,12,-112
1746694432177.7192,224203,1746694432158.75,-55,7,-112
1746694432197.562,224212,1746694432178.625,-57,8,-112
1746694432217.438,224179,1746694432198.469,-55,7,-97
1746694432237.281,224012,1746694432218.344,-58,12,-121
1746694432257.156,223637,1746694432238.219,-56,11,-113
1746694432277.031,223211,1746694432258.0,-53,12,-112
1746694432296.875,222969,1746694432277.906,-57,15,-112
1746694432316.75,222848,1746694432297.813,-56,7,-121
1746694432336.625,222911,1746694432317.656,-64,15,-112
1746694432356.5,222999,1746694432337.531,-53,16,-109
1746694432376.312,223161,1746694432357.375,-52,10,-111
1746694432396.188,223326,1746694432377.25,-44,7,-112
1746694432416.063,223488,1746694432397.094,-57,14,-109
1746694432435.937,223628,1746694432416.937,-64,16,-109
1746694432455.75,223792,1746694432436.844,-49,7,-114
1746694432475.75,223937,1746694432456.688,-49,11,-121
1746694432495.469,224022,1746694432476.625,-60,14,-112
1746694432515.344,224012,1746694432496.375,-52,8,-116
1746694432535.187,223929,1746694432516.25,-60,12,-109
1746694432555.094,223833,1746694432536.125,-65,21,-112
1746694432574.969,223757,1746694432555.969,-52,14,-112
1746694432594.812,223735,1746694432575.844,-57,14,-111
1746694432614.656,223750,1746694432595.719,-49,14,-108
1746694432634.531,223817,1746694432615.625,-60,13,-112
1746694432654.375,223900,1746694432635.406,-48,9,-117
1746694432674.25,224027,1746694432655.25,-50,11,-116
1746694432694.094,224163,1746694432675.156,-61,9,-112
1746694432713.969,224257,1746694432695.0,-50,11,-112
1746694432733.813,224303,1746694432714.844,-64,12,-120
1746694432753.688,224332,1746694432734.688,-63,12,-110
1746694432773.5,224305,1746694432754.531,-52,12,-104
1746694432793.375,224308,1746694432774.406,-64,15,-105
1746694432813.219,224295,1746694432794.25,-58,15,-121
1746694432833.063,224277,1746694432814.094,-61,15,-112
1746694432852.937,224225,1746694432833.937,-49,12,-111
1746694432872.781,224123,1746694432853.844,-56,14,-109
1746694432892.625,224001,1746694432873.688,-45,9,-111
1746694432912.5,223909,1746694432893.531,-63,9,-111
1746694432932.344,223838,1746694432913.375,-60,12,-111
1746694432952.187,223819,1746694432933.25,-62,17,-121
1746694432972.062,223781,1746694432953.062,-50,9,-112
1746694432991.9382,223717,1746694432972.938,-63,14,-111
1746694433011.781,223661,1746694432992.813,-61,8,-100
1746694433031.656,223604,1746694433012.719,-52,15,-113
1746694433051.5,223567,1746694433032.531,-53,11,-111
1746694433071.375,223509,1746694433052.5,-66,16,-112
1746694433091.219,223455,1746694433072.25,-54,12,-112
1746694433111.063,223345,1746694433092.094,-55,8,-112
1746694433130.906,223138,1746694433111.969,-54,11,-121
1746694433150.875,222729,1746694433131.813,-68,12,-112
1746694433170.625,222127,1746694433151.781,-68,19,-121
1746694433190.5,221505,1746694433171.562,-50,15,-121
1746694433210.375,221043,1746694433191.406,-64,14,-114
1746694433230.219,220696,1746694433211.219,-65,7,-104
1746694433250.063,220370,1746694433231.125,-66,7,-113
1746694433269.938,220131,1746694433251.0,-64,9,-112
1746694433289.781,219899,1746694433270.844,-56,14,-121
1746694433309.687,219721,1746694433290.656,-56,11,-112
1746694433329.5,219606,1746694433310.531,-50,9,-104
1746694433349.375,219575,1746694433330.406,-52,16,-105
1746694433369.219,219552,1746694433350.25,-55,7,-112
1746694433389.125,219570,1746694433370.094,-56,7,-112
1746694433408.969,219576,1746694433390.0,-61,7,-112
1746694433428.844,219571,1746694433409.875,-49,16,-112
1746694433448.688,219511,1746694433429.719,-57,16,-121
1746694433468.531,219484,1746694433449.656,-50,15,-112
1746694433488.375,219438,1746694433469.406,-52,7,-116
1746694433508.219,219368,1746694433489.281,-63,7,-111
1746694433528.094,219314,1746694433509.125,-61,15,-121
1746694433548.0,219328,1746694433528.937,-45,11,-104
1746694433567.781,219348,1746694433548.875,-61,15,-112
1746694433587.656,219463,1746694433568.688,-57,15,-116
1746694433607.531,219558,1746694433588.531,-49,12,-112
1746694433627.375,219602,1746694433608.406,-65,31,-112
1746694433647.219,219599,1746694433628.25,-55,7,-112
1746694433667.125,219570,1746694433648.156,-64,9,-112
1746694433686.938,219495,1746694433667.969,-52,3,-106
1746694433706.813,219445,1746694433687.813,-61,12,-112
1746694433726.656,219395,1746694433707.687,-52,4,-112
1746694433746.531,219320,1746694433727.562,-60,9,-121
1746694433766.406,219204,1746694433747.406,-55,0,-112
1746694433786.281,219156,1746694433767.281,-66,8,-125
1746694433806.094,219119,1746694433787.187,-56,8,-112
1746694433825.969,219092,1746694433807.0,-49,7,-112
1746694433845.813,219155,1746694433826.844,-60,7,-112
1746694433865.656,219202,1746694433846.688,-64,14,-109
1746694433885.5,219249,1746694433866.5,-57,12,-112
1746694433905.375,219293,1746694433886.437,-52,11,-114
1746694433925.25,219256,1746694433906.25,-53,10,-112
1746694433945.125,219228,1746694433926.125,-48,4,-121
1746694433964.938,219219,1746694433946.031,-56,14,-109
1746694433984.812,219312,1746694433965.844,-65,7,-112
1746694434004.656,219355,1746694433985.719,-52,4,-114
1746694434024.531,219335,1746694434005.531,-55,16,-114
1746694434044.375,219340,1746694434025.4058,-56,12,-111
1746694434064.219,219383,1746694434045.281,-64,13,-112
1746694434084.094,219372,1746694434065.094,-53,6,-108
1746694434103.969,219306,1746694434085.0,-58,9,-109
1746694434123.813,219145,1746694434104.875,-63,8,-112
1746694434143.687,218845,1746694434124.8118,-52,4,-111
1746694434163.562,218509,1746694434144.562,-55,11,-121
1746694434183.438,218259,1746694434164.438,-52,14,-121
1746694434203.25,218112,1746694434184.281,-53,10,-121
1746694434223.125,218061,1746694434204.156,-63,9,-121
1746694434243.0,218020,1746694434224.0,-63,12,-112
1746694434262.875,218021,1746694434243.875,-53,12,-111
1746694434282.719,218050,1746694434263.719,-61,7,-104
1746694434302.563,218115,1746694434283.625,-65,7,-112
1746694434322.437,218187,1746694434303.406,-52,14,-113
1746694434342.312,218247,1746694434323.344,-57,14,-116
1746694434362.125,218336,1746694434343.188,-61,9,-116
1746694434382.0,218437,1746694434363.063,-61,8,-114
1746694434401.875,218529,1746694434382.875,-53,9,-104
1746694434421.75,218601,1746694434402.75,-57,1,-129
1746694434441.594,218673,1746694434422.625,-55,12,-120
1746694434461.469,218677,1746694434442.5,-52,8,-112
1746694434481.313,218679,1746694434462.312,-55,14,-127
1746694434501.219,218719,1746694434482.187,-49,7,-112
1746694434521.031,218737,1746694434502.094,-53,11,-111
1746694434540.906,218780,1746694434521.938,-50,8,-110
1746694434560.781,218855,1746694434541.812,-57,9,-114
1746694434580.625,218993,1746694434561.656,-56,10,-112
1746694434600.5,219105,1746694434581.531,-50,9,-112
1746694434620.406,219255,1746694434601.406,-57,7,-111
1746694434640.25,219375,1746694434621.281,-61,12,-121
1746694434660.094,219468,1746694434641.094,-58,14,-112
1746694434679.969,219584,1746694434660.969,-52,8,-112
1746694434699.844,219667,1746694434680.875,-57,12,-112
1746694434719.719,219727,1746694434700.7192,-61,12,-125
1746694434739.687,219765,1746694434720.625,-49,12,-109
1746694434759.469,219813,1746694434740.5,-64,0,-115
1746694434779.344,219861,1746694434760.375,-53,12,-112
1746694434799.219,219866,1746694434780.25,-65,12,-112
1746694434819.062,219866,1746694434800.094,-54,10,-125
1746694434838.937,219919,1746694434819.969,-52,8,-112
1746694434858.813,219939,1746694434839.844,-61,9,-112
1746694434878.656,219987,1746694434859.688,-48,11,-121
1746694434898.531,220028,1746694434879.562,-57,9,-121
1746694434918.375,220068,1746694434899.406,-53,9,-116
1746694434938.281,220143,1746694434919.281,-52,15,-112
1746694434958.156,220206,1746694434939.188,-57,14,-113
1746694434977.969,220209,1746694434959.031,-56,9,-111
1746694434997.844,220237,1746694434978.875,-57,12,-112
1746694435017.781,220200,1746694434998.719,-52,7,-111
1746694435037.563,220229,1746694435018.687,-46,9,-112
1746694435057.406,220239,1746694435038.437,-49,9,-114
1746694435077.281,220324,1746694435058.312,-50,12,-120
1746694435097.156,220585,1746694435078.156,-61,30,-121
1746694435117.031,220881,1746694435098.031,-64,9,-112
1746694435136.906,221096,1746694435117.937,-64,7,-112
1746694435156.812,221167,1746694435137.781,-52,3,-104
1746694435176.688,221076,1746694435157.719,-64,12,-112
1746694435196.563,220884,1746694435177.594,-50,8,-112
1746694435216.406,220613,1746694435197.437,-58,12,-108
1746694435236.312,220224,1746694435217.312,-61,11,-112
1746694435256.188,219699,1746694435237.188,-50,3,-112
1746694435276.031,219116,1746694435257.094,-61,12,-112
1746694435295.875,218628,1746694435276.937,-61,12,-121
1746694435315.75,218298,1746694435296.812,-62,12,-112
1746694435335.625,218077,1746694435316.625,-49,7,-109
1746694435355.5,217992,1746694435336.531,-61,12,-111
1746694435375.375,217979,1746694435356.406,-52,8,-111
1746694435395.25,218025,1746694435376.281,-63,15,-112
1746694435415.156,218090,1746694435396.125,-61,11,-112
1746694435434.969,218170,1746694435416.0308,-48,14,-109
1746694435454.813,218246,1746694435435.875,-58,15,-114
1746694435474.687,218278,1746694435455.719,-61,8,-112
1746694435494.562,218309,1746694435475.563,-53,17,-116
1746694435514.406,218320,1746694435495.438,-49,8,-112
1746694435534.281,218322,1746694435515.312,-61,9,-112
1746694435554.156,218240,1746694435535.156,-50,3,-111
1746694435574.031,218145,1746694435555.063,-50,12,-121
1746694435593.844,218068,1746694435574.938,-49,1,-121
1746694435613.75,218012,1746694435594.781,-66,8,-117
1746694435633.625,217961,1746694435614.656,-57,3,-112
1746694435653.5,217992,1746694435634.5,-60,11,-112
1746694435673.344,218053,1746694435654.375,-49,11,-112
1746694435693.219,218096,1746694435674.2808,-58,5,-111
1746694435713.062,218113,1746694435694.094,-52,11,-119
1746694435732.969,218163,1746694435713.969,-65,15,-121
1746694435752.906,218218,1746694435733.844,-52,4,-115
1746694435772.656,218233,1746694435753.781,-58,8,-112
1746694435792.531,218240,1746694435773.562,-49,12,-112
1746694435812.406,218197,1746694435793.406,-45,13,-112
1746694435832.219,218108,1746694435813.281,-49,6,-112
1746694435852.094,217907,1746694435833.156,-68,12,-117
1746694435872.0,217710,1746694435852.969,-64,12,-109
1746694435891.844,217712,1746694435872.844,-52,7,-116
1746694435911.656,217888,1746694435892.719,-60,7,-112
1746694435931.531,218165,1746694435912.563,-50,7,-109
1746694435951.375,218363,1746694435932.406,-61,6,-125
1746694435971.25,218465,1746694435952.281,-48,11,-112
1746694435991.062,218522,1746694435972.125,-50,20,-112
1746694436010.938,218502,1746694435992.0,-60,14,-113
1746694436030.813,218479,1746694436011.813,-52,11,-111
1746694436050.656,218476,1746694436031.687,-72,15,-109
1746694436070.5,218512,1746694436051.562,-40,8,-110
1746694436090.375,218528,1746694436071.406,-57,9,-111
1746694436110.219,218561,1746694436091.25,-61,8,-104
1746694436130.063,218538,1746694436111.125,-49,25,-112
1746694436149.906,218534,1746694436130.937,-49,0,-112
1746694436169.75,218476,1746694436150.812,-35,3,-112
1746694436189.625,218426,1746694436170.625,-52,8,-114
1746694436209.5,218376,1746694436190.5,-49,11,-112
1746694436229.312,218328,1746694436210.406,-59,45,-116
1746694436249.187,218303,1746694436230.25,-56,14,-111
1746694436269.063,218224,1746694436250.063,-52,8,-111
1746694436288.938,218155,1746694436269.969,-58,3,-112
1746694436308.781,218087,1746694436289.844,-55,9,-112
1746694436328.625,217986,1746694436309.687,-52,7,-121
1746694436348.5,217800,1746694436329.531,-58,7,-121
1746694436368.375,217514,1746694436349.375,-64,4,-112
1746694436388.188,217123,1746694436369.281,-49,8,-110
1746694436408.062,216675,1746694436389.156,-52,4,-112
1746694436427.937,216295,1746694436408.906,-55,8,-112
1746694436447.781,216065,1746694436428.813,-53,7,-121
1746694436467.625,215934,1746694436448.688,-60,12,-112
1746694436487.5,215930,1746694436468.531,-61,14,-109
1746694436507.406,215999,1746694436488.375,-44,12,-116
1746694436527.219,216095,1746694436508.25,-57,15,-116
1746694436547.0632,216165,1746694436528.125,-49,14,-121
1746694436566.906,216196,1746694436548.0,-58,16,-121
1746694436586.812,216219,1746694436567.812,-61,11,-112
1746694436606.656,216280,1746694436587.688,-58,9,-110
1746694436626.469,216378,1746694436607.531,-52,13,-96
1746694436646.375,216417,1746694436627.4058,-57,6,-125
1746694436666.219,216374,1746694436647.25,-49,12,-112
1746694436686.062,216286,1746694436667.094,-52,11,-121
1746694436705.938,216206,1746694436686.969,-61,8,-121
1746694436725.781,216171,1746694436706.875,-52,15,-110
1746694436745.656,216176,1746694436726.656,-50,15,-121
1746694436765.562,216190,1746694436746.562,-57,11,-112
1746694436785.375,216256,1746694436766.438,-53,12,-112
1746694436805.25,216364,1746694436786.281,-57,12,-112
1746694436825.219,216507,1746694436806.125,-49,6,-112
1746694436844.969,216662,1746694436826.125,-55,12,-112
1746694436864.813,216726,1746694436845.844,-49,10,-122
1746694436884.688,216740,1746694436865.719,-58,4,-112
1746694436904.531,216653,1746694436885.562,-73,8,-112
1746694436924.437,216590,1746694436905.406,-52,11,-116
1746694436944.281,216507,1746694436925.313,-61,8,-113
1746694436964.125,216461,1746694436945.156,-56,7,-116
1746694436984.0,216395,1746694436965.0,-66,17,-112
1746694437003.844,216316,1746694436984.906,-50,12,-121
1746694437023.6868,216254,1746694437004.75,-54,4,-125
1746694437043.563,216206,1746694437024.594,-56,8,-112
1746694437063.438,216175,1746694437044.438,-60,13,-112
1746694437083.312,216137,1746694437064.312,-49,14,-112
1746694437103.125,216078,1746694437084.187,-60,11,-112
1746694437123.0,216048,1746694437104.063,-52,8,-112
1746694437142.875,216021,1746694437123.844,-50,6,-112
1746694437162.75,216026,1746694437143.781,-50,12,-116
1746694437182.594,216068,1746694437163.656,-52,8,-121
1746694437202.5,216094,1746694437183.531,-51,14,-121
1746694437222.375,216141,1746694437203.406,-56,9,-121
1746694437242.25,216184,1746694437223.25,-45,14,-121
1746694437262.094,216221,1746694437243.125,-49,7,-114
1746694437281.938,216232,1746694437263.0,-57,14,-114
1746694437301.844,216238,1746694437282.844,-58,16,-114
1746694437321.719,216307,1746694437302.7192,-48,15,-112
1746694437341.562,216326,1746694437322.625,-50,10,-112
1746694437361.438,216334,1746694437342.469,-57,24,-125
1746694437381.313,216334,1746694437362.344,-49,11,-115
1746694437401.125,216314,1746694437382.187,-58,8,-111
1746694437421.031,216187,1746694437402.031,-52,8,-112
1746694437440.906,215827,1746694437421.906,-65,14,-112
1746694437460.75,215352,1746694437441.781,-57,14,-112
1746694437480.594,214853,1746694437461.719,-60,11,-121
1746694437500.469,214506,1746694437481.531,-49,12,-121
1746694437520.312,214231,1746694437501.344,-63,12,-112
1746694437540.188,214103,1746694437521.188,-57,8,-112
1746694437560.063,214121,1746694437541.063,-52,9,-114
1746694437579.875,214298,1746694437561.0,-64,11,-109
1746694437599.75,214575,1746694437580.75,-49,12,-112
1746694437619.656,214847,1746694437600.625,-49,12,-116
1746694437639.469,215057,1746694437620.5,-65,3,-109
1746694437659.344,215133,1746694437640.406,-49,3,-116
1746694437679.219,215036,1746694437660.219,-57,7,-121
1746694437699.063,214802,1746694437680.063,-64,9,-112
1746694437718.906,214454,1746694437699.906,-52,8,-104
1746694437738.75,214101,1746694437719.812,-64,8,-111
1746694437758.594,213806,1746694437739.656,-61,3,-104
1746694437778.5,213524,1746694437759.5,-56,5,-111
1746694437798.313,213199,1746694437779.344,-60,12,-112
1746694437818.156,212879,1746694437799.219,-58,17,-112
1746694437838.062,212561,1746694437819.062,-52,15,-112
1746694437857.906,212336,1746694437838.937,-64,9,-112
1746694437877.75,212177,1746694437858.781,-49,13,-112
1746694437897.625,212077,1746694437878.688,-55,17,-111
1746694437917.469,211996,1746694437898.5,-52,14,-112
1746694437937.344,211891,1746694437918.375,-58,12,-121
1746694437957.25,211797,1746694437938.219,-45,12,-112
1746694437977.125,211622,1746694437958.156,-44,10,-122
1746694437996.938,211455,1746694437977.937,-49,6,-116
1746694438016.781,211242,1746694437997.812,-53,3,-112
1746694438036.625,211058,1746694438017.656,-49,8,-121
1746694438056.469,210881,1746694438037.5,-48,8,-112
1746694438076.313,210675,1746694438057.344,-53,6,-112
1746694438096.187,210506,1746694438077.219,-52,0,-109
1746694438116.031,210298,1746694438097.125,-61,6,-112
1746694438135.906,210118,1746694438116.9382,-50,4,-121
1746694438155.75,209990,1746694438136.813,-50,9,-121
1746694438175.656,209868,1746694438156.656,-56,3,-109
1746694438195.469,209765,1746694438176.531,-53,11,-113
1746694438215.344,209625,1746694438196.406,-50,7,-113
1746694438235.219,209502,1746694438216.188,-52,1,-112
1746694438255.063,209389,1746694438236.063,-52,7,-112
1746694438274.906,209285,1746694438255.969,-63,12,-113
1746694438294.781,209268,1746694438275.812,-50,9,-111
1746694438314.625,209262,1746694438295.656,-64,7,-112
1746694438334.531,209279,1746694438315.531,-50,8,-112
1746694438354.406,209351,1746694438335.437,-58,8,-112
1746694438374.25,209442,1746694438355.313,-69,10,-112
1746694438394.125,209576,1746694438375.125,-52,12,-113
1746694438414.062,209721,1746694438395.031,-58,12,-112
1746694438433.844,209924,1746694438414.875,-60,3,-114
1746694438453.75,210179,1746694438434.781,-58,12,-112
1746694438473.594,210360,1746694438454.625,-62,15,-112
1746694438493.469,210460,1746694438474.5,-61,8,-124
1746694438513.312,210453,1746694438494.344,-52,1,-121
1746694438533.187,210416,1746694438514.219,-63,4,-112
1746694438553.094,209609,1746694438534.063,-57,0,-112
1746694438572.906,209098,1746694438553.969,-40,14,-133
1746694438592.781,208804,1746694438573.812,-48,16,-112
1746694438612.656,208638,1746694438593.75,-58,6,-109
1746694438632.531,208689,1746694438613.531,-49,14,-105
1746694438652.344,208758,1746694438633.438,-64,15,-113
1746694438672.25,208767,1746694438653.25,-55,7,-112
1746694438692.125,209068,1746694438673.156,-60,15,-112
1746694438712.0,209356,1746694438692.969,-56,9,-121
1746694438731.875,209504,1746694438712.875,-56,16,-120
1746694438751.719,209729,1746694438732.781,-55,14,-121
1746694438771.562,210015,1746694438752.594,-36,20,-125
1746694438791.437,210235,1746694438772.469,-57,12,-112
1746694438811.281,210362,1746694438792.313,-49,11,-120
1746694438831.187,210387,1746694438812.219,-49,24,-121
1746694438851.062,210345,1746694438832.062,-49,3,-121
1746694438870.938,210284,1746694438851.938,-45,7,-112
1746694438890.781,210279,1746694438871.813,-53,11,-108
1746694438910.656,210308,1746694438891.687,-49,11,-112
1746694438930.5,210400,1746694438911.562,-49,12,-112
1746694438950.406,210466,1746694438931.438,-51,10,-112
1746694438970.25,210499,1746694438951.281,-49,12,-112
1746694438990.125,210514,1746694438971.187,-60,11,-109
1746694439010.0,210568,1746694438991.0,-55,13,-109
1746694439029.875,210644,1746694439010.875,-49,12,-112
1746694439049.719,210740,1746694439030.781,-45,12,-121
1746694439069.594,210768,1746694439050.625,-56,28,-112
1746694439089.5,210773,1746694439070.469,-55,15,-112
1746694439109.406,210734,1746694439090.406,-52,12,-112
1746694439129.219,210743,1746694439110.25,-51,11,-114
1746694439149.094,210760,1746694439130.125,-52,14,-112
1746694439168.969,210786,1746694439150.0,-50,12,-112
1746694439188.812,210820,1746694439169.875,-61,8,-112
1746694439208.688,210818,1746694439189.719,-52,6,-104
1746694439228.563,210803,1746694439209.625,-63,14,-111
1746694439248.437,210773,1746694439229.437,-52,9,-112
1746694439268.281,210766,1746694439249.312,-52,12,-121
1746694439288.125,210698,1746694439269.156,-49,8,-104
1746694439308.031,210556,1746694439289.062,-57,14,-112
1746694439327.875,210378,1746694439308.906,-47,8,-112
1746694439347.719,210264,1746694439328.781,-48,-1,-121
1746694439367.594,210260,1746694439348.625,-63,4,-112
1746694439387.5,210296,1746694439368.5,-55,3,-112
1746694439407.375,210267,1746694439388.375,-52,9,-121
1746694439427.219,210139,1746694439408.281,-61,12,-113
1746694439447.063,209996,1746694439428.125,-57,9,-117
1746694439466.969,209844,1746694439447.969,-61,7,-112
1746694439486.844,209613,1746694439467.812,-55,6,-104
1746694439506.687,209316,1746694439487.719,-42,-3,-112
1746694439526.563,209020,1746694439507.594,-53,15,-106
1746694439546.438,208688,1746694439527.469,-47,19,-125
1746694439566.312,208429,1746694439547.312,-53,23,-121
1746694439586.156,208348,1746694439567.219,-63,11,-113
1746694439606.031,208400,1746694439587.063,-53,9,-104
1746694439625.906,208612,1746694439606.906,-61,3,-99
1746694439645.781,208974,1746694439626.844,-57,8,-116
1746694439665.625,209382,1746694439646.656,-48,12,-112
1746694439685.531,209685,1746694439666.531,-61,14,-129
1746694439705.438,209880,1746694439686.406,-53,12,-125
1746694439725.25,210077,1746694439706.312,-51,15,-128
1746694439745.156,210205,1746694439726.156,-49,12,-125
1746694439765.031,210340,1746694439746.094,-47,9,-112
1746694439784.906,210369,1746694439765.906,-49,6,-112
1746694439804.75,210324,1746694439785.781,-65,9,-112
1746694439824.656,210197,1746694439805.656,-52,4,-112
1746694439844.5,210059,1746694439825.563,-58,12,-112
1746694439864.438,209980,1746694439845.406,-56,14,-113
1746694439884.406,209998,1746694439865.312,-53,8,-112
1746694439904.156,210099,1746694439885.313,-64,11,-112
1746694439924.063,210272,1746694439905.063,-49,12,-116
1746694439943.938,210481,1746694439924.906,-57,12,-112
1746694439963.781,210706,1746694439944.812,-60,16,-112
1746694439983.656,210974,1746694439964.688,-49,16,-112
1746694440003.531,211210,1746694439984.531,-61,12,-120
1746694440023.406,211370,1746694440004.375,-48,7,-108
1746694440043.281,211520,1746694440024.312,-55,15,-121
1746694440063.125,211627,1746694440044.156,-46,12,-112
1746694440083.031,211673,1746694440063.969,-55,8,-129
1746694440102.875,211661,1746694440083.875,-46,7,-120
1746694440122.75,211620,1746694440103.781,-44,16,-112
1746694440142.625,211543,1746694440123.719,-51,9,-104
1746694440162.5,211513,1746694440143.531,-59,11,-112
1746694440182.344,211451,1746694440163.406,-50,7,-121
1746694440202.219,211379,1746694440183.25,-61,14,-108
1746694440222.094,211349,1746694440203.125,-51,8,-112
1746694440241.969,211245,1746694440223.0,-56,16,-116
1746694440261.844,211189,1746694440242.875,-52,28,-121
1746694440281.719,211150,1746694440262.75,-56,14,-112
1746694440301.594,211165,1746694440282.594,-33,8,-112
1746694440321.469,211152,1746694440302.5,-57,8,-116
1746694440341.313,211212,1746694440322.344,-63,15,-121
1746694440361.156,211200,1746694440342.219,-50,28,-116
1746694440381.062,211035,1746694440362.062,-55,12,-121
1746694440400.906,210686,1746694440381.938,-48,14,-120
1746694440420.781,210314,1746694440401.844,-49,18,-121
1746694440440.656,209923,1746694440421.719,-52,12,-112
1746694440460.531,209488,1746694440441.531,-63,9,-121
1746694440480.406,208992,1746694440461.406,-55,12,-114
1746694440500.281,208480,1746694440481.25,-45,9,-120
1746694440520.125,208174,1746694440501.187,-42,15,-112
1746694440540.0,207708,1746694440521.125,-39,27,-125
1746694440559.875,207347,1746694440540.906,-50,-2,-121
1746694440579.75,207084,1746694440560.781,-49,20,-121
1746694440599.625,206889,1746694440580.656,-58,17,-112
1746694440619.531,206745,1746694440600.5,-45,12,-112
1746694440639.344,206847,1746694440620.438,-57,14,-114
1746694440659.219,207497,1746694440640.25,-47,12,-109
1746694440679.094,208386,1746694440660.125,-57,16,-109
1746694440698.969,209294,1746694440679.969,-46,6,-112
1746694440718.844,210139,1746694440699.875,-45,12,-116
1746694440738.719,210930,1746694440719.75,-63,16,-125
1746694440758.594,211570,1746694440739.562,-57,27,-112
1746694440778.469,211881,1746694440759.469,-45,16,-121
1746694440798.313,211937,1746694440779.344,-61,9,-112
1746694440818.188,211787,1746694440799.188,-50,0,-100
1746694440838.062,211534,1746694440819.125,-55,14,-112
1746694440857.937,211275,1746694440838.937,-50,19,-111
1746694440877.781,211046,1746694440858.844,-51,14,-121
1746694440897.688,210838,1746694440878.688,-49,7,-112
1746694440917.531,210715,1746694440898.562,-60,15,-121
1746694440937.406,210691,1746694440918.406,-49,10,-121
1746694440957.25,210734,1746694440938.281,-58,8,-112
1746694440977.125,210772,1746694440958.188,-58,15,-121
1746694440997.0,210759,1746694440978.0,-57,16,-112
1746694441016.937,210769,1746694440997.875,-52,18,-121
1746694441036.688,210828,1746694441017.875,-64,12,-121
1746694441056.563,210883,1746694441037.594,-55,15,-121
1746694441076.437,210929,1746694441057.406,-50,13,-104
1746694441096.25,210930,1746694441077.344,-65,14,-121
1746694441116.125,210941,1746694441097.156,-57,14,-121
1746694441136.031,210957,1746694441117.031,-58,7,-121
1746694441155.844,211016,1746694441136.875,-50,3,-116
1746694441175.719,211077,1746694441156.719,-56,12,-125
1746694441195.531,211195,1746694441176.625,-55,10,-125
1746694441215.406,211341,1746694441196.469,-61,9,-120
1746694441235.281,211522,1746694441216.281,-53,12,-125
1746694441255.156,211702,1746694441236.187,-52,16,-121
1746694441275.0,211889,1746694441256.031,-55,12,-112
1746694441294.875,212054,1746694441275.938,-61,9,-125
1746694441314.75,212208,1746694441295.75,-57,14,-122
1746694441334.594,212388,1746694441315.625,-42,9,-112
1746694441354.5,212566,1746694441335.469,-56,8,-112
1746694441374.344,212809,1746694441355.375,-52,7,-112
1746694441394.25,213026,1746694441375.219,-50,8,-111
1746694441414.062,213224,1746694441395.125,-53,11,-127
1746694441434.0,213221,1746694441415.0,-61,11,-125
1746694441453.969,213032,1746694441434.875,-53,7,-116
1746694441473.719,212673,1746694441454.813,-52,8,-112
1746694441493.562,212218,1746694441474.5942,-49,8,-112
1746694441513.437,211788,1746694441494.469,-59,12,-112
1746694441533.281,211476,1746694441514.313,-40,11,-126
1746694441553.156,211240,1746694441534.188,-57,28,-121
1746694441573.0,211221,1746694441554.031,-53,15,-112
1746694441592.875,211307,1746694441573.937,-45,8,-112
1746694441612.75,211405,1746694441593.75,-57,15,-106
1746694441632.625,211446,1746694441613.625,-47,12,-112
1746694441652.469,211514,1746694441633.5,-57,11,-112
1746694441672.312,211501,1746694441653.469,-47,14,-112
1746694441692.219,211496,1746694441673.219,-52,12,-112
1746694441712.094,211408,1746694441693.063,-52,7,-109
1746694441731.9692,211421,1746694441712.938,-52,9,-112
1746694441751.844,211485,1746694441732.875,-55,7,-109
1746694441771.719,211584,1746694441752.719,-49,3,-112
1746694441791.594,211614,1746694441772.594,-52,25,-125
1746694441811.5,211592,1746694441792.5,-61,9,-125
1746694441831.312,211581,1746694441812.406,-48,14,-125
1746694441851.187,211646,1746694441832.187,-50,14,-104
1746694441871.063,211708,1746694441852.063,-58,11,-112
1746694441890.875,211771,1746694441871.938,-57,31,-112
1746694441910.75,211862,1746694441891.812,-60,10,-112
1746694441930.625,211990,1746694441911.656,-49,8,-122
1746694441950.5,212130,1746694441931.5,-55,7,-104
1746694441970.313,212294,1746694441951.437,-57,14,-117
1746694441990.187,212373,1746694441971.219,-47,15,-112
1746694442010.094,212423,1746694441991.062,-50,12,-127
1746694442029.938,212419,1746694442011.0,-49,16,-115
1746694442049.813,212362,1746694442030.844,-49,6,-112
1746694442069.687,212315,1746694442050.719,-49,7,-121
1746694442089.562,212292,1746694442070.5618,-58,6,-112
1746694442109.406,212238,1746694442090.469,-57,15,-109
1746694442129.281,212178,1746694442110.313,-49,12,-112
1746694442149.156,212128,1746694442130.187,-57,11,-112
1746694442169.031,212119,1746694442150.031,-49,12,-112
1746694442188.875,212116,1746694442169.938,-49,11,-112
1746694442208.75,212214,1746694442189.781,-57,9,-109
1746694442228.625,212373,1746694442209.625,-65,7,-112
1746694442248.5,212518,1746694442229.5,-56,14,-113
1746694442268.312,212714,1746694442249.375,-52,11,-112
1746694442288.188,212989,1746694442269.281,-64,24,-115
1746694442308.094,213294,1746694442289.062,-48,12,-112
1746694442327.969,213573,1746694442309.0,-57,9,-121
1746694442347.812,213796,1746694442328.844,-52,3,-129
1746694442367.688,214025,1746694442348.719,-48,8,-112
1746694442387.531,214236,1746694442368.562,-57,11,-112
1746694442407.437,214420,1746694442388.375,-49,12,-112
1746694442427.25,214579,1746694442408.313,-50,11,-112
1746694442447.125,214758,1746694442428.188,-52,15,-121
1746694442467.031,214845,1746694442448.031,-52,16,-121
1746694442486.875,214922,1746694442467.906,-58,14,-121
1746694442506.719,214911,1746694442487.781,-52,8,-109
1746694442526.594,214757,1746694442507.625,-56,14,-112
1746694442546.5,214399,1746694442527.469,-49,11,-109
1746694442566.344,213912,1746694442547.375,-52,12,-112
1746694442586.1868,213417,1746694442567.25,-49,8,-109
1746694442606.063,212995,1746694442587.125,-58,15,-122
1746694442625.906,212728,1746694442606.938,-48,19,-125
1746694442645.812,212533,1746694442626.812,-60,12,-121
1746694442665.781,212400,1746694442646.687,-49,8,-112
1746694442685.5,212285,1746694442666.563,-57,3,-125
1746694442705.406,212198,1746694442686.375,-43,9,-112
1746694442725.25,212112,1746694442706.281,-56,8,-112
1746694442745.094,212051,1746694442726.156,-52,11,-125
1746694442764.969,212035,1746694442746.031,-63,12,-121
1746694442784.813,211997,1746694442765.8132,-52,12,-112
1746694442804.688,211964,1746694442785.75,-47,12,-120
1746694442824.562,211922,1746694442805.594,-52,12,-121
1746694442844.406,211901,1746694442825.469,-55,15,-121
1746694442864.313,211850,1746694442845.313,-41,9,-109
1746694442884.156,211841,1746694442865.187,-56,3,-109
1746694442904.0,211793,1746694442885.031,-53,11,-112
1746694442923.875,211777,1746694442904.938,-53,24,-112
1746694442943.813,211837,1746694442924.75,-53,7,-112
1746694442963.594,211996,1746694442944.687,-38,12,-111
1746694442983.469,212195,1746694442964.5,-58,12,-104
1746694443003.344,212393,1746694442984.375,-56,5,-111
1746694443023.219,212590,1746694443004.25,-68,24,-117
1746694443043.063,212785,1746694443024.094,-53,11,-112
1746694443062.937,212981,1746694443043.969,-63,12,-112
1746694443082.781,213183,1746694443063.812,-57,15,-100
1746694443102.688,213360,1746694443083.719,-52,7,-109
1746694443122.5,213543,1746694443103.563,-62,8,-112
1746694443142.406,213721,1746694443123.406,-55,6,-129
1746694443162.25,213852,1746694443143.25,-50,11,-112
1746694443182.125,213990,1746694443163.125,-55,7,-121
1746694443201.969,214124,1746694443183.0,-61,9,-112
1746694443221.844,214325,1746694443202.906,-64,11,-112
1746694443241.719,214500,1746694443222.75,-48,6,-121
1746694443261.594,214719,1746694443242.594,-57,9,-112
1746694443281.563,214906,1746694443262.469,-52,5,-112
1746694443301.312,215147,1746694443282.469,-63,9,-121
1746694443321.187,215360,1746694443302.187,-56,7,-125
1746694443341.063,215573,1746694443322.063,-47,13,-125
1746694443360.906,215774,1746694443341.938,-61,11,-117
1746694443380.781,215967,1746694443361.812,-48,4,-106
1746694443400.656,216137,1746694443381.656,-61,7,-125
1746694443420.531,216302,1746694443401.563,-48,0,-118
1746694443440.406,216499,1746694443421.438,-55,7,-112
1746694443460.25,216627,1746694443441.344,-52,12,-113
1746694443480.125,216731,1746694443461.125,-58,7,-104
1746694443500.0,216754,1746694443481.031,-63,9,-112
1746694443519.875,216669,1746694443500.875,-54,8,-120
1746694443539.75,216462,1746694443520.781,-58,11,-125
1746694443559.625,216179,1746694443540.625,-50,12,-112
1746694443579.5,215965,1746694443560.531,-50,9,-112
1746694443599.375,215802,1746694443580.406,-49,11,-121
1746694443619.25,215693,1746694443600.25,-63,14,-112
1746694443639.125,215612,1746694443620.125,-56,14,-112
1746694443658.969,215564,1746694443640.0,-61,11,-112
1746694443678.969,215555,1746694443659.875,-61,11,-112
1746694443698.719,215592,1746694443679.844,-55,6,-125
1746694443718.594,215602,1746694443699.594,-50,7,-120
1746694443738.469,215610,1746694443719.5,-42,15,-114
1746694443758.344,215653,1746694443739.375,-49,9,-112
1746694443778.219,215667,1746694443759.219,-60,8,-105
1746694443798.094,215656,1746694443779.125,-55,7,-113
1746694443817.938,215596,1746694443799.0,-63,17,-121
1746694443837.813,215510,1746694443818.844,-47,14,-112
1746694443857.687,215429,1746694443838.687,-55,6,-112
1746694443877.562,215316,1746694443858.562,-61,6,-104
1746694443897.438,215276,1746694443878.438,-58,12,-112
1746694443917.281,215273,1746694443898.344,-52,12,-120
1746694443937.156,215318,1746694443918.156,-47,8,-128
1746694443957.031,215341,1746694443938.062,-50,5,-110
1746694443976.938,215368,1746694443957.938,-63,8,-112
1746694443996.75,215486,1746694443977.844,-64,12,-127
1746694444016.625,215640,1746694443997.625,-63,16,-111
1746694444036.437,215753,1746694444017.5,-53,12,-112
1746694444056.344,215842,1746694444037.344,-52,15,-125
1746694444076.188,215914,1746694444057.25,-52,14,-121
1746694444096.063,215963,1746694444077.063,-46,7,-112
1746694444115.906,215992,1746694444096.937,-55,12,-112
1746694444135.781,215979,1746694444116.812,-45,12,-116
1746694444155.656,215959,1746694444136.688,-48,15,-125
1746694444175.531,215975,1746694444156.531,-50,7,-112
1746694444195.5,215988,1746694444176.406,-58,7,-121
1746694444215.25,216009,1746694444196.281,-51,16,-119
1746694444235.094,216030,1746694444216.125,-58,11,-109
1746694444255.0,216069,1746694444235.969,-56,7,-112
1746694444274.812,216133,1746694444255.8442,-53,9,-120
1746694444294.687,216164,1746694444275.719,-58,7,-112
1746694444314.563,216225,1746694444295.563,-53,12,-125
1746694444334.438,216295,1746694444315.469,-64,12,-112
1746694444354.281,216345,1746694444335.281,-52,15,-112
1746694444374.125,216436,1746694444355.187,-61,7,-112
1746694444394.0,216548,1746694444375.0,-49,7,-111
1746694444413.906,216685,1746694444394.906,-48,13,-112
1746694444433.719,216776,1746694444414.781,-55,8,-112
1746694444453.594,216827,1746694444434.625,-53,25,-121
1746694444473.531,216868,1746694444454.469,-50,3,-112
1746694444493.344,216926,1746694444474.531,-49,7,-112
1746694444513.344,216968,1746694444494.25,-68,6,-100
1746694444533.094,216893,1746694444514.219,-64,12,-112
1746694444552.969,216655,1746694444533.969,-60,22,-111
1746694444572.875,216393,1746694444553.844,-63,7,-112
1746694444592.688,216102,1746694444573.75,-47,12,-112
1746694444612.594,215801,1746694444593.594,-60,5,-112
1746694444632.469,215501,1746694444613.469,-50,9,-112
1746694444652.313,215267,1746694444633.344,-48,8,-112
1746694444672.156,215067,1746694444653.156,-57,14,-113
1746694444692.031,214810,1746694444673.094,-61,12,-112
1746694444711.906,214518,1746694444692.906,-52,15,-112
1746694444731.75,214232,1746694444712.9058,-48,7,-121
1746694444751.594,214024,1746694444732.656,-53,16,-117
1746694444771.437,213923,1746694444752.5,-59,19,-112
1746694444791.312,213916,1746694444772.312,-50,12,-112
1746694444811.25,213979,1746694444792.188,-50,14,-125
1746694444831.0,214076,1746694444812.156,-64,12,-127
1746694444850.906,214176,1746694444831.937,-52,15,-115
1746694444870.781,214216,1746694444851.781,-45,17,-121
1746694444890.625,214233,1746694444871.656,-49,15,-125
1746694444910.469,214281,1746694444891.5,-48,12,-117
1746694444930.375,214374,1746694444911.375,-49,9,-125
1746694444950.187,214447,1746694444931.219,-56,7,-132
1746694444970.031,214460,1746694444951.062,-49,6,-125
1746694444989.875,214551,1746694444970.938,-49,9,-121
1746694445009.75,214721,1746694444990.813,-53,12,-125
1746694445029.625,214955,1746694445010.625,-52,9,-112
1746694445049.469,215121,1746694445030.5,-58,9,-125
1746694445069.313,215193,1746694445050.375,-55,12,-121
1746694445089.219,215275,1746694445070.219,-56,11,-112
1746694445109.062,215420,1746694445090.094,-65,11,-112
1746694445128.906,215619,1746694445109.937,-49,7,-109
1746694445148.75,215894,1746694445129.781,-52,7,-112
1746694445168.625,216164,1746694445149.688,-50,12,-104
1746694445188.5,216366,1746694445169.531,-50,23,-121
1746694445208.375,216484,1746694445189.344,-51,15,-112
1746694445228.187,216453,1746694445209.281,-56,9,-112
1746694445248.063,216349,1746694445229.125,-52,12,-100
1746694445267.938,216235,1746694445248.938,-52,12,-112
1746694445287.781,216156,1746694445268.812,-67,28,-112
1746694445307.625,216106,1746694445288.687,-55,8,-121
1746694445327.531,216101,1746694445308.5,-55,7,-116
1746694445347.406,216083,1746694445328.438,-49,6,-100
1746694445367.25,216042,1746694445348.312,-64,14,-110
1746694445387.125,215983,1746694445368.125,-55,9,-112
1746694445406.969,215930,1746694445388.0,-50,12,-117
1746694445426.875,215878,1746694445407.875,-52,12,-121
1746694445446.719,215863,1746694445427.75,-52,15,-112
1746694445466.562,215830,1746694445447.625,-60,14,-121
1746694445486.469,215864,1746694445467.438,-49,12,-112
1746694445506.313,215894,1746694445487.344,-49,19,-125
1746694445526.187,215895,1746694445507.219,-65,15,-121
1746694445546.125,215887,1746694445527.094,-50,12,-109
1746694445565.938,215858,1746694445547.031,-52,12,-109
1746694445585.813,215733,1746694445566.813,-52,8,-112
1746694445605.656,215477,1746694445586.687,-60,11,-110
1746694445625.531,215068,1746694445606.562,-48,7,-114
1746694445645.438,214558,1746694445626.344,-52,7,-117
1746694445665.281,214055,1746694445646.281,-58,12,-111
1746694445685.125,213700,1746694445666.187,-64,16,-112
1746694445705.0,213514,1746694445686.031,-55,9,-112
1746694445724.938,213495,1746694445705.875,-63,15,-112
1746694445744.75,213618,1746694445725.781,-46,5,-84
1746694445764.563,213856,1746694445745.625,-50,11,-112
1746694445784.437,214095,1746694445765.5,-61,8,-112
1746694445804.312,214160,1746694445785.312,-58,16,-128
1746694445824.188,214051,1746694445805.156,-49,15,-120
1746694445844.094,213881,1746694445825.094,-50,12,-125
1746694445863.906,213695,1746694445845.0,-58,16,-112
1746694445883.781,213568,1746694445864.781,-55,15,-111
1746694445903.656,213399,1746694445884.688,-68,15,-111
1746694445923.531,213204,1746694445904.562,-56,12,-115
1746694445943.406,213021,1746694445924.437,-57,9,-111
1746694445963.25,212896,1746694445944.281,-50,3,-112
1746694445983.125,212857,1746694445964.125,-63,0,-112
1746694446002.969,212889,1746694445984.031,-61,10,-110
1746694446022.844,212953,1746694446003.906,-49,12,-112
1746694446042.75,213051,1746694446023.75,-49,15,-124
1746694446062.656,213154,1746694446043.625,-49,17,-121
1746694446082.438,213215,1746694446063.5,-50,3,-116
1746694446102.312,213221,1746694446083.312,-48,12,-112
1746694446122.156,213118,1746694446103.219,-52,12,-121
1746694446142.0,212817,1746694446123.063,-55,7,-113
1746694446161.875,212353,1746694446142.906,-49,12,-125
1746694446181.75,212022,1746694446162.781,-57,24,-114
1746694446201.625,211873,1746694446182.625,-49,9,-109
1746694446221.469,211800,1746694446202.531,-57,7,-112
1746694446241.313,211830,1746694446222.406,-57,6,-112
1746694446261.219,212031,1746694446242.219,-47,3,-111
1746694446281.094,212390,1746694446262.094,-68,6,-111
1746694446300.937,212846,1746694446282.0,-64,12,-112
1746694446320.813,213339,1746694446301.813,-59,20,-116
1746694446340.75,213886,1746694446321.719,-54,22,-115
1746694446360.562,214414,1746694446341.625,-50,32,-121
1746694446380.438,214774,1746694446361.438,-57,15,-114
1746694446400.281,215108,1746694446381.344,-56,16,-121
1746694446420.187,215381,1746694446401.156,-33,11,-112
1746694446440.062,215566,1746694446421.062,-48,10,-112
1746694446459.875,215755,1746694446440.969,-56,7,-109
1746694446479.781,215874,1746694446460.813,-63,14,-109
1746694446499.656,216036,1746694446480.625,-54,8,-112
1746694446519.531,216255,1746694446500.531,-52,9,-112
1746694446539.406,216536,1746694446520.438,-61,3,-112
1746694446559.313,216862,1746694446540.344,-52,9,-121
1746694446579.156,217194,1746694446560.187,-66,12,-112
1746694446599.0,217553,1746694446580.031,-50,16,-112
1746694446618.875,217858,1746694446599.938,-52,11,-121
1746694446638.75,218143,1746694446619.781,-52,11,-125
1746694446658.625,218323,1746694446639.625,-45,14,-112
1746694446678.469,218460,1746694446659.531,-52,7,-112
1746694446698.344,218552,1746694446679.406,-59,8,-121
1746694446718.219,218557,1746694446699.25,-44,22,-121
1746694446738.125,218452,1746694446719.125,-52,3,-114
1746694446757.937,218245,1746694446738.969,-49,9,-116
1746694446777.812,218019,1746694446758.844,-52,6,-100
1746694446797.688,217852,1746694446778.688,-51,11,-112
1746694446817.563,217797,1746694446798.563,-65,9,-112
1746694446837.406,217845,1746694446818.437,-55,9,-112
1746694446857.281,218045,1746694446838.312,-49,6,-112
1746694446877.156,218305,1746694446858.156,-58,7,-113
1746694446897.031,218560,1746694446878.031,-50,9,-114
1746694446916.844,218805,1746694446897.906,-61,14,-112
1746694446936.75,219036,1746694446917.781,-57,10,-113
1746694446956.594,219198,1746694446937.625,-45,12,-112
1746694446976.469,219297,1746694446957.5,-57,12,-121
1746694446996.312,219325,1746694446977.375,-48,15,-112
1746694447016.219,219298,1746694446997.219,-49,12,-112
1746694447036.094,219292,1746694447017.094,-57,9,-121
1746694447055.969,219225,1746694447036.969,-51,9,-112
1746694447075.844,219171,1746694447056.844,-57,15,-112
1746694447095.687,219148,1746694447076.781,-53,9,-112
1746694447115.563,219149,1746694447096.563,-58,7,-120
1746694447135.406,219155,1746694447116.438,-52,12,-112
1746694447155.25,219236,1746694447136.312,-53,12,-121
1746694447175.125,219307,1746694447156.187,-50,15,-104
1746694447195.031,219470,1746694447176.031,-50,15,-112
1746694447214.875,219712,1746694447195.875,-57,39,-120
1746694447234.781,219948,1746694447215.781,-60,11,-112
1746694447254.656,220138,1746694447235.656,-49,15,-112
1746694447274.5,220298,1746694447255.5,-57,12,-109
1746694447294.375,220352,1746694447275.469,-61,17,-112
1746694447314.219,220337,1746694447295.281,-55,18,-112
1746694447334.125,220244,1746694447315.094,-49,9,-127
1746694447353.969,220163,1746694447335.0,-57,8,-112
1746694447373.813,220061,1746694447354.844,-64,12,-112
1746694447393.719,219935,1746694447374.719,-66,7,-112
1746694447413.562,219770,1746694447394.562,-54,14,-112
1746694447433.438,219633,1746694447414.438,-57,13,-125
1746694447453.3132,219577,1746694447434.344,-49,12,-112
1746694447473.312,219599,1746694447454.219,-53,12,-112
1746694447493.031,219734,1746694447474.188,-63,9,-111
1746694447512.906,219881,1746694447493.938,-63,15,-109
1746694447532.75,220011,1746694447513.813,-52,15,-109
1746694447552.625,220113,1746694447533.6558,-65,17,-129
1746694447572.5,220222,1746694447553.5,-49,14,-116
1746694447592.406,220289,1746694447573.375,-49,6,-125
1746694447612.188,220336,1746694447593.25,-60,3,-116
1746694447632.063,220342,1746694447613.125,-47,11,-112
1746694447651.906,220351,1746694447632.937,-46,8,-112
1746694447671.781,220336,1746694447652.812,-55,12,-125
1746694447691.656,220291,1746694447672.656,-49,9,-110
1746694447711.5,220216,1746694447692.563,-63,3,-109
1746694447731.375,220164,1746694447712.375,-49,7,-121
1746694447751.25,220109,1746694447732.25,-49,12,-112
1746694447771.063,219990,1746694447752.125,-47,7,-112
1746694447790.938,219750,1746694447771.969,-50,12,-112
1746694447810.812,219399,1746694447791.812,-49,8,-112
1746694447830.656,219031,1746694447811.687,-52,12,-112
1746694447850.5,218740,1746694447831.531,-49,18,-112
1746694447870.406,218573,1746694447851.438,-50,9,-125
1746694447890.25,218552,1746694447871.312,-44,7,-117
1746694447910.125,218590,1746694447891.125,-63,7,-104
1746694447929.969,218713,1746694447911.0,-62,9,-112
1746694447949.844,218839,1746694447930.875,-65,15,-121
1746694447969.844,218960,1746694447950.688,-56,8,-120
1746694447989.562,219074,1746694447970.719,-63,8,-109
1746694448009.437,219158,1746694447990.469,-52,7,-105
1746694448029.281,219221,1746694448010.344,-52,12,-112
1746694448049.156,219236,1746694448030.188,-58,7,-112
1746694448069.031,219258,1746694448050.062,-50,6,-111
1746694448088.906,219232,1746694448069.937,-49,12,-121
1746694448108.781,219211,1746694448089.813,-61,9,-112
1746694448128.656,219168,1746694448109.656,-50,7,-112
1746694448148.5,219157,1746694448129.562,-58,11,-112
1746694448168.375,219195,1746694448149.437,-64,8,-111
1746694448188.219,219270,1746694448169.25,-65,9,-121
1746694448208.156,219349,1746694448189.125,-61,12,-121
1746694448227.937,219463,1746694448209.062,-56,16,-121
1746694448247.844,219640,1746694448228.812,-48,7,-120
1746694448267.688,219788,1746694448248.688,-49,12,-112
1746694448287.563,219910,1746694448268.594,-58,16,-121
1746694448307.437,220045,1746694448288.469,-50,12,-116
1746694448327.281,220102,1746694448308.344,-52,9,-110
1746694448347.156,220141,1746694448328.156,-57,7,-116
1746694448367.031,220131,1746694448348.0,-56,12,-112
1746694448386.969,220145,1746694448367.906,-61,12,-113
1746694448406.719,220156,1746694448387.781,-49,7,-129
1746694448426.625,220168,1746694448407.625,-49,15,-127
1746694448446.469,220191,1746694448427.5,-57,11,-112
1746694448466.313,220196,1746694448447.375,-47,15,-121
1746694448486.219,220172,1746694448467.219,-57,7,-112
1746694448506.125,220128,1746694448487.125,-52,8,-112
1746694448525.969,220144,1746694448507.0,-50,9,-109
1746694448545.813,220187,1746694448526.844,-48,8,-112
1746694448565.687,220254,1746694448546.719,-57,14,-112
1746694448585.562,220330,1746694448566.531,-48,15,-112
1746694448605.438,220337,1746694448586.469,-65,11,-121
1746694448625.25,220383,1746694448606.313,-52,4,-121
1746694448645.156,220449,1746694448626.156,-55,0,-112
1746694448665.0,220540,1746694448646.031,-58,12,-112
1746694448684.875,220618,1746694448665.875,-49,20,-129
1746694448704.75,220655,1746694448685.75,-49,12,-121
1746694448724.5942,220692,1746694448705.656,-53,12,-112
1746694448744.469,220653,1746694448725.469,-49,7,-112
1746694448764.344,220625,1746694448745.375,-57,10,-112
1746694448784.188,220549,1746694448765.25,-61,23,-112
1746694448804.094,220494,1746694448785.125,-54,20,-133
1746694448823.969,220435,1746694448804.969,-49,11,-112
1746694448843.781,220354,1746694448824.844,-55,7,-113
1746694448863.656,220155,1746694448844.656,-60,11,-116
1746694448883.531,219863,1746694448864.562,-61,9,-112
1746694448903.375,219389,1746694448884.406,-49,12,-112
1746694448923.219,218943,1746694448904.25,-56,7,-112
1746694448943.094,218646,1746694448924.156,-52,12,-114
1746694448962.938,218561,1746694448944.0,-56,3,-112
1746694448982.844,218584,1746694448963.812,-58,17,-112
1746694449002.75,218667,1746694448983.719,-55,16,-121
1746694449022.531,218745,1746694449003.688,-60,12,-125
1746694449042.406,218870,1746694449023.438,-55,6,-100
1746694449062.281,219000,1746694449043.281,-53,12,-112
1746694449082.125,219109,1746694449063.188,-55,8,-125
1746694449102.0,219173,1746694449083.031,-60,8,-112
1746694449121.875,219190,1746694449102.906,-50,8,-121
1746694449141.75,219209,1746694449122.75,-55,5,-121
1746694449161.656,219189,1746694449142.656,-52,12,-121
1746694449181.469,219119,1746694449162.531,-71,23,-116
1746694449201.375,219020,1746694449182.375,-58,19,-111
1746694449221.219,218916,1746694449202.25,-47,9,-112
1746694449241.062,218804,1746694449222.125,-57,12,-121
1746694449260.969,218702,1746694449242.094,-61,12,-112
1746694449280.844,218643,1746694449261.813,-57,7,-104
1746694449300.719,218548,1746694449281.719,-52,9,-111
1746694449320.5618,218503,1746694449301.594,-61,14,-117
1746694449340.469,218469,1746694449321.5,-53,10,-121
1746694449360.313,218465,1746694449341.3442,-56,12,-116
1746694449380.156,218485,1746694449361.156,-49,12,-119
1746694449400.031,218551,1746694449381.062,-64,12,-111
1746694449419.875,218611,1746694449400.938,-31,8,-109
1746694449439.781,218682,1746694449420.75,-63,7,-114
1746694449459.625,218688,1746694449440.625,-52,7,-120
1746694449479.469,218715,1746694449460.5,-63,-1,-121
1746694449499.375,218698,1746694449480.406,-52,9,-112
1746694449519.25,218690,1746694449500.25,-52,14,-121
1746694449539.062,218662,1746694449520.125,-61,7,-104
1746694449559.062,218583,1746694449540.062,-52,15,-111
1746694449578.844,218468,1746694449559.844,-53,8,-127
1746694449598.719,218303,1746694449579.719,-50,16,-121
1746694449618.562,218231,1746694449599.5942,-52,7,-112
1746694449638.406,218229,1746694449619.469,-61,14,-108
1746694449658.313,218229,1746694449639.313,-64,14,-112
1746694449678.156,218290,1746694449659.219,-54,7,-121
1746694449698.031,218398,1746694449679.031,-52,14,-112
1746694449717.906,218485,1746694449698.937,-58,12,-112
1746694449737.875,218589,1746694449718.75,-55,12,-112
1746694449757.625,218733,1746694449738.75,-55,8,-110
1746694449777.469,218846,1746694449758.531,-53,7,-121
1746694449797.375,218928,1746694449778.375,-47,15,-112
1746694449817.219,218925,1746694449798.25,-65,7,-112
1746694449837.094,218812,1746694449818.125,-60,12,-121
1746694449856.9692,218579,1746694449837.969,-60,16,-112
1746694449876.844,218274,1746694449857.844,-52,7,-112
1746694449896.719,218007,1746694449877.719,-57,12,-112
1746694449916.594,217868,1746694449897.563,-52,9,-112
1746694449936.406,217818,1746694449917.469,-64,3,-129
1746694449956.312,217930,1746694449937.344,-52,7,-125
1746694449976.156,218093,1746694449957.156,-58,16,-128
1746694449996.063,218314,1746694449977.031,-63,7,-112
1746694450015.906,218547,1746694449996.938,-57,11,-120
1746694450035.75,218749,1746694450016.781,-48,14,-112
1746694450055.656,218903,1746694450036.656,-58,12,-125
1746694450075.5,219105,1746694450056.531,-49,8,-112
1746694450095.344,219264,1746694450076.437,-47,15,-116
1746694450115.187,219388,1746694450096.25,-56,19,-112
1746694450135.062,219485,1746694450116.094,-59,15,-112
1746694450154.938,219536,1746694450135.938,-48,14,-112
1746694450174.781,219580,1746694450155.813,-52,11,-116
1746694450194.656,219612,1746694450175.687,-47,10,-112
1746694450214.5,219655,1746694450195.531,-52,16,-121
1746694450234.375,219757,1746694450215.375,-53,9,-112
1746694450254.188,219829,1746694450235.25,-57,7,-112
1746694450274.063,219981,1746694450255.125,-60,22,-107
1746694450293.937,220184,1746694450274.937,-64,15,-127
1746694450313.781,220349,1746694450294.812,-52,9,-109
1746694450333.656,220506,1746694450314.688,-54,6,-104
1746694450353.5,220646,1746694450334.563,-49,7,-112
1746694450373.375,220798,1746694450354.406,-49,12,-121
1746694450393.219,220940,1746694450374.375,-49,6,-112
1746694450413.094,221110,1746694450394.125,-58,11,-112
1746694450432.938,221198,1746694450413.969,-52,8,-112
1746694450452.812,221250,1746694450433.812,-56,14,-112
1746694450472.75,221337,1746694450453.687,-60,8,-112
1746694450492.5,221482,1746694450473.625,-54,8,-112
1746694450512.375,221689,1746694450493.406,-49,12,-112
1746694450532.25,221985,1746694450513.25,-56,8,-112
1746694450552.062,222328,1746694450533.125,-65,4,-112
1746694450571.937,222660,1746694450552.969,-49,8,-113
1746694450591.844,222964,1746694450572.844,-50,9,-112
1746694450611.688,223201,1746694450592.688,-48,7,-112
1746694450631.5,223412,1746694450612.562,-52,12,-112
1746694450651.375,223560,1746694450632.406,-48,14,-112
1746694450671.25,223725,1746694450652.281,-57,14,-128
1746694450691.125,223827,1746694450672.156,-48,13,-115
1746694450710.938,223913,1746694450692.0,-60,11,-112
1746694450730.812,223969,1746694450711.875,-49,12,-112
1746694450750.688,224023,1746694450731.719,-49,7,-109
1746694450770.531,224063,1746694450751.563,-64,11,-112
1746694450790.406,224054,1746694450771.437,-52,7,-112
1746694450810.25,224060,1746694450791.312,-56,11,-112
1746694450830.125,224067,1746694450811.156,-64,11,-111
1746694450850.0,224022,1746694450831.0,-49,18,-112
1746694450869.875,223922,1746694450850.875,-55,7,-111
1746694450889.687,223687,1746694450870.781,-68,8,-111
1746694450909.562,223296,1746694450890.625,-54,12,-116
1746694450929.4382,222846,1746694450910.469,-60,11,-121
1746694450949.25,222454,1746694450930.344,-50,28,-116
1746694450969.125,222164,1746694450950.187,-52,8,-112
1746694450988.969,221983,1746694450970.031,-53,12,-109
1746694451008.844,221878,1746694450989.844,-49,7,-99
1746694451028.688,221890,1746694451009.7808,-50,14,-112
1746694451048.531,222000,1746694451029.594,-44,12,-109
1746694451068.406,222085,1746694451049.469,-60,11,-121
1746694451088.281,222174,1746694451069.281,-49,12,-112
1746694451108.156,222274,1746694451089.156,-61,16,-114
1746694451127.969,222388,1746694451109.062,-50,8,-112
1746694451147.844,222508,1746694451128.875,-60,7,-112
1746694451167.687,222591,1746694451148.75,-53,6,-113
1746694451187.563,222632,1746694451168.531,-52,11,-120
1746694451207.438,222589,1746694451188.469,-49,12,-121
1746694451227.312,222547,1746694451208.312,-64,15,-110
1746694451247.219,222505,1746694451228.219,-50,7,-121
1746694451267.031,222471,1746694451248.094,-57,12,-112
1746694451286.938,222440,1746694451267.969,-53,15,-112
1746694451306.812,222439,1746694451287.812,-52,7,-113
1746694451326.719,222492,1746694451307.687,-42,9,-112
1746694451346.5,222560,1746694451327.563,-50,7,-122
1746694451366.375,222615,1746694451347.406,-47,14,-125
1746694451386.25,222705,1746694451367.281,-51,7,-121
1746694451406.125,222749,1746694451387.125,-52,2,-125
1746694451425.937,222791,1746694451407.0,-57,4,-125
1746694451445.813,222837,1746694451426.906,-58,15,-121
1746694451465.719,222852,1746694451446.719,-48,14,-112
1746694451485.594,222879,1746694451466.594,-57,9,-112
1746694451505.469,222934,1746694451486.5,-55,7,-112
1746694451525.313,223014,1746694451506.438,-60,4,-112
1746694451545.219,223108,1746694451526.219,-57,8,-112
1746694451565.062,223129,1746694451546.062,-50,6,-112
1746694451584.906,223120,1746694451565.938,-61,15,-117
1746694451604.781,223025,1746694451585.813,-60,12,-125
1746694451624.687,222921,1746694451605.656,-56,11,-112
1746694451644.531,222820,1746694451625.531,-48,9,-112
1746694451664.375,222778,1746694451645.406,-61,10,-112
1746694451684.219,222800,1746694451665.281,-50,16,-112
1746694451704.094,222846,1746694451685.0942,-55,16,-112
1746694451723.937,222924,1746694451705.0,-52,12,-121
1746694451743.812,222992,1746694451724.844,-53,22,-119
1746694451763.688,223113,1746694451744.719,-63,9,-112
1746694451783.531,223224,1746694451764.563,-62,16,-98
1746694451803.406,223282,1746694451784.437,-58,8,-106
1746694451823.281,223346,1746694451804.312,-49,8,-112
1746694451843.125,223366,1746694451824.188,-52,14,-121
1746694451863.0,223391,1746694451844.094,-50,9,-112
1746694451882.844,223396,1746694451863.875,-49,8,-112
1746694451902.687,223373,1746694451883.75,-52,8,-112
1746694451922.594,223351,1746694451903.625,-47,14,-112
1746694451942.5,223209,1746694451923.469,-47,15,-122
1746694451962.281,222939,1746694451943.375,-52,12,-112
1746694451982.187,222558,1746694451963.187,-63,6,-125
1746694452002.031,222154,1746694451983.063,-55,9,-112
1746694452021.938,221706,1746694452002.938,-55,8,-119
1746694452041.75,221236,1746694452022.812,-52,15,-116
1746694452061.625,220804,1746694452042.687,-48,12,-112
1746694452081.5,220501,1746694452062.5,-61,22,-120
1746694452101.375,220295,1746694452082.375,-53,12,-112
1746694452121.25,220238,1746694452102.281,-58,9,-112
1746694452141.062,220288,1746694452122.125,-60,7,-116
1746694452160.937,220368,1746694452141.937,-56,10,-112
1746694452180.813,220429,1746694452161.813,-53,14,-112
1746694452200.656,220576,1746694452181.688,-63,8,-121
1746694452220.531,220738,1746694452201.531,-52,3,-104
1746694452240.375,220922,1746694452221.406,-50,12,-112
1746694452260.25,221012,1746694452241.25,-53,11,-122
1746694452280.094,221019,1746694452261.156,-49,12,-121
1746694452299.969,221035,1746694452281.031,-57,8,-127
1746694452319.844,220960,1746694452300.844,-64,14,-112
1746694452339.719,220831,1746694452320.75,-49,14,-121
1746694452359.5632,220683,1746694452340.625,-52,11,-122
1746694452379.437,220569,1746694452360.469,-61,12,-125
1746694452399.312,220504,1746694452380.312,-51,15,-120
1746694452419.188,220526,1746694452400.188,-48,16,-125
1746694452439.031,220562,1746694452420.094,-56,12,-113
1746694452458.906,220608,1746694452439.937,-48,12,-112
1746694452478.781,220684,1746694452459.781,-55,3,-113
1746694452498.656,220759,1746694452479.688,-52,7,-113
1746694452518.5,220868,1746694452499.531,-40,6,-112
1746694452538.375,220983,1746694452519.406,-61,14,-122
1746694452558.25,221100,1746694452539.281,-50,7,-112
1746694452578.125,221170,1746694452559.125,-52,12,-121
1746694452597.969,221290,1746694452579.0,-58,9,-111
1746694452617.844,221362,1746694452598.875,-49,10,-113
1746694452637.719,221517,1746694452618.75,-55,14,-112
1746694452657.562,221679,1746694452638.594,-52,11,-114
1746694452677.438,221785,1746694452658.469,-53,12,-112
1746694452697.2808,221789,1746694452678.375,-56,13,-121
1746694452717.187,221654,1746694452698.187,-53,22,-112
1746694452737.062,221464,1746694452718.062,-55,15,-111
1746694452756.875,221390,1746694452737.969,-48,12,-112
1746694452776.844,221556,1746694452757.812,-49,13,-114
1746694452796.625,221931,1746694452777.75,-50,11,-112
1746694452816.469,222352,1746694452797.5,-49,4,-112
1746694452836.438,222699,1746694452817.375,-53,7,-112
1746694452856.219,222958,1746694452837.312,-64,7,-112
1746694452876.094,223081,1746694452857.094,-50,19,-112
1746694452895.937,222913,1746694452876.969,-61,15,-112
1746694452915.813,222651,1746694452896.875,-48,15,-123
1746694452935.688,222561,1746694452916.656,-53,19,-115
1746694452955.5308,222753,1746694452936.562,-66,14,-104
1746694452975.375,223060,1746694452956.406,-50,8,-111
1746694452995.25,223373,1746694452976.3132,-56,16,-121
1746694453015.125,223583,1746694452996.125,-47,11,-120
1746694453035.0,223731,1746694453016.0,-49,12,-125
1746694453054.844,223808,1746694453035.844,-50,12,-120
1746694453074.781,223689,1746694453055.781,-57,9,-112
1746694453094.563,223267,1746694453075.688,-50,17,-121
1746694453114.469,222638,1746694453095.469,-49,12,-109
1746694453134.312,221982,1746694453115.312,-58,11,-112
1746694453154.156,221368,1746694453135.219,-48,10,-121
1746694453174.031,220860,1746694453155.031,-49,9,-114
1746694453193.875,220520,1746694453174.906,-60,14,-112
1746694453213.719,220320,1746694453194.781,-56,3,-112
1746694453233.594,220272,1746694453214.625,-57,9,-111
1746694453253.438,220305,1746694453234.469,-58,7,-112
1746694453273.281,220366,1746694453254.313,-48,12,-129
1746694453293.156,220458,1746694453274.187,-61,15,-121
1746694453313.0,220522,1746694453294.062,-52,12,-112
1746694453332.844,220491,1746694453313.906,-64,15,-116
1746694453352.75,220440,1746694453333.75,-58,15,-112
1746694453372.563,220397,1746694453353.625,-50,9,-112
1746694453392.437,220401,1746694453373.469,-55,15,-112
1746694453412.312,220413,1746694453393.312,-55,12,-125
1746694453432.156,220379,1746694453413.188,-48,10,-112
1746694453452.0,220258,1746694453433.031,-47,12,-121
1746694453471.969,220091,1746694453452.9368,-52,15,-112
1746694453491.719,219940,1746694453472.906,-60,14,-117
1746694453511.594,219872,1746694453492.594,-52,14,-116
1746694453531.4382,219883,1746694453512.469,-56,12,-112
1746694453551.312,219870,1746694453532.375,-50,19,-121
1746694453571.187,219846,1746694453552.187,-53,9,-112
1746694453591.031,219815,1746694453572.031,-49,11,-112
1746694453610.875,219822,1746694453591.938,-55,7,-109
1746694453630.781,219866,1746694453611.844,-61,12,-113
1746694453650.625,219891,1746694453631.656,-55,16,-112
1746694453670.531,219912,1746694453651.531,-49,12,-121
1746694453690.375,219896,1746694453671.406,-63,9,-112
1746694453710.219,219854,1746694453691.312,-61,9,-113
1746694453730.125,219824,1746694453711.125,-49,12,-122
1746694453750.0,219786,1746694453731.0,-52,14,-112
1746694453769.844,219745,1746694453750.906,-48,16,-120
1746694453789.719,219725,1746694453770.75,-65,12,-112
1746694453809.656,219685,1746694453790.594,-57,11,-112
1746694453829.406,219696,1746694453810.563,-56,12,-112
1746694453849.313,219685,1746694453830.344,-52,11,-114
1746694453869.188,219637,1746694453850.25,-44,14,-117
1746694453889.062,219618,1746694453870.094,-57,15,-112
1746694453908.937,219651,1746694453889.937,-55,4,-113
1746694453928.813,219716,1746694453909.844,-48,8,-112
1746694453948.688,219766,1746694453929.688,-55,33,-125
1746694453968.5618,219844,1746694453949.562,-56,14,-112
1746694453988.437,219901,1746694453969.438,-47,16,-112
1746694454008.25,220028,1746694453989.313,-63,7,-84
1746694454028.125,220151,1746694454009.125,-50,14,-112
1746694454047.969,220181,1746694454029.031,-50,15,-121
1746694454067.812,220236,1746694454048.844,-56,15,-125
1746694454087.688,220234,1746694454068.719,-57,14,-112
1746694454107.531,220198,1746694454088.563,-48,13,-112
1746694454127.437,220093,1746694454108.437,-52,12,-121
1746694454147.25,219859,1746694454128.281,-45,12,-112
1746694454167.125,219507,1746694454148.1882,-50,14,-113
1746694454187.0,219115,1746694454168.031,-52,8,-115
1746694454206.875,218775,1746694454187.906,-56,17,-121
1746694454226.719,218650,1746694454207.781,-47,14,-129
1746694454246.594,218598,1746694454227.625,-57,8,-125
1746694454266.469,218649,1746694454247.469,-60,14,-112
1746694454286.344,218701,1746694454267.344,-48,11,-125
1746694454306.187,218747,1746694454287.219,-58,14,-112
1746694454326.031,218795,1746694454307.094,-48,12,-112
1746694454345.906,218811,1746694454326.906,-50,1,-125
1746694454365.813,218811,1746694454346.781,-61,10,-112
1746694454385.656,218819,1746694454366.687,-46,28,-121
1746694454405.5,218772,1746694454386.563,-57,12,-122
1746694454425.406,218700,1746694454406.375,-57,11,-112
1746694454445.25,218654,1746694454426.25,-52,4,-112
1746694454465.125,218551,1746694454446.125,-58,7,-112
1746694454484.969,218437,1746694454466.0,-46,12,-112
1746694454504.844,218344,1746694454485.875,-52,15,-112
1746694454524.719,218278,1746694454505.719,-41,14,-104
1746694454544.594,218268,1746694454525.625,-65,11,-112
1746694454564.469,218330,1746694454545.5,-61,6,-112
1746694454584.313,218486,1746694454565.344,-50,8,-111
1746694454604.25,218701,1746694454585.219,-61,9,-109
1746694454624.031,218881,1746694454605.125,-52,11,-112
1746694454643.937,219063,1746694454624.969,-52,15,-114
1746694454663.8132,219265,1746694454644.844,-52,7,-113
1746694454683.656,219460,1746694454664.719,-58,16,-127
1746694454703.531,219646,1746694454684.562,-57,15,-112
1746694454723.375,219800,1746694454704.406,-48,7,-112
1746694454743.281,219940,1746694454724.281,-52,27,-115
1746694454763.094,220059,1746694454744.1558,-61,9,-111
1746694454783.0,220152,1746694454764.031,-49,11,-120
1746694454802.875,220273,1746694454783.875,-52,12,-114
1746694454822.719,220373,1746694454803.75,-50,8,-112
1746694454842.594,220501,1746694454823.625,-52,9,-109
1746694454862.469,220608,1746694454843.594,-63,14,-112
1746694454882.344,220694,1746694454863.344,-56,16,-121
1746694454902.219,220790,1746694454883.25,-52,12,-110
1746694454922.094,220899,1746694454903.125,-55,12,-121
1746694454941.969,220998,1746694454923.0,-49,15,-112
1746694454961.844,221081,1746694454942.875,-57,14,-121
1746694454981.719,221203,1746694454962.688,-47,18,-121
1746694455001.625,221317,1746694454982.594,-48,17,-112
1746694455021.437,221419,1746694455002.531,-48,11,-121
1746694455041.312,221498,1746694455022.312,-45,8,-122
1746694455061.156,221508,1746694455042.188,-52,8,-112
1746694455081.0,221440,1746694455062.031,-61,21,-112
1746694455100.875,221215,1746694455081.937,-50,11,-109
1746694455120.781,220849,1746694455101.781,-57,12,-110
1746694455140.594,220437,1746694455121.625,-52,3,-114
1746694455160.438,220086,1746694455141.469,-61,9,-121
1746694455180.281,219878,1746694455161.375,-55,12,-112
1746694455200.156,219800,1746694455181.156,-53,13,-112
1746694455220.031,219877,1746694455201.062,-49,14,-121
1746694455239.906,220070,1746694455220.906,-60,7,-112
1746694455259.719,220327,1746694455240.813,-57,12,-112
1746694455279.594,220519,1746694455260.594,-49,12,-112
1746694455299.469,220657,1746694455280.469,-48,15,-121
1746694455319.281,220773,1746694455300.344,-52,12,-112
1746694455339.156,220854,1746694455320.188,-56,11,-112
1746694455359.0,220894,1746694455340.0,-56,12,-112
1746694455378.906,220847,1746694455359.906,-49,12,-113
1746694455398.75,220758,1746694455379.781,-61,15,-112
1746694455418.625,220627,1746694455399.625,-48,16,-104
1746694455438.531,220479,1746694455419.531,-51,7,-116
1746694455458.469,220344,1746694455439.406,-56,7,-112
1746694455478.25,220219,1746694455459.281,-58,7,-117
1746694455498.125,220145,1746694455479.156,-47,7,-112
1746694455518.0,220155,1746694455499.0,-61,0,-125
1746694455537.844,220225,1746694455518.906,-64,14,-125
1746694455557.719,220311,1746694455538.75,-50,12,-121
1746694455577.594,220399,1746694455558.594,-56,7,-114
1746694455597.469,220530,1746694455578.5,-48,12,-122
1746694455617.312,220645,1746694455598.344,-49,7,-112
1746694455637.187,220722,1746694455618.219,-61,12,-125
1746694455657.094,220780,1746694455638.125,-56,14,-111
1746694455676.969,220876,1746694455657.969,-49,11,-113
1746694455696.812,220936,1746694455677.844,-61,12,-125
1746694455716.687,221057,1746694455697.719,-57,14,-112
1746694455736.563,221101,1746694455717.594,-52,11,-111
1746694455756.438,221158,1746694455737.469,-58,12,-113
1746694455776.312,221220,1746694455757.312,-50,14,-112
1746694455796.187,221289,1746694455777.219,-60,11,-112
1746694455816.094,221377,1746694455797.0632,-48,14,-112
1746694455835.938,221412,1746694455816.969,-52,12,-112
1746694455855.906,221497,1746694455836.844,-45,8,-112
1746694455875.688,221553,1746694455856.719,-49,7,-113
1746694455895.563,221605,1746694455876.531,-45,7,-112
1746694455915.375,221666,1746694455896.437,-48,12,-129
1746694455935.281,221768,1746694455916.312,-49,9,-127
1746694455955.156,221879,1746694455936.188,-49,7,-109
1746694455975.031,221970,1746694455956.031,-59,9,-112
1746694455994.875,222040,1746694455975.937,-47,15,-112
1746694456014.75,222102,1746694455995.812,-58,9,-121
1746694456034.625,222172,1746694456015.656,-64,12,-109
1746694456054.5,222167,1746694456035.531,-48,12,-112
1746694456074.344,222055,1746694456055.375,-50,12,-112
1746694456094.187,221767,1746694456075.25,-60,14,-114
1746694456114.094,221367,1746694456095.094,-52,20,-121
1746694456133.969,220937,1746694456115.0,-49,14,-121
1746694456153.8442,220660,1746694456134.844,-49,11,-113
1746694456173.687,220529,1746694456154.687,-56,8,-116
1746694456193.531,220525,1746694456174.531,-53,9,-104
1746694456213.406,220640,1746694456194.438,-42,15,-105
1746694456233.25,220812,1746694456214.281,-52,8,-112
1746694456253.094,220950,1746694456234.156,-60,14,-125
1746694456272.937,221045,1746694456253.969,-57,5,-128
1746694456292.844,221100,1746694456273.844,-56,15,-112
1746694456312.656,221159,1746694456293.719,-44,13,-123
1746694456332.531,221240,1746694456313.531,-52,12,-116
1746694456352.406,221299,1746694456333.406,-63,15,-112
1746694456372.25,221303,1746694456353.313,-50,12,-112
1746694456392.094,221233,1746694456373.125,-61,8,-112
1746694456411.938,221183,1746694456393.0,-52,12,-112
1746694456431.812,221079,1746694456412.844,-49,10,-124
1746694456451.687,220971,1746694456432.719,-57,11,-125
1746694456471.656,220923,1746694456452.563,-50,8,-121
1746694456491.375,220937,1746694456472.562,-63,12,-112
1746694456511.25,221020,1746694456492.25,-58,7,-112
1746694456531.125,221122,1746694456512.125,-56,12,-112
1746694456550.969,221207,1746694456532.0,-61,8,-112
1746694456570.813,221275,1746694456551.875,-52,15,-114
1746694456590.781,221377,1746694456571.719,-50,14,-121
1746694456610.562,221471,1746694456591.562,-57,7,-113
1746694456630.406,221528,1746694456611.438,-56,11,-112
1746694456650.25,221627,1746694456631.313,-49,11,-121
1746694456670.125,221725,1746694456651.094,-50,14,-128
1746694456690.0,221820,1746694456671.0,-50,15,-112
1746694456709.812,221901,1746694456690.875,-49,15,-122
1746694456729.688,221956,1746694456710.75,-57,16,-111
1746694456749.594,221967,1746694456730.563,-57,12,-121
1746694456769.437,221977,1746694456750.5,-49,12,-113
1746694456789.281,222020,1746694456770.312,-57,8,-121
1746694456809.125,222074,1746694456790.188,-60,7,-121
1746694456829.0,222169,1746694456810.0,-50,7,-125
1746694456848.906,222286,1746694456829.906,-61,15,-112
1746694456868.781,222395,1746694456849.75,-52,11,-119
1746694456888.625,222502,1746694456869.813,-49,14,-112
1746694456908.625,222619,1746694456889.5,-64,11,-104
1746694456928.344,222743,1746694456909.531,-61,12,-113
1746694456948.187,222861,1746694456929.25,-57,24,-122
1746694456968.031,222994,1746694456949.094,-61,14,-112
1746694456987.906,223109,1746694456968.906,-47,13,-112
1746694457007.781,223202,1746694456988.781,-48,13,-108
1746694457027.625,223285,1746694457008.719,-61,8,-111
1746694457047.5,223294,1746694457028.531,-49,7,-107
1746694457067.344,223185,1746694457048.344,-57,7,-112
1746694457087.219,222968,1746694457068.25,-56,11,-111
1746694457107.094,222597,1746694457088.156,-61,7,-113
1746694457126.969,222123,1746694457108.0,-64,9,-112
1746694457146.844,221666,1746694457127.875,-52,12,-122
1746694457166.688,221373,1746694457147.719,-59,12,-112
1746694457186.625,221252,1746694457167.594,-65,10,-112
1746694457206.531,221278,1746694457187.5,-52,7,-116
1746694457226.375,221330,1746694457207.406,-55,9,-112
1746694457246.219,221386,1746694457227.25,-53,8,-122
1746694457266.094,221429,1746694457247.156,-50,8,-112
1746694457285.937,221457,1746694457266.969,-49,12,-112
1746694457305.844,221489,1746694457286.844,-56,14,-116
1746694457325.656,221550,1746694457306.719,-49,12,-112
1746694457345.562,221587,1746694457326.594,-57,0,-121
1746694457365.469,221564,1746694457346.437,-63,11,-121
1746694457385.344,221475,1746694457366.344,-64,14,-112
1746694457405.156,221363,1746694457386.188,-58,3,-120
1746694457425.031,221279,1746694457406.156,-45,8,-121
1746694457444.906,221164,1746694457425.906,-48,9,-123
1746694457464.813,221038,1746694457445.813,-61,12,-121
1746694457484.656,220982,1746694457465.688,-52,8,-104
1746694457504.531,220999,1746694457485.562,-57,4,-112
1746694457524.437,221071,1746694457505.406,-49,7,-112
1746694457544.281,221133,1746694457525.281,-45,11,-112
1746694457564.156,221203,1746694457545.187,-60,12,-112
1746694457584.062,221327,1746694457565.094,-53,12,-121
1746694457603.969,221400,1746694457584.906,-55,15,-112
1746694457623.781,221460,1746694457604.844,-52,14,-112
1746694457643.656,221565,1746694457624.687,-64,7,-112
1746694457663.531,221667,1746694457644.531,-52,13,-112
1746694457683.406,221771,1746694457664.438,-29,12,-113
1746694457703.25,221866,1746694457684.313,-40,14,-100
1746694457723.156,221923,1746694457704.187,-49,12,-112
1746694457743.031,222006,1746694457724.0,-65,23,-112
1746694457762.906,222045,1746694457743.906,-64,9,-112
1746694457782.75,222067,1746694457763.781,-49,14,-112
1746694457802.625,222103,1746694457783.625,-48,3,-113
1746694457822.5,222195,1746694457803.562,-49,11,-125
1746694457842.375,222250,1746694457823.375,-60,9,-125
1746694457862.219,222256,1746694457843.25,-58,13,-117
1746694457882.125,222259,1746694457863.125,-61,11,-112
1746694457902.0,222327,1746694457883.0,-47,7,-109
1746694457921.844,222389,1746694457902.875,-60,12,-112
1746694457941.688,222531,1746694457922.719,-57,9,-109
1746694457961.531,222622,1746694457942.625,-50,8,-112
1746694457981.437,222715,1746694457962.437,-60,12,-113
1746694458001.375,222714,1746694457982.281,-55,9,-112
1746694458021.125,222596,1746694458002.281,-56,12,-125
1746694458041.0,222362,1746694458022.031,-49,7,-112
1746694458060.906,222023,1746694458041.906,-57,7,-109
1746694458080.719,221574,1746694458061.781,-65,8,-112
1746694458100.594,221155,1746694458081.625,-59,12,-117
1746694458120.5,220900,1746694458101.5,-52,12,-112
1746694458140.344,220811,1746694458121.344,-64,7,-104
1746694458160.156,220814,1746694458141.219,-49,8,-112
1746694458180.063,220971,1746694458161.063,-58,12,-120
1746694458199.938,221134,1746694458180.969,-57,8,-129
1746694458219.812,221299,1746694458200.812,-49,12,-112
1746694458239.656,221463,1746694458220.687,-55,12,-125
1746694458259.5,221585,1746694458240.563,-57,14,-127
1746694458279.406,221660,1746694458260.406,-52,14,-112
1746694458299.25,221723,1746694458280.281,-55,12,-112
1746694458319.094,221730,1746694458300.219,-53,8,-112
1746694458338.969,221680,1746694458319.969,-58,4,-112
1746694458358.844,221577,1746694458339.844,-57,9,-112
1746694458378.719,221458,1746694458359.719,-50,8,-112
1746694458398.562,221340,1746694458379.594,-57,12,-112
1746694458418.437,221253,1746694458399.469,-52,6,-121
1746694458438.313,221250,1746694458419.281,-47,15,-104
1746694458458.188,221323,1746694458439.188,-61,9,-112
1746694458478.031,221422,1746694458459.094,-56,25,-122
1746694458497.906,221509,1746694458478.906,-49,12,-125
1746694458517.75,221593,1746694458498.781,-57,12,-112
1746694458537.625,221692,1746694458518.656,-49,20,-121
1746694458557.5,221840,1746694458538.531,-57,11,-121
1746694458577.344,221937,1746694458558.406,-57,12,-111
1746694458597.219,222052,1746694458578.219,-48,11,-112
1746694458617.094,222164,1746694458598.125,-49,14,-121
1746694458636.906,222274,1746694458617.969,-77,20,-104
1746694458656.781,222380,1746694458637.906,-57,12,-111
1746694458676.656,222445,1746694458657.625,-53,15,-108
1746694458696.531,222499,1746694458677.563,-50,12,-113
1746694458716.375,222516,1746694458697.406,-52,10,-112
1746694458736.25,222559,1746694458717.312,-57,12,-117
1746694458756.094,222587,1746694458737.156,-60,15,-121
1746694458775.969,222601,1746694458756.969,-64,9,-112
1746694458795.813,222572,1746694458776.844,-58,12,-125
1746694458815.656,222584,1746694458796.75,-17,9,-121
1746694458835.562,222609,1746694458816.562,-50,9,-116
1746694458855.438,222660,1746694458836.469,-52,7,-121
1746694458875.281,222715,1746694458856.344,-65,37,-112
1746694458895.156,222782,1746694458876.156,-52,7,-121
1746694458915.062,222851,1746694458896.031,-56,11,-112
1746694458934.875,222924,1746694458915.875,-52,7,-114
1746694458954.75,223018,1746694458935.781,-63,9,-112
1746694458974.5942,223101,1746694458955.656,-52,12,-112
1746694458994.469,223099,1746694458975.469,-52,4,-121
1746694459014.344,222999,1746694458995.344,-60,9,-112
1746694459034.219,222771,1746694459015.25,-61,13,-121
1746694459054.094,222397,1746694459035.156,-50,19,-121
1746694459073.969,221944,1746694459054.969,-50,7,-112
1746694459093.813,221591,1746694459074.813,-51,13,-120
1746694459113.688,221362,1746694459094.719,-61,1,-112
1746694459133.562,221259,1746694459114.562,-61,12,-112
1746694459153.437,221300,1746694459134.437,-55,10,-122
1746694459173.281,221432,1746694459154.281,-52,1,-116
1746694459193.156,221616,1746694459174.219,-51,12,-113
1746694459213.0,221788,1746694459194.062,-65,12,-109
1746694459232.875,221937,1746694459213.875,-52,15,-113
1746694459252.781,222048,1746694459233.781,-50,11,-113
1746694459272.563,222130,1746694459253.656,-52,3,-112
1746694459292.438,222177,1746694459273.438,-50,15,-120
1746694459312.281,222166,1746694459293.344,-52,17,-112
1746694459332.125,222096,1746694459313.188,-48,15,-120
1746694459352.0,221999,1746694459333.031,-55,11,-112
1746694459371.844,221910,1746694459352.906,-52,6,-112
1746694459391.75,221784,1746694459372.75,-52,9,-112
1746694459411.562,221721,1746694459392.656,-52,12,-121
1746694459431.438,221709,1746694459412.5,-53,7,-121
1746694459451.313,221760,1746694459432.313,-58,6,-121
1746694459471.187,221847,1746694459452.156,-53,12,-112
1746694459491.0,221916,1746694459472.062,-49,7,-112
1746694459510.906,221982,1746694459491.906,-60,24,-112
1746694459530.813,222027,1746694459511.781,-55,17,-121
1746694459550.625,222086,1746694459531.687,-56,8,-112
1746694459570.469,222127,1746694459551.469,-57,15,-114
1746694459590.344,222202,1746694459571.375,-58,9,-125
1746694459610.188,222306,1746694459591.219,-49,31,-125
1746694459630.094,222385,1746694459611.094,-60,7,-121
1746694459649.937,222440,1746694459630.969,-52,12,-112
1746694459669.781,222489,1746694459650.844,-50,7,-106
1746694459689.688,222561,1746694459670.719,-48,4,-124
1746694459709.531,222618,1746694459690.531,-58,7,-112
1746694459729.375,222684,1746694459710.437,-61,14,-121
1746694459749.281,222721,1746694459730.313,-60,15,-121
1746694459769.125,222745,1746694459750.125,-53,15,-104
1746694459789.062,222774,1746694459770.0,-71,10,-121
1746694459808.906,222880,1746694459789.969,-63,12,-112
1746694459828.75,222939,1746694459809.781,-52,11,-112
1746694459848.625,222962,1746694459829.563,-57,7,-104
1746694459868.469,223005,1746694459849.531,-55,14,-112
1746694459888.344,223067,1746694459869.406,-57,12,-121
1746694459908.219,223199,1746694459889.25,-47,14,-109
1746694459928.094,223301,1746694459909.094,-61,12,-112
1746694459947.906,223375,1746694459928.969,-52,12,-112
1746694459967.812,223479,1746694459948.844,-61,14,-106
1746694459987.687,223588,1746694459968.687,-54,4,-112
1746694460007.5632,223664,1746694459988.531,-61,19,-112
1746694460027.406,223757,1746694460008.438,-60,7,-112
1746694460047.281,223818,1746694460028.312,-49,11,-111
1746694460067.187,223895,1746694460048.156,-58,3,-112
1746694460087.063,223903,1746694460068.063,-60,7,-112
1746694460106.875,223865,1746694460087.938,-56,12,-111
1746694460126.781,223658,1746694460107.781,-61,13,-125
1746694460146.656,223307,1746694460127.656,-63,15,-125
1746694460166.531,222830,1746694460147.531,-49,12,-112
1746694460186.375,222326,1746694460167.438,-58,7,-113
1746694460206.25,221974,1746694460187.281,-48,12,-112
1746694460226.094,221783,1746694460207.125,-57,12,-112
1746694460246.0,221732,1746694460227.0,-63,12,-109
1746694460265.8132,221822,1746694460246.875,-52,9,-111
1746694460285.687,221961,1746694460266.75,-61,11,-121
1746694460305.594,222081,1746694460286.594,-48,7,-114
1746694460325.469,222251,1746694460306.469,-57,4,-125
1746694460345.313,222343,1746694460326.344,-65,13,-119
1746694460365.187,222416,1746694460346.219,-58,11,-117
1746694460385.094,222479,1746694460366.062,-47,15,-112
1746694460404.938,222496,1746694460385.938,-52,7,-104
1746694460424.781,222455,1746694460405.813,-50,12,-112
1746694460444.656,222344,1746694460425.687,-56,14,-112
1746694460464.531,222201,1746694460445.5618,-48,0,-113
1746694460484.375,222068,1746694460465.406,-57,9,-112
1746694460504.219,221965,1746694460485.281,-49,15,-112
1746694460524.094,221900,1746694460505.156,-61,15,-116
1746694460544.0,221882,1746694460524.969,-52,9,-112
1746694460563.812,221926,1746694460544.875,-49,11,-125
1746694460583.688,221964,1746694460564.75,-58,14,-121
1746694460603.5308,222030,1746694460584.594,-50,9,-112
1746694460623.406,222093,1746694460604.437,-58,7,-110
1746694460643.219,222187,1746694460624.281,-49,14,-112
1746694460663.188,222270,1746694460644.125,-53,11,-112
1746694460683.063,222332,1746694460664.062,-52,12,-112
1746694460702.844,222387,1746694460683.875,-56,14,-106
1746694460722.719,222396,1746694460703.75,-52,12,-111
1746694460742.563,222403,1746694460723.625,-57,18,-112
1746694460762.438,222448,1746694460743.469,-49,8,-112
1746694460782.281,222511,1746694460763.312,-47,14,-112
1746694460802.125,222530,1746694460783.187,-57,22,-127
1746694460822.0,222575,1746694460803.031,-47,15,-112
1746694460841.875,222614,1746694460822.906,-52,11,-112
1746694460861.719,222661,1746694460842.719,-50,7,-113
1746694460881.562,222717,1746694460862.625,-60,7,-121
1746694460901.437,222751,1746694460882.469,-58,12,-106
1746694460921.313,222805,1746694460902.344,-61,12,-112
1746694460941.188,222827,1746694460922.156,-49,15,-112
1746694460961.0,222924,1746694460942.062,-58,17,-112
1746694460980.875,223030,1746694460961.906,-49,11,-109
1746694461000.75,223113,1746694460981.75,-61,12,-112
1746694461020.594,223193,1746694461001.656,-52,14,-116
1746694461040.469,223261,1746694461021.5,-61,7,-112
1746694461060.344,223373,1746694461041.375,-48,9,-112
1746694461080.188,223469,1746694461061.219,-50,7,-109
1746694461100.063,223509,1746694461081.063,-56,8,-121
1746694461119.937,223558,1746694461100.937,-47,12,-113
1746694461139.781,223643,1746694461120.812,-64,7,-116
1746694461159.656,223742,1746694461140.656,-47,9,-114
1746694461179.531,223830,1746694461160.531,-60,7,-112
1746694461199.344,223899,1746694461180.406,-53,8,-113
1746694461219.25,223925,1746694461200.281,-48,14,-112
1746694461239.094,223820,1746694461220.125,-58,7,-121
1746694461258.969,223585,1746694461239.969,-49,4,-112
1746694461278.813,223171,1746694461259.844,-57,12,-125
1746694461298.656,222641,1746694461279.75,-45,12,-112
1746694461318.562,222188,1746694461299.594,-55,9,-112
1746694461338.438,221905,1746694461319.438,-53,12,-112
1746694461358.25,221787,1746694461339.313,-52,8,-109
1746694461378.125,221794,1746694461359.156,-52,16,-109
1746694461398.031,221936,1746694461379.0,-61,6,-96
1746694461417.844,222099,1746694461398.938,-48,1,-109
1746694461437.6882,222302,1746694461418.719,-49,7,-118
1746694461457.531,222462,1746694461438.594,-55,12,-112
1746694461477.406,222600,1746694461458.406,-50,24,-112
1746694461497.281,222703,1746694461478.25,-50,12,-112
1746694461517.094,222786,1746694461498.188,-50,11,-117
1746694461536.969,222855,1746694461518.0,-61,11,-109
1746694461556.844,222810,1746694461537.875,-49,12,-113
1746694461576.687,222713,1746694461557.719,-49,12,-112
1746694461596.563,222571,1746694461577.594,-64,11,-129
1746694461616.406,222404,1746694461597.469,-50,9,-112
1746694461636.281,222242,1746694461617.312,-49,9,-112
1746694461656.156,222205,1746694461637.156,-49,12,-112
1746694461676.0,222248,1746694461657.063,-63,16,-121
1746694461695.844,222341,1746694461676.906,-49,14,-125
1746694461715.75,222446,1746694461696.719,-61,13,-125
1746694461735.719,222506,1746694461716.625,-52,12,-112
1746694461755.469,222590,1746694461736.625,-63,8,-115
1746694461775.344,222683,1746694461756.375,-60,12,-112
1746694461795.219,222734,1746694461776.219,-49,12,-112
1746694461815.094,222784,1746694461796.125,-68,12,-121
1746694461834.969,222852,1746694461816.0,-57,12,-118
1746694461854.844,222945,1746694461835.844,-50,14,-112
1746694461874.719,223007,1746694461855.719,-57,1,-111
1746694461894.562,223066,1746694461875.625,-63,12,-110
1746694461914.5,223133,1746694461895.469,-52,12,-109
1746694461934.313,223193,1746694461915.344,-53,3,-106
1746694461954.219,223216,1746694461935.187,-56,6,-121
1746694461974.062,223253,1746694461955.094,-57,16,-112
1746694461993.938,223328,1746694461974.969,-55,11,-117
1746694462013.844,223399,1746694461994.813,-49,12,-112
1746694462033.687,223456,1746694462014.75,-45,24,-121
1746694462053.562,223509,1746694462034.562,-56,13,-112
1746694462073.406,223569,1746694462054.469,-49,9,-112
1746694462093.281,223687,1746694462074.313,-56,12,-121
1746694462113.156,223803,1746694462094.187,-57,9,-117
1746694462133.125,223920,1746694462114.062,-50,14,-116
1746694462152.875,224027,1746694462134.063,-55,15,-121
1746694462172.75,224128,1746694462153.781,-51,7,-121
1746694462192.656,224252,1746694462173.625,-48,12,-112
1746694462212.469,224375,1746694462193.531,-49,7,-112
1746694462232.344,224548,1746694462213.375,-64,6,-119
1746694462252.25,224689,1746694462233.219,-64,8,-112
1746694462272.094,224828,1746694462253.094,-64,7,-112
1746694462291.937,224888,1746694462272.969,-52,7,-112
1746694462311.812,224878,1746694462292.844,-48,8,-112
1746694462331.656,224764,1746694462312.6882,-58,8,-127
1746694462351.562,224491,1746694462332.562,-49,7,-121
1746694462371.375,224037,1746694462352.437,-50,14,-112
1746694462391.25,223544,1746694462372.313,-64,12,-124
1746694462411.156,223140,1746694462392.156,-49,18,-112
1746694462430.969,222880,1746694462412.031,-48,9,-125
1746694462450.844,222817,1746694462432.0,-61,14,-121
1746694462470.75,222868,1746694462451.781,-50,11,-112
1746694462490.594,222984,1746694462471.625,-52,11,-112
1746694462510.438,223125,1746694462491.469,-57,15,-112
1746694462530.312,223285,1746694462511.375,-56,14,-121
1746694462550.219,223431,1746694462531.219,-52,12,-125
1746694462570.0632,223520,1746694462551.063,-58,12,-114
1746694462589.875,223597,1746694462570.938,-49,3,-112
1746694462609.781,223647,1746694462590.812,-50,14,-112
1746694462629.625,223656,1746694462610.687,-60,9,-107
1746694462649.531,223614,1746694462630.531,-61,12,-111
1746694462669.375,223480,1746694462650.4058,-53,19,-112
1746694462689.219,223336,1746694462670.312,-50,12,-114
1746694462709.094,223208,1746694462690.125,-53,6,-121
1746694462728.969,223137,1746694462710.0,-63,12,-112
1746694462748.844,223154,1746694462729.875,-47,12,-112
1746694462768.719,223207,1746694462749.75,-50,12,-121
1746694462788.562,223320,1746694462769.625,-58,12,-125
1746694462808.469,223388,1746694462789.469,-52,12,-112
1746694462828.281,223468,1746694462809.344,-55,7,-112
1746694462848.156,223552,1746694462829.219,-49,16,-109
1746694462868.094,223618,1746694462849.031,-55,14,-112
1746694462887.938,223710,1746694462868.969,-58,15,-112
1746694462907.813,223768,1746694462888.844,-61,15,-112
1746694462927.75,223847,1746694462908.719,-57,12,-112
1746694462947.562,223931,1746694462928.625,-45,15,-127
1746694462967.438,223994,1746694462948.438,-61,14,-114
1746694462987.281,224078,1746694462968.344,-57,14,-111
1746694463007.156,224132,1746694462988.219,-38,8,-122
1746694463027.031,224212,1746694463008.031,-64,7,-111
1746694463046.875,224259,1746694463027.906,-49,11,-112
1746694463066.719,224289,1746694463047.781,-64,15,-128
1746694463086.594,224294,1746694463067.656,-53,4,-125
1746694463106.469,224342,1746694463087.469,-48,7,-112
1746694463126.344,224421,1746694463107.406,-57,17,-102
1746694463146.219,224520,1746694463127.219,-50,15,-125
1746694463166.094,224587,1746694463147.125,-65,7,-109
1746694463185.937,224675,1746694463167.062,-55,9,-112
1746694463205.812,224760,1746694463186.844,-58,12,-125
1746694463225.656,224837,1746694463206.719,-61,12,-121
1746694463245.563,224920,1746694463226.562,-48,11,-112
1746694463265.406,224977,1746694463246.406,-49,11,-112
1746694463285.25,225051,1746694463266.281,-48,9,-116
1746694463305.156,225157,1746694463286.188,-48,6,-112
1746694463325.0,225257,1746694463306.031,-58,14,-109
1746694463344.875,225326,1746694463325.906,-63,11,-113
1746694463364.719,225306,1746694463345.781,-52,12,-114
1746694463384.625,225198,1746694463365.656,-71,7,-109
1746694463404.469,224922,1746694463385.5,-67,15,-121
1746694463424.344,224460,1746694463405.344,-49,12,-112
1746694463444.219,223981,1746694463425.25,-53,15,-125
1746694463464.063,223599,1746694463445.094,-50,7,-120
1746694463483.938,223359,1746694463465.0,-52,10,-122
1746694463503.812,223290,1746694463484.812,-58,15,-112
1746694463523.656,223318,1746694463504.687,-63,12,-121
1746694463543.563,223426,1746694463524.563,-49,12,-112
1746694463563.406,223559,1746694463544.438,-63,12,-112
1746694463583.312,223715,1746694463564.312,-57,12,-112
1746694463603.156,223785,1746694463584.187,-63,12,-112
1746694463623.031,223872,1746694463604.094,-47,14,-121
1746694463642.906,223937,1746694463623.906,-57,12,-112
1746694463662.75,223993,1746694463643.812,-57,12,-122
1746694463682.625,223998,1746694463663.656,-49,28,-133
1746694463702.531,223960,1746694463683.563,-52,4,-125
1746694463722.406,223848,1746694463703.406,-50,7,-112
1746694463742.25,223738,1746694463723.281,-48,12,-112
1746694463762.125,223630,1746694463743.187,-64,12,-114
1746694463782.0,223541,1746694463763.0,-55,8,-112
1746694463801.875,223534,1746694463782.875,-58,16,-112
1746694463821.719,223559,1746694463802.75,-53,1,-112
1746694463841.719,223648,1746694463822.625,-50,11,-112
1746694463861.5,223698,1746694463842.5,-57,7,-102
1746694463881.375,223781,1746694463862.375,-52,12,-112
1746694463901.219,223835,1746694463882.281,-52,12,-115
1746694463921.062,223918,1746694463902.125,-60,12,-117
1746694463941.063,223969,1746694463921.969,-50,16,-112
1746694463960.844,224043,1746694463941.875,-55,13,-114
1746694463980.687,224107,1746694463961.687,-55,15,-112
1746694464000.531,224162,1746694463981.594,-56,12,-112
1746694464020.406,224166,1746694464001.438,-52,15,-109
1746694464040.313,224174,1746694464021.281,-55,11,-121
1746694464060.125,224256,1746694464041.187,-58,8,-112
1746694464080.0,224339,1746694464061.031,-49,6,-112
1746694464099.875,224397,1746694464080.875,-57,3,-111
1746694464119.75,224443,1746694464100.781,-59,9,-113
1746694464139.594,224498,1746694464120.656,-61,12,-121
1746694464159.5,224612,1746694464140.5,-52,8,-121
1746694464179.406,224748,1746694464160.375,-55,7,-116
1746694464199.219,224861,1746694464180.25,-52,7,-116
1746694464219.094,224958,1746694464200.125,-56,11,-121
1746694464238.937,225001,1746694464219.969,-49,15,-112
1746694464258.844,225046,1746694464239.844,-57,12,-129
1746694464278.656,225085,1746694464259.719,-53,9,-121
1746694464298.531,225144,1746694464279.594,-57,12,-112
1746694464318.437,225227,1746694464299.437,-49,7,-112
1746694464338.312,225330,1746694464319.313,-49,8,-112
1746694464358.125,225468,1746694464339.188,-55,12,-121
1746694464378.0,225571,1746694464359.094,-46,14,-125
1746694464397.906,225648,1746694464378.906,-56,14,-112
1746694464417.781,225633,1746694464398.781,-53,9,-121
1746694464437.625,225491,1746694464418.656,-58,14,-112
1746694464457.531,225187,1746694464438.531,-57,8,-112
1746694464477.375,224704,1746694464458.406,-48,16,-112
1746694464497.25,224231,1746694464478.219,-55,6,-112
1746694464517.125,223865,1746694464498.156,-55,11,-121
1746694464536.969,223616,1746694464518.0308,-64,15,-112
1746694464556.875,223544,1746694464537.844,-52,12,-112
1746694464576.813,223586,1746694464557.75,-49,9,-112
1746694464596.563,223668,1746694464577.625,-52,5,-121
1746694464616.469,223749,1746694464597.469,-57,15,-125
1746694464636.312,223814,1746694464617.344,-64,15,-112
1746694464656.187,223888,1746694464637.187,-50,11,-122
1746694464676.031,223950,1746694464657.094,-49,12,-121
1746694464695.875,224048,1746694464676.938,-55,11,-109
1746694464715.75,224079,1746694464696.781,-56,12,-112
1746694464735.625,224093,1746694464716.656,-50,12,-116
1746694464755.438,224012,1746694464736.5,-52,8,-125
1746694464775.344,223913,1746694464756.375,-39,12,-125
1746694464795.187,223798,1746694464776.219,-51,9,-112
1746694464815.062,223708,1746694464796.094,-49,1,-112
1746694464834.906,223647,1746694464815.969,-61,17,-121
1746694464854.844,223634,1746694464835.813,-52,14,-112
1746694464874.656,223662,1746694464855.719,-36,15,-112
1746694464894.531,223681,1746694464875.5,-55,12,-113
1746694464914.375,223735,1746694464895.406,-52,8,-112
1746694464934.25,223769,1746694464915.281,-65,31,-125
1746694464954.156,223809,1746694464935.156,-61,15,-121
1746694464973.969,223841,1746694464955.0,-49,12,-112
1746694464993.844,223861,1746694464974.875,-61,15,-103
1746694465013.719,223911,1746694464994.781,-50,14,-121
1746694465033.594,223965,1746694465014.625,-53,9,-112
1746694465053.437,224024,1746694465034.469,-61,15,-113
1746694465073.312,224085,1746694465054.375,-60,12,-121
1746694465093.188,224173,1746694465074.219,-49,9,-112
1746694465113.063,224213,1746694465094.063,-49,11,-121
1746694465132.906,224234,1746694465113.937,-50,19,-112
1746694465152.75,224288,1746694465133.812,-55,12,-121
1746694465172.625,224349,1746694465153.625,-57,7,-112
1746694465192.5,224389,1746694465173.5,-48,11,-111
1746694465212.344,224427,1746694465193.3442,-49,8,-112
1746694465232.219,224455,1746694465213.281,-57,12,-121
1746694465252.094,224473,1746694465233.094,-49,13,-125
1746694465271.969,224527,1746694465252.969,-55,17,-119
1746694465291.812,224570,1746694465272.844,-49,9,-112
1746694465311.687,224615,1746694465292.719,-64,12,-112
1746694465331.563,224645,1746694465312.531,-48,7,-116
1746694465351.438,224693,1746694465332.469,-49,15,-112
1746694465371.281,224776,1746694465352.312,-57,15,-112
1746694465391.187,224855,1746694465372.187,-49,6,-109
1746694465411.031,224944,1746694465392.063,-56,11,-121
1746694465430.938,224954,1746694465411.938,-52,12,-121
1746694465450.781,224865,1746694465431.812,-61,12,-128
1746694465470.656,224603,1746694465451.687,-52,7,-112
1746694465490.563,224171,1746694465471.531,-61,9,-112
1746694465510.406,223709,1746694465491.438,-68,14,-121
1746694465530.25,223303,1746694465511.281,-58,14,-121
1746694465550.125,223042,1746694465531.156,-50,14,-125
1746694465570.0,222947,1746694465551.0,-63,12,-112
1746694465589.844,222997,1746694465570.875,-49,8,-111
1746694465609.719,223123,1746694465590.75,-56,12,-109
1746694465629.594,223257,1746694465610.625,-58,7,-121
1746694465649.469,223353,1746694465630.469,-57,15,-109
1746694465669.281,223438,1746694465650.375,-63,7,-121
1746694465689.188,223539,1746694465670.219,-50,19,-121
1746694465709.125,223641,1746694465690.094,-50,15,-125
1746694465728.906,223690,1746694465709.875,-55,7,-121
1746694465748.75,223707,1746694465729.781,-51,11,-112
1746694465768.625,223629,1746694465749.687,-64,0,-117
1746694465788.531,223563,1746694465769.531,-58,10,-121
1746694465808.375,223462,1746694465789.406,-49,8,-112
1746694465828.219,223360,1746694465809.281,-64,9,-110
1746694465848.094,223295,1746694465829.156,-55,12,-112
1746694465867.969,223258,1746694465849.0,-50,13,-114
1746694465887.844,223286,1746694465868.875,-56,12,-112
1746694465907.656,223367,1746694465888.781,-48,12,-109
1746694465927.531,223456,1746694465908.563,-52,6,-125
1746694465947.406,223537,1746694465928.437,-64,14,-112
1746694465967.25,223590,1746694465948.281,-50,24,-112
1746694465987.188,223669,1746694465968.125,-52,7,-104
1746694466007.0,223759,1746694465988.125,-48,12,-116
1746694466026.844,223816,1746694466007.844,-53,12,-98
1746694466046.719,223849,1746694466027.719,-61,12,-112
1746694466066.531,223858,1746694466047.625,-57,31,-121
1746694466086.406,223879,1746694466067.469,-55,7,-121
1746694466106.313,223901,1746694466087.312,-54,14,-121
1746694466126.125,223952,1746694466107.125,-56,3,-111
1746694466146.0,223984,1746694466127.063,-63,14,-112
1746694466165.844,223988,1746694466146.906,-49,12,-112
1746694466185.719,224020,1746694466166.75,-65,15,-117
1746694466205.594,224061,1746694466186.594,-50,10,-112
1746694466225.437,224156,1746694466206.469,-57,14,-112
1746694466245.281,224272,1746694466226.344,-57,8,-112
1746694466265.156,224381,1746694466246.156,-57,8,-112
1746694466285.031,224448,1746694466266.062,-55,13,-114
1746694466304.875,224497,1746694466285.906,-57,15,-112
1746694466324.75,224542,1746694466305.781,-58,12,-112
1746694466344.594,224619,1746694466325.625,-52,12,-96
1746694466364.469,224696,1746694466345.5,-57,3,-112
1746694466384.281,224791,1746694466365.344,-50,15,-125
1746694466404.156,224833,1746694466385.219,-57,16,-116
1746694466424.031,224858,1746694466405.031,-56,12,-117
1746694466443.875,224778,1746694466424.906,-49,9,-109
1746694466463.719,224652,1746694466444.781,-64,16,-114
1746694466483.594,224407,1746694466464.594,-53,8,-112
1746694466503.438,223977,1746694466484.469,-71,17,-112
1746694466523.313,223481,1746694466504.313,-50,12,-108
1746694466543.125,223070,1746694466524.156,-53,9,-112
1746694466563.0,222846,1746694466544.031,-49,12,-112
1746694466582.875,222770,1746694466563.938,-63,15,-111
1746694466602.719,222772,1746694466583.75,-52,12,-112
1746694466622.563,222790,1746694466603.656,-55,12,-121
1746694466642.469,222797,1746694466623.5,-63,17,-112
1746694466662.344,222805,1746694466643.312,-49,19,-104
1746694466682.188,222811,1746694466663.219,-52,16,-112
1746694466702.0,222812,1746694466683.063,-49,15,-112
1746694466721.875,222795,1746694466702.9368,-63,14,-121
1746694466741.75,222750,1746694466722.75,-51,12,-112
1746694466761.625,222670,1746694466742.625,-47,11,-106
1746694466781.469,222579,1746694466762.5,-52,8,-104
1746694466801.344,222420,1746694466782.406,-65,39,-121
1746694466821.219,222273,1746694466802.25,-51,15,-114
1746694466841.125,222155,1746694466822.094,-58,12,-112
1746694466860.938,222057,1746694466841.938,-57,4,-112
1746694466880.812,222030,1746694466861.844,-45,8,-104
1746694466900.687,222038,1746694466881.719,-49,12,-121
1746694466920.563,222131,1746694466901.563,-64,11,-119
1746694466940.406,222206,1746694466921.438,-49,11,-109
1746694466960.312,222335,1746694466941.344,-52,12,-104
1746694466980.156,222383,1746694466961.1868,-63,12,-111
1746694467000.0,222474,1746694466981.031,-61,16,-112
1746694467019.844,222566,1746694467000.938,-50,14,-113
1746694467039.75,222618,1746694467020.75,-57,11,-112
1746694467059.594,222685,1746694467040.656,-60,11,-110
1746694467079.437,222764,1746694467060.469,-72,12,-109
1746694467099.313,222789,1746694467080.313,-55,3,-125
1746694467119.188,222805,1746694467100.188,-52,12,-112
1746694467139.031,222832,1746694467120.062,-61,12,-112
1746694467158.875,222889,1746694467139.937,-58,14,-121
1746694467178.875,222959,1746694467159.781,-48,11,-112
1746694467198.625,223044,1746694467179.656,-61,3,-123
1746694467218.5,223114,1746694467199.5,-56,12,-121
1746694467238.344,223176,1746694467219.375,-60,12,-125
1746694467258.219,223217,1746694467239.25,-55,12,-124
1746694467278.094,223271,1746694467259.094,-50,14,-112
1746694467297.969,223336,1746694467278.969,-53,8,-112
1746694467317.812,223370,1746694467298.844,-50,7,-111
1746694467337.688,223400,1746694467318.719,-49,7,-112
1746694467357.563,223433,1746694467338.531,-52,10,-112
1746694467377.4058,223499,1746694467358.437,-52,14,-116
1746694467397.281,223565,1746694467378.312,-51,12,-116
1746694467417.125,223577,1746694467398.1882,-55,9,-112
1746694467437.0,223501,1746694467418.0,-58,22,-125
1746694467456.906,223301,1746694467437.906,-49,14,-112
1746694467476.719,222950,1746694467457.781,-48,10,-112
1746694467496.594,222475,1746694467477.594,-48,9,-117
1746694467516.469,222019,1746694467497.5,-57,6,-127
1746694467536.344,221690,1746694467517.344,-58,15,-117
1746694467556.187,221495,1746694467537.219,-55,7,-112
1746694467576.031,221457,1746694467557.094,-57,11,-109
1746694467595.906,221522,1746694467576.906,-58,12,-109
1746694467615.781,221699,1746694467596.812,-57,11,-113
1746694467635.625,221871,1746694467616.656,-63,15,-112
1746694467655.5,222040,1746694467636.531,-55,11,-116
1746694467675.438,222239,1746694467656.406,-52,7,-116
1746694467695.25,222396,1746694467676.344,-53,12,-113
1746694467715.094,222567,1746694467696.25,-60,12,-121
1746694467734.969,222686,1746694467716.031,-49,14,-109
1746694467754.813,222778,1746694467735.844,-45,8,-112
1746694467774.688,222747,1746694467755.719,-52,12,-125
1746694467794.625,222686,1746694467775.562,-52,7,-112
1746694467814.375,222651,1746694467795.531,-64,11,-112
1746694467834.281,222640,1746694467815.281,-61,14,-113
1746694467854.156,222670,1746694467835.188,-50,12,-112
1746694467874.0,222733,1746694467855.031,-66,12,-112
1746694467893.875,222858,1746694467874.875,-52,12,-117
1746694467913.75,222980,1746694467894.781,-58,8,-112
1746694467933.594,223143,1746694467914.656,-57,19,-113
1746694467953.469,223272,1746694467934.5,-50,7,-112
1746694467973.344,223398,1746694467954.375,-50,14,-112
1746694467993.219,223503,1746694467974.219,-58,1,-105
1746694468013.063,223622,1746694467994.094,-58,7,-111
1746694468032.906,223709,1746694468013.969,-61,9,-112
1746694468052.812,223801,1746694468033.844,-54,9,-121
1746694468072.687,223892,1746694468053.656,-57,8,-104
1746694468092.5,223976,1746694468073.563,-54,12,-112
1746694468112.406,224022,1746694468093.437,-57,15,-117
1746694468132.25,224099,1746694468113.281,-52,11,-112
1746694468152.125,224188,1746694468133.156,-53,11,-122
1746694468171.969,224254,1746694468153.0,-56,13,-112
1746694468191.875,224301,1746694468172.875,-52,14,-112
1746694468211.75,224390,1746694468192.687,-52,12,-112
1746694468231.594,224482,1746694468212.656,-60,3,-113
1746694468251.438,224555,1746694468232.438,-53,11,-121
1746694468271.313,224612,1746694468252.313,-48,12,-116
1746694468291.156,224701,1746694468272.219,-61,11,-112
1746694468311.031,224783,1746694468292.062,-58,11,-114
1746694468330.875,224877,1746694468311.906,-53,16,-113
1746694468350.75,224985,1746694468331.781,-61,14,-109
1746694468370.594,225082,1746694468351.594,-52,12,-116
1746694468390.5,225138,1746694468371.5,-49,12,-104
1746694468410.375,225156,1746694468391.375,-50,8,-121
1746694468430.219,225094,1746694468411.281,-63,24,-112
1746694468450.094,224890,1746694468431.125,-53,12,-112
1746694468469.969,224519,1746694468451.0,-52,12,-112
1746694468489.813,224053,1746694468470.875,-58,13,-111
1746694468509.688,223594,1746694468490.719,-45,14,-112
1746694468529.594,223271,1746694468510.562,-47,9,-112
1746694468549.437,223102,1746694468530.469,-63,9,-112
1746694468569.281,223045,1746694468550.344,-61,15,-112
1746694468589.25,223063,1746694468570.219,-52,11,-112
1746694468609.031,223140,1746694468590.125,-46,12,-112
1746694468628.906,223241,1746694468609.906,-57,15,-106
1746694468648.75,223277,1746694468629.813,-61,12,-112
1746694468668.656,223334,1746694468649.688,-53,24,-121
1746694468688.562,223387,1746694468669.531,-57,14,-112
1746694468708.375,223408,1746694468689.437,-51,15,-112
1746694468728.25,223436,1746694468709.281,-49,22,-109
1746694468748.125,223348,1746694468729.125,-50,12,-112
1746694468768.0,223260,1746694468749.0,-52,8,-112
1746694468787.844,223167,1746694468768.906,-57,9,-108
1746694468807.719,223093,1746694468788.75,-52,9,-112
1746694468827.625,223025,1746694468808.594,-53,9,-112
1746694468847.5,222993,1746694468828.531,-52,11,-112
1746694468867.344,223023,1746694468848.375,-57,8,-112
1746694468887.187,223088,1746694468868.219,-56,14,-112
1746694468907.063,223202,1746694468888.063,-52,7,-112
1746694468926.938,223309,1746694468907.938,-49,12,-112
1746694468946.781,223402,1746694468927.844,-49,15,-121
1746694468966.656,223489,1746694468947.719,-56,19,-112
1746694468986.531,223545,1746694468967.563,-52,12,-109
1746694469006.375,223640,1746694468987.437,-49,8,-110
1746694469026.25,223727,1746694469007.25,-57,11,-114
1746694469046.094,223776,1746694469027.156,-61,15,-125
1746694469065.969,223810,1746694469047.0,-55,25,-121
1746694469085.844,223859,1746694469066.813,-49,12,-112
1746694469105.75,223944,1746694469086.687,-51,9,-120
1746694469125.531,223986,1746694469106.594,-57,7,-90
1746694469145.406,224034,1746694469126.406,-49,16,-121
1746694469165.25,224072,1746694469146.25,-56,12,-120
1746694469185.0942,224137,1746694469166.125,-53,7,-112
1746694469204.937,224161,1746694469185.969,-49,12,-112
1746694469224.812,224154,1746694469205.844,-56,11,-112
1746694469244.688,224183,1746694469225.688,-49,15,-121
1746694469264.5,224144,1746694469245.563,-55,12,-121
1746694469284.375,224018,1746694469265.4368,-53,8,-113
1746694469304.25,223892,1746694469285.25,-56,7,-112
1746694469324.125,223912,1746694469305.094,-50,6,-112
1746694469343.969,224123,1746694469325.0,-44,12,-121
1746694469363.812,224475,1746694469344.844,-50,12,-120
1746694469383.656,224808,1746694469364.687,-47,11,-112
1746694469403.531,225066,1746694469384.563,-57,15,-112
1746694469423.438,225252,1746694469404.406,-47,11,-112
1746694469443.219,225382,1746694469424.344,-56,12,-112
1746694469463.094,225368,1746694469444.125,-54,27,-121
1746694469482.969,225320,1746694469464.0,-55,15,-112
1746694469502.813,225230,1746694469483.875,-58,12,-113
1746694469522.656,225226,1746694469503.719,-52,7,-109
1746694469542.531,225175,1746694469523.562,-60,11,-116
1746694469562.375,225030,1746694469543.406,-49,15,-104
1746694469582.25,224713,1746694469563.281,-50,15,-121
1746694469602.125,224185,1746694469583.156,-57,12,-112
1746694469621.969,223551,1746694469603.031,-52,16,-104
1746694469641.875,222969,1746694469622.875,-49,6,-125
1746694469661.781,222548,1746694469642.75,-49,12,-112
1746694469681.563,222247,1746694469662.719,-62,12,-109
1746694469701.437,222115,1746694469682.437,-60,20,-112
1746694469721.312,222111,1746694469702.344,-50,14,-112
1746694469741.156,222153,1746694469722.188,-49,14,-121
1746694469761.031,222228,1746694469742.063,-61,12,-113
1746694469780.906,222264,1746694469761.906,-72,6,-112
1746694469800.781,222349,1746694469781.781,-64,3,-124
1746694469820.656,222422,1746694469801.688,-64,15,-112
1746694469840.563,222513,1746694469821.563,-52,7,-109
1746694469860.406,222517,1746694469841.406,-63,3,-106
1746694469880.25,222436,1746694469861.281,-52,14,-112
1746694469900.125,222247,1746694469881.156,-50,10,-105
1746694469920.0,221995,1746694469901.031,-48,6,-121
1746694469939.875,221729,1746694469920.875,-61,14,-112
1746694469959.75,221480,1746694469940.75,-52,11,-112
1746694469979.594,221283,1746694469960.6882,-61,8,-121
1746694469999.469,221106,1746694469980.5,-50,8,-112
1746694470019.344,220955,1746694470000.344,-53,11,-112
1746694470039.156,220861,1746694470020.219,-64,15,-112
1746694470059.031,220685,1746694470040.094,-52,12,-125
1746694470078.906,220449,1746694470059.906,-44,15,-121
1746694470098.781,220139,1746694470079.781,-52,8,-112
1746694470118.594,219776,1746694470099.656,-63,15,-112
1746694470138.469,219475,1746694470119.531,-64,16,-121
1746694470158.344,219222,1746694470139.344,-52,15,-112
1746694470178.188,218918,1746694470159.219,-52,17,-125
1746694470198.031,218611,1746694470179.125,-53,12,-120
1746694470217.875,218302,1746694470198.969,-52,12,-132
1746694470237.75,218010,1746694470218.781,-64,11,-112
1746694470257.594,217953,1746694470238.625,-56,9,-112
1746694470277.438,217695,1746694470258.5,-44,-50,-96
1746694470297.312,217351,1746694470278.375,-25,28,-122
1746694470317.187,217482,1746694470298.187,-64,55,-112
1746694470337.094,218089,1746694470318.063,-57,-22,-109
1746694470356.875,219165,1746694470337.969,-34,-20,-96
1746694470376.781,220401,1746694470357.781,-39,-25,-103
1746694470396.656,220637,1746694470377.656,-45,-17,-112
1746694470416.531,220772,1746694470397.531,-53,4,-112
1746694470436.344,220718,1746694470417.406,-83,17,-112
1746694470456.25,220628,1746694470437.25,-113,35,-80
1746694470476.094,220472,1746694470457.094,-105,23,-72
1746694470495.969,220426,1746694470476.969,-132,22,-69
1746694470515.844,220310,1746694470496.875,-116,19,-73
1746694470535.719,220137,1746694470516.75,-129,27,-61
1746694470555.562,219991,1746694470536.594,-121,19,-32
1746694470575.5,219952,1746694470556.469,-113,22,-31
1746694470595.281,219922,1746694470576.344,-114,7,-16
1746694470615.187,219823,1746694470596.281,-116,12,-32
1746694470635.062,219655,1746694470616.062,-120,12,-57
1746694470654.906,219515,1746694470635.938,-148,19,-65
1746694470674.781,219246,1746694470655.813,-122,24,-45
1746694470694.656,218779,1746694470675.687,-121,19,-32
1746694470714.5,218349,1746694470695.531,-152,25,-32
1746694470734.375,217933,1746694470715.406,-136,31,-9
1746694470754.219,217513,1746694470735.25,-135,31,8
1746694470774.094,217151,1746694470755.156,-145,35,7
1746694470794.094,216857,1746694470775.0,-148,41,16
1746694470813.812,216573,1746694470795.0,-157,46,32
1746694470833.688,216292,1746694470814.719,-159,39,38
1746694470853.563,216078,1746694470834.594,-143,41,39
1746694470873.406,215943,1746694470854.469,-137,31,48
1746694470893.25,215761,1746694470874.25,-130,35,48
1746694470913.188,215635,1746694470894.156,-136,40,48
1746694470932.969,215591,1746694470914.031,-132,39,51
1746694470952.844,215495,1746694470933.844,-132,44,65
1746694470972.656,215296,1746694470953.719,-145,39,78
1746694470992.531,215196,1746694470973.594,-136,41,77
1746694471012.406,215223,1746694470993.469,-156,44,87
1746694471032.25,215428,1746694471013.281,-144,52,83
1746694471052.125,215466,1746694471033.156,-153,50,99
1746694471071.969,215495,1746694471053.031,-130,48,147
1746694471091.844,215452,1746694471072.906,-125,44,176
1746694471111.719,215452,1746694471092.75,-113,53,215
1746694471131.531,215735,1746694471112.562,-132,56,227
1746694471151.406,216085,1746694471132.437,-116,47,224
1746694471171.281,216366,1746694471152.313,-113,63,227
1746694471191.125,216585,1746694471172.125,-109,49,227
1746694471210.938,216778,1746694471192.0,-73,51,240
1746694471230.812,216892,1746694471211.875,-87,47,238
1746694471250.688,216923,1746694471231.75,-93,48,231
1746694471270.531,216865,1746694471251.594,-80,71,236
1746694471290.375,216775,1746694471271.406,-80,52,227
1746694471310.219,216695,1746694471291.312,-64,55,227
1746694471330.125,216594,1746694471311.156,-72,46,240
1746694471350.0,216506,1746694471330.969,-62,60,240
1746694471369.813,216409,1746694471350.875,-66,63,240
1746694471389.687,216239,1746694471370.719,-56,63,227
1746694471409.562,216107,1746694471390.625,-69,65,240
1746694471429.469,215935,1746694471410.438,-50,71,232
1746694471449.281,215797,1746694471430.375,-62,70,227
1746694471469.156,215721,1746694471450.187,-77,70,224
1746694471489.0,215670,1746694471470.031,-90,68,224
1746694471508.906,215717,1746694471489.906,-96,70,224
1746694471528.719,215768,1746694471509.7808,-121,71,208
1746694471548.594,215825,1746694471529.656,-132,66,214
1746694471568.469,215794,1746694471549.469,-112,48,208
1746694471588.312,215742,1746694471569.344,-100,44,208
1746694471608.156,215690,1746694471589.188,-132,51,192
1746694471628.0,215624,1746694471609.062,-165,54,186
1746694471647.875,215597,1746694471628.906,-148,48,179
1746694471667.75,215593,1746694471648.781,-132,51,179
1746694471687.563,215665,1746694471668.625,-116,51,177
1746694471707.406,215798,1746694471688.469,-119,48,161
1746694471727.281,216014,1746694471708.312,-111,46,150
1746694471747.156,216230,1746694471728.187,-130,50,115
1746694471767.0,216459,1746694471748.031,-126,56,115
1746694471786.844,216763,1746694471768.0308,-149,60,115
1746694471806.719,217057,1746694471787.75,-145,53,119
1746694471826.562,217340,1746694471807.625,-160,56,103
1746694471846.406,217488,1746694471827.469,-161,60,86
1746694471866.25,217579,1746694471847.313,-173,52,80
1746694471886.125,217600,1746694471867.188,-159,50,71
1746694471906.031,217576,1746694471887.0,-148,39,64
1746694471925.875,217590,1746694471906.906,-130,48,51
1746694471945.719,217605,1746694471926.781,-128,51,39
1746694471965.594,217565,1746694471946.594,-138,55,41
1746694471985.5,217295,1746694471966.437,-136,56,48
1746694472005.281,216910,1746694471986.344,-148,55,48
1746694472025.188,216513,1746694472006.188,-161,48,49
1746694472045.063,216196,1746694472026.063,-168,54,48
1746694472064.9058,216026,1746694472045.937,-155,48,31
1746694472084.781,216037,1746694472065.812,-125,56,32
1746694472104.625,216095,1746694472085.6882,-109,60,-1
1746694472124.531,216054,1746694472105.469,-124,54,-4
1746694472144.406,216037,1746694472125.406,-136,51,-5
1746694472164.25,216048,1746694472145.281,-147,56,-13
1746694472184.125,216047,1746694472165.156,-128,48,-9
1746694472204.0,216009,1746694472185.0,-144,40,-13
1746694472223.844,215875,1746694472204.875,-132,44,-17
1746694472243.687,215710,1746694472224.719,-132,48,-15
1746694472263.562,215475,1746694472244.594,-117,38,-29
1746694472283.469,215068,1746694472264.469,-96,32,-32
1746694472303.313,214715,1746694472284.312,-112,20,-60
1746694472323.156,214431,1746694472304.187,-122,19,-61
1746694472343.0,214132,1746694472324.063,-104,26,-63
1746694472362.875,213794,1746694472343.875,-90,23,-69
1746694472382.75,213401,1746694472363.781,-82,28,-73
1746694472402.594,212961,1746694472383.656,-89,36,-64
1746694472422.5,212465,1746694472403.5,-73,32,-48
1746694472442.375,211886,1746694472423.406,-82,39,-49
1746694472462.219,211315,1746694472443.25,-94,8,-104
1746694472482.125,210814,1746694472463.094,-136,9,-144
1746694472501.969,210406,1746694472483.031,-132,6,-144
1746694472521.875,210068,1746694472502.875,-88,-15,-143
1746694472541.719,209838,1746694472522.75,-60,-28,-112
1746694472561.594,209605,1746694472542.656,-46,-20,-95
1746694472581.469,209383,1746694472562.5,-39,-4,-80
1746694472601.375,209133,1746694472582.375,-58,3,-96
1746694472621.188,208897,1746694472602.281,-77,12,-107
1746694472641.094,208704,1746694472622.125,-93,25,-109
1746694472660.969,208561,1746694472641.969,-82,17,-96
1746694472680.906,208364,1746694472661.844,-76,15,-109
1746694472700.688,208221,1746694472681.719,-64,9,-100
1746694472720.594,208043,1746694472701.625,-68,7,-113
1746694472740.437,207854,1746694472721.437,-56,12,-111
1746694472760.344,207631,1746694472741.344,-67,7,-109
1746694472780.156,207421,1746694472761.25,-69,3,-113
1746694472800.031,207212,1746694472781.094,-64,12,-115
1746694472819.937,207054,1746694472800.906,-71,-2,-112
1746694472839.781,206917,1746694472820.813,-75,3,-96
1746694472859.625,206792,1746694472840.656,-73,3,-96
1746694472879.5,206695,1746694472860.562,-66,-4,-109
1746694472899.375,206626,1746694472880.375,-69,5,-111
1746694472919.25,206546,1746694472900.313,-57,8,-104
1746694472939.063,206490,1746694472920.125,-57,8,-109
1746694472958.937,206453,1746694472939.969,-61,12,-111
1746694472978.812,206413,1746694472959.812,-57,9,-112
1746694472998.688,206331,1746694472979.719,-40,12,-117
1746694473018.5,206274,1746694472999.563,-49,11,-122
1746694473038.375,206199,1746694473019.437,-36,14,-121
1746694473058.25,206100,1746694473039.281,-44,3,-112
1746694473078.125,206027,1746694473059.125,-57,9,-112
1746694473097.969,205920,1746694473079.0,-50,9,-116
1746694473117.813,205846,1746694473098.906,-49,6,-122
1746694473137.687,205758,1746694473118.719,-63,-15,-121
1746694473157.625,205677,1746694473138.594,-45,6,-121
1746694473177.438,205599,1746694473158.531,-48,8,-112
1746694473197.313,205528,1746694473178.281,-45,0,-129
1746694473217.156,205450,1746694473198.156,-44,7,-125
1746694473237.0,205391,1746694473218.031,-49,11,-112
1746694473256.875,205363,1746694473237.906,-57,15,-125
1746694473276.719,205288,1746694473257.781,-57,12,-112
1746694473296.656,205176,1746694473277.594,-49,11,-112
1746694473316.437,204959,1746694473297.531,-49,7,-112
1746694473336.313,204621,1746694473317.375,-50,3,-121
1746694473356.188,204236,1746694473337.219,-57,12,-125
1746694473376.062,203844,1746694473357.094,-48,12,-121
1746694473395.906,203487,1746694473376.937,-57,12,-112
1746694473415.781,203184,1746694473396.813,-46,3,-112
1746694473435.625,202961,1746694473416.656,-52,4,-112
1746694473455.5,202776,1746694473436.5,-48,8,-112
1746694473475.344,202610,1746694473456.406,-61,14,-121
1746694473495.219,202495,1746694473476.281,-49,11,-128
1746694473515.219,202423,1746694473496.094,-45,14,-125
1746694473534.969,202328,1746694473515.969,-45,16,-127
1746694473554.781,202274,1746694473535.844,-60,9,-112
1746694473574.656,202204,1746694473555.687,-61,24,-112
1746694473594.531,202123,1746694473575.531,-49,4,-100
1746694473614.406,202039,1746694473595.438,-57,7,-125
1746694473634.219,201924,1746694473615.281,-49,8,-117
1746694473654.125,201771,1746694473635.156,-50,9,-112
1746694473673.969,201570,1746694473655.0,-44,4,-121
1746694473693.844,201396,1746694473674.844,-53,3,-120
1746694473713.687,201230,1746694473694.719,-45,8,-112
1746694473733.562,201113,1746694473714.594,-48,9,-112
1746694473753.406,201043,1746694473734.406,-55,8,-104
1746694473773.281,200965,1746694473754.281,-61,4,-112
1746694473793.125,200910,1746694473774.156,-50,0,-112
1746694473812.969,200862,1746694473794.031,-23,6,-125
1746694473832.844,200835,1746694473813.844,-57,11,-116
1746694473852.688,200763,1746694473833.719,-50,8,-112
1746694473872.5,200679,1746694473853.563,-63,0,-121
1746694473892.375,200622,1746694473873.437,-57,12,-112
1746694473912.219,200555,1746694473893.25,-48,12,-121
1746694473932.125,200445,1746694473913.125,-60,8,-129
1746694473951.969,200348,1746694473933.031,-52,9,-121
1746694473971.812,200232,1746694473952.875,-53,12,-127
1746694473991.687,200129,1746694473972.687,-49,6,-112
1746694474011.563,200067,1746694473992.563,-51,7,-116
1746694474031.375,199998,1746694474012.438,-49,6,-112
1746694474051.25,199937,1746694474032.375,-57,9,-112
1746694474071.094,199905,1746694474052.125,-57,7,-125
1746694474090.969,199855,1746694474072.094,-45,8,-109
1746694474110.813,199845,1746694474091.875,-52,11,-116
1746694474130.688,199801,1746694474111.688,-47,7,-112
1746694474150.531,199783,1746694474131.531,-52,8,-112
1746694474170.375,199760,1746694474151.406,-45,12,-116
1746694474190.219,199736,1746694474171.219,-48,17,-125
1746694474210.063,199712,1746694474191.125,-45,28,-125
1746694474229.938,199713,1746694474210.969,-47,14,-125
1746694474249.781,199704,1746694474230.812,-45,11,-112
1746694474269.625,199715,1746694474250.656,-57,1,-112
1746694474289.5,199694,1746694474270.5,-48,4,-104
1746694474309.344,199613,1746694474290.375,-52,11,-125
1746694474329.219,199464,1746694474310.219,-46,9,-121
1746694474349.031,199241,1746694474330.094,-47,15,-112
1746694474368.969,199007,1746694474349.969,-55,12,-121
1746694474388.781,198796,1746694474369.844,-52,15,-121
1746694474408.625,198645,1746694474389.656,-57,14,-112
1746694474428.469,198535,1746694474409.531,-61,10,-125
1746694474448.344,198459,1746694474429.406,-56,8,-112
1746694474468.219,198470,1746694474449.219,-50,0,-120
1746694474488.063,198466,1746694474469.094,-53,6,-112
1746694474507.969,198472,1746694474488.969,-45,0,-109
1746694474527.781,198446,1746694474508.906,-63,15,-112
1746694474547.656,198468,1746694474528.688,-48,16,-112
1746694474567.531,198503,1746694474548.563,-49,11,-112
1746694474587.375,198563,1746694474568.375,-50,16,-120
1746694474607.25,198602,1746694474588.312,-49,16,-117
1746694474627.094,198577,1746694474608.125,-52,12,-121
1746694474646.969,198531,1746694474627.969,-49,11,-112
1746694474666.812,198455,1746694474647.844,-57,3,-120
1746694474686.656,198410,1746694474667.719,-63,6,-112
1746694474706.563,198362,1746694474687.531,-49,8,-125
1746694474726.406,198296,1746694474707.5,-48,14,-125
1746694474746.25,198237,1746694474727.281,-57,9,-125
1746694474766.094,198150,1746694474747.187,-52,7,-111
1746694474786.0,198080,1746694474767.0,-41,9,-112
1746694474805.844,197990,1746694474786.875,-50,12,-112
1746694474825.688,197923,1746694474806.75,-49,6,-121
1746694474845.562,197700,1746694474826.594,-58,7,-121
1746694474865.437,197593,1746694474846.437,-52,3,-112
1746694474885.313,197334,1746694474866.313,-40,7,-112
1746694474905.156,197420,1746694474886.188,-66,5,-97
1746694474925.031,197531,1746694474906.0618,-44,7,-104
1746694474944.875,197607,1746694474925.937,-65,44,-160
1746694474964.75,197565,1746694474945.75,-54,-4,-144
1746694474984.625,197629,1746694474965.625,-49,22,-121
1746694475004.469,197713,1746694474985.5,-43,7,-93
1746694475024.312,197677,1746694475005.344,-47,7,-96
1746694475044.219,197687,1746694475025.188,-61,0,-129
1746694475064.063,197511,1746694475045.125,-50,19,-133
1746694475083.937,197506,1746694475064.969,-65,-4,-141
1746694475103.844,198874,1746694475084.844,-34,39,-125
1746694475123.656,199181,1746694475104.719,-46,108,-112
1746694475143.5,199454,1746694475124.563,-53,-34,-96
1746694475163.375,199435,1746694475144.406,-45,-44,-99
1746694475183.25,199461,1746694475164.25,-48,36,-109
1746694475203.125,199451,1746694475184.125,-45,14,-112
1746694475222.969,199264,1746694475204.031,-50,-13,-112
1746694475242.813,199235,1746694475223.875,-49,3,-128
1746694475262.687,199234,1746694475243.656,-45,8,-133
1746694475282.531,199131,1746694475263.594,-32,12,-125
1746694475302.406,198975,1746694475283.438,-44,12,-127
1746694475322.406,200048,1746694475303.313,-39,7,-121
1746694475342.156,200924,1746694475323.125,23,8,-90
1746694475362.0,200771,1746694475343.0,-42,59,-152
1746694475381.875,201289,1746694475362.906,-108,1,-112
1746694475401.75,201611,1746694475382.781,-96,-8,-128
1746694475421.594,201455,1746694475402.625,-50,12,-130
1746694475441.437,201301,1746694475422.5,-37,3,-109
1746694475461.313,200975,1746694475442.375,-45,-8,-109
1746694475481.188,200287,1746694475462.188,-72,28,-104
1746694475501.031,199742,1746694475482.062,-62,6,-116
1746694475520.906,199438,1746694475501.937,-49,22,-96
1746694475540.781,199954,1746694475521.813,-46,24,-106
1746694475560.625,201805,1746694475541.656,-50,39,-104
1746694475580.5,204213,1746694475561.5,-55,51,-112
1746694475600.406,206107,1746694475581.406,-57,30,-112
1746694475620.219,207342,1746694475601.344,-54,15,-126
1746694475640.094,208507,1746694475621.094,-52,7,-122
1746694475659.969,209646,1746694475640.969,-53,15,-126
1746694475679.812,210539,1746694475660.844,-53,40,-125
1746694475699.687,210932,1746694475680.75,-61,24,-112
1746694475719.563,210886,1746694475700.594,-68,23,-121
1746694475739.438,210756,1746694475720.438,-50,15,-103
1746694475759.281,210793,1746694475740.344,-64,4,-104
1746694475779.156,210852,1746694475760.219,-73,8,-106
1746694475799.031,210752,1746694475780.031,-64,11,-113
1746694475818.938,210627,1746694475799.937,-72,3,-112
1746694475838.75,210549,1746694475819.844,-64,12,-112
1746694475858.656,210524,1746694475839.813,-61,14,-121
1746694475878.531,210567,1746694475859.531,-58,8,-109
1746694475898.375,210700,1746694475879.406,-65,11,-109
1746694475918.25,210763,1746694475899.281,-56,14,-112
1746694475938.156,210767,1746694475919.156,-55,12,-121
1746694475957.969,210738,1746694475939.031,-57,12,-112
1746694475977.844,210716,1746694475958.875,-63,8,-112
1746694475997.719,210755,1746694475978.781,-66,7,-113
1746694476017.594,210831,1746694475998.625,-47,4,-109
1746694476037.469,210826,1746694476018.469,-56,7,-114
1746694476057.313,210807,1746694476038.375,-72,11,-112
1746694476077.187,210793,1746694476058.187,-65,31,-111
1746694476097.094,210821,1746694476078.094,-64,7,-112
1746694476116.969,210882,1746694476097.906,-68,7,-104
1746694476136.781,210965,1746694476117.813,-65,0,-103
1746694476156.656,211033,1746694476137.687,-55,8,-109
1746694476176.531,211112,1746694476157.531,-68,11,-112
1746694476196.375,211213,1746694476177.406,-55,8,-115
1746694476216.219,211230,1746694476197.2808,-64,6,-112
1746694476236.125,211216,1746694476217.156,-57,12,-109
1746694476255.969,211270,1746694476237.0,-54,9,-109
1746694476275.844,211435,1746694476256.844,-66,8,-109
1746694476295.656,211597,1746694476276.719,-64,4,-112
1746694476315.562,211693,1746694476296.594,-72,12,-106
1746694476335.437,211683,1746694476316.437,-57,11,-112
1746694476355.313,211602,1746694476336.313,-60,11,-112
1746694476375.125,211496,1746694476356.188,-64,7,-112
1746694476395.031,211456,1746694476376.031,-66,7,-112
1746694476414.906,211511,1746694476395.906,-73,7,-113
1746694476434.781,211549,1746694476415.781,-63,12,-115
1746694476454.688,211621,1746694476435.688,-61,11,-121
1746694476474.5,211742,1746694476455.5308,-58,1,-114
1746694476494.375,211821,1746694476475.375,-64,14,-112
1746694476514.219,211856,1746694476495.219,-49,12,-104
1746694476534.094,211826,1746694476515.094,-54,7,-113
1746694476553.938,211766,1746694476535.0,-56,7,-112
1746694476573.844,211732,1746694476554.844,-52,11,-121
1746694476593.719,211767,1746694476574.719,-64,7,-112
1746694476613.531,211849,1746694476594.594,-61,7,-109
1746694476633.406,211915,1746694476614.438,-64,8,-104
1746694476653.312,211905,1746694476634.312,-61,13,-113
1746694476673.156,211933,1746694476654.187,-57,9,-96
1746694476693.0,211991,1746694476674.031,-63,3,-111
1746694476712.875,212107,1746694476693.906,-57,12,-112
1746694476732.75,212253,1746694476713.75,-50,9,-125
1746694476752.625,212385,1746694476733.625,-46,8,-112
1746694476772.469,212469,1746694476753.5,-53,12,-104
1746694476792.344,212468,1746694476773.375,-57,14,-104
1746694476812.219,212416,1746694476793.219,-56,12,-111
1746694476832.062,212401,1746694476813.125,-59,7,-109
1746694476851.938,212459,1746694476832.969,-68,6,-109
1746694476871.781,212494,1746694476852.844,-65,14,-119
1746694476891.656,212454,1746694476872.687,-53,15,-121
1746694476911.5,212397,1746694476892.562,-55,10,-112
1746694476931.344,212345,1746694476912.375,-59,7,-111
1746694476951.25,212307,1746694476932.25,-61,10,-104
1746694476971.125,212284,1746694476952.156,-61,8,-113
1746694476990.937,212281,1746694476972.031,-63,9,-109
1746694477010.844,212283,1746694476991.875,-52,9,-109
1746694477030.688,212285,1746694477011.719,-60,7,-112
1746694477050.563,212298,1746694477031.594,-64,13,-121
1746694477070.437,212296,1746694477051.437,-55,7,-109
1746694477090.281,212269,1746694477071.344,-60,11,-104
1746694477110.125,212234,1746694477091.156,-68,9,-109
1746694477130.031,212175,1746694477111.031,-60,8,-112
1746694477149.875,212120,1746694477130.906,-56,0,-109
1746694477169.719,212068,1746694477150.781,-69,6,-104
1746694477189.594,211982,1746694477170.625,-53,8,-112
1746694477209.469,211939,1746694477190.469,-61,11,-112
1746694477229.312,211917,1746694477210.344,-56,8,-112
1746694477249.156,211917,1746694477230.187,-60,7,-112
1746694477269.031,211948,1746694477250.0,-56,4,-121
1746694477288.906,211991,1746694477269.906,-57,7,-111
1746694477308.719,212080,1746694477289.781,-58,14,-115
1746694477328.594,212144,1746694477309.625,-68,12,-112
1746694477348.437,212176,1746694477329.5,-73,11,-109
1746694477368.313,212147,1746694477349.344,-66,8,-109
1746694477388.156,212142,1746694477369.219,-64,7,-111
1746694477408.031,212157,1746694477389.062,-57,14,-111
1746694477427.937,212143,1746694477408.937,-61,6,-112
1746694477447.813,212148,1746694477428.813,-58,7,-113
1746694477467.625,212176,1746694477448.688,-52,9,-112
1746694477487.5,212285,1746694477468.5618,-53,3,-109
1746694477507.375,212328,1746694477488.406,-57,4,-105
1746694477527.25,212320,1746694477508.281,-57,4,-109
1746694477547.094,212289,1746694477528.156,-56,13,-112
1746694477566.969,212280,1746694477548.031,-61,12,-110
1746694477586.844,212350,1746694477567.844,-61,1,-104
1746694477606.688,212452,1746694477587.719,-68,12,-107
1746694477626.563,212578,1746694477607.563,-56,6,-104
1746694477646.406,212626,1746694477627.437,-56,9,-109
1746694477666.281,212682,1746694477647.281,-68,7,-100
1746694477686.156,212715,1746694477667.156,-68,9,-109
1746694477705.969,212709,1746694477687.0,-61,19,-112
1746694477725.875,212788,1746694477706.969,-57,5,-112
1746694477745.719,212861,1746694477726.75,-66,8,-111
1746694477765.594,212977,1746694477746.594,-57,6,-112
1746694477785.438,213117,1746694477766.469,-68,8,-109
1746694477805.281,213147,1746694477786.344,-61,12,-109
1746694477825.156,213186,1746694477806.187,-57,24,-119
1746694477845.031,213289,1746694477826.031,-52,11,-112
1746694477864.875,213403,1746694477845.938,-64,12,-117
1746694477884.75,213516,1746694477865.781,-65,8,-109
1746694477904.594,213685,1746694477885.656,-60,10,-116
1746694477924.469,213805,1746694477905.5,-49,7,-112
1746694477944.313,213885,1746694477925.375,-64,-1,-121
1746694477964.219,213969,1746694477945.219,-68,11,-111
1746694477984.125,214061,1746694477965.062,-53,9,-104
1746694478003.937,214177,1746694477984.969,-64,3,-101
1746694478023.813,214277,1746694478004.844,-55,12,-111
1746694478043.656,214455,1746694478024.719,-56,12,-112
1746694478063.562,214634,1746694478044.562,-72,7,-113
1746694478083.406,214765,1746694478064.437,-60,9,-111
1746694478103.281,214892,1746694478084.313,-63,8,-96
1746694478123.156,214949,1746694478104.188,-56,6,-96
1746694478143.0,214969,1746694478124.031,-61,12,-112
1746694478162.844,214900,1746694478143.875,-56,14,-112
1746694478182.719,214765,1746694478163.75,-72,14,-109
1746694478202.563,214602,1746694478183.594,-61,9,-109
1746694478222.469,214372,1746694478203.438,-57,0,-112
1746694478242.312,214191,1746694478223.375,-52,3,-112
1746694478262.187,214079,1746694478243.219,-62,8,-112
1746694478282.063,214022,1746694478263.063,-57,3,-113
1746694478301.938,214033,1746694478282.938,-52,4,-115
1746694478321.844,213964,1746694478302.812,-63,7,-96
1746694478341.625,213905,1746694478322.687,-52,3,-98
1746694478361.5,213783,1746694478342.5,-65,9,-112
1746694478381.344,213635,1746694478362.375,-63,12,-112
1746694478401.219,213449,1746694478382.25,-68,6,-117
1746694478421.094,213268,1746694478402.125,-74,12,-112
1746694478440.938,213069,1746694478421.969,-69,12,-121
1746694478460.844,212972,1746694478441.781,-60,19,-132
1746694478480.687,212896,1746694478461.719,-68,-13,-93
1746694478500.562,212869,1746694478481.625,-13,-34,-109
1746694478520.438,212907,1746694478501.375,-68,39,-112
1746694478540.313,212795,1746694478521.313,-68,16,-112
1746694478560.125,212740,1746694478541.312,-52,-5,-111
1746694478580.031,212713,1746694478561.062,-49,16,-125
1746694478599.875,212643,1746694478580.906,-47,10,-112
1746694478619.719,212576,1746694478600.781,-48,8,-121
1746694478639.594,212553,1746694478620.625,-52,12,-108
1746694478659.469,212495,1746694478640.5,-49,9,-111
1746694478679.312,212482,1746694478660.375,-48,16,-113
1746694478699.188,212446,1746694478680.219,-55,16,-121
1746694478719.031,212408,1746694478700.094,-56,11,-121
1746694478738.875,212350,1746694478719.937,-49,9,-128
1746694478758.781,212304,1746694478739.781,-58,7,-112
1746694478778.625,212239,1746694478759.656,-53,10,-112
1746694478798.438,212178,1746694478779.5,-57,9,-119
1746694478818.3442,212112,1746694478799.344,-48,14,-112
1746694478838.187,212050,1746694478819.219,-57,22,-114
1746694478858.063,212038,1746694478839.063,-45,18,-112
1746694478877.906,211989,1746694478858.969,-55,8,-111
1746694478897.75,211957,1746694478878.844,-56,7,-121
1746694478917.656,211915,1746694478898.656,-61,3,-112
1746694478937.625,211873,1746694478918.531,-49,8,-112
1746694478957.344,211858,1746694478938.531,-63,11,-113
1746694478977.25,211822,1746694478958.25,-61,7,-112
1746694478997.125,211774,1746694478978.094,-56,12,-112
1746694479016.937,211696,1746694478998.0,-65,15,-105
1746694479036.813,211542,1746694479017.844,-66,6,-109
1746694479056.719,211373,1746694479037.75,-61,9,-96
1746694479076.562,211132,1746694479057.562,-56,7,-104
1746694479096.406,210895,1746694479077.406,-61,1,-112
1746694479116.25,210642,1746694479097.281,-52,4,-104
1746694479136.125,210390,1746694479117.188,-57,0,-129
1746694479156.031,210217,1746694479137.031,-58,2,-121
1746694479175.844,210051,1746694479156.906,-57,9,-121
1746694479195.719,209931,1746694479176.75,-52,1,-112
1746694479215.625,209821,1746694479196.594,-49,4,-112
1746694479235.469,209750,1746694479216.469,-48,7,-112
1746694479255.312,209685,1746694479236.375,-64,14,-110
1746694479275.219,209620,1746694479256.25,-63,15,-121
1746694479295.063,209590,1746694479276.094,-58,12,-114
1746694479314.937,209552,1746694479295.969,-65,12,-111
1746694479334.781,209495,1746694479315.844,-55,11,-112
1746694479354.688,209406,1746694479335.6882,-47,3,-112
1746694479374.531,209312,1746694479355.531,-56,10,-112
1746694479394.375,209190,1746694479375.437,-52,12,-113
1746694479414.219,209101,1746694479395.281,-52,15,-109
1746694479434.125,208995,1746694479415.156,-48,7,-112
1746694479453.969,208913,1746694479435.0,-47,14,-112
1746694479473.844,208824,1746694479454.844,-55,24,-120
1746694479493.687,208770,1746694479474.75,-61,15,-112
1746694479513.562,208706,1746694479494.625,-52,15,-113
1746694479533.438,208659,1746694479514.438,-64,8,-108
1746694479553.281,208588,1746694479534.281,-55,12,-111
1746694479573.125,208543,1746694479554.156,-53,6,-112
1746694479593.0,208500,1746694479574.125,-63,8,-125
1746694479612.844,208484,1746694479593.875,-49,6,-112
1746694479632.75,208436,1746694479613.719,-55,7,-112
1746694479652.562,208371,1746694479633.594,-41,4,-112
1746694479672.469,208328,1746694479653.5,-47,7,-113
1746694479692.281,208263,1746694479673.344,-61,7,-112
1746694479712.188,208235,1746694479693.156,-53,12,-125
1746694479732.0,208179,1746694479713.031,-49,12,-112
1746694479751.875,208160,1746694479732.937,-73,15,-116
1746694479771.75,208119,1746694479752.719,-55,15,-109
1746694479791.594,208094,1746694479772.625,-52,8,-112
1746694479811.438,208065,1746694479792.5,-64,0,-121
1746694479831.312,208031,1746694479812.375,-60,-1,-112
1746694479851.187,208019,1746694479832.156,-53,0,-104
1746694479871.031,207975,1746694479852.031,-49,0,-129
1746694479890.906,207948,1746694479871.906,-52,8,-104
1746694479910.75,207930,1746694479891.812,-60,7,-112
1746694479930.594,207929,1746694479911.625,-56,7,-128
1746694479950.5,207928,1746694479931.5,-68,14,-121
1746694479970.313,207846,1746694479951.406,-48,11,-114
1746694479990.187,207690,1746694479971.25,-52,12,-112
1746694480010.094,207496,1746694479991.094,-47,15,-113
1746694480029.938,207301,1746694480010.969,-64,8,-125
1746694480049.781,207116,1746694480030.813,-61,12,-125
1746694480069.625,206927,1746694480050.719,-53,14,-122
1746694480089.562,206773,1746694480070.5,-52,15,-112
1746694480109.344,206666,1746694480090.375,-49,9,-106
1746694480129.219,206574,1746694480110.25,-49,7,-112
1746694480149.063,206485,1746694480130.094,-45,16,-112
1746694480168.937,206444,1746694480149.969,-52,7,-121
1746694480188.781,206415,1746694480169.812,-61,7,-109
1746694480208.625,206412,1746694480189.656,-65,9,-120
