Local: ,2025-05-08 00:00:00+02:00,tz_sec ,7200
Linux Epoch (ms):,1746655200000.0
PPG Timestamp,PPG,ADXL Timestamp,X,Y,Z
1746694876398.156,162861,1746694876379.156,-40,17,-120
1746694876437.875,162948,1746694876418.969,-48,15,-120
1746694876457.75,162920,1746694876438.781,-34,15,-126
1746694876477.625,162850,1746694876458.719,-34,12,-128
1746694876497.5,162718,1746694876478.5308,-36,11,-112
1746694876517.375,162570,1746694876498.406,-47,15,-133
1746694876537.25,162370,1746694876518.25,-25,14,-127
1746694876557.156,162178,1746694876538.125,-40,12,-127
1746694876577.0,162020,1746694876558.063,-49,14,-121
1746694876596.875,161881,1746694876577.875,-40,19,-120
1746694876616.844,161761,1746694876597.781,-47,11,-125
1746694876636.625,161663,1746694876617.719,-40,12,-112
1746694876656.5,161596,1746694876637.531,-49,12,-104
1746694876676.375,161601,1746694876657.406,-40,10,-120
1746694876696.25,161621,1746694876677.281,-23,28,-121
1746694876716.156,161644,1746694876697.156,-37,14,-121
1746694876736.0,161686,1746694876717.062,-57,24,-121
1746694876755.875,161696,1746694876736.906,-35,22,-121
1746694876775.781,161707,1746694876756.75,-45,15,-125
1746694876795.625,161718,1746694876776.656,-45,15,-121
1746694876815.5,161705,1746694876796.531,-44,18,-120
1746694876835.375,161698,1746694876816.406,-34,18,-125
1746694876855.281,161687,1746694876836.281,-50,19,-112
1746694876875.125,161673,1746694876856.156,-40,15,-125
1746694876895.0,161649,1746694876876.031,-45,19,-125
1746694876914.875,161635,1746694876895.875,-42,19,-133
1746694876934.75,161645,1746694876915.75,-29,17,-112
1746694876954.594,161662,1746694876935.656,-40,17,-122
1746694876974.469,161660,1746694876955.5308,-29,14,-125
1746694876994.375,161706,1746694876975.344,-34,20,-125
1746694877014.25,161742,1746694876995.25,-39,12,-125
1746694877034.156,161764,1746694877015.125,-29,12,-125
1746694877054.094,161781,1746694877035.0,-48,14,-130
1746694877073.844,161823,1746694877054.969,-47,16,-125
1746694877093.75,161822,1746694877074.781,-24,18,-121
1746694877113.563,161841,1746694877094.625,-34,14,-122
1746694877133.438,161835,1746694877114.469,-52,14,-120
1746694877153.344,161857,1746694877134.344,-45,28,-131
1746694877173.187,161869,1746694877154.219,-46,19,-125
1746694877193.063,161898,1746694877174.063,-40,14,-127
1746694877212.938,161922,1746694877193.969,-36,16,-116
1746694877232.812,161925,1746694877213.812,-40,23,-125
1746694877252.656,161923,1746694877233.719,-45,14,-137
1746694877272.531,161893,1746694877253.594,-37,12,-125
1746694877292.438,161920,1746694877273.438,-39,14,-112
1746694877312.3118,161933,1746694877293.344,-40,12,-121
1746694877332.156,161959,1746694877313.156,-29,12,-120
1746694877352.031,161986,1746694877333.063,-40,9,-121
1746694877371.906,161999,1746694877352.937,-40,12,-121
1746694877391.781,162043,1746694877372.781,-37,20,-126
1746694877411.688,162109,1746694877392.656,-40,12,-133
1746694877431.563,162167,1746694877412.625,-40,14,-125
1746694877451.375,162232,1746694877432.344,-34,14,-129
1746694877471.25,162293,1746694877452.281,-36,17,-125
1746694877491.094,162361,1746694877472.156,-41,24,-122
1746694877510.969,162412,1746694877492.031,-40,20,-137
1746694877530.844,162414,1746694877511.844,-45,15,-125
1746694877550.719,162382,1746694877531.75,-33,15,-131
1746694877570.5618,162276,1746694877551.625,-36,15,-125
1746694877590.469,162197,1746694877571.5,-42,17,-125
1746694877610.313,162059,1746694877591.3442,-34,22,-112
1746694877630.187,161978,1746694877611.219,-35,19,-137
1746694877650.031,161873,1746694877631.094,-36,21,-125
1746694877669.938,161814,1746694877651.031,-45,9,-129
1746694877689.813,161778,1746694877670.781,-37,15,-120
1746694877709.625,161763,1746694877690.687,-36,15,-112
1746694877729.531,161737,1746694877710.562,-51,19,-125
1746694877749.375,161728,1746694877730.406,-39,16,-125
1746694877769.25,161693,1746694877750.281,-45,9,-120
1746694877789.094,161684,1746694877770.156,-39,13,-125
1746694877808.969,161633,1746694877790.0,-47,20,-127
1746694877828.844,161581,1746694877809.875,-49,19,-127
1746694877848.719,161539,1746694877829.688,-39,15,-121
1746694877868.562,161452,1746694877849.5942,-40,15,-130
1746694877888.406,161392,1746694877869.469,-45,31,-133
1746694877908.281,161301,1746694877889.313,-36,17,-121
1746694877928.188,161256,1746694877909.156,-44,17,-120
1746694877948.0,161195,1746694877929.031,-41,12,-104
1746694877967.875,161188,1746694877948.906,-48,15,-125
1746694877987.719,161155,1746694877968.75,-42,11,-121
1746694878007.594,161166,1746694877988.625,-45,16,-137
1746694878027.438,161197,1746694878008.469,-39,16,-123
1746694878047.344,161247,1746694878028.375,-49,15,-112
1746694878067.187,161300,1746694878048.219,-41,15,-127
1746694878087.063,161332,1746694878068.063,-47,15,-120
1746694878106.875,161409,1746694878087.938,-37,12,-112
1746694878126.781,161473,1746694878107.812,-48,16,-121
1746694878146.625,161567,1746694878127.656,-37,14,-121
1746694878166.5,161649,1746694878147.469,-32,16,-120
1746694878186.344,161744,1746694878167.375,-37,12,-125
1746694878206.219,161833,1746694878187.25,-47,12,-121
1746694878226.094,161944,1746694878207.094,-32,18,-133
1746694878245.969,162064,1746694878226.969,-39,15,-127
1746694878265.906,162147,1746694878246.844,-58,15,-125
1746694878285.687,162258,1746694878266.687,-47,16,-119
1746694878305.531,162374,1746694878286.562,-48,14,-121
1746694878325.406,162469,1746694878306.438,-36,9,-112
1746694878345.25,162560,1746694878326.281,-36,15,-126
1746694878365.156,162675,1746694878346.1558,-49,9,-125
1746694878385.0,162791,1746694878366.0,-39,4,-112
1746694878404.875,162955,1746694878385.875,-34,12,-112
1746694878424.75,163140,1746694878405.75,-39,14,-129
1746694878444.594,163315,1746694878425.656,-39,15,-127
1746694878464.469,163489,1746694878445.469,-40,12,-128
1746694878484.344,163607,1746694878465.375,-40,17,-121
1746694878504.188,163710,1746694878485.344,-33,20,-125
1746694878524.063,163805,1746694878505.094,-49,28,-125
1746694878544.0,163905,1746694878524.969,-44,16,-125
1746694878563.781,164008,1746694878544.875,-45,18,-125
1746694878583.688,164111,1746694878564.688,-36,17,-130
1746694878603.563,164180,1746694878584.594,-37,11,-125
1746694878623.406,164230,1746694878604.437,-36,17,-125
1746694878643.25,164251,1746694878624.25,-37,17,-125
1746694878663.125,164238,1746694878644.188,-40,15,-125
1746694878683.0,164186,1746694878664.031,-41,27,-111
1746694878702.875,164051,1746694878683.906,-36,12,-121
1746694878722.687,163919,1746694878703.75,-49,10,-112
1746694878742.563,163766,1746694878723.625,-39,9,-112
1746694878762.438,163657,1746694878743.469,-47,12,-121
1746694878782.281,163539,1746694878763.312,-40,15,-125
1746694878802.125,163449,1746694878783.187,-39,12,-121
1746694878822.0,163416,1746694878803.031,-37,16,-120
1746694878841.844,163435,1746694878822.906,-42,15,-129
1746694878861.719,163429,1746694878842.75,-40,14,-127
1746694878881.687,163462,1746694878862.594,-40,15,-127
1746694878901.437,163512,1746694878882.5632,-44,11,-129
1746694878921.281,163525,1746694878902.344,-45,12,-117
1746694878941.188,163573,1746694878922.188,-40,12,-122
1746694878961.0,163595,1746694878942.062,-49,10,-133
1746694878980.875,163597,1746694878961.906,-46,12,-119
1746694879000.75,163589,1746694878981.75,-40,8,-125
1746694879020.594,163560,1746694879001.625,-48,14,-120
1746694879040.437,163548,1746694879021.5,-49,15,-125
1746694879060.312,163509,1746694879041.344,-36,19,-126
1746694879080.188,163501,1746694879061.188,-44,16,-145
1746694879100.063,163479,1746694879081.063,-36,8,-125
1746694879119.906,163492,1746694879100.937,-40,4,-120
1746694879139.781,163535,1746694879120.781,-40,10,-120
1746694879159.656,163557,1746694879140.656,-39,15,-121
1746694879179.5,163573,1746694879160.531,-36,16,-120
1746694879199.344,163599,1746694879180.437,-44,14,-125
1746694879219.187,163625,1746694879200.25,-40,12,-125
1746694879239.062,163657,1746694879220.094,-50,15,-125
1746694879258.969,163681,1746694879239.938,-37,24,-133
1746694879278.813,163697,1746694879259.844,-49,15,-112
1746694879298.75,163697,1746694879279.75,-32,11,-112
1746694879318.562,163705,1746694879299.562,-44,15,-116
1746694879338.438,163760,1746694879319.438,-42,12,-112
1746694879358.25,163761,1746694879339.313,-26,20,-121
1746694879378.187,163791,1746694879359.1868,-37,11,-121
1746694879398.0,163821,1746694879379.062,-40,15,-133
1746694879417.906,163832,1746694879398.875,-39,27,-127
1746694879437.75,163886,1746694879418.781,-34,15,-120
1746694879457.594,163900,1746694879438.656,-49,28,-133
1746694879477.5,163918,1746694879458.5,-40,15,-114
1746694879497.344,163932,1746694879478.375,-39,13,-125
1746694879517.188,163962,1746694879498.219,-47,15,-121
1746694879537.062,163992,1746694879518.187,-36,14,-119
1746694879556.906,164033,1746694879537.906,-39,9,-121
1746694879576.781,164095,1746694879557.813,-36,12,-137
1746694879596.625,164165,1746694879577.688,-48,14,-129
1746694879616.562,164229,1746694879597.5,-39,16,-112
1746694879636.375,164296,1746694879617.4368,-38,13,-112
1746694879656.219,164355,1746694879637.25,-40,11,-121
1746694879676.063,164424,1746694879657.094,-50,11,-125
1746694879695.938,164482,1746694879676.969,-40,12,-127
1746694879715.812,164562,1746694879696.812,-39,15,-122
1746694879735.656,164616,1746694879716.687,-36,16,-127
1746694879755.563,164702,1746694879736.563,-57,11,-133
1746694879775.4058,164783,1746694879756.469,-45,19,-127
1746694879795.281,164852,1746694879776.281,-37,11,-120
1746694879815.125,164897,1746694879796.156,-36,7,-121
1746694879835.031,164866,1746694879816.063,-34,12,-129
1746694879854.906,164808,1746694879835.938,-45,16,-122
1746694879874.75,164678,1746694879855.781,-36,24,-128
1746694879894.594,164544,1746694879875.625,-40,19,-125
1746694879914.5,164425,1746694879895.5,-32,16,-133
1746694879934.344,164296,1746694879915.406,-39,22,-130
1746694879954.219,164203,1746694879935.25,-37,14,-137
1746694879974.062,164116,1746694879955.062,-37,19,-120
1746694879993.938,164103,1746694879975.0,-47,15,-125
1746694880013.813,164112,1746694879994.813,-36,15,-121
1746694880033.687,164120,1746694880014.656,-48,14,-120
1746694880053.5,164153,1746694880034.531,-39,12,-120
1746694880073.406,164180,1746694880054.406,-36,15,-112
1746694880093.281,164199,1746694880074.281,-49,1,-125
1746694880113.156,164209,1746694880094.125,-32,17,-120
1746694880133.0618,164240,1746694880114.031,-34,14,-121
1746694880152.875,164232,1746694880133.938,-48,11,-116
1746694880172.75,164220,1746694880153.719,-40,15,-125
1746694880192.625,164174,1746694880173.563,-42,9,-116
1746694880212.469,164195,1746694880193.5,-41,12,-128
1746694880232.375,164190,1746694880213.375,-45,9,-112
1746694880252.25,164172,1746694880233.219,-34,18,-112
1746694880272.125,164198,1746694880253.125,-39,14,-127
1746694880291.969,164228,1746694880273.0,-49,16,-121
1746694880311.812,164249,1746694880292.875,-55,14,-112
1746694880331.719,164308,1746694880312.719,-45,15,-125
1746694880351.562,164401,1746694880332.562,-47,15,-125
1746694880371.406,164466,1746694880352.437,-40,9,-120
1746694880391.281,164577,1746694880372.313,-40,16,-125
1746694880411.156,164712,1746694880392.188,-42,17,-127
1746694880431.031,164860,1746694880412.031,-34,15,-130
1746694880450.875,165049,1746694880431.906,-41,11,-120
1746694880470.75,165224,1746694880451.781,-52,11,-125
1746694880490.594,165479,1746694880471.625,-36,14,-126
1746694880510.438,165739,1746694880491.469,-37,11,-128
1746694880530.312,166048,1746694880511.375,-40,22,-125
1746694880550.187,166302,1746694880531.219,-36,28,-137
1746694880570.0632,166524,1746694880551.063,-36,22,-133
1746694880589.906,166697,1746694880570.938,-36,12,-125
1746694880609.781,166818,1746694880590.844,-48,16,-120
1746694880629.656,166900,1746694880610.656,-39,16,-133
1746694880649.5,166987,1746694880630.531,-53,8,-121
1746694880669.344,167053,1746694880650.469,-42,7,-125
1746694880689.219,167087,1746694880670.281,-40,13,-126
1746694880709.094,167141,1746694880690.094,-45,9,-125
1746694880728.969,167130,1746694880709.969,-36,15,-125
1746694880748.813,167110,1746694880729.875,-34,15,-122
1746694880768.687,167042,1746694880749.75,-36,14,-123
1746694880788.594,167001,1746694880769.562,-45,13,-112
1746694880808.469,166960,1746694880789.469,-45,12,-125
1746694880828.281,166897,1746694880809.375,-12,8,-121
1746694880848.187,166876,1746694880829.187,-36,7,-114
1746694880868.031,166806,1746694880849.062,-49,12,-125
1746694880887.906,166735,1746694880868.938,-43,20,-121
1746694880907.75,166679,1746694880888.781,-36,7,-129
1746694880927.625,166597,1746694880908.6558,-45,12,-125
1746694880947.469,166532,1746694880928.5,-38,4,-115
1746694880967.344,166494,1746694880948.312,-37,8,-120
1746694880987.188,166445,1746694880968.219,-37,17,-129
1746694881007.063,166359,1746694880988.094,-38,17,-137
1746694881026.937,166218,1746694881007.937,-36,15,-133
1746694881046.812,166053,1746694881027.812,-40,14,-127
1746694881066.656,165871,1746694881047.719,-48,15,-122
1746694881086.531,165714,1746694881067.563,-39,9,-121
1746694881106.375,165556,1746694881087.375,-36,14,-120
1746694881126.25,165409,1746694881107.25,-45,15,-125
1746694881146.094,165329,1746694881127.156,-45,15,-125
1746694881165.969,165296,1746694881147.0,-48,7,-127
1746694881185.875,165314,1746694881166.844,-36,3,-133
1746694881205.719,165357,1746694881186.75,-36,14,-126
1746694881225.594,165427,1746694881206.625,-41,8,-133
1746694881245.438,165471,1746694881226.469,-36,15,-127
1746694881265.375,165519,1746694881246.344,-49,18,-120
1746694881285.156,165567,1746694881266.219,-36,7,-116
1746694881305.031,165619,1746694881286.063,-37,15,-125
1746694881324.875,165634,1746694881305.969,-48,12,-121
1746694881344.781,165641,1746694881325.781,-40,16,-145
1746694881364.625,165631,1746694881345.656,-34,12,-125
1746694881384.5,165605,1746694881365.563,-44,11,-111
1746694881404.375,165566,1746694881385.406,-37,9,-130
1746694881424.25,165526,1746694881405.25,-36,14,-129
1746694881444.094,165519,1746694881425.125,-47,16,-136
1746694881464.0,165510,1746694881445.031,-45,12,-121
1746694881483.844,165532,1746694881464.844,-40,12,-112
1746694881503.719,165550,1746694881484.75,-48,15,-112
1746694881523.562,165581,1746694881504.594,-40,23,-121
1746694881543.437,165584,1746694881524.5,-48,17,-121
1746694881563.344,165589,1746694881544.313,-29,14,-120
1746694881583.188,165647,1746694881564.188,-44,12,-120
1746694881603.031,165659,1746694881584.094,-41,19,-125
1746694881622.906,165696,1746694881603.969,-36,20,-125
1746694881642.781,165732,1746694881623.781,-49,16,-133
1746694881662.656,165781,1746694881643.687,-37,19,-121
1746694881682.5,165823,1746694881663.531,-36,24,-127
1746694881702.375,165865,1746694881683.406,-44,16,-125
1746694881722.281,165897,1746694881703.25,-49,16,-112
1746694881742.156,165928,1746694881723.125,-45,15,-120
1746694881761.969,165984,1746694881743.031,-39,16,-125
1746694881781.844,166037,1746694881762.906,-50,15,-121
1746694881801.688,166129,1746694881782.75,-40,18,-120
1746694881821.563,166196,1746694881802.594,-45,17,-125
1746694881841.375,166280,1746694881822.437,-37,19,-120
1746694881861.25,166382,1746694881842.281,-45,12,-127
1746694881881.125,166460,1746694881862.156,-32,15,-121
1746694881900.969,166546,1746694881882.0,-36,14,-120
1746694881920.844,166642,1746694881901.875,-40,11,-126
1746694881940.687,166785,1746694881921.75,-39,9,-125
1746694881960.562,166882,1746694881941.562,-48,12,-125
1746694881980.406,166996,1746694881961.438,-38,16,-122
1746694882000.25,167110,1746694881981.313,-47,15,-129
1746694882020.094,167195,1746694882001.156,-49,16,-128
1746694882039.969,167276,1746694882021.0,-47,14,-125
1746694882059.813,167391,1746694882040.875,-36,14,-112
1746694882079.656,167517,1746694882060.656,-37,14,-125
1746694882099.562,167643,1746694882080.594,-40,12,-125
1746694882119.406,167742,1746694882100.437,-47,15,-122
1746694882139.281,167849,1746694882120.25,-40,15,-136
1746694882159.094,167908,1746694882140.156,-41,9,-133
1746694882178.969,167929,1746694882160.031,-39,7,-129
1746694882198.844,167924,1746694882179.9368,-40,15,-125
1746694882218.719,167825,1746694882199.719,-45,12,-127
1746694882238.563,167717,1746694882219.594,-50,15,-125
1746694882258.406,167640,1746694882239.469,-49,15,-137
1746694882278.281,167579,1746694882259.25,-45,16,-135
1746694882298.125,167520,1746694882279.156,-45,14,-128
1746694882317.969,167560,1746694882299.031,-34,15,-120
1746694882337.875,167611,1746694882318.875,-45,15,-125
1746694882357.719,167714,1746694882338.75,-35,24,-127
1746694882377.594,167818,1746694882358.625,-31,19,-133
1746694882397.469,167910,1746694882378.5,-36,15,-125
1746694882417.313,167979,1746694882398.375,-52,16,-119
1746694882437.219,168056,1746694882418.219,-40,12,-125
1746694882457.031,168111,1746694882438.094,-46,12,-112
1746694882476.906,168153,1746694882457.938,-50,19,-118
1746694882496.781,168151,1746694882477.844,-44,11,-127
1746694882516.656,168138,1746694882497.656,-33,19,-129
1746694882536.5,168106,1746694882517.531,-45,12,-129
1746694882556.375,168014,1746694882537.406,-33,17,-125
1746694882576.219,167941,1746694882557.281,-40,9,-129
1746694882596.094,167892,1746694882577.125,-40,14,-125
1746694882615.937,167833,1746694882597.0,-37,18,-125
1746694882635.812,167801,1746694882616.844,-36,19,-132
1746694882655.719,167803,1746694882636.719,-47,20,-133
1746694882675.563,167816,1746694882656.594,-39,14,-130
1746694882695.375,167843,1746694882676.469,-45,12,-125
1746694882715.25,167878,1746694882696.281,-41,15,-122
1746694882735.125,167919,1746694882716.125,-40,11,-125
1746694882755.031,168013,1746694882736.0,-47,11,-120
1746694882774.875,168079,1746694882755.906,-47,12,-133
1746694882794.781,168140,1746694882775.781,-41,16,-120
1746694882814.625,168182,1746694882795.625,-40,12,-132
1746694882834.625,168217,1746694882815.594,-49,15,-121
1746694882854.344,168252,1746694882835.406,-36,19,-125
1746694882874.25,168272,1746694882855.281,-40,16,-133
1746694882894.125,168286,1746694882875.156,-49,14,-125
1746694882914.0,168314,1746694882895.0,-40,15,-127
1746694882933.969,168340,1746694882914.875,-51,9,-125
1746694882953.719,168323,1746694882934.875,-39,14,-125
1746694882973.594,168337,1746694882954.594,-36,15,-112
1746694882993.438,168343,1746694882974.469,-49,12,-125
1746694883013.312,168365,1746694882994.312,-36,14,-133
1746694883033.187,168395,1746694883014.25,-35,16,-132
1746694883053.063,168456,1746694883034.094,-39,12,-125
1746694883072.906,168501,1746694883053.938,-42,12,-127
1746694883092.75,168571,1746694883073.812,-41,19,-129
1746694883112.625,168630,1746694883093.687,-33,15,-125
1746694883132.5632,168677,1746694883113.5,-26,11,-125
1746694883152.344,168708,1746694883133.375,-40,15,-120
1746694883172.219,168777,1746694883153.25,-36,15,-112
1746694883192.062,168836,1746694883173.125,-47,28,-125
1746694883211.969,168886,1746694883192.969,-39,14,-133
1746694883231.781,168931,1746694883212.844,-40,17,-127
1746694883251.656,168919,1746694883232.687,-34,16,-120
1746694883271.531,168899,1746694883252.562,-49,15,-122
1746694883291.406,168827,1746694883272.406,-48,12,-125
1746694883311.25,168688,1746694883292.281,-50,15,-125
1746694883331.125,168510,1746694883312.187,-40,20,-125
1746694883351.031,168364,1746694883332.0,-42,15,-133
1746694883370.906,168230,1746694883351.906,-40,17,-121
1746694883390.781,168092,1746694883371.75,-39,16,-125
1746694883410.656,167973,1746694883391.656,-36,15,-120
1746694883430.531,167929,1746694883411.531,-32,9,-112
1746694883450.406,167900,1746694883431.406,-36,12,-125
1746694883470.25,167898,1746694883451.281,-40,12,-125
1746694883490.125,167888,1746694883471.1558,-61,16,-120
1746694883510.0,167895,1746694883491.0,-39,11,-126
1746694883529.938,167932,1746694883510.875,-49,16,-112
1746694883549.688,167939,1746694883530.75,-39,16,-119
1746694883569.563,167972,1746694883550.594,-48,12,-125
1746694883589.469,167958,1746694883570.437,-42,16,-120
1746694883609.312,167915,1746694883590.344,-47,17,-125
1746694883629.156,167899,1746694883610.188,-40,15,-121
1746694883649.063,167880,1746694883630.063,-40,18,-112
1746694883668.937,167853,1746694883649.937,-36,14,-128
1746694883688.781,167815,1746694883669.812,-50,12,-112
1746694883708.625,167819,1746694883689.688,-40,15,-127
1746694883728.5,167822,1746694883709.531,-37,12,-121
1746694883748.375,167844,1746694883729.406,-48,15,-121
1746694883768.219,167901,1746694883749.219,-41,14,-125
1746694883788.063,167927,1746694883769.063,-44,23,-120
1746694883807.969,167974,1746694883789.0,-40,9,-125
1746694883827.812,168021,1746694883808.875,-40,20,-121
1746694883847.656,168073,1746694883828.687,-49,13,-121
1746694883867.5,168120,1746694883848.594,-40,12,-112
1746694883887.375,168150,1746694883868.438,-49,23,-112
1746694883907.25,168168,1746694883888.281,-37,15,-126
1746694883927.125,168178,1746694883908.125,-49,15,-124
1746694883946.906,168217,1746694883927.969,-49,7,-111
1746694883966.781,168214,1746694883947.813,-39,20,-112
1746694883986.625,168219,1746694883967.688,-49,15,-121
1746694884006.469,168215,1746694883987.531,-34,17,-137
1746694884026.312,168219,1746694884007.375,-39,15,-129
1746694884046.156,168218,1746694884027.219,-51,15,-120
1746694884066.031,168248,1746694884047.031,-32,15,-112
1746694884085.906,168221,1746694884066.906,-43,12,-127
1746694884105.719,168235,1746694884086.812,-48,14,-121
1746694884125.594,168226,1746694884106.656,-45,19,-121
1746694884145.469,168227,1746694884126.469,-37,12,-121
1746694884165.344,168221,1746694884146.437,-45,16,-130
1746694884185.156,168212,1746694884166.187,-40,17,-113
1746694884205.031,168196,1746694884186.094,-50,15,-121
1746694884224.906,168214,1746694884205.969,-33,24,-130
1746694884244.781,168244,1746694884225.781,-46,14,-125
1746694884264.625,168267,1746694884245.656,-32,9,-112
1746694884284.5,168328,1746694884265.531,-36,31,-131
1746694884304.375,168366,1746694884285.344,-36,14,-116
1746694884324.219,168422,1746694884305.25,-32,8,-127
1746694884344.063,168465,1746694884325.125,-40,14,-112
1746694884363.937,168530,1746694884344.969,-47,15,-120
1746694884383.781,168596,1746694884364.813,-45,25,-121
1746694884403.625,168651,1746694884384.656,-45,12,-112
1746694884423.5,168706,1746694884404.531,-47,15,-127
1746694884443.3442,168754,1746694884424.406,-41,14,-126
1746694884463.187,168754,1746694884444.187,-41,14,-126
1746694884483.156,168705,1746694884464.063,-49,15,-128
1746694884502.938,168621,1746694884484.062,-47,15,-125
1746694884522.812,168457,1746694884503.812,-44,15,-133
1746694884542.687,168286,1746694884523.656,-39,15,-127
1746694884562.531,168151,1746694884543.563,-39,13,-133
1746694884582.406,167989,1746694884563.438,-36,16,-114
1746694884602.281,167887,1746694884583.281,-39,12,-120
1746694884622.125,167819,1746694884603.125,-56,14,-112
1746694884641.969,167810,1746694884623.031,-49,15,-125
1746694884661.844,167798,1746694884642.875,-37,12,-125
1746694884681.719,167830,1746694884662.75,-44,3,-125
1746694884701.594,167844,1746694884682.594,-47,16,-128
1746694884721.406,167870,1746694884702.437,-40,19,-127
1746694884741.281,167867,1746694884722.313,-45,12,-128
1746694884761.156,167888,1746694884742.188,-34,17,-129
1746694884781.0,167879,1746694884762.062,-36,14,-128
1746694884800.875,167873,1746694884781.844,-38,15,-120
1746694884820.719,167807,1746694884801.75,-40,15,-121
1746694884840.594,167734,1746694884821.594,-44,15,-112
1746694884860.469,167669,1746694884841.469,-49,13,-141
1746694884880.312,167627,1746694884861.375,-40,16,-130
1746694884900.219,167572,1746694884881.25,-32,9,-127
1746694884920.156,167543,1746694884901.094,-42,14,-129
1746694884939.937,167502,1746694884921.062,-52,17,-137
1746694884959.812,167477,1746694884940.812,-36,19,-120
1746694884979.656,167485,1746694884960.719,-49,16,-130
1746694884999.531,167487,1746694884980.563,-48,13,-112
1746694885019.406,167514,1746694885000.437,-34,24,-127
1746694885039.25,167516,1746694885020.281,-45,12,-127
1746694885059.125,167506,1746694885040.188,-48,15,-137
1746694885079.031,167508,1746694885060.0,-38,15,-120
1746694885098.875,167524,1746694885079.906,-47,11,-128
1746694885118.719,167555,1746694885099.781,-41,12,-125
1746694885138.594,167576,1746694885119.688,-48,8,-125
1746694885158.5,167612,1746694885139.469,-42,15,-133
1746694885178.344,167659,1746694885159.375,-44,16,-137
1746694885198.187,167676,1746694885179.219,-33,16,-125
1746694885218.094,167711,1746694885199.125,-50,14,-125
1746694885237.938,167765,1746694885219.0,-37,20,-125
1746694885257.812,167808,1746694885238.781,-41,30,-112
1746694885277.781,167851,1746694885258.687,-45,17,-125
1746694885297.531,167903,1746694885278.656,-44,19,-133
1746694885317.406,167929,1746694885298.406,-32,12,-114
1746694885337.25,167973,1746694885318.281,-36,14,-112
1746694885357.094,168029,1746694885338.156,-49,31,-125
1746694885376.969,168055,1746694885358.031,-44,17,-125
1746694885396.844,168117,1746694885377.875,-36,16,-130
1746694885416.688,168185,1746694885397.75,-36,7,-111
1746694885436.562,168247,1746694885417.656,-44,14,-112
1746694885456.437,168313,1746694885437.469,-40,15,-125
1746694885476.3132,168379,1746694885457.281,-37,12,-121
1746694885496.156,168469,1746694885477.156,-38,20,-125
1746694885516.0,168537,1746694885497.062,-39,12,-121
1746694885535.906,168618,1746694885516.906,-53,12,-125
1746694885555.781,168674,1746694885536.781,-49,11,-112
1746694885575.594,168755,1746694885556.6558,-49,17,-127
1746694885595.5,168827,1746694885576.5,-49,15,-125
1746694885615.344,168874,1746694885596.375,-45,17,-121
1746694885635.219,168962,1746694885616.219,-32,19,-120
1746694885655.031,169002,1746694885636.094,-49,14,-128
1746694885674.937,169082,1746694885655.969,-38,7,-125
1746694885694.781,169075,1746694885675.812,-41,12,-121
1746694885714.656,169059,1746694885695.656,-44,15,-123
1746694885734.5632,168975,1746694885715.531,-37,7,-127
1746694885754.375,168829,1746694885735.406,-50,3,-116
1746694885774.25,168662,1746694885755.25,-40,8,-125
1746694885794.125,168504,1746694885775.125,-36,15,-120
1746694885813.969,168336,1746694885795.0,-45,14,-136
1746694885833.844,168218,1746694885814.875,-45,19,-125
1746694885853.719,168104,1746694885834.75,-41,16,-122
1746694885873.594,168058,1746694885854.562,-40,9,-112
1746694885893.438,168041,1746694885874.469,-40,12,-121
1746694885913.313,168056,1746694885894.313,-44,9,-120
1746694885933.187,168055,1746694885914.187,-49,16,-133
1746694885953.062,168069,1746694885934.094,-45,15,-127
1746694885972.906,168098,1746694885953.906,-41,16,-120
1746694885992.781,168103,1746694885973.813,-45,12,-133
1746694886012.656,168110,1746694885993.656,-41,9,-127
1746694886032.531,168100,1746694886013.5,-36,12,-133
1746694886052.375,168051,1746694886033.406,-36,18,-133
1746694886072.25,168007,1746694886053.281,-49,14,-121
1746694886092.125,167967,1746694886073.094,-24,19,-112
1746694886111.969,167909,1746694886093.031,-53,16,-112
1746694886132.0,167869,1746694886112.906,-43,15,-125
1746694886151.75,167868,1746694886132.781,-37,32,-129
1746694886171.594,167867,1746694886152.625,-49,16,-121
1746694886191.406,167888,1746694886172.5,-37,16,-109
1746694886211.313,167921,1746694886192.344,-45,13,-112
1746694886231.188,167908,1746694886212.219,-40,11,-125
1746694886251.031,167907,1746694886232.062,-44,16,-133
1746694886270.875,167928,1746694886251.906,-49,15,-125
1746694886290.781,167935,1746694886271.813,-49,9,-121
1746694886310.594,167946,1746694886291.656,-37,14,-112
1746694886330.5,167960,1746694886311.469,-49,14,-125
1746694886350.312,167973,1746694886331.375,-49,12,-120
1746694886370.156,167980,1746694886351.219,-36,12,-112
1746694886390.031,167973,1746694886371.063,-47,17,-125
1746694886409.906,167992,1746694886390.938,-39,15,-125
1746694886429.75,167967,1746694886410.812,-17,15,-130
1746694886449.625,167985,1746694886430.625,-41,17,-130
1746694886469.5,167996,1746694886450.5,-41,12,-126
1746694886489.344,168009,1746694886470.375,-41,19,-129
1746694886509.187,168000,1746694886490.25,-45,16,-125
1746694886529.094,168032,1746694886510.125,-41,15,-125
1746694886548.938,168059,1746694886529.938,-49,15,-129
1746694886568.813,168084,1746694886549.813,-36,23,-122
1746694886588.625,168122,1746694886569.687,-49,15,-133
1746694886608.5,168177,1746694886589.531,-40,19,-137
1746694886628.438,168224,1746694886609.375,-45,15,-135
1746694886648.219,168269,1746694886629.313,-42,19,-120
1746694886668.063,168359,1746694886649.125,-45,15,-112
1746694886687.937,168413,1746694886668.969,-48,12,-125
1746694886707.781,168474,1746694886688.812,-42,12,-120
1746694886727.688,168518,1746694886708.688,-36,15,-125
1746694886747.5,168583,1746694886728.563,-47,15,-127
1746694886767.406,168660,1746694886748.5,-38,17,-127
1746694886787.281,168712,1746694886768.281,-37,14,-112
1746694886807.125,168768,1746694886788.156,-40,8,-112
1746694886826.969,168786,1746694886808.0,-48,14,-125
1746694886846.812,168765,1746694886827.875,-39,7,-126
1746694886866.687,168698,1746694886847.687,-40,8,-127
1746694886886.531,168582,1746694886867.563,-36,23,-133
1746694886906.406,168416,1746694886887.438,-47,14,-125
1746694886926.25,168239,1746694886907.312,-49,16,-133
1746694886946.125,168107,1746694886927.156,-48,15,-120
1746694886966.031,167977,1746694886947.031,-36,14,-121
1746694886985.844,167902,1746694886966.906,-48,11,-120
1746694887005.719,167874,1746694886986.75,-39,14,-112
1746694887025.594,167849,1746694887006.625,-50,15,-112
1746694887045.437,167858,1746694887026.469,-36,15,-112
1746694887065.281,167804,1746694887046.313,-37,15,-121
1746694887085.125,167783,1746694887066.219,-34,9,-127
1746694887105.0,167792,1746694887086.031,-39,12,-125
1746694887124.875,167748,1746694887105.875,-39,12,-120
1746694887144.719,167742,1746694887125.75,-40,8,-112
1746694887164.563,167705,1746694887145.625,-51,21,-128
1746694887184.438,167648,1746694887165.469,-34,12,-116
1746694887204.312,167607,1746694887185.312,-33,17,-127
1746694887224.156,167534,1746694887205.219,-48,24,-125
1746694887244.031,167501,1746694887225.094,-39,12,-126
1746694887263.875,167461,1746694887244.937,-40,17,-128
1746694887283.781,167445,1746694887264.781,-40,16,-129
1746694887303.594,167432,1746694887284.656,-44,17,-127
1746694887323.469,167449,1746694887304.5,-47,14,-120
1746694887343.344,167465,1746694887324.344,-40,14,-128
1746694887363.219,167479,1746694887344.25,-45,16,-125
1746694887383.031,167502,1746694887364.094,-49,16,-125
1746694887402.906,167537,1746694887383.969,-40,12,-125
1746694887422.781,167573,1746694887403.781,-39,8,-129
1746694887442.625,167600,1746694887423.687,-44,16,-125
1746694887462.469,167611,1746694887443.531,-36,12,-116
1746694887482.375,167644,1746694887463.375,-34,12,-125
1746694887502.281,167673,1746694887483.25,-32,14,-132
1746694887522.094,167665,1746694887503.062,-36,14,-129
1746694887541.937,167675,1746694887522.969,-33,14,-133
1746694887561.812,167691,1746694887542.844,-41,20,-125
1746694887581.688,167717,1746694887562.6882,-39,16,-125
1746694887601.531,167743,1746694887582.562,-41,15,-133
1746694887621.375,167759,1746694887602.406,-52,31,-121
1746694887641.25,167787,1746694887622.25,-39,18,-121
1746694887661.094,167812,1746694887642.125,-40,16,-125
1746694887680.969,167833,1746694887662.0,-40,16,-112
1746694887700.844,167882,1746694887681.875,-40,14,-125
1746694887720.687,167895,1746694887701.75,-51,16,-125
1746694887740.594,167962,1746694887721.531,-47,15,-120
1746694887760.438,168011,1746694887741.469,-41,12,-112
1746694887780.281,168057,1746694887761.344,-39,15,-125
1746694887800.156,168124,1746694887781.187,-48,15,-133
1746694887820.094,168171,1746694887801.031,-45,15,-133
1746694887839.875,168230,1746694887820.969,-40,14,-121
1746694887859.75,168302,1746694887840.781,-36,16,-112
1746694887879.625,168329,1746694887860.656,-47,14,-125
1746694887899.5,168381,1746694887880.5,-39,9,-125
1746694887919.344,168450,1746694887900.375,-42,14,-130
1746694887939.188,168492,1746694887920.25,-49,8,-133
1746694887959.094,168494,1746694887940.094,-49,3,-112
1746694887978.969,168416,1746694887959.969,-41,15,-125
1746694887998.844,168311,1746694887979.844,-36,15,-127
1746694888018.687,168149,1746694887999.719,-45,9,-116
1746694888038.531,167974,1746694888019.562,-45,16,-126
1746694888058.406,167780,1746694888039.438,-51,27,-127
1746694888078.281,167588,1746694888059.281,-42,15,-128
1746694888098.156,167387,1746694888079.156,-39,15,-120
1746694888118.031,167196,1746694888099.031,-49,12,-112
1746694888137.875,166997,1746694888118.938,-32,9,-125
1746694888157.719,166841,1746694888138.719,-39,15,-125
1746694888177.563,166728,1746694888158.594,-40,10,-112
1746694888197.469,166695,1746694888178.469,-56,14,-112
1746694888217.344,166766,1746694888198.375,-45,9,-122
1746694888237.188,166912,1746694888218.219,-34,15,-112
1746694888257.063,167091,1746694888238.094,-41,8,-125
1746694888276.906,167192,1746694888257.937,-50,15,-122
1746694888296.781,167261,1746694888277.812,-32,16,-137
1746694888316.625,167274,1746694888297.656,-44,12,-133
1746694888336.594,167234,1746694888317.531,-40,17,-125
1746694888356.375,167193,1746694888337.406,-50,15,-122
1746694888376.25,167157,1746694888357.25,-40,12,-121
1746694888396.094,167168,1746694888377.156,-54,16,-125
1746694888415.969,167217,1746694888397.031,-44,16,-143
1746694888435.844,167298,1746694888416.844,-49,19,-125
1746694888455.687,167375,1746694888436.687,-34,15,-120
1746694888475.531,167475,1746694888456.594,-43,12,-112
1746694888495.406,167510,1746694888476.438,-40,9,-125
1746694888515.25,167492,1746694888496.281,-39,14,-134
1746694888535.125,167418,1746694888516.156,-36,15,-133
1746694888554.969,167350,1746694888536.0,-41,17,-125
1746694888574.813,167328,1746694888555.906,-41,15,-121
1746694888594.719,167368,1746694888575.7192,-40,33,-133
1746694888614.625,167447,1746694888595.625,-36,19,-128
1746694888634.406,167528,1746694888615.531,-32,15,-133
1746694888654.281,167625,1746694888635.344,-52,17,-130
1746694888674.156,167641,1746694888655.156,-49,12,-127
1746694888694.0,167588,1746694888675.031,-37,31,-125
1746694888713.875,167417,1746694888694.906,-34,19,-125
1746694888733.719,167238,1746694888714.781,-48,19,-127
1746694888753.594,167137,1746694888734.594,-36,7,-133
1746694888773.438,167066,1746694888754.531,-42,16,-130
1746694888793.281,167091,1746694888774.344,-40,15,-112
1746694888813.125,167192,1746694888794.188,-40,11,-128
1746694888833.0,167302,1746694888814.031,-39,14,-125
1746694888852.875,167398,1746694888833.844,-40,14,-120
1746694888872.687,167507,1746694888853.812,-47,24,-129
1746694888892.562,167636,1746694888873.594,-34,20,-125
1746694888912.438,167730,1746694888893.438,-39,20,-120
1746694888932.281,167834,1746694888913.313,-40,15,-122
1746694888952.187,167884,1746694888933.219,-48,20,-121
1746694888972.031,167902,1746694888953.094,-41,12,-125
1746694888991.906,167908,1746694888972.906,-34,12,-125
1746694889011.75,167916,1746694888992.813,-41,17,-121
1746694889031.625,167853,1746694889012.625,-32,16,-126
1746694889051.5,167713,1746694889032.5,-49,17,-120
1746694889071.312,167509,1746694889052.375,-45,14,-121
1746694889091.188,167268,1746694889072.188,-49,24,-132
1746694889111.031,167018,1746694889092.094,-33,15,-129
1746694889130.937,166806,1746694889111.969,-41,19,-127
1746694889150.781,166648,1746694889131.813,-36,17,-128
1746694889170.625,166522,1746694889151.656,-40,19,-129
1746694889190.469,166445,1746694889171.562,-45,15,-132
1746694889210.375,166418,1746694889191.375,-48,17,-127
1746694889230.281,166432,1746694889211.25,-46,16,-125
1746694889250.094,166482,1746694889231.156,-39,14,-133
1746694889269.969,166564,1746694889251.0,-37,19,-131
1746694889289.812,166616,1746694889270.875,-32,15,-125
1746694889309.687,166692,1746694889290.719,-36,15,-125
1746694889329.531,166737,1746694889310.563,-40,23,-121
1746694889349.406,166791,1746694889330.469,-41,19,-127
1746694889369.25,166773,1746694889350.25,-13,16,-120
1746694889389.156,166782,1746694889370.156,-40,12,-120
1746694889408.969,166740,1746694889390.031,-36,12,-125
1746694889428.844,166719,1746694889409.844,-43,39,-120
1746694889448.719,166697,1746694889429.75,-40,19,-127
1746694889468.594,166671,1746694889449.625,-40,17,-125
1746694889488.469,166673,1746694889469.469,-47,15,-111
1746694889508.313,166731,1746694889489.406,-52,17,-112
1746694889528.188,166764,1746694889509.219,-39,11,-112
1746694889548.062,166808,1746694889529.062,-36,20,-131
1746694889567.906,166881,1746694889548.969,-42,12,-116
1746694889587.781,166938,1746694889568.813,-39,15,-121
1746694889607.656,166998,1746694889588.656,-58,19,-133
1746694889627.562,167020,1746694889608.562,-52,14,-129
1746694889647.375,167059,1746694889628.438,-39,16,-133
1746694889667.25,167091,1746694889648.281,-49,18,-129
1746694889687.125,167121,1746694889668.125,-39,15,-135
1746694889707.0,167173,1746694889688.0,-42,19,-128
1746694889726.844,167252,1746694889707.875,-39,15,-125
1746694889746.719,167327,1746694889727.75,-49,15,-133
1746694889766.625,167405,1746694889747.625,-55,11,-127
1746694889786.5,167507,1746694889767.5,-41,15,-116
1746694889806.344,167587,1746694889787.375,-43,14,-120
1746694889826.25,167703,1746694889807.25,-57,9,-127
1746694889846.125,167784,1746694889827.125,-36,15,-133
1746694889866.062,167891,1746694889847.0,-42,15,-129
1746694889885.812,167942,1746694889866.875,-48,11,-129
1746694889905.719,168036,1746694889886.719,-40,8,-121
1746694889925.563,168089,1746694889906.594,-48,18,-112
1746694889945.437,168151,1746694889926.406,-39,9,-124
1746694889965.344,168235,1746694889946.375,-45,14,-137
1746694889985.25,168289,1746694889966.188,-40,15,-128
1746694890005.156,168357,1746694889986.125,-39,17,-125
1746694890024.969,168376,1746694890006.031,-37,14,-125
1746694890044.844,168416,1746694890025.875,-42,16,-125
1746694890064.719,168388,1746694890045.719,-47,15,-125
1746694890084.656,168303,1746694890065.594,-36,17,-125
1746694890104.437,168181,1746694890085.562,-44,12,-112
1746694890124.281,168014,1746694890105.344,-39,20,-127
1746694890144.156,167854,1746694890125.1882,-50,23,-125
1746694890164.0,167675,1746694890145.031,-34,17,-133
1746694890183.844,167535,1746694890164.906,-40,19,-121
1746694890203.75,167421,1746694890184.781,-40,12,-121
1746694890223.594,167341,1746694890204.625,-47,15,-121
1746694890243.469,167301,1746694890224.469,-40,16,-131
1746694890263.312,167293,1746694890244.375,-40,16,-127
1746694890283.156,167279,1746694890264.219,-42,16,-135
1746694890303.031,167298,1746694890284.063,-36,12,-125
1746694890322.875,167292,1746694890303.906,-45,12,-125
1746694890342.719,167272,1746694890323.781,-50,15,-121
1746694890362.594,167263,1746694890343.656,-44,16,-125
1746694890382.437,167239,1746694890363.5,-48,17,-125
1746694890402.344,167171,1746694890383.344,-42,11,-125
1746694890422.156,167106,1746694890403.188,-40,15,-135
1746694890442.0,167037,1746694890423.094,-48,19,-125
1746694890461.875,166942,1746694890442.906,-37,31,-128
1746694890481.75,166877,1746694890462.75,-40,16,-120
1746694890501.563,166831,1746694890482.656,-47,20,-121
1746694890521.437,166808,1746694890502.469,-36,17,-114
1746694890541.344,166784,1746694890522.344,-49,20,-133
1746694890561.188,166790,1746694890542.219,-41,31,-125
1746694890581.063,166783,1746694890562.094,-37,12,-122
1746694890600.906,166786,1746694890581.969,-40,12,-125
1746694890620.781,166806,1746694890601.781,-49,7,-121
1746694890640.625,166813,1746694890621.688,-44,16,-133
1746694890660.5,166808,1746694890641.531,-33,19,-128
1746694890680.344,166824,1746694890661.375,-42,16,-129
1746694890700.219,166829,1746694890681.219,-39,12,-121
1746694890720.062,166809,1746694890701.094,-49,12,-112
1746694890739.906,166840,1746694890721.0,-40,15,-121
1746694890759.7808,166807,1746694890740.813,-39,15,-129
1746694890779.625,166832,1746694890760.656,-57,17,-125
1746694890799.469,166813,1746694890780.531,-47,12,-125
1746694890819.375,166823,1746694890800.375,-40,14,-121
1746694890839.156,166841,1746694890820.219,-45,16,-106
1746694890859.031,166847,1746694890840.062,-40,12,-117
1746694890878.875,166872,1746694890859.937,-41,19,-125
1746694890898.75,166870,1746694890879.781,-40,19,-121
1746694890918.625,166896,1746694890899.688,-48,12,-127
1746694890938.469,166931,1746694890919.5,-32,14,-112
1746694890958.312,166965,1746694890939.375,-49,24,-131
1746694890978.156,167030,1746694890959.219,-40,19,-133
1746694890998.031,167068,1746694890979.094,-39,22,-126
1746694891017.938,167114,1746694890998.938,-50,15,-116
1746694891037.781,167154,1746694891018.812,-41,17,-127
1746694891057.625,167206,1746694891038.687,-50,20,-112
1746694891077.469,167254,1746694891058.594,-40,12,-121
1746694891097.344,167319,1746694891078.344,-53,16,-127
1746694891117.188,167371,1746694891098.219,-41,16,-133
1746694891137.031,167428,1746694891118.094,-39,19,-133
1746694891156.969,167473,1746694891137.906,-37,16,-135
1746694891176.75,167512,1746694891157.844,-36,19,-130
1746694891196.594,167497,1746694891177.594,-42,14,-133
1746694891216.469,167408,1746694891197.5,-47,12,-126
1746694891236.281,167274,1746694891217.375,-49,12,-123
1746694891256.125,167096,1746694891237.156,-45,15,-121
1746694891276.063,166912,1746694891257.0,-47,17,-127
1746694891295.844,166749,1746694891276.906,-34,11,-130
1746694891315.719,166616,1746694891296.781,-47,20,-127
1746694891335.594,166514,1746694891316.594,-36,19,-127
1746694891355.469,166434,1746694891336.469,-40,14,-127
1746694891375.313,166397,1746694891356.375,-49,15,-125
1746694891395.187,166411,1746694891376.219,-41,20,-125
1746694891415.031,166377,1746694891396.094,-36,12,-134
1746694891434.906,166366,1746694891415.906,-44,12,-133
1746694891454.75,166356,1746694891435.812,-34,12,-125
1746694891474.625,166331,1746694891455.656,-50,15,-125
1746694891494.5,166319,1746694891475.5,-50,15,-133
1746694891514.344,166310,1746694891495.531,-39,21,-123
1746694891534.219,166286,1746694891515.281,-37,28,-125
1746694891554.094,166242,1746694891535.125,-50,17,-125
1746694891574.031,166167,1746694891555.0,-48,17,-121
1746694891593.781,166108,1746694891574.844,-37,11,-116
1746694891613.656,166067,1746694891594.719,-49,15,-125
1746694891633.5,166027,1746694891614.562,-40,8,-121
1746694891653.375,165980,1746694891634.375,-42,11,-125
1746694891673.219,165970,1746694891654.281,-48,17,-127
1746694891693.094,165968,1746694891674.156,-39,15,-117
1746694891712.969,165989,1746694891694.0,-48,15,-125
1746694891732.812,166002,1746694891713.844,-39,15,-125
1746694891752.656,166007,1746694891733.687,-37,14,-129
1746694891772.531,166030,1746694891753.594,-45,15,-130
1746694891792.375,166064,1746694891773.438,-37,15,-121
1746694891812.219,166064,1746694891793.281,-47,14,-112
1746694891832.094,166056,1746694891813.094,-36,12,-112
1746694891851.938,166093,1746694891833.0,-40,19,-130
1746694891871.781,166075,1746694891852.844,-40,13,-133
1746694891891.687,166097,1746694891872.687,-45,17,-125
1746694891911.469,166114,1746694891892.562,-45,7,-125
1746694891931.375,166113,1746694891912.406,-45,12,-121
1746694891951.25,166114,1746694891932.281,-47,15,-112
1746694891971.063,166124,1746694891952.125,-48,14,-125
1746694891990.937,166138,1746694891971.969,-45,16,-112
1746694892010.781,166180,1746694891991.844,-47,15,-112
1746694892030.656,166209,1746694892011.719,-40,16,-129
1746694892050.531,166241,1746694892031.531,-36,12,-127
1746694892070.344,166277,1746694892051.437,-40,16,-127
1746694892090.219,166333,1746694892071.25,-41,16,-116
1746694892110.094,166342,1746694892091.125,-49,11,-121
1746694892129.938,166407,1746694892111.0,-43,15,-128
1746694892149.781,166444,1746694892130.906,-40,12,-130
1746694892169.656,166537,1746694892150.687,-50,16,-128
1746694892189.531,166609,1746694892170.563,-46,17,-108
1746694892209.406,166688,1746694892190.406,-49,15,-125
1746694892229.219,166757,1746694892210.281,-44,16,-112
1746694892249.094,166819,1746694892230.156,-36,18,-121
1746694892268.969,166882,1746694892250.0,-40,14,-133
1746694892288.8132,166940,1746694892269.875,-47,17,-126
1746694892308.625,167026,1746694892289.688,-48,15,-121
1746694892328.5,167095,1746694892309.531,-36,17,-130
1746694892348.375,167149,1746694892329.406,-37,17,-123
1746694892368.219,167230,1746694892349.25,-40,15,-133
1746694892388.063,167308,1746694892369.094,-49,12,-125
1746694892407.938,167320,1746694892388.969,-36,15,-129
1746694892427.781,167258,1746694892408.844,-41,12,-137
1746694892447.656,167136,1746694892428.656,-37,14,-121
1746694892467.469,166974,1746694892448.563,-50,19,-112
1746694892487.344,166763,1746694892468.375,-40,17,-125
1746694892507.219,166593,1746694892488.25,-49,16,-133
1746694892527.062,166420,1746694892508.094,-41,19,-137
1746694892546.906,166310,1746694892527.969,-52,16,-125
1746694892566.781,166197,1746694892547.844,-45,15,-125
1746694892586.625,166129,1746694892567.687,-37,15,-125
1746694892606.5,166116,1746694892587.5,-39,25,-131
1746694892626.375,166116,1746694892607.375,-40,14,-121
1746694892646.188,166108,1746694892627.281,-56,16,-133
1746694892666.063,166102,1746694892647.094,-36,15,-122
1746694892685.906,166071,1746694892666.937,-48,21,-132
1746694892705.719,166055,1746694892686.781,-51,39,-125
1746694892725.594,166024,1746694892706.625,-36,15,-127
1746694892745.438,165978,1746694892726.5,-40,16,-125
1746694892765.281,165949,1746694892746.281,-50,6,-129
1746694892785.156,165870,1746694892766.187,-40,17,-112
1746694892805.0,165835,1746694892786.031,-45,17,-125
1746694892824.875,165748,1746694892805.906,-40,12,-112
1746694892844.719,165720,1746694892825.75,-45,19,-121
1746694892864.562,165661,1746694892845.594,-42,16,-121
1746694892884.406,165636,1746694892865.469,-46,17,-122
1746694892904.281,165626,1746694892885.281,-41,11,-112
1746694892924.156,165633,1746694892905.156,-47,16,-127
1746694892944.0,165634,1746694892925.031,-36,24,-125
1746694892963.875,165648,1746694892944.906,-49,12,-112
1746694892983.781,165657,1746694892964.75,-40,15,-112
1746694893003.594,165681,1746694892984.594,-40,16,-116
1746694893023.438,165667,1746694893004.5,-42,15,-129
1746694893043.312,165664,1746694893024.344,-42,16,-125
1746694893063.156,165684,1746694893044.219,-37,20,-131
1746694893083.031,165714,1746694893064.063,-41,16,-125
1746694893102.875,165729,1746694893083.875,-37,15,-121
1746694893122.75,165715,1746694893103.812,-40,15,-117
1746694893142.594,165722,1746694893123.625,-40,12,-125
1746694893162.469,165727,1746694893143.469,-40,16,-129
1746694893182.313,165725,1746694893163.344,-39,15,-125
1746694893202.156,165713,1746694893183.187,-40,7,-120
1746694893222.031,165732,1746694893203.062,-43,16,-121
1746694893241.875,165767,1746694893222.906,-44,10,-121
1746694893261.719,165780,1746694893242.781,-39,12,-125
1746694893281.594,165827,1746694893262.656,-49,15,-125
1746694893301.562,165858,1746694893282.531,-42,12,-125
1746694893321.344,165890,1746694893302.438,-39,12,-126
1746694893341.188,165945,1746694893322.25,-45,16,-125
1746694893361.063,165999,1746694893342.094,-41,12,-125
1746694893380.906,166084,1746694893361.969,-33,8,-125
1746694893400.75,166145,1746694893381.813,-40,15,-127
1746694893420.594,166196,1746694893401.656,-34,15,-127
1746694893440.438,166273,1746694893421.5,-40,7,-117
1746694893460.344,166333,1746694893441.375,-44,17,-116
1746694893480.187,166415,1746694893461.219,-45,8,-125
1746694893500.031,166503,1746694893481.063,-49,19,-124
1746694893519.875,166575,1746694893500.969,-40,16,-127
1746694893539.75,166647,1746694893520.812,-45,15,-122
1746694893559.594,166707,1746694893540.625,-32,17,-125
1746694893579.469,166788,1746694893560.5,-49,16,-135
1746694893599.313,166859,1746694893580.375,-39,15,-125
1746694893619.188,166944,1746694893600.25,-33,17,-122
1746694893639.062,167011,1746694893620.062,-40,14,-121
1746694893658.937,167091,1746694893639.906,-45,19,-127
1746694893678.781,167155,1746694893659.844,-44,24,-125
1746694893698.719,167203,1746694893679.688,-39,14,-128
1746694893718.531,167214,1746694893699.594,-36,15,-125
1746694893738.375,167149,1746694893719.406,-40,12,-116
1746694893758.25,167015,1746694893739.281,-44,15,-125
1746694893778.094,166830,1746694893759.125,-50,31,-112
1746694893797.969,166669,1746694893779.0,-42,15,-125
1746694893817.781,166487,1746694893798.844,-47,17,-120
1746694893837.656,166326,1746694893818.719,-51,13,-117
1746694893857.531,166227,1746694893838.594,-36,9,-129
1746694893877.4058,166135,1746694893858.437,-36,19,-130
1746694893897.25,166089,1746694893878.281,-45,15,-125
1746694893917.125,166073,1746694893898.125,-34,12,-125
1746694893937.0,166063,1746694893918.031,-42,19,-125
1746694893956.875,166055,1746694893937.875,-48,16,-125
1746694893976.719,166119,1746694893957.781,-40,16,-135
1746694893996.594,166827,1746694893977.625,-68,16,-137
1746694894016.469,167531,1746694893997.469,-121,-17,-158
1746694894036.344,163699,1746694894017.375,-157,-61,-270
1746694894056.156,169695,1746694894037.219,81,83,-272
1746694894076.031,170446,1746694894057.062,444,35,144
1746694894095.938,170871,1746694894076.906,-305,62,240
1746694894115.781,171720,1746694894096.812,-393,56,123
1746694894135.625,171299,1746694894116.656,-132,-28,-49
1746694894155.5,170147,1746694894136.563,-153,-40,-96
1746694894175.375,169948,1746694894156.375,-272,3,-100
1746694894195.281,170563,1746694894176.25,-170,46,-125
1746694894215.094,171579,1746694894196.156,15,24,-109
1746694894234.969,171925,1746694894215.969,78,76,-81
1746694894254.844,171498,1746694894235.813,59,51,-68
1746694894274.719,171411,1746694894255.688,-52,54,-109
1746694894294.562,171426,1746694894275.625,-106,40,-160
1746694894314.437,171307,1746694894295.5,-60,35,-160
1746694894334.313,171225,1746694894315.313,-24,44,-141
1746694894354.156,171121,1746694894335.25,-23,48,-105
1746694894374.031,170585,1746694894355.062,-23,54,-69
1746694894393.906,171874,1746694894374.969,-92,67,143
1746694894413.781,173623,1746694894394.813,62,35,-153
1746694894433.625,174742,1746694894414.656,-103,86,-80
1746694894453.5,175658,1746694894434.562,-97,51,-96
1746694894473.344,176228,1746694894454.375,-53,57,-112
1746694894493.219,176437,1746694894474.219,-64,76,-141
1746694894513.063,176260,1746694894494.094,-66,56,-160
1746694894532.969,176033,1746694894513.937,-92,31,-152
1746694894552.781,175858,1746694894533.844,-105,17,-144
1746694894572.656,175901,1746694894553.656,-89,38,-129
1746694894592.469,176132,1746694894573.531,-88,31,-112
1746694894612.344,176493,1746694894593.375,-84,31,-103
1746694894632.219,176946,1746694894613.25,-92,28,-93
1746694894652.094,177420,1746694894633.094,-88,23,-96
1746694894671.938,177754,1746694894652.969,-93,24,-96
1746694894691.813,178063,1746694894672.937,-84,31,-96
1746694894711.656,178347,1746694894692.687,-75,30,-104
1746694894731.531,178635,1746694894712.562,-73,44,-96
1746694894751.344,178906,1746694894732.375,-65,43,-104
1746694894771.313,179217,1746694894752.281,-66,47,-96
1746694894791.063,179492,1746694894772.187,-64,47,-109
1746694894810.969,179745,1746694894791.969,-72,44,-109
1746694894830.781,179949,1746694894811.844,-70,36,-109
1746694894850.625,180050,1746694894831.719,-66,35,-109
1746694894870.656,180100,1746694894851.562,-61,37,-113
1746694894890.406,180065,1746694894871.531,-79,32,-113
1746694894910.219,179964,1746694894891.281,-68,23,-112
1746694894930.094,179746,1746694894911.125,-74,28,-112
1746694894949.938,179480,1746694894930.969,-60,20,-112
1746694894969.812,179194,1746694894950.844,-74,32,-117
1746694894989.656,178947,1746694894970.687,-68,32,-109
1746694895009.5,178770,1746694894990.563,-72,31,-104
1746694895029.375,178646,1746694895010.406,-63,32,-109
1746694895049.219,178580,1746694895030.25,-68,19,-109
1746694895069.062,178532,1746694895050.125,-79,28,-96
1746694895088.906,178550,1746694895070.0,-72,28,-96
1746694895108.781,178533,1746694895089.813,-72,34,-109
1746694895128.625,178496,1746694895109.688,-77,25,-109
1746694895148.5,178463,1746694895129.5,-77,28,-96
1746694895168.344,178455,1746694895149.406,-66,31,-106
1746694895188.188,178463,1746694895169.25,-65,35,-109
1746694895208.094,178443,1746694895189.094,-73,34,-104
1746694895227.906,178362,1746694895208.9692,-64,38,-108
1746694895247.781,178309,1746694895228.844,-82,51,-113
1746694895267.625,178182,1746694895248.688,-79,33,-105
1746694895287.563,177978,1746694895268.5,-66,31,-109
1746694895307.375,177752,1746694895288.375,-66,28,-113
1746694895327.281,177564,1746694895308.281,-68,24,-109
1746694895347.125,177379,1746694895328.156,-64,32,-109
1746694895367.0,177258,1746694895348.0,-66,29,-104
1746694895386.875,177138,1746694895367.875,-70,31,-109
1746694895406.719,177057,1746694895387.781,-68,33,-112
1746694895426.562,176923,1746694895407.594,-68,33,-112
1746694895446.469,176818,1746694895427.438,-64,31,-109
1746694895466.281,176693,1746694895447.375,-77,25,-107
1746694895486.156,176535,1746694895467.187,-79,27,-96
1746694895506.031,176417,1746694895487.031,-68,31,-105
1746694895525.875,176334,1746694895506.938,-74,30,-107
1746694895545.719,176227,1746694895526.75,-68,19,-109
1746694895565.562,176173,1746694895546.625,-63,28,-109
1746694895585.437,176107,1746694895566.469,-64,40,-104
1746694895605.344,176056,1746694895586.313,-69,30,-96
1746694895625.156,175945,1746694895606.188,-74,31,-104
1746694895645.031,175856,1746694895626.062,-63,31,-95
1746694895664.906,175776,1746694895645.875,-63,28,-100
1746694895684.75,175719,1746694895665.781,-49,28,-106
1746694895704.594,175695,1746694895685.625,-66,28,-104
1746694895724.469,175720,1746694895705.5,-73,30,-112
1746694895744.312,175808,1746694895725.344,-68,31,-121
1746694895764.219,175891,1746694895745.187,-61,35,-109
1746694895784.094,175884,1746694895765.094,-61,27,-104
1746694895803.938,175903,1746694895785.0,-74,33,-109
1746694895823.812,175927,1746694895804.812,-57,31,-100
1746694895843.687,175952,1746694895824.719,-72,32,-96
1746694895863.531,175931,1746694895844.563,-68,25,-96
1746694895883.375,175867,1746694895864.438,-77,27,-112
1746694895903.25,175748,1746694895884.25,-74,24,-111
1746694895923.125,175542,1746694895904.125,-42,25,-112
1746694895942.938,175353,1746694895924.0,-79,24,-100
1746694895962.813,175125,1746694895943.844,-68,30,-104
1746694895982.687,174903,1746694895963.719,-79,47,-96
1746694896002.562,174671,1746694895983.531,-66,25,-111
1746694896022.406,174524,1746694896003.438,-60,27,-109
1746694896042.313,174410,1746694896023.344,-72,30,-109
1746694896062.156,174355,1746694896043.219,-61,31,-112
1746694896082.031,174348,1746694896063.062,-76,38,-96
1746694896101.875,174378,1746694896082.938,-71,31,-109
1746694896121.75,174417,1746694896102.781,-80,31,-96
1746694896141.594,174491,1746694896122.625,-73,28,-96
1746694896161.437,174598,1746694896142.469,-68,28,-103
1746694896181.312,174687,1746694896162.344,-65,28,-109
1746694896201.188,174753,1746694896182.25,-73,31,-109
1746694896221.063,174827,1746694896202.063,-61,30,-109
1746694896241.031,174894,1746694896221.937,-73,30,-96
1746694896260.781,174923,1746694896241.9382,-63,27,-96
1746694896280.656,174966,1746694896261.688,-72,15,-96
1746694896300.531,175022,1746694896281.563,-72,28,-96
1746694896320.375,175093,1746694896301.406,-73,25,-96
1746694896340.219,175185,1746694896321.281,-78,28,-109
1746694896360.156,175289,1746694896341.125,-77,28,-96
1746694896379.969,175447,1746694896360.969,-64,23,-104
1746694896399.812,175638,1746694896380.8442,-68,27,-109
1746694896419.656,175817,1746694896400.719,-58,28,-111
1746694896439.531,176038,1746694896420.563,-64,34,-125
1746694896459.406,176234,1746694896440.406,-63,31,-110
1746694896479.25,176456,1746694896460.312,-71,27,-109
1746694896499.156,176649,1746694896480.187,-77,28,-109
1746694896519.031,176854,1746694896500.031,-64,32,-96
1746694896538.906,177032,1746694896519.906,-73,31,-104
1746694896558.75,177213,1746694896539.844,-63,30,-96
1746694896578.625,177402,1746694896559.656,-73,29,-105
1746694896598.469,177573,1746694896579.5,-65,28,-109
1746694896618.344,177750,1746694896599.344,-76,28,-109
1746694896638.188,177929,1746694896619.219,-58,24,-96
1746694896658.125,178101,1746694896639.125,-71,8,-109
1746694896677.906,178261,1746694896658.937,-63,27,-106
1746694896697.813,178445,1746694896678.813,-66,27,-96
1746694896717.656,178614,1746694896698.719,-68,31,-105
1746694896737.531,178766,1746694896718.594,-76,28,-109
1746694896757.406,178939,1746694896738.437,-61,32,-96
1746694896777.313,179136,1746694896758.344,-74,32,-113
1746694896797.125,179309,1746694896778.188,-65,38,-106
1746694896817.0,179422,1746694896798.0,-66,32,-112
1746694896836.875,179485,1746694896817.906,-72,24,-104
1746694896856.75,179477,1746694896837.781,-66,27,-96
1746694896876.594,179434,1746694896857.625,-68,27,-96
1746694896896.437,179345,1746694896877.562,-68,28,-112
1746694896916.312,179253,1746694896897.344,-61,30,-109
1746694896936.156,179168,1746694896917.188,-74,24,-96
1746694896956.0,179113,1746694896937.031,-77,28,-109
1746694896975.875,179062,1746694896956.906,-77,24,-96
1746694896995.75,179063,1746694896976.75,-79,24,-96
1746694897015.625,179075,1746694896996.625,-68,24,-109
1746694897035.469,179117,1746694897016.5,-72,28,-112
1746694897055.313,179171,1746694897036.375,-61,31,-111
1746694897075.219,179248,1746694897056.187,-76,23,-100
1746694897095.062,179364,1746694897076.094,-74,28,-109
1746694897114.906,179445,1746694897095.969,-73,53,-96
1746694897134.813,179491,1746694897115.813,-77,31,-105
1746694897154.719,179570,1746694897135.687,-72,28,-96
1746694897174.562,179592,1746694897155.594,-77,15,-103
1746694897194.438,179557,1746694897175.531,-79,28,-96
1746694897214.313,179569,1746694897195.312,-68,28,-96
1746694897234.1868,179560,1746694897215.156,-71,29,-108
1746694897254.031,179515,1746694897235.094,-66,28,-96
1746694897273.906,179545,1746694897254.906,-68,31,-109
1746694897293.75,179560,1746694897274.75,-66,25,-104
1746694897313.656,179598,1746694897294.656,-64,31,-96
1746694897333.469,179640,1746694897314.531,-73,28,-96
1746694897353.344,179717,1746694897334.406,-73,30,-112
1746694897373.219,179744,1746694897354.25,-70,32,-96
1746694897393.094,179786,1746694897374.094,-77,33,-105
1746694897412.937,179845,1746694897393.969,-72,27,-109
1746694897432.813,179884,1746694897413.844,-71,25,-109
1746694897452.656,179941,1746694897433.688,-69,22,-96
1746694897472.562,179990,1746694897453.562,-69,27,-103
1746694897492.4368,180034,1746694897473.437,-81,31,-109
1746694897512.25,180047,1746694897493.281,-68,23,-106
1746694897532.125,180035,1746694897513.156,-68,35,-114
1746694897552.0,180011,1746694897533.0,-68,28,-104
1746694897571.844,179965,1746694897552.875,-77,24,-121
1746694897591.687,179881,1746694897572.781,-67,31,-113
1746694897611.594,179812,1746694897592.563,-77,24,-96
1746694897631.469,179735,1746694897612.469,-80,28,-109
1746694897651.281,179668,1746694897632.375,-76,32,-96
1746694897671.156,179633,1746694897652.219,-68,32,-96
1746694897691.031,179589,1746694897672.125,-77,24,-105
1746694897710.906,179502,1746694897691.875,-69,25,-99
1746694897730.75,179373,1746694897711.812,-69,25,-96
1746694897750.625,179184,1746694897731.656,-72,28,-111
1746694897770.531,179002,1746694897751.5,-64,24,-112
1746694897790.375,178772,1746694897771.375,-62,28,-104
1746694897810.219,178596,1746694897791.25,-66,32,-104
1746694897830.094,178451,1746694897811.094,-69,28,-109
1746694897849.938,178334,1746694897830.969,-66,32,-96
1746694897869.813,178217,1746694897850.813,-72,24,-96
1746694897889.656,178137,1746694897870.719,-80,27,-96
1746694897909.531,178079,1746694897890.562,-72,39,-113
1746694897929.406,178067,1746694897910.438,-68,31,-109
1746694897949.25,178061,1746694897930.25,-68,30,-100
1746694897969.125,178036,1746694897950.156,-77,28,-99
1746694897989.0,178009,1746694897970.031,-64,24,-109
1746694898008.844,177989,1746694897989.844,-64,27,-109
1746694898028.719,177980,1746694898009.844,-77,24,-121
1746694898048.594,178003,1746694898029.625,-69,27,-109
1746694898068.469,178035,1746694898049.469,-76,34,-109
1746694898088.312,178061,1746694898069.344,-64,30,-111
1746694898108.188,178061,1746694898089.188,-74,31,-104
1746694898128.031,178051,1746694898109.062,-66,30,-111
1746694898147.906,178044,1746694898128.937,-64,32,-105
1746694898167.781,178032,1746694898148.781,-68,28,-96
1746694898187.594,178020,1746694898168.656,-65,27,-109
1746694898207.5,178020,1746694898188.531,-72,28,-104
1746694898227.375,178071,1746694898208.375,-74,28,-104
1746694898247.25,178130,1746694898228.219,-81,23,-100
1746694898267.094,178187,1746694898248.125,-74,30,-109
1746694898287.031,178242,1746694898268.0,-74,28,-104
1746694898306.812,178326,1746694898287.844,-66,27,-96
1746694898326.813,178380,1746694898307.719,-63,32,-109
1746694898346.563,178440,1746694898327.563,-72,32,-111
1746694898366.438,178518,1746694898347.469,-72,30,-112
1746694898386.344,178584,1746694898367.344,-64,28,-109
1746694898406.187,178646,1746694898387.187,-64,31,-104
1746694898426.031,178691,1746694898407.063,-68,27,-96
1746694898445.938,178731,1746694898426.969,-68,28,-109
1746694898465.781,178766,1746694898446.781,-71,24,-104
1746694898485.687,178810,1746694898466.687,-64,32,-96
1746694898505.563,178811,1746694898486.563,-71,25,-96
1746694898525.438,178811,1746694898506.469,-70,31,-109
1746694898545.312,178823,1746694898526.344,-68,31,-109
1746694898565.156,178824,1746694898546.187,-68,31,-109
1746694898585.031,178822,1746694898566.063,-79,30,-96
1746694898604.906,178818,1746694898585.938,-66,28,-98
1746694898624.75,178789,1746694898605.781,-72,31,-110
1746694898644.594,178778,1746694898625.594,-77,44,-104
1746694898664.469,178786,1746694898645.5,-82,28,-96
1746694898684.313,178802,1746694898665.344,-58,24,-96
1746694898704.219,178779,1746694898685.156,-76,24,-129
1746694898724.031,178683,1746694898705.094,-80,27,-109
1746694898743.906,178534,1746694898724.969,-64,28,-109
1746694898763.781,178283,1746694898744.781,-68,30,-112
1746694898783.6558,178021,1746694898764.656,-69,32,-96
1746694898803.5,177757,1746694898784.562,-65,31,-96
1746694898823.375,177512,1746694898804.4382,-80,30,-96
1746694898843.25,177327,1746694898824.25,-56,28,-96
1746694898863.094,177207,1746694898844.125,-77,35,-96
1746694898882.937,177107,1746694898864.0,-64,35,-96
1746694898902.844,177074,1746694898883.844,-69,28,-104
1746694898922.719,177047,1746694898903.688,-64,28,-103
1746694898942.563,177071,1746694898923.594,-64,28,-104
1746694898962.437,177064,1746694898943.437,-79,28,-105
1746694898982.281,177062,1746694898963.344,-80,28,-104
1746694899002.156,177053,1746694898983.156,-68,30,-104
1746694899022.0,177076,1746694899003.031,-71,25,-105
1746694899041.844,177074,1746694899022.906,-81,36,-109
1746694899061.719,177085,1746694899042.75,-79,31,-96
1746694899081.594,177039,1746694899062.594,-68,28,-105
1746694899101.438,177016,1746694899082.5,-69,33,-100
1746694899121.281,176997,1746694899102.344,-72,27,-105
1746694899141.156,177011,1746694899122.187,-77,28,-109
1746694899161.031,177011,1746694899142.125,-68,31,-96
1746694899180.875,177019,1746694899161.906,-68,27,-104
1746694899200.7192,177075,1746694899181.75,-65,36,-109
1746694899220.594,177128,1746694899201.625,-71,25,-96
1746694899240.531,177198,1746694899221.469,-68,28,-109
1746694899260.313,177264,1746694899241.375,-72,31,-103
1746694899280.156,177305,1746694899261.219,-82,29,-109
1746694899300.031,177362,1746694899281.0618,-68,31,-104
1746694899319.906,177453,1746694899300.906,-72,23,-109
1746694899339.781,177502,1746694899320.781,-74,30,-106
1746694899359.625,177553,1746694899340.656,-77,28,-96
1746694899379.5,177617,1746694899360.531,-81,39,-106
1746694899399.375,177668,1746694899380.375,-66,30,-96
1746694899419.25,177715,1746694899400.219,-72,28,-103
1746694899439.094,177762,1746694899420.156,-71,25,-112
1746694899459.0,177814,1746694899440.031,-69,30,-96
1746694899478.844,177862,1746694899459.875,-71,31,-105
1746694899498.688,177911,1746694899479.75,-66,28,-109
1746694899518.563,177943,1746694899499.594,-73,28,-109
1746694899538.469,177982,1746694899519.469,-64,31,-109
1746694899558.281,178056,1746694899539.3118,-68,28,-103
1746694899578.125,178090,1746694899559.156,-76,24,-109
1746694899597.969,178121,1746694899579.031,-64,25,-96
1746694899617.844,178182,1746694899598.875,-76,30,-96
1746694899637.719,178212,1746694899618.75,-66,31,-96
1746694899657.562,178233,1746694899638.594,-71,25,-96
1746694899677.406,178278,1746694899658.469,-80,28,-104
1746694899697.2808,178345,1746694899678.313,-66,27,-96
1746694899717.156,178372,1746694899698.187,-72,35,-96
1746694899737.031,178409,1746694899718.031,-68,24,-96
1746694899756.875,178443,1746694899737.938,-72,22,-109
1746694899776.781,178496,1746694899757.812,-72,32,-113
1746694899796.656,178533,1746694899777.625,-70,24,-112
1746694899816.531,178570,1746694899797.531,-66,27,-96
1746694899836.406,178608,1746694899817.438,-71,28,-108
1746694899856.281,178642,1746694899837.312,-77,32,-112
1746694899876.156,178677,1746694899857.156,-72,20,-112
1746694899896.031,178745,1746694899877.0,-71,28,-112
1746694899915.906,178787,1746694899896.938,-73,30,-96
1746694899935.781,178843,1746694899916.781,-71,28,-104
1746694899955.656,178901,1746694899936.687,-72,31,-96
1746694899975.531,178974,1746694899956.563,-68,32,-96
1746694899995.375,179021,1746694899976.438,-74,23,-96
1746694900015.281,179032,1746694899996.25,-64,30,-95
1746694900035.156,179075,1746694900016.156,-76,30,-109
1746694900055.0,179123,1746694900036.031,-64,25,-105
1746694900074.906,179170,1746694900055.875,-67,24,-104
1746694900094.75,179188,1746694900075.781,-72,31,-109
1746694900114.594,179188,1746694900095.625,-72,35,-109
1746694900134.5,179141,1746694900115.5,-75,25,-109
1746694900154.469,178981,1746694900135.406,-66,26,-109
1746694900174.25,178748,1746694900155.25,-68,32,-113
1746694900194.062,178420,1746694900175.125,-68,31,-105
1746694900213.937,178105,1746694900194.937,-69,43,-104
1746694900233.813,177841,1746694900214.844,-65,31,-108
1746694900253.688,177651,1746694900234.719,-73,24,-96
1746694900273.5,177542,1746694900254.562,-84,44,-96
1746694900293.406,177474,1746694900274.437,-74,31,-109
1746694900313.25,177402,1746694900294.25,-65,31,-96
1746694900333.125,177278,1746694900314.156,-64,28,-96
1746694900352.969,177141,1746694900334.0,-63,30,-96
1746694900372.844,177058,1746694900353.875,-75,31,-96
1746694900392.75,177016,1746694900373.75,-79,28,-96
1746694900412.625,176998,1746694900393.656,-80,25,-108
1746694900432.469,176954,1746694900413.469,-66,31,-104
1746694900452.344,176889,1746694900433.406,-64,29,-105
1746694900472.25,176797,1746694900453.219,-80,28,-100
1746694900492.156,176708,1746694900473.125,-74,28,-104
1746694900511.969,176638,1746694900493.031,-68,28,-109
1746694900531.875,176584,1746694900512.906,-79,30,-96
1746694900551.719,176541,1746694900532.75,-69,34,-109
1746694900571.594,176467,1746694900552.625,-70,44,-109
1746694900591.469,176435,1746694900572.5,-74,28,-96
1746694900611.312,176366,1746694900592.375,-75,28,-96
1746694900631.219,176335,1746694900612.188,-80,31,-92
1746694900651.063,176302,1746694900632.063,-68,24,-104
1746694900670.906,176282,1746694900651.969,-71,35,-109
1746694900690.812,176239,1746694900671.875,-65,31,-105
1746694900710.656,176232,1746694900691.688,-74,28,-109
1746694900730.531,176210,1746694900711.563,-74,31,-96
1746694900750.406,176198,1746694900731.406,-58,32,-109
1746694900770.281,176236,1746694900751.281,-72,31,-111
1746694900790.156,176250,1746694900771.156,-69,22,-105
1746694900810.0,176272,1746694900791.0308,-74,31,-96
1746694900829.906,176294,1746694900810.906,-72,35,-111
1746694900849.719,176302,1746694900830.812,-64,33,-106
1746694900869.594,176313,1746694900850.594,-73,31,-90
1746694900889.438,176329,1746694900870.469,-77,28,-104
1746694900909.312,176361,1746694900890.344,-73,51,-105
1746694900929.187,176376,1746694900910.187,-66,28,-111
1746694900949.063,176415,1746694900930.063,-74,28,-109
1746694900968.906,176453,1746694900949.938,-68,27,-96
1746694900988.781,176468,1746694900969.844,-69,32,-96
1746694901008.687,176507,1746694900989.656,-71,27,-96
1746694901028.531,176572,1746694901009.688,-68,31,-106
1746694901048.375,176634,1746694901029.438,-64,28,-96
1746694901068.25,176703,1746694901049.312,-64,28,-105
1746694901088.125,176780,1746694901069.156,-74,31,-109
1746694901108.0,176848,1746694901089.0,-68,31,-96
1746694901127.844,176897,1746694901108.875,-68,25,-109
1746694901147.719,176988,1746694901128.75,-68,24,-96
1746694901167.687,177041,1746694901148.594,-78,28,-96
1746694901187.437,177089,1746694901168.563,-80,36,-96
1746694901207.281,177147,1746694901188.313,-73,31,-109
1746694901227.156,177226,1746694901208.188,-80,32,-105
1746694901247.0,177300,1746694901228.062,-81,30,-105
1746694901266.875,177374,1746694901247.875,-68,28,-96
1746694901286.719,177446,1746694901267.781,-68,28,-96
1746694901306.594,177502,1746694901287.625,-80,25,-96
1746694901326.469,177604,1746694901307.469,-77,27,-109
1746694901346.312,177659,1746694901327.375,-64,25,-106
1746694901366.188,177721,1746694901347.156,-64,27,-113
1746694901386.063,177776,1746694901367.063,-65,24,-109
1746694901405.937,177825,1746694901386.937,-69,30,-96
1746694901425.781,177870,1746694901406.812,-80,30,-112
1746694901445.656,177843,1746694901426.656,-72,31,-104
1746694901465.5,177765,1746694901446.563,-68,27,-96
1746694901485.375,177598,1746694901466.5,-74,27,-96
1746694901505.219,177378,1746694901486.25,-71,28,-96
1746694901525.062,177143,1746694901506.125,-69,25,-109
1746694901544.969,176860,1746694901525.969,-80,30,-96
1746694901564.844,176631,1746694901545.844,-75,33,-106
1746694901584.719,176470,1746694901565.75,-58,33,-109
1746694901604.562,176350,1746694901585.531,-68,28,-105
1746694901624.438,176259,1746694901605.469,-68,30,-109
1746694901644.281,176252,1746694901625.313,-64,30,-111
1746694901664.125,176226,1746694901645.156,-72,28,-105
1746694901684.0,176247,1746694901665.062,-70,25,-96
1746694901703.844,176243,1746694901684.875,-66,38,-96
1746694901723.75,176246,1746694901704.75,-77,33,-96
1746694901743.562,176233,1746694901724.656,-67,24,-96
1746694901763.469,176243,1746694901744.5,-66,24,-104
1746694901783.313,176241,1746694901764.344,-72,27,-105
1746694901803.188,176203,1746694901784.219,-73,32,-96
1746694901823.062,176180,1746694901804.156,-81,28,-109
1746694901842.906,176147,1746694901823.969,-74,35,-109
1746694901862.781,176119,1746694901843.781,-72,32,-96
1746694901882.688,176080,1746694901863.656,-80,28,-104
1746694901902.531,176056,1746694901883.594,-72,31,-106
1746694901922.375,176044,1746694901903.437,-64,25,-96
1746694901942.25,175996,1746694901923.25,-74,27,-96
1746694901962.094,175942,1746694901943.156,-72,31,-109
1746694901981.9692,175902,1746694901963.0,-77,31,-109
1746694902001.844,175927,1746694901982.844,-79,30,-98
1746694902021.687,175951,1746694902002.75,-76,27,-96
1746694902041.563,176006,1746694902022.563,-75,43,-105
1746694902061.438,176049,1746694902042.438,-81,31,-96
1746694902081.312,176098,1746694902062.344,-72,30,-109
1746694902101.156,176155,1746694902082.156,-72,25,-84
1746694902121.031,176226,1746694902102.031,-68,33,-96
1746694902140.875,176284,1746694902121.875,-69,31,-111
1746694902160.75,176337,1746694902141.781,-73,30,-111
1746694902180.625,176361,1746694902161.625,-66,30,-109
1746694902200.5,176402,1746694902181.469,-72,30,-104
1746694902220.313,176412,1746694902201.375,-66,30,-109
1746694902240.187,176423,1746694902221.25,-77,30,-109
1746694902260.062,176434,1746694902241.062,-68,28,-104
1746694902279.938,176462,1746694902260.938,-72,32,-109
1746694902299.75,176478,1746694902280.813,-73,33,-105
1746694902319.625,176473,1746694902300.656,-69,36,-103
1746694902339.5,176480,1746694902320.5,-68,24,-109
1746694902359.375,176497,1746694902340.406,-65,32,-96
1746694902379.219,176516,1746694902360.25,-72,32,-109
1746694902399.094,176532,1746694902380.094,-58,30,-104
1746694902419.062,176568,1746694902399.937,-65,30,-109
1746694902438.781,176604,1746694902419.812,-77,48,-108
1746694902458.625,176653,1746694902439.688,-79,31,-109
1746694902478.5,176669,1746694902459.563,-69,22,-104
1746694902498.375,176707,1746694902479.375,-68,28,-108
1746694902518.219,176733,1746694902499.281,-72,34,-106
1746694902538.094,176747,1746694902519.125,-69,28,-109
1746694902557.969,176786,1746694902539.031,-69,31,-111
1746694902577.844,176808,1746694902558.844,-65,27,-96
1746694902597.687,176843,1746694902578.75,-77,28,-96
1746694902617.563,176888,1746694902598.594,-63,30,-104
1746694902637.438,176921,1746694902618.469,-63,28,-109
1746694902657.312,176952,1746694902638.312,-81,27,-96
1746694902677.156,176984,1746694902658.187,-68,31,-96
1746694902697.125,176910,1746694902678.063,-61,31,-110
1746694902716.875,176766,1746694902698.031,-64,27,-105
1746694902736.75,176545,1746694902717.75,-76,24,-106
1746694902756.625,176260,1746694902737.656,-72,31,-112
1746694902776.5,175963,1746694902757.5,-66,35,-109
1746694902796.375,175700,1746694902777.375,-65,32,-103
1746694902816.219,175502,1746694902797.25,-74,33,-96
1746694902836.062,175365,1746694902817.094,-81,23,-92
1746694902855.969,175284,1746694902837.0,-72,27,-96
1746694902875.844,175234,1746694902856.844,-74,35,-109
1746694902895.719,175233,1746694902876.719,-66,36,-97
1746694902915.594,175249,1746694902896.625,-68,32,-96
1746694902935.437,175285,1746694902916.469,-66,32,-104
1746694902955.281,175307,1746694902936.344,-73,28,-96
1746694902975.188,175334,1746694902956.187,-65,24,-96
1746694902995.0,175363,1746694902976.062,-65,30,-88
1746694903014.844,175333,1746694902995.906,-79,28,-96
1746694903034.719,175321,1746694903015.75,-72,28,-106
1746694903054.594,175244,1746694903035.594,-84,35,-104
1746694903074.437,175194,1746694903055.469,-69,23,-109
1746694903094.312,175162,1746694903075.375,-67,31,-96
1746694903114.156,175106,1746694903095.188,-69,31,-107
1746694903134.0,175077,1746694903115.063,-66,28,-109
1746694903153.906,175075,1746694903134.906,-72,24,-96
1746694903173.687,175074,1746694903154.781,-80,23,-104
1746694903193.562,175109,1746694903174.562,-68,33,-104
1746694903213.438,175109,1746694903194.438,-69,31,-109
1746694903233.25,175133,1746694903214.313,-75,33,-105
1746694903253.094,175132,1746694903234.156,-72,28,-96
1746694903272.969,175161,1746694903253.969,-64,26,-105
1746694903292.844,175165,1746694903273.844,-66,28,-104
1746694903312.656,175211,1746694903293.719,-68,28,-96
1746694903332.531,175218,1746694903313.594,-84,40,-129
1746694903352.375,175217,1746694903333.406,-59,28,-109
1746694903372.25,175240,1746694903353.281,-76,28,-96
1746694903392.063,175271,1746694903373.125,-77,25,-96
1746694903411.969,175292,1746694903392.969,-65,32,-109
1746694903431.812,175339,1746694903412.844,-74,31,-109
1746694903451.687,175357,1746694903432.719,-71,33,-109
1746694903471.531,175379,1746694903452.563,-68,27,-106
1746694903491.375,175391,1746694903472.406,-65,33,-100
1746694903511.25,175400,1746694903492.281,-85,24,-106
1746694903531.125,175395,1746694903512.125,-62,28,-109
1746694903550.937,175420,1746694903532.0,-72,27,-112
1746694903570.813,175426,1746694903551.844,-73,24,-100
1746694903590.688,175450,1746694903571.687,-71,30,-104
1746694903610.5,175477,1746694903591.562,-79,35,-105
1746694903630.375,175491,1746694903611.406,-77,30,-96
1746694903650.25,175529,1746694903631.281,-68,27,-109
1746694903670.094,175547,1746694903651.125,-79,31,-109
1746694903689.969,175574,1746694903671.094,-65,33,-109
1746694903709.812,175599,1746694903690.844,-74,28,-104
1746694903729.656,175608,1746694903710.719,-80,28,-109
1746694903749.563,175647,1746694903730.563,-77,28,-109
1746694903769.437,175671,1746694903750.437,-68,28,-104
1746694903789.3118,175700,1746694903770.312,-68,25,-109
1746694903809.125,175746,1746694903790.188,-68,34,-100
1746694903829.0,175740,1746694903810.0,-80,30,-104
1746694903848.875,175651,1746694903829.875,-53,30,-111
1746694903868.719,175467,1746694903849.781,-71,28,-109
1746694903888.594,175202,1746694903869.656,-60,32,-106
1746694903908.469,174886,1746694903889.469,-64,38,-103
1746694903928.344,174547,1746694903909.344,-65,28,-111
1746694903948.187,174255,1746694903929.25,-90,35,-111
1746694903968.094,174038,1746694903949.094,-71,28,-101
1746694903987.938,173855,1746694903968.969,-67,35,-109
1746694904007.812,173757,1746694903988.812,-77,37,-109
1746694904027.687,173665,1746694904008.75,-79,28,-109
1746694904047.531,173646,1746694904028.563,-71,28,-109
1746694904067.406,173674,1746694904048.438,-68,28,-109
1746694904087.25,173672,1746694904068.312,-68,28,-105
1746694904107.125,173715,1746694904088.156,-79,28,-112
1746694904126.969,173750,1746694904108.031,-74,30,-96
1746694904146.875,173769,1746694904127.875,-63,39,-108
1746694904166.688,173768,1746694904147.75,-76,24,-109
1746694904186.531,173765,1746694904167.594,-45,26,-105
1746694904206.406,173724,1746694904187.437,-71,30,-106
1746694904226.25,173704,1746694904207.281,-67,32,-104
1746694904246.094,173691,1746694904227.156,-81,21,-102
1746694904265.969,173679,1746694904246.969,-72,31,-100
1746694904285.844,173677,1746694904266.844,-68,31,-109
1746694904305.719,173679,1746694904286.719,-68,23,-109
1746694904325.531,173705,1746694904306.594,-77,31,-109
1746694904345.406,173740,1746694904326.469,-67,31,-119
1746694904365.25,173759,1746694904346.344,-66,35,-96
1746694904385.156,173801,1746694904366.125,-65,28,-104
1746694904404.969,173836,1746694904386.031,-72,31,-111
1746694904424.844,173892,1746694904405.937,-72,31,-112
1746694904444.719,173970,1746694904425.75,-62,35,-96
1746694904464.562,174051,1746694904445.625,-79,32,-105
1746694904484.438,174117,1746694904465.469,-68,28,-109
1746694904504.313,174215,1746694904485.344,-80,33,-96
1746694904524.187,174316,1746694904505.187,-72,46,-109
1746694904544.062,174431,1746694904525.062,-73,30,-104
1746694904563.906,174510,1746694904544.906,-68,24,-104
1746694904583.75,174624,1746694904564.813,-60,36,-109
1746694904603.625,174767,1746694904584.625,-73,27,-96
1746694904623.469,174911,1746694904604.469,-72,24,-100
1746694904643.344,175046,1746694904624.375,-69,40,-93
1746694904663.219,175202,1746694904644.219,-66,27,-96
1746694904683.063,175336,1746694904664.062,-64,30,-100
1746694904702.9368,175488,1746694904683.969,-77,27,-92
1746694904722.781,175636,1746694904703.844,-68,32,-96
1746694904742.656,175796,1746694904723.688,-64,30,-84
1746694904762.531,175961,1746694904743.625,-76,24,-109
1746694904782.437,176117,1746694904763.406,-65,30,-96
1746694904802.25,176288,1746694904783.313,-77,28,-92
1746694904822.125,176438,1746694904803.188,-71,28,-96
1746694904841.969,176593,1746694904823.0,-69,31,-96
1746694904861.875,176691,1746694904842.812,-73,33,-104
1746694904881.687,176726,1746694904862.75,-79,41,-96
1746694904901.563,176672,1746694904882.594,-72,28,-109
1746694904921.438,176545,1746694904902.438,-43,28,-109
1746694904941.312,176391,1746694904922.312,-72,31,-104
1746694904961.156,176252,1746694904942.156,-74,31,-96
1746694904981.0,176143,1746694904962.063,-81,64,-109
1746694905000.875,176077,1746694904981.875,-66,29,-105
1746694905020.781,176062,1746694905001.75,-72,33,-104
1746694905040.594,176068,1746694905021.625,-68,23,-111
1746694905060.594,176120,1746694905041.5,-64,32,-96
1746694905080.344,176149,1746694905061.344,-64,30,-105
1746694905100.219,176180,1746694905081.219,-68,30,-109
1746694905120.062,176206,1746694905101.094,-64,24,-96
1746694905139.969,176220,1746694905120.969,-67,39,-104
1746694905159.813,176210,1746694905140.844,-68,31,-111
1746694905179.688,176164,1746694905160.719,-76,30,-109
1746694905199.5,176133,1746694905180.625,-72,28,-108
1746694905219.406,176073,1746694905200.406,-72,28,-109
1746694905239.25,175994,1746694905220.25,-72,31,-104
1746694905259.094,175926,1746694905240.125,-79,33,-96
1746694905279.0,175879,1746694905260.0,-79,23,-109
1746694905298.844,175863,1746694905279.906,-80,28,-96
1746694905318.719,175822,1746694905299.719,-64,35,-109
1746694905338.563,175833,1746694905319.563,-68,25,-96
1746694905358.531,175848,1746694905339.469,-73,28,-109
1746694905378.312,175883,1746694905359.344,-81,32,-113
1746694905398.156,175927,1746694905379.188,-68,23,-96
1746694905418.0,175955,1746694905399.031,-61,32,-104
1746694905437.875,176012,1746694905418.906,-77,31,-104
1746694905457.75,176069,1746694905438.781,-71,23,-105
1746694905477.594,176115,1746694905458.594,-67,27,-99
1746694905497.438,176177,1746694905478.469,-84,28,-96
1746694905517.313,176202,1746694905498.375,-66,29,-96
1746694905537.156,176261,1746694905518.187,-72,27,-104
1746694905557.062,176317,1746694905538.031,-57,25,-103
1746694905576.906,176380,1746694905557.938,-77,32,-103
1746694905596.781,176415,1746694905577.812,-73,30,-104
1746694905616.656,176432,1746694905597.656,-71,31,-96
1746694905636.625,176473,1746694905617.531,-69,30,-109
1746694905656.375,176499,1746694905637.469,-64,28,-109
1746694905676.281,176522,1746694905657.281,-71,31,-114
1746694905696.156,176562,1746694905677.187,-65,31,-109
1746694905716.031,176591,1746694905697.063,-72,32,-109
1746694905735.875,176633,1746694905716.906,-70,31,-104
1746694905755.719,176653,1746694905736.812,-71,28,-96
1746694905775.594,176728,1746694905756.625,-81,43,-97
1746694905795.469,176773,1746694905776.469,-71,28,-112
1746694905815.313,176820,1746694905796.344,-68,30,-109
1746694905835.188,176897,1746694905816.219,-72,29,-101
1746694905855.062,176975,1746694905836.062,-79,30,-96
1746694905874.937,177061,1746694905855.937,-68,24,-93
1746694905894.781,177148,1746694905875.938,-80,31,-96
1746694905914.625,177174,1746694905895.688,-69,35,-96
1746694905934.5,177091,1746694905915.5,-71,33,-111
1746694905954.375,176968,1746694905935.375,-65,30,-96
1746694905974.281,176748,1746694905955.25,-69,31,-96
1746694905994.094,176517,1746694905975.188,-68,28,-96
1746694906014.0,176277,1746694905994.969,-84,28,-96
1746694906033.844,176087,1746694906014.875,-82,35,-96
1746694906053.688,175925,1746694906034.781,-49,28,-96
1746694906073.594,175789,1746694906054.594,-72,32,-98
1746694906093.437,175710,1746694906074.437,-68,35,-104
1746694906113.281,175655,1746694906094.344,-74,38,-96
1746694906133.156,175620,1746694906114.156,-69,28,-104
1746694906153.094,175631,1746694906134.063,-68,31,-109
1746694906172.906,175644,1746694906153.937,-78,23,-100
1746694906192.875,175651,1746694906173.812,-72,28,-96
1746694906212.625,175662,1746694906193.688,-65,35,-101
1746694906232.5,175678,1746694906213.531,-77,32,-105
1746694906252.4058,175638,1746694906233.406,-72,31,-96
1746694906272.25,175604,1746694906253.281,-73,27,-105
1746694906292.125,175548,1746694906273.156,-68,31,-104
1746694906311.969,175483,1746694906293.0,-68,31,-112
1746694906331.844,175439,1746694906312.875,-72,31,-112
1746694906351.687,175407,1746694906332.719,-64,28,-109
1746694906371.562,175374,1746694906352.594,-69,33,-96
1746694906391.438,175374,1746694906372.469,-61,30,-109
1746694906411.281,175380,1746694906392.313,-72,35,-112
1746694906431.156,175387,1746694906412.187,-75,31,-96
1746694906451.0,175433,1746694906432.062,-63,28,-96
1746694906470.875,175458,1746694906451.875,-79,27,-96
1746694906490.844,175508,1746694906471.719,-63,22,-100
1746694906510.594,175557,1746694906491.656,-79,15,-105
1746694906530.5,175589,1746694906511.5,-68,30,-109
1746694906550.344,175627,1746694906531.375,-68,28,-105
1746694906570.25,175675,1746694906551.25,-68,30,-113
1746694906590.094,175721,1746694906571.125,-77,31,-96
1746694906609.969,175759,1746694906591.0,-82,31,-104
1746694906629.844,175785,1746694906610.875,-77,28,-112
1746694906649.719,175793,1746694906630.719,-65,36,-109
1746694906669.562,175801,1746694906650.625,-72,28,-96
1746694906689.437,175837,1746694906670.5,-64,29,-103
1746694906709.313,175838,1746694906690.313,-63,30,-112
1746694906729.156,175843,1746694906710.219,-72,31,-96
1746694906749.031,175856,1746694906730.062,-77,32,-96
1746694906768.906,175863,1746694906749.937,-68,31,-96
1746694906788.781,175883,1746694906769.781,-63,25,-96
1746694906808.625,175907,1746694906789.656,-74,28,-104
1746694906828.469,175931,1746694906809.531,-64,31,-106
1746694906848.344,175996,1746694906829.375,-60,44,-112
1746694906868.219,176019,1746694906849.25,-79,32,-109
1746694906888.063,176092,1746694906869.094,-66,35,-96
1746694906907.938,176127,1746694906889.0,-79,40,-109
1746694906927.812,176200,1746694906908.844,-72,35,-111
1746694906947.656,176247,1746694906928.719,-69,31,-113
1746694906967.531,176320,1746694906948.531,-69,28,-108
1746694906987.375,176384,1746694906968.437,-76,35,-105
1746694907007.25,176457,1746694906988.281,-69,31,-105
1746694907027.125,176537,1746694907008.219,-68,35,-104
1746694907046.969,176628,1746694907028.0,-72,28,-96
1746694907066.844,176709,1746694907047.875,-71,31,-109
1746694907086.719,176815,1746694907067.719,-72,28,-111
1746694907106.594,176911,1746694907087.594,-64,27,-96
1746694907126.406,176995,1746694907107.5,-68,32,-96
1746694907146.281,177098,1746694907127.313,-74,28,-109
1746694907166.125,177214,1746694907147.156,-68,28,-96
1746694907186.0,177337,1746694907167.031,-73,25,-100
1746694907205.844,177442,1746694907186.906,-72,25,-100
1746694907225.719,177522,1746694907206.781,-75,28,-109
1746694907245.594,177596,1746694907226.562,-80,27,-104
1746694907265.469,177554,1746694907246.469,-80,31,-96
1746694907285.344,177444,1746694907266.344,-72,31,-109
1746694907305.188,177255,1746694907286.219,-72,24,-96
1746694907325.063,177004,1746694907306.062,-64,24,-96
1746694907344.937,176762,1746694907325.937,-79,27,-96
1746694907364.781,176512,1746694907345.813,-80,24,-106
1746694907384.656,176317,1746694907365.656,-68,31,-96
1746694907404.562,176169,1746694907385.531,-73,27,-109
1746694907424.406,176094,1746694907405.437,-75,31,-109
1746694907444.25,176005,1746694907425.25,-71,28,-104
1746694907464.094,175992,1746694907445.156,-69,25,-104
1746694907484.0,175997,1746694907465.0,-80,31,-96
1746694907503.844,175966,1746694907484.875,-74,24,-109
1746694907523.6868,175980,1746694907504.75,-76,31,-105
1746694907543.563,175971,1746694907524.594,-77,28,-96
1746694907563.438,175959,1746694907544.438,-72,22,-96
1746694907583.281,175957,1746694907564.312,-64,36,-96
1746694907603.125,175893,1746694907584.156,-80,28,-109
1746694907623.125,175819,1746694907604.031,-63,28,-106
1746694907642.875,175751,1746694907623.875,-65,32,-97
1746694907662.719,175675,1746694907643.75,-69,31,-96
1746694907682.531,175654,1746694907663.594,-68,27,-96
1746694907702.406,175610,1746694907683.469,-80,27,-104
1746694907722.313,175549,1746694907703.281,-68,24,-104
1746694907742.156,175561,1746694907723.187,-77,27,-96
1746694907762.0,175554,1746694907743.094,-68,35,-96
1746694907781.875,175570,1746694907762.938,-68,34,-114
1746694907801.719,175610,1746694907782.781,-72,29,-109
1746694907821.594,175623,1746694907802.594,-73,33,-109
1746694907841.469,175655,1746694907822.5,-76,30,-96
1746694907861.281,175696,1746694907842.344,-72,31,-104
1746694907881.156,175726,1746694907862.156,-64,32,-111
1746694907901.031,175744,1746694907882.031,-68,28,-96
1746694907920.844,175791,1746694907901.906,-44,24,-96
1746694907940.719,175820,1746694907921.75,-77,35,-98
1746694907960.594,175868,1746694907941.625,-80,28,-96
1746694907980.469,175897,1746694907961.469,-89,19,-96
1746694908000.313,175933,1746694907981.344,-80,28,-96
1746694908020.219,175943,1746694908001.25,-68,32,-96
1746694908040.062,175939,1746694908021.063,-66,32,-107
1746694908059.875,175975,1746694908040.938,-77,29,-111
1746694908079.75,176007,1746694908060.812,-63,23,-111
1746694908099.5942,176033,1746694908080.656,-72,28,-121
1746694908119.5,176050,1746694908100.5,-69,32,-111
1746694908139.406,176075,1746694908120.406,-69,24,-96
1746694908159.188,176103,1746694908140.344,-70,30,-96
1746694908179.187,176138,1746694908160.094,-72,24,-96
1746694908198.906,176198,1746694908180.063,-80,29,-96
1746694908218.75,176269,1746694908199.781,-76,30,-105
1746694908238.656,176346,1746694908219.688,-76,31,-113
1746694908258.531,176417,1746694908239.562,-69,32,-109
1746694908278.469,176481,1746694908259.375,-69,28,-104
1746694908298.219,176570,1746694908279.344,-82,32,-109
1746694908318.094,176641,1746694908299.094,-56,35,-109
1746694908337.938,176745,1746694908319.0,-74,30,-110
1746694908357.812,176836,1746694908338.812,-71,31,-112
1746694908377.625,176933,1746694908358.687,-75,44,-102
1746694908397.5,177012,1746694908378.563,-73,31,-109
1746694908417.375,177104,1746694908398.438,-71,28,-96
1746694908437.25,177109,1746694908418.25,-72,21,-104
1746694908457.094,177029,1746694908438.125,-66,25,-111
1746694908476.938,176883,1746694908458.0,-72,31,-111
1746694908496.844,176630,1746694908477.937,-80,31,-109
1746694908516.719,176360,1746694908497.719,-72,31,-96
1746694908536.531,176120,1746694908517.594,-67,31,-106
1746694908556.438,175910,1746694908537.438,-74,30,-104
1746694908576.344,175723,1746694908557.313,-68,30,-96
1746694908596.1558,175587,1746694908577.219,-68,35,-96
1746694908616.0,175492,1746694908597.031,-68,28,-109
1746694908635.875,175488,1746694908616.9382,-72,28,-96
1746694908655.75,175445,1746694908636.781,-64,30,-112
1746694908675.625,175458,1746694908656.594,-77,32,-106
1746694908695.437,175467,1746694908676.5,-78,28,-96
1746694908715.312,175484,1746694908696.375,-81,28,-96
1746694908735.188,175487,1746694908716.188,-80,28,-104
1746694908755.156,175509,1746694908736.063,-72,28,-93
1746694908774.906,175441,1746694908755.937,-76,15,-95
1746694908794.75,175330,1746694908775.812,-72,25,-96
1746694908814.656,175266,1746694908795.625,-76,25,-104
1746694908834.531,175200,1746694908815.625,-73,31,-96
1746694908854.344,175135,1746694908835.406,-81,28,-96
1746694908874.281,175072,1746694908855.25,-72,31,-104
1746694908894.063,175021,1746694908875.1882,-80,28,-96
1746694908913.938,175018,1746694908894.938,-65,32,-104
1746694908933.781,175007,1746694908914.812,-66,35,-110
1746694908953.625,175018,1746694908934.687,-78,32,-96
1746694908973.5,175027,1746694908954.531,-82,31,-96
1746694908993.406,175044,1746694908974.406,-63,33,-111
1746694909013.2192,175085,1746694908994.219,-73,28,-100
1746694909033.094,175120,1746694909014.125,-79,28,-96
1746694909052.937,175153,1746694909033.969,-64,32,-96
1746694909072.813,175200,1746694909053.813,-72,30,-109
1746694909092.656,175240,1746694909073.688,-79,24,-103
1746694909112.5,175275,1746694909093.5618,-66,34,-110
1746694909132.375,175292,1746694909113.375,-73,31,-109
1746694909152.219,175331,1746694909133.25,-66,28,-104
1746694909172.0632,175344,1746694909153.125,-69,33,-104
1746694909191.969,175350,1746694909172.969,-68,31,-109
1746694909211.812,175366,1746694909192.844,-72,28,-111
1746694909231.688,175362,1746694909212.813,-74,31,-96
1746694909251.531,175366,1746694909232.563,-76,24,-96
1746694909271.375,175339,1746694909252.375,-71,28,-100
1746694909291.25,175356,1746694909272.219,-68,28,-111
1746694909311.188,175387,1746694909292.125,-68,32,-109
1746694909330.969,175388,1746694909312.094,-68,33,-105
1746694909350.844,175440,1746694909331.875,-67,28,-96
1746694909370.719,175494,1746694909351.719,-64,28,-96
1746694909390.562,175516,1746694909371.594,-65,30,-109
1746694909410.406,175575,1746694909391.438,-80,31,-105
1746694909430.281,175637,1746694909411.344,-71,25,-96
1746694909450.125,175698,1746694909431.156,-72,30,-109
1746694909470.0,175760,1746694909451.031,-80,31,-96
1746694909489.844,175835,1746694909470.875,-65,31,-104
1746694909509.688,175624,1746694909490.719,-65,32,-113
1746694909529.594,174406,1746694909510.531,-58,30,-120
1746694909549.437,173886,1746694909530.469,-109,44,-112
1746694909569.281,173484,1746694909550.281,-65,-4,-80
1746694909589.156,173070,1746694909570.188,-79,-26,-144
1746694909609.0,172533,1746694909590.062,-80,64,-96
1746694909628.875,171947,1746694909609.937,-200,39,-61
1746694909648.75,171487,1746694909629.75,-116,14,-47
1746694909668.594,171080,1746694909649.625,24,56,-80
1746694909688.469,170648,1746694909669.4692,24,48,-110
1746694909708.312,170240,1746694909689.375,-45,33,-117
1746694909728.156,169917,1746694909709.344,-65,51,-112
1746694909748.063,169688,1746694909729.063,-66,52,-116
1746694909767.906,169766,1746694909748.938,-69,52,-125
1746694909787.75,172851,1746694909768.781,-65,8,-121
1746694909807.594,175026,1746694909788.625,-76,30,-48
1746694909827.469,175251,1746694909808.5,-98,-32,-223
1746694909847.344,175687,1746694909828.344,-33,-7,-157
1746694909867.188,176385,1746694909848.25,-100,46,-80
1746694909887.062,176848,1746694909868.094,-69,24,-72
1746694909906.906,177467,1746694909887.969,-57,22,-91
1746694909926.813,178097,1746694909907.813,-52,32,-109
1746694909946.625,178554,1746694909927.687,-77,36,-112
1746694909966.5,178670,1746694909947.531,-68,31,-125
1746694909986.344,178472,1746694909967.406,-71,28,-121
1746694910006.219,178232,1746694909987.219,-57,19,-112
1746694910026.094,178002,1746694910007.094,-57,22,-109
1746694910046.062,177857,1746694910027.0,-61,24,-109
1746694910065.812,177839,1746694910046.938,-63,25,-109
1746694910085.656,177879,1746694910066.688,-62,23,-112
1746694910105.531,177925,1746694910086.563,-72,28,-125
1746694910125.375,177940,1746694910106.469,-66,24,-112
1746694910145.25,178031,1746694910126.281,-53,25,-113
1746694910165.125,178146,1746694910146.156,-65,24,-112
1746694910184.969,178271,1746694910165.969,-61,33,-112
1746694910204.813,178330,1746694910185.906,-66,30,-109
1746694910224.687,178355,1746694910205.719,-64,24,-112
1746694910244.562,178397,1746694910225.563,-64,20,-109
1746694910264.406,178408,1746694910245.406,-58,23,-104
1746694910284.25,178453,1746694910265.312,-64,24,-112
1746694910304.156,178466,1746694910285.156,-73,24,-112
1746694910324.0,178480,1746694910305.031,-66,19,-109
1746694910343.813,178487,1746694910324.875,-64,19,-112
1746694910363.688,178556,1746694910344.719,-68,28,-109
1746694910383.531,178638,1746694910364.594,-64,27,-112
1746694910403.406,178726,1746694910384.375,-71,19,-112
1746694910423.25,178776,1746694910404.281,-71,31,-112
1746694910443.25,178803,1746694910424.156,-61,28,-107
1746694910463.0,178829,1746694910444.125,-63,24,-112
1746694910482.875,178844,1746694910463.906,-61,28,-116
1746694910502.719,178802,1746694910483.75,-65,28,-112
1746694910522.594,178746,1746694910503.594,-69,47,-104
1746694910542.469,178687,1746694910523.5,-72,25,-109
1746694910562.344,178629,1746694910543.344,-57,19,-111
1746694910582.187,178541,1746694910563.219,-61,22,-100
1746694910602.031,178450,1746694910583.094,-57,27,-109
1746694910621.906,178297,1746694910602.875,-69,22,-104
1746694910641.75,178100,1746694910622.781,-65,23,-121
1746694910661.656,177806,1746694910642.625,-61,23,-109
1746694910681.469,177476,1746694910662.5,-59,27,-113
1746694910701.344,177076,1746694910682.313,-58,28,-104
1746694910721.219,176703,1746694910702.219,-58,25,-109
1746694910741.062,176363,1746694910722.094,-61,23,-111
1746694910760.938,176064,1746694910741.969,-73,23,-112
1746694910780.906,175844,1746694910761.813,-73,24,-109
1746694910800.656,175701,1746694910781.812,-63,24,-106
1746694910820.5,175602,1746694910801.531,-57,23,-112
1746694910840.344,175572,1746694910821.406,-70,20,-110
1746694910860.219,175567,1746694910841.219,-66,24,-111
1746694910880.125,175564,1746694910861.094,-61,25,-112
1746694910899.969,175515,1746694910881.0,-71,25,-109
1746694910919.844,175456,1746694910900.906,-68,23,-113
1746694910939.719,175416,1746694910920.75,-52,19,-96
1746694910959.594,175349,1746694910940.594,-73,22,-111
1746694910979.437,175221,1746694910960.469,-61,20,-116
1746694910999.281,175071,1746694910980.344,-61,24,-111
1746694911019.156,174914,1746694911000.125,-61,27,-104
1746694911039.0,174744,1746694911020.031,-61,27,-112
1746694911058.844,174621,1746694911039.875,-64,19,-112
1746694911078.687,174527,1746694911059.75,-72,25,-109
1746694911098.563,174448,1746694911079.594,-50,22,-105
1746694911118.469,174370,1746694911099.438,-65,27,-109
1746694911138.25,174338,1746694911119.312,-73,23,-104
1746694911158.125,174321,1746694911139.156,-68,31,-112
1746694911178.063,174287,1746694911159.0,-57,28,-112
1746694911197.844,174284,1746694911178.938,-72,25,-112
1746694911217.688,174286,1746694911198.719,-61,22,-100
1746694911237.531,174320,1746694911218.594,-68,20,-112
1746694911257.406,174297,1746694911238.437,-65,35,-112
1746694911277.313,174275,1746694911258.313,-61,25,-110
1746694911297.156,174269,1746694911278.156,-64,30,-112
1746694911317.0,174254,1746694911298.062,-72,15,-105
1746694911336.875,174239,1746694911317.875,-69,25,-112
1746694911356.75,174205,1746694911337.781,-73,26,-112
1746694911376.594,174139,1746694911357.656,-58,28,-121
1746694911396.4692,174024,1746694911377.5,-64,19,-112
1746694911416.344,173908,1746694911397.344,-69,24,-112
1746694911436.188,173861,1746694911417.25,-60,30,-113
1746694911456.031,173841,1746694911437.094,-59,24,-109
1746694911475.906,173857,1746694911456.969,-77,24,-105
1746694911495.812,173856,1746694911476.781,-64,22,-112
1746694911515.625,173880,1746694911496.656,-69,24,-112
1746694911535.469,173893,1746694911516.5,-64,19,-104
1746694911555.344,173931,1746694911536.406,-68,17,-109
1746694911575.219,174012,1746694911556.25,-61,27,-112
1746694911595.062,174082,1746694911576.125,-64,28,-113
1746694911614.938,174165,1746694911595.969,-63,28,-104
1746694911634.875,174248,1746694911615.844,-64,25,-111
1746694911654.687,174322,1746694911635.687,-55,23,-114
1746694911674.531,174439,1746694911655.562,-69,28,-109
1746694911694.375,174520,1746694911675.438,-60,40,-105
1746694911714.25,174607,1746694911695.312,-58,24,-113
1746694911734.094,174713,1746694911715.094,-63,22,-110
1746694911753.969,174837,1746694911734.937,-61,24,-100
1746694911773.844,174949,1746694911754.875,-62,19,-109
1746694911793.719,175034,1746694911774.719,-69,27,-112
1746694911813.594,175082,1746694911794.594,-69,29,-112
1746694911833.437,175043,1746694911814.469,-63,24,-114
1746694911853.344,174901,1746694911834.375,-71,24,-109
1746694911873.188,174690,1746694911854.219,-72,24,-112
1746694911893.094,174393,1746694911874.094,-60,35,-109
1746694911912.937,174143,1746694911893.969,-56,22,-112
1746694911932.844,173907,1746694911913.844,-60,23,-112
1746694911952.719,173690,1746694911933.719,-71,24,-104
1746694911972.594,173549,1746694911953.594,-64,24,-112
1746694911992.4368,173415,1746694911973.469,-48,26,-112
1746694912012.344,173360,1746694911993.375,-57,27,-109
1746694912032.344,173353,1746694912013.2192,-68,25,-109
1746694912052.062,173377,1746694912033.094,-57,32,-105
1746694912071.906,173378,1746694912052.969,-63,24,-109
1746694912091.781,173380,1746694912072.844,-66,17,-111
1746694912111.625,173386,1746694912092.656,-61,20,-112
1746694912131.5,173387,1746694912112.5,-58,24,-112
1746694912151.344,173398,1746694912132.406,-58,26,-112
1746694912171.219,173302,1746694912152.313,-69,24,-109
1746694912191.094,173194,1746694912172.094,-60,24,-109
1746694912210.906,173040,1746694912191.969,-64,19,-109
1746694912230.781,172886,1746694912211.812,-64,23,-109
1746694912250.656,172741,1746694912231.688,-64,24,-111
1746694912270.5,172641,1746694912251.531,-57,23,-112
1746694912290.344,172618,1746694912271.375,-66,24,-109
1746694912310.219,172619,1746694912291.25,-68,23,-112
1746694912330.062,172619,1746694912311.156,-57,27,-121
1746694912349.938,172652,1746694912330.938,-71,25,-113
1746694912369.781,172678,1746694912350.813,-58,20,-109
1746694912389.625,172728,1746694912370.687,-73,35,-113
1746694912409.5,172770,1746694912390.531,-61,22,-103
1746694912429.344,172849,1746694912410.375,-64,24,-96
1746694912449.219,172919,1746694912430.219,-65,16,-113
1746694912469.063,172950,1746694912450.063,-62,24,-104
1746694912488.937,172952,1746694912469.969,-58,24,-112
1746694912508.812,172990,1746694912489.813,-72,25,-112
1746694912528.625,173028,1746694912509.688,-61,24,-112
1746694912548.5,173040,1746694912529.531,-64,24,-112
1746694912568.3442,173043,1746694912549.437,-61,22,-109
1746694912588.219,173035,1746694912569.25,-72,19,-108
1746694912608.063,173020,1746694912589.125,-61,21,-96
1746694912627.906,173041,1746694912608.969,-58,23,-96
1746694912647.781,173072,1746694912628.844,-72,23,-106
1746694912667.625,173106,1746694912648.813,-60,27,-109
1746694912687.5,173126,1746694912668.5,-69,28,-104
1746694912707.313,173116,1746694912688.375,-60,22,-112
1746694912727.219,173165,1746694912708.25,-65,30,-111
1746694912747.094,173220,1746694912728.094,-69,19,-109
1746694912766.969,173282,1746694912747.969,-61,24,-112
1746694912786.813,173347,1746694912767.844,-60,19,-104
1746694912806.688,173414,1746694912787.719,-72,23,-109
1746694912826.562,173523,1746694912807.531,-63,27,-104
1746694912846.375,173597,1746694912827.437,-60,24,-106
1746694912866.281,173676,1746694912847.281,-68,24,-111
1746694912886.188,173798,1746694912867.188,-69,27,-98
1746694912906.094,173902,1746694912887.031,-61,24,-109
1746694912925.906,174026,1746694912906.969,-64,23,-110
1746694912945.75,174129,1746694912926.875,-63,25,-113
1746694912965.656,174263,1746694912946.656,-64,19,-112
1746694912985.562,174325,1746694912966.531,-61,22,-104
1746694913005.406,174335,1746694912986.469,-67,22,-122
1746694913025.281,174230,1746694913006.313,-64,35,-111
1746694913045.125,174095,1746694913026.156,-64,22,-109
1746694913065.0,173891,1746694913046.031,-65,28,-96
1746694913084.844,173668,1746694913065.875,-60,22,-106
1746694913104.719,173446,1746694913085.75,-58,27,-112
1746694913124.625,173270,1746694913105.594,-65,35,-112
1746694913144.469,173115,1746694913125.5,-63,28,-114
1746694913164.344,173014,1746694913145.375,-61,24,-113
1746694913184.188,172972,1746694913165.219,-67,19,-95
1746694913204.063,172987,1746694913185.125,-64,22,-112
1746694913223.937,173026,1746694913204.937,-58,28,-112
1746694913243.781,173025,1746694913224.812,-72,28,-109
1746694913263.656,173060,1746694913244.688,-68,24,-109
1746694913283.5,173083,1746694913264.531,-64,25,-112
1746694913303.375,173111,1746694913284.406,-77,24,-109
1746694913323.25,173118,1746694913304.281,-74,23,-109
1746694913343.094,173093,1746694913324.156,-60,25,-109
1746694913362.969,173050,1746694913343.969,-61,15,-112
1746694913382.812,173000,1746694913363.844,-63,19,-111
1746694913402.656,172958,1746694913383.719,-77,24,-111
1746694913422.563,172913,1746694913403.563,-69,19,-112
1746694913442.406,172899,1746694913423.438,-58,21,-112
1746694913462.25,172892,1746694913443.281,-85,19,-109
1746694913482.125,172869,1746694913463.156,-72,23,-111
1746694913502.0,172867,1746694913483.0,-61,24,-112
1746694913521.875,172897,1746694913502.875,-64,19,-112
1746694913541.719,172944,1746694913522.75,-64,23,-109
1746694913561.594,172949,1746694913542.625,-61,20,-109
1746694913581.437,173009,1746694913562.5,-68,22,-125
1746694913601.3132,173035,1746694913582.313,-67,21,-112
1746694913621.094,173081,1746694913602.188,-66,25,-112
1746694913640.969,173121,1746694913622.031,-68,24,-96
1746694913660.844,173171,1746694913641.875,-72,24,-106
1746694913680.719,173222,1746694913661.719,-61,24,-112
1746694913700.563,173268,1746694913681.594,-57,24,-111
1746694913720.438,173324,1746694913701.469,-69,23,-109
1746694913740.312,173349,1746694913721.344,-64,23,-104
1746694913760.187,173346,1746694913741.188,-63,35,-112
1746694913780.063,173357,1746694913761.063,-61,25,-104
1746694913799.906,173402,1746694913780.969,-68,28,-109
1746694913819.75,173413,1746694913800.781,-69,24,-100
1746694913839.625,173456,1746694913820.656,-64,24,-112
1746694913859.469,173464,1746694913840.5,-57,39,-112
1746694913879.313,173471,1746694913860.375,-64,28,-111
1746694913899.281,173532,1746694913880.219,-64,24,-113
1746694913919.062,173580,1746694913900.062,-60,22,-105
1746694913938.906,173687,1746694913920.0,-61,24,-109
1746694913958.75,173744,1746694913939.813,-71,22,-112
1746694913978.594,173824,1746694913959.625,-61,28,-109
1746694913998.5,173902,1746694913979.469,-64,27,-104
1746694914018.344,173972,1746694913999.406,-73,31,-109
1746694914038.188,174084,1746694914019.25,-61,26,-109
1746694914058.063,174153,1746694914039.062,-68,24,-109
1746694914077.906,174257,1746694914058.969,-60,20,-109
1746694914097.75,174376,1746694914078.813,-72,27,-111
1746694914117.625,174484,1746694914098.719,-58,24,-107
1746694914137.5,174575,1746694914118.531,-57,28,-116
1746694914157.375,174634,1746694914138.375,-60,12,-109
1746694914177.187,174605,1746694914158.25,-65,24,-111
1746694914197.063,174539,1746694914178.125,-72,24,-112
1746694914216.906,174385,1746694914197.938,-63,24,-109
1746694914236.7808,174182,1746694914217.781,-60,24,-112
1746694914256.687,173983,1746694914237.687,-57,28,-109
1746694914276.531,173807,1746694914257.5632,-64,25,-104
1746694914296.406,173673,1746694914277.438,-74,28,-109
1746694914316.219,173552,1746694914297.281,-64,24,-104
1746694914336.094,173472,1746694914317.062,-63,24,-104
1746694914355.906,173456,1746694914337.031,-61,28,-96
1746694914375.781,173454,1746694914356.813,-64,31,-112
1746694914395.625,173453,1746694914376.688,-57,27,-106
1746694914415.469,173459,1746694914396.5,-60,24,-109
1746694914435.344,173474,1746694914416.406,-71,25,-111
1746694914455.219,173519,1746694914436.25,-57,20,-109
1746694914475.063,173508,1746694914456.094,-65,24,-113
1746694914494.875,173513,1746694914475.937,-71,24,-112
1746694914514.75,173445,1746694914495.781,-57,19,-112
1746694914534.625,173400,1746694914515.656,-81,24,-106
1746694914554.5,173359,1746694914535.469,-64,23,-109
1746694914574.344,173328,1746694914555.375,-65,20,-112
1746694914594.187,173300,1746694914575.219,-72,23,-112
1746694914614.062,173245,1746694914595.062,-61,28,-109
1746694914633.906,173249,1746694914614.938,-68,19,-109
1746694914653.781,173237,1746694914634.7808,-57,24,-113
1746694914673.656,173239,1746694914654.687,-58,23,-121
1746694914693.5,173282,1746694914674.531,-57,20,-112
1746694914713.375,173323,1746694914694.375,-72,24,-112
1746694914733.219,173358,1746694914714.219,-66,24,-109
1746694914753.031,173376,1746694914734.094,-57,20,-111
1746694914772.937,173432,1746694914753.937,-74,26,-112
1746694914792.781,173492,1746694914773.813,-68,24,-112
1746694914812.625,173557,1746694914793.688,-68,27,-112
1746694914832.5,173631,1746694914813.531,-63,22,-112
1746694914852.406,173676,1746694914833.375,-61,20,-109
1746694914872.219,173689,1746694914853.25,-65,24,-111
1746694914892.063,173723,1746694914873.094,-57,22,-100
1746694914911.906,173755,1746694914892.969,-65,25,-104
1746694914931.781,173786,1746694914912.812,-77,19,-108
1746694914951.75,173830,1746694914932.687,-66,22,-96
1746694914971.5,173855,1746694914952.563,-68,27,-98
1746694914991.375,173884,1746694914972.438,-56,19,-89
1746694915011.25,173918,1746694914992.281,-57,23,-106
1746694915031.094,173941,1746694915012.094,-64,25,-114
1746694915050.969,173992,1746694915031.969,-65,24,-111
1746694915070.844,174048,1746694915051.875,-61,25,-109
1746694915090.688,174088,1746694915071.719,-65,24,-112
1746694915110.594,174154,1746694915091.562,-76,27,-112
1746694915130.438,174216,1746694915111.469,-73,24,-112
1746694915150.281,174283,1746694915131.344,-71,28,-109
1746694915170.156,174357,1746694915151.156,-73,31,-109
1746694915190.0,174443,1746694915171.031,-66,24,-111
1746694915209.812,174521,1746694915190.875,-61,20,-96
1746694915229.688,174628,1746694915210.719,-68,17,-109
1746694915249.563,174736,1746694915230.563,-62,24,-109
1746694915269.406,174824,1746694915250.437,-64,33,-111
1746694915289.281,174886,1746694915270.312,-72,26,-113
1746694915309.219,174840,1746694915290.188,-57,23,-121
1746694915329.0,174761,1746694915310.0,-63,15,-121
1746694915348.875,174621,1746694915329.875,-72,24,-111
1746694915368.687,174451,1746694915349.75,-60,27,-109
1746694915388.562,174253,1746694915369.594,-61,24,-104
1746694915408.406,174059,1746694915389.438,-68,24,-106
1746694915428.281,173903,1746694915409.281,-62,27,-109
1746694915448.125,173794,1746694915429.187,-68,24,-112
1746694915467.969,173721,1746694915449.031,-71,24,-112
1746694915487.844,173723,1746694915468.844,-55,32,-109
1746694915507.75,173717,1746694915488.719,-73,30,-109
1746694915527.562,173741,1746694915508.656,-72,26,-105
1746694915547.437,173757,1746694915528.5,-70,30,-108
1746694915567.313,173805,1746694915548.344,-58,38,-96
1746694915587.188,173858,1746694915568.188,-60,24,-111
1746694915607.031,173913,1746694915588.031,-41,24,-112
1746694915626.875,173946,1746694915607.937,-61,24,-104
1746694915646.75,173912,1746694915627.75,-67,28,-112
1746694915666.625,173836,1746694915647.625,-65,53,-112
1746694915686.469,173823,1746694915667.531,-61,24,-111
1746694915706.406,173783,1746694915687.375,-69,19,-108
1746694915726.187,173773,1746694915707.187,-61,15,-80
1746694915746.063,173786,1746694915727.063,-61,24,-109
1746694915765.875,173769,1746694915746.938,-68,27,-111
1746694915785.75,173782,1746694915766.812,-52,25,-117
1746694915805.625,173807,1746694915786.594,-61,24,-104
1746694915825.531,173802,1746694915806.469,-57,27,-112
1746694915845.375,173838,1746694915826.469,-72,28,-109
1746694915865.25,173890,1746694915846.281,-63,27,-114
1746694915885.094,173928,1746694915866.125,-60,20,-112
1746694915904.938,173999,1746694915886.0,-72,25,-116
1746694915924.813,174041,1746694915905.844,-61,26,-112
1746694915944.656,174065,1746694915925.719,-62,25,-96
1746694915964.531,174087,1746694915945.531,-64,16,-96
1746694915984.375,174126,1746694915965.406,-71,24,-104
1746694916004.25,174162,1746694915985.281,-64,38,-114
1746694916024.125,174154,1746694916005.156,-64,24,-121
1746694916044.125,174163,1746694916025.0,-68,28,-112
1746694916063.844,174175,1746694916044.875,-68,32,-109
1746694916083.688,174157,1746694916064.75,-63,20,-111
1746694916103.563,174158,1746694916084.594,-68,27,-121
1746694916123.406,174137,1746694916104.437,-63,24,-112
1746694916143.25,174099,1746694916124.281,-60,28,-111
1746694916163.094,174051,1746694916144.156,-73,23,-112
1746694916182.938,173973,1746694916164.062,-63,28,-113
1746694916202.844,173902,1746694916183.844,-72,28,-105
1746694916222.656,173843,1746694916203.719,-77,23,-112
1746694916242.531,173833,1746694916223.563,-65,22,-111
1746694916262.438,173896,1746694916243.438,-61,22,-112
1746694916282.25,173984,1746694916263.312,-60,27,-114
1746694916302.094,174083,1746694916283.125,-60,24,-112
1746694916321.969,174149,1746694916303.0,-66,24,-104
1746694916341.844,174193,1746694916322.875,-65,17,-105
1746694916361.719,174202,1746694916342.719,-71,24,-106
1746694916381.562,174148,1746694916362.594,-63,28,-104
1746694916401.437,174121,1746694916382.469,-81,15,-109
1746694916421.281,174047,1746694916402.344,-61,24,-109
1746694916441.281,174021,1746694916422.156,-61,24,-104
1746694916461.031,173973,1746694916442.031,-61,15,-109
1746694916480.906,173928,1746694916461.906,-68,23,-112
1746694916500.719,173852,1746694916481.781,-63,19,-111
1746694916520.625,173702,1746694916501.625,-73,24,-121
1746694916540.469,173506,1746694916521.5,-65,23,-112
1746694916560.406,173239,1746694916541.375,-72,24,-109
1746694916580.188,172973,1746694916561.281,-64,30,-113
1746694916600.063,172709,1746694916581.094,-63,28,-121
1746694916619.875,172492,1746694916600.875,-61,31,-105
1746694916639.75,172362,1746694916620.812,-69,27,-112
1746694916659.594,172251,1746694916640.625,-64,22,-109
1746694916679.5,172182,1746694916660.469,-72,17,-109
1746694916699.313,172142,1746694916680.344,-61,19,-100
1746694916719.156,172146,1746694916700.219,-72,22,-109
1746694916739.031,172122,1746694916720.031,-49,32,-113
1746694916758.875,172111,1746694916739.906,-61,30,-112
1746694916778.688,172068,1746694916759.75,-74,28,-111
1746694916798.563,172026,1746694916779.625,-60,15,-109
1746694916818.437,172011,1746694916799.469,-65,26,-104
1746694916838.312,171976,1746694916819.281,-61,22,-100
1746694916858.125,171956,1746694916839.188,-61,23,-109
1746694916878.0,171898,1746694916859.062,-66,24,-109
1746694916897.844,171803,1746694916878.906,-69,23,-96
1746694916917.781,171719,1746694916898.75,-61,23,-105
1746694916937.625,171673,1746694916918.656,-61,25,-104
1746694916957.5,171632,1746694916938.531,-73,17,-112
1746694916977.375,171595,1746694916958.375,-72,20,-96
1746694916997.313,171604,1746694916978.219,-60,24,-96
1746694917017.063,171607,1746694916998.188,-70,25,-111
1746694917036.938,171632,1746694917018.0,-64,24,-112
1746694917056.812,171712,1746694917037.844,-63,28,-112
1746694917076.687,171732,1746694917057.719,-77,24,-109
1746694917096.531,171753,1746694917077.563,-69,30,-110
1746694917116.375,171765,1746694917097.438,-70,28,-112
1746694917136.25,171754,1746694917117.25,-72,36,-111
1746694917156.094,171769,1746694917137.125,-73,22,-112
1746694917175.937,171771,1746694917156.969,-60,25,-111
1746694917195.813,171785,1746694917176.875,-63,24,-121
1746694917215.688,171800,1746694917196.719,-71,25,-96
1746694917235.562,171838,1746694917216.562,-66,27,-105
1746694917255.406,171837,1746694917236.438,-62,24,-112
1746694917275.281,171805,1746694917256.313,-67,23,-112
1746694917295.125,171774,1746694917276.125,-64,25,-109
1746694917315.0,171711,1746694917296.094,-61,27,-112
1746694917334.844,171640,1746694917315.875,-65,28,-112
1746694917354.688,171559,1746694917335.719,-57,24,-114
1746694917374.531,171543,1746694917355.531,-60,31,-104
1746694917394.375,171512,1746694917375.406,-68,23,-112
1746694917414.219,171508,1746694917395.281,-66,22,-112
1746694917434.125,171512,1746694917415.125,-61,24,-100
1746694917454.094,171541,1746694917435.0,-63,25,-112
1746694917473.844,171582,1746694917454.875,-81,29,-106
1746694917493.687,171628,1746694917474.719,-60,20,-96
1746694917513.562,171636,1746694917494.594,-66,23,-109
1746694917533.406,171619,1746694917514.469,-63,19,-103
1746694917553.313,171592,1746694917534.344,-73,20,-109
1746694917573.125,171607,1746694917554.187,-72,24,-96
1746694917593.031,171592,1746694917574.031,-60,23,-119
1746694917612.906,171593,1746694917593.844,-61,28,-104
1746694917632.781,171585,1746694917613.781,-61,38,-129
1746694917652.625,171494,1746694917633.656,-72,23,-112
1746694917672.469,171315,1746694917653.5,-65,24,-104
1746694917692.344,171102,1746694917673.375,-63,24,-109
1746694917712.219,170827,1746694917693.219,-65,22,-109
1746694917732.187,170561,1746694917713.062,-64,25,-100
1746694917751.937,170331,1746694917733.063,-72,25,-109
1746694917771.813,170159,1746694917752.813,-66,23,-112
1746694917791.656,170013,1746694917772.688,-57,27,-111
1746694917811.5,169899,1746694917792.562,-65,25,-110
1746694917831.375,169822,1746694917812.406,-64,27,-113
1746694917851.281,169797,1746694917832.219,-62,25,-112
1746694917871.094,169812,1746694917852.125,-60,23,-116
1746694917890.969,169826,1746694917871.969,-57,16,-112
1746694917910.812,169813,1746694917891.844,-56,20,-112
1746694917930.687,169820,1746694917911.688,-64,22,-121
1746694917950.531,169836,1746694917931.594,-66,24,-108
1746694917970.375,169829,1746694917951.437,-77,24,-112
1746694917990.25,169795,1746694917971.281,-62,19,-112
1746694918010.125,169754,1746694917991.125,-56,24,-112
1746694918029.938,169705,1746694918011.031,-69,25,-105
1746694918049.813,169699,1746694918030.844,-65,28,-109
1746694918069.719,169679,1746694918050.75,-79,25,-108
1746694918089.562,169706,1746694918070.594,-57,25,-109
1746694918109.406,169743,1746694918090.438,-64,30,-112
1746694918129.281,169779,1746694918110.313,-64,19,-112
1746694918149.156,169829,1746694918130.312,-53,24,-107
1746694918169.062,169852,1746694918150.062,-72,23,-100
1746694918188.875,169865,1746694918169.969,-77,24,-109
1746694918208.75,169901,1746694918189.813,-49,28,-112
1746694918228.687,169946,1746694918209.625,-71,20,-112
1746694918248.5,170016,1746694918229.562,-62,23,-109
1746694918268.344,170054,1746694918249.375,-67,25,-115
1746694918288.219,170122,1746694918269.25,-69,19,-112
1746694918308.063,170185,1746694918289.062,-65,19,-112
1746694918327.969,170249,1746694918308.969,-61,28,-109
1746694918347.781,170315,1746694918328.844,-63,20,-112
1746694918367.656,170395,1746694918348.719,-60,24,-114
1746694918387.531,170460,1746694918368.562,-60,30,-112
1746694918407.406,170527,1746694918388.437,-61,27,-112
1746694918427.219,170603,1746694918408.313,-64,24,-113
1746694918447.125,170671,1746694918428.125,-65,24,-112
1746694918467.062,170752,1746694918448.0,-61,22,-111
1746694918486.875,170871,1746694918467.937,-64,23,-109
1746694918506.687,170946,1746694918487.75,-73,19,-112
1746694918526.563,171028,1746694918507.625,-63,19,-112
1746694918546.438,171110,1746694918527.438,-71,31,-112
1746694918566.344,171172,1746694918547.312,-64,27,-106
1746694918586.156,171229,1746694918567.219,-66,27,-112
1746694918606.063,171293,1746694918587.094,-64,23,-103
1746694918626.0,171389,1746694918606.938,-71,24,-96
1746694918645.812,171486,1746694918626.875,-64,28,-105
1746694918665.656,171662,1746694918646.687,-61,15,-74
1746694918685.531,171835,1746694918666.563,-68,16,-104
1746694918705.406,172056,1746694918686.438,-64,27,-112
1746694918725.25,172270,1746694918706.281,-64,24,-125
1746694918745.125,172475,1746694918726.156,-69,25,-112
1746694918765.0,172658,1746694918746.063,-69,24,-112
1746694918784.875,172731,1746694918765.875,-62,20,-112
1746694918804.719,172790,1746694918785.75,-61,23,-112
1746694918824.562,172763,1746694918805.656,-64,27,-109
1746694918844.469,172675,1746694918825.5,-77,24,-112
1746694918864.313,172555,1746694918845.344,-60,28,-112
1746694918884.187,172460,1746694918865.187,-64,28,-111
1746694918904.062,172422,1746694918885.094,-68,15,-109
1746694918923.969,172379,1746694918904.938,-72,26,-109
1746694918943.813,172362,1746694918924.844,-73,25,-111
1746694918963.656,172389,1746694918944.687,-60,27,-100
1746694918983.562,172411,1746694918964.562,-56,31,-111
1746694919003.438,172469,1746694918984.438,-64,30,-109
1746694919023.281,172501,1746694919004.313,-72,24,-112
1746694919043.125,172523,1746694919024.187,-63,23,-109
1746694919063.0,172531,1746694919044.062,-61,16,-129
1746694919082.875,172523,1746694919063.875,-61,28,-109
1746694919102.75,172517,1746694919083.75,-61,24,-112
1746694919122.5942,172496,1746694919103.625,-61,28,-112
1746694919142.5,172450,1746694919123.5,-72,25,-105
1746694919162.438,172464,1746694919143.375,-68,30,-109
1746694919182.281,172452,1746694919163.313,-68,28,-111
1746694919202.125,172443,1746694919183.125,-63,22,-112
1746694919222.0,172460,1746694919203.031,-60,30,-109
1746694919241.875,172504,1746694919222.875,-72,22,-104
1746694919261.75,172569,1746694919242.75,-76,24,-109
1746694919281.594,172664,1746694919262.656,-50,22,-109
1746694919301.469,172724,1746694919282.5,-64,19,-109
1746694919321.344,172796,1746694919302.344,-71,24,-109
1746694919341.156,172869,1746694919322.219,-64,29,-112
1746694919361.063,172934,1746694919342.062,-62,22,-96
1746694919381.0,173003,1746694919361.969,-76,22,-96
1746694919400.75,173088,1746694919381.781,-68,23,-109
1746694919420.594,173162,1746694919401.656,-61,24,-112
1746694919440.469,173237,1746694919421.5,-68,23,-112
1746694919460.344,173354,1746694919441.406,-63,24,-112
1746694919480.219,173434,1746694919461.219,-56,27,-104
1746694919500.063,173482,1746694919481.094,-53,25,-114
1746694919519.906,173541,1746694919500.969,-64,24,-112
1746694919539.781,173615,1746694919520.812,-64,25,-96
1746694919559.625,173672,1746694919540.687,-63,24,-106
1746694919579.5,173714,1746694919560.469,-47,17,-104
1746694919599.375,173801,1746694919580.375,-60,22,-112
1746694919619.25,174124,1746694919600.25,-68,28,-114
1746694919639.125,173402,1746694919620.125,-85,15,-141
1746694919659.0,168450,1746694919640.0,-201,-52,-191
1746694919678.844,197507,1746694919659.906,-200,-60,-366
1746694919698.688,203741,1746694919679.719,484,-168,174
1746694919718.5618,198935,1746694919699.594,-74,140,627
1746694919738.406,198733,1746694919719.469,-865,76,145
1746694919758.281,198898,1746694919739.313,-840,-63,-48
1746694919778.125,200208,1746694919759.125,-114,28,232
1746694919798.0,200888,1746694919779.0,384,183,368
1746694919817.844,198976,1746694919798.906,246,237,259
1746694919837.688,197597,1746694919818.75,-129,172,-15
1746694919857.563,198072,1746694919838.563,-432,95,-105
1746694919877.531,200399,1746694919858.469,-279,99,7
1746694919897.281,201658,1746694919878.344,167,161,-153
1746694919917.156,201741,1746694919898.1882,348,48,-47
1746694919937.031,198758,1746694919918.031,216,96,144
1746694919956.875,196988,1746694919937.906,-127,147,192
1746694919976.719,197060,1746694919957.75,-637,83,-13
1746694919996.594,198282,1746694919977.625,-519,24,-73
1746694920016.438,199214,1746694919997.469,-64,48,-48
1746694920036.344,200739,1746694920017.344,167,48,7
1746694920056.187,200439,1746694920037.219,118,7,-9
1746694920076.031,201113,1746694920057.062,-63,16,-48
1746694920095.875,201123,1746694920076.906,-255,-15,-32
1746694920115.781,200750,1746694920096.781,-161,-140,-32
1746694920135.625,201837,1746694920116.656,9,23,-160
1746694920155.5,202658,1746694920136.5,43,55,-68
1746694920175.375,202637,1746694920156.406,-40,-48,-157
1746694920195.25,202149,1746694920176.281,-105,-72,-161
1746694920215.094,200797,1746694920196.125,40,-49,-109
1746694920234.969,199471,1746694920216.031,-72,-10,-96
1746694920254.813,198248,1746694920235.844,-125,24,-112
1746694920274.688,197512,1746694920255.688,-143,7,-104
1746694920294.5,197050,1746694920275.562,-129,38,-121
1746694920314.375,196382,1746694920295.406,-90,48,-112
1746694920334.25,195373,1746694920315.25,-97,56,-112
1746694920354.094,194358,1746694920335.125,-84,47,-109
1746694920373.938,193863,1746694920354.969,-94,56,-109
1746694920393.812,193877,1746694920374.844,-103,44,-105
1746694920413.656,194391,1746694920394.687,-97,44,-109
1746694920433.531,195241,1746694920414.531,-95,44,-98
1746694920453.375,196132,1746694920434.406,-106,32,-112
1746694920473.219,196660,1746694920454.25,-105,31,-141
1746694920493.094,196859,1746694920474.094,-100,-12,-141
1746694920512.938,196597,1746694920493.969,-73,-24,-112
1746694920532.781,196121,1746694920513.813,-40,-18,-100
1746694920552.656,195821,1746694920533.687,-42,-4,-80
1746694920572.5,195763,1746694920553.531,-64,-4,-77
1746694920592.375,196031,1746694920573.375,-60,19,-80
1746694920612.219,196405,1746694920593.281,-72,-34,-77
1746694920632.063,196802,1746694920613.094,-40,-31,-96
1746694920651.937,197125,1746694920633.0,-64,17,-80
1746694920671.844,197196,1746694920652.812,-51,12,-56
1746694920691.719,197026,1746694920672.75,-49,25,-57
1746694920711.563,196686,1746694920692.594,-64,33,-61
1746694920731.437,196432,1746694920712.437,-63,25,-80
1746694920751.281,196438,1746694920732.344,-90,12,-112
1746694920771.125,196499,1746694920752.156,-89,4,-136
1746694920791.0,196601,1746694920772.063,-105,4,-144
1746694920810.844,196697,1746694920791.906,-77,4,-137
1746694920830.719,196751,1746694920811.75,-88,12,-112
1746694920850.531,196336,1746694920831.625,-88,16,-112
1746694920870.406,195681,1746694920851.469,-97,24,-125
1746694920890.281,194986,1746694920871.281,-92,16,-109
1746694920910.125,194503,1746694920891.187,-61,33,-90
1746694920930.0,194089,1746694920911.0,-52,38,-80
1746694920949.875,193724,1746694920930.906,-58,38,-93
1746694920969.719,193407,1746694920950.75,-60,27,-105
1746694920989.562,193072,1746694920970.687,-81,24,-112
1746694921009.406,192689,1746694920990.469,-82,24,-110
1746694921029.281,192386,1746694921010.344,-80,43,-112
1746694921049.156,192124,1746694921030.125,-72,31,-104
1746694921069.0,191932,1746694921050.062,-66,24,-96
1746694921088.875,191847,1746694921069.875,-68,22,-113
1746694921108.75,191785,1746694921089.781,-71,19,-96
1746694921128.594,191754,1746694921109.625,-72,19,-109
1746694921148.438,191678,1746694921129.469,-84,9,-111
1746694921168.312,191584,1746694921149.312,-66,4,-113
1746694921188.188,191434,1746694921169.219,-66,7,-106
1746694921208.031,191253,1746694921189.031,-72,8,-109
1746694921227.906,191058,1746694921208.906,-61,20,-104
1746694921247.75,190837,1746694921228.812,-56,20,-96
1746694921267.625,190653,1746694921248.688,-61,16,-109
1746694921287.531,190468,1746694921268.5,-72,24,-109
1746694921307.344,190262,1746694921288.437,-66,22,-109
1746694921327.219,190081,1746694921308.219,-69,14,-104
1746694921347.094,189925,1746694921328.125,-77,20,-96
1746694921366.969,189779,1746694921348.0,-80,17,-96
1746694921386.844,189651,1746694921367.844,-72,14,-109
1746694921406.687,189562,1746694921387.75,-72,19,-109
1746694921426.594,189437,1746694921407.562,-66,17,-105
1746694921446.469,189340,1746694921427.469,-77,14,-109
1746694921466.313,189281,1746694921447.313,-65,19,-104
1746694921486.187,189173,1746694921467.219,-69,15,-96
1746694921506.062,189156,1746694921487.062,-73,3,-96
1746694921525.906,189127,1746694921506.938,-73,17,-96
1746694921545.75,189098,1746694921526.813,-64,20,-96
1746694921565.625,189089,1746694921546.6868,-64,16,-96
1746694921585.625,189064,1746694921566.531,-51,11,-96
1746694921605.375,189000,1746694921586.375,-68,7,-109
1746694921625.219,188950,1746694921606.25,-68,13,-109
1746694921645.094,188858,1746694921626.125,-71,23,-109
1746694921664.937,188782,1746694921645.937,-69,19,-110
1746694921684.813,188709,1746694921665.813,-68,17,-111
1746694921704.656,188625,1746694921685.719,-69,14,-96
1746694921724.531,188560,1746694921705.594,-71,8,-109
1746694921744.406,188443,1746694921725.437,-77,8,-96
1746694921764.281,188345,1746694921745.25,-69,12,-104
1746694921784.125,188223,1746694921765.125,-58,15,-109
1746694921804.0,188097,1746694921785.062,-71,16,-106
1746694921823.844,187994,1746694921804.875,-65,19,-109
1746694921843.719,187892,1746694921824.719,-72,28,-109
1746694921863.563,187688,1746694921844.625,-72,19,-96
1746694921883.438,187427,1746694921864.469,-68,15,-96
1746694921903.281,187105,1746694921884.312,-74,12,-98
1746694921923.156,186739,1746694921904.187,-74,15,-96
1746694921943.0,186409,1746694921924.031,-83,31,-111
1746694921962.875,186095,1746694921943.938,-76,15,-96
1746694921982.781,185766,1746694921963.719,-63,12,-109
1746694922002.594,185471,1746694921983.625,-72,15,-88
1746694922022.438,185222,1746694922003.469,-80,17,-104
1746694922042.281,185026,1746694922023.375,-68,12,-96
1746694922062.156,184904,1746694922043.156,-80,17,-103
1746694922082.0,184778,1746694922063.031,-80,14,-109
1746694922101.906,184639,1746694922082.906,-68,13,-104
1746694922121.719,184452,1746694922102.813,-72,12,-109
1746694922141.594,184226,1746694922122.5942,-69,14,-96
1746694922161.437,184025,1746694922142.469,-65,19,-96
1746694922181.312,183840,1746694922162.344,-64,15,-109
1746694922201.188,183710,1746694922182.219,-66,19,-109
1746694922221.031,183584,1746694922202.063,-64,17,-114
1746694922240.875,183502,1746694922221.906,-63,8,-109
1746694922260.719,183408,1746694922241.812,-61,17,-109
1746694922280.594,183281,1746694922261.625,-61,15,-108
1746694922300.469,183176,1746694922281.469,-64,12,-109
1746694922320.312,182986,1746694922301.375,-57,12,-111
1746694922340.156,182850,1746694922321.219,-64,16,-109
1746694922360.031,182677,1746694922341.094,-68,14,-109
1746694922379.875,182535,1746694922360.906,-67,12,-96
1746694922399.719,182422,1746694922380.719,-72,15,-98
1746694922419.562,182317,1746694922400.594,-68,18,-96
1746694922439.406,182261,1746694922420.5,-73,15,-96
1746694922459.281,182227,1746694922440.281,-71,12,-96
1746694922479.156,182188,1746694922460.188,-68,14,-96
1746694922499.0,182155,1746694922480.062,-74,12,-109
1746694922518.875,182100,1746694922499.906,-68,20,-109
1746694922538.75,182028,1746694922519.781,-66,19,-96
1746694922558.594,181949,1746694922539.625,-69,6,-101
1746694922578.438,181862,1746694922559.469,-64,11,-109
1746694922598.312,181729,1746694922579.344,-64,15,-112
1746694922618.156,181577,1746694922599.188,-77,15,-105
1746694922638.0,181404,1746694922619.031,-64,11,-105
1746694922657.844,181268,1746694922638.906,-72,14,-104
1746694922677.7192,181161,1746694922658.75,-84,7,-100
1746694922697.594,181084,1746694922678.594,-79,17,-96
1746694922717.438,181000,1746694922698.5,-64,17,-112
1746694922737.25,180900,1746694922718.344,-68,16,-105
1746694922757.125,180820,1746694922738.156,-71,18,-109
1746694922777.0,180815,1746694922758.0,-71,24,-111
1746694922796.875,180824,1746694922777.875,-70,16,-109
1746694922816.688,180857,1746694922797.75,-69,12,-109
1746694922836.563,180914,1746694922817.625,-66,19,-95
1746694922856.406,180923,1746694922837.437,-71,19,-109
1746694922876.25,180852,1746694922857.312,-72,14,-113
1746694922896.063,180750,1746694922877.125,-72,15,-109
1746694922915.938,180570,1746694922896.969,-77,16,-112
1746694922935.812,180430,1746694922916.812,-77,15,-112
1746694922955.656,180231,1746694922936.656,-58,15,-104
1746694922975.5,180045,1746694922956.563,-68,17,-100
1746694922995.375,179922,1746694922976.438,-60,16,-113
1746694923015.219,179839,1746694922996.25,-74,24,-112
1746694923035.125,179776,1746694923016.125,-63,18,-96
1746694923054.9368,179705,1746694923035.969,-71,12,-103
1746694923074.813,179636,1746694923055.844,-65,16,-104
1746694923094.656,179531,1746694923075.656,-68,22,-103
1746694923114.531,179414,1746694923095.531,-79,19,-105
1746694923134.375,179356,1746694923115.406,-81,12,-96
1746694923154.219,179302,1746694923135.281,-77,15,-106
1746694923174.063,179217,1746694923155.094,-70,22,-109
1746694923193.938,179128,1746694923175.031,-72,12,-96
1746694923213.781,179006,1746694923194.812,-68,15,-96
1746694923233.625,178876,1746694923214.688,-80,14,-109
1746694923253.5,178742,1746694923234.5,-77,28,-96
1746694923273.375,178575,1746694923254.406,-69,14,-111
1746694923293.219,178449,1746694923274.25,-79,22,-109
1746694923313.062,178289,1746694923294.125,-65,14,-100
1746694923332.938,178126,1746694923313.969,-66,12,-109
1746694923352.781,177963,1746694923333.813,-74,31,-96
1746694923372.75,177768,1746694923353.656,-74,14,-104
1746694923392.469,177600,1746694923373.656,-64,14,-109
1746694923412.344,177456,1746694923393.375,-64,15,-93
1746694923432.219,177362,1746694923413.281,-61,14,-96
1746694923452.031,177240,1746694923433.094,-66,15,-96
1746694923471.906,177189,1746694923452.9368,-79,14,-111
1746694923491.781,177110,1746694923472.812,-61,15,-96
1746694923511.656,177029,1746694923492.656,-70,15,-104
1746694923531.469,176925,1746694923512.531,-76,15,-96
1746694923551.344,176761,1746694923532.406,-72,11,-96
1746694923571.187,176659,1746694923552.219,-66,15,-96
1746694923591.063,176606,1746694923572.094,-64,15,-105
1746694923610.906,176527,1746694923591.938,-71,17,-104
1746694923630.75,176462,1746694923611.812,-61,15,-105
1746694923650.625,176420,1746694923631.625,-72,16,-96
1746694923670.5,176336,1746694923651.5,-79,17,-96
1746694923690.313,176276,1746694923671.375,-72,24,-119
1746694923710.188,176227,1746694923691.219,-74,21,-111
1746694923730.031,176200,1746694923711.062,-74,16,-96
1746694923749.906,176181,1746694923730.937,-68,16,-109
1746694923769.75,176150,1746694923750.781,-73,14,-96
1746694923789.625,176134,1746694923770.625,-59,9,-104
1746694923809.5,176071,1746694923790.5,-63,15,-96
1746694923829.375,175964,1746694923810.375,-68,19,-103
1746694923849.219,175822,1746694923830.25,-68,15,-96
1746694923869.094,175628,1746694923850.188,-69,19,-106
1746694923888.937,175441,1746694923869.969,-72,13,-105
1746694923908.812,175265,1746694923889.812,-64,22,-111
1746694923928.625,175112,1746694923909.688,-64,15,-109
1746694923948.563,174994,1746694923929.563,-73,15,-96
1746694923968.344,174912,1746694923949.437,-68,12,-96
1746694923988.219,174848,1746694923969.219,-74,12,-104
1746694924008.031,174806,1746694923989.094,-65,15,-103
1746694924027.906,174797,1746694924008.969,-70,16,-109
1746694924047.75,174792,1746694924028.813,-68,19,-104
1746694924067.594,174782,1746694924048.656,-68,16,-96
1746694924087.437,174789,1746694924068.5,-80,13,-104
1746694924107.312,174757,1746694924088.344,-68,20,-96
1746694924127.156,174739,1746694924108.188,-72,16,-109
1746694924147.031,174694,1746694924128.031,-68,12,-107
1746694924166.844,174650,1746694924147.937,-66,12,-96
1746694924186.687,174599,1746694924167.75,-64,28,-109
1746694924206.563,174532,1746694924187.594,-71,19,-96
1746694924226.406,174461,1746694924207.438,-76,19,-96
1746694924246.219,174383,1746694924227.281,-65,16,-109
1746694924266.094,174351,1746694924247.125,-83,17,-96
1746694924286.0,174292,1746694924266.937,-68,15,-100
1746694924305.813,174272,1746694924286.875,-77,16,-111
1746694924325.688,174257,1746694924306.719,-68,22,-109
1746694924345.562,174233,1746694924326.594,-68,20,-96
1746694924365.406,174254,1746694924346.437,-73,14,-109
1746694924385.281,174254,1746694924366.281,-79,15,-106
1746694924405.094,174239,1746694924386.156,-64,15,-111
1746694924424.969,174244,1746694924406.0,-64,8,-104
1746694924444.844,174218,1746694924425.875,-66,16,-96
1746694924464.688,174211,1746694924445.719,-73,12,-104
1746694924484.531,174218,1746694924465.563,-64,8,-116
1746694924504.406,174189,1746694924485.469,-73,15,-105
1746694924524.25,174160,1746694924505.281,-66,19,-96
1746694924544.125,174131,1746694924525.125,-66,15,-112
1746694924563.969,174111,1746694924545.0,-64,12,-104
1746694924583.813,174111,1746694924564.875,-72,19,-103
1746694924603.719,174124,1746694924584.719,-65,19,-109
1746694924623.562,174125,1746694924604.594,-66,15,-96
1746694924643.406,174107,1746694924624.438,-80,16,-111
1746694924663.281,174120,1746694924644.313,-68,24,-96
1746694924683.125,174147,1746694924664.156,-66,15,-112
1746694924703.062,174130,1746694924684.0,-72,19,-105
1746694924722.844,174103,1746694924703.906,-70,19,-100
1746694924742.688,174109,1746694924723.781,-76,19,-109
1746694924762.563,174127,1746694924743.562,-75,16,-103
1746694924782.437,174136,1746694924763.437,-68,19,-109
1746694924802.281,174113,1746694924783.281,-64,15,-109
1746694924822.156,174084,1746694924803.188,-68,24,-114
1746694924842.0,174021,1746694924823.031,-77,20,-112
1746694924861.875,173886,1746694924842.875,-72,16,-112
1746694924881.687,173734,1746694924862.75,-68,15,-105
1746694924901.531,173556,1746694924882.594,-74,12,-104
1746694924921.406,173421,1746694924902.438,-77,19,-109
1746694924941.25,173318,1746694924922.312,-64,20,-96
1746694924961.094,173229,1746694924942.125,-74,17,-104
1746694924980.906,173193,1746694924962.0,-77,19,-96
1746694925000.781,173208,1746694924981.813,-80,22,-96
1746694925020.625,173233,1746694925001.656,-71,14,-96
1746694925040.469,173272,1746694925021.531,-72,30,-113
1746694925060.344,173303,1746694925041.406,-64,14,-112
1746694925080.188,173317,1746694925061.219,-75,16,-112
1746694925100.063,173332,1746694925081.063,-68,22,-112
1746694925119.937,173378,1746694925100.969,-61,16,-104
1746694925139.75,173384,1746694925120.812,-67,20,-104
1746694925159.656,173404,1746694925140.625,-76,25,-109
1746694925179.5,173414,1746694925160.531,-65,15,-104
1746694925199.344,173388,1746694925180.375,-65,16,-103
1746694925219.219,173350,1746694925200.281,-66,16,-104
1746694925239.094,173334,1746694925220.094,-68,12,-112
1746694925258.969,173321,1746694925239.969,-79,19,-109
1746694925278.813,173305,1746694925259.937,-68,20,-105
1746694925298.687,173315,1746694925279.719,-76,15,-96
1746694925318.531,173337,1746694925299.562,-74,12,-96
1746694925338.406,173365,1746694925319.406,-64,12,-105
1746694925358.281,173407,1746694925339.281,-77,15,-109
1746694925378.125,173439,1746694925359.1868,-79,24,-105
1746694925398.0,173455,1746694925379.0,-64,16,-109
1746694925417.875,173503,1746694925398.875,-63,15,-96
1746694925437.6882,173550,1746694925418.75,-58,16,-96
1746694925457.562,173605,1746694925438.594,-82,16,-98
1746694925477.437,173635,1746694925458.469,-74,17,-96
1746694925497.313,173695,1746694925478.344,-73,49,-106
1746694925517.156,173719,1746694925498.188,-80,15,-104
1746694925537.0,173778,1746694925518.0,-64,8,-104
1746694925556.875,173806,1746694925537.875,-71,13,-104
1746694925576.719,173842,1746694925557.75,-79,14,-103
1746694925596.563,173867,1746694925577.625,-67,14,-96
1746694925616.438,173886,1746694925597.469,-65,12,-112
1746694925636.312,173896,1746694925617.312,-72,19,-96
1746694925656.156,173920,1746694925637.156,-72,14,-109
1746694925675.969,173931,1746694925657.094,-68,15,-105
1746694925695.844,173993,1746694925676.906,-69,19,-110
1746694925715.688,174023,1746694925696.719,-66,19,-104
1746694925735.594,174018,1746694925716.594,-68,16,-96
1746694925755.406,174052,1746694925736.469,-73,15,-96
1746694925775.313,174081,1746694925756.469,-71,22,-109
1746694925795.156,174093,1746694925776.156,-68,15,-98
1746694925815.0,174112,1746694925796.031,-77,19,-109
1746694925834.844,174077,1746694925815.875,-65,19,-108
1746694925854.688,174024,1746694925835.781,-64,19,-111
1746694925874.594,173986,1746694925855.563,-64,14,-104
1746694925894.406,173974,1746694925875.469,-72,12,-93
1746694925914.281,174010,1746694925895.344,-66,14,-96
1746694925934.125,174073,1746694925915.188,-68,14,-96
1746694925953.969,174120,1746694925935.031,-69,14,-109
1746694925973.875,174179,1746694925954.875,-72,17,-109
1746694925993.687,174234,1746694925974.719,-64,19,-104
1746694926013.531,174276,1746694925994.625,-68,12,-109
1746694926033.438,174301,1746694926014.438,-79,16,-96
1746694926053.25,174236,1746694926034.312,-72,15,-96
1746694926073.062,174147,1746694926054.125,-80,17,-96
1746694926092.937,174043,1746694926074.0,-72,16,-109
1746694926112.813,173946,1746694926093.813,-74,9,-96
1746694926132.656,173849,1746694926113.625,-68,16,-98
1746694926152.469,173795,1746694926133.531,-68,16,-109
1746694926172.312,173765,1746694926153.406,-74,22,-103
1746694926192.219,173737,1746694926173.187,-64,15,-109
1746694926212.063,173733,1746694926193.094,-66,19,-96
1746694926231.906,173774,1746694926212.969,-64,23,-103
1746694926251.781,173819,1746694926232.781,-72,15,-104
1746694926271.625,173836,1746694926252.656,-67,17,-109
1746694926291.5,173873,1746694926272.5,-70,17,-102
1746694926311.313,173890,1746694926292.375,-76,16,-104
1746694926331.156,173932,1746694926312.219,-74,15,-109
1746694926351.062,173944,1746694926332.062,-77,17,-105
1746694926370.906,173939,1746694926351.938,-68,15,-109
1746694926390.719,173895,1746694926371.781,-77,14,-96
1746694926410.563,173904,1746694926391.625,-73,16,-109
1746694926430.437,173903,1746694926411.437,-66,15,-100
1746694926450.281,173908,1746694926431.344,-61,19,-94
1746694926470.125,173877,1746694926451.156,-63,16,-109
1746694926490.0,173854,1746694926471.063,-81,14,-96
1746694926509.844,173911,1746694926490.875,-64,15,-105
1746694926529.719,173936,1746694926510.719,-65,11,-110
1746694926549.531,173954,1746694926530.594,-64,15,-104
1746694926569.375,173936,1746694926550.469,-64,24,-109
1746694926589.25,173972,1746694926570.25,-68,12,-100
1746694926609.094,174005,1746694926590.094,-68,16,-109
1746694926628.937,174006,1746694926610.0,-77,16,-90
1746694926648.781,174037,1746694926629.844,-76,15,-105
1746694926668.656,174064,1746694926649.688,-65,19,-109
1746694926688.5,174087,1746694926669.531,-77,12,-96
1746694926708.344,174087,1746694926689.375,-64,15,-96
1746694926728.187,174092,1746694926709.25,-64,17,-96
1746694926748.063,174055,1746694926729.063,-73,16,-109
1746694926767.906,174057,1746694926748.938,-73,19,-105
1746694926787.75,174040,1746694926768.812,-61,19,-96
1746694926807.625,174050,1746694926788.656,-65,7,-108
1746694926827.469,174085,1746694926808.531,-69,19,-109
1746694926847.344,174118,1746694926828.344,-64,24,-105
1746694926867.188,174155,1746694926848.219,-76,15,-96
1746694926887.0,174202,1746694926868.062,-68,15,-112
1746694926906.875,174217,1746694926887.938,-69,27,-109
1746694926926.75,174246,1746694926907.781,-76,12,-96
1746694926946.594,174256,1746694926927.625,-68,12,-104
1746694926966.437,174308,1746694926947.469,-64,16,-104
1746694926986.344,174328,1746694926967.312,-65,15,-100
1746694927006.219,174337,1746694926987.219,-74,23,-109
1746694927026.063,174366,1746694927007.094,-77,19,-96
1746694927045.906,174435,1746694927026.969,-74,16,-96
1746694927065.781,174477,1746694927046.844,-66,12,-111
1746694927085.625,174530,1746694927066.656,-52,22,-112
1746694927105.5,174588,1746694927086.531,-63,16,-109
1746694927125.344,174653,1746694927106.406,-69,18,-109
1746694927145.219,174707,1746694927126.281,-66,23,-96
1746694927165.094,174745,1746694927146.094,-76,19,-109
1746694927184.875,174745,1746694927165.969,-49,14,-96
1746694927204.781,174658,1746694927185.781,-65,9,-100
1746694927224.656,174575,1746694927205.687,-68,14,-109
1746694927244.5,174470,1746694927225.531,-68,45,-109
1746694927264.344,174389,1746694927245.406,-72,20,-112
1746694927284.25,174331,1746694927265.25,-74,17,-96
1746694927304.094,174257,1746694927285.094,-72,11,-96
1746694927323.937,174234,1746694927304.969,-69,14,-106
1746694927343.781,174258,1746694927324.844,-63,16,-109
1746694927363.656,174273,1746694927344.719,-68,16,-111
1746694927383.531,174321,1746694927364.562,-77,22,-109
1746694927403.375,174361,1746694927384.406,-66,22,-109
1746694927423.219,174381,1746694927404.219,-71,17,-104
1746694927443.094,174449,1746694927424.156,-68,15,-96
1746694927462.969,174474,1746694927444.0,-72,15,-101
1746694927482.844,174495,1746694927463.812,-72,24,-104
1746694927502.656,174517,1746694927483.687,-77,28,-104
1746694927522.531,174506,1746694927503.625,-65,12,-112
1746694927542.406,174500,1746694927523.438,-73,20,-106
1746694927562.281,174499,1746694927543.312,-65,14,-96
1746694927582.094,174488,1746694927563.156,-64,23,-109
1746694927601.969,174487,1746694927583.031,-69,15,-111
1746694927621.813,174500,1746694927602.844,-72,14,-107
1746694927641.687,174480,1746694927622.687,-73,23,-103
1746694927661.531,174516,1746694927642.562,-66,16,-96
1746694927681.375,174536,1746694927662.438,-68,16,-109
1746694927701.25,174562,1746694927682.281,-66,14,-101
1746694927721.125,174614,1746694927702.125,-67,16,-96
1746694927740.937,174624,1746694927722.0,-79,16,-103
1746694927760.812,174670,1746694927741.844,-68,15,-103
1746694927780.719,174725,1746694927761.719,-61,15,-109
1746694927800.531,174764,1746694927781.563,-71,13,-104
1746694927820.406,174795,1746694927801.437,-68,9,-96
1746694927840.344,174802,1746694927821.312,-73,11,-96
1746694927860.094,174847,1746694927841.219,-72,13,-104
1746694927879.969,174928,1746694927861.0,-77,12,-96
1746694927899.812,174943,1746694927880.875,-69,15,-105
1746694927919.656,174957,1746694927900.687,-65,15,-100
1746694927939.531,174984,1746694927920.563,-68,14,-113
1746694927959.375,174973,1746694927940.406,-72,27,-96
1746694927979.188,174996,1746694927960.25,-68,31,-96
1746694927999.062,175006,1746694927980.094,-77,14,-104
1746694928018.937,175024,1746694927999.969,-80,17,-96
1746694928038.781,175061,1746694928019.781,-69,19,-112
1746694928058.625,175112,1746694928039.656,-72,16,-111
1746694928078.469,175111,1746694928059.531,-77,23,-96
1746694928098.312,175120,1746694928079.406,-64,15,-103
1746694928118.187,175151,1746694928099.188,-72,16,-96
1746694928138.031,175176,1746694928119.094,-68,16,-106
1746694928157.875,175212,1746694928138.906,-69,13,-111
1746694928177.781,175240,1746694928158.75,-66,15,-104
1746694928197.594,175271,1746694928178.688,-70,16,-109
1746694928217.438,175313,1746694928198.469,-68,11,-109
1746694928237.281,175402,1746694928218.344,-81,15,-105
1746694928257.156,175415,1746694928238.187,-76,15,-112
1746694928277.0,175439,1746694928258.0,-67,13,-106
1746694928296.875,175436,1746694928277.844,-69,19,-100
1746694928316.688,175363,1746694928297.75,-80,16,-96
1746694928336.563,175257,1746694928317.594,-73,15,-109
1746694928356.406,175155,1746694928337.437,-63,16,-106
1746694928376.281,175077,1746694928357.312,-68,22,-128
1746694928396.125,175003,1746694928377.156,-66,17,-105
1746694928415.969,174962,1746694928397.0,-72,20,-104
1746694928435.844,174952,1746694928416.875,-77,15,-109
1746694928455.719,174960,1746694928436.719,-66,14,-104
1746694928475.5,174961,1746694928456.563,-66,12,-104
1746694928495.375,174991,1746694928476.438,-65,20,-109
1746694928515.25,175007,1746694928496.25,-63,19,-109
1746694928535.156,175020,1746694928516.156,-69,18,-109
1746694928555.031,175073,1746694928536.031,-68,15,-111
1746694928574.906,175106,1746694928555.938,-65,14,-109
1746694928594.75,175133,1746694928575.812,-64,14,-109
1746694928614.719,175155,1746694928595.625,-63,16,-106
1746694928634.469,175125,1746694928615.625,-80,17,-109
1746694928654.344,175076,1746694928635.375,-81,25,-104
1746694928674.188,175058,1746694928655.25,-74,20,-109
1746694928694.031,175046,1746694928675.094,-71,11,-105
1746694928713.906,175051,1746694928694.937,-64,19,-97
1746694928733.75,175040,1746694928714.844,-74,23,-96
1746694928753.625,175053,1746694928734.625,-65,16,-96
1746694928773.469,175073,1746694928754.5,-76,16,-103
1746694928793.312,175097,1746694928774.375,-77,21,-109
1746694928813.188,175143,1746694928794.219,-68,17,-96
1746694928833.031,175149,1746694928814.031,-68,17,-104
1746694928852.875,175166,1746694928833.875,-64,12,-100
1746694928872.75,175196,1746694928853.781,-71,17,-96
1746694928892.594,175248,1746694928873.656,-80,17,-109
1746694928912.469,175290,1746694928893.469,-64,22,-111
1746694928932.281,175388,1746694928913.344,-68,16,-96
1746694928952.125,175484,1746694928933.187,-73,14,-103
1746694928972.0,175572,1746694928953.031,-68,12,-96
1746694928991.875,175595,1746694928972.906,-56,19,-96
1746694929011.75,175611,1746694928992.75,-61,16,-109
1746694929031.563,175620,1746694929012.656,-72,12,-96
1746694929051.437,175647,1746694929032.469,-72,28,-111
1746694929071.281,175661,1746694929052.313,-73,22,-105
1746694929091.125,175681,1746694929072.125,-71,19,-104
1746694929110.969,175704,1746694929092.031,-80,12,-97
1746694929130.875,175725,1746694929111.875,-74,17,-96
1746694929150.75,175755,1746694929131.75,-74,16,-96
1746694929170.563,175760,1746694929151.719,-77,17,-96
1746694929190.469,175801,1746694929171.5,-70,12,-96
1746694929210.312,175835,1746694929191.375,-69,15,-96
1746694929230.187,175862,1746694929211.1868,-79,15,-96
1746694929250.031,175899,1746694929231.063,-73,15,-96
1746694929269.875,175955,1746694929250.938,-61,16,-105
1746694929289.75,175986,1746694929270.781,-77,16,-112
1746694929309.594,176066,1746694929290.656,-64,17,-105
1746694929329.437,176089,1746694929310.5,-77,23,-96
1746694929349.281,176138,1746694929330.344,-79,15,-109
1746694929369.188,176199,1746694929350.219,-71,15,-96
1746694929389.0,176265,1746694929370.031,-80,7,-100
1746694929408.844,176293,1746694929389.875,-68,15,-96
1746694929428.719,176243,1746694929409.75,-65,15,-109
1746694929448.563,176201,1746694929429.625,-70,20,-125
1746694929468.437,176116,1746694929449.406,-66,17,-96
1746694929488.281,176042,1746694929469.281,-71,19,-96
1746694929508.125,175971,1746694929489.125,-64,19,-104
1746694929528.0,175912,1746694929509.031,-70,17,-112
1746694929547.875,175947,1746694929528.875,-68,16,-105
1746694929567.687,175937,1746694929548.75,-65,19,-108
1746694929587.594,175982,1746694929568.625,-80,24,-96
1746694929607.438,176049,1746694929588.5,-81,15,-105
1746694929627.313,176170,1746694929608.313,-74,23,-96
1746694929647.125,176260,1746694929628.187,-80,19,-109
1746694929667.0,176340,1746694929648.031,-82,19,-111
1746694929686.875,176428,1746694929667.875,-77,23,-106
1746694929706.719,176489,1746694929687.75,-68,11,-96
1746694929726.562,176527,1746694929707.625,-85,27,-109
1746694929746.437,176535,1746694929727.469,-74,16,-96
1746694929766.406,176537,1746694929747.344,-84,19,-96
1746694929786.156,176550,1746694929767.125,-65,1,-102
1746694929806.0,176587,1746694929787.031,-64,14,-96
1746694929825.844,176590,1746694929806.875,-66,16,-112
1746694929845.719,176599,1746694929826.75,-72,12,-113
1746694929865.563,176632,1746694929846.594,-79,20,-96
1746694929885.406,176660,1746694929866.406,-76,19,-100
1746694929905.281,176700,1746694929886.281,-63,19,-104
1746694929925.156,176767,1746694929906.187,-65,22,-109
1746694929945.031,176852,1746694929926.094,-69,20,-106
1746694929964.875,176901,1746694929945.906,-68,19,-96
1746694929984.719,177000,1746694929965.781,-66,14,-96
1746694930004.594,177052,1746694929985.656,-72,20,-102
1746694930024.469,177069,1746694930005.469,-64,20,-96
1746694930044.281,177129,1746694930025.375,-79,15,-106
1746694930064.156,177175,1746694930045.219,-65,19,-96
1746694930084.031,177260,1746694930065.062,-72,15,-96
1746694930103.906,177298,1746694930084.906,-66,19,-106
1746694930123.75,177339,1746694930104.781,-80,24,-111
1746694930143.594,177395,1746694930124.625,-68,15,-109
1746694930163.469,177439,1746694930144.5,-66,15,-96
1746694930183.312,177492,1746694930164.3118,-68,19,-102
1746694930203.188,177511,1746694930184.188,-69,19,-104
1746694930223.031,177561,1746694930204.125,-65,15,-96
1746694930242.937,177587,1746694930224.0,-74,15,-105
1746694930262.844,177630,1746694930243.844,-68,15,-96
1746694930282.719,177657,1746694930263.719,-73,16,-103
1746694930302.594,177690,1746694930283.625,-68,16,-109
1746694930322.437,177741,1746694930303.469,-68,14,-109
1746694930342.344,177794,1746694930323.312,-74,15,-96
1746694930362.156,177806,1746694930343.219,-77,15,-96
1746694930382.094,177837,1746694930363.094,-82,19,-96
1746694930401.937,177911,1746694930382.969,-73,16,-105
1746694930421.781,177930,1746694930402.781,-64,21,-106
1746694930441.625,177983,1746694930422.625,-64,14,-100
1746694930461.5,178054,1746694930442.531,-68,31,-96
1746694930481.375,178114,1746694930462.375,-77,16,-109
1746694930501.25,178175,1746694930482.25,-73,12,-111
1746694930521.094,178233,1746694930502.125,-69,14,-95
1746694930540.969,178297,1746694930522.031,-68,19,-111
1746694930560.812,178335,1746694930541.844,-72,12,-109
1746694930580.687,178318,1746694930561.687,-66,19,-97
1746694930600.531,178251,1746694930581.563,-77,17,-109
1746694930620.406,178142,1746694930601.438,-74,15,-111
1746694930640.281,178012,1746694930621.25,-65,16,-100
1746694930660.156,177892,1746694930641.156,-68,19,-96
1746694930679.969,177801,1746694930661.031,-68,14,-105
1746694930699.844,177732,1746694930680.875,-81,17,-109
1746694930719.719,177696,1746694930700.7192,-66,13,-109
1746694930739.562,177695,1746694930720.625,-58,22,-109
1746694930759.437,177722,1746694930740.469,-68,22,-109
1746694930779.313,177746,1746694930760.375,-77,19,-111
1746694930799.188,177782,1746694930780.156,-81,16,-100
1746694930819.031,177801,1746694930800.062,-72,12,-97
1746694930838.937,177830,1746694930819.937,-69,14,-96
1746694930858.75,177878,1746694930839.813,-72,15,-104
1746694930878.625,177921,1746694930859.625,-69,15,-104
1746694930898.469,177905,1746694930879.5,-66,17,-96
1746694930918.312,177880,1746694930899.375,-76,16,-117
1746694930938.188,177843,1746694930919.188,-66,12,-104
1746694930958.063,177815,1746694930939.063,-75,8,-111
1746694930977.937,177796,1746694930958.937,-67,14,-110
1746694930997.812,177784,1746694930978.844,-68,12,-104
1746694931017.656,177753,1746694930998.688,-81,19,-104
1746694931037.531,177755,1746694931018.563,-68,19,-96
1746694931057.406,177752,1746694931038.437,-77,20,-109
1746694931077.25,177800,1746694931058.344,-71,19,-107
1746694931097.125,177810,1746694931078.125,-65,24,-111
1746694931116.969,177818,1746694931098.0,-68,22,-112
1746694931136.875,177857,1746694931117.813,-69,19,-104
1746694931156.687,177876,1746694931137.656,-65,15,-101
1746694931176.562,177908,1746694931157.594,-79,12,-96
1746694931196.438,177928,1746694931177.438,-65,24,-93
1746694931216.25,177958,1746694931197.313,-73,16,-96
1746694931236.125,178011,1746694931217.156,-65,22,-109
1746694931256.0,178055,1746694931237.0,-77,30,-112
1746694931275.875,178082,1746694931256.875,-77,15,-96
1746694931295.688,178082,1746694931276.75,-80,19,-96
1746694931315.562,178091,1746694931296.594,-72,15,-98
1746694931335.437,178091,1746694931316.437,-80,16,-96
1746694931355.281,178103,1746694931336.313,-65,14,-112
1746694931375.125,178099,1746694931356.156,-68,19,-103
1746694931395.031,178080,1746694931376.062,-68,15,-96
1746694931414.875,178101,1746694931395.875,-68,13,-111
1746694931434.719,178095,1746694931415.75,-81,17,-109
1746694931454.563,178105,1746694931435.625,-74,17,-96
1746694931474.406,178135,1746694931455.562,-64,22,-102
1746694931494.281,178163,1746694931475.281,-73,7,-96
1746694931514.125,178227,1746694931495.187,-76,17,-96
1746694931534.0,178284,1746694931515.0,-64,24,-109
1746694931553.875,178338,1746694931534.906,-72,15,-110
1746694931573.812,178399,1746694931554.75,-68,16,-96
1746694931593.594,178448,1746694931574.625,-80,15,-106
1746694931613.437,178514,1746694931594.5,-82,15,-96
1746694931633.313,178554,1746694931614.344,-70,16,-109
1746694931653.188,178626,1746694931634.156,-68,19,-111
1746694931673.031,178688,1746694931654.062,-82,18,-96
1746694931692.875,178736,1746694931673.906,-72,12,-109
1746694931712.75,178784,1746694931693.781,-64,19,-104
1746694931732.625,178747,1746694931713.625,-68,17,-111
1746694931752.469,178729,1746694931733.469,-74,15,-109
1746694931772.312,178670,1746694931753.344,-58,15,-96
1746694931792.188,178574,1746694931773.25,-68,14,-105
1746694931812.063,178442,1746694931793.094,-80,15,-96
1746694931831.937,178334,1746694931812.937,-66,15,-105
1746694931851.906,178250,1746694931832.812,-64,17,-96
1746694931871.625,178222,1746694931852.813,-72,17,-105
1746694931891.5,178215,1746694931872.5,-65,19,-106
1746694931911.375,178214,1746694931892.406,-72,15,-96
1746694931931.219,178267,1746694931912.281,-78,31,-96
1746694931951.094,178349,1746694931932.125,-72,16,-96
1746694931970.938,178385,1746694931951.969,-78,17,-109
1746694931990.813,178443,1746694931971.781,-71,14,-84
1746694932010.656,178460,1746694931991.75,-68,14,-96
1746694932030.531,178438,1746694932011.563,-79,12,-103
1746694932050.406,178417,1746694932031.375,-64,19,-104
1746694932070.25,178368,1746694932051.312,-68,22,-96
1746694932090.094,178328,1746694932071.156,-72,17,-96
1746694932109.969,178280,1746694932091.0,-84,14,-109
1746694932129.844,178267,1746694932110.875,-72,19,-105
1746694932149.719,178270,1746694932130.719,-69,15,-96
1746694932169.562,178253,1746694932150.594,-79,14,-112
1746694932189.563,178262,1746694932170.469,-77,15,-104
1746694932209.313,178250,1746694932190.406,-77,19,-96
1746694932229.156,178272,1746694932210.156,-79,17,-104
1746694932249.062,178332,1746694932230.031,-77,17,-109
1746694932268.875,178368,1746694932249.969,-66,12,-109
1746694932288.781,178438,1746694932269.781,-81,16,-105
1746694932308.594,178503,1746694932289.656,-79,15,-111
1746694932328.438,178558,1746694932309.5,-68,13,-109
1746694932348.344,178615,1746694932329.344,-63,16,-96
1746694932368.187,178662,1746694932349.219,-79,19,-96
1746694932388.0,178694,1746694932369.063,-68,16,-95
1746694932407.875,178739,1746694932388.937,-77,17,-109
1746694932427.7192,178800,1746694932408.781,-72,15,-104
1746694932447.594,178842,1746694932428.625,-77,15,-109
1746694932467.438,178892,1746694932448.469,-68,12,-96
1746694932487.281,178889,1746694932468.344,-75,20,-109
1746694932507.156,178936,1746694932488.187,-65,15,-96
1746694932527.031,178995,1746694932508.0618,-64,18,-105
1746694932546.875,179039,1746694932527.906,-71,17,-109
1746694932566.719,179027,1746694932547.75,-79,19,-106
1746694932586.594,179034,1746694932567.625,-71,14,-109
1746694932606.437,179095,1746694932587.469,-57,16,-109
1746694932626.312,179125,1746694932607.344,-65,15,-100
1746694932646.188,179184,1746694932627.188,-64,16,-109
1746694932666.0308,179223,1746694932647.187,-81,24,-96
1746694932685.906,179250,1746694932666.906,-71,19,-109
1746694932705.781,179299,1746694932686.781,-76,14,-109
1746694932725.656,179356,1746694932706.656,-68,7,-80
1746694932745.531,179421,1746694932726.562,-72,15,-104
1746694932765.406,179479,1746694932746.437,-77,7,-105
1746694932785.25,179519,1746694932766.281,-65,19,-109
1746694932805.094,179559,1746694932786.156,-66,15,-105
1746694932825.0,179584,1746694932805.969,-74,18,-104
1746694932844.844,179580,1746694932825.875,-64,20,-96
1746694932864.687,179512,1746694932845.75,-72,22,-96
1746694932884.531,179391,1746694932865.594,-71,19,-96
1746694932904.406,179219,1746694932885.406,-79,16,-96
1746694932924.2808,179075,1746694932905.312,-82,16,-96
1746694932944.094,178974,1746694932925.156,-87,12,-104
1746694932964.0,178915,1746694932945.031,-68,16,-96
1746694932983.844,178854,1746694932964.844,-77,20,-104
1746694933003.719,178833,1746694932984.688,-64,25,-104
1746694933023.562,178829,1746694933004.594,-77,17,-96
1746694933043.531,178834,1746694933024.469,-72,15,-109
1746694933063.281,178884,1746694933044.281,-66,16,-115
1746694933083.156,178902,1746694933064.188,-68,13,-109
1746694933103.0,178909,1746694933084.062,-49,19,-113
1746694933122.875,178929,1746694933103.875,-71,19,-104
1746694933142.75,178985,1746694933123.75,-79,14,-109
1746694933162.625,178969,1746694933143.656,-77,24,-96
1746694933182.469,178962,1746694933163.656,-68,19,-96
1746694933202.312,178915,1746694933183.375,-64,24,-96
1746694933222.156,178875,1746694933203.188,-74,15,-104
1746694933242.031,178836,1746694933223.031,-57,16,-104
1746694933261.875,178798,1746694933242.937,-72,16,-112
1746694933281.719,178758,1746694933262.781,-68,16,-96
1746694933301.594,178748,1746694933282.594,-71,12,-111
1746694933321.469,178754,1746694933302.469,-77,15,-104
1746694933341.313,178768,1746694933322.344,-51,17,-109
1746694933361.156,178810,1746694933342.219,-77,20,-100
1746694933381.0,178840,1746694933362.031,-68,19,-111
1746694933400.875,178856,1746694933381.906,-73,11,-109
1746694933420.719,178881,1746694933401.75,-65,17,-96
1746694933440.562,178906,1746694933421.625,-77,8,-109
1746694933460.469,178928,1746694933441.437,-64,16,-113
1746694933480.344,178945,1746694933461.344,-64,17,-109
1746694933500.156,178978,1746694933481.219,-65,16,-96
1746694933520.062,178995,1746694933501.062,-61,18,-112
1746694933539.937,179034,1746694933520.937,-81,19,-96
1746694933559.844,179065,1746694933540.813,-66,19,-96
1746694933579.656,179070,1746694933560.75,-68,16,-100
1746694933599.531,179085,1746694933580.562,-70,14,-96
1746694933619.375,179100,1746694933600.437,-72,12,-96
1746694933639.281,179113,1746694933620.25,-80,15,-96
1746694933659.125,179120,1746694933640.125,-71,22,-109
1746694933678.938,179127,1746694933660.0,-64,14,-111
1746694933698.844,179104,1746694933679.844,-71,20,-109
1746694933718.687,179109,1746694933699.719,-65,14,-110
1746694933738.5,179093,1746694933719.563,-63,14,-105
1746694933758.375,179097,1746694933739.438,-67,19,-111
1746694933778.219,179090,1746694933759.25,-72,14,-96
1746694933798.094,179096,1746694933779.094,-72,23,-97
1746694933817.938,179140,1746694933799.0,-74,12,-96
1746694933837.781,179175,1746694933818.844,-71,11,-103
1746694933857.656,179147,1746694933838.656,-68,15,-94
1746694933877.5,179156,1746694933858.531,-65,14,-96
1746694933897.312,179160,1746694933878.406,-68,12,-96
1746694933917.219,179201,1746694933898.219,-70,15,-105
1746694933937.094,179227,1746694933918.094,-77,14,-104
1746694933956.969,179266,1746694933938.0,-74,15,-96
1746694933976.8118,179279,1746694933957.844,-68,21,-96
1746694933996.688,179335,1746694933977.719,-74,19,-96
1746694934016.531,179379,1746694933997.563,-74,22,-96
1746694934036.437,179351,1746694934017.406,-82,18,-96
1746694934056.312,179268,1746694934037.312,-80,20,-96
1746694934076.156,179124,1746694934057.219,-68,17,-104
1746694934096.031,178963,1746694934077.063,-79,16,-98
1746694934115.875,178802,1746694934096.906,-68,19,-109
1746694934135.719,178660,1746694934116.75,-64,11,-104
1746694934155.625,178556,1746694934136.656,-64,15,-105
1746694934175.531,178467,1746694934156.5,-79,15,-96
1746694934195.312,178402,1746694934176.344,-73,7,-114
1746694934215.187,178403,1746694934196.25,-74,15,-96
1746694934235.031,178414,1746694934216.094,-68,22,-96
1746694934254.906,178430,1746694934235.906,-77,17,-111
1746694934274.75,178450,1746694934255.812,-64,16,-105
1746694934294.687,178437,1746694934275.656,-69,17,-96
1746694934314.5,178432,1746694934295.563,-68,19,-104
1746694934334.375,178459,1746694934315.406,-72,17,-109
1746694934354.188,178467,1746694934335.25,-79,15,-96
1746694934374.062,178447,1746694934355.125,-68,19,-96
1746694934393.937,178382,1746694934375.0,-63,19,-109
1746694934413.8132,178331,1746694934394.813,-64,16,-104
1746694934433.594,178307,1746694934414.656,-74,20,-100
1746694934453.438,178273,1746694934434.5,-75,19,-96
1746694934473.281,178283,1746694934454.344,-75,24,-110
1746694934493.281,178283,1746694934474.188,-70,19,-109
1746694934513.0,178285,1746694934494.1558,-80,22,-96
1746694934532.844,178278,1746694934513.875,-74,15,-89
1746694934552.687,178281,1746694934533.781,-65,19,-109
1746694934572.562,178273,1746694934553.531,-72,19,-109
1746694934592.406,178290,1746694934573.406,-65,14,-113
1746694934612.25,178302,1746694934593.281,-72,15,-112
1746694934632.156,178308,1746694934613.156,-68,15,-109
1746694934651.969,178314,1746694934633.031,-64,16,-111
1746694934671.844,178352,1746694934652.875,-66,19,-109
1746694934691.656,178350,1746694934672.719,-81,14,-111
1746694934711.531,178367,1746694934692.563,-76,16,-96
1746694934731.375,178375,1746694934712.406,-68,14,-96
1746694934751.25,178388,1746694934732.312,-67,19,-104
1746694934771.094,178402,1746694934752.125,-77,16,-104
1746694934790.969,178378,1746694934772.0,-82,20,-96
1746694934810.844,178359,1746694934791.844,-72,19,-96
1746694934830.719,178330,1746694934811.687,-68,16,-106
1746694934850.531,178310,1746694934831.594,-77,15,-96
1746694934870.438,178307,1746694934851.469,-68,24,-107
1746694934890.344,178287,1746694934871.312,-66,16,-104
1746694934910.187,178288,1746694934891.219,-56,14,-103
1746694934930.063,178281,1746694934911.125,-77,22,-111
1746694934949.969,178293,1746694934930.969,-68,17,-111
1746694934969.844,178302,1746694934950.844,-68,16,-96
1746694934989.687,178299,1746694934970.719,-82,16,-96
1746694935009.594,178321,1746694934990.594,-77,14,-104
1746694935029.438,178344,1746694935010.469,-77,15,-109
1746694935049.312,178350,1746694935030.344,-66,18,-108
1746694935069.156,178364,1746694935050.187,-68,13,-96
1746694935089.031,178404,1746694935070.0632,-76,12,-96
1746694935108.906,178493,1746694935089.906,-72,12,-96
1746694935128.781,178553,1746694935109.781,-68,15,-104
1746694935148.656,178610,1746694935129.75,-61,14,-112
1746694935168.469,178638,1746694935149.5,-82,23,-100
1746694935188.344,178627,1746694935169.375,-80,16,-109
1746694935208.188,178592,1746694935189.219,-61,18,-96
1746694935228.125,178521,1746694935209.062,-71,15,-96
1746694935247.906,178398,1746694935229.0,-72,12,-104
1746694935267.781,178274,1746694935248.781,-76,15,-121
1746694935287.688,178175,1746694935268.656,-72,19,-112
1746694935307.5,178093,1746694935288.562,-65,14,-109
1746694935327.375,178037,1746694935308.406,-71,15,-96
1746694935347.219,178049,1746694935328.219,-80,12,-96
1746694935367.125,178096,1746694935348.125,-80,15,-96
1746694935386.969,178137,1746694935368.094,-79,17,-96
1746694935406.812,178216,1746694935387.875,-79,16,-96
1746694935426.688,178279,1746694935407.688,-77,12,-103
1746694935446.531,178332,1746694935427.531,-68,15,-104
1746694935466.375,178385,1746694935447.437,-68,15,-96
1746694935486.25,178399,1746694935467.312,-68,17,-96
1746694935506.125,178432,1746694935487.125,-68,16,-109
1746694935525.969,178437,1746694935507.0,-64,16,-109
1746694935545.844,178411,1746694935526.844,-64,22,-105
1746694935565.719,178391,1746694935546.75,-73,23,-100
1746694935585.594,178386,1746694935566.625,-73,15,-107
1746694935605.469,178365,1746694935586.469,-79,20,-110
1746694935625.281,178340,1746694935606.344,-69,14,-96
1746694935645.156,178301,1746694935626.219,-74,16,-109
1746694935665.031,178307,1746694935646.031,-77,8,-113
1746694935684.875,178319,1746694935665.906,-74,15,-96
1746694935704.719,178353,1746694935685.75,-66,16,-109
1746694935724.625,178385,1746694935705.625,-68,12,-112
1746694935744.469,178408,1746694935725.5,-66,12,-105
1746694935764.313,178431,1746694935745.313,-61,12,-100
1746694935784.156,178449,1746694935765.188,-64,19,-105
1746694935804.031,178488,1746694935785.062,-73,15,-109
1746694935823.875,178538,1746694935804.906,-68,17,-96
1746694935843.75,178576,1746694935824.75,-80,6,-96
1746694935863.625,178622,1746694935844.656,-79,16,-109
1746694935883.531,178685,1746694935864.562,-76,19,-105
1746694935903.344,178715,1746694935884.312,-71,16,-101
1746694935923.156,178760,1746694935904.219,-74,19,-109
1746694935943.031,178773,1746694935924.063,-81,24,-96
1746694935962.9058,178795,1746694935943.938,-71,19,-96
1746694935982.75,178827,1746694935963.781,-76,16,-105
1746694936002.594,178837,1746694935983.625,-69,15,-93
1746694936022.563,178846,1746694936003.531,-68,16,-96
1746694936042.313,178901,1746694936023.375,-97,21,-105
1746694936062.187,178928,1746694936043.219,-77,16,-98
1746694936082.094,178972,1746694936063.062,-77,15,-103
1746694936101.906,178994,1746694936082.906,-61,15,-100
1746694936121.781,179007,1746694936102.813,-65,17,-111
1746694936141.656,179022,1746694936122.656,-68,16,-96
1746694936161.469,179058,1746694936142.531,-71,12,-96
1746694936181.344,179069,1746694936162.406,-89,13,-96
1746694936201.219,179094,1746694936182.25,-77,17,-110
1746694936221.094,179116,1746694936202.094,-66,19,-105
1746694936240.937,179140,1746694936222.0,-79,15,-113
1746694936260.781,179166,1746694936241.844,-66,18,-109
1746694936280.625,179162,1746694936261.688,-89,9,-106
1746694936300.5,179093,1746694936281.5,-68,19,-96
1746694936320.437,178980,1746694936301.375,-79,15,-104
1746694936340.219,178820,1746694936321.281,-68,15,-98
1746694936360.094,178678,1746694936341.125,-76,18,-96
1746694936379.938,178523,1746694936360.938,-74,15,-96
1746694936399.781,178419,1746694936380.812,-72,17,-106
1746694936419.656,178331,1746694936400.719,-66,19,-96
1746694936439.5,178240,1746694936420.563,-99,25,-96
1746694936459.375,178233,1746694936440.406,-65,15,-96
1746694936479.188,178213,1746694936460.25,-77,20,-104
1746694936499.062,178241,1746694936480.062,-68,19,-104
1746694936518.937,178256,1746694936500.0,-57,14,-105
1746694936538.781,178247,1746694936519.813,-68,13,-106
1746694936558.594,178240,1746694936539.656,-76,15,-96
1746694936578.469,178262,1746694936559.5,-81,17,-105
1746694936598.344,178266,1746694936579.344,-72,13,-104
1746694936618.187,178251,1746694936599.219,-73,8,-96
1746694936638.094,178203,1746694936619.094,-64,16,-100
1746694936657.906,178152,1746694936639.0,-82,20,-109
1746694936677.781,178101,1746694936658.781,-81,32,-104
1746694936697.625,178061,1746694936678.656,-72,19,-96
1746694936717.469,178035,1746694936698.531,-80,15,-103
1746694936737.344,178016,1746694936718.375,-72,7,-103
1746694936757.219,178005,1746694936738.281,-69,17,-106
1746694936777.094,178005,1746694936758.094,-71,15,-105
1746694936796.938,178025,1746694936777.969,-69,15,-96
1746694936816.813,178040,1746694936797.844,-74,15,-95
1746694936836.625,178060,1746694936817.687,-80,12,-96
1746694936856.5,178064,1746694936837.531,-68,12,-96
1746694936876.344,178075,1746694936857.406,-65,23,-96
1746694936896.188,178084,1746694936877.281,-80,20,-96
1746694936916.063,178078,1746694936897.094,-72,19,-104
1746694936935.937,178115,1746694936916.969,-80,19,-96
1746694936955.812,178100,1746694936936.781,-69,22,-104
1746694936975.688,178132,1746694936956.719,-74,15,-96
1746694936995.531,178110,1746694936976.562,-68,16,-109
1746694937015.406,178105,1746694936996.406,-60,32,-104
1746694937035.25,178102,1746694937016.313,-79,19,-96
1746694937055.125,178105,1746694937036.156,-72,19,-96
1746694937074.969,178091,1746694937056.0,-80,27,-96
1746694937094.875,178091,1746694937075.875,-68,14,-96
1746694937114.687,178070,1746694937095.719,-76,11,-103
1746694937134.563,178053,1746694937115.563,-77,17,-97
1746694937154.438,178048,1746694937135.438,-77,17,-96
1746694937174.2808,178054,1746694937155.312,-65,15,-109
1746694937194.125,178052,1746694937175.156,-72,19,-109
1746694937214.0,178029,1746694937195.031,-68,19,-112
1746694937233.844,178034,1746694937214.906,-76,20,-109
1746694937253.719,178047,1746694937234.75,-66,15,-109
1746694937273.656,178023,1746694937254.594,-75,20,-96
1746694937293.437,178038,1746694937274.531,-70,20,-109
1746694937313.313,178042,1746694937294.313,-69,12,-96
1746694937333.188,178066,1746694937314.156,-68,15,-103
1746694937353.0,178086,1746694937334.062,-81,19,-109
1746694937372.906,178135,1746694937353.937,-66,16,-106
1746694937392.75,178172,1746694937373.781,-74,12,-96
1746694937412.625,178208,1746694937393.594,-72,3,-101
1746694937432.469,178222,1746694937413.5,-71,16,-109
1746694937452.312,178264,1746694937433.375,-64,15,-106
1746694937472.188,178308,1746694937453.219,-80,16,-109
1746694937492.063,178311,1746694937473.094,-77,15,-96
1746694937511.906,178370,1746694937492.937,-66,14,-104
1746694937531.781,178413,1746694937512.812,-69,16,-112
1746694937551.656,178455,1746694937532.656,-68,16,-109
1746694937571.5,178503,1746694937552.5,-66,15,-100
1746694937591.3442,178502,1746694937572.406,-71,20,-96
1746694937611.219,178429,1746694937592.25,-77,16,-103
1746694937631.062,178308,1746694937612.094,-71,16,-107
1746694937650.938,178174,1746694937631.938,-71,14,-111
1746694937670.781,178019,1746694937651.813,-64,19,-109
1746694937690.625,177867,1746694937671.812,-68,17,-109
1746694937710.531,177768,1746694937691.531,-69,19,-100
1746694937730.375,177686,1746694937711.406,-77,16,-109
1746694937750.1882,177647,1746694937731.25,-65,28,-109
1746694937770.062,177625,1746694937751.094,-79,19,-109
1746694937789.906,177641,1746694937770.937,-70,17,-109
1746694937809.813,177669,1746694937790.813,-66,7,-103
1746694937829.656,177676,1746694937810.688,-65,15,-104
1746694937849.531,177669,1746694937830.562,-66,22,-109
1746694937869.375,177683,1746694937850.406,-73,19,-105
1746694937889.219,177666,1746694937870.219,-71,16,-104
1746694937909.063,177666,1746694937890.094,-66,19,-97
1746694937928.938,177633,1746694937909.969,-80,15,-105
1746694937948.812,177581,1746694937929.812,-77,14,-109
1746694937968.656,177529,1746694937949.656,-65,17,-104
1746694937988.531,177482,1746694937969.531,-62,16,-110
1746694938008.5,177432,1746694937989.406,-65,12,-111
1746694938028.25,177425,1746694938009.344,-71,19,-109
1746694938048.125,177395,1746694938029.156,-65,15,-96
1746694938067.969,177385,1746694938049.0,-72,19,-112
1746694938087.813,177406,1746694938068.906,-73,17,-109
1746694938107.687,177424,1746694938088.687,-66,22,-109
1746694938127.531,177414,1746694938108.562,-72,19,-105
1746694938147.375,177431,1746694938128.438,-64,15,-104
1746694938167.25,177456,1746694938148.313,-65,17,-96
1746694938187.125,177449,1746694938168.156,-88,16,-96
1746694938207.0,177484,1746694938188.0,-69,11,-108
1746694938226.844,177527,1746694938207.875,-65,17,-109
1746694938246.688,177550,1746694938227.75,-74,24,-109
1746694938266.563,177562,1746694938247.563,-77,22,-105
1746694938286.406,177593,1746694938267.437,-65,19,-96
1746694938306.25,177603,1746694938287.281,-71,19,-109
1746694938326.125,177591,1746694938307.125,-58,18,-104
1746694938345.969,177597,1746694938327.0,-77,17,-109
1746694938365.844,177605,1746694938346.844,-71,19,-96
1746694938385.687,177592,1746694938366.719,-72,30,-109
1746694938405.531,177585,1746694938386.594,-80,15,-109
1746694938425.406,177592,1746694938406.406,-49,9,-95
1746694938445.281,177615,1746694938426.281,-73,15,-100
1746694938465.125,177602,1746694938446.156,-65,16,-112
1746694938484.969,177608,1746694938466.031,-79,49,-109
1746694938504.844,177604,1746694938485.875,-69,12,-96
1746694938524.781,177620,1746694938505.719,-66,17,-96
1746694938544.562,177620,1746694938525.594,-68,11,-96
1746694938564.406,177648,1746694938545.469,-81,17,-109
1746694938584.281,177675,1746694938565.281,-71,15,-109
1746694938604.156,177693,1746694938585.125,-63,20,-111
1746694938623.969,177712,1746694938605.031,-65,14,-96
1746694938643.844,177766,1746694938624.906,-77,17,-100
1746694938663.719,177780,1746694938644.75,-74,15,-93
1746694938683.563,177809,1746694938664.563,-68,19,-96
1746694938703.438,177841,1746694938684.438,-79,29,-113
1746694938723.312,177912,1746694938704.344,-80,17,-95
1746694938743.156,177956,1746694938724.188,-79,17,-96
1746694938763.031,178028,1746694938744.063,-68,22,-105
1746694938782.875,178083,1746694938763.937,-68,16,-106
1746694938802.75,178118,1746694938783.812,-72,16,-96
1746694938822.625,178130,1746694938803.656,-80,17,-96
1746694938842.469,178105,1746694938823.5,-68,15,-96
1746694938862.313,178027,1746694938843.344,-63,12,-109
1746694938882.187,177890,1746694938863.219,-72,24,-102
1746694938902.062,177755,1746694938883.094,-77,17,-109
1746694938921.875,177633,1746694938902.938,-71,19,-103
1746694938941.75,177523,1746694938922.813,-64,19,-100
1746694938961.625,177417,1746694938942.656,-72,15,-104
1746694938981.469,177393,1746694938962.5,-82,12,-105
1746694939001.312,177363,1746694938982.438,-68,20,-96
1746694939021.188,177367,1746694939002.219,-66,15,-96
1746694939041.0308,177376,1746694939022.094,-80,15,-96
1746694939060.875,177387,1746694939041.937,-64,16,-113
1746694939080.812,177374,1746694939061.781,-68,23,-111
1746694939100.563,177361,1746694939081.719,-68,20,-109
1746694939120.438,177375,1746694939101.469,-77,14,-96
1746694939140.312,177376,1746694939121.312,-66,19,-105
1746694939160.156,177345,1746694939141.187,-85,22,-109
1746694939180.0,177298,1746694939161.031,-73,23,-105
1746694939199.844,177264,1746694939180.906,-77,19,-109
1746694939219.688,177231,1746694939200.7192,-65,31,-110
1746694939239.562,177192,1746694939220.562,-76,19,-96
1746694939259.406,177149,1746694939240.375,-68,15,-98
1746694939279.219,177139,1746694939260.313,-66,15,-96
1746694939299.063,177115,1746694939280.094,-72,17,-109
1746694939318.906,177134,1746694939299.937,-74,20,-94
1746694939338.75,177130,1746694939319.906,-72,19,-109
1746694939358.594,177134,1746694939339.656,-77,16,-109
1746694939378.438,177158,1746694939359.469,-68,19,-97
1746694939398.313,177178,1746694939379.344,-81,16,-96
1746694939418.125,177189,1746694939399.187,-69,12,-96
1746694939438.0,177196,1746694939419.0,-67,14,-104
1746694939457.875,177209,1746694939438.875,-72,7,-109
1746694939477.719,177252,1746694939458.719,-79,16,-103
1746694939497.531,177243,1746694939478.594,-73,17,-105
1746694939517.406,177261,1746694939498.437,-66,14,-96
1746694939537.375,177240,1746694939518.281,-66,19,-104
1746694939557.125,177266,1746694939538.156,-69,11,-106
1746694939576.969,177233,1746694939558.0,-80,17,-96
1746694939596.812,177232,1746694939577.844,-65,15,-103
1746694939616.625,177220,1746694939597.687,-69,12,-93
1746694939636.5,177230,1746694939617.5,-68,15,-109
1746694939656.313,177229,1746694939637.375,-79,17,-104
1746694939676.156,177238,1746694939657.344,-80,17,-96
1746694939696.031,177217,1746694939677.062,-79,17,-101
1746694939715.906,177196,1746694939696.875,-74,14,-104
1746694939735.719,177210,1746694939716.781,-68,15,-105
1746694939755.688,177191,1746694939736.625,-75,17,-96
1746694939775.438,177220,1746694939756.594,-77,20,-105
1746694939795.312,177236,1746694939776.312,-72,15,-96
1746694939815.156,177264,1746694939796.187,-77,17,-104
1746694939835.0,177284,1746694939816.094,-81,15,-96
1746694939854.875,177325,1746694939835.875,-69,19,-107
1746694939874.687,177336,1746694939855.75,-68,16,-96
1746694939894.531,177384,1746694939875.562,-72,23,-109
1746694939914.375,177405,1746694939895.406,-72,17,-104
1746694939934.219,177454,1746694939915.313,-65,16,-105
1746694939954.125,177500,1746694939935.0942,-66,16,-96
1746694939973.969,177536,1746694939955.0,-65,15,-104
1746694939993.812,177574,1746694939974.875,-81,31,-112
1746694940013.688,177588,1746694939994.781,-68,19,-109
1746694940033.531,177530,1746694940014.563,-80,18,-96
1746694940053.375,177426,1746694940034.406,-68,14,-96
1746694940073.219,177303,1746694940054.25,-68,20,-111
1746694940093.156,177158,1746694940074.125,-67,16,-109
1746694940112.906,177013,1746694940094.031,-76,17,-96
1746694940132.781,176920,1746694940113.781,-79,15,-105
1746694940152.594,176827,1746694940133.656,-66,19,-109
1746694940172.437,176786,1746694940153.5,-81,12,-105
1746694940192.281,176753,1746694940173.313,-68,15,-103
1746694940212.219,176748,1746694940193.125,-71,19,-103
1746694940231.9692,176745,1746694940213.0,-77,16,-109
1746694940251.812,176731,1746694940232.844,-77,19,-111
1746694940271.687,176669,1746694940252.687,-68,12,-104
1746694940291.563,176659,1746694940272.594,-73,19,-96
1746694940311.375,176642,1746694940292.438,-69,22,-109
1746694940331.219,176629,1746694940312.281,-76,19,-96
1746694940351.062,176597,1746694940332.187,-71,14,-96
1746694940370.938,176562,1746694940351.938,-72,12,-96
1746694940390.781,176517,1746694940371.813,-74,23,-99
1746694940410.625,176469,1746694940391.719,-65,17,-105
1746694940430.562,176411,1746694940411.5,-77,22,-104
1746694940450.312,176370,1746694940431.469,-80,16,-114
1746694940470.156,176347,1746694940451.219,-74,15,-112
1746694940490.063,176344,1746694940471.031,-68,19,-100
1746694940509.906,176330,1746694940490.937,-73,25,-105
1746694940529.781,176344,1746694940510.75,-79,16,-106
1746694940549.594,176359,1746694940530.656,-72,19,-108
1746694940569.469,176384,1746694940550.531,-74,11,-109
1746694940589.344,176394,1746694940570.344,-77,14,-109
1746694940609.1868,176402,1746694940590.219,-68,19,-109
1746694940629.031,176420,1746694940610.063,-68,12,-113
1746694940648.906,176446,1746694940629.969,-77,22,-96
1746694940668.781,176442,1746694940649.781,-77,19,-109
1746694940688.687,176495,1746694940669.687,-67,18,-110
1746694940708.531,176502,1746694940689.563,-77,23,-109
1746694940728.375,176514,1746694940709.406,-65,16,-104
1746694940748.219,176525,1746694940729.25,-63,16,-111
1746694940768.125,176525,1746694940749.125,-76,15,-96
1746694940787.937,176508,1746694940769.0,-77,16,-96
1746694940807.781,176512,1746694940788.844,-65,22,-96
1746694940827.75,176523,1746694940808.625,-68,17,-100
1746694940847.5,176529,1746694940828.625,-64,19,-109
1746694940867.344,176521,1746694940848.406,-74,19,-100
1746694940887.219,176518,1746694940868.25,-68,16,-96
1746694940907.063,176526,1746694940888.094,-81,31,-109
1746694940926.938,176535,1746694940907.938,-66,12,-104
1746694940946.781,176540,1746694940927.812,-77,15,-104
1746694940966.625,176538,1746694940947.719,-69,13,-89
1746694940986.531,176586,1746694940967.5,-66,16,-96
1746694941006.344,176592,1746694940987.406,-72,18,-106
1746694941026.187,176649,1746694941007.25,-65,16,-109
1746694941046.062,176694,1746694941027.094,-66,15,-106
1746694941065.906,176711,1746694941046.938,-68,22,-96
1746694941085.781,176764,1746694941066.813,-63,15,-96
1746694941105.625,176789,1746694941086.656,-72,19,-96
1746694941125.469,176781,1746694941106.531,-73,19,-96
1746694941145.344,176732,1746694941126.344,-70,16,-109
1746694941165.188,176645,1746694941146.219,-76,18,-96
1746694941185.063,176489,1746694941166.156,-66,19,-102
1746694941204.906,176329,1746694941185.937,-70,16,-100
1746694941224.75,176203,1746694941205.75,-68,14,-104
1746694941244.594,176095,1746694941225.625,-53,20,-109
1746694941264.438,176018,1746694941245.438,-71,16,-104
1746694941284.312,175969,1746694941265.344,-65,11,-96
1746694941304.156,175956,1746694941285.187,-68,14,-104
1746694941324.031,175969,1746694941305.063,-66,12,-104
1746694941343.813,175966,1746694941324.906,-65,17,-112
1746694941363.688,175978,1746694941344.75,-72,19,-107
1746694941383.562,175971,1746694941364.562,-68,15,-110
1746694941403.437,175968,1746694941384.437,-71,17,-104
1746694941423.219,175969,1746694941404.313,-66,19,-96
1746694941443.094,175976,1746694941424.156,-68,20,-112
1746694941462.938,175951,1746694941444.0,-64,15,-104
1746694941482.781,175881,1746694941463.812,-68,16,-110
1746694941502.625,175847,1746694941483.656,-74,22,-96
1746694941522.5,175822,1746694941503.563,-64,16,-105
1746694941542.313,175791,1746694941523.344,-77,19,-98
1746694941562.125,175738,1746694941543.156,-74,15,-103
1746694941582.0,175738,1746694941563.031,-76,23,-108
1746694941601.844,175737,1746694941582.875,-68,19,-96
1746694941621.688,175728,1746694941602.75,-83,15,-96
1746694941641.531,175722,1746694941622.563,-64,7,-79
1746694941661.344,175733,1746694941642.406,-71,17,-96
1746694941681.156,175754,1746694941662.25,-76,22,-96
1746694941701.062,175773,1746694941682.094,-77,17,-96
1746694941720.938,175769,1746694941701.906,-68,19,-100
1746694941740.781,175784,1746694941721.812,-63,22,-109
1746694941760.594,175804,1746694941741.656,-73,19,-96
1746694941780.469,175837,1746694941761.5,-72,15,-96
1746694941800.313,175844,1746694941781.375,-68,16,-96
1746694941820.188,175846,1746694941801.219,-67,13,-105
1746694941840.062,175852,1746694941821.062,-77,16,-109
1746694941859.875,175849,1746694941840.937,-57,19,-113
1746694941879.75,175831,1746694941860.75,-69,19,-98
1746694941899.625,175826,1746694941880.625,-64,16,-109
1746694941919.438,175812,1746694941900.5,-56,24,-111
1746694941939.281,175823,1746694941920.344,-67,25,-96
1746694941959.156,175792,1746694941940.156,-82,19,-101
1746694941979.031,175786,1746694941960.063,-68,15,-97
1746694941998.844,175768,1746694941979.938,-72,15,-96
1746694942018.687,175770,1746694941999.75,-80,16,-109
1746694942038.594,175772,1746694942019.594,-63,19,-109
1746694942058.438,175779,1746694942039.469,-76,22,-96
1746694942078.281,175798,1746694942059.313,-73,20,-105
1746694942098.094,175829,1746694942079.219,-77,22,-105
1746694942117.969,175840,1746694942098.969,-74,19,-104
1746694942137.812,175868,1746694942118.844,-81,19,-105
1746694942157.625,175890,1746694942138.688,-69,16,-104
1746694942177.531,175927,1746694942158.5,-68,17,-104
1746694942197.313,175979,1746694942178.406,-64,15,-96
1746694942217.219,176066,1746694942198.187,-73,19,-100
1746694942237.031,176131,1746694942218.062,-71,20,-104
1746694942256.906,176184,1746694942237.938,-75,23,-104
1746694942276.781,176246,1746694942257.812,-65,19,-111
1746694942296.625,176293,1746694942277.656,-76,17,-96
1746694942316.406,176291,1746694942297.531,-68,9,-109
1746694942336.281,176220,1746694942317.375,-80,17,-95
1746694942356.125,176114,1746694942337.188,-76,19,-104
1746694942376.031,175991,1746694942357.0,-66,20,-105
1746694942395.875,175894,1746694942376.844,-71,19,-104
1746694942415.75,175793,1746694942396.781,-68,19,-109
1746694942435.563,175729,1746694942416.656,-79,19,-96
1746694942455.406,175668,1746694942436.438,-72,15,-104
1746694942475.25,175633,1746694942456.312,-81,19,-96
1746694942495.062,175619,1746694942476.125,-66,23,-109
1746694942514.937,175612,1746694942495.969,-76,22,-104
1746694942534.844,175603,1746694942515.844,-74,23,-96
1746694942554.656,175588,1746694942535.687,-71,24,-99
1746694942574.5,175556,1746694942555.562,-72,20,-96
1746694942594.375,175518,1746694942575.406,-65,16,-96
1746694942614.219,175480,1746694942595.25,-71,18,-96
1746694942634.063,175438,1746694942615.094,-77,20,-96
1746694942653.875,175403,1746694942634.969,-68,13,-116
1746694942673.75,175341,1746694942654.812,-70,17,-104
1746694942693.594,175282,1746694942674.656,-64,14,-109
1746694942713.438,175241,1746694942694.5,-69,16,-112
1746694942733.25,175205,1746694942714.313,-60,22,-104
1746694942753.094,175146,1746694942734.156,-79,24,-109
1746694942772.969,175119,1746694942754.0,-80,17,-96
1746694942792.844,175114,1746694942773.813,-77,15,-103
1746694942812.625,175146,1746694942793.719,-76,23,-111
1746694942832.5,175175,1746694942813.531,-65,20,-96
1746694942852.406,175210,1746694942833.406,-82,17,-96
1746694942872.25,175262,1746694942853.313,-80,18,-96
1746694942892.031,175278,1746694942873.094,-74,17,-104
1746694942911.906,175340,1746694942892.969,-65,17,-109
1746694942931.75,175387,1746694942912.781,-67,20,-103
1746694942951.625,175462,1746694942932.625,-77,15,-105
1746694942971.437,175495,1746694942952.5,-69,15,-96
1746694942991.281,175571,1746694942972.344,-72,15,-87
1746694943011.125,175631,1746694942992.188,-64,23,-112
1746694943031.0,175697,1746694943012.031,-77,22,-96
1746694943050.812,175739,1746694943031.875,-80,15,-109
1746694943070.688,175787,1746694943051.688,-68,14,-100
1746694943090.625,175840,1746694943071.594,-73,16,-96
1746694943110.406,175912,1746694943091.5,-82,19,-99
1746694943130.25,175970,1746694943111.25,-74,19,-104
1746694943150.062,176031,1746694943131.156,-72,18,-96
1746694943169.938,176088,1746694943150.969,-64,17,-109
1746694943189.875,176136,1746694943170.813,-84,19,-106
1746694943209.687,176215,1746694943190.781,-84,19,-96
1746694943229.469,176290,1746694943210.531,-69,16,-100
1746694943249.312,176329,1746694943230.406,-76,17,-96
1746694943269.188,176432,1746694943250.219,-68,28,-96
1746694943289.031,176466,1746694943270.062,-66,19,-109
1746694943308.875,176554,1746694943289.906,-69,13,-104
1746694943328.719,176649,1746694943309.781,-77,15,-88
1746694943348.594,176748,1746694943329.688,-61,19,-105
1746694943368.438,176814,1746694943349.469,-68,19,-109
1746694943388.25,176893,1746694943369.312,-64,23,-109
1746694943408.156,176984,1746694943389.156,-77,19,-96
1746694943428.063,177038,1746694943409.031,-76,17,-96
1746694943447.875,177059,1746694943428.938,-77,15,-109
1746694943467.719,177036,1746694943448.75,-75,15,-112
1746694943487.594,176968,1746694943468.625,-68,20,-96
1746694943507.469,176845,1746694943488.437,-76,19,-104
1746694943527.344,176748,1746694943508.344,-77,19,-96
1746694943547.156,176688,1746694943528.188,-72,17,-96
1746694943567.0,176659,1746694943548.031,-76,19,-104
1746694943586.875,176641,1746694943567.875,-77,19,-112
1746694943606.719,176672,1746694943587.781,-72,25,-109
1746694943626.563,176701,1746694943607.594,-80,15,-96
1746694943646.437,176769,1746694943627.469,-68,17,-96
1746694943666.25,176811,1746694943647.281,-74,40,-112
1746694943686.125,176817,1746694943667.125,-66,18,-96
1746694943705.938,176829,1746694943687.0,-71,14,-96
1746694943725.813,176853,1746694943706.844,-79,16,-105
1746694943745.687,176826,1746694943726.687,-72,15,-96
1746694943765.562,176792,1746694943746.594,-73,19,-96
1746694943785.406,176745,1746694943766.406,-72,12,-100
1746694943805.281,176696,1746694943786.344,-71,14,-96
1746694943825.125,176659,1746694943806.156,-72,16,-105
1746694943845.0,176600,1746694943826.031,-81,16,-109
1746694943864.969,176560,1746694943845.875,-71,19,-111
1746694943884.688,176525,1746694943865.875,-80,17,-96
1746694943904.531,176529,1746694943885.562,-64,15,-112
1746694943924.406,176528,1746694943905.437,-77,22,-96
1746694943944.219,176553,1746694943925.313,-81,8,-109
1746694943964.125,176549,1746694943945.125,-72,22,-104
1746694943984.062,176587,1746694943965.0,-81,19,-96
1746694944003.844,176596,1746694943984.875,-69,3,-98
1746694944023.656,176638,1746694944004.719,-72,13,-93
1746694944043.563,176648,1746694944024.594,-72,16,-96
1746694944063.406,176687,1746694944044.5,-65,12,-121
1746694944083.281,176721,1746694944064.281,-76,15,-109
1746694944103.094,176750,1746694944084.187,-68,15,-106
1746694944122.969,176791,1746694944104.0,-72,17,-109
1746694944142.844,176831,1746694944123.844,-71,14,-109
1746694944162.75,176838,1746694944143.75,-67,17,-109
1746694944182.594,176857,1746694944163.625,-77,18,-109
1746694944202.437,176865,1746694944183.5,-73,17,-121
1746694944222.281,176869,1746694944203.3132,-64,15,-109
1746694944242.125,176872,1746694944223.156,-68,23,-96
1746694944262.0,176894,1746694944243.0,-68,19,-96
1746694944281.812,176906,1746694944262.875,-61,16,-104
1746694944301.781,176915,1746694944282.688,-69,13,-114
1746694944321.5,176900,1746694944302.656,-76,19,-109
1746694944341.3442,176917,1746694944322.406,-80,16,-112
1746694944361.219,176903,1746694944342.25,-66,17,-104
1746694944381.062,176919,1746694944362.094,-80,8,-96
1746694944400.938,176913,1746694944381.969,-72,8,-113
1746694944420.75,176961,1746694944401.813,-74,12,-96
1746694944440.625,176998,1746694944421.6868,-64,25,-96
1746694944460.5,176985,1746694944441.5,-68,14,-109
1746694944480.344,177031,1746694944461.375,-64,16,-104
1746694944500.1882,177090,1746694944481.25,-71,20,-109
1746694944520.062,177139,1746694944501.094,-72,22,-96
1746694944539.937,177157,1746694944520.937,-72,15,-112
1746694944559.75,177203,1746694944540.813,-68,14,-109
1746694944579.656,177230,1746694944560.656,-77,28,-105
1746694944599.562,177201,1746694944580.562,-77,16,-96
1746694944619.344,177136,1746694944600.437,-80,22,-109
1746694944639.219,177028,1746694944620.219,-65,15,-98
1746694944659.031,176908,1746694944640.125,-68,16,-105
1746694944678.906,176800,1746694944659.938,-79,20,-109
1746694944698.781,176690,1746694944679.75,-72,15,-96
1746694944718.625,176597,1746694944699.625,-69,17,-104
1746694944738.437,176546,1746694944719.5,-71,14,-95
1746694944758.313,176521,1746694944739.438,-83,17,-96
1746694944778.156,176512,1746694944759.156,-69,17,-104
1746694944798.031,176506,1746694944779.031,-77,16,-109
1746694944817.969,176517,1746694944798.906,-80,24,-104
1746694944837.813,176495,1746694944818.813,-73,22,-82
1746694944857.594,176498,1746694944838.687,-84,17,-109
1746694944877.469,176507,1746694944858.437,-66,15,-104
1746694944897.312,176491,1746694944878.375,-71,19,-96
1746694944917.188,176478,1746694944898.219,-80,19,-96
1746694944937.031,176456,1746694944918.063,-77,17,-96
1746694944956.906,176421,1746694944937.906,-63,18,-104
1746694944976.719,176375,1746694944957.75,-69,23,-104
1746694944996.594,176349,1746694944977.625,-71,30,-104
1746694945016.438,176322,1746694944997.438,-68,16,-104
1746694945036.313,176317,1746694945017.344,-77,17,-96
1746694945056.187,176324,1746694945037.187,-66,19,-96
1746694945076.0,176294,1746694945057.062,-72,20,-113
1746694945095.875,176303,1746694945076.875,-71,20,-109
1746694945115.688,176319,1746694945096.75,-77,15,-96
1746694945135.562,176347,1746694945116.562,-81,22,-101
1746694945155.469,176362,1746694945136.469,-74,19,-109
1746694945175.313,176373,1746694945156.344,-56,19,-106
1746694945195.188,176398,1746694945176.188,-68,17,-100
1746694945215.0,176429,1746694945196.062,-84,15,-96
1746694945234.875,176449,1746694945215.937,-68,19,-98
1746694945254.75,176462,1746694945235.75,-81,15,-104
1746694945274.719,176479,1746694945255.625,-79,12,-96
1746694945294.406,176483,1746694945275.594,-79,20,-96
1746694945314.281,176481,1746694945295.312,-81,15,-104
1746694945334.156,176513,1746694945315.187,-68,19,-96
1746694945354.0,176520,1746694945335.031,-89,12,-96
1746694945373.844,176517,1746694945354.875,-68,14,-96
1746694945393.812,176540,1746694945374.781,-61,19,-109
1746694945413.562,176544,1746694945394.594,-68,16,-109
1746694945433.406,176539,1746694945414.438,-66,18,-109
1746694945453.219,176531,1746694945434.313,-64,16,-96
1746694945473.094,176515,1746694945454.125,-75,15,-84
1746694945492.937,176513,1746694945473.969,-70,16,-109
1746694945512.781,176498,1746694945493.812,-69,20,-109
1746694945532.625,176532,1746694945513.781,-76,24,-96
1746694945552.469,176546,1746694945533.531,-80,19,-96
1746694945572.2808,176572,1746694945553.375,-67,17,-89
1746694945592.187,176606,1746694945573.156,-73,12,-96
1746694945612.0,176617,1746694945593.062,-71,15,-105
1746694945631.875,176634,1746694945612.906,-74,19,-103
1746694945651.719,176644,1746694945632.781,-80,7,-96
1746694945671.562,176665,1746694945652.625,-72,19,-105
1746694945691.406,176691,1746694945672.469,-64,14,-109
1746694945711.281,176724,1746694945692.313,-73,19,-106
1746694945731.25,176788,1746694945712.219,-72,19,-109
1746694945751.0,176823,1746694945731.9692,-72,16,-111
1746694945770.844,176836,1746694945751.906,-79,19,-96
1746694945790.687,176826,1746694945771.75,-68,16,-96
1746694945810.531,176783,1746694945791.594,-76,17,-104
1746694945830.406,176693,1746694945811.438,-74,24,-96
1746694945850.25,176587,1746694945831.312,-78,19,-111
1746694945870.125,176481,1746694945851.125,-65,22,-96
1746694945890.0,176396,1746694945871.031,-77,14,-96
1746694945909.813,176312,1746694945890.875,-80,17,-96
1746694945929.688,176276,1746694945910.687,-72,15,-96
1746694945949.594,176273,1746694945930.562,-71,17,-109
1746694945969.344,176296,1746694945950.469,-78,20,-96
1746694945989.219,176314,1746694945970.219,-69,15,-96
1746694946009.094,176321,1746694945990.094,-80,17,-96
1746694946028.906,176316,1746694946009.937,-68,16,-112
1746694946048.719,176292,1746694946029.812,-72,20,-103
1746694946068.562,176288,1746694946049.625,-76,19,-105
1746694946088.438,176273,1746694946069.469,-75,32,-101
1746694946108.281,176273,1746694946089.313,-66,12,-109
1746694946128.156,176221,1746694946109.1868,-69,17,-96
1746694946148.0,176182,1746694946129.0,-81,19,-95
1746694946167.875,176155,1746694946148.875,-68,19,-96
1746694946187.6882,176103,1746694946168.719,-71,22,-100
1746694946207.562,176064,1746694946188.594,-77,19,-96
1746694946227.437,176042,1746694946208.437,-74,20,-96
1746694946247.281,175998,1746694946228.281,-67,15,-100
1746694946267.156,175991,1746694946248.156,-72,15,-95
1746694946287.031,175987,1746694946268.062,-65,18,-109
1746694946306.875,175995,1746694946287.906,-71,19,-104
1746694946326.75,176017,1746694946307.75,-66,15,-96
1746694946346.594,176077,1746694946327.625,-77,15,-96
1746694946366.406,176133,1746694946347.5,-45,19,-96
1746694946386.281,176150,1746694946367.281,-68,15,-98
1746694946406.125,176180,1746694946387.156,-66,15,-96
1746694946425.937,176231,1746694946407.031,-80,3,-96
1746694946445.813,176281,1746694946426.875,-65,19,-106
1746694946465.656,176344,1746694946446.687,-79,14,-105
1746694946485.531,176409,1746694946466.531,-66,12,-113
1746694946505.344,176471,1746694946486.438,-69,16,-105
1746694946525.219,176508,1746694946506.25,-71,12,-96
1746694946545.063,176533,1746694946526.094,-68,16,-96
1746694946564.969,176595,1746694946545.969,-66,17,-96
1746694946584.781,176626,1746694946565.844,-80,19,-95
1746694946604.656,176666,1746694946585.656,-62,15,-104
1746694946624.5,176700,1746694946605.563,-77,17,-111
1746694946644.375,176717,1746694946625.375,-80,19,-103
1746694946664.219,176773,1746694946645.25,-76,23,-109
1746694946684.094,176824,1746694946665.156,-68,24,-96
1746694946703.938,176882,1746694946684.938,-79,23,-104
1746694946723.813,176931,1746694946704.813,-68,20,-98
1746694946743.625,176995,1746694946724.687,-74,16,-96
1746694946763.531,177091,1746694946744.562,-89,23,-105
1746694946783.406,177170,1746694946764.406,-69,12,-96
1746694946803.25,177251,1746694946784.312,-72,19,-96
1746694946823.062,177309,1746694946804.156,-64,15,-105
1746694946842.937,177406,1746694946823.937,-66,19,-103
1746694946862.75,177478,1746694946843.813,-77,23,-95
1746694946882.625,177508,1746694946863.594,-71,16,-112
1746694946902.469,177574,1746694946883.531,-65,19,-96
1746694946922.281,177628,1746694946903.375,-68,19,-109
1746694946942.156,177593,1746694946923.187,-79,19,-109
1746694946962.0,177548,1746694946943.031,-68,19,-96
1746694946981.813,177434,1746694946962.875,-66,15,-113
1746694947001.688,177321,1746694946982.719,-79,24,-95
1746694947021.562,177223,1746694947002.562,-65,9,-100
1746694947041.375,177152,1746694947022.438,-84,20,-109
1746694947061.188,177101,1746694947042.281,-64,17,-104
1746694947081.031,177096,1746694947062.094,-79,15,-96
1746694947100.906,177128,1746694947081.937,-87,23,-96
1746694947120.75,177164,1746694947101.781,-64,16,-109
1746694947140.594,177210,1746694947121.625,-65,16,-103
1746694947160.438,177253,1746694947141.469,-66,16,-129
1746694947180.281,177287,1746694947161.344,-74,18,-109
1746694947200.125,177308,1746694947181.156,-68,19,-95
1746694947220.0,177307,1746694947201.031,-72,19,-96
1746694947239.813,177274,1746694947220.875,-66,16,-96
1746694947259.656,177216,1746694947240.688,-80,20,-104
1746694947279.5,177130,1746694947260.5,-65,15,-100
1746694947299.375,177039,1746694947280.375,-76,19,-105
1746694947319.187,176923,1746694947300.219,-69,22,-100
1746694947339.063,176769,1746694947320.094,-73,13,-96
1746694947358.906,176679,1746694947339.938,-69,22,-96
1746694947378.75,176618,1746694947359.781,-74,16,-104
1746694947398.625,176611,1746694947379.656,-80,17,-100
1746694947418.437,176650,1746694947399.5,-68,15,-111
1746694947438.313,176670,1746694947419.344,-81,15,-116
1746694947458.188,176723,1746694947439.219,-64,20,-96
1746694947478.0,176781,1746694947459.031,-71,17,-104
1746694947497.875,176824,1746694947478.875,-72,12,-110
1746694947517.719,176851,1746694947498.781,-68,15,-109
1746694947537.563,176877,1746694947518.625,-76,20,-121
1746694947557.375,176933,1746694947538.406,-71,20,-100
1746694947577.25,176948,1746694947558.281,-73,19,-109
1746694947597.062,176993,1746694947578.125,-65,16,-105
1746694947616.9382,177011,1746694947597.938,-65,17,-96
1746694947636.781,177033,1746694947617.781,-64,22,-103
1746694947656.656,177036,1746694947637.656,-65,19,-103
1746694947676.531,177034,1746694947657.531,-80,31,-109
1746694947696.344,177021,1746694947677.406,-69,17,-96
1746694947716.188,176985,1746694947697.25,-51,15,-96
1746694947736.031,177000,1746694947717.062,-67,16,-105
1746694947755.906,177023,1746694947736.937,-68,20,-111
1746694947775.75,177060,1746694947756.75,-77,15,-104
1746694947795.625,177080,1746694947776.625,-69,17,-96
1746694947815.531,177105,1746694947796.531,-80,15,-96
1746694947835.375,177132,1746694947816.406,-77,12,-90
1746694947855.219,177141,1746694947836.25,-81,23,-105
1746694947875.031,177169,1746694947856.094,-68,16,-96
1746694947894.875,177189,1746694947875.969,-77,16,-96
1746694947914.75,177235,1746694947895.812,-64,19,-104
1746694947934.625,177265,1746694947915.625,-71,17,-96
1746694947954.437,177301,1746694947935.563,-68,19,-104
1746694947974.313,177347,1746694947955.344,-80,16,-109
1746694947994.125,177384,1746694947975.188,-71,22,-103
1746694948014.0,177374,1746694947995.0,-76,23,-109
1746694948033.875,177311,1746694948014.875,-76,14,-103
1746694948053.719,177185,1746694948034.781,-73,16,-95
1746694948073.563,177029,1746694948054.625,-81,17,-100
1746694948093.437,176874,1746694948074.469,-77,17,-109
1746694948113.281,176741,1746694948094.281,-77,39,-109
1746694948133.094,176627,1746694948114.125,-66,15,-104
1746694948153.0,176539,1746694948134.0,-64,24,-96
1746694948172.813,176522,1746694948153.8442,-74,11,-100
1746694948192.656,176505,1746694948173.687,-78,17,-96
1746694948212.469,176500,1746694948193.531,-77,19,-105
1746694948232.312,176484,1746694948213.344,-66,20,-96
1746694948252.188,176528,1746694948233.219,-68,15,-96
1746694948272.031,176526,1746694948253.062,-81,14,-96
1746694948291.875,176562,1746694948272.906,-68,22,-109
1746694948311.75,176578,1746694948292.781,-76,20,-104
1746694948331.594,176554,1746694948312.594,-80,12,-103
1746694948351.438,176553,1746694948332.438,-68,24,-96
1746694948371.312,176531,1746694948352.312,-66,17,-104
1746694948391.094,176468,1746694948372.156,-49,19,-98
1746694948410.969,176417,1746694948391.969,-77,17,-98
1746694948430.844,176351,1746694948411.844,-79,16,-96
1746694948450.656,176278,1746694948431.688,-77,25,-100
1746694948470.531,176239,1746694948451.594,-68,15,-96
1746694948490.5,176189,1746694948471.406,-72,16,-96
1746694948510.219,176202,1746694948491.281,-77,15,-96
1746694948530.063,176190,1746694948511.094,-71,25,-103
1746694948549.906,176197,1746694948530.969,-77,16,-103
1746694948569.75,176233,1746694948550.781,-77,17,-104
1746694948589.625,176264,1746694948570.594,-68,17,-100
1746694948609.438,176277,1746694948590.5,-64,19,-109
1746694948629.313,176283,1746694948610.344,-84,16,-96
1746694948649.187,176297,1746694948630.187,-76,19,-109
1746694948669.031,176331,1746694948650.031,-76,17,-96
1746694948688.906,176356,1746694948669.906,-68,25,-96
1746694948708.781,176386,1746694948689.813,-68,22,-104
1746694948728.594,176365,1746694948709.625,-66,17,-104
1746694948748.437,176370,1746694948729.5,-80,15,-84
1746694948768.281,176376,1746694948749.344,-65,19,-96
1746694948788.125,176391,1746694948769.156,-73,27,-96
1746694948807.969,176362,1746694948789.031,-76,16,-93
1746694948827.812,176374,1746694948808.844,-72,12,-94
1746694948847.656,176385,1746694948828.687,-74,3,-104
1746694948867.5,176359,1746694948848.531,-68,17,-100
1746694948887.344,176346,1746694948868.406,-79,15,-95
1746694948907.219,176359,1746694948888.25,-79,17,-96
1746694948927.062,176349,1746694948908.094,-77,19,-105
1746694948946.875,176346,1746694948927.937,-79,20,-96
1746694948966.719,176375,1746694948947.781,-72,16,-96
1746694948986.594,176402,1746694948967.594,-68,19,-109
1746694949006.469,176431,1746694948987.469,-73,23,-109
1746694949026.312,176450,1746694949007.375,-76,14,-96
1746694949046.219,176461,1746694949027.219,-68,17,-112
1746694949066.031,176481,1746694949047.094,-68,22,-109
1746694949085.875,176499,1746694949066.875,-71,18,-98
1746694949105.687,176522,1746694949086.75,-77,15,-103
1746694949125.562,176570,1746694949106.594,-85,37,-96
1746694949145.406,176617,1746694949126.438,-82,15,-96
1746694949165.25,176650,1746694949146.281,-72,16,-96
1746694949185.0942,176646,1746694949166.125,-84,7,-97
1746694949204.937,176599,1746694949186.0,-81,19,-96
1746694949224.781,176524,1746694949205.812,-69,12,-96
1746694949244.656,176385,1746694949225.688,-77,15,-112
1746694949264.5,176230,1746694949245.531,-73,19,-96
1746694949284.344,176116,1746694949265.406,-68,20,-96
1746694949304.187,176005,1746694949285.312,-65,14,-96
1746694949324.063,175935,1746694949305.063,-72,17,-88
1746694949343.875,175877,1746694949324.938,-80,12,-104
1746694949363.75,175848,1746694949344.781,-65,27,-96
1746694949383.656,175818,1746694949364.625,-66,12,-112
1746694949403.469,175788,1746694949384.563,-60,17,-109
1746694949423.344,175789,1746694949404.375,-66,15,-98
1746694949443.188,175740,1746694949424.25,-68,19,-104
1746694949463.062,175739,1746694949444.062,-77,31,-103
1746694949482.906,175691,1746694949463.937,-69,16,-113
1746694949502.75,175673,1746694949483.75,-72,15,-100
1746694949522.625,175634,1746694949503.656,-68,15,-91
1746694949542.469,175553,1746694949523.562,-67,16,-109
1746694949562.344,175463,1746694949543.344,-77,17,-111
1746694949582.187,175427,1746694949563.219,-73,19,-109
1746694949602.031,175345,1746694949583.094,-68,17,-96
1746694949621.938,175297,1746694949602.906,-64,19,-104
1746694949641.75,175237,1746694949622.844,-77,19,-109
1746694949661.594,175196,1746694949642.625,-69,15,-96
1746694949681.438,175170,1746694949662.5,-69,19,-96
1746694949701.281,175149,1746694949682.281,-72,24,-104
1746694949721.1558,175142,1746694949702.156,-77,25,-109
1746694949741.0,175136,1746694949722.031,-70,15,-104
1746694949760.844,175136,1746694949741.844,-79,15,-98
1746694949780.688,175141,1746694949761.719,-68,14,-96
1746694949800.563,175153,1746694949781.563,-49,19,-100
1746694949820.406,175171,1746694949801.437,-69,15,-103
1746694949840.25,175201,1746694949821.312,-66,16,-105
1746694949860.094,175262,1746694949841.156,-77,24,-103
1746694949879.969,175267,1746694949861.0,-72,20,-113
1746694949899.781,175310,1746694949880.8442,-71,16,-104
1746694949919.656,175352,1746694949900.687,-68,16,-109
1746694949939.531,175343,1746694949920.563,-76,15,-96
1746694949959.375,175353,1746694949940.344,-68,17,-100
1746694949979.188,175388,1746694949960.25,-65,16,-96
1746694949999.031,175412,1746694949980.094,-68,16,-109
1746694950018.875,175478,1746694949999.937,-71,17,-109
1746694950038.719,175533,1746694950019.75,-66,24,-96
1746694950058.594,175576,1746694950039.594,-77,17,-96
1746694950078.469,175623,1746694950059.469,-80,17,-109
1746694950098.281,175695,1746694950079.344,-77,19,-100
1746694950118.156,175739,1746694950099.156,-76,16,-109
1746694950137.969,175823,1746694950119.0,-65,28,-109
1746694950157.938,175866,1746694950138.875,-64,17,-96
1746694950177.656,175923,1746694950158.844,-79,20,-96
1746694950197.531,175970,1746694950178.562,-69,15,-93
1746694950217.375,176036,1746694950198.438,-74,15,-104
1746694950237.219,176095,1746694950218.25,-67,17,-104
1746694950257.094,176167,1746694950238.125,-68,17,-111
1746694950276.937,176242,1746694950258.0,-65,16,-108
1746694950296.844,176315,1746694950277.812,-68,19,-104
1746694950316.625,176377,1746694950297.719,-68,17,-109
1746694950336.5,176403,1746694950317.531,-77,19,-96
1746694950356.313,176350,1746694950337.344,-76,12,-104
1746694950376.219,176246,1746694950357.187,-68,19,-109
1746694950396.031,176112,1746694950377.094,-77,19,-109
1746694950415.906,175997,1746694950396.938,-62,16,-109
1746694950435.75,175904,1746694950416.75,-79,16,-100
1746694950455.594,175822,1746694950436.625,-65,12,-96
1746694950475.437,175799,1746694950456.469,-68,19,-104
1746694950495.313,175802,1746694950476.344,-68,22,-110
1746694950515.156,175856,1746694950496.188,-77,19,-109
1746694950535.0,175900,1746694950516.031,-60,27,-115
1746694950554.844,175909,1746694950535.906,-74,17,-96
1746694950574.687,175921,1746694950555.719,-66,15,-109
1746694950594.563,175942,1746694950575.563,-68,19,-101
1746694950614.438,175948,1746694950595.438,-72,19,-104
1746694950634.281,175981,1746694950615.312,-74,20,-96
1746694950654.187,175954,1746694950635.219,-77,23,-96
1746694950674.031,175918,1746694950655.063,-80,22,-109
1746694950693.875,175862,1746694950674.906,-77,22,-109
1746694950713.719,175842,1746694950694.781,-89,20,-96
1746694950733.719,175777,1746694950714.656,-69,16,-96
1746694950753.469,175745,1746694950734.594,-71,19,-96
1746694950773.313,175714,1746694950754.313,-65,7,-112
1746694950793.187,175714,1746694950774.219,-72,19,-106
1746694950813.062,175712,1746694950794.094,-81,16,-109
1746694950832.906,175752,1746694950813.906,-66,11,-105
1746694950852.75,175768,1746694950833.813,-69,15,-96
1746694950872.625,175802,1746694950853.656,-70,7,-100
1746694950892.5,175790,1746694950873.531,-76,17,-105
1746694950912.312,175814,1746694950893.375,-71,16,-109
1746694950932.188,175852,1746694950913.219,-72,17,-116
1746694950952.0,175898,1746694950933.063,-79,22,-103
1746694950971.875,175950,1746694950952.9368,-72,19,-96
1746694950991.75,175985,1746694950972.781,-69,19,-96
1746694951011.594,176037,1746694950992.625,-68,15,-112
1746694951031.4382,176056,1746694951012.5,-66,20,-109
1746694951051.281,176106,1746694951032.312,-63,22,-104
1746694951071.156,176122,1746694951052.187,-74,19,-96
1746694951091.0,176130,1746694951072.031,-72,22,-96
1746694951110.844,176182,1746694951091.875,-84,19,-96
1746694951130.719,176180,1746694951111.7808,-72,19,-109
1746694951150.625,176210,1746694951131.594,-69,24,-106
1746694951170.5,176250,1746694951151.469,-68,15,-98
1746694951190.313,176263,1746694951171.375,-68,16,-96
1746694951210.188,176280,1746694951191.219,-85,45,-96
1746694951230.031,176294,1746694951211.062,-80,19,-96
1746694951249.937,176285,1746694951230.937,-65,20,-95
1746694951269.719,176312,1746694951250.75,-72,7,-103
1746694951289.594,176346,1746694951270.656,-77,15,-96
1746694951309.5,176342,1746694951290.5,-80,17,-105
1746694951329.375,176351,1746694951310.375,-81,20,-109
1746694951349.188,176379,1746694951330.25,-80,17,-105
1746694951369.125,176408,1746694951350.125,-74,19,-104
1746694951388.906,176472,1746694951370.0,-74,23,-105
1746694951408.781,176490,1746694951389.781,-72,16,-103
1746694951428.594,176431,1746694951409.656,-71,19,-96
1746694951448.469,176327,1746694951429.5,-78,19,-96
1746694951468.344,176208,1746694951449.344,-70,17,-109
1746694951488.219,176035,1746694951469.187,-61,19,-111
1746694951508.031,175937,1746694951489.062,-66,19,-100
1746694951527.906,175862,1746694951508.938,-64,16,-109
1746694951547.75,175790,1746694951528.781,-80,24,-109
1746694951567.625,175740,1746694951548.625,-81,16,-104
1746694951587.5,175708,1746694951568.531,-80,20,-96
1746694951607.344,175703,1746694951588.375,-68,22,-103
1746694951627.219,175696,1746694951608.219,-68,21,-96
1746694951647.063,175696,1746694951628.094,-66,14,-104
1746694951666.906,175678,1746694951647.937,-63,22,-104
1746694951686.781,175686,1746694951667.813,-67,19,-114
1746694951706.625,175685,1746694951687.6882,-64,16,-105
1746694951726.5,175651,1746694951707.5,-72,16,-109
1746694951746.344,175641,1746694951727.406,-71,23,-109
1746694951766.219,175619,1746694951747.25,-77,14,-103
1746694951786.094,175615,1746694951767.094,-68,12,-103
1746694951806.0,175600,1746694951786.969,-80,19,-96
1746694951825.812,175591,1746694951806.937,-74,25,-109
1746694951845.687,175584,1746694951826.719,-72,21,-111
1746694951865.563,175582,1746694951846.563,-61,21,-96
1746694951885.406,175596,1746694951866.469,-73,12,-109
1746694951905.25,175621,1746694951886.281,-71,16,-106
1746694951925.125,175653,1746694951906.187,-68,16,-106
1746694951945.0,175668,1746694951926.0,-72,26,-109
1746694951964.844,175673,1746694951945.875,-80,21,-104
1746694951984.688,175683,1746694951965.75,-72,20,-112
1746694952004.594,175709,1746694951985.625,-65,16,-97
1746694952024.469,175717,1746694952005.469,-70,19,-96
1746694952044.313,175738,1746694952025.344,-68,18,-104
1746694952064.188,175753,1746694952045.187,-68,16,-112
1746694952084.062,175762,1746694952065.094,-68,14,-105
1746694952103.969,175760,1746694952084.938,-72,17,-104
1746694952123.781,175779,1746694952104.875,-80,20,-105
1746694952143.656,175770,1746694952124.687,-68,17,-109
1746694952163.5,175755,1746694952144.531,-72,19,-109
1746694952183.375,175741,1746694952164.375,-72,22,-96
1746694952203.219,175755,1746694952184.281,-69,20,-109
1746694952223.094,175734,1746694952204.094,-69,26,-104
1746694952243.031,175707,1746694952223.969,-67,16,-93
1746694952262.875,175678,1746694952243.906,-68,16,-96
1746694952282.719,175691,1746694952263.75,-64,24,-105
1746694952302.594,175658,1746694952283.625,-72,15,-110
1746694952322.562,175668,1746694952303.469,-69,16,-109
1746694952342.344,175692,1746694952323.344,-78,15,-109
1746694952362.188,175702,1746694952343.219,-72,23,-112
1746694952382.031,175700,1746694952363.094,-62,27,-112
1746694952401.937,175743,1746694952382.937,-80,24,-103
1746694952421.781,175768,1746694952402.812,-78,23,-96
1746694952441.625,175810,1746694952422.656,-72,16,-96
1746694952461.5,175856,1746694952442.531,-80,16,-104
1746694952481.344,175900,1746694952462.375,-77,19,-96
1746694952501.219,175946,1746694952482.25,-66,17,-105
1746694952521.063,176002,1746694952502.094,-66,19,-109
1746694952540.906,175995,1746694952521.969,-72,16,-96
1746694952560.781,175930,1746694952541.781,-75,19,-105
1746694952580.656,175847,1746694952561.687,-68,25,-96
1746694952600.469,175707,1746694952581.531,-79,14,-96
1746694952620.344,175587,1746694952601.375,-58,18,-109
1746694952640.188,175492,1746694952621.219,-69,19,-100
1746694952660.031,175413,1746694952641.062,-72,18,-96
1746694952679.906,175387,1746694952660.969,-80,4,-109
1746694952699.75,175394,1746694952680.813,-69,19,-109
1746694952719.656,175434,1746694952700.625,-74,19,-104
1746694952739.5,175444,1746694952720.5,-76,15,-93
1746694952759.344,175476,1746694952740.406,-74,23,-105
1746694952779.187,175484,1746694952760.25,-72,19,-109
1746694952799.063,175483,1746694952780.094,-68,24,-96
1746694952818.969,175476,1746694952799.937,-80,23,-105
1746694952838.812,175426,1746694952819.844,-71,22,-109
1746694952858.625,175432,1746694952839.719,-68,19,-96
1746694952878.531,175350,1746694952859.531,-77,16,-113
1746694952898.375,175296,1746694952879.406,-68,15,-96
1746694952918.219,175224,1746694952899.25,-78,15,-96
1746694952938.094,175154,1746694952919.156,-68,20,-105
1746694952957.969,175093,1746694952938.969,-71,16,-105
1746694952977.813,175030,1746694952958.813,-71,19,-104
1746694952997.656,174996,1746694952978.687,-71,19,-104
1746694953017.531,174967,1746694952998.562,-73,23,-96
1746694953037.406,174982,1746694953018.438,-69,19,-106
1746694953057.281,174977,1746694953038.25,-72,11,-109
1746694953077.125,175008,1746694953058.156,-80,24,-111
1746694953096.969,175033,1746694953078.031,-76,24,-105
1746694953116.844,175095,1746694953097.812,-69,19,-104
1746694953136.719,175123,1746694953117.719,-79,19,-96
1746694953156.563,175189,1746694953137.594,-69,16,-95
1746694953176.437,175247,1746694953157.469,-77,16,-104
1746694953196.281,175323,1746694953177.375,-80,22,-96
1746694953216.125,175367,1746694953197.188,-68,19,-109
1746694953235.969,175408,1746694953217.031,-76,22,-112
1746694953255.8442,175448,1746694953236.906,-77,20,-96
1746694953275.719,175468,1746694953256.75,-72,19,-109
1746694953295.563,175509,1746694953276.594,-69,5,-96
1746694953315.438,175563,1746694953296.469,-65,23,-109
1746694953335.312,175618,1746694953316.344,-64,20,-96
1746694953355.156,175665,1746694953336.1868,-69,17,-109
1746694953375.0,175707,1746694953356.063,-72,20,-102
1746694953394.844,175735,1746694953375.875,-71,15,-96
1746694953414.719,175800,1746694953395.75,-73,7,-104
1746694953434.594,175871,1746694953415.594,-68,19,-109
1746694953454.406,175908,1746694953435.437,-72,22,-109
1746694953474.281,175985,1746694953455.281,-68,16,-121
1746694953494.1558,176065,1746694953475.188,-82,20,-96
1746694953514.0,176100,1746694953495.031,-64,31,-97
1746694953533.875,176174,1746694953514.875,-80,22,-104
1746694953553.719,176247,1746694953534.781,-77,17,-104
1746694953573.594,176331,1746694953554.625,-68,16,-107
1746694953593.469,176392,1746694953574.5,-75,19,-109
1746694953613.312,176457,1746694953594.375,-77,16,-96
1746694953633.156,176529,1746694953614.219,-72,19,-96
1746694953653.031,176585,1746694953634.063,-72,24,-109
1746694953672.906,176636,1746694953653.906,-76,16,-96
1746694953692.719,176604,1746694953673.75,-80,14,-96
1746694953712.625,176531,1746694953693.656,-72,17,-100
1746694953732.469,176416,1746694953713.531,-76,20,-109
1746694953752.375,176319,1746694953733.344,-65,16,-109
1746694953772.187,176237,1746694953753.219,-68,16,-104
1746694953792.062,176192,1746694953773.094,-66,19,-96
1746694953811.906,176161,1746694953792.969,-77,15,-119
1746694953831.781,176196,1746694953812.781,-78,19,-96
1746694953851.625,176266,1746694953832.656,-77,19,-104
1746694953871.5,176327,1746694953852.531,-79,16,-105
1746694953891.344,176364,1746694953872.375,-67,17,-112
1746694953911.219,176381,1746694953892.219,-74,15,-95
1746694953931.062,176416,1746694953912.0942,-80,21,-96
1746694953950.937,176458,1746694953931.969,-69,15,-99
1746694953970.813,176488,1746694953951.813,-76,18,-97
1746694953990.688,176494,1746694953971.688,-72,19,-103
1746694954010.625,176481,1746694953991.562,-71,17,-103
1746694954030.406,176449,1746694954011.531,-84,20,-96
1746694954050.281,176422,1746694954031.281,-68,15,-109
1746694954070.125,176357,1746694954051.125,-64,19,-100
1746694954089.969,176324,1746694954071.031,-66,12,-105
1746694954109.844,176287,1746694954090.906,-68,15,-111
1746694954129.719,176279,1746694954110.75,-67,22,-111
1746694954149.594,176280,1746694954130.594,-80,23,-103
1746694954169.406,176286,1746694954150.469,-71,19,-105
1746694954189.312,176305,1746694954170.312,-72,19,-104
1746694954209.187,176329,1746694954190.187,-68,16,-129
1746694954229.031,176358,1746694954210.063,-71,14,-105
1746694954248.875,176420,1746694954229.906,-77,15,-109
1746694954268.781,176438,1746694954249.781,-80,16,-96
1746694954288.625,176454,1746694954269.656,-68,25,-96
1746694954308.5,176473,1746694954289.531,-72,15,-96
1746694954328.344,176508,1746694954309.438,-77,22,-96
1746694954348.219,176528,1746694954329.281,-64,23,-96
1746694954368.062,176535,1746694954349.094,-77,19,-101
1746694954387.938,176549,1746694954368.938,-80,20,-96
1746694954407.781,176560,1746694954388.844,-69,17,-96
1746694954427.687,176569,1746694954408.687,-72,16,-104
1746694954447.531,176576,1746694954428.531,-72,24,-100
1746694954467.406,176593,1746694954448.406,-65,11,-109
1746694954487.25,176600,1746694954468.281,-68,20,-106
1746694954507.094,176589,1746694954488.156,-76,19,-109
1746694954526.969,176606,1746694954507.969,-77,19,-109
1746694954546.844,176591,1746694954527.844,-66,28,-108
1746694954566.719,176586,1746694954547.75,-68,15,-111
1746694954586.563,176592,1746694954567.625,-72,17,-111
1746694954606.437,176571,1746694954587.406,-64,23,-94
1746694954626.281,176533,1746694954607.281,-68,22,-104
1746694954646.125,176528,1746694954627.188,-77,19,-96
1746694954666.0308,176525,1746694954647.031,-80,19,-109
1746694954685.906,176519,1746694954666.906,-73,20,-96
1746694954705.719,176547,1746694954686.75,-67,16,-104
1746694954725.625,176579,1746694954706.625,-64,16,-96
1746694954745.5,176606,1746694954726.5,-72,19,-104
1746694954765.375,176655,1746694954746.344,-68,16,-104
1746694954785.219,176708,1746694954766.25,-68,27,-96
1746694954805.094,176740,1746694954786.125,-76,16,-109
1746694954824.938,176727,1746694954805.969,-57,16,-111
1746694954844.812,176668,1746694954825.812,-69,24,-100
1746694954864.687,176554,1746694954845.719,-80,23,-96
1746694954884.594,176406,1746694954865.563,-73,31,-99
1746694954904.469,176280,1746694954885.469,-79,24,-96
1746694954924.344,176158,1746694954905.344,-71,23,-109
1746694954944.187,176043,1746694954925.25,-66,9,-108
1746694954964.063,175983,1746694954945.094,-68,16,-96
1746694954983.906,175941,1746694954964.938,-77,12,-103
1746694955003.781,175939,1746694954984.781,-69,14,-97
1746694955023.656,175939,1746694955004.687,-70,15,-96
1746694955043.5,175947,1746694955024.531,-80,15,-103
1746694955063.375,175930,1746694955044.344,-72,16,-96
1746694955083.25,175933,1746694955064.25,-77,19,-96
1746694955103.062,175935,1746694955084.125,-68,17,-96
1746694955122.937,175919,1746694955103.969,-82,15,-109
1746694955142.844,175892,1746694955123.844,-74,18,-109
1746694955162.688,175850,1746694955143.687,-64,23,-100
1746694955182.562,175791,1746694955163.531,-72,15,-104
1746694955202.406,175677,1746694955183.438,-65,16,-100
1746694955222.281,175602,1746694955203.281,-66,12,-109
1746694955242.156,175540,1746694955223.156,-68,19,-111
1746694955262.0,175470,1746694955243.062,-66,24,-105
1746694955281.875,175425,1746694955262.938,-73,29,-103
1746694955301.75,175399,1746694955282.75,-77,19,-103
1746694955321.594,175380,1746694955302.625,-69,22,-109
1746694955341.469,175354,1746694955322.531,-79,16,-111
1746694955361.344,175348,1746694955342.375,-73,19,-96
1746694955381.188,175361,1746694955362.219,-80,19,-96
1746694955401.031,175365,1746694955382.063,-80,17,-110
1746694955420.875,175369,1746694955401.937,-66,22,-96
1746694955440.75,175354,1746694955421.75,-65,20,-104
1746694955460.656,175368,1746694955441.719,-68,20,-109
1746694955480.469,175364,1746694955461.531,-68,19,-109
1746694955500.344,175376,1746694955481.406,-80,19,-96
1746694955520.219,175383,1746694955501.25,-72,17,-96
1746694955540.094,175390,1746694955521.094,-65,19,-103
1746694955559.969,175418,1746694955541.0,-64,12,-96
1746694955579.781,175431,1746694955560.812,-77,22,-98
1746694955599.656,175478,1746694955580.687,-80,16,-104
1746694955619.5,175505,1746694955600.531,-53,22,-104
1746694955639.438,175554,1746694955620.375,-71,20,-109
1746694955659.219,175616,1746694955640.344,-70,15,-96
1746694955679.094,175659,1746694955660.125,-80,13,-116
1746694955699.031,175705,1746694955679.969,-76,15,-103
1746694955718.781,175734,1746694955699.844,-67,15,-100
1746694955738.688,175779,1746694955719.719,-77,20,-105
1746694955758.531,175804,1746694955739.562,-73,19,-109
1746694955778.406,175849,1746694955759.375,-68,15,-100
1746694955798.25,175885,1746694955779.406,-73,23,-96
1746694955818.094,175932,1746694955799.156,-65,16,-96
1746694955837.969,175976,1746694955819.0,-74,22,-112
1746694955857.844,175978,1746694955838.844,-65,19,-109
1746694955877.781,176053,1746694955858.687,-71,16,-104
1746694955897.531,176065,1746694955878.688,-80,19,-112
1746694955917.375,176067,1746694955898.406,-71,14,-96
1746694955937.281,176020,1746694955918.281,-65,22,-104
1746694955957.094,175934,1746694955938.125,-77,14,-104
1746694955976.938,175800,1746694955958.0,-78,16,-96
1746694955996.906,175674,1746694955977.844,-78,16,-96
1746694956016.687,175528,1746694955997.687,-80,15,-106
1746694956036.531,175449,1746694956017.562,-80,15,-109
1746694956056.375,175386,1746694956037.406,-69,15,-109
1746694956076.219,175396,1746694956057.25,-72,19,-96
1746694956096.094,175451,1746694956077.094,-66,24,-109
1746694956115.906,175534,1746694956096.969,-68,22,-96
1746694956135.781,175607,1746694956116.875,-66,19,-109
1746694956155.656,175667,1746694956136.688,-69,17,-96
1746694956175.5,175741,1746694956156.531,-77,19,-104
1746694956195.344,175791,1746694956176.375,-75,20,-109
1746694956215.219,175845,1746694956196.281,-73,19,-105
1746694956235.063,175845,1746694956216.125,-66,16,-96
1746694956254.906,175866,1746694956235.906,-68,17,-104
1746694956274.75,175838,1746694956255.781,-65,15,-96
1746694956294.625,175829,1746694956275.656,-77,22,-109
1746694956314.5,175811,1746694956295.531,-69,20,-100
1746694956334.344,175797,1746694956315.375,-66,20,-96
1746694956354.188,175807,1746694956335.219,-80,15,-105
1746694956374.062,175795,1746694956355.062,-65,19,-104
1746694956393.906,175836,1746694956375.0,-77,16,-96
1746694956413.8132,175854,1746694956394.813,-63,7,-113
1746694956433.625,175907,1746694956414.688,-66,17,-96
1746694956453.469,175960,1746694956434.562,-71,17,-96
1746694956473.375,176012,1746694956454.406,-76,19,-96
1746694956493.281,176046,1746694956474.25,-74,19,-104
1746694956513.188,176091,1746694956494.1558,-75,18,-109
1746694956533.0,176147,1746694956514.094,-66,16,-96
1746694956552.906,176202,1746694956533.875,-77,19,-105
1746694956572.75,176238,1746694956553.781,-68,16,-113
1746694956592.625,176288,1746694956573.594,-72,20,-100
1746694956612.531,176304,1746694956593.531,-70,19,-109
1746694956632.437,176340,1746694956613.437,-63,17,-105
1746694956652.313,176368,1746694956633.313,-65,12,-96
1746694956672.156,176390,1746694956653.188,-69,15,-96
1746694956692.031,176419,1746694956673.062,-81,12,-109
1746694956711.937,176449,1746694956692.906,-71,22,-104
1746694956731.75,176473,1746694956712.813,-71,15,-109
1746694956751.625,176512,1746694956732.656,-79,15,-105
1746694956771.531,176552,1746694956752.5,-63,22,-109
1746694956791.437,176583,1746694956772.406,-66,19,-96
1746694956811.25,176617,1746694956792.313,-76,9,-80
1746694956831.125,176632,1746694956812.156,-77,19,-96
1746694956850.969,176678,1746694956832.031,-82,18,-109
1746694956870.844,176699,1746694956851.844,-70,15,-111
1746694956890.688,176748,1746694956871.75,-71,20,-105
1746694956910.625,176793,1746694956891.594,-70,19,-96
1746694956930.469,176870,1746694956911.5,-82,19,-111
1746694956950.312,176911,1746694956931.344,-71,20,-109
1746694956970.125,176960,1746694956951.188,-69,15,-109
1746694956990.0,176898,1746694956971.031,-82,19,-111
1746694957009.875,176817,1746694956990.906,-73,17,-112
1746694957029.75,176697,1746694957010.781,-61,19,-96
1746694957049.594,176556,1746694957030.625,-77,12,-109
1746694957069.469,176411,1746694957050.531,-66,20,-96
1746694957089.313,176296,1746694957070.344,-80,19,-109
1746694957109.219,176210,1746694957090.219,-68,15,-96
1746694957129.031,176149,1746694957110.094,-82,19,-101
1746694957148.906,176118,1746694957129.969,-70,32,-105
1746694957168.75,176122,1746694957149.781,-77,12,-96
1746694957188.625,176131,1746694957169.656,-74,15,-96
1746694957208.469,176109,1746694957189.5,-77,22,-104
1746694957228.313,176143,1746694957209.375,-68,22,-96
1746694957248.188,176140,1746694957229.188,-68,20,-96
1746694957268.0308,176187,1746694957249.156,-70,20,-111
1746694957287.906,176181,1746694957268.937,-66,17,-109
1746694957307.75,176182,1746694957288.781,-72,13,-109
1746694957327.625,176156,1746694957308.625,-80,19,-96
1746694957347.469,176102,1746694957328.5,-72,24,-107
1746694957367.312,176108,1746694957348.344,-64,24,-105
1746694957387.187,176078,1746694957368.219,-77,16,-96
1746694957407.031,176057,1746694957388.031,-76,16,-109
1746694957426.875,176055,1746694957407.906,-66,19,-96
1746694957446.719,176042,1746694957427.75,-79,19,-101
1746694957466.594,176044,1746694957447.625,-80,19,-96
1746694957486.469,176054,1746694957467.5,-72,0,-104
1746694957506.313,176080,1746694957487.344,-74,20,-109
1746694957526.156,176095,1746694957507.187,-64,14,-104
1746694957546.031,176103,1746694957527.062,-66,20,-113
1746694957565.906,176129,1746694957546.906,-67,16,-96
1746694957585.781,176130,1746694957566.813,-64,15,-109
1746694957605.625,176159,1746694957586.656,-64,22,-96
1746694957625.5,176191,1746694957606.562,-69,19,-106
1746694957645.375,176233,1746694957626.375,-76,15,-111
1746694957665.219,176246,1746694957646.313,-64,19,-96
1746694957685.063,176272,1746694957666.094,-68,19,-96
1746694957704.937,176288,1746694957685.969,-80,12,-96
1746694957724.812,176298,1746694957705.812,-76,17,-105
1746694957744.688,176317,1746694957725.688,-69,15,-96
1746694957764.563,176330,1746694957745.594,-76,17,-109
1746694957784.406,176337,1746694957765.4368,-65,20,-100
1746694957804.281,176341,1746694957785.281,-77,22,-96
1746694957824.156,176356,1746694957805.156,-66,30,-107
1746694957844.031,176357,1746694957825.031,-77,17,-96
1746694957863.875,176329,1746694957844.969,-84,23,-105
1746694957883.75,176315,1746694957864.75,-68,28,-105
1746694957903.594,176311,1746694957884.625,-72,17,-105
1746694957923.438,176306,1746694957904.469,-68,15,-104
1746694957943.312,176288,1746694957924.344,-64,22,-96
1746694957963.187,176293,1746694957944.219,-72,23,-96
1746694957983.031,176324,1746694957964.063,-70,19,-96
1746694958002.844,176345,1746694957984.031,-80,19,-96
1746694958022.719,176326,1746694958003.781,-72,23,-96
1746694958042.562,176355,1746694958023.625,-73,19,-106
1746694958062.469,176326,1746694958043.437,-81,15,-104
1746694958082.313,176234,1746694958063.375,-71,17,-105
1746694958102.156,176144,1746694958083.219,-62,19,-96
1746694958122.031,176013,1746694958103.031,-77,15,-96
1746694958141.906,175866,1746694958122.937,-68,20,-106
1746694958161.719,175742,1746694958142.781,-81,32,-129
1746694958181.563,175641,1746694958162.625,-63,22,-109
1746694958201.5,175554,1746694958182.469,-66,19,-96
1746694958221.281,175483,1746694958202.312,-80,3,-100
1746694958241.156,175440,1746694958222.188,-65,17,-96
1746694958261.0,175373,1746694958242.063,-72,17,-96
1746694958280.875,175350,1746694958261.875,-73,24,-113
1746694958300.75,175335,1746694958281.75,-77,22,-96
1746694958320.5618,175269,1746694958301.625,-80,15,-101
1746694958340.438,175273,1746694958321.5,-77,19,-109
1746694958360.344,175283,1746694958341.313,-71,15,-105
1746694958380.187,175264,1746694958361.219,-82,23,-103
1746694958400.062,175213,1746694958381.094,-68,16,-96
1746694958419.938,175178,1746694958400.969,-69,19,-96
1746694958439.781,175125,1746694958420.813,-77,19,-105
1746694958459.656,175064,1746694958440.687,-68,15,-96
1746694958479.562,175025,1746694958460.562,-68,16,-96
1746694958499.406,174957,1746694958480.438,-64,14,-100
1746694958519.281,174950,1746694958500.281,-74,17,-98
1746694958539.094,174922,1746694958520.156,-73,19,-96
1746694958558.937,174892,1746694958539.969,-71,9,-96
1746694958578.938,174895,1746694958559.875,-72,16,-96
1746694958598.688,174884,1746694958579.813,-80,17,-105
1746694958618.531,174926,1746694958599.562,-73,15,-113
1746694958638.375,174960,1746694958619.437,-68,20,-103
1746694958658.25,175019,1746694958639.313,-57,14,-96
1746694958678.125,175048,1746694958659.094,-71,22,-109
1746694958697.938,175096,1746694958679.0,-80,19,-105
1746694958717.781,175155,1746694958698.875,-80,22,-96
1746694958737.656,175232,1746694958718.687,-71,19,-105
1746694958757.531,175248,1746694958738.531,-72,16,-109
1746694958777.344,175308,1746694958758.406,-80,18,-109
1746694958797.219,175369,1746694958778.219,-72,24,-103
1746694958817.062,175452,1746694958798.094,-68,17,-96
1746694958836.906,175534,1746694958817.938,-64,19,-96
1746694958856.781,175584,1746694958837.813,-68,28,-96
1746694958876.625,175575,1746694958857.687,-69,19,-96
1746694958896.4692,175576,1746694958877.5,-64,25,-104
1746694958916.344,175578,1746694958897.375,-68,19,-105
1746694958936.188,175579,1746694958917.219,-84,16,-96
1746694958956.031,175545,1746694958937.094,-79,28,-103
1746694958975.906,175548,1746694958956.937,-72,19,-104
1746694958995.781,175596,1746694958976.8118,-69,17,-96
1746694959015.625,175646,1746694958996.656,-73,19,-94
1746694959035.5,175711,1746694959016.563,-68,22,-96
1746694959055.344,175795,1746694959036.406,-72,16,-96
1746694959075.219,175883,1746694959056.312,-68,17,-96
1746694959095.031,175955,1746694959076.094,-71,17,-96
1746694959114.906,176010,1746694959095.938,-69,19,-103
1746694959134.7808,176029,1746694959115.844,-71,16,-109
1746694959154.719,175990,1746694959135.656,-68,19,-104
1746694959174.5,175888,1746694959155.594,-68,22,-96
1746694959194.375,175777,1746694959175.406,-73,22,-96
1746694959214.219,175690,1746694959195.281,-80,20,-96
1746694959234.125,175617,1746694959215.125,-71,14,-109
1746694959253.937,175587,1746694959235.0,-68,17,-106
1746694959273.813,175612,1746694959254.844,-80,15,-104
1746694959293.656,175640,1746694959274.719,-90,9,-105
1746694959313.562,175689,1746694959294.562,-79,20,-96
1746694959333.437,175761,1746694959314.406,-74,16,-96
1746694959353.281,175782,1746694959334.313,-80,15,-96
1746694959373.125,175831,1746694959354.156,-84,19,-96
1746694959392.969,175876,1746694959374.0,-66,17,-96
1746694959412.812,175927,1746694959393.875,-77,17,-96
1746694959432.687,175964,1746694959413.75,-64,15,-96
1746694959452.531,175968,1746694959433.563,-76,17,-109
1746694959472.406,175986,1746694959453.438,-68,14,-109
1746694959492.25,175997,1746694959473.25,-66,19,-96
1746694959512.094,176033,1746694959493.156,-66,15,-109
1746694959531.969,176041,1746694959512.969,-77,24,-104
1746694959551.875,176075,1746694959532.844,-77,15,-96
1746694959571.656,176142,1746694959552.75,-76,15,-89
1746694959591.531,176213,1746694959572.562,-71,16,-98
1746694959611.375,176264,1746694959592.438,-74,19,-96
1746694959631.281,176306,1746694959612.25,-77,36,-96
1746694959651.094,176376,1746694959632.125,-74,19,-104
1746694959671.0,176408,1746694959652.0,-68,15,-99
1746694959690.844,176432,1746694959671.875,-64,15,-104
1746694959710.719,176441,1746694959691.719,-80,19,-96
1746694959730.563,176463,1746694959711.594,-73,19,-96
1746694959750.406,176460,1746694959731.437,-68,22,-105
1746694959770.281,176488,1746694959751.281,-67,16,-109
1746694959790.125,176488,1746694959771.156,-66,22,-96
1746694959810.0,176511,1746694959791.0,-84,15,-96
1746694959829.875,176499,1746694959810.906,-74,17,-104
1746694959849.719,176531,1746694959830.75,-68,20,-90
1746694959869.594,176533,1746694959850.625,-81,15,-110
1746694959889.438,176571,1746694959870.438,-69,16,-104
1746694959909.312,176615,1746694959890.312,-69,19,-104
1746694959929.187,176650,1746694959910.187,-69,15,-96
1746694959949.063,176728,1746694959930.063,-80,17,-96
1746694959968.875,176794,1746694959949.938,-81,11,-96
1746694959988.75,176804,1746694959969.812,-65,19,-113
1746694960008.656,176824,1746694959989.625,-67,11,-96
1746694960028.469,176849,1746694960009.531,-68,15,-104
1746694960048.344,176878,1746694960029.375,-69,19,-105
1746694960068.188,176892,1746694960049.25,-79,16,-96
1746694960088.031,176930,1746694960069.062,-80,16,-116
1746694960107.906,176966,1746694960088.937,-73,22,-96
1746694960127.719,176961,1746694960108.813,-72,16,-96
1746694960147.594,176955,1746694960128.656,-68,14,-96
1746694960167.469,176881,1746694960148.469,-69,14,-96
1746694960187.3118,176758,1746694960168.344,-71,17,-105
1746694960207.156,176622,1746694960188.188,-69,19,-112
1746694960227.0,176474,1746694960208.063,-65,19,-104
1746694960246.844,176314,1746694960227.875,-77,24,-96
1746694960266.719,176204,1746694960247.719,-77,17,-96
1746694960286.531,176120,1746694960267.594,-65,15,-104
1746694960306.406,176072,1746694960287.469,-71,19,-109
1746694960326.25,176041,1746694960307.281,-72,24,-108
1746694960346.125,176009,1746694960327.125,-74,15,-96
1746694960365.937,176014,1746694960346.969,-72,15,-104
1746694960385.812,175976,1746694960366.844,-72,16,-104
1746694960405.656,175975,1746694960386.719,-72,24,-105
1746694960425.5,175978,1746694960406.531,-66,20,-121
1746694960445.344,176007,1746694960426.406,-72,19,-105
1746694960465.156,175976,1746694960446.25,-69,16,-104
1746694960485.063,175968,1746694960466.063,-79,17,-96
1746694960504.938,175912,1746694960485.938,-80,20,-94
1746694960524.719,175883,1746694960505.781,-70,15,-96
1746694960544.594,175852,1746694960525.656,-63,23,-105
1746694960564.437,175792,1746694960545.5,-77,16,-96
1746694960584.313,175742,1746694960565.344,-77,20,-101
1746694960604.156,175701,1746694960585.219,-77,31,-106
1746694960624.0,175665,1746694960605.094,-72,17,-96
1746694960643.875,175646,1746694960624.937,-81,24,-96
1746694960663.719,175615,1746694960644.75,-77,19,-100
1746694960683.563,175586,1746694960664.625,-66,16,-96
1746694960703.406,175575,1746694960684.438,-80,24,-112
1746694960723.281,175559,1746694960704.281,-65,23,-112
1746694960743.125,175577,1746694960724.156,-64,16,-112
1746694960763.0,175573,1746694960744.0,-64,16,-105
1746694960782.813,175579,1746694960763.875,-71,15,-105
1746694960802.656,175611,1746694960783.719,-81,12,-96
1746694960822.562,175634,1746694960803.531,-69,15,-96
1746694960842.406,175645,1746694960823.438,-72,19,-109
1746694960862.219,175683,1746694960843.281,-72,19,-106
1746694960882.094,175714,1746694960863.125,-79,18,-96
1746694960901.937,175751,1746694960883.0,-74,19,-106
1746694960921.812,175784,1746694960902.812,-69,19,-112
1746694960941.656,175794,1746694960922.656,-68,27,-100
1746694960961.5,175812,1746694960942.563,-65,17,-96
1746694960981.344,175836,1746694960962.375,-57,17,-109
1746694961001.219,175857,1746694960982.219,-71,15,-98
1746694961021.031,175859,1746694961002.125,-72,22,-109
1746694961040.906,175849,1746694961021.969,-81,27,-105
1746694961060.781,175840,1746694961041.781,-71,15,-96
1746694961080.656,175798,1746694961061.656,-76,22,-109
1746694961100.469,175781,1746694961081.469,-71,3,-113
1746694961120.344,175774,1746694961101.344,-72,22,-104
1746694961140.188,175779,1746694961121.219,-71,20,-108
1746694961160.062,175780,1746694961141.062,-66,23,-112
1746694961179.906,175776,1746694961160.937,-80,23,-96
1746694961199.75,175768,1746694961180.781,-72,17,-109
1746694961219.625,175696,1746694961200.656,-76,19,-96
1746694961239.5,175571,1746694961220.5,-72,19,-96
1746694961259.312,175376,1746694961240.375,-72,16,-96
1746694961279.156,175234,1746694961260.219,-64,19,-112
1746694961299.063,175067,1746694961280.063,-74,22,-96
1746694961318.875,174938,1746694961299.906,-64,23,-109
1746694961338.719,174867,1746694961319.75,-68,24,-101
1746694961358.594,174829,1746694961339.625,-77,16,-96
1746694961378.438,174818,1746694961359.469,-67,22,-96
1746694961398.344,174849,1746694961379.344,-73,19,-96
1746694961418.156,174831,1746694961399.219,-80,15,-96
1746694961438.031,174840,1746694961419.062,-64,15,-95
1746694961457.969,174862,1746694961438.938,-72,15,-96
1746694961477.813,174892,1746694961458.813,-68,15,-109
1746694961497.656,174915,1746694961478.687,-76,14,-94
1746694961517.531,174920,1746694961498.594,-74,20,-96
1746694961537.406,174891,1746694961518.406,-69,19,-117
1746694961557.281,174901,1746694961538.281,-72,15,-109
1746694961577.187,174854,1746694961558.187,-71,19,-112
1746694961597.031,174807,1746694961578.062,-70,15,-96
1746694961616.906,174753,1746694961597.906,-64,15,-96
1746694961636.75,174683,1746694961617.781,-71,15,-104
1746694961656.594,174640,1746694961637.656,-77,14,-105
1746694961676.437,174571,1746694961657.5,-66,16,-109
1746694961696.344,174518,1746694961677.344,-68,19,-96
1746694961716.156,174464,1746694961697.219,-49,19,-111
1746694961736.063,174426,1746694961717.094,-80,15,-100
1746694961755.937,174363,1746694961736.969,-80,24,-96
1746694961775.781,174330,1746694961756.813,-77,27,-106
1746694961795.625,174308,1746694961776.688,-76,15,-96
1746694961815.594,174285,1746694961796.531,-77,17,-104
1746694961835.406,174272,1746694961816.406,-73,11,-105
1746694961855.313,174256,1746694961836.344,-68,18,-109
1746694961875.125,174252,1746694961856.188,-63,20,-109
1746694961895.0,174241,1746694961876.031,-77,17,-103
1746694961914.875,174259,1746694961895.906,-72,16,-106
1746694961934.75,174256,1746694961915.781,-71,6,-98
1746694961954.594,174238,1746694961935.625,-72,16,-105
1746694961974.469,174238,1746694961955.5308,-77,20,-105
1746694961994.344,174255,1746694961975.375,-68,14,-90
1746694962014.281,174267,1746694961995.25,-68,13,-96
1746694962034.188,174311,1746694962015.156,-77,15,-96
1746694962054.0,174340,1746694962035.094,-82,19,-109
1746694962073.875,174373,1746694962054.844,-73,16,-111
1746694962093.75,174427,1746694962074.75,-71,22,-109
1746694962113.563,174462,1746694962094.625,-69,24,-112
1746694962133.438,174511,1746694962114.469,-68,19,-100
1746694962153.281,174553,1746694962134.312,-72,16,-101
1746694962173.156,174591,1746694962154.156,-79,22,-109
1746694962193.0,174667,1746694962174.063,-72,16,-96
1746694962212.875,174721,1746694962193.938,-71,19,-96
1746694962232.75,174773,1746694962213.75,-80,7,-113
1746694962252.594,174837,1746694962233.656,-70,16,-96
1746694962272.469,174883,1746694962253.5,-62,14,-96
1746694962292.344,174873,1746694962273.375,-71,18,-112
1746694962312.219,174804,1746694962293.219,-67,14,-96
1746694962332.031,174735,1746694962313.094,-80,18,-96
1746694962351.938,174613,1746694962332.938,-65,16,-104
1746694962371.813,174498,1746694962352.844,-65,19,-111
1746694962391.656,174438,1746694962372.687,-84,22,-96
1746694962411.5,174394,1746694962392.562,-68,24,-109
1746694962431.406,174398,1746694962412.438,-73,20,-96
1746694962451.25,174428,1746694962432.281,-62,14,-104
1746694962471.1558,174479,1746694962452.125,-65,18,-96
1746694962491.0,174562,1746694962472.031,-71,14,-96
1746694962510.844,174636,1746694962491.906,-80,24,-111
1746694962530.75,174721,1746694962511.719,-68,22,-96
1746694962550.656,174784,1746694962531.625,-65,19,-96
1746694962570.469,174839,1746694962551.531,-82,15,-96
1746694962590.344,174874,1746694962571.406,-74,22,-96
1746694962610.188,174902,1746694962591.219,-79,16,-96
1746694962630.063,174913,1746694962611.063,-68,24,-110
1746694962649.906,174908,1746694962630.969,-67,20,-105
1746694962669.75,174900,1746694962650.75,-66,16,-100
1746694962689.625,174896,1746694962670.656,-71,19,-109
1746694962709.469,174911,1746694962690.5,-71,19,-96
1746694962729.25,174939,1746694962710.344,-68,12,-109
1746694962749.125,174969,1746694962730.156,-79,19,-109
1746694962769.0,175007,1746694962750.031,-64,18,-96
1746694962788.875,175085,1746694962769.875,-77,19,-96
1746694962808.688,175164,1746694962789.75,-72,17,-105
1746694962828.531,175215,1746694962809.594,-68,17,-104
1746694962848.375,175297,1746694962829.406,-73,17,-109
1746694962868.25,175360,1746694962849.25,-80,19,-105
1746694962888.063,175399,1746694962869.125,-80,16,-109
1746694962907.906,175433,1746694962888.969,-70,11,-105
1746694962927.781,175519,1746694962908.844,-68,16,-96
1746694962947.656,175576,1746694962928.656,-75,17,-109
1746694962967.5,175644,1746694962948.531,-77,19,-104
1746694962987.375,175695,1746694962968.406,-64,15,-96
1746694963007.187,175746,1746694962988.25,-78,14,-104
1746694963027.062,175798,1746694963008.0618,-76,22,-96
1746694963046.906,175867,1746694963027.969,-65,20,-96
1746694963066.75,175925,1746694963047.813,-66,17,-109
1746694963086.625,175974,1746694963067.656,-53,19,-105
1746694963106.5,176002,1746694963087.531,-68,17,-96
1746694963126.312,176029,1746694963107.375,-80,15,-96
1746694963146.188,176066,1746694963127.25,-65,25,-96
1746694963166.063,176103,1746694963147.063,-67,17,-103
1746694963185.906,176129,1746694963166.937,-39,16,-96
1746694963205.781,176157,1746694963186.812,-80,20,-98
1746694963225.656,176189,1746694963206.688,-85,20,-96
1746694963245.5,176210,1746694963226.562,-89,27,-96
1746694963265.375,176165,1746694963246.375,-77,20,-109
1746694963285.25,176088,1746694963266.281,-65,25,-109
1746694963305.094,175947,1746694963286.125,-82,15,-94
1746694963324.969,175811,1746694963305.969,-79,15,-96
1746694963344.812,175721,1746694963325.844,-74,23,-113
1746694963364.687,175630,1746694963345.687,-65,19,-112
1746694963384.531,175539,1746694963365.594,-71,17,-109
1746694963404.469,175479,1746694963385.406,-78,15,-104
1746694963424.25,175483,1746694963405.344,-82,19,-93
1746694963444.094,175489,1746694963425.125,-72,16,-104
1746694963463.969,175503,1746694963445.0,-65,16,-111
1746694963483.844,175492,1746694963464.844,-72,21,-109
1746694963503.719,175518,1746694963484.75,-69,14,-96
1746694963523.562,175544,1746694963504.594,-61,22,-104
1746694963543.469,175559,1746694963524.469,-77,16,-109
1746694963563.344,175554,1746694963544.344,-77,16,-104
1746694963583.188,175547,1746694963564.25,-73,17,-109
1746694963603.031,175523,1746694963584.062,-71,17,-96
1746694963623.031,175496,1746694963603.937,-69,22,-104
1746694963642.781,175465,1746694963623.75,-66,16,-106
1746694963662.625,175428,1746694963643.656,-72,17,-109
1746694963682.469,175377,1746694963663.531,-65,19,-109
1746694963702.344,175380,1746694963683.375,-77,19,-108
1746694963722.219,175376,1746694963703.219,-77,19,-96
1746694963742.063,175406,1746694963723.063,-66,23,-94
1746694963761.906,175422,1746694963742.969,-77,20,-111
1746694963781.781,175428,1746694963762.844,-84,22,-96
1746694963801.656,175436,1746694963782.625,-71,20,-104
1746694963821.531,175464,1746694963802.531,-57,17,-104
1746694963841.406,175470,1746694963822.406,-68,16,-111
1746694963861.25,175513,1746694963842.281,-71,14,-104
1746694963881.125,175538,1746694963862.125,-65,26,-104
1746694963901.031,175565,1746694963881.969,-65,19,-112
1746694963920.844,175575,1746694963901.906,-88,22,-111
1746694963940.719,175580,1746694963921.75,-66,20,-106
1746694963960.562,175587,1746694963941.594,-66,16,-96
1746694963980.438,175594,1746694963961.438,-79,25,-109
1746694964000.281,175623,1746694963981.313,-80,19,-106
1746694964020.125,175651,1746694964001.187,-80,19,-96
1746694964039.969,175669,1746694964020.969,-79,13,-100
1746694964059.813,175641,1746694964040.813,-73,20,-96
1746694964079.625,175663,1746694964060.688,-64,17,-100
1746694964099.531,175645,1746694964080.5308,-68,24,-109
1746694964119.406,175652,1746694964100.406,-71,16,-103
1746694964139.25,175669,1746694964120.281,-68,15,-96
1746694964159.094,175667,1746694964140.156,-72,20,-96
1746694964178.969,175681,1746694964160.0,-74,19,-96
1746694964198.781,175696,1746694964179.844,-72,19,-105
1746694964218.687,175677,1746694964199.656,-82,23,-109
1746694964238.5,175656,1746694964219.563,-81,23,-96
1746694964258.406,175591,1746694964239.438,-68,25,-105
1746694964278.25,175463,1746694964259.25,-77,21,-100
1746694964298.094,175308,1746694964279.125,-80,19,-96
1746694964317.906,175152,1746694964298.969,-53,16,-96
1746694964337.75,175018,1746694964318.813,-77,17,-103
1746694964357.656,174922,1746694964338.656,-76,22,-96
1746694964377.5,174826,1746694964358.531,-77,15,-96
1746694964397.344,174772,1746694964378.406,-68,19,-96
1746694964417.219,174757,1746694964398.281,-73,19,-96
1746694964437.125,174765,1746694964418.094,-71,16,-98
1746694964456.969,174753,1746694964438.031,-79,21,-105
1746694964476.8118,174758,1746694964457.844,-64,20,-111
1746694964496.656,174767,1746694964477.719,-68,19,-109
1746694964516.531,174761,1746694964497.563,-74,17,-96
1746694964536.406,174763,1746694964517.406,-71,16,-96
1746694964556.25,174715,1746694964537.281,-73,19,-96
1746694964576.219,174678,1746694964557.156,-72,17,-96
1746694964595.938,174611,1746694964577.094,-77,19,-96
1746694964615.813,174551,1746694964596.844,-68,15,-111
1746694964635.656,174446,1746694964616.687,-67,16,-104
1746694964655.5,174410,1746694964636.563,-77,10,-105
1746694964675.406,174344,1746694964656.375,-79,19,-110
1746694964695.312,174304,1746694964676.281,-80,19,-96
1746694964715.062,174268,1746694964696.125,-65,15,-97
1746694964734.937,174254,1746694964715.937,-72,24,-104
1746694964754.781,174250,1746694964735.813,-68,20,-100
1746694964774.656,174257,1746694964755.688,-68,16,-104
1746694964794.5,174265,1746694964775.5,-66,20,-104
1746694964814.344,174298,1746694964795.406,-73,19,-104
1746694964834.219,174319,1746694964815.281,-82,17,-103
1746694964854.094,174359,1746694964835.094,-82,19,-96
1746694964873.875,174408,1746694964854.969,-75,22,-109
1746694964893.75,174443,1746694964874.8118,-74,24,-96
1746694964913.594,174474,1746694964894.625,-74,24,-109
1746694964933.469,174490,1746694964914.5,-89,27,-103
1746694964953.3132,174510,1746694964934.344,-71,19,-105
1746694964973.156,174535,1746694964954.219,-69,19,-109
1746694964993.031,174551,1746694964974.031,-71,15,-109
1746694965012.906,174602,1746694964993.906,-69,20,-113
1746694965032.75,174652,1746694965013.781,-68,22,-96
1746694965052.594,174703,1746694965033.625,-88,23,-104
1746694965072.469,174747,1746694965053.469,-77,22,-101
1746694965092.312,174808,1746694965073.344,-84,17,-96
1746694965112.188,174871,1746694965093.219,-71,16,-97
1746694965132.063,174891,1746694965113.094,-66,17,-109
1746694965151.906,174929,1746694965132.937,-72,15,-96
1746694965171.781,174944,1746694965152.781,-72,18,-96
1746694965191.625,175001,1746694965172.656,-71,16,-96
1746694965211.469,175036,1746694965192.563,-69,19,-111
1746694965231.375,175061,1746694965212.406,-82,24,-104
1746694965251.281,175117,1746694965232.281,-68,20,-105
1746694965271.094,175158,1746694965252.156,-77,22,-96
1746694965290.938,175195,1746694965272.0,-72,21,-96
1746694965310.781,175228,1746694965291.812,-68,19,-109
1746694965330.656,175190,1746694965311.687,-79,15,-101
1746694965350.469,175122,1746694965331.531,-68,16,-90
1746694965370.313,174999,1746694965351.406,-79,19,-96
1746694965390.188,174875,1746694965371.219,-85,38,-96
1746694965410.031,174739,1746694965391.062,-79,16,-109
1746694965429.969,174626,1746694965410.906,-72,14,-104
1746694965449.719,174573,1746694965430.75,-71,11,-99
1746694965469.594,174573,1746694965450.594,-79,17,-109
1746694965489.438,174617,1746694965470.469,-69,25,-96
1746694965509.281,174701,1746694965490.312,-71,22,-111
1746694965529.156,174788,1746694965510.219,-68,19,-106
1746694965549.063,174863,1746694965530.031,-68,19,-104
1746694965568.875,174918,1746694965549.969,-72,19,-103
1746694965588.719,174983,1746694965569.781,-76,24,-105
1746694965608.562,175052,1746694965589.625,-72,24,-96
1746694965628.438,175084,1746694965609.438,-70,20,-96
1746694965648.281,175097,1746694965629.281,-68,14,-109
1746694965668.156,175096,1746694965649.125,-60,19,-100
1746694965687.937,175091,1746694965669.0,-80,17,-98
1746694965707.781,175090,1746694965688.812,-80,17,-103
1746694965727.625,175078,1746694965708.625,-69,23,-100
1746694965747.469,175055,1746694965728.5,-68,18,-93
1746694965767.406,175080,1746694965748.344,-71,19,-100
1746694965787.187,175136,1746694965768.219,-81,11,-109
1746694965807.062,175206,1746694965788.125,-69,15,-106
1746694965826.906,175270,1746694965807.938,-69,20,-96
1746694965846.781,175347,1746694965827.812,-79,19,-103
1746694965866.625,175421,1746694965847.656,-78,22,-96
1746694965886.5,175465,1746694965867.5,-69,19,-109
1746694965906.281,175552,1746694965887.375,-80,22,-104
1746694965926.156,175576,1746694965907.188,-69,13,-96
1746694965945.969,175627,1746694965927.062,-80,19,-96
1746694965965.844,175685,1746694965946.812,-66,24,-104
1746694965985.687,175742,1746694965966.719,-72,15,-109
1746694966005.563,175800,1746694965986.625,-64,15,-109
1746694966025.4058,175855,1746694966006.438,-70,17,-98
1746694966045.25,175900,1746694966026.312,-68,20,-96
1746694966065.094,175920,1746694966046.125,-83,20,-96
1746694966084.938,175941,1746694966066.0,-82,16,-93
1746694966104.813,175980,1746694966085.844,-71,17,-104
1746694966124.687,176046,1746694966105.687,-76,15,-93
1746694966144.531,176112,1746694966125.562,-65,16,-96
1746694966164.375,176164,1746694966145.438,-70,19,-96
1746694966184.25,176260,1746694966165.281,-81,19,-105
1746694966204.125,176311,1746694966185.125,-80,19,-96
1746694966223.937,176372,1746694966205.0,-72,15,-105
1746694966243.812,176454,1746694966224.844,-67,22,-96
1746694966263.688,176474,1746694966244.719,-73,20,-96
1746694966283.563,176537,1746694966264.563,-68,17,-104
1746694966303.375,176587,1746694966284.406,-81,20,-111
1746694966323.375,176655,1746694966304.312,-74,24,-96
1746694966343.094,176694,1746694966324.25,-77,21,-96
1746694966362.969,176729,1746694966343.969,-68,3,-109
1746694966382.812,176740,1746694966363.844,-74,19,-112
1746694966402.719,176686,1746694966383.75,-64,24,-96
1746694966422.656,176611,1746694966403.625,-79,17,-101
1746694966442.5,176455,1746694966423.5,-70,19,-100
1746694966462.312,176334,1746694966443.406,-80,24,-96
1746694966482.187,176213,1746694966463.219,-83,15,-96
1746694966502.031,176088,1746694966483.063,-68,24,-98
1746694966521.875,176034,1746694966502.906,-79,22,-116
1746694966541.719,175966,1746694966522.75,-70,20,-109
1746694966561.562,175929,1746694966542.656,-73,25,-119
1746694966581.437,175908,1746694966562.469,-64,24,-103
1746694966601.281,175939,1746694966582.313,-79,20,-96
1746694966621.094,175960,1746694966602.125,-72,19,-109
1746694966640.938,175995,1746694966622.0,-77,16,-109
1746694966660.844,176051,1746694966641.844,-68,25,-109
1746694966680.625,176109,1746694966661.719,-77,23,-112
1746694966700.469,176162,1746694966681.531,-80,19,-96
1746694966720.313,176191,1746694966701.375,-61,19,-96
1746694966740.187,176181,1746694966721.219,-73,15,-109
1746694966760.031,176204,1746694966741.031,-66,15,-105
1746694966779.938,176177,1746694966760.906,-68,15,-96
1746694966799.688,176184,1746694966780.781,-76,11,-98
1746694966819.594,176169,1746694966800.625,-73,24,-109
1746694966839.437,176168,1746694966820.469,-72,15,-96
1746694966859.312,176190,1746694966840.312,-71,16,-96
1746694966879.125,176186,1746694966860.188,-80,15,-96
1746694966899.0,176186,1746694966880.0,-72,15,-100
1746694966918.844,176187,1746694966899.906,-68,19,-112
1746694966938.719,176158,1746694966919.75,-80,20,-112
1746694966958.531,176104,1746694966939.594,-68,24,-105
1746694966978.406,176123,1746694966959.438,-72,17,-96
1746694966998.25,176133,1746694966979.281,-72,15,-96
1746694967018.094,176150,1746694966999.125,-66,16,-113
1746694967037.969,176143,1746694967019.0,-73,19,-109
1746694967057.813,176154,1746694967038.875,-71,20,-111
1746694967077.688,176187,1746694967058.688,-73,25,-96
1746694967097.562,176207,1746694967078.562,-66,19,-106
1746694967117.375,176186,1746694967098.437,-64,17,-105
1746694967137.25,176189,1746694967118.313,-89,16,-109
1746694967157.094,176159,1746694967138.125,-71,19,-96
1746694967176.969,176141,1746694967158.0,-64,17,-96
1746694967196.812,176124,1746694967177.844,-73,16,-113
1746694967216.687,176093,1746694967197.719,-72,19,-96
1746694967236.531,176076,1746694967217.563,-81,14,-95
1746694967256.406,176051,1746694967237.406,-73,19,-112
1746694967276.219,176077,1746694967257.25,-72,15,-104
1746694967296.062,176085,1746694967277.125,-76,19,-103
1746694967315.938,176088,1746694967296.938,-65,19,-96
1746694967335.813,176128,1746694967316.813,-77,23,-109
1746694967355.625,176155,1746694967336.687,-80,20,-96
1746694967375.5,176181,1746694967356.531,-79,27,-101
1746694967395.344,176204,1746694967376.375,-80,23,-96
1746694967415.188,176251,1746694967396.219,-57,12,-109
1746694967435.031,176290,1746694967416.063,-72,22,-106
1746694967454.844,176331,1746694967435.937,-68,20,-109
1746694967474.719,176371,1746694967455.719,-81,15,-104
1746694967494.594,176426,1746694967475.563,-68,24,-104
1746694967514.375,176445,1746694967495.469,-68,21,-96
1746694967534.281,176463,1746694967515.281,-77,8,-97
1746694967554.156,176444,1746694967535.156,-71,14,-109
1746694967573.969,176377,1746694967555.031,-72,15,-123
1746694967593.813,176237,1746694967574.844,-77,19,-104
1746694967613.656,176094,1746694967594.719,-61,24,-104
1746694967633.531,175931,1746694967614.562,-63,21,-111
1746694967653.375,175807,1746694967634.375,-72,19,-100
1746694967673.219,175713,1746694967654.25,-68,19,-96
1746694967693.063,175673,1746694967674.125,-80,15,-96
1746694967712.938,175620,1746694967693.969,-79,24,-96
1746694967732.906,175639,1746694967713.781,-68,22,-109
1746694967752.594,175687,1746694967733.75,-76,22,-109
1746694967772.469,175695,1746694967753.5,-63,22,-98
1746694967792.313,175708,1746694967773.344,-68,15,-104
1746694967812.187,175703,1746694967793.187,-81,19,-96
1746694967832.031,175714,1746694967813.062,-72,16,-96
1746694967851.906,175694,1746694967832.938,-66,20,-112
1746694967871.75,175665,1746694967852.75,-68,11,-97
1746694967891.625,175596,1746694967872.625,-72,16,-96
1746694967911.5,175507,1746694967892.531,-71,19,-96
1746694967931.375,175404,1746694967912.406,-74,21,-109
1746694967951.219,175331,1746694967932.281,-77,15,-96
1746694967971.125,175232,1746694967952.094,-72,19,-96
1746694967990.875,175202,1746694967972.031,-68,19,-106
1746694968010.75,175166,1746694967991.781,-71,24,-112
1746694968030.594,175170,1746694968011.656,-69,22,-109
1746694968050.469,175186,1746694968031.469,-72,24,-104
1746694968070.312,175217,1746694968051.344,-69,22,-96
1746694968090.125,175261,1746694968071.219,-64,12,-96
1746694968110.0,175294,1746694968091.031,-77,17,-106
1746694968129.844,175373,1746694968110.875,-72,17,-96
1746694968149.688,175456,1746694968130.719,-68,36,-109
1746694968169.594,175551,1746694968150.531,-71,23,-104
1746694968189.406,175656,1746694968170.5,-82,19,-96
1746694968209.25,175743,1746694968190.25,-71,7,-97
1746694968229.188,175769,1746694968210.188,-79,19,-109
1746694968248.969,175810,1746694968230.031,-72,23,-100
1746694968268.812,175890,1746694968249.844,-68,17,-111
1746694968288.719,175958,1746694968269.687,-72,14,-96
1746694968308.594,176023,1746694968289.594,-71,19,-96
1746694968328.406,176131,1746694968309.469,-88,23,-109
1746694968348.281,176195,1746694968329.281,-71,19,-104
1746694968368.156,176288,1746694968349.188,-68,22,-109
1746694968388.0,176377,1746694968369.031,-89,25,-104
1746694968407.844,176482,1746694968388.875,-79,19,-96
1746694968427.7192,176601,1746694968408.719,-77,19,-104
1746694968447.562,176737,1746694968428.594,-76,8,-109
1746694968467.438,176852,1746694968448.438,-68,27,-96
1746694968487.25,176950,1746694968468.313,-77,15,-96
1746694968507.125,177079,1746694968488.125,-73,16,-100
1746694968526.969,177187,1746694968508.031,-69,16,-96
1746694968546.844,177301,1746694968527.844,-68,28,-107
1746694968566.656,177415,1746694968547.719,-84,22,-96
1746694968586.531,177478,1746694968567.594,-69,16,-109
1746694968606.406,177526,1746694968587.406,-67,16,-96
1746694968626.25,177501,1746694968607.25,-68,19,-100
1746694968646.063,177462,1746694968627.125,-68,24,-111
1746694968665.969,177386,1746694968647.0,-79,24,-96
1746694968685.844,177255,1746694968666.875,-79,17,-96
1746694968705.719,177137,1746694968686.719,-74,15,-96
1746694968725.563,177057,1746694968706.594,-71,15,-109
1746694968745.406,177004,1746694968726.469,-80,15,-109
1746694968765.25,176943,1746694968746.281,-76,19,-109
1746694968785.125,176926,1746694968766.125,-68,17,-96
1746694968804.969,176915,1746694968786.0,-77,19,-96
1746694968824.813,176921,1746694968805.875,-81,15,-111
1746694968844.719,176923,1746694968825.688,-66,16,-106
1746694968864.562,176927,1746694968845.594,-71,12,-112
1746694968884.437,176918,1746694968865.5,-81,32,-113
1746694968904.281,176912,1746694968885.344,-79,18,-96
1746694968924.156,176898,1746694968905.156,-80,19,-96
1746694968944.0,176835,1746694968925.031,-64,16,-113
1746694968963.844,176764,1746694968944.875,-82,19,-104
1746694968983.719,176717,1746694968964.75,-78,19,-96
1746694969003.563,176624,1746694968984.594,-80,19,-112
1746694969023.406,176545,1746694969004.437,-64,22,-96
1746694969043.219,176457,1746694969024.312,-64,15,-96
1746694969063.094,176417,1746694969044.156,-73,15,-96
1746694969082.938,176381,1746694969064.0,-64,15,-110
1746694969102.781,176368,1746694969083.813,-72,23,-109
1746694969122.625,176370,1746694969103.656,-66,31,-96
1746694969142.5,176372,1746694969123.531,-73,17,-109
1746694969162.344,176373,1746694969143.375,-69,15,-96
1746694969182.219,176395,1746694969163.25,-77,17,-97
1746694969202.063,176416,1746694969183.063,-69,17,-105
1746694969221.906,176429,1746694969202.969,-76,52,-105
1746694969241.781,176499,1746694969222.781,-69,18,-96
1746694969261.688,176572,1746694969242.656,-77,16,-96
1746694969281.469,176629,1746694969262.5,-66,16,-113
1746694969301.312,176677,1746694969282.375,-70,12,-104
1746694969321.187,176730,1746694969302.219,-69,19,-109
1746694969341.031,176723,1746694969322.063,-72,15,-96
1746694969360.875,176754,1746694969341.875,-77,19,-104
1746694969380.719,176775,1746694969361.7808,-77,20,-96
1746694969400.562,176835,1746694969381.594,-68,22,-112
1746694969420.437,176854,1746694969401.437,-72,19,-96
1746694969440.219,176881,1746694969421.313,-79,19,-96
1746694969460.125,176913,1746694969441.156,-72,22,-96
1746694969480.031,176965,1746694969461.0,-69,17,-109
1746694969499.875,176986,1746694969480.906,-57,16,-109
1746694969519.719,176998,1746694969500.719,-68,17,-98
1746694969539.563,176954,1746694969520.625,-77,20,-96
1746694969559.406,176765,1746694969540.437,-77,31,-112
1746694969579.25,176501,1746694969560.25,-65,16,-100
1746694969599.125,176305,1746694969580.156,-76,23,-109
1746694969619.0,176160,1746694969600.031,-82,15,-105
1746694969638.844,176140,1746694969619.937,-77,24,-109
1746694969658.719,176217,1746694969639.75,-68,20,-96
1746694969678.531,176421,1746694969659.594,-74,23,-111
1746694969698.406,176684,1746694969679.469,-69,16,-96
1746694969718.313,176967,1746694969699.281,-72,15,-106
1746694969738.125,177192,1746694969719.187,-82,18,-109
1746694969757.969,177270,1746694969739.031,-68,17,-96
1746694969777.812,177296,1746694969758.875,-68,15,-105
1746694969797.688,177276,1746694969778.688,-78,24,-96
1746694969817.531,177224,1746694969798.563,-76,19,-96
1746694969837.312,177180,1746694969818.406,-69,16,-109
1746694969857.187,177161,1746694969838.219,-79,23,-98
1746694969877.031,177142,1746694969858.063,-84,19,-96
1746694969896.875,177130,1746694969877.906,-74,38,-104
1746694969916.688,177127,1746694969897.75,-69,24,-109
1746694969936.594,177102,1746694969917.625,-80,24,-96
1746694969956.375,177087,1746694969937.437,-76,15,-84
1746694969976.375,177069,1746694969957.281,-68,23,-96
1746694969996.094,177078,1746694969977.156,-80,19,-105
1746694970015.938,177094,1746694969996.969,-68,16,-111
1746694970035.812,177124,1746694970016.844,-71,16,-96
1746694970055.656,177146,1746694970036.688,-66,16,-104
1746694970075.531,177141,1746694970056.563,-78,17,-105
1746694970095.375,177118,1746694970076.437,-80,19,-96
1746694970115.2192,177117,1746694970096.25,-71,19,-104
1746694970135.031,177114,1746694970116.094,-77,24,-96
1746694970154.938,177142,1746694970135.906,-71,22,-104
1746694970174.719,177204,1746694970155.813,-80,20,-106
1746694970194.563,177281,1746694970175.625,-72,20,-100
1746694970214.406,177356,1746694970195.406,-72,19,-109
1746694970234.25,177455,1746694970215.281,-73,39,-100
1746694970254.062,177535,1746694970235.094,-74,15,-109
1746694970273.906,177606,1746694970254.969,-73,16,-96
1746694970293.781,177660,1746694970274.812,-72,16,-97
1746694970313.625,177696,1746694970294.656,-68,20,-104
1746694970333.437,177716,1746694970314.531,-64,34,-101
1746694970353.344,177749,1746694970334.344,-74,17,-112
1746694970373.219,177758,1746694970354.219,-68,17,-103
1746694970393.094,177786,1746694970374.125,-67,16,-105
1746694970412.875,177815,1746694970394.031,-65,19,-103
1746694970432.75,177797,1746694970413.8132,-71,19,-106
1746694970452.563,177795,1746694970433.625,-82,17,-96
1746694970472.438,177793,1746694970453.438,-66,31,-104
1746694970492.25,177807,1746694970473.312,-64,19,-106
1746694970512.094,177828,1746694970493.187,-65,19,-109
1746694970531.938,177841,1746694970512.969,-75,20,-97
1746694970551.781,177844,1746694970532.813,-74,17,-103
1746694970571.625,177856,1746694970552.656,-80,9,-106
1746694970591.469,177875,1746694970572.5,-68,16,-103
1746694970611.312,177886,1746694970592.375,-73,16,-96
1746694970631.188,177903,1746694970612.188,-68,20,-113
1746694970651.031,177899,1746694970632.094,-77,17,-96
1746694970670.875,177894,1746694970651.937,-74,16,-105
1746694970690.75,177898,1746694970671.781,-80,23,-96
1746694970710.656,177939,1746694970691.562,-71,12,-92
1746694970730.469,177997,1746694970711.5,-84,20,-97
1746694970750.313,178019,1746694970731.344,-74,18,-109
1746694970770.156,178045,1746694970751.219,-72,16,-109
1746694970790.031,178053,1746694970771.0,-71,19,-100
1746694970809.875,178000,1746694970790.906,-72,24,-96
1746694970829.719,177917,1746694970810.781,-72,16,-96
1746694970849.5942,177792,1746694970830.625,-72,17,-109
1746694970869.437,177645,1746694970850.469,-65,19,-100
1746694970889.313,177511,1746694970870.281,-76,24,-103
1746694970909.188,177402,1746694970890.188,-84,18,-109
1746694970929.031,177355,1746694970910.062,-74,21,-109
1746694970948.906,177358,1746694970929.906,-69,19,-109
1746694970968.75,177389,1746694970949.75,-80,15,-112
1746694970988.594,177433,1746694970969.594,-73,17,-104
1746694971008.438,177496,1746694970989.5,-79,15,-95
1746694971028.312,177540,1746694971009.312,-79,16,-105
1746694971048.156,177583,1746694971029.187,-84,16,-96
1746694971067.969,177624,1746694971049.063,-77,24,-96
1746694971087.875,177672,1746694971068.875,-80,16,-109
1746694971107.719,177675,1746694971088.75,-79,17,-104
1746694971127.594,177673,1746694971108.625,-72,16,-96
1746694971147.438,177679,1746694971128.469,-68,19,-109
1746694971167.313,177677,1746694971148.344,-72,20,-103
1746694971187.156,177658,1746694971168.187,-72,16,-96
1746694971207.031,177650,1746694971188.031,-80,24,-103
1746694971226.844,177644,1746694971207.906,-81,19,-109
1746694971246.719,177659,1746694971227.781,-66,16,-96
1746694971266.625,177690,1746694971247.625,-68,17,-96
1746694971286.437,177750,1746694971267.469,-65,19,-104
1746694971306.312,177803,1746694971287.344,-80,28,-115
1746694971326.156,177856,1746694971307.188,-77,19,-104
1746694971346.031,177918,1746694971327.063,-69,22,-109
1746694971365.875,177963,1746694971346.906,-76,15,-88
1746694971385.719,178020,1746694971366.75,-68,16,-103
1746694971405.594,178082,1746694971386.656,-64,19,-106
1746694971425.469,178126,1746694971406.594,-65,19,-96
1746694971445.312,178148,1746694971426.344,-80,19,-109
1746694971465.156,178201,1746694971446.219,-76,17,-105
1746694971485.0,178218,1746694971466.063,-68,20,-96
1746694971504.969,178244,1746694971485.844,-68,18,-103
1746694971524.719,178296,1746694971505.875,-80,16,-109
1746694971544.531,178309,1746694971525.594,-72,15,-109
1746694971564.406,178386,1746694971545.437,-72,24,-105
1746694971584.25,178397,1746694971565.313,-81,19,-111
1746694971604.156,178441,1746694971585.156,-71,24,-96
1746694971624.062,178470,1746694971605.031,-77,15,-109
1746694971643.844,178498,1746694971624.875,-68,7,-101
1746694971663.75,178504,1746694971644.719,-77,17,-95
1746694971683.594,178517,1746694971664.625,-68,17,-96
1746694971703.438,178550,1746694971684.469,-72,19,-113
1746694971723.312,178573,1746694971704.344,-68,16,-96
1746694971743.156,178630,1746694971724.219,-74,19,-96
1746694971763.0,178655,1746694971744.031,-71,20,-112
1746694971782.875,178667,1746694971763.906,-82,16,-106
1746694971802.687,178674,1746694971783.781,-68,15,-109
1746694971822.531,178583,1746694971803.594,-57,19,-109
1746694971842.438,178462,1746694971823.406,-73,16,-96
1746694971862.219,178328,1746694971843.313,-77,16,-105
1746694971882.094,178186,1746694971863.125,-66,24,-96
1746694971901.969,178092,1746694971882.969,-72,19,-104
1746694971921.812,177985,1746694971902.844,-65,20,-109
1746694971941.656,177910,1746694971922.688,-72,20,-98
1746694971961.531,177870,1746694971942.563,-76,20,-96
1746694971981.375,177874,1746694971962.406,-79,24,-96
1746694972001.219,177899,1746694971982.25,-66,15,-96
1746694972021.031,177880,1746694972002.094,-64,24,-104
1746694972040.906,177878,1746694972021.938,-80,16,-113
1746694972060.75,177885,1746694972041.75,-68,14,-100
1746694972080.594,177891,1746694972061.625,-76,23,-101
1746694972100.469,177881,1746694972081.469,-73,22,-104
1746694972120.344,177854,1746694972101.375,-84,19,-96
1746694972140.188,177801,1746694972121.219,-74,19,-104
1746694972160.062,177781,1746694972141.062,-72,16,-109
1746694972179.906,177728,1746694972160.906,-68,15,-109
1746694972199.719,177684,1746694972180.813,-68,17,-109
1746694972219.625,177643,1746694972200.625,-66,27,-112
1746694972239.531,177614,1746694972220.5,-74,16,-109
1746694972259.312,177607,1746694972240.563,-66,19,-100
1746694972279.187,177575,1746694972260.187,-65,19,-97
1746694972299.031,177587,1746694972280.094,-72,15,-96
1746694972318.938,177595,1746694972299.937,-75,23,-105
1746694972338.75,177623,1746694972319.812,-77,25,-104
1746694972358.719,177626,1746694972339.656,-80,12,-104
1746694972378.469,177635,1746694972359.5,-72,12,-97
1746694972398.344,177668,1746694972379.344,-79,19,-109
1746694972418.156,177688,1746694972399.187,-70,19,-111
1746694972438.031,177704,1746694972419.031,-72,17,-108
1746694972457.906,177702,1746694972438.875,-69,16,-104
1746694972477.813,177741,1746694972458.781,-66,21,-106
1746694972497.625,177738,1746694972478.719,-72,15,-105
1746694972517.469,177791,1746694972498.531,-65,19,-109
1746694972537.312,177805,1746694972518.344,-80,15,-96
1746694972557.188,177802,1746694972538.219,-68,19,-105
1746694972577.031,177818,1746694972558.063,-68,16,-111
1746694972596.906,177833,1746694972577.969,-64,12,-109
1746694972616.75,177842,1746694972597.781,-77,20,-104
1746694972636.625,177822,1746694972617.594,-69,22,-100
1746694972656.4382,177830,1746694972637.5,-68,24,-105
1746694972676.312,177817,1746694972657.344,-76,19,-109
1746694972696.156,177797,1746694972677.156,-81,15,-109
1746694972716.031,177785,1746694972697.063,-66,22,-109
1746694972735.844,177762,1746694972716.875,-71,19,-104
1746694972755.719,177720,1746694972736.7808,-73,19,-96
1746694972775.594,177682,1746694972756.625,-82,19,-96
1746694972795.469,177640,1746694972776.469,-72,20,-96
1746694972815.281,177620,1746694972796.344,-73,20,-96
1746694972835.156,177578,1746694972816.188,-71,19,-103
1746694972855.031,177544,1746694972836.031,-68,22,-109
1746694972874.875,177524,1746694972855.906,-65,16,-96
1746694972894.719,177522,1746694972875.781,-68,16,-96
1746694972914.719,177431,1746694972895.625,-79,15,-96
1746694972934.438,177293,1746694972915.594,-71,17,-109
1746694972954.344,177134,1746694972935.281,-72,7,-109
1746694972974.188,176925,1746694972955.219,-80,17,-96
1746694972994.031,176692,1746694972975.125,-77,16,-105
1746694973013.906,176494,1746694972994.906,-77,12,-103
1746694973033.844,176327,1746694973014.812,-74,19,-96
1746694973053.562,176191,1746694973034.625,-69,15,-114
1746694973073.406,176084,1746694973054.5,-79,20,-96
1746694973093.313,175991,1746694973074.281,-79,16,-101
1746694973113.156,175953,1746694973094.187,-68,23,-96
1746694973132.969,175908,1746694973114.031,-79,19,-109
1746694973152.844,175899,1746694973133.875,-68,15,-96
1746694973172.688,175860,1746694973153.75,-79,15,-101
1746694973192.563,175824,1746694973173.563,-82,22,-96
1746694973212.375,175798,1746694973193.437,-76,23,-106
1746694973232.25,175785,1746694973213.312,-68,23,-109
1746694973252.156,175770,1746694973233.125,-66,17,-103
1746694973272.0,175762,1746694973253.062,-66,16,-96
1746694973291.844,175741,1746694973272.875,-71,15,-111
1746694973311.719,175678,1746694973292.719,-68,22,-101
1746694973331.563,175611,1746694973312.594,-57,24,-105
1746694973351.438,175552,1746694973332.406,-72,19,-105
1746694973371.25,175505,1746694973352.312,-75,15,-96
1746694973391.094,175488,1746694973372.187,-81,26,-105
1746694973410.969,175425,1746694973391.969,-81,22,-111
1746694973430.844,175414,1746694973411.844,-77,20,-112
1746694973450.656,175406,1746694973431.719,-74,16,-113
1746694973470.531,175381,1746694973451.562,-68,20,-103
1746694973490.375,175358,1746694973471.375,-68,22,-104
1746694973510.25,175310,1746694973491.281,-77,23,-110
1746694973530.094,175291,1746694973511.125,-77,18,-104
1746694973549.937,175284,1746694973531.0,-72,23,-103
1746694973569.812,175327,1746694973550.875,-76,19,-96
1746694973589.688,175372,1746694973570.656,-71,19,-96
1746694973609.531,175418,1746694973590.594,-72,20,-112
1746694973629.375,175440,1746694973610.437,-66,28,-96
1746694973649.344,175450,1746694973630.25,-77,15,-96
1746694973669.125,175454,1746694973650.219,-64,19,-96
1746694973688.969,175460,1746694973670.0,-71,16,-100
1746694973708.844,175440,1746694973689.844,-77,22,-104
1746694973728.687,175433,1746694973709.719,-81,31,-96
1746694973748.656,175411,1746694973729.562,-68,20,-96
1746694973768.375,175375,1746694973749.563,-79,20,-105
1746694973788.219,175327,1746694973769.281,-80,9,-96
1746694973808.094,175294,1746694973789.094,-77,16,-95
1746694973827.9368,175245,1746694973808.969,-72,17,-96
1746694973847.781,175158,1746694973828.813,-71,22,-105
1746694973867.656,175070,1746694973848.688,-70,19,-104
1746694973887.563,175046,1746694973868.531,-73,16,-96
1746694973907.344,175054,1746694973888.437,-80,21,-106
1746694973927.187,175069,1746694973908.219,-79,22,-109
1746694973947.031,175064,1746694973928.094,-84,17,-104
1746694973966.906,175060,1746694973947.906,-64,15,-109
1746694973986.7808,175049,1746694973967.781,-69,20,-109
1746694974006.625,175045,1746694973987.656,-74,19,-96
1746694974026.437,175033,1746694974007.5,-71,11,-100
1746694974046.281,175036,1746694974027.313,-71,16,-100
1746694974066.156,175038,1746694974047.156,-67,19,-108
1746694974086.0,175046,1746694974067.031,-79,19,-96
1746694974105.812,175053,1746694974086.906,-80,15,-95
1746694974125.688,175036,1746694974106.75,-68,17,-89
1746694974145.531,174937,1746694974126.625,-74,23,-105
1746694974165.344,174727,1746694974146.437,-71,17,-96
1746694974185.219,174448,1746694974166.281,-77,20,-111
1746694974205.219,174171,1746694974186.156,-72,14,-104
1746694974225.0,173938,1746694974205.969,-82,15,-115
1746694974244.781,173716,1746694974225.875,-72,22,-103
1746694974264.656,173479,1746694974245.687,-76,24,-104
1746694974284.531,173297,1746694974265.562,-81,19,-96
1746694974304.406,173203,1746694974285.406,-80,14,-96
1746694974324.219,173167,1746694974305.25,-74,12,-96
1746694974344.094,173276,1746694974325.125,-64,15,-96
1746694974363.969,173336,1746694974345.0,-68,14,-96
1746694974383.812,173254,1746694974364.844,-80,19,-96
1746694974403.656,173109,1746694974384.688,-56,22,-96
1746694974423.5,173000,1746694974404.562,-72,17,-96
1746694974443.3442,173006,1746694974424.406,-72,9,-96
1746694974463.219,173060,1746694974444.25,-76,31,-90
1746694974483.063,173110,1746694974464.094,-77,24,-109
1746694974502.938,173158,1746694974483.969,-68,32,-107
1746694974522.812,173170,1746694974503.844,-69,19,-94
1746694974542.656,173185,1746694974523.6868,-84,15,-109
1746694974562.5,173116,1746694974543.563,-77,25,-96
1746694974582.375,173016,1746694974563.531,-84,19,-96
1746694974602.219,172895,1746694974583.25,-72,14,-104
1746694974622.062,172786,1746694974603.094,-72,11,-109
1746694974641.906,172732,1746694974622.937,-66,15,-103
1746694974661.875,172684,1746694974642.813,-68,16,-96
1746694974681.688,172680,1746694974662.75,-88,15,-96
1746694974701.562,172694,1746694974682.531,-77,24,-104
1746694974721.406,172704,1746694974702.469,-82,23,-94
1746694974741.281,172622,1746694974722.344,-71,25,-96
1746694974761.125,172501,1746694974742.188,-80,17,-105
1746694974781.0,172444,1746694974762.031,-71,24,-106
1746694974800.844,172414,1746694974781.875,-80,8,-96
1746694974820.719,172476,1746694974801.75,-84,12,-96
1746694974840.594,172525,1746694974821.594,-74,15,-104
1746694974860.437,172610,1746694974841.469,-64,16,-113
1746694974880.312,172654,1746694974861.344,-76,19,-109
1746694974900.156,172706,1746694974881.219,-66,20,-109
1746694974920.031,172714,1746694974901.063,-69,20,-96
1746694974939.9058,172689,1746694974920.906,-80,17,-105
1746694974959.75,172696,1746694974940.812,-80,19,-96
1746694974979.625,172745,1746694974960.6882,-69,22,-104
1746694974999.5,172825,1746694974980.469,-71,12,-88
1746694975019.344,172894,1746694975000.375,-82,19,-96
1746694975039.156,172906,1746694975020.219,-77,22,-109
1746694975059.031,172912,1746694975040.062,-77,19,-109
1746694975078.875,172901,1746694975059.938,-76,20,-109
1746694975098.75,172893,1746694975079.75,-72,20,-100
1746694975118.594,172900,1746694975099.625,-68,19,-96
1746694975138.437,172873,1746694975119.5,-84,12,-96
1746694975158.313,172896,1746694975139.313,-80,16,-103
1746694975178.188,172930,1746694975159.188,-74,18,-109
1746694975198.0,172902,1746694975179.031,-66,23,-96
1746694975217.875,172819,1746694975198.937,-74,22,-109
1746694975237.719,172717,1746694975218.75,-68,24,-104
1746694975257.594,172497,1746694975238.594,-68,17,-103
1746694975277.438,172243,1746694975258.469,-73,18,-109
1746694975297.312,171976,1746694975278.344,-72,16,-109
1746694975317.125,171794,1746694975298.219,-84,22,-96
1746694975336.969,171708,1746694975318.0,-80,17,-95
1746694975356.813,171689,1746694975337.844,-77,20,-96
1746694975376.656,171744,1746694975357.719,-72,22,-96
1746694975396.562,171806,1746694975377.594,-73,16,-104
1746694975416.437,171891,1746694975397.438,-64,17,-111
1746694975436.25,171952,1746694975417.313,-80,16,-96
1746694975456.125,171998,1746694975437.156,-77,17,-109
1746694975475.969,172047,1746694975457.031,-64,24,-104
1746694975495.875,172058,1746694975476.875,-68,22,-96
1746694975515.656,172040,1746694975496.75,-80,16,-96
1746694975535.531,172007,1746694975516.563,-77,30,-109
1746694975555.406,171923,1746694975536.437,-68,16,-96
1746694975575.25,171863,1746694975556.25,-67,15,-104
1746694975595.094,171844,1746694975576.125,-76,19,-88
1746694975614.938,171783,1746694975596.0,-68,16,-112
1746694975634.844,171736,1746694975615.875,-65,19,-111
1746694975654.687,171671,1746694975635.844,-77,22,-109
1746694975674.531,171626,1746694975655.562,-69,20,-109
1746694975694.406,171606,1746694975675.438,-74,19,-96
1746694975714.281,171606,1746694975695.312,-84,21,-96
1746694975734.219,171650,1746694975715.125,-79,14,-104
1746694975753.969,171685,1746694975735.094,-80,23,-96
1746694975773.813,171704,1746694975754.875,-73,24,-109
1746694975793.688,171716,1746694975774.688,-65,20,-100
1746694975813.562,171713,1746694975794.594,-65,17,-105
1746694975833.406,171736,1746694975814.437,-73,20,-102
1746694975853.281,171753,1746694975834.281,-73,15,-104
1746694975873.156,171733,1746694975854.156,-72,15,-109
1746694975893.0308,171764,1746694975874.031,-68,19,-105
1746694975912.875,171742,1746694975893.906,-71,22,-109
1746694975932.719,171736,1746694975913.781,-69,16,-113
1746694975952.594,171723,1746694975933.594,-68,24,-96
1746694975972.469,171679,1746694975953.438,-64,19,-104
1746694975992.281,171660,1746694975973.344,-79,25,-112
1746694976012.125,171641,1746694975993.187,-64,19,-96
1746694976032.0,171575,1746694976013.0,-79,17,-104
1746694976051.875,171538,1746694976032.844,-65,23,-104
1746694976071.687,171512,1746694976052.7192,-76,22,-104
1746694976091.562,171519,1746694976072.625,-85,17,-96
1746694976111.438,171569,1746694976092.438,-72,17,-109
1746694976131.344,171635,1746694976112.313,-63,15,-109
1746694976151.25,171691,1746694976132.219,-66,24,-96
1746694976171.031,171758,1746694976152.094,-77,20,-97
1746694976190.906,171769,1746694976171.906,-82,20,-104
1746694976210.781,171720,1746694976191.781,-81,24,-104
1746694976230.594,171624,1746694976211.625,-73,24,-104
1746694976250.5,171505,1746694976231.5,-70,19,-109
1746694976270.375,171342,1746694976251.344,-72,15,-100
1746694976290.219,171205,1746694976271.25,-66,19,-109
1746694976310.0942,171060,1746694976291.094,-71,19,-103
1746694976329.937,170949,1746694976311.0,-68,23,-104
1746694976349.812,170881,1746694976330.812,-80,21,-112
1746694976369.688,170889,1746694976350.688,-74,20,-96
1746694976389.5,171039,1746694976370.687,-79,19,-109
1746694976409.406,171371,1746694976390.406,-66,24,-104
1746694976429.25,171769,1746694976410.25,-67,17,-111
1746694976449.125,172085,1746694976430.125,-73,20,-106
1746694976469.063,172273,1746694976450.0,-71,19,-105
1746694976488.812,172393,1746694976469.969,-72,22,-96
1746694976508.687,172471,1746694976489.719,-79,15,-109
1746694976528.563,172496,1746694976509.563,-67,22,-112
1746694976548.375,172470,1746694976529.406,-65,19,-104
1746694976568.219,172428,1746694976549.312,-80,22,-105
1746694976588.187,172315,1746694976569.125,-71,22,-106
1746694976607.969,172178,1746694976589.0,-68,7,-106
1746694976627.813,172053,1746694976608.844,-66,20,-109
1746694976647.656,171971,1746694976628.688,-73,22,-100
1746694976667.531,171892,1746694976648.562,-68,19,-113
1746694976687.406,171886,1746694976668.437,-69,16,-96
1746694976707.219,171879,1746694976688.281,-74,19,-105
1746694976727.094,171864,1746694976708.156,-66,17,-96
1746694976746.969,171833,1746694976727.969,-66,20,-96
1746694976766.844,171795,1746694976747.844,-72,17,-96
1746694976786.656,171750,1746694976767.719,-65,15,-96
1746694976806.531,171694,1746694976787.563,-77,16,-96
1746694976826.375,171643,1746694976807.406,-77,15,-96
1746694976846.25,171617,1746694976827.281,-72,19,-106
1746694976866.094,171609,1746694976847.125,-72,17,-96
1746694976885.938,171602,1746694976867.0,-47,16,-104
1746694976905.813,171586,1746694976886.813,-68,17,-100
1746694976925.687,171604,1746694976906.687,-64,19,-109
1746694976945.5,171644,1746694976926.594,-73,35,-109
1746694976965.375,171699,1746694976946.438,-74,22,-109
1746694976985.281,171765,1746694976966.281,-68,17,-96
1746694977005.125,171836,1746694976986.125,-77,15,-104
1746694977024.969,171938,1746694977006.0,-79,16,-96
1746694977044.812,172059,1746694977025.875,-84,19,-109
1746694977064.688,172162,1746694977045.688,-80,19,-109
1746694977084.531,172270,1746694977065.531,-68,15,-109
1746694977104.375,172328,1746694977085.406,-76,19,-104
1746694977124.219,172340,1746694977105.344,-66,15,-96
1746694977144.094,172304,1746694977125.094,-68,20,-104
1746694977163.938,172253,1746694977144.969,-64,23,-96
1746694977183.75,172170,1746694977164.812,-64,17,-109
1746694977203.625,172102,1746694977184.656,-74,24,-109
1746694977223.469,172046,1746694977204.5,-65,19,-96
1746694977243.313,172015,1746694977224.344,-71,15,-100
1746694977263.125,172021,1746694977244.219,-77,19,-109
1746694977283.0,172071,1746694977264.031,-73,35,-104
1746694977302.875,172085,1746694977283.844,-64,15,-100
1746694977322.844,172147,1746694977303.75,-68,24,-96
1746694977342.563,172172,1746694977323.594,-77,19,-109
1746694977362.406,172162,1746694977343.469,-68,22,-96
1746694977382.25,172170,1746694977363.281,-76,17,-103
1746694977402.125,172138,1746694977383.094,-79,19,-104
1746694977421.969,172133,1746694977403.0,-73,16,-104
1746694977441.813,172109,1746694977422.844,-69,19,-104
1746694977461.719,172115,1746694977442.687,-61,16,-96
1746694977481.594,172104,1746694977462.594,-69,14,-96
1746694977501.438,172104,1746694977482.5,-79,17,-96
1746694977521.344,172107,1746694977502.344,-68,20,-96
1746694977541.187,172119,1746694977522.219,-68,17,-105
1746694977561.031,172164,1746694977542.062,-64,20,-108
1746694977580.875,172191,1746694977561.906,-74,16,-109
1746694977600.75,172268,1746694977581.781,-72,15,-104
1746694977620.594,172349,1746694977601.625,-64,28,-96
1746694977640.469,172403,1746694977621.5,-77,19,-96
1746694977660.281,172482,1746694977641.344,-65,12,-96
1746694977680.156,172576,1746694977661.188,-77,28,-97
1746694977700.125,172662,1746694977681.031,-68,19,-96
1746694977719.875,172764,1746694977701.0,-64,29,-96
1746694977739.687,172853,1746694977720.781,-80,16,-97
1746694977759.531,172956,1746694977740.625,-69,20,-105
1746694977779.406,173061,1746694977760.406,-71,19,-104
1746694977799.2808,173144,1746694977780.281,-72,17,-96
1746694977819.094,173240,1746694977800.156,-65,15,-104
1746694977838.969,173318,1746694977820.0,-66,24,-109
1746694977858.813,173384,1746694977839.844,-81,20,-96
1746694977878.656,173454,1746694977859.688,-76,20,-105
1746694977898.5,173539,1746694977879.531,-72,16,-109
1746694977918.344,173607,1746694977899.406,-68,16,-96
1746694977938.188,173693,1746694977919.25,-77,20,-109
1746694977958.031,173769,1746694977939.063,-56,22,-96
1746694977977.875,173793,1746694977958.906,-72,22,-96
1746694977997.719,173783,1746694977978.812,-80,15,-111
1746694978017.594,173708,1746694977998.625,-75,30,-96
1746694978037.438,173580,1746694978018.469,-73,19,-106
1746694978057.281,173461,1746694978038.344,-65,12,-96
1746694978077.125,173381,1746694978058.156,-82,19,-100
1746694978097.0,173291,1746694978078.031,-74,19,-109
1746694978116.844,173272,1746694978097.875,-66,17,-109
1746694978136.719,173268,1746694978117.719,-80,20,-96
1746694978156.563,173298,1746694978137.594,-67,19,-96
1746694978176.406,173318,1746694978157.469,-71,17,-96
1746694978196.281,173349,1746694978177.25,-68,17,-104
1746694978216.125,173394,1746694978197.156,-71,15,-104
1746694978235.938,173416,1746694978217.0,-73,20,-104
1746694978255.812,173442,1746694978236.875,-66,15,-109
1746694978275.656,173473,1746694978256.687,-71,16,-111
1746694978295.531,173480,1746694978276.531,-80,24,-109
1746694978315.344,173452,1746694978296.406,-73,20,-113
1746694978335.344,173420,1746694978316.25,-69,24,-104
1746694978355.125,173384,1746694978336.094,-68,24,-107
1746694978374.969,173352,1746694978356.0,-72,16,-109
1746694978394.813,173307,1746694978375.844,-72,20,-109
1746694978414.656,173287,1746694978395.719,-68,16,-104
1746694978434.562,173293,1746694978415.562,-69,18,-109
1746694978454.406,173292,1746694978435.437,-72,22,-96
1746694978474.25,173307,1746694978455.313,-73,19,-96
1746694978494.125,173316,1746694978475.156,-72,17,-109
1746694978513.969,173361,1746694978495.0,-68,21,-106
1746694978533.844,173377,1746694978514.812,-72,22,-104
1746694978553.688,173407,1746694978534.688,-68,15,-100
1746694978573.531,173416,1746694978554.625,-68,20,-96
1746694978593.437,173447,1746694978574.437,-71,21,-112
1746694978613.281,173485,1746694978594.312,-64,15,-104
1746694978633.156,173506,1746694978614.156,-50,14,-100
1746694978653.031,173505,1746694978634.063,-73,24,-98
1746694978672.906,173556,1746694978653.906,-81,22,-96
1746694978692.719,173602,1746694978673.781,-89,31,-104
1746694978712.594,173599,1746694978693.625,-72,19,-96
1746694978732.469,173622,1746694978713.5,-64,24,-109
1746694978752.313,173664,1746694978733.344,-85,12,-106
1746694978772.187,173664,1746694978753.281,-72,23,-96
1746694978792.031,173675,1746694978773.062,-65,24,-96
1746694978811.906,173693,1746694978792.938,-72,22,-111
1746694978831.781,173710,1746694978812.781,-68,19,-105
1746694978851.656,173741,1746694978832.656,-69,19,-96
1746694978871.469,173771,1746694978852.562,-78,20,-105
1746694978891.375,173804,1746694978872.375,-79,20,-96
1746694978911.219,173777,1746694978892.188,-73,19,-104
1746694978931.062,173749,1746694978912.125,-79,17,-96
1746694978950.906,173652,1746694978931.969,-77,15,-96
1746694978970.781,173483,1746694978951.813,-71,19,-109
1746694978990.656,173355,1746694978971.625,-61,20,-109
1746694979010.469,173198,1746694978991.531,-65,19,-103
1746694979030.344,173060,1746694979011.375,-64,26,-109
1746694979050.25,172963,1746694979031.25,-71,15,-96
1746694979070.219,172915,1746694979051.125,-62,11,-96
1746694979089.938,172881,1746694979070.969,-73,32,-105
1746694979109.812,172896,1746694979090.875,-66,23,-96
1746694979129.719,172908,1746694979110.687,-70,19,-101
1746694979149.563,172897,1746694979130.531,-71,14,-96
1746694979169.438,172885,1746694979150.469,-68,17,-96
1746694979189.281,172903,1746694979170.312,-65,22,-111
1746694979209.156,172905,1746694979190.156,-77,19,-103
1746694979229.031,172916,1746694979210.063,-76,24,-105
1746694979248.875,172913,1746694979229.938,-77,20,-109
1746694979268.75,172849,1746694979249.75,-57,16,-103
1746694979288.625,172819,1746694979269.625,-71,19,-109
1746694979308.469,172769,1746694979289.5,-65,15,-96
1746694979328.3132,172744,1746694979309.375,-74,16,-96
1746694979348.219,172707,1746694979329.25,-77,16,-96
1746694979368.062,172671,1746694979349.125,-80,19,-96
1746694979387.938,172665,1746694979368.938,-64,16,-106
1746694979407.75,172652,1746694979388.813,-65,23,-111
1746694979427.625,172672,1746694979408.6558,-85,31,-109
1746694979447.469,172676,1746694979428.531,-79,18,-96
1746694979467.344,172689,1746694979448.344,-78,23,-104
1746694979487.188,172709,1746694979468.219,-73,17,-104
1746694979507.063,172690,1746694979488.187,-77,19,-113
1746694979526.937,172746,1746694979507.937,-74,19,-104
1746694979546.812,172741,1746694979527.812,-72,16,-103
1746694979566.656,172778,1746694979547.688,-73,15,-96
1746694979586.563,172805,1746694979567.563,-68,17,-96
1746694979606.469,172824,1746694979587.437,-76,22,-112
1746694979626.281,172795,1746694979607.344,-76,22,-113
1746694979646.125,172809,1746694979627.188,-71,15,-109
1746694979666.0,172796,1746694979647.031,-81,19,-96
1746694979685.937,172784,1746694979666.875,-66,22,-104
1746694979705.719,172815,1746694979686.75,-76,23,-106
1746694979725.563,172803,1746694979706.594,-71,15,-109
1746694979745.406,172803,1746694979726.438,-71,16,-104
1746694979765.281,172810,1746694979746.312,-81,24,-111
1746694979785.156,172842,1746694979766.156,-72,19,-109
1746694979805.094,172845,1746694979786.063,-80,19,-106
1746694979824.875,172855,1746694979805.906,-64,15,-105
1746694979844.75,172877,1746694979825.75,-71,16,-103
1746694979864.562,172910,1746694979845.625,-60,15,-109
1746694979884.437,172947,1746694979865.469,-77,20,-95
1746694979904.313,172981,1746694979885.375,-77,23,-96
1746694979924.156,173057,1746694979905.156,-76,17,-104
1746694979944.0,173097,1746694979925.062,-76,17,-96
1746694979963.875,173170,1746694979944.906,-77,17,-109
1746694979983.719,173230,1746694979964.781,-70,19,-109
1746694980003.594,173303,1746694979984.594,-57,19,-105
1746694980023.438,173374,1746694980004.469,-69,16,-109
1746694980043.281,173437,1746694980024.344,-71,24,-105
1746694980063.156,173484,1746694980044.188,-79,15,-109
1746694980083.031,173572,1746694980064.063,-69,17,-96
1746694980102.875,173642,1746694980083.937,-72,17,-96
1746694980122.719,173662,1746694980103.781,-71,16,-90
1746694980142.594,173593,1746694980123.625,-69,24,-104
1746694980162.438,173467,1746694980143.5,-85,31,-105
1746694980182.281,173306,1746694980163.313,-80,22,-96
1746694980202.125,173144,1746694980183.219,-64,16,-96
1746694980222.0,172989,1746694980203.031,-68,16,-99
1746694980241.875,172863,1746694980222.875,-65,19,-104
1746694980261.719,172771,1746694980242.75,-69,19,-112
1746694980281.594,172702,1746694980262.625,-72,19,-96
1746694980301.469,172691,1746694980282.437,-72,24,-104
1746694980321.406,172676,1746694980302.344,-77,19,-109
1746694980341.188,172660,1746694980322.2808,-72,24,-96
1746694980361.031,172638,1746694980342.094,-68,18,-109
1746694980380.875,172618,1746694980361.937,-72,22,-105
1746694980400.781,172600,1746694980381.75,-74,20,-96
1746694980420.625,172619,1746694980401.656,-75,19,-96
1746694980440.469,172610,1746694980421.594,-64,19,-109
1746694980460.375,172549,1746694980441.406,-72,20,-112
1746694980480.25,172518,1746694980461.281,-74,24,-96
1746694980500.063,172458,1746694980481.125,-68,24,-103
1746694980519.969,172421,1746694980501.0,-68,22,-109
1746694980539.969,172361,1746694980520.844,-57,19,-104
1746694980559.719,172323,1746694980540.719,-76,16,-109
1746694980579.563,172276,1746694980560.594,-74,16,-96
1746694980599.438,172281,1746694980580.469,-65,17,-111
1746694980619.281,172306,1746694980600.281,-71,22,-112
1746694980639.156,172303,1746694980620.156,-72,17,-96
1746694980659.0,172297,1746694980640.063,-68,20,-109
1746694980678.875,172290,1746694980659.906,-66,17,-104
1746694980698.75,172306,1746694980679.75,-68,19,-109
1746694980718.594,172349,1746694980699.656,-72,21,-96
1746694980738.437,172363,1746694980719.469,-53,19,-104
1746694980758.344,172377,1746694980739.375,-80,22,-96
1746694980778.219,172406,1746694980759.219,-81,15,-103
1746694980798.094,172412,1746694980779.062,-69,28,-100
1746694980817.906,172434,1746694980798.969,-73,20,-96
1746694980837.781,172426,1746694980818.844,-80,17,-109
1746694980857.656,172413,1746694980838.656,-80,17,-98
1746694980877.531,172412,1746694980858.531,-72,19,-104
1746694980897.344,172416,1746694980878.406,-73,39,-105
1746694980917.375,172426,1746694980898.25,-76,19,-96
1746694980937.094,172444,1746694980918.25,-77,22,-105
1746694980956.969,172470,1746694980937.969,-77,15,-95
1746694980976.8118,172488,1746694980957.906,-77,19,-96
1746694980996.656,172506,1746694980977.75,-69,16,-96
1746694981016.531,172533,1746694980997.531,-73,24,-104
1746694981036.469,172547,1746694981017.406,-74,23,-104
1746694981056.25,172622,1746694981037.281,-68,19,-109
1746694981076.062,172688,1746694981057.156,-79,22,-109
1746694981095.938,172754,1746694981076.938,-76,17,-96
1746694981115.781,172827,1746694981096.781,-69,14,-104
1746694981135.625,172907,1746694981116.656,-68,24,-104
1746694981155.5,172990,1746694981136.563,-66,19,-96
1746694981175.375,173033,1746694981156.406,-68,14,-96
1746694981195.25,173132,1746694981176.25,-71,14,-104
1746694981215.094,173190,1746694981196.125,-69,16,-96
1746694981234.969,173285,1746694981216.0,-72,23,-109
1746694981254.813,173350,1746694981235.844,-80,22,-111
1746694981274.688,173432,1746694981255.719,-64,19,-96
1746694981294.562,173506,1746694981275.562,-79,28,-96
1746694981314.437,173578,1746694981295.469,-77,20,-96
1746694981334.313,173621,1746694981315.313,-82,16,-109
1746694981354.156,173702,1746694981335.188,-74,22,-110
1746694981374.0,173735,1746694981355.031,-73,18,-96
1746694981393.875,173675,1746694981374.906,-73,19,-109
1746694981413.75,173573,1746694981394.75,-63,23,-109
1746694981433.594,173402,1746694981414.594,-68,19,-100
1746694981453.438,173235,1746694981434.5,-77,19,-95
1746694981473.312,173097,1746694981454.375,-65,21,-109
1746694981493.187,172952,1746694981474.219,-78,16,-105
1746694981513.031,172872,1746694981494.094,-77,17,-96
1746694981532.906,172797,1746694981513.937,-72,31,-96
1746694981552.75,172774,1746694981533.812,-68,26,-105
1746694981572.625,172769,1746694981553.625,-59,16,-96
1746694981592.438,172765,1746694981573.5,-66,15,-98
1746694981612.313,172763,1746694981593.344,-66,14,-109
1746694981632.156,172735,1746694981613.219,-81,32,-109
1746694981652.25,172740,1746694981633.0618,-79,19,-109
1746694981671.875,172747,1746694981653.031,-72,23,-109
1746694981691.75,172730,1746694981672.781,-71,12,-113
1746694981711.625,172686,1746694981692.656,-64,22,-96
1746694981731.469,172622,1746694981712.5,-68,16,-103
1746694981751.312,172560,1746694981732.344,-72,19,-111
1746694981771.188,172509,1746694981752.219,-68,22,-109
1746694981791.0308,172441,1746694981772.125,-74,15,-96
1746694981810.906,172416,1746694981791.906,-72,18,-96
1746694981830.75,172368,1746694981811.781,-78,14,-96
1746694981850.594,172356,1746694981831.656,-79,19,-109
1746694981870.469,172346,1746694981851.5,-69,23,-104
1746694981890.375,172342,1746694981871.344,-72,17,-109
1746694981910.156,172328,1746694981891.25,-68,19,-109
1746694981930.0,172337,1746694981911.063,-77,24,-100
1746694981949.875,172319,1746694981930.938,-73,23,-96
1746694981969.719,172322,1746694981950.75,-61,24,-109
1746694981989.562,172337,1746694981970.594,-72,22,-111
1746694982009.406,172331,1746694981990.5,-68,14,-106
1746694982029.281,172318,1746694982010.313,-68,11,-101
1746694982049.156,172320,1746694982030.188,-68,16,-109
1746694982069.0,172333,1746694982050.031,-73,15,-111
1746694982088.844,172319,1746694982069.875,-79,19,-103
1746694982108.719,172337,1746694982089.75,-74,22,-96
1746694982128.563,172326,1746694982109.625,-80,22,-109
1746694982148.438,172335,1746694982129.437,-68,22,-104
1746694982168.281,172351,1746694982149.312,-64,22,-106
1746694982188.125,172374,1746694982169.188,-68,15,-96
1746694982208.0,172378,1746694982189.0,-64,22,-111
1746694982227.844,172418,1746694982208.875,-77,20,-96
1746694982247.687,172420,1746694982228.75,-72,19,-105
1746694982267.562,172437,1746694982248.594,-72,16,-109
1746694982287.406,172510,1746694982268.438,-68,19,-96
1746694982307.25,172563,1746694982288.313,-72,19,-96
1746694982327.094,172606,1746694982308.125,-68,16,-104
1746694982346.937,172695,1746694982328.031,-71,25,-109
1746694982366.812,172778,1746694982347.812,-76,23,-96
1746694982386.688,172818,1746694982367.688,-78,20,-96
1746694982406.5,172874,1746694982387.563,-77,24,-105
1746694982426.344,172936,1746694982407.406,-68,19,-97
1746694982446.219,172998,1746694982427.219,-68,16,-104
1746694982466.063,173069,1746694982447.125,-69,14,-109
1746694982485.938,173108,1746694982466.969,-72,19,-96
1746694982505.812,173180,1746694982486.844,-79,17,-96
1746694982525.687,173217,1746694982506.687,-79,20,-109
1746694982545.563,173270,1746694982526.531,-69,24,-104
1746694982565.469,173292,1746694982546.438,-77,22,-109
1746694982585.25,173259,1746694982566.375,-78,21,-104
1746694982605.125,173148,1746694982586.094,-72,24,-100
1746694982625.0,173011,1746694982605.969,-65,17,-103
1746694982644.813,172825,1746694982625.875,-97,17,-96
1746694982664.719,172684,1746694982645.75,-71,20,-105
1746694982684.562,172536,1746694982665.594,-65,22,-109
1746694982704.406,172507,1746694982685.437,-80,15,-109
1746694982724.281,172500,1746694982705.313,-72,23,-96
1746694982744.1558,172541,1746694982725.219,-64,19,-96
1746694982764.031,172628,1746694982745.031,-72,16,-113
1746694982784.031,172709,1746694982764.906,-73,14,-96
1746694982803.75,172791,1746694982784.844,-63,21,-113
1746694982823.625,172830,1746694982804.656,-79,22,-112
1746694982843.5,172893,1746694982824.5,-69,18,-109
1746694982863.312,172969,1746694982844.406,-66,17,-109
1746694982883.219,172983,1746694982864.219,-80,24,-96
1746694982903.063,173014,1746694982884.094,-76,22,-96
1746694982922.937,173023,1746694982903.969,-72,23,-96
1746694982942.781,173014,1746694982923.781,-66,28,-104
1746694982962.656,173010,1746694982943.688,-66,20,-104
1746694982982.531,173020,1746694982963.531,-64,15,-96
1746694983002.375,173011,1746694982983.406,-66,16,-111
1746694983022.219,173041,1746694983003.25,-80,16,-104
1746694983042.094,173101,1746694983023.125,-66,20,-96
1746694983061.969,173155,1746694983042.969,-71,19,-109
1746694983081.844,173234,1746694983062.813,-68,15,-104
1746694983101.687,173300,1746694983082.719,-66,28,-109
1746694983121.531,173364,1746694983102.594,-63,19,-109
1746694983141.406,173444,1746694983122.406,-79,20,-104
1746694983161.25,173518,1746694983142.281,-80,20,-96
1746694983181.094,173528,1746694983162.0942,-71,17,-100
1746694983200.937,173511,1746694983182.0,-69,32,-112
1746694983220.844,173477,1746694983201.938,-71,16,-109
1746694983240.688,173455,1746694983221.719,-68,19,-109
1746694983260.531,173451,1746694983241.594,-72,22,-106
1746694983280.437,173372,1746694983261.469,-72,20,-105
1746694983300.344,173325,1746694983281.313,-77,12,-106
1746694983320.188,173245,1746694983301.188,-74,24,-96
1746694983340.031,173226,1746694983321.062,-64,19,-96
1746694983359.906,173184,1746694983340.937,-71,20,-96
1746694983379.75,173169,1746694983360.781,-66,22,-104
1746694983399.656,173157,1746694983380.656,-68,19,-100
1746694983419.5,173143,1746694983400.531,-68,17,-104
1746694983439.344,173109,1746694983420.406,-81,19,-105
1746694983459.219,173084,1746694983440.219,-77,20,-106
1746694983479.063,173086,1746694983460.125,-68,23,-96
1746694983498.906,173027,1746694983479.969,-81,15,-105
1746694983518.781,173002,1746694983499.8118,-66,20,-96
1746694983538.625,172931,1746694983519.656,-76,20,-96
1746694983558.5,172857,1746694983539.531,-68,17,-96
1746694983578.344,172788,1746694983559.344,-79,16,-104
1746694983598.187,172696,1746694983579.219,-68,16,-109
1746694983618.031,172542,1746694983599.125,-74,15,-104
1746694983637.938,172339,1746694983618.938,-66,16,-96
1746694983657.719,172103,1746694983638.813,-65,17,-109
1746694983677.625,171831,1746694983658.625,-72,19,-104
1746694983697.562,171599,1746694983678.5,-74,19,-109
1746694983717.406,171413,1746694983698.469,-84,24,-96
1746694983737.188,171248,1746694983718.219,-72,17,-98
1746694983757.031,171099,1746694983738.094,-66,19,-105
1746694983776.906,170969,1746694983757.906,-71,22,-96
1746694983796.781,170854,1746694983777.781,-68,15,-96
1746694983816.625,170747,1746694983797.625,-72,20,-100
1746694983836.469,170636,1746694983817.531,-66,25,-111
1746694983856.344,170513,1746694983837.375,-69,14,-109
1746694983876.156,170430,1746694983857.219,-66,24,-105
1746694983896.0,170320,1746694983877.031,-67,17,-103
1746694983915.875,170228,1746694983896.938,-77,19,-105
1746694983935.75,170101,1746694983916.75,-65,22,-110
1746694983955.594,169962,1746694983936.625,-76,20,-111
1746694983975.406,169821,1746694983956.469,-76,23,-96
1746694983995.281,169685,1746694983976.344,-79,22,-103
1746694984015.156,169548,1746694983996.125,-68,17,-104
1746694984035.0,169433,1746694984016.0,-66,14,-104
1746694984054.812,169329,1746694984035.844,-72,20,-104
1746694984074.687,169210,1746694984055.719,-71,12,-96
1746694984094.563,169120,1746694984075.563,-76,23,-96
1746694984114.406,169016,1746694984095.469,-80,28,-109
1746694984134.25,168910,1746694984115.281,-72,19,-104
1746694984154.125,168815,1746694984135.156,-69,20,-109
1746694984173.969,168707,1746694984155.031,-68,24,-111
1746694984193.844,168627,1746694984174.875,-71,22,-113
1746694984213.656,168547,1746694984194.75,-68,19,-109
1746694984233.562,168456,1746694984214.594,-65,20,-96
1746694984253.406,168402,1746694984234.406,-66,22,-104
1746694984273.281,168348,1746694984254.313,-61,24,-106
1746694984293.125,168290,1746694984274.156,-68,24,-96
1746694984312.969,168214,1746694984294.031,-89,22,-96
1746694984332.844,168137,1746694984313.875,-82,25,-96
1746694984352.688,168088,1746694984333.719,-68,24,-103
1746694984372.531,168013,1746694984353.563,-72,20,-104
1746694984392.437,167965,1746694984373.469,-68,24,-105
1746694984412.312,167896,1746694984393.281,-72,23,-104
1746694984432.156,167843,1746694984413.188,-82,22,-96
1746694984452.0,167791,1746694984433.063,-64,19,-96
1746694984471.875,167786,1746694984452.906,-77,19,-98
1746694984491.75,167786,1746694984472.781,-72,19,-96
1746694984511.625,167775,1746694984492.625,-72,15,-112
1746694984531.469,167744,1746694984512.5,-69,17,-104
1746694984551.312,167731,1746694984532.375,-71,24,-109
1746694984571.187,167697,1746694984552.187,-68,16,-103
1746694984591.063,167645,1746694984572.063,-68,18,-109
1746694984610.875,167549,1746694984591.938,-72,17,-96
1746694984630.781,167433,1746694984611.812,-69,17,-96
1746694984650.625,167296,1746694984631.594,-72,19,-100
1746694984670.5,167113,1746694984651.531,-73,17,-96
1746694984690.313,166949,1746694984671.406,-79,20,-96
1746694984710.219,166846,1746694984691.25,-82,23,-96
1746694984730.094,166758,1746694984711.125,-80,23,-96
1746694984749.937,166701,1746694984730.937,-69,28,-104
1746694984769.781,166648,1746694984750.813,-80,23,-99
1746694984789.719,166659,1746694984770.719,-72,16,-96
1746694984809.531,166622,1746694984790.562,-80,19,-100
1746694984829.406,166633,1746694984810.406,-73,17,-96
1746694984849.219,166625,1746694984830.281,-74,19,-109
1746694984869.094,166628,1746694984850.156,-72,23,-106
1746694984888.969,166598,1746694984869.969,-68,15,-96
1746694984908.781,166584,1746694984889.812,-68,31,-112
1746694984928.656,166559,1746694984909.688,-77,24,-104
1746694984948.5,166481,1746694984929.531,-74,19,-96
1746694984968.344,166400,1746694984949.375,-72,15,-97
1746694984988.25,166318,1746694984969.219,-82,19,-96
1746694985008.0618,166239,1746694984989.125,-72,24,-96
1746694985027.938,166169,1746694985008.938,-68,19,-104
1746694985047.813,166107,1746694985028.813,-74,19,-109
1746694985067.656,166055,1746694985048.687,-80,20,-105
1746694985087.469,166016,1746694985068.5,-79,27,-109
1746694985107.344,166018,1746694985088.406,-68,20,-109
1746694985127.188,166015,1746694985108.188,-72,24,-104
1746694985147.094,166038,1746694985128.062,-76,16,-96
1746694985166.906,166065,1746694985147.969,-68,19,-93
1746694985186.781,166096,1746694985167.813,-64,24,-96
1746694985206.656,166123,1746694985187.656,-72,19,-96
1746694985226.594,166134,1746694985207.562,-74,24,-109
1746694985246.344,166138,1746694985227.375,-72,32,-99
1746694985266.219,166160,1746694985247.281,-72,19,-96
1746694985286.094,166142,1746694985267.094,-68,20,-96
1746694985305.938,166156,1746694985286.938,-77,17,-96
1746694985325.781,166152,1746694985306.781,-71,17,-100
1746694985345.656,166141,1746694985326.687,-80,19,-96
1746694985365.5,166130,1746694985346.563,-80,19,-96
1746694985385.375,166133,1746694985366.375,-69,12,-109
1746694985405.188,166106,1746694985386.281,-65,18,-109
1746694985425.062,166119,1746694985406.094,-64,20,-111
1746694985444.969,166086,1746694985425.906,-68,17,-106
1746694985464.75,166045,1746694985445.844,-74,19,-96
1746694985484.594,165940,1746694985465.625,-69,16,-95
1746694985504.469,165810,1746694985485.5,-77,17,-96
1746694985524.312,165630,1746694985505.375,-65,14,-96
1746694985544.188,165484,1746694985525.188,-81,24,-97
1746694985564.031,165367,1746694985545.094,-77,20,-96
1746694985583.906,165285,1746694985564.969,-77,4,-96
1746694985603.781,165273,1746694985584.781,-79,20,-104
1746694985623.656,165263,1746694985604.688,-71,24,-109
1746694985643.5,165313,1746694985624.531,-69,16,-100
1746694985663.375,165371,1746694985644.406,-76,19,-105
1746694985683.219,165417,1746694985664.281,-69,21,-95
1746694985703.094,165502,1746694985684.094,-71,16,-96
1746694985722.938,165521,1746694985703.969,-82,22,-104
1746694985742.781,165546,1746694985723.844,-80,28,-101
1746694985762.656,165569,1746694985743.687,-68,22,-96
1746694985782.531,165536,1746694985763.531,-72,19,-103
1746694985802.344,165506,1746694985783.406,-72,17,-96
1746694985822.25,165450,1746694985803.25,-79,26,-96
1746694985842.156,165419,1746694985823.125,-76,24,-89
1746694985862.0,165387,1746694985843.062,-64,24,-105
1746694985881.844,165385,1746694985862.875,-68,15,-104
1746694985901.719,165366,1746694985882.75,-69,16,-96
1746694985921.594,165370,1746694985902.594,-64,24,-109
1746694985941.406,165390,1746694985922.437,-77,22,-104
1746694985961.281,165440,1746694985942.313,-80,16,-111
1746694985981.156,165459,1746694985962.188,-80,30,-105
1746694986001.031,165480,1746694985982.0,-68,19,-103
1746694986020.844,165504,1746694986001.937,-72,22,-96
1746694986040.719,165515,1746694986021.75,-69,17,-88
1746694986060.594,165573,1746694986041.625,-82,23,-96
1746694986080.438,165594,1746694986061.469,-80,19,-105
1746694986100.281,165626,1746694986081.312,-72,22,-109
1746694986120.125,165626,1746694986101.156,-68,16,-104
1746694986140.0,165700,1746694986121.031,-74,28,-113
1746694986159.875,165701,1746694986140.875,-72,21,-105
1746694986179.812,165712,1746694986160.75,-68,17,-96
1746694986199.594,165743,1746694986180.719,-79,20,-106
1746694986219.469,165766,1746694986200.5,-70,24,-96
1746694986239.313,165788,1746694986220.344,-70,18,-96
1746694986259.156,165825,1746694986240.2192,-66,19,-106
1746694986279.031,165848,1746694986260.031,-77,19,-101
1746694986298.906,165840,1746694986279.938,-65,17,-96
1746694986318.719,165895,1746694986299.75,-80,23,-100
1746694986338.563,165944,1746694986319.594,-72,19,-109
1746694986358.406,165957,1746694986339.469,-71,18,-105
1746694986378.281,165906,1746694986359.344,-71,20,-104
1746694986398.156,165770,1746694986379.156,-74,15,-96
1746694986417.969,165548,1746694986399.063,-68,23,-96
1746694986437.844,165318,1746694986418.906,-76,20,-111
1746694986457.719,165124,1746694986438.75,-81,22,-96
1746694986477.562,164964,1746694986458.625,-77,24,-96
1746694986497.375,164878,1746694986478.438,-69,19,-93
1746694986517.281,164871,1746694986498.281,-77,14,-104
1746694986537.125,164900,1746694986518.187,-72,24,-110
1746694986557.0,164934,1746694986538.0,-72,31,-96
1746694986576.813,164950,1746694986557.875,-77,22,-106
1746694986596.656,164967,1746694986577.75,-57,17,-109
1746694986616.531,164985,1746694986597.562,-85,23,-98
1746694986636.375,164990,1746694986617.406,-82,18,-96
1746694986656.25,165001,1746694986637.281,-81,24,-96
1746694986676.219,165017,1746694986657.094,-77,12,-104
1746694986695.969,164984,1746694986677.125,-93,24,-96
1746694986715.812,164964,1746694986696.812,-73,16,-97
1746694986735.656,164927,1746694986716.687,-81,14,-96
1746694986755.531,164959,1746694986736.594,-76,24,-109
1746694986775.4058,165018,1746694986756.438,-72,23,-112
1746694986795.281,165084,1746694986776.281,-80,15,-96
1746694986815.094,165184,1746694986796.156,-88,20,-96
1746694986834.938,165290,1746694986816.0,-80,22,-96
1746694986854.813,165384,1746694986835.875,-70,20,-96
1746694986874.656,165457,1746694986855.719,-69,20,-96
1746694986894.5,165490,1746694986875.5,-68,30,-104
1746694986914.375,165504,1746694986895.375,-65,19,-111
1746694986934.156,165522,1746694986915.375,-71,23,-112
1746694986954.031,165559,1746694986935.031,-66,27,-106
1746694986973.875,165586,1746694986954.906,-72,17,-96
1746694986993.719,165650,1746694986974.781,-84,43,-106
1746694987013.562,165707,1746694986994.625,-69,14,-104
1746694987033.406,165780,1746694987014.406,-66,22,-104
1746694987053.25,165876,1746694987034.312,-77,7,-99
1746694987073.094,165980,1746694987054.125,-80,22,-96
1746694987092.937,166086,1746694987073.969,-77,19,-96
1746694987112.781,166131,1746694987093.781,-71,12,-104
1746694987132.656,166154,1746694987113.656,-66,16,-109
1746694987152.438,166193,1746694987133.5,-68,17,-111
1746694987172.312,166204,1746694987153.344,-65,19,-109
1746694987192.187,166184,1746694987173.187,-72,12,-96
1746694987212.0,166164,1746694987193.063,-79,23,-96
1746694987231.844,166165,1746694987212.875,-77,21,-105
1746694987251.688,166161,1746694987232.75,-84,20,-105
1746694987271.531,166186,1746694987252.594,-67,20,-96
1746694987291.406,166217,1746694987272.438,-71,17,-104
1746694987311.219,166270,1746694987292.281,-77,20,-103
1746694987331.094,166306,1746694987312.125,-80,1,-103
1746694987350.969,166363,1746694987332.0,-79,19,-96
1746694987370.812,166355,1746694987351.844,-68,22,-112
1746694987390.625,166337,1746694987371.688,-69,16,-113
1746694987410.5,166235,1746694987391.531,-76,22,-109
1746694987430.344,166068,1746694987411.406,-71,24,-112
1746694987450.219,165842,1746694987431.219,-77,17,-96
1746694987470.031,165663,1746694987451.062,-69,15,-104
1746694987489.875,165484,1746694987470.938,-65,19,-101
1746694987509.75,165390,1746694987490.813,-63,19,-112
1746694987529.594,165305,1746694987510.625,-80,16,-96
1746694987549.437,165283,1746694987530.469,-77,16,-96
1746694987569.281,165268,1746694987550.313,-76,15,-96
1746694987589.156,165326,1746694987570.188,-72,12,-105
1746694987609.0,165366,1746694987590.031,-43,19,-96
1746694987628.875,165401,1746694987609.875,-66,19,-106
1746694987648.6868,165446,1746694987629.75,-73,24,-96
1746694987668.563,165496,1746694987649.625,-74,17,-104
1746694987688.438,165544,1746694987669.438,-68,16,-112
1746694987708.281,165592,1746694987689.312,-68,15,-111
1746694987728.094,165623,1746694987709.156,-72,16,-129
1746694987747.937,165631,1746694987729.0,-69,24,-104
1746694987767.813,165632,1746694987748.813,-72,19,-96
1746694987787.656,165589,1746694987768.687,-69,19,-96
1746694987807.5,165572,1746694987788.562,-80,19,-96
1746694987827.344,165549,1746694987808.406,-79,20,-96
1746694987847.188,165565,1746694987828.219,-80,19,-96
1746694987867.094,165605,1746694987848.094,-68,15,-96
1746694987886.906,165636,1746694987867.969,-77,11,-95
1746694987906.781,165698,1746694987887.781,-68,27,-104
1746694987926.625,165724,1746694987907.625,-72,19,-103
1746694987946.469,165776,1746694987927.531,-80,19,-109
1746694987966.313,165801,1746694987947.375,-68,16,-100
1746694987986.187,165824,1746694987967.219,-80,16,-96
1746694988006.031,165870,1746694987987.094,-72,20,-96
1746694988025.906,165883,1746694988006.906,-77,16,-104
1746694988045.844,165928,1746694988026.719,-69,14,-98
1746694988065.594,165946,1746694988046.656,-68,15,-104
1746694988085.469,165961,1746694988066.469,-71,19,-96
1746694988105.344,166006,1746694988086.344,-71,28,-105
1746694988125.1882,166020,1746694988106.219,-68,19,-111
1746694988145.062,166075,1746694988126.125,-79,24,-109
1746694988164.906,166112,1746694988145.937,-79,16,-104
1746694988184.781,166142,1746694988165.781,-80,22,-111
1746694988204.625,166168,1746694988185.656,-77,22,-96
1746694988224.469,166204,1746694988205.5308,-75,20,-103
1746694988244.344,166224,1746694988225.344,-68,19,-93
1746694988264.187,166299,1746694988245.187,-67,19,-100
1746694988284.063,166331,1746694988265.094,-64,18,-96
1746694988303.906,166360,1746694988284.938,-77,23,-104
1746694988323.781,166400,1746694988304.781,-77,19,-104
1746694988343.656,166450,1746694988324.656,-64,20,-104
1746694988363.469,166478,1746694988344.531,-87,15,-96
1746694988383.375,166529,1746694988364.375,-81,14,-96
1746694988403.219,166544,1746694988384.219,-68,16,-104
1746694988423.094,166606,1746694988404.094,-77,19,-109
1746694988442.938,166646,1746694988424.0,-71,19,-96
1746694988462.781,166713,1746694988443.844,-82,20,-96
1746694988482.687,166742,1746694988463.687,-73,19,-96
1746694988502.531,166808,1746694988483.562,-69,16,-109
1746694988522.375,166812,1746694988503.406,-77,23,-104
1746694988542.281,166855,1746694988523.281,-80,19,-109
1746694988562.125,166904,1746694988543.156,-66,17,-96
1746694988582.0,166953,1746694988563.0,-68,19,-96
1746694988601.875,166993,1746694988582.844,-68,14,-96
1746694988621.656,167005,1746694988602.781,-74,14,-109
1746694988641.531,167050,1746694988622.531,-72,16,-104
1746694988661.375,167105,1746694988642.437,-80,19,-96
1746694988681.219,167130,1746694988662.281,-81,25,-109
1746694988701.094,167175,1746694988682.125,-70,15,-101
1746694988721.0,167230,1746694988701.969,-76,17,-96
1746694988740.813,167284,1746694988721.844,-66,15,-100
1746694988760.625,167333,1746694988741.656,-72,24,-109
1746694988780.469,167363,1746694988761.531,-67,15,-104
1746694988800.344,167340,1746694988781.375,-74,15,-113
1746694988820.219,167197,1746694988801.25,-69,16,-109
1746694988840.062,167018,1746694988821.094,-69,20,-109
1746694988859.937,166828,1746694988840.969,-77,16,-96
1746694988879.781,166659,1746694988860.781,-64,17,-104
1746694988899.625,166515,1746694988880.656,-68,15,-96
1746694988919.4692,166425,1746694988900.5,-63,12,-96
1746694988939.344,166377,1746694988920.344,-74,19,-104
1746694988959.219,166394,1746694988940.219,-79,19,-105
1746694988979.094,166429,1746694988960.063,-64,27,-105
1746694988998.938,166470,1746694988979.969,-72,22,-96
1746694989018.781,166483,1746694988999.844,-57,19,-106
1746694989038.656,166517,1746694989019.687,-74,15,-100
1746694989058.531,166528,1746694989039.5,-74,17,-104
1746694989078.344,166517,1746694989059.406,-77,31,-109
1746694989098.187,166553,1746694989079.25,-80,22,-96
1746694989118.094,166543,1746694989099.094,-80,17,-96
1746694989137.938,166530,1746694989118.938,-68,12,-104
1746694989157.75,166518,1746694989138.781,-65,22,-104
1746694989177.625,166460,1746694989158.6558,-68,16,-109
1746694989197.5,166426,1746694989178.5,-73,19,-109
1746694989217.375,166353,1746694989198.375,-68,15,-96
1746694989237.188,166360,1746694989218.25,-72,12,-96
1746694989257.094,166336,1746694989238.094,-77,15,-96
1746694989276.937,166331,1746694989257.969,-72,20,-96
1746694989296.812,166330,1746694989277.812,-80,19,-104
1746694989316.656,166362,1746694989297.688,-68,17,-109
1746694989336.531,166359,1746694989317.531,-69,19,-100
1746694989356.406,166398,1746694989337.406,-80,17,-109
1746694989376.281,166404,1746694989357.281,-71,16,-112
1746694989396.094,166460,1746694989377.156,-68,23,-109
1746694989415.969,166467,1746694989397.031,-64,19,-96
1746694989435.844,166473,1746694989416.875,-77,22,-96
1746694989455.719,166486,1746694989436.719,-79,19,-103
1746694989475.563,166501,1746694989456.594,-72,24,-113
1746694989495.438,166542,1746694989476.469,-74,23,-109
1746694989515.312,166574,1746694989496.281,-68,19,-104
1746694989535.156,166570,1746694989516.187,-67,22,-112
1746694989555.0,166606,1746694989536.063,-74,24,-96
1746694989574.875,166651,1746694989555.906,-72,19,-111
1746694989594.75,166653,1746694989575.75,-80,19,-96
1746694989614.562,166715,1746694989595.594,-68,19,-100
1746694989634.406,166734,1746694989615.5,-77,17,-96
1746694989654.313,166757,1746694989635.344,-73,17,-96
1746694989674.156,166812,1746694989655.188,-68,22,-109
1746694989694.031,166836,1746694989675.031,-73,16,-96
1746694989713.906,166858,1746694989694.937,-67,23,-96
1746694989733.75,166911,1746694989714.781,-68,23,-104
1746694989753.625,166915,1746694989734.656,-53,12,-96
1746694989773.5,166930,1746694989754.5,-64,20,-98
1746694989793.344,166973,1746694989774.406,-79,17,-96
1746694989813.219,167026,1746694989794.25,-87,39,-96
1746694989833.094,167065,1746694989814.094,-79,19,-105
1746694989852.969,167108,1746694989833.9692,-77,20,-96
1746694989872.812,167153,1746694989853.812,-68,7,-94
1746694989892.656,167216,1746694989873.688,-68,20,-96
1746694989912.563,167221,1746694989893.531,-79,20,-109
1746694989932.406,167262,1746694989913.437,-73,19,-109
1746694989952.281,167277,1746694989933.312,-72,18,-96
1746694989972.156,167364,1746694989953.125,-68,15,-104
1746694989992.0,167387,1746694989973.063,-65,16,-96
1746694990011.844,167405,1746694989992.875,-74,16,-96
1746694990031.719,167451,1746694990012.75,-80,15,-96
1746694990051.594,167453,1746694990032.562,-80,20,-104
1746694990071.469,167367,1746694990052.438,-74,17,-96
1746694990091.281,167181,1746694990072.344,-72,15,-96
1746694990111.187,166975,1746694990092.219,-71,17,-96
1746694990131.062,166814,1746694990112.031,-77,15,-104
1746694990150.938,166671,1746694990131.938,-73,22,-109
1746694990170.781,166568,1746694990151.813,-79,20,-105
1746694990190.719,166537,1746694990171.6868,-75,20,-104
1746694990210.531,166521,1746694990191.531,-68,15,-114
1746694990230.406,166575,1746694990211.406,-68,19,-109
1746694990250.25,166650,1746694990231.281,-77,19,-96
1746694990270.125,166666,1746694990251.156,-66,16,-113
1746694990290.0,166684,1746694990271.0,-67,19,-104
1746694990309.875,166710,1746694990290.875,-76,19,-109
1746694990329.719,166741,1746694990310.75,-72,19,-96
1746694990349.5942,166765,1746694990330.625,-75,23,-96
1746694990369.437,166751,1746694990350.406,-76,20,-104
1746694990389.313,166719,1746694990370.344,-74,19,-96
1746694990409.125,166644,1746694990390.188,-68,16,-104
1746694990429.0,166585,1746694990410.062,-68,21,-109
1746694990448.875,166545,1746694990429.906,-68,20,-113
1746694990468.75,166490,1746694990449.75,-77,19,-96
1746694990488.563,166458,1746694990469.625,-77,21,-104
1746694990508.438,166439,1746694990489.469,-74,15,-106
1746694990528.312,166437,1746694990509.312,-68,17,-109
1746694990548.156,166397,1746694990529.187,-76,31,-109
1746694990568.0,166386,1746694990549.031,-66,22,-103
1746694990587.875,166382,1746694990568.906,-64,24,-104
1746694990607.75,166363,1746694990588.75,-66,22,-98
1746694990627.625,166393,1746694990608.656,-68,17,-109
1746694990647.469,166399,1746694990628.531,-68,16,-105
1746694990667.344,166439,1746694990648.344,-71,19,-105
1746694990687.25,166462,1746694990668.219,-77,20,-96
1746694990707.062,166458,1746694990688.125,-71,19,-96
1746694990726.938,166495,1746694990707.969,-68,14,-109
1746694990746.813,166536,1746694990727.844,-66,18,-109
1746694990766.656,166540,1746694990747.687,-64,20,-109
1746694990786.5,166574,1746694990767.531,-81,16,-109
1746694990806.375,166624,1746694990787.406,-76,17,-112
1746694990826.219,166656,1746694990807.281,-81,24,-109
1746694990846.094,166652,1746694990827.094,-66,7,-96
1746694990865.906,166698,1746694990846.969,-68,17,-96
1746694990885.781,166739,1746694990866.812,-85,15,-96
1746694990905.656,166738,1746694990886.688,-76,20,-104
1746694990925.594,166773,1746694990906.531,-72,20,-105
1746694990945.344,166805,1746694990926.375,-74,15,-101
1746694990965.219,166835,1746694990946.281,-79,23,-96
1746694990985.063,166848,1746694990966.094,-65,19,-109
1746694991004.969,166872,1746694990985.938,-69,20,-96
1746694991024.781,166936,1746694991005.8442,-71,18,-96
1746694991044.625,166955,1746694991025.687,-73,19,-104
1746694991064.5,166980,1746694991045.563,-73,24,-109
1746694991084.375,167015,1746694991065.375,-78,23,-112
1746694991104.188,167024,1746694991085.25,-80,17,-103
1746694991124.062,167057,1746694991105.094,-67,19,-109
1746694991143.969,167088,1746694991124.969,-68,21,-103
1746694991163.781,167090,1746694991144.844,-72,28,-96
1746694991183.625,167095,1746694991164.625,-73,19,-104
1746694991203.469,167122,1746694991184.531,-73,20,-96
1746694991223.312,167053,1746694991204.375,-69,14,-109
1746694991243.156,166943,1746694991224.219,-77,18,-100
1746694991263.0,166756,1746694991244.031,-71,16,-96
1746694991282.875,166582,1746694991263.906,-77,16,-96
1746694991302.7192,166408,1746694991283.781,-65,17,-96
1746694991322.594,166239,1746694991303.594,-77,19,-96
1746694991342.438,166151,1746694991323.469,-80,16,-105
1746694991362.281,166113,1746694991343.313,-77,20,-96
1746694991382.125,166116,1746694991363.187,-82,22,-96
1746694991402.0,166170,1746694991382.969,-77,22,-104
1746694991421.844,166223,1746694991402.875,-81,15,-96
1746694991441.656,166295,1746694991422.719,-73,16,-96
1746694991461.531,166371,1746694991442.563,-61,16,-104
1746694991481.406,166424,1746694991462.437,-71,20,-96
1746694991501.25,166507,1746694991482.25,-74,16,-96
1746694991521.094,166537,1746694991502.125,-73,35,-96
1746694991540.938,166562,1746694991522.0,-79,22,-112
1746694991560.812,166588,1746694991541.812,-51,16,-104
1746694991580.656,166571,1746694991561.687,-65,19,-100
1746694991600.5,166553,1746694991581.531,-81,20,-111
1746694991620.344,166547,1746694991601.344,-81,16,-100
1746694991640.219,166522,1746694991621.25,-68,18,-96
1746694991660.062,166532,1746694991641.094,-71,16,-96
1746694991679.906,166546,1746694991660.969,-80,7,-97
1746694991699.781,166578,1746694991680.844,-72,22,-96
1746694991719.625,166633,1746694991700.656,-68,19,-106
1746694991739.5,166670,1746694991720.469,-68,22,-104
1746694991759.344,166729,1746694991740.375,-77,24,-96
1746694991779.187,166778,1746694991760.281,-77,23,-96
1746694991799.063,166850,1746694991780.156,-61,20,-112
1746694991818.938,166882,1746694991799.937,-66,18,-96
1746694991838.75,166959,1746694991819.844,-79,16,-96
1746694991858.625,167008,1746694991839.688,-67,15,-96
1746694991878.531,167032,1746694991859.5,-68,19,-96
1746694991898.438,167085,1746694991879.406,-64,19,-112
1746694991918.219,167122,1746694991899.25,-72,19,-104
1746694991938.062,167149,1746694991919.125,-66,19,-109
1746694991957.938,167186,1746694991938.938,-57,25,-103
1746694991977.813,167206,1746694991958.844,-74,23,-96
1746694991997.625,167230,1746694991978.687,-68,22,-96
1746694992017.5,167270,1746694991998.531,-82,21,-120
1746694992037.375,167322,1746694992018.375,-71,19,-96
1746694992057.281,167340,1746694992038.25,-80,21,-96
1746694992077.094,167396,1746694992058.125,-72,19,-100
1746694992096.969,167452,1746694992078.0,-76,22,-112
1746694992116.812,167501,1746694992097.812,-66,31,-100
1746694992136.688,167518,1746694992117.688,-79,20,-96
1746694992156.531,167552,1746694992137.594,-80,22,-96
1746694992176.375,167577,1746694992157.437,-80,14,-89
1746694992196.281,167622,1746694992177.281,-68,23,-109
1746694992216.125,167676,1746694992197.156,-73,17,-109
1746694992236.0,167637,1746694992217.031,-71,19,-106
1746694992255.8442,167576,1746694992236.875,-68,15,-104
1746694992275.719,167460,1746694992256.75,-68,15,-96
1746694992295.563,167290,1746694992276.625,-66,17,-105
1746694992315.406,167113,1746694992296.438,-68,15,-103
1746694992335.312,166902,1746694992316.312,-71,14,-104
1746694992355.156,166666,1746694992336.1868,-80,15,-96
1746694992375.0,166491,1746694992356.063,-81,22,-96
1746694992394.844,166324,1746694992375.906,-77,23,-104
1746694992414.719,166192,1746694992395.75,-76,16,-120
1746694992434.594,166099,1746694992415.594,-80,17,-96
1746694992454.406,166073,1746694992435.437,-69,17,-96
1746694992474.281,166110,1746694992455.281,-77,17,-111
1746694992494.1558,166163,1746694992475.188,-77,15,-96
1746694992514.0,166200,1746694992495.031,-77,19,-105
1746694992533.844,166243,1746694992514.844,-57,16,-96
1746694992553.688,166264,1746694992534.75,-77,16,-96
1746694992573.531,166294,1746694992554.594,-65,19,-105
1746694992593.437,166311,1746694992574.406,-79,31,-96
1746694992613.312,166308,1746694992594.344,-77,19,-109
1746694992633.156,166300,1746694992614.25,-80,20,-96
1746694992653.031,166237,1746694992634.063,-65,18,-106
1746694992672.875,166158,1746694992653.906,-74,17,-109
1746694992692.719,166082,1746694992673.75,-73,31,-104
1746694992712.594,166038,1746694992693.625,-79,16,-112
1746694992732.438,166012,1746694992713.5,-77,15,-105
1746694992752.313,166036,1746694992733.313,-69,15,-91
1746694992772.156,166067,1746694992753.25,-80,15,-96
1746694992792.0,166085,1746694992773.062,-76,19,-96
1746694992811.875,166107,1746694992792.906,-69,14,-112
1746694992831.781,166105,1746694992812.75,-79,22,-109
1746694992851.625,166109,1746694992832.656,-72,24,-96
1746694992871.469,166119,1746694992852.531,-72,22,-96
1746694992891.344,166104,1746694992872.375,-68,19,-109
1746694992911.188,166092,1746694992892.219,-77,22,-109
1746694992931.062,166077,1746694992912.062,-80,23,-96
1746694992950.906,166075,1746694992931.969,-79,23,-109
1746694992970.781,166081,1746694992951.813,-69,22,-97
1746694992990.688,166088,1746694992971.656,-68,16,-96
1746694993010.531,166129,1746694992991.562,-77,19,-96
1746694993030.406,166157,1746694993011.437,-63,30,-109
1746694993050.281,166170,1746694993031.281,-71,19,-106
1746694993070.219,166162,1746694993051.156,-73,17,-96
1746694993090.031,166134,1746694993071.031,-80,15,-100
1746694993109.906,166165,1746694993090.906,-77,16,-99
1746694993129.75,166149,1746694993110.781,-73,31,-109
1746694993149.625,166129,1746694993130.656,-64,24,-113
1746694993169.4692,166118,1746694993150.531,-80,23,-109
1746694993189.344,166076,1746694993170.375,-72,15,-105
1746694993209.219,166025,1746694993190.187,-68,17,-96
1746694993229.063,165996,1746694993210.094,-68,15,-109
1746694993248.906,165999,1746694993229.969,-79,17,-104
1746694993268.781,165983,1746694993249.8118,-76,23,-96
1746694993288.656,165996,1746694993269.687,-80,20,-105
1746694993308.5,165999,1746694993289.5,-72,22,-112
1746694993328.344,165970,1746694993309.375,-73,24,-96
1746694993348.219,165986,1746694993329.281,-82,22,-96
1746694993368.156,166011,1746694993349.219,-79,24,-103
1746694993387.969,166054,1746694993368.969,-77,19,-106
1746694993407.813,166069,1746694993388.844,-77,22,-96
1746694993427.687,166027,1746694993408.719,-53,24,-96
1746694993447.625,165949,1746694993428.562,-80,17,-96
1746694993467.406,165774,1746694993448.531,-72,19,-109
1746694993487.25,165588,1746694993468.313,-79,35,-103
1746694993507.125,165378,1746694993488.156,-68,22,-104
1746694993527.0,165195,1746694993508.031,-79,20,-109
1746694993546.875,165091,1746694993527.875,-69,20,-100
1746694993566.719,165028,1746694993547.75,-72,23,-104
1746694993586.563,165037,1746694993567.625,-80,19,-105
1746694993606.469,165061,1746694993587.437,-68,19,-104
1746694993626.312,165091,1746694993607.344,-66,22,-109
1746694993646.125,165125,1746694993627.219,-77,19,-109
1746694993666.0,165141,1746694993647.063,-65,26,-109
1746694993685.969,165167,1746694993666.906,-79,24,-96
1746694993705.719,165213,1746694993686.844,-78,25,-96
1746694993725.594,165261,1746694993706.625,-69,16,-95
1746694993745.469,165272,1746694993726.531,-68,16,-106
1746694993765.312,165274,1746694993746.344,-73,28,-109
1746694993785.156,165257,1746694993766.187,-71,19,-97
1746694993805.063,165206,1746694993786.094,-65,24,-109
1746694993824.875,165200,1746694993805.938,-64,15,-104
1746694993844.75,165178,1746694993825.7192,-64,22,-104
1746694993864.594,165188,1746694993845.625,-64,20,-109
1746694993884.469,165149,1746694993865.469,-76,18,-125
1746694993904.313,165160,1746694993885.313,-65,15,-100
1746694993924.188,165150,1746694993905.219,-66,15,-95
1746694993944.031,165205,1746694993925.062,-72,19,-109
1746694993963.875,165211,1746694993944.937,-66,22,-109
1746694993983.75,165216,1746694993964.781,-72,15,-96
1746694994003.594,165257,1746694993984.625,-68,17,-96
1746694994023.438,165272,1746694994004.5,-72,23,-114
1746694994043.281,165280,1746694994024.344,-69,24,-110
1746694994063.156,165315,1746694994044.188,-80,35,-96
1746694994083.156,165338,1746694994064.0,-73,22,-96
1746694994102.844,165322,1746694994084.031,-64,23,-105
1746694994122.719,165307,1746694994103.75,-69,22,-97
1746694994142.594,165274,1746694994123.625,-76,17,-103
1746694994162.469,165250,1746694994143.438,-89,35,-96
1746694994182.313,165228,1746694994163.344,-80,24,-96
1746694994202.187,165192,1746694994183.187,-71,20,-100
1746694994222.031,165220,1746694994203.094,-70,17,-88
1746694994241.906,165249,1746694994222.906,-77,17,-96
1746694994261.719,165284,1746694994242.781,-72,30,-109
1746694994281.594,165296,1746694994262.594,-72,19,-111
1746694994301.469,165332,1746694994282.5,-64,20,-103
1746694994321.375,165384,1746694994302.344,-65,17,-96
1746694994341.188,165450,1746694994322.25,-63,22,-109
1746694994361.031,165533,1746694994342.094,-80,23,-111
1746694994380.906,165607,1746694994361.969,-71,25,-96
1746694994400.781,165698,1746694994381.781,-72,22,-105
1746694994420.594,165803,1746694994401.656,-77,19,-96
1746694994440.469,165868,1746694994421.531,-68,24,-105
1746694994460.344,165918,1746694994441.375,-80,16,-96
1746694994480.219,165926,1746694994461.219,-78,20,-109
1746694994500.031,165875,1746694994481.094,-72,24,-96
1746694994519.906,165751,1746694994500.969,-72,15,-96
1746694994539.75,165581,1746694994520.812,-65,19,-96
1746694994559.625,165430,1746694994540.719,-79,28,-96
1746694994579.469,165308,1746694994560.5,-72,22,-96
1746694994599.344,165258,1746694994580.406,-68,23,-96
1746694994619.219,165204,1746694994600.25,-69,19,-96
1746694994639.094,165235,1746694994620.094,-77,20,-96
1746694994658.906,165309,1746694994639.969,-82,37,-96
1746694994678.781,165380,1746694994659.906,-68,19,-96
1746694994698.656,165467,1746694994679.688,-71,20,-96
1746694994718.531,165573,1746694994699.562,-84,20,-96
1746694994738.344,165627,1746694994719.375,-71,15,-96
1746694994758.25,165668,1746694994739.25,-68,17,-96
1746694994778.094,165701,1746694994759.125,-72,19,-104
1746694994797.969,165679,1746694994778.937,-80,16,-104
1746694994817.812,165673,1746694994798.844,-72,19,-96
1746694994837.719,165632,1746694994818.75,-77,20,-96
1746694994857.594,165561,1746694994838.594,-79,16,-98
1746694994877.469,165440,1746694994858.469,-77,22,-96
1746694994897.312,165268,1746694994878.344,-81,27,-104
1746694994917.219,165094,1746694994898.219,-68,19,-96
1746694994937.156,164932,1746694994918.094,-77,23,-112
1746694994956.937,164793,1746694994937.969,-72,19,-98
1746694994976.781,164768,1746694994957.875,-79,19,-96
1746694994996.625,164760,1746694994977.719,-80,22,-95
1746694995016.5,164839,1746694994997.5,-72,22,-105
1746694995036.375,164914,1746694995017.375,-71,20,-105
1746694995056.219,165064,1746694995037.25,-71,15,-109
1746694995076.094,165225,1746694995057.125,-69,23,-104
1746694995095.969,165376,1746694995076.969,-80,20,-103
1746694995115.844,165539,1746694995096.844,-73,19,-104
1746694995135.656,165662,1746694995116.719,-89,16,-96
1746694995155.531,165786,1746694995136.563,-63,22,-109
1746694995175.375,165839,1746694995156.406,-66,19,-96
1746694995195.25,165887,1746694995176.281,-69,16,-96
1746694995215.125,165914,1746694995196.156,-74,19,-96
1746694995235.0,165915,1746694995216.063,-87,27,-96
1746694995254.875,165932,1746694995235.875,-67,22,-96
1746694995274.719,165906,1746694995255.75,-72,19,-96
1746694995294.594,165870,1746694995275.625,-68,11,-104
1746694995314.469,165846,1746694995295.5,-72,22,-104
1746694995334.313,165849,1746694995315.344,-68,22,-103
1746694995354.156,165859,1746694995335.219,-81,18,-120
1746694995374.031,165876,1746694995355.062,-80,24,-96
1746694995393.875,165949,1746694995374.937,-79,23,-109
1746694995413.781,166017,1746694995394.781,-80,24,-109
1746694995433.625,166092,1746694995414.625,-80,19,-104
1746694995453.5,166141,1746694995434.562,-77,22,-96
1746694995473.375,166130,1746694995454.437,-79,24,-109
1746694995493.25,166042,1746694995474.25,-77,27,-104
1746694995513.094,165873,1746694995494.1558,-77,23,-96
1746694995532.938,165705,1746694995513.969,-68,28,-101
1746694995552.875,165544,1746694995533.844,-66,20,-96
1746694995572.687,165443,1746694995553.719,-72,22,-96
1746694995592.531,165353,1746694995573.563,-71,21,-106
1746694995612.406,165328,1746694995593.437,-69,23,-96
1746694995632.281,165319,1746694995613.281,-65,19,-106
1746694995652.219,165374,1746694995633.156,-73,18,-103
1746694995672.0,165442,1746694995653.094,-78,23,-112
1746694995691.844,165457,1746694995672.906,-79,38,-96
1746694995711.719,165458,1746694995692.719,-81,15,-104
1746694995731.594,165408,1746694995712.562,-69,19,-100
1746694995751.438,165388,1746694995732.469,-72,22,-104
1746694995771.313,165383,1746694995752.344,-77,22,-96
1746694995791.156,165318,1746694995772.156,-76,17,-103
1746694995811.062,165291,1746694995792.031,-77,19,-104
1746694995830.938,165184,1746694995811.969,-69,23,-109
1746694995850.781,165075,1746694995831.844,-77,19,-105
1746694995870.656,164977,1746694995851.656,-65,19,-103
1746694995890.531,164907,1746694995871.531,-68,18,-103
1746694995910.375,164870,1746694995891.438,-68,24,-103
1746694995930.281,164897,1746694995911.25,-79,20,-104
1746694995950.125,164936,1746694995931.156,-79,25,-109
1746694995970.0,164943,1746694995951.0,-80,23,-96
1746694995989.875,164963,1746694995970.906,-76,14,-100
1746694996009.719,164999,1746694995990.781,-72,23,-96
1746694996029.594,165075,1746694996010.625,-77,39,-96
1746694996049.469,165164,1746694996030.469,-68,19,-104
1746694996069.344,165255,1746694996050.344,-79,28,-100
1746694996089.25,165305,1746694996070.25,-76,15,-97
1746694996109.094,165362,1746694996090.156,-77,23,-109
1746694996128.937,165402,1746694996109.969,-77,25,-104
1746694996148.813,165459,1746694996129.813,-67,16,-100
1746694996168.656,165512,1746694996149.719,-72,22,-96
1746694996188.531,165557,1746694996169.531,-73,17,-109
1746694996208.406,165565,1746694996189.437,-69,23,-104
1746694996228.25,165616,1746694996209.313,-72,22,-105
1746694996248.125,165654,1746694996229.156,-66,23,-106
1746694996268.0,165689,1746694996249.0,-73,23,-96
1746694996287.812,165728,1746694996268.875,-74,17,-96
1746694996307.687,165760,1746694996288.75,-65,24,-103
1746694996327.563,165774,1746694996308.594,-72,16,-109
1746694996347.406,165852,1746694996328.438,-68,20,-96
1746694996367.219,165921,1746694996348.312,-68,20,-105
1746694996387.125,165985,1746694996368.125,-68,24,-112
1746694996407.094,166039,1746694996388.0,-77,28,-109
1746694996426.844,166130,1746694996407.875,-81,16,-101
1746694996446.656,166140,1746694996427.7192,-65,17,-96
1746694996466.531,166078,1746694996447.594,-81,19,-96
1746694996486.375,165945,1746694996467.438,-69,19,-104
1746694996506.25,165731,1746694996487.25,-72,23,-109
1746694996526.063,165506,1746694996507.156,-80,25,-96
1746694996545.937,165251,1746694996527.0,-72,25,-96
1746694996565.844,165029,1746694996546.875,-74,23,-109
1746694996585.656,164886,1746694996566.719,-66,25,-96
1746694996605.531,164847,1746694996586.563,-80,24,-109
1746694996625.437,164852,1746694996606.406,-69,17,-99
1746694996645.25,164908,1746694996626.281,-71,18,-105
1746694996665.125,164983,1746694996646.125,-70,19,-105
1746694996684.969,165061,1746694996666.0,-69,22,-96
1746694996704.844,165130,1746694996685.875,-65,17,-96
1746694996724.719,165187,1746694996705.719,-68,17,-98
1746694996744.594,165249,1746694996725.563,-78,19,-104
1746694996764.438,165295,1746694996745.469,-83,32,-105
1746694996784.312,165309,1746694996765.312,-68,17,-104
1746694996804.281,165323,1746694996785.187,-68,19,-96
1746694996824.031,165265,1746694996805.063,-88,15,-92
1746694996843.906,165237,1746694996824.906,-75,19,-96
1746694996863.781,165157,1746694996844.812,-77,20,-96
1746694996883.625,165105,1746694996864.625,-79,20,-104
1746694996903.531,165057,1746694996884.469,-70,19,-100
1746694996923.375,165022,1746694996904.406,-68,19,-109
1746694996943.219,165021,1746694996924.2808,-69,28,-109
1746694996963.094,164982,1746694996944.094,-77,22,-109
1746694996982.937,164944,1746694996964.0,-72,28,-96
1746694997002.813,164945,1746694996983.844,-88,22,-96
1746694997022.656,164911,1746694997003.719,-70,20,-96
1746694997042.531,164918,1746694997023.562,-82,24,-96
1746694997062.406,164940,1746694997043.375,-71,24,-109
1746694997082.25,164993,1746694997063.281,-81,20,-103
1746694997102.125,165079,1746694997083.188,-80,25,-105
1746694997122.0,165160,1746694997103.0,-71,20,-96
1746694997141.937,165224,1746694997122.875,-79,19,-96
1746694997161.719,165283,1746694997142.75,-68,17,-101
1746694997181.594,165338,1746694997162.625,-81,23,-96
1746694997201.469,165378,1746694997182.469,-74,19,-96
1746694997221.312,165465,1746694997202.344,-71,27,-109
1746694997241.156,165575,1746694997222.188,-79,24,-109
1746694997261.0,165638,1746694997242.063,-79,22,-96
1746694997280.906,165720,1746694997261.875,-72,19,-109
1746694997300.781,165830,1746694997281.781,-77,23,-96
1746694997320.594,165931,1746694997301.688,-80,23,-96
1746694997340.5,166068,1746694997321.531,-73,25,-109
1746694997360.375,166184,1746694997341.3442,-69,20,-96
1746694997380.187,166279,1746694997361.25,-71,20,-106
1746694997400.094,166399,1746694997381.094,-68,25,-104
1746694997420.0,166517,1746694997401.0,-80,22,-96
1746694997439.813,166617,1746694997420.875,-80,24,-96
1746694997459.656,166681,1746694997440.687,-80,19,-100
1746694997479.531,166789,1746694997460.562,-68,15,-96
1746694997499.344,166888,1746694997480.406,-73,43,-104
1746694997519.375,167007,1746694997500.25,-76,28,-96
1746694997539.062,167056,1746694997520.25,-79,24,-96
1746694997558.969,167008,1746694997540.094,-73,15,-96
1746694997578.844,166912,1746694997559.875,-68,19,-96
1746694997598.688,166779,1746694997579.719,-65,16,-110
1746694997618.531,166651,1746694997599.562,-77,23,-103
1746694997638.469,166553,1746694997619.437,-81,20,-109
1746694997658.281,166517,1746694997639.313,-73,19,-106
1746694997678.156,166561,1746694997659.156,-71,24,-109
1746694997698.0,166642,1746694997679.0,-68,22,-100
1746694997717.844,166788,1746694997698.906,-80,28,-109
1746694997737.719,166945,1746694997718.75,-81,22,-96
1746694997757.5632,167099,1746694997738.594,-69,16,-109
1746694997777.406,167260,1746694997758.469,-72,20,-96
1746694997797.281,167370,1746694997778.344,-82,15,-96
1746694997817.156,167463,1746694997798.156,-80,19,-109
1746694997837.031,167597,1746694997818.031,-64,24,-96
1746694997856.875,167649,1746694997837.9058,-68,16,-109
1746694997876.812,167677,1746694997857.781,-65,15,-104
1746694997896.594,167721,1746694997877.625,-79,15,-97
1746694997916.469,167730,1746694997897.469,-74,17,-96
1746694997936.313,167748,1746694997917.344,-82,17,-103
1746694997956.187,167772,1746694997937.219,-76,22,-113
1746694997976.062,167774,1746694997957.062,-78,20,-104
1746694997995.906,167831,1746694997976.938,-80,24,-96
1746694998015.781,167885,1746694997996.813,-71,23,-96
1746694998035.656,167966,1746694998016.687,-72,23,-96
1746694998055.5,168027,1746694998036.531,-83,20,-96
1746694998075.375,168100,1746694998056.375,-87,21,-109
1746694998095.219,168152,1746694998076.25,-76,23,-96
1746694998115.063,168212,1746694998096.125,-76,24,-96
1746694998134.937,168289,1746694998115.937,-76,23,-104
1746694998154.875,168340,1746694998135.812,-69,25,-96
1746694998174.656,168431,1746694998155.781,-68,23,-103
1746694998194.563,168505,1746694998175.563,-76,19,-98
1746694998214.437,168592,1746694998195.437,-82,22,-96
1746694998234.281,168678,1746694998215.344,-72,24,-106
1746694998254.25,168757,1746694998235.156,-77,24,-109
1746694998274.0,168825,1746694998255.156,-78,27,-96
1746694998293.875,168896,1746694998274.875,-68,19,-105
1746694998313.781,168945,1746694998294.75,-69,19,-96
1746694998333.594,168995,1746694998314.656,-80,20,-96
1746694998353.469,169051,1746694998334.5,-71,18,-112
1746694998373.344,169092,1746694998354.312,-69,19,-104
1746694998393.187,169122,1746694998374.219,-71,24,-96
1746694998413.031,169162,1746694998394.063,-72,16,-96
1746694998432.906,169188,1746694998413.938,-71,20,-103
1746694998452.781,169212,1746694998433.812,-81,20,-96
1746694998472.625,169178,1746694998453.625,-68,20,-100
1746694998492.563,169111,1746694998473.469,-71,17,-96
1746694998512.344,169036,1746694998493.469,-76,22,-109
1746694998532.219,168962,1746694998513.2192,-69,15,-109
1746694998552.062,168843,1746694998533.094,-68,24,-109
1746694998571.906,168778,1746694998553.0,-69,23,-100
1746694998591.781,168765,1746694998572.781,-71,17,-103
1746694998611.688,168785,1746694998592.688,-81,23,-109
1746694998631.5,168873,1746694998612.562,-72,15,-112
1746694998651.375,168961,1746694998632.406,-78,22,-109
1746694998671.219,169061,1746694998652.25,-68,22,-100
1746694998691.063,169117,1746694998672.094,-77,22,-119
1746694998711.0,169139,1746694998691.937,-71,19,-99
1746694998730.75,169110,1746694998711.875,-78,23,-109
1746694998750.625,169060,1746694998731.656,-72,20,-109
1746694998770.5,168995,1746694998751.5,-77,20,-109
1746694998790.344,168940,1746694998771.406,-74,24,-93
1746694998810.187,168910,1746694998791.219,-57,19,-96
1746694998830.031,168863,1746694998811.094,-77,23,-96
1746694998849.906,168822,1746694998830.938,-71,24,-105
1746694998869.781,168789,1746694998850.781,-67,31,-109
1746694998889.594,168738,1746694998870.656,-76,28,-96
1746694998909.437,168740,1746694998890.5,-63,23,-96
1746694998929.312,168733,1746694998910.312,-74,23,-98
1746694998949.188,168751,1746694998930.188,-80,27,-96
1746694998969.031,168776,1746694998950.094,-77,39,-96
1746694998988.906,168819,1746694998969.937,-79,24,-96
1746694999008.875,168864,1746694998989.781,-72,22,-105
1746694999028.625,168927,1746694999009.656,-72,12,-94
1746694999048.469,168944,1746694999029.5,-72,22,-109
1746694999068.312,168947,1746694999049.375,-76,19,-104
1746694999088.187,168964,1746694999069.187,-68,20,-117
1746694999108.063,169002,1746694999089.063,-72,22,-109
1746694999127.875,169072,1746694999108.906,-77,22,-109
1746694999147.75,169112,1746694999128.781,-77,23,-96
1746694999167.594,169152,1746694999148.625,-81,23,-104
1746694999187.469,169192,1746694999168.469,-85,25,-96
1746694999207.281,169226,1746694999188.375,-77,25,-96
1746694999227.25,169228,1746694999208.188,-69,24,-104
1746694999247.0,169248,1746694999228.125,-74,23,-111
1746694999266.875,169255,1746694999247.875,-68,22,-98
1746694999286.719,169284,1746694999267.719,-64,20,-100
1746694999306.594,169298,1746694999287.625,-79,24,-109
1746694999326.469,169246,1746694999307.437,-68,17,-100
1746694999346.312,169134,1746694999327.344,-81,14,-96
1746694999366.156,168957,1746694999347.188,-72,15,-89
1746694999386.0,168725,1746694999367.094,-71,20,-96
1746694999405.875,168491,1746694999386.906,-84,19,-96
1746694999425.75,168267,1746694999406.719,-71,16,-103
1746694999445.594,168125,1746694999426.594,-68,24,-96
1746694999465.438,167997,1746694999446.469,-80,24,-103
1746694999485.313,167977,1746694999466.313,-74,19,-96
1746694999505.187,167946,1746694999486.125,-68,17,-100
1746694999525.031,167986,1746694999506.062,-79,19,-94
1746694999544.906,167996,1746694999525.969,-81,17,-96
1746694999564.9058,168033,1746694999545.781,-71,24,-104
1746694999584.625,168052,1746694999565.781,-80,23,-96
1746694999604.5,168109,1746694999585.531,-71,24,-109
1746694999624.375,168147,1746694999605.406,-72,20,-109
1746694999644.219,168187,1746694999625.281,-65,15,-96
1746694999664.062,168197,1746694999645.094,-72,20,-105
1746694999683.969,168188,1746694999664.969,-69,20,-109
1746694999703.813,168170,1746694999684.875,-72,24,-109
1746694999723.688,168148,1746694999704.719,-68,16,-96
1746694999743.5,168111,1746694999724.5,-71,23,-104
1746694999763.375,168075,1746694999744.406,-77,23,-113
1746694999783.25,168056,1746694999764.281,-80,24,-96
1746694999803.094,168054,1746694999784.125,-71,16,-96
1746694999822.938,168065,1746694999803.969,-78,19,-93
1746694999842.812,168082,1746694999823.875,-82,24,-96
1746694999862.687,168101,1746694999843.719,-74,22,-103
1746694999882.5632,168114,1746694999863.563,-63,24,-112
1746694999902.375,168140,1746694999883.406,-81,24,-110
1746694999922.25,168126,1746694999903.281,-77,24,-104
1746694999942.125,168128,1746694999923.156,-72,35,-105
1746694999962.031,168146,1746694999943.0,-79,24,-96
1746694999981.813,168141,1746694999962.938,-73,22,-96
1746695000001.812,168183,1746694999982.719,-72,28,-100
1746695000021.562,168227,1746695000002.687,-87,27,-96
1746695000041.406,168284,1746695000022.406,-74,39,-104
1746695000061.25,168348,1746695000042.313,-71,24,-96
1746695000081.125,168402,1746695000062.156,-80,25,-96
1746695000100.969,168456,1746695000082.0,-82,19,-88
1746695000120.812,168509,1746695000101.938,-74,24,-96
1746695000140.625,168572,1746695000121.688,-68,19,-96
1746695000160.5,168625,1746695000141.531,-73,20,-112
1746695000180.375,168661,1746695000161.406,-66,16,-96
1746695000200.219,168656,1746695000181.219,-71,25,-96
1746695000220.031,168652,1746695000201.125,-72,19,-109
1746695000239.906,168644,1746695000220.969,-64,24,-110
1746695000259.75,168641,1746695000240.813,-80,22,-109
1746695000279.625,168583,1746695000260.625,-68,19,-105
1746695000299.469,168484,1746695000280.5,-76,19,-93
1746695000319.313,168332,1746695000300.375,-74,23,-96
1746695000339.188,168175,1746695000320.25,-84,24,-100
1746695000359.062,168035,1746695000340.062,-81,20,-96
1746695000378.906,167948,1746695000359.937,-72,24,-109
1746695000398.75,167906,1746695000379.781,-67,24,-96
1746695000418.563,167868,1746695000399.656,-84,20,-96
1746695000438.438,167925,1746695000419.438,-82,15,-96
1746695000458.312,167990,1746695000439.375,-69,22,-109
1746695000478.125,168078,1746695000459.187,-72,24,-107
1746695000498.0,168162,1746695000479.031,-68,22,-112
1746695000517.875,168243,1746695000498.875,-71,19,-109
1746695000537.75,168323,1746695000518.719,-71,23,-109
1746695000557.562,168417,1746695000538.625,-80,28,-105
1746695000577.406,168469,1746695000558.438,-70,19,-100
1746695000597.281,168549,1746695000578.375,-68,19,-103
1746695000617.156,168548,1746695000598.156,-68,22,-104
1746695000636.969,168553,1746695000618.031,-72,22,-109
1746695000656.844,168545,1746695000637.875,-66,22,-96
1746695000676.719,168575,1746695000657.688,-80,17,-104
1746695000696.594,168578,1746695000677.594,-80,22,-96
1746695000716.406,168582,1746695000697.469,-80,24,-96
1746695000736.281,168612,1746695000717.312,-80,20,-96
1746695000756.125,168713,1746695000737.156,-72,24,-96
1746695000776.0,168795,1746695000757.031,-79,24,-104
1746695000795.844,168894,1746695000776.875,-81,21,-95
1746695000815.687,169007,1746695000796.75,-71,22,-109
1746695000835.562,169129,1746695000816.562,-79,22,-96
1746695000855.406,169278,1746695000836.438,-79,14,-105
1746695000875.25,169400,1746695000856.281,-68,19,-104
1746695000895.125,169429,1746695000876.125,-68,23,-100
1746695000915.0,169435,1746695000896.031,-80,20,-96
1746695000934.844,169356,1746695000915.875,-77,24,-96
1746695000954.688,169278,1746695000935.719,-77,19,-104
1746695000974.625,169151,1746695000955.625,-71,25,-96
1746695000994.406,169025,1746695000975.531,-76,20,-106
1746695001014.281,168944,1746695000995.281,-82,15,-105
1746695001034.094,168884,1746695001015.156,-73,24,-96
1746695001053.938,168812,1746695001035.0,-97,30,-105
1746695001073.812,168743,1746695001054.812,-76,19,-96
1746695001093.75,168651,1746695001074.687,-84,20,-104
1746695001113.469,168636,1746695001094.531,-74,32,-101
1746695001133.344,168597,1746695001114.375,-72,24,-104
1746695001153.188,168588,1746695001134.219,-62,32,-109
1746695001173.062,168494,1746695001154.062,-77,20,-100
1746695001192.875,168437,1746695001173.969,-80,19,-96
1746695001212.719,168381,1746695001193.75,-74,19,-109
1746695001232.594,168285,1746695001213.687,-76,19,-96
1746695001252.437,168141,1746695001233.5,-72,19,-96
1746695001272.281,167943,1746695001253.312,-80,33,-104
1746695001292.156,167650,1746695001273.1882,-79,27,-109
1746695001312.094,167429,1746695001293.031,-80,20,-109
1746695001331.844,167186,1746695001312.969,-80,22,-96
1746695001351.687,167030,1746695001332.719,-74,15,-111
1746695001371.562,166939,1746695001352.594,-84,26,-103
1746695001391.406,166873,1746695001372.438,-68,24,-109
1746695001411.281,166883,1746695001392.313,-68,19,-100
1746695001431.156,166917,1746695001412.156,-74,24,-96
1746695001450.969,166901,1746695001432.031,-74,15,-106
1746695001470.844,166840,1746695001451.844,-73,19,-96
1746695001490.688,166811,1746695001471.719,-69,16,-96
1746695001510.5,166863,1746695001491.562,-79,19,-113
1746695001530.375,166923,1746695001511.406,-82,24,-95
1746695001550.219,166993,1746695001531.25,-76,24,-94
1746695001570.094,167004,1746695001551.125,-66,31,-109
1746695001589.906,166939,1746695001570.969,-68,20,-96
1746695001609.781,166844,1746695001590.812,-69,19,-100
1746695001629.625,166711,1746695001610.656,-72,17,-102
1746695001649.531,166626,1746695001630.5,-71,22,-100
1746695001669.344,166627,1746695001650.4058,-73,20,-96
1746695001689.188,166675,1746695001670.25,-70,17,-96
1746695001709.062,166738,1746695001690.094,-68,17,-96
1746695001728.906,166829,1746695001709.938,-84,23,-116
1746695001748.75,166913,1746695001729.781,-71,22,-100
1746695001768.594,166976,1746695001749.656,-73,23,-101
1746695001788.469,167048,1746695001769.5,-72,3,-103
1746695001808.312,167088,1746695001789.344,-73,22,-96
1746695001828.125,167162,1746695001809.219,-79,23,-111
1746695001848.0,167193,1746695001829.031,-68,24,-116
1746695001867.844,167208,1746695001848.906,-65,23,-110
1746695001887.687,167212,1746695001868.719,-77,19,-96
1746695001907.531,167219,1746695001888.594,-81,22,-105
1746695001927.375,167223,1746695001908.438,-71,27,-96
1746695001947.219,167289,1746695001928.313,-72,23,-96
1746695001967.094,167345,1746695001948.125,-77,20,-96
1746695001986.969,167429,1746695001967.969,-80,17,-96
1746695002006.75,167513,1746695001987.844,-72,24,-96
1746695002026.656,167534,1746695002007.688,-80,17,-96
1746695002046.5,167595,1746695002027.531,-80,24,-96
1746695002066.344,167659,1746695002047.406,-72,18,-96
1746695002086.1868,167793,1746695002067.219,-69,24,-98
1746695002106.063,167993,1746695002087.094,-68,24,-109
1746695002125.906,168203,1746695002106.938,-80,15,-109
1746695002145.781,168459,1746695002126.781,-72,25,-96
1746695002165.594,168689,1746695002146.625,-65,24,-104
1746695002185.437,168892,1746695002166.5,-72,26,-120
1746695002205.313,169047,1746695002186.344,-66,22,-96
1746695002225.156,169081,1746695002206.187,-82,18,-109
1746695002245.0,169054,1746695002226.031,-73,15,-112
1746695002264.875,168939,1746695002245.906,-75,24,-96
1746695002284.75,168856,1746695002265.75,-77,19,-103
1746695002304.625,168797,1746695002285.625,-61,19,-96
1746695002324.437,168738,1746695002305.5,-84,20,-96
1746695002344.312,168766,1746695002325.375,-72,14,-101
1746695002364.219,168814,1746695002345.156,-69,31,-100
1746695002384.094,168893,1746695002365.094,-85,22,-96
1746695002403.906,169006,1746695002385.0,-80,24,-96
1746695002423.781,169102,1746695002404.812,-72,20,-100
1746695002443.656,169191,1746695002424.656,-69,24,-109
1746695002463.5,169257,1746695002444.5,-76,28,-111
1746695002483.375,169340,1746695002464.375,-75,20,-109
1746695002503.25,169429,1746695002484.281,-71,24,-109
1746695002523.094,169484,1746695002504.094,-80,15,-89
1746695002542.969,169504,1746695002524.0,-69,24,-96
1746695002562.781,169481,1746695002543.813,-72,23,-100
1746695002582.656,169448,1746695002563.687,-77,22,-109
1746695002602.5,169434,1746695002583.531,-73,24,-96
1746695002622.375,169436,1746695002603.375,-72,24,-96
1746695002642.219,169457,1746695002623.25,-80,23,-105
1746695002662.062,169460,1746695002643.125,-75,22,-96
1746695002681.906,169479,1746695002662.937,-70,19,-96
1746695002701.813,169545,1746695002682.75,-72,20,-104
1746695002721.688,169593,1746695002702.719,-81,25,-96
1746695002741.531,169653,1746695002722.594,-80,24,-95
1746695002761.406,169712,1746695002742.406,-77,17,-105
1746695002781.25,169790,1746695002762.25,-74,24,-96
1746695002801.094,169857,1746695002782.125,-64,23,-105
1746695002820.969,169939,1746695002801.969,-71,20,-109
1746695002840.937,170017,1746695002821.844,-63,20,-96
1746695002860.656,170082,1746695002841.687,-80,24,-107
1746695002880.5,170151,1746695002861.531,-79,24,-104
1746695002900.375,170209,1746695002881.438,-77,32,-106
1746695002920.219,170256,1746695002901.25,-71,18,-100
1746695002940.094,170293,1746695002921.094,-72,24,-96
1746695002959.906,170361,1746695002940.969,-72,21,-96
1746695002979.781,170377,1746695002960.906,-68,19,-109
1746695002999.656,170394,1746695002980.656,-74,22,-96
1746695003019.5,170472,1746695003000.5,-69,23,-103
1746695003039.375,170552,1746695003020.375,-80,22,-109
1746695003059.25,170611,1746695003040.281,-80,24,-109
1746695003079.125,170625,1746695003060.125,-77,22,-96
1746695003098.969,170647,1746695003080.031,-80,31,-96
1746695003118.844,170561,1746695003099.875,-72,24,-109
1746695003138.688,170438,1746695003119.75,-43,19,-105
1746695003158.563,170281,1746695003139.563,-68,24,-98
1746695003178.406,170179,1746695003159.437,-77,23,-96
1746695003198.281,170112,1746695003179.312,-84,24,-109
1746695003218.125,170123,1746695003199.188,-85,20,-96
1746695003238.063,170195,1746695003219.0,-77,22,-96
1746695003257.844,170317,1746695003238.844,-66,7,-113
1746695003277.719,170439,1746695003258.75,-80,22,-96
1746695003297.563,170554,1746695003278.625,-74,22,-109
1746695003317.438,170680,1746695003298.438,-71,24,-115
1746695003337.281,170823,1746695003318.312,-72,19,-96
1746695003357.219,170963,1746695003338.187,-73,17,-109
1746695003377.031,171084,1746695003358.094,-78,28,-105
1746695003396.906,171140,1746695003377.906,-69,24,-105
1746695003416.719,171165,1746695003397.812,-72,24,-96
1746695003436.594,171169,1746695003417.625,-80,20,-96
1746695003456.437,171161,1746695003437.5,-71,19,-94
1746695003476.344,171143,1746695003457.344,-64,19,-96
1746695003496.188,171153,1746695003477.188,-77,24,-104
1746695003516.031,171163,1746695003497.094,-79,23,-103
1746695003535.906,171220,1746695003516.906,-68,24,-96
1746695003555.781,171275,1746695003536.781,-77,19,-96
1746695003575.594,171335,1746695003556.6558,-72,22,-96
1746695003595.469,171403,1746695003576.562,-72,38,-103
1746695003615.344,171439,1746695003596.375,-82,24,-96
1746695003635.219,171452,1746695003616.219,-75,27,-105
1746695003655.031,171506,1746695003636.063,-64,28,-96
1746695003674.937,171567,1746695003655.906,-69,28,-100
1746695003694.812,171609,1746695003675.812,-81,20,-96
1746695003714.656,171673,1746695003695.75,-80,20,-96
1746695003734.5,171706,1746695003715.5,-66,19,-109
1746695003754.344,171759,1746695003735.437,-72,19,-109
1746695003774.25,171775,1746695003755.219,-69,18,-109
1746695003794.125,171781,1746695003775.125,-77,19,-109
1746695003813.969,171818,1746695003795.0,-80,19,-105
1746695003833.844,171820,1746695003814.844,-71,20,-100
1746695003853.719,171834,1746695003834.719,-81,21,-96
1746695003873.562,171893,1746695003854.594,-74,24,-105
1746695003893.375,171909,1746695003874.406,-71,20,-90
1746695003913.219,171941,1746695003894.313,-72,20,-96
1746695003933.094,171960,1746695003914.125,-80,7,-96
1746695003952.969,171939,1746695003933.969,-68,20,-96
1746695003972.75,171911,1746695003953.844,-72,15,-96
1746695003992.625,171768,1746695003973.656,-69,22,-113
1746695004012.469,171579,1746695003993.5,-80,20,-96
1746695004032.312,171369,1746695004013.344,-77,16,-96
1746695004052.156,171194,1746695004033.187,-80,20,-96
1746695004072.031,171062,1746695004053.063,-77,17,-88
1746695004091.875,170992,1746695004072.906,-80,20,-96
1746695004111.75,170947,1746695004092.75,-81,22,-96
1746695004131.562,170935,1746695004112.625,-82,24,-96
1746695004151.406,170961,1746695004132.469,-73,22,-96
1746695004171.281,170972,1746695004152.313,-70,21,-96
1746695004191.156,170987,1746695004172.156,-71,22,-96
1746695004210.969,170998,1746695004192.062,-49,20,-96
1746695004230.875,171050,1746695004211.875,-71,15,-98
1746695004250.719,171077,1746695004231.75,-68,24,-103
1746695004270.594,171065,1746695004251.563,-77,23,-104
1746695004290.437,171098,1746695004271.437,-71,22,-96
1746695004310.281,171069,1746695004291.344,-72,22,-104
1746695004330.156,171023,1746695004311.188,-71,15,-101
1746695004350.031,170962,1746695004331.0,-71,19,-103
1746695004369.844,170903,1746695004350.906,-80,19,-110
1746695004389.719,170866,1746695004370.75,-77,21,-96
1746695004409.562,170839,1746695004390.594,-68,19,-104
1746695004429.4382,170810,1746695004410.469,-68,20,-96
1746695004449.25,170808,1746695004430.375,-80,25,-103
1746695004469.125,170809,1746695004450.156,-76,23,-105
1746695004488.969,170840,1746695004470.031,-80,19,-105
1746695004508.844,170861,1746695004489.844,-72,22,-96
1746695004528.688,170874,1746695004509.719,-69,17,-103
1746695004548.531,170888,1746695004529.625,-65,24,-97
1746695004568.406,170891,1746695004549.469,-71,19,-100
1746695004588.281,170910,1746695004569.281,-74,24,-109
1746695004608.125,170928,1746695004589.156,-73,40,-109
1746695004628.094,170951,1746695004609.031,-83,19,-96
1746695004647.844,170959,1746695004628.969,-80,19,-96
1746695004667.75,170968,1746695004648.75,-79,35,-112
1746695004687.594,170961,1746695004668.625,-80,19,-96
1746695004707.469,170971,1746695004688.5,-79,17,-96
1746695004727.344,170966,1746695004708.344,-68,22,-100
1746695004747.187,170969,1746695004728.219,-74,24,-109
1746695004767.031,170972,1746695004748.063,-80,22,-96
1746695004786.906,170998,1746695004768.062,-71,22,-103
1746695004806.75,171016,1746695004787.781,-66,20,-96
1746695004826.625,171064,1746695004807.625,-68,23,-109
1746695004846.5,171118,1746695004827.5,-73,23,-105
1746695004866.344,171134,1746695004847.406,-77,20,-96
1746695004886.219,171139,1746695004867.219,-87,19,-96
1746695004906.0618,171062,1746695004887.062,-77,15,-103
1746695004925.906,170932,1746695004906.938,-72,16,-112
1746695004945.781,170743,1746695004926.813,-77,16,-104
1746695004965.656,170526,1746695004946.656,-64,25,-104
1746695004985.5,170347,1746695004966.531,-68,28,-109
1746695005005.312,170169,1746695004986.406,-80,15,-93
1746695005025.188,170092,1746695005006.25,-79,19,-96
1746695005045.031,170014,1746695005026.063,-76,27,-109
1746695005064.937,169990,1746695005045.937,-73,20,-105
1746695005084.75,169991,1746695005065.812,-77,19,-96
1746695005104.625,169991,1746695005085.6882,-76,20,-96
1746695005124.5,170005,1746695005105.5,-68,24,-96
1746695005144.375,170010,1746695005125.375,-79,24,-104
1746695005164.219,169999,1746695005145.25,-75,19,-109
1746695005184.094,170003,1746695005165.25,-80,27,-96
1746695005203.969,169964,1746695005184.969,-76,20,-104
1746695005223.813,169925,1746695005204.813,-79,21,-111
1746695005243.687,169800,1746695005224.687,-80,25,-96
1746695005263.656,169743,1746695005244.625,-80,23,-109
1746695005283.5,169697,1746695005264.531,-72,25,-103
1746695005303.313,169651,1746695005284.281,-73,24,-98
1746695005323.156,169598,1746695005304.187,-79,25,-96
1746695005343.031,169609,1746695005324.063,-66,24,-109
1746695005362.875,169631,1746695005343.906,-81,27,-96
1746695005382.75,169663,1746695005363.75,-72,16,-96
1746695005402.562,169684,1746695005383.625,-71,30,-107
1746695005422.437,169698,1746695005403.5,-69,19,-104
1746695005442.281,169703,1746695005423.313,-71,22,-96
1746695005462.156,169685,1746695005443.188,-76,20,-105
1746695005482.0,169684,1746695005463.031,-76,22,-103
1746695005501.844,169645,1746695005482.906,-74,22,-103
1746695005521.719,169627,1746695005502.719,-68,17,-96
1746695005541.563,169651,1746695005522.594,-81,19,-109
1746695005561.406,169677,1746695005542.438,-68,24,-111
1746695005581.281,169701,1746695005562.3118,-72,23,-96
1746695005601.125,169707,1746695005582.156,-76,19,-95
1746695005621.0,169724,1746695005602.0,-71,19,-96
1746695005640.8132,169721,1746695005621.875,-68,16,-105
1746695005660.656,169737,1746695005641.687,-79,24,-103
1746695005680.562,169747,1746695005661.562,-72,24,-96
1746695005700.406,169761,1746695005681.438,-76,25,-96
1746695005720.219,169767,1746695005701.25,-71,27,-96
1746695005740.094,169787,1746695005721.219,-71,30,-96
1746695005759.969,169828,1746695005741.0,-68,19,-105
1746695005779.812,169823,1746695005760.844,-63,19,-96
1746695005799.688,169750,1746695005780.719,-77,23,-96
1746695005819.531,169615,1746695005800.594,-85,23,-96
1746695005839.375,169366,1746695005820.406,-69,33,-112
1746695005859.281,169093,1746695005840.375,-71,25,-96
1746695005879.094,168848,1746695005860.156,-68,22,-105
1746695005898.969,168632,1746695005880.031,-80,19,-109
1746695005918.844,168461,1746695005899.844,-80,24,-96
1746695005938.687,168357,1746695005919.687,-84,24,-96
1746695005958.531,168322,1746695005939.563,-79,16,-96
1746695005978.406,168318,1746695005959.469,-72,23,-96
1746695005998.281,168351,1746695005979.281,-68,22,-105
1746695006018.125,168377,1746695005999.156,-76,23,-109
1746695006037.969,168414,1746695006019.031,-79,19,-98
1746695006057.844,168442,1746695006038.875,-72,23,-96
1746695006077.719,168501,1746695006058.688,-80,23,-103
1746695006097.594,168532,1746695006078.594,-73,22,-96
1746695006117.4368,168530,1746695006098.469,-80,25,-96
1746695006137.313,168504,1746695006118.344,-77,15,-104
1746695006157.188,168445,1746695006138.188,-81,19,-109
1746695006177.062,168408,1746695006158.031,-68,15,-104
1746695006196.875,168340,1746695006177.906,-71,24,-121
1746695006216.844,168276,1746695006197.813,-71,20,-109
1746695006236.625,168235,1746695006217.688,-69,31,-104
1746695006256.5,168214,1746695006237.5,-74,21,-109
1746695006276.344,168170,1746695006257.406,-69,23,-96
1746695006296.25,168143,1746695006277.281,-81,24,-104
1746695006316.125,168130,1746695006297.125,-88,22,-96
1746695006335.969,168117,1746695006317.0,-82,24,-96
1746695006355.812,168096,1746695006336.844,-80,19,-109
1746695006375.688,168086,1746695006356.719,-77,22,-109
1746695006395.563,168089,1746695006376.594,-84,22,-96
1746695006415.375,168079,1746695006396.437,-65,17,-96
1746695006435.25,168083,1746695006416.312,-68,24,-96
1746695006455.094,168084,1746695006436.156,-81,22,-96
1746695006474.969,168090,1746695006455.969,-70,28,-99
1746695006494.781,168105,1746695006475.875,-73,19,-96
1746695006514.656,168117,1746695006495.687,-71,15,-112
1746695006534.531,168084,1746695006515.562,-68,24,-98
1746695006554.406,168120,1746695006535.375,-72,23,-100
1746695006574.219,168150,1746695006555.25,-68,23,-96
1746695006594.094,168185,1746695006575.25,-76,24,-104
1746695006613.969,168183,1746695006595.0,-79,24,-104
1746695006633.812,168128,1746695006614.844,-72,21,-96
1746695006653.656,168031,1746695006634.688,-81,14,-109
1746695006673.625,167833,1746695006654.562,-69,20,-112
1746695006693.3442,167601,1746695006674.469,-72,27,-104
1746695006713.219,167359,1746695006694.219,-74,15,-111
1746695006733.094,167133,1746695006714.125,-68,26,-112
1746695006752.906,166967,1746695006734.0,-65,19,-109
1746695006772.781,166868,1746695006753.812,-79,19,-100
1746695006792.719,166846,1746695006773.656,-72,17,-96
1746695006812.469,166851,1746695006793.437,-68,32,-112
1746695006832.281,166889,1746695006813.375,-69,24,-109
1746695006852.188,166925,1746695006833.188,-73,19,-104
1746695006872.062,166998,1746695006853.062,-79,20,-96
1746695006891.906,167061,1746695006872.937,-76,24,-105
1746695006911.75,167122,1746695006892.781,-74,24,-109
1746695006931.625,167140,1746695006912.688,-68,19,-112
1746695006951.5,167125,1746695006932.469,-69,20,-104
1746695006971.344,167067,1746695006952.344,-64,19,-96
1746695006991.188,166997,1746695006972.188,-55,20,-104
1746695007011.063,166926,1746695006992.125,-72,19,-94
1746695007030.937,166834,1746695007011.937,-87,23,-104
1746695007050.781,166766,1746695007031.812,-71,35,-109
1746695007070.656,166698,1746695007051.656,-68,25,-100
1746695007090.531,166660,1746695007071.563,-88,19,-96
1746695007110.531,166672,1746695007091.406,-79,22,-100
1746695007130.219,166699,1746695007111.406,-79,27,-110
1746695007150.062,166729,1746695007131.094,-77,29,-104
1746695007169.969,166714,1746695007151.0,-66,22,-96
1746695007189.937,166699,1746695007170.844,-71,17,-96
1746695007209.656,166717,1746695007190.719,-80,19,-101
1746695007229.531,166728,1746695007210.562,-68,24,-96
1746695007249.375,166749,1746695007230.438,-70,16,-104
1746695007269.25,166773,1746695007250.281,-68,23,-113
1746695007289.125,166798,1746695007270.156,-76,24,-105
1746695007309.0,166846,1746695007290.031,-77,23,-96
1746695007328.844,166909,1746695007309.875,-77,25,-105
1746695007348.719,166930,1746695007329.719,-72,22,-109
1746695007368.5,167017,1746695007349.5942,-72,25,-105
1746695007388.375,167058,1746695007369.406,-70,19,-96
1746695007408.25,167145,1746695007389.313,-71,19,-109
1746695007428.125,167235,1746695007409.188,-77,31,-105
1746695007447.969,167318,1746695007429.0,-87,24,-96
1746695007467.844,167401,1746695007448.906,-76,24,-105
1746695007487.687,167510,1746695007468.719,-60,32,-104
1746695007507.594,167563,1746695007488.594,-73,22,-109
1746695007527.375,167564,1746695007508.469,-72,22,-109
1746695007547.25,167525,1746695007528.281,-80,30,-105
1746695007567.125,167370,1746695007548.156,-80,15,-95
1746695007586.969,167186,1746695007567.969,-65,16,-109
1746695007606.813,166986,1746695007587.844,-72,25,-100
1746695007626.688,166840,1746695007607.719,-68,24,-105
1746695007646.531,166687,1746695007627.562,-79,14,-103
1746695007666.406,166565,1746695007647.406,-80,20,-109
1746695007686.281,166513,1746695007667.281,-80,24,-111
1746695007706.094,166523,1746695007687.187,-81,22,-96
1746695007726.0,166536,1746695007707.0,-72,17,-96
1746695007745.906,166516,1746695007726.875,-77,25,-106
1746695007765.688,166514,1746695007746.781,-84,23,-105
1746695007785.563,166555,1746695007766.563,-72,15,-104
1746695007805.406,166565,1746695007786.437,-77,18,-104
1746695007825.25,166600,1746695007806.281,-64,22,-96
1746695007845.094,166573,1746695007826.125,-76,27,-104
1746695007865.0,166558,1746695007846.0,-72,24,-96
1746695007884.813,166535,1746695007865.875,-72,15,-104
1746695007904.687,166512,1746695007885.687,-71,25,-111
1746695007924.5,166489,1746695007905.562,-68,15,-109
1746695007944.344,166495,1746695007925.438,-77,24,-93
1746695007964.219,166505,1746695007945.25,-77,24,-96
1746695007984.062,166534,1746695007965.094,-77,24,-103
1746695008003.906,166551,1746695007984.969,-69,24,-105
1746695008023.75,166569,1746695008004.813,-80,22,-96
1746695008043.594,166626,1746695008024.656,-72,19,-96
1746695008063.5,166698,1746695008044.5,-79,24,-96
1746695008083.344,166759,1746695008064.344,-77,23,-96
1746695008103.187,166822,1746695008084.25,-73,23,-96
1746695008123.063,166909,1746695008104.094,-80,15,-104
1746695008142.906,166978,1746695008123.938,-80,25,-96
1746695008162.75,167049,1746695008143.75,-79,20,-109
1746695008182.594,167110,1746695008163.656,-79,24,-104
1746695008202.469,167194,1746695008183.5,-82,20,-96
1746695008222.344,167260,1746695008203.344,-93,30,-96
1746695008242.188,167346,1746695008223.219,-68,21,-96
1746695008262.031,167455,1746695008243.094,-66,23,-96
1746695008281.906,167578,1746695008262.938,-74,16,-113
1746695008301.781,167684,1746695008282.781,-82,22,-96
1746695008321.625,167790,1746695008302.656,-79,24,-105
1746695008341.5,167915,1746695008322.5,-71,20,-96
1746695008361.375,168020,1746695008342.406,-76,28,-109
1746695008381.219,168123,1746695008362.219,-76,23,-104
1746695008401.063,168205,1746695008382.156,-71,24,-105
1746695008420.937,168304,1746695008401.937,-74,23,-96
1746695008440.781,168346,1746695008421.875,-74,16,-109
1746695008460.6882,168360,1746695008441.688,-70,24,-96
1746695008480.531,168367,1746695008461.563,-71,20,-96
1746695008500.406,168291,1746695008481.531,-80,15,-93
1746695008520.25,168198,1746695008501.281,-80,20,-103
1746695008540.125,168072,1746695008521.156,-66,20,-105
1746695008559.969,167993,1746695008541.0,-74,32,-109
1746695008579.813,167962,1746695008560.875,-77,22,-106
1746695008599.687,167966,1746695008580.719,-72,20,-106
1746695008619.562,168029,1746695008600.563,-77,39,-107
1746695008639.375,168115,1746695008620.406,-77,22,-104
1746695008659.25,168183,1746695008640.25,-68,19,-100
1746695008679.094,168247,1746695008660.125,-64,24,-97
1746695008699.0,168289,1746695008679.969,-68,19,-96
1746695008718.813,168330,1746695008699.844,-77,30,-109
1746695008738.688,168345,1746695008719.688,-68,19,-104
1746695008758.562,168351,1746695008739.562,-74,16,-104
1746695008778.437,168307,1746695008759.469,-81,25,-97
1746695008798.281,168246,1746695008779.313,-66,28,-109
1746695008818.125,168196,1746695008799.188,-72,19,-95
1746695008838.0,168154,1746695008819.031,-77,19,-96
1746695008857.844,168092,1746695008838.875,-80,20,-109
1746695008877.656,168062,1746695008858.719,-76,17,-109
1746695008897.563,168062,1746695008878.594,-97,27,-96
1746695008917.438,168044,1746695008898.438,-80,19,-93
1746695008937.3118,168087,1746695008918.312,-71,16,-93
1746695008957.094,168085,1746695008938.156,-68,15,-104
1746695008977.0,168103,1746695008958.0,-72,24,-96
1746695008996.844,168128,1746695008977.875,-61,14,-96
1746695009016.719,168138,1746695008997.719,-76,19,-100
1746695009036.562,168127,1746695009017.594,-76,19,-96
1746695009056.406,168134,1746695009037.469,-84,20,-96
1746695009076.281,168178,1746695009057.281,-74,20,-103
1746695009096.1558,168196,1746695009077.125,-77,20,-96
1746695009116.0,168209,1746695009097.031,-82,22,-96
1746695009135.844,168204,1746695009116.875,-61,17,-95
1746695009155.75,168220,1746695009136.719,-72,24,-100
1746695009175.625,168237,1746695009156.656,-71,24,-96
1746695009195.469,168238,1746695009176.469,-68,28,-104
1746695009215.344,168265,1746695009196.375,-73,24,-96
1746695009235.188,168320,1746695009216.25,-82,24,-96
1746695009255.094,168343,1746695009236.094,-74,19,-88
1746695009274.906,168395,1746695009255.969,-74,24,-96
1746695009294.781,168432,1746695009275.812,-75,40,-104
1746695009314.656,168457,1746695009295.656,-70,22,-109
1746695009334.531,168528,1746695009315.5,-69,23,-100
1746695009354.375,168553,1746695009335.437,-71,15,-121
1746695009374.25,168635,1746695009355.281,-69,27,-111
1746695009394.125,168687,1746695009375.125,-74,23,-96
1746695009414.0,168757,1746695009394.969,-73,25,-102
1746695009433.844,168827,1746695009414.875,-80,24,-96
1746695009453.687,168789,1746695009434.75,-77,17,-93
1746695009473.563,168669,1746695009454.563,-69,23,-103
1746695009493.438,168489,1746695009474.438,-72,23,-96
1746695009513.25,168294,1746695009494.312,-64,19,-108
1746695009533.125,168112,1746695009514.156,-72,17,-109
1746695009553.094,167954,1746695009534.0,-79,19,-103
1746695009572.844,167881,1746695009554.0,-76,24,-96
1746695009592.688,167815,1746695009573.719,-76,19,-96
1746695009612.594,167777,1746695009593.594,-81,25,-106
1746695009632.437,167772,1746695009613.5,-68,20,-96
1746695009652.313,167788,1746695009633.313,-74,25,-101
1746695009672.188,167806,1746695009653.156,-76,22,-111
1746695009692.0,167826,1746695009673.062,-76,15,-103
1746695009711.875,167884,1746695009692.875,-88,19,-95
1746695009731.688,167884,1746695009712.75,-88,19,-95
1746695009771.281,125913,1746695009752.437,-69,20,-106
1746695009791.156,125899,1746695009772.344,-80,15,-101
1746695009811.031,125863,1746695009792.219,-84,15,-99
1746695009830.875,125818,1746695009812.063,-77,15,-101
1746695009850.75,125799,1746695009831.937,-76,15,-101
1746695009870.656,125753,1746695009851.844,-77,15,-98
1746695009890.531,125766,1746695009871.688,-87,15,-98
1746695009910.375,125753,1746695009891.563,-77,19,-98
1746695009930.25,125762,1746695009911.437,-72,14,-97
1746695009950.125,125761,1746695009931.25,-68,15,-115
1746695009970.0,125771,1746695009951.156,-63,19,-107
1746695009989.844,125794,1746695009971.031,-77,25,-104
1746695010009.719,125766,1746695009990.906,-79,15,-93
1746695010029.594,125753,1746695010010.781,-72,23,-102
1746695010049.469,125758,1746695010030.625,-68,11,-97
1746695010069.313,125767,1746695010050.469,-68,21,-116
1746695010089.219,125775,1746695010070.344,-72,28,-103
1746695010109.062,125787,1746695010090.219,-80,12,-98
1746695010128.906,125804,1746695010110.094,-81,15,-101
1746695010148.813,125825,1746695010130.0,-82,19,-96
1746695010168.688,125818,1746695010149.844,-82,14,-93
1746695010188.562,125859,1746695010169.719,-71,12,-93
1746695010208.406,125920,1746695010189.594,-79,15,-113
1746695010228.281,125948,1746695010209.469,-68,12,-98
1746695010248.156,126000,1746695010229.312,-68,15,-101
1746695010268.0308,126061,1746695010249.219,-79,15,-97
1746695010287.937,126075,1746695010269.063,-71,11,-98
1746695010307.75,126120,1746695010289.0,-80,15,-120
1746695010327.625,126172,1746695010308.781,-68,21,-100
1746695010347.5,126237,1746695010328.656,-68,15,-105
1746695010367.312,126268,1746695010348.531,-72,13,-98
1746695010387.219,126352,1746695010368.375,-79,15,-104
1746695010407.094,126416,1746695010388.281,-80,19,-98
1746695010426.969,126494,1746695010408.156,-74,15,-102
1746695010446.812,126535,1746695010428.0,-73,21,-96
1746695010466.687,126515,1746695010447.875,-74,15,-94
1746695010486.563,126477,1746695010467.719,-68,31,-104
1746695010506.469,126348,1746695010487.594,-80,14,-98
1746695010526.281,126210,1746695010507.5,-84,23,-105
1746695010546.156,126103,1746695010527.344,-80,15,-93
1746695010566.031,126038,1746695010547.188,-72,7,-98
1746695010585.875,125997,1746695010567.031,-72,15,-113
1746695010605.75,125993,1746695010586.906,-68,15,-115
1746695010625.625,126029,1746695010606.781,-71,15,-105
1746695010645.469,126100,1746695010626.656,-69,21,-104
1746695010665.344,126131,1746695010646.531,-73,15,-96
1746695010685.187,126147,1746695010666.406,-81,15,-98
1746695010705.062,126185,1746695010686.25,-79,17,-127
1746695010724.938,126227,1746695010706.125,-74,19,-104
1746695010744.781,126244,1746695010726.0,-79,20,-97
1746695010764.656,126253,1746695010745.812,-79,19,-100
1746695010784.5,126237,1746695010765.688,-77,19,-98
1746695010804.5,126219,1746695010785.531,-77,15,-98
1746695010824.219,126193,1746695010805.406,-93,23,-105
1746695010844.125,126156,1746695010825.312,-80,15,-98
1746695010863.969,126123,1746695010845.156,-80,15,-100
1746695010883.844,126099,1746695010865.0,-84,15,-104
1746695010903.719,126120,1746695010884.906,-81,15,-97
1746695010923.594,126125,1746695010904.781,-68,15,-97
1746695010943.437,126149,1746695010924.625,-72,14,-103
1746695010963.344,126171,1746695010944.5,-68,19,-100
1746695010983.188,126213,1746695010964.375,-81,20,-90
1746695011003.031,126243,1746695010984.25,-76,20,-98
1746695011022.906,126291,1746695011004.062,-83,12,-93
1746695011042.75,126347,1746695011023.969,-73,15,-98
1746695011062.594,126404,1746695011043.813,-80,19,-105
1746695011082.469,126475,1746695011063.687,-72,15,-98
1746695011102.344,126524,1746695011083.5,-72,15,-111
1746695011122.25,126580,1746695011103.375,-68,15,-98
1746695011142.063,126654,1746695011123.281,-70,13,-100
1746695011161.938,126702,1746695011143.156,-66,9,-90
1746695011181.812,126756,1746695011162.969,-84,15,-100
1746695011201.687,126806,1746695011182.844,-80,15,-98
1746695011221.531,126889,1746695011202.719,-81,15,-93
1746695011241.406,126966,1746695011222.562,-73,15,-111
1746695011261.25,127041,1746695011242.4368,-68,15,-100
1746695011281.125,127091,1746695011262.281,-80,15,-96
1746695011300.969,127129,1746695011282.156,-71,15,-103
1746695011320.813,127178,1746695011302.031,-82,15,-97
1746695011340.688,127218,1746695011321.844,-77,15,-105
1746695011360.562,127263,1746695011341.687,-73,15,-108
1746695011380.375,127319,1746695011361.594,-74,12,-97
1746695011400.281,127343,1746695011381.438,-79,19,-93
1746695011420.156,127362,1746695011401.312,-77,15,-100
1746695011440.0,127339,1746695011421.219,-89,15,-89
1746695011459.875,127276,1746695011441.063,-80,23,-98
1746695011479.844,127174,1746695011460.938,-82,15,-98
1746695011499.625,127075,1746695011480.844,-72,15,-114
1746695011519.5,127026,1746695011500.688,-68,15,-104
1746695011539.344,126986,1746695011520.531,-68,15,-97
1746695011559.219,126976,1746695011540.375,-71,16,-111
1746695011579.094,127048,1746695011560.25,-68,15,-105
1746695011598.937,127127,1746695011580.094,-70,15,-109
1746695011618.812,127226,1746695011599.969,-80,15,-90
1746695011638.688,127319,1746695011619.875,-68,13,-98
1746695011658.531,127387,1746695011639.719,-71,15,-97
1746695011678.375,127456,1746695011659.531,-72,15,-129
1746695011698.25,127497,1746695011679.469,-67,15,-105
1746695011718.125,127511,1746695011699.25,-72,15,-101
1746695011738.0,127504,1746695011719.156,-80,15,-97
1746695011757.844,127489,1746695011739.031,-72,15,-104
1746695011777.719,127441,1746695011758.906,-77,15,-102
1746695011797.594,127428,1746695011778.75,-68,15,-99
1746695011817.531,127370,1746695011798.625,-72,12,-97
1746695011837.312,127345,1746695011818.562,-72,13,-113
1746695011857.187,127325,1746695011838.406,-69,13,-104
1746695011877.063,127324,1746695011858.25,-82,12,-92
1746695011896.938,127316,1746695011878.125,-65,11,-93
1746695011916.781,127339,1746695011898.0,-72,15,-104
1746695011936.75,127348,1746695011917.844,-72,15,-96
1746695011956.531,127347,1746695011937.656,-77,31,-96
1746695011976.406,127340,1746695011957.594,-72,15,-102
1746695011996.25,127348,1746695011977.437,-80,15,-103
1746695012016.094,127372,1746695011997.313,-79,15,-90
1746695012036.0,127362,1746695012017.156,-84,15,-98
1746695012055.844,127358,1746695012037.0,-71,12,-109
1746695012075.688,127325,1746695012056.906,-69,22,-105
1746695012095.594,127317,1746695012076.75,-71,15,-100
1746695012115.5,127299,1746695012096.625,-77,15,-96
1746695012135.313,127295,1746695012116.531,-74,14,-99
1746695012155.156,127288,1746695012136.375,-83,15,-90
1746695012175.0,127335,1746695012156.219,-72,15,-90
1746695012194.875,127374,1746695012176.0,-77,15,-104
1746695012214.75,127405,1746695012195.938,-77,15,-96
1746695012234.594,127443,1746695012215.781,-77,15,-109
1746695012254.469,127464,1746695012235.656,-82,19,-100
1746695012274.344,127481,1746695012255.5,-88,19,-98
1746695012294.219,127504,1746695012275.375,-72,15,-101
1746695012314.031,127550,1746695012295.25,-69,15,-106
1746695012334.0,127601,1746695012315.094,-77,15,-105
1746695012353.781,127622,1746695012334.969,-72,30,-100
1746695012373.656,127562,1746695012354.813,-73,11,-94
1746695012393.469,127484,1746695012374.687,-77,15,-104
1746695012413.344,127350,1746695012394.531,-69,15,-104
1746695012433.312,127193,1746695012414.406,-68,19,-106
1746695012453.062,127065,1746695012434.25,-74,28,-109
1746695012472.906,126968,1746695012454.094,-79,23,-103
1746695012492.781,126893,1746695012473.937,-80,15,-97
1746695012512.656,126866,1746695012493.781,-83,19,-111
1746695012532.5,126856,1746695012513.688,-72,15,-105
1746695012552.344,126866,1746695012533.531,-72,15,-100
1746695012572.188,126904,1746695012553.375,-82,14,-94
1746695012592.094,126929,1746695012573.187,-77,18,-104
1746695012611.969,126998,1746695012593.125,-79,15,-90
1746695012631.781,127058,1746695012612.969,-71,15,-111
1746695012651.688,127106,1746695012632.812,-73,15,-101
1746695012671.656,127140,1746695012652.719,-87,15,-95
1746695012691.406,127131,1746695012672.531,-81,24,-107
1746695012711.25,127089,1746695012692.438,-72,15,-113
1746695012731.094,127047,1746695012712.281,-80,15,-102
1746695012750.969,127018,1746695012732.125,-69,9,-104
1746695012770.812,126977,1746695012751.969,-66,15,-119
1746695012790.656,126946,1746695012771.844,-69,15,-98
1746695012810.531,126918,1746695012791.688,-72,15,-100
1746695012830.406,126919,1746695012811.562,-77,15,-102
1746695012850.25,126932,1746695012831.437,-73,21,-106
1746695012870.125,126920,1746695012851.3132,-69,15,-104
1746695012890.0,126927,1746695012871.156,-74,15,-105
1746695012909.844,126964,1746695012891.031,-77,15,-98
1746695012929.688,126972,1746695012910.875,-74,23,-105
1746695012949.562,126992,1746695012930.781,-77,15,-98
1746695012969.438,127004,1746695012950.594,-77,19,-95
1746695012989.281,127037,1746695012970.469,-70,15,-104
1746695013009.125,127054,1746695012990.344,-70,14,-98
1746695013029.0,127072,1746695013010.187,-67,15,-104
1746695013048.844,127087,1746695013030.0,-75,15,-106
1746695013068.75,127069,1746695013049.906,-71,13,-101
1746695013088.563,127076,1746695013069.75,-69,31,-99
1746695013108.562,127059,1746695013089.625,-85,15,-98
1746695013128.312,127096,1746695013109.469,-79,31,-96
1746695013148.219,127116,1746695013129.375,-70,15,-88
1746695013168.156,127116,1746695013149.25,-76,15,-99
1746695013187.937,127173,1746695013169.094,-79,32,-106
1746695013207.812,127187,1746695013188.969,-84,15,-96
1746695013227.688,127203,1746695013208.844,-68,14,-97
1746695013247.531,127234,1746695013228.719,-72,15,-102
1746695013267.406,127273,1746695013248.594,-64,13,-93
1746695013287.281,127314,1746695013268.469,-77,14,-96
1746695013307.125,127383,1746695013288.313,-72,13,-100
1746695013326.969,127440,1746695013308.156,-72,15,-105
1746695013346.844,127517,1746695013328.031,-72,15,-97
1746695013366.719,127538,1746695013347.875,-76,15,-90
1746695013386.594,127504,1746695013367.75,-83,15,-97
1746695013406.5,127434,1746695013387.625,-72,15,-100
1746695013426.281,127300,1746695013407.469,-81,27,-104
1746695013446.156,127153,1746695013427.313,-76,15,-98
1746695013466.031,127023,1746695013447.188,-72,15,-105
1746695013485.875,126910,1746695013467.062,-72,15,-96
1746695013505.719,126820,1746695013486.937,-73,15,-100
1746695013525.594,126763,1746695013506.75,-69,15,-95
1746695013545.469,126729,1746695013526.625,-71,15,-116
1746695013565.313,126715,1746695013546.5,-68,15,-97
1746695013585.219,126681,1746695013566.375,-82,15,-97
1746695013605.031,126680,1746695013586.25,-80,19,-115
1746695013624.906,126693,1746695013606.063,-74,14,-100
1746695013644.719,126702,1746695013625.969,-82,15,-101
1746695013664.625,126705,1746695013645.781,-72,15,-101
1746695013684.469,126707,1746695013665.656,-76,19,-106
1746695013704.344,126707,1746695013685.531,-68,15,-106
1746695013724.188,126696,1746695013705.375,-68,20,-104
1746695013744.031,126676,1746695013725.25,-72,17,-105
1746695013763.875,126659,1746695013745.094,-68,20,-101
1746695013783.781,126630,1746695013764.875,-71,15,-112
1746695013803.688,126616,1746695013784.813,-72,15,-101
1746695013823.469,126640,1746695013804.688,-80,24,-107
1746695013843.375,126647,1746695013824.5,-80,15,-93
1746695013863.219,126676,1746695013844.406,-86,19,-96
1746695013883.0618,126722,1746695013864.281,-77,15,-96
1746695013902.969,126740,1746695013884.094,-80,15,-105
1746695013922.813,126777,1746695013904.0,-73,19,-100
1746695013942.687,126830,1746695013923.906,-77,15,-111
1746695013962.531,126887,1746695013943.719,-72,14,-97
1746695013982.406,126934,1746695013963.563,-72,19,-96
1746695014002.281,126986,1746695013983.437,-57,15,-97
1746695014022.156,127052,1746695014003.281,-74,15,-116
1746695014042.0,127088,1746695014023.1882,-79,14,-105
1746695014061.906,127131,1746695014043.031,-79,23,-111
1746695014081.875,127177,1746695014062.937,-84,15,-97
1746695014101.625,127221,1746695014082.906,-64,15,-113
1746695014121.5,127285,1746695014102.688,-79,15,-98
1746695014141.375,127326,1746695014122.563,-81,15,-97
1746695014161.25,127368,1746695014142.437,-89,31,-106
1746695014181.094,127422,1746695014162.281,-73,13,-94
1746695014200.969,127470,1746695014182.188,-72,19,-106
1746695014220.844,127497,1746695014202.0,-72,11,-106
1746695014240.719,127518,1746695014221.906,-82,17,-97
1746695014260.562,127537,1746695014241.781,-72,31,-100
1746695014280.437,127566,1746695014261.625,-72,15,-104
1746695014300.313,127576,1746695014281.469,-70,15,-100
1746695014320.156,127597,1746695014301.375,-71,15,-104
1746695014340.0,127630,1746695014321.187,-76,22,-97
1746695014359.906,127663,1746695014341.094,-80,17,-99
1746695014379.75,127688,1746695014360.938,-82,23,-97
1746695014399.625,127652,1746695014380.781,-80,15,-98
1746695014419.5,127558,1746695014400.625,-73,16,-114
1746695014439.344,127443,1746695014420.563,-76,15,-112
1746695014459.219,127274,1746695014440.344,-72,23,-108
1746695014479.063,127130,1746695014460.25,-88,15,-93
1746695014498.906,127055,1746695014480.125,-64,14,-103
1746695014518.781,127009,1746695014499.969,-71,15,-105
1746695014538.656,126994,1746695014519.813,-89,12,-97
1746695014558.563,127044,1746695014539.688,-88,15,-113
1746695014578.406,127121,1746695014559.562,-77,15,-93
1746695014598.312,127193,1746695014579.437,-64,19,-97
1746695014618.187,127278,1746695014599.313,-70,14,-94
1746695014638.031,127362,1746695014619.219,-80,15,-113
1746695014657.875,127442,1746695014639.094,-84,15,-98
1746695014677.75,127507,1746695014658.937,-83,15,-103
1746695014697.625,127487,1746695014678.75,-72,15,-113
1746695014717.5,127366,1746695014698.688,-74,15,-94
1746695014737.344,127272,1746695014718.594,-72,15,-101
1746695014757.187,127276,1746695014738.375,-82,15,-89
1746695014777.062,127337,1746695014758.25,-86,19,-90
1746695014796.906,127377,1746695014778.094,-80,25,-89
1746695014816.781,127410,1746695014797.969,-80,23,-97
1746695014836.656,127421,1746695014817.844,-74,19,-114
1746695014856.562,127455,1746695014837.688,-84,14,-106
1746695014876.375,127451,1746695014857.594,-80,15,-103
1746695014896.25,127488,1746695014877.469,-64,32,-103
1746695014916.125,127494,1746695014897.312,-81,21,-104
1746695014936.031,127581,1746695014917.156,-80,15,-105
1746695014955.844,127689,1746695014937.031,-69,27,-104
1746695014975.688,127793,1746695014956.875,-81,13,-102
1746695014995.563,127884,1746695014976.75,-79,7,-92
1746695015015.5,127958,1746695014996.625,-77,15,-93
1746695015035.344,127952,1746695015016.5,-64,15,-100
1746695015055.219,127880,1746695015036.437,-71,11,-99
1746695015075.125,127813,1746695015056.25,-71,15,-112
1746695015095.0,127779,1746695015076.125,-68,15,-111
1746695015114.813,127768,1746695015096.031,-80,19,-105
1746695015134.688,127717,1746695015115.875,-79,19,-101
1746695015154.531,127607,1746695015135.719,-66,15,-100
1746695015174.406,127440,1746695015155.594,-77,12,-93
1746695015194.25,127343,1746695015175.406,-72,23,-119
1746695015214.156,127311,1746695015195.312,-69,11,-98
1746695015234.0,127335,1746695015215.187,-75,19,-97
1746695015253.875,127460,1746695015235.031,-79,15,-103
1746695015273.719,127654,1746695015254.875,-72,23,-113
1746695015293.594,127791,1746695015274.75,-80,22,-104
1746695015313.438,127709,1746695015294.625,-80,19,-100
1746695015333.312,127499,1746695015314.469,-80,11,-102
1746695015353.125,127245,1746695015334.344,-76,31,-97
1746695015373.031,126987,1746695015354.156,-81,15,-97
1746695015392.844,126696,1746695015374.062,-76,23,-98
1746695015412.719,126461,1746695015393.906,-81,23,-97
1746695015432.562,126290,1746695015413.75,-80,15,-97
1746695015452.437,126106,1746695015433.594,-80,15,-103
1746695015472.281,125934,1746695015453.469,-80,15,-113
1746695015492.188,125749,1746695015473.344,-66,22,-95
1746695015511.969,125568,1746695015493.219,-78,23,-83
1746695015531.844,125452,1746695015513.031,-73,23,-93
1746695015551.719,125379,1746695015532.875,-77,19,-97
1746695015571.563,125452,1746695015552.7192,-73,24,-104
1746695015591.437,125596,1746695015572.625,-72,28,-111
1746695015611.312,125646,1746695015592.5,-68,23,-106
1746695015631.156,125658,1746695015612.344,-73,19,-98
1746695015651.031,125653,1746695015632.187,-82,13,-95
1746695015670.875,125583,1746695015652.062,-72,11,-97
1746695015690.719,125521,1746695015671.906,-73,24,-99
1746695015710.594,125492,1746695015691.75,-80,15,-97
1746695015730.469,125491,1746695015711.625,-79,15,-109
1746695015750.281,125518,1746695015731.5,-69,19,-109
1746695015770.156,125596,1746695015751.312,-69,15,-97
1746695015790.031,125676,1746695015771.188,-77,12,-96
1746695015809.875,125747,1746695015791.094,-74,14,-101
1746695015829.719,125887,1746695015810.937,-70,15,-106
1746695015849.562,126038,1746695015830.75,-71,15,-109
1746695015869.437,125891,1746695015850.594,-49,15,-113
1746695015889.313,125681,1746695015870.469,-80,0,-105
1746695015909.125,125535,1746695015890.344,-72,16,-100
1746695015929.031,125316,1746695015910.187,-77,31,-90
1746695015948.875,125157,1746695015930.063,-72,15,-83
1746695015968.75,125121,1746695015949.906,-49,15,-90
1746695015988.594,125239,1746695015969.75,-76,29,-96
1746695016008.562,125365,1746695015989.625,-88,23,-109
1746695016028.312,125398,1746695016009.5,-85,56,-118
1746695016048.156,125398,1746695016029.344,-80,23,-95
1746695016068.031,125447,1746695016049.219,-80,28,-98
1746695016087.875,125416,1746695016069.031,-69,19,-113
1746695016107.75,125307,1746695016088.937,-68,15,-102
1746695016127.594,125114,1746695016108.781,-68,5,-103
1746695016147.469,124967,1746695016128.656,-74,13,-105
1746695016167.344,124868,1746695016148.469,-77,12,-90
1746695016187.187,124814,1746695016168.375,-82,13,-98
1746695016207.156,124789,1746695016188.219,-76,13,-97
1746695016226.906,124805,1746695016208.219,-79,15,-104
1746695016246.75,124778,1746695016227.937,-61,19,-105
1746695016266.625,124668,1746695016247.781,-78,12,-98
1746695016286.437,124587,1746695016267.656,-80,15,-109
1746695016306.312,124511,1746695016287.469,-69,28,-109
1746695016326.188,124480,1746695016307.344,-73,23,-96
1746695016346.031,124433,1746695016327.219,-67,17,-104
1746695016365.906,124444,1746695016347.062,-66,15,-101
1746695016385.75,124489,1746695016366.969,-84,11,-104
1746695016405.75,124576,1746695016386.781,-84,15,-116
1746695016425.5,124829,1746695016406.687,-77,19,-102
1746695016445.344,125103,1746695016426.531,-77,12,-99
1746695016465.219,125387,1746695016446.438,-79,14,-90
1746695016485.094,125480,1746695016466.25,-84,0,-92
1746695016504.969,125196,1746695016486.125,-72,0,-97
1746695016524.812,124674,1746695016505.969,-80,0,-105
1746695016544.656,124146,1746695016525.938,-69,7,-97
1746695016564.563,123718,1746695016545.719,-65,7,-94
1746695016584.406,123365,1746695016565.594,-68,15,-98
1746695016604.25,123116,1746695016585.437,-69,23,-97
1746695016624.125,122900,1746695016605.313,-73,22,-93
1746695016644.0,122689,1746695016625.156,-68,13,-105
1746695016663.875,122549,1746695016645.031,-76,15,-97
1746695016683.719,122404,1746695016664.937,-72,7,-102
1746695016703.594,122299,1746695016684.781,-57,13,-106
1746695016723.469,122259,1746695016704.656,-77,5,-105
1746695016743.406,122230,1746695016724.5,-74,15,-105
1746695016763.188,122226,1746695016744.375,-77,32,-114
1746695016783.062,122227,1746695016764.25,-76,15,-98
1746695016802.937,122260,1746695016784.094,-71,15,-97
1746695016822.781,122303,1746695016803.969,-77,11,-92
1746695016842.656,122397,1746695016823.844,-80,15,-97
1746695016862.531,122536,1746695016843.719,-74,15,-98
1746695016882.406,122715,1746695016863.563,-66,15,-105
1746695016902.25,122903,1746695016883.438,-65,14,-100
1746695016922.125,123034,1746695016903.281,-80,15,-99
1746695016941.969,123103,1746695016923.156,-84,12,-111
1746695016961.844,123186,1746695016943.031,-72,14,-106
1746695016981.719,123260,1746695016962.875,-65,15,-97
1746695017001.563,123399,1746695016982.75,-64,15,-97
1746695017021.562,123610,1746695017002.594,-66,12,-103
1746695017041.375,123812,1746695017022.469,-68,24,-113
1746695017061.188,123974,1746695017042.375,-61,17,-118
1746695017081.031,124082,1746695017062.219,-64,15,-120
1746695017100.875,124097,1746695017082.031,-81,15,-121
1746695017120.75,124021,1746695017101.906,-61,13,-100
1746695017140.625,123902,1746695017121.781,-68,15,-93
1746695017160.469,123734,1746695017141.656,-68,15,-100
1746695017180.375,123538,1746695017161.5,-67,19,-97
1746695017200.25,123380,1746695017181.406,-74,15,-97
1746695017220.125,123287,1746695017201.25,-84,22,-121
1746695017240.0,123208,1746695017221.187,-82,23,-94
1746695017259.844,123170,1746695017241.062,-79,27,-97
1746695017279.719,123188,1746695017260.844,-76,15,-104
1746695017299.594,123221,1746695017280.781,-76,15,-98
1746695017319.438,123288,1746695017300.656,-84,12,-89
1746695017339.313,123417,1746695017320.469,-76,15,-105
1746695017359.1868,123559,1746695017340.375,-81,15,-104
1746695017379.0,123684,1746695017360.219,-84,9,-105
1746695017398.906,123829,1746695017380.063,-79,15,-104
1746695017418.813,123954,1746695017399.937,-73,15,-100
1746695017438.656,124015,1746695017419.781,-66,9,-109
1746695017458.469,124001,1746695017439.688,-64,7,-100
1746695017478.375,123973,1746695017459.563,-77,3,-97
1746695017498.219,123925,1746695017479.406,-56,15,-113
1746695017518.125,123899,1746695017499.25,-64,11,-98
1746695017538.0,123840,1746695017519.156,-66,9,-102
1746695017557.813,123794,1746695017539.031,-79,24,-113
1746695017577.719,123739,1746695017558.875,-79,15,-93
1746695017597.562,123699,1746695017578.75,-74,9,-105
1746695017617.4368,123656,1746695017598.625,-77,7,-96
1746695017637.281,123636,1746695017618.469,-72,11,-102
1746695017657.156,123618,1746695017638.344,-82,7,-97
1746695017677.031,123582,1746695017658.25,-72,3,-108
1746695017696.844,123515,1746695017678.094,-82,11,-104
1746695017716.719,123442,1746695017697.906,-82,11,-97
1746695017736.594,123374,1746695017717.75,-74,7,-111
1746695017756.469,123302,1746695017737.594,-80,14,-103
1746695017776.281,123263,1746695017757.5,-84,11,-93
1746695017796.156,123274,1746695017777.344,-74,7,-89
1746695017816.0,123330,1746695017797.188,-73,9,-93
1746695017835.875,123433,1746695017817.062,-74,7,-95
1746695017855.719,123557,1746695017836.906,-72,7,-89
1746695017875.594,123682,1746695017856.781,-74,7,-101
1746695017895.469,123776,1746695017876.625,-82,7,-109
1746695017915.344,123882,1746695017896.5,-68,14,-104
1746695017935.187,123935,1746695017916.406,-72,7,-101
1746695017955.062,123943,1746695017936.188,-79,7,-100
1746695017974.906,123918,1746695017956.094,-80,12,-97
1746695017994.781,123864,1746695017975.969,-80,12,-105
1746695018014.656,123742,1746695017995.812,-77,15,-109
1746695018034.531,123610,1746695018015.719,-76,15,-104
1746695018054.4382,123450,1746695018035.563,-77,15,-94
1746695018074.25,123331,1746695018055.5,-81,19,-98
1746695018094.125,123266,1746695018075.312,-74,7,-95
1746695018114.0,123217,1746695018095.156,-72,13,-97
1746695018133.844,123202,1746695018115.0,-80,11,-113
1746695018153.688,123187,1746695018134.875,-85,12,-93
1746695018173.563,123184,1746695018154.75,-80,7,-101
1746695018193.437,123153,1746695018174.562,-75,12,-104
1746695018213.344,123164,1746695018194.5,-77,9,-97
1746695018233.156,123160,1746695018214.375,-97,3,-95
1746695018253.031,123168,1746695018234.25,-89,12,-95
1746695018272.906,123156,1746695018254.062,-79,14,-97
1746695018292.781,123131,1746695018273.969,-84,7,-98
1746695018312.656,123102,1746695018293.813,-81,7,-105
1746695018332.531,123046,1746695018313.75,-72,15,-105
1746695018352.375,122969,1746695018333.594,-76,12,-105
1746695018372.281,122899,1746695018353.438,-80,12,-93
1746695018392.125,122859,1746695018373.312,-71,7,-100
1746695018411.969,122835,1746695018393.187,-74,10,-96
1746695018431.875,122835,1746695018413.031,-72,13,-93
1746695018451.719,122862,1746695018432.906,-80,13,-90
1746695018471.563,122855,1746695018452.781,-74,9,-104
1746695018491.438,122789,1746695018472.625,-77,7,-101
1746695018511.312,122710,1746695018492.5,-82,6,-93
1746695018531.187,122645,1746695018512.344,-82,7,-95
1746695018551.031,122689,1746695018532.219,-79,15,-97
1746695018570.875,122727,1746695018552.062,-76,15,-95
1746695018590.781,122740,1746695018571.906,-80,23,-103
1746695018610.625,122716,1746695018591.813,-89,24,-105
1746695018630.469,122819,1746695018611.688,-74,19,-94
1746695018650.344,123067,1746695018631.5,-77,15,-102
1746695018670.25,123362,1746695018651.375,-74,19,-96
1746695018690.094,123570,1746695018671.25,-84,31,-103
1746695018709.906,123718,1746695018691.125,-72,15,-98
1746695018729.781,123828,1746695018710.969,-77,7,-105
1746695018749.625,123867,1746695018730.812,-72,15,-97
1746695018769.531,123873,1746695018750.656,-77,13,-102
1746695018789.344,123834,1746695018770.563,-80,11,-97
1746695018809.219,123711,1746695018790.406,-80,15,-105
1746695018829.125,123568,1746695018810.281,-81,15,-95
1746695018848.937,123363,1746695018830.188,-84,15,-97
1746695018868.812,123161,1746695018850.0,-72,15,-111
1746695018888.75,122946,1746695018869.844,-72,15,-97
1746695018908.563,122777,1746695018889.781,-76,15,-97
1746695018928.406,122634,1746695018909.594,-76,15,-84
1746695018948.281,122526,1746695018929.469,-68,15,-95
1746695018968.125,122416,1746695018949.281,-68,3,-116
1746695018988.031,122347,1746695018969.156,-72,12,-98
1746695019007.969,122286,1746695018989.062,-77,14,-95
1746695019027.719,122230,1746695019008.906,-89,17,-96
1746695019047.594,122198,1746695019028.75,-76,15,-93
1746695019067.469,122175,1746695019048.625,-87,15,-93
1746695019087.312,122159,1746695019068.5,-84,9,-97
1746695019107.187,122158,1746695019088.375,-82,12,-103
1746695019127.031,122161,1746695019108.219,-76,19,-104
1746695019146.938,122181,1746695019128.062,-74,15,-112
1746695019166.75,122163,1746695019147.969,-81,15,-94
1746695019186.625,122150,1746695019167.844,-74,14,-97
1746695019206.469,122135,1746695019187.6882,-79,12,-97
1746695019226.375,122106,1746695019207.531,-80,14,-98
1746695019246.188,122090,1746695019227.406,-80,15,-97
1746695019266.094,122035,1746695019247.25,-74,15,-97
1746695019285.969,121976,1746695019267.094,-77,14,-103
1746695019305.844,121929,1746695019287.0,-81,12,-93
1746695019325.7192,121916,1746695019306.906,-76,9,-98
1746695019345.594,121910,1746695019326.813,-84,12,-90
1746695019365.5,121939,1746695019346.625,-89,19,-94
1746695019385.344,121936,1746695019366.531,-81,15,-92
1746695019405.188,121947,1746695019386.406,-77,15,-104
1746695019425.062,121958,1746695019406.25,-86,7,-100
1746695019444.937,121946,1746695019426.094,-72,14,-89
1746695019464.813,121955,1746695019445.969,-71,11,-107
1746695019484.688,121943,1746695019465.844,-72,12,-105
1746695019504.531,121928,1746695019485.719,-80,15,-101
1746695019524.375,121911,1746695019505.563,-80,15,-100
1746695019544.25,121852,1746695019525.4058,-71,7,-109
1746695019564.125,121792,1746695019545.312,-74,7,-97
1746695019584.0,121736,1746695019565.156,-71,15,-111
1746695019603.875,121724,1746695019585.063,-72,7,-97
1746695019623.719,121684,1746695019604.906,-80,14,-105
1746695019643.594,121655,1746695019624.906,-71,19,-98
1746695019663.469,121638,1746695019644.625,-72,11,-92
1746695019683.344,121634,1746695019664.5,-74,15,-113
1746695019703.188,121608,1746695019684.344,-72,15,-101
1746695019723.031,121584,1746695019704.187,-73,16,-97
1746695019742.906,121573,1746695019724.062,-80,14,-104
1746695019762.781,121517,1746695019743.938,-68,32,-101
1746695019782.594,121435,1746695019763.813,-72,14,-105
1746695019802.469,121335,1746695019783.6558,-68,11,-101
1746695019822.344,121213,1746695019803.5,-71,15,-96
1746695019842.219,121126,1746695019823.375,-72,13,-109
1746695019862.062,121010,1746695019843.25,-73,14,-98
1746695019881.906,120908,1746695019863.125,-73,15,-97
1746695019901.781,120829,1746695019882.969,-82,11,-90
1746695019921.656,120793,1746695019902.844,-72,7,-94
1746695019941.469,120798,1746695019922.688,-78,17,-104
1746695019961.375,120785,1746695019942.563,-79,19,-110
1746695019981.219,120810,1746695019962.406,-77,15,-106
1746695020001.094,120818,1746695019982.281,-81,15,-98
1746695020021.031,120832,1746695020002.125,-74,12,-97
1746695020040.844,120832,1746695020022.094,-80,15,-111
1746695020060.688,120820,1746695020041.844,-64,12,-107
1746695020080.562,120814,1746695020061.687,-75,12,-113
1746695020100.375,120794,1746695020081.563,-66,13,-108
1746695020120.281,120789,1746695020101.438,-72,12,-100
1746695020140.125,120765,1746695020121.312,-69,15,-106
1746695020160.0,120721,1746695020141.125,-68,7,-112
1746695020179.812,120703,1746695020161.031,-68,12,-94
1746695020199.687,120690,1746695020180.906,-82,11,-93
1746695020219.531,120672,1746695020200.75,-71,12,-105
1746695020239.406,120676,1746695020220.562,-70,15,-97
1746695020259.219,120698,1746695020240.469,-74,15,-99
1746695020279.094,120717,1746695020260.281,-68,12,-105
1746695020299.0,120728,1746695020280.125,-79,15,-101
1746695020318.844,120711,1746695020300.031,-80,15,-91
1746695020338.719,120726,1746695020319.875,-77,11,-89
1746695020358.594,120751,1746695020339.781,-69,12,-94
1746695020378.438,120775,1746695020359.594,-68,32,-105
1746695020398.313,120809,1746695020379.469,-74,19,-113
1746695020418.156,120818,1746695020399.312,-72,12,-93
1746695020438.0,120832,1746695020419.219,-72,14,-107
1746695020457.875,120862,1746695020439.031,-81,13,-103
1746695020477.75,120906,1746695020458.937,-79,15,-94
1746695020497.5942,120934,1746695020478.781,-75,6,-98
1746695020517.469,120919,1746695020498.656,-72,14,-102
1746695020537.344,120930,1746695020518.5,-71,15,-105
1746695020557.188,120951,1746695020538.375,-72,14,-118
1746695020577.063,120988,1746695020558.25,-80,15,-98
1746695020596.906,121041,1746695020578.125,-73,15,-100
1746695020616.781,121053,1746695020597.938,-73,15,-105
1746695020636.688,121069,1746695020617.813,-73,9,-98
1746695020656.5,121054,1746695020637.719,-77,24,-104
1746695020676.375,121025,1746695020657.562,-84,15,-97
1746695020696.281,121017,1746695020677.438,-78,12,-94
1746695020716.125,120994,1746695020697.313,-74,14,-98
1746695020736.0,120983,1746695020717.156,-68,15,-107
1746695020755.906,120953,1746695020737.031,-72,15,-98
1746695020775.719,120919,1746695020756.969,-78,15,-100
1746695020795.563,120835,1746695020776.781,-80,15,-98
1746695020815.406,120720,1746695020796.625,-68,11,-101
1746695020835.281,120592,1746695020816.469,-81,23,-104
1746695020855.156,120476,1746695020836.313,-76,14,-96
1746695020875.0,120376,1746695020856.188,-80,15,-113
1746695020894.875,120309,1746695020876.062,-88,14,-106
1746695020914.75,120283,1746695020895.906,-81,15,-93
1746695020934.594,120293,1746695020915.719,-77,15,-113
1746695020954.437,120420,1746695020935.656,-72,9,-104
1746695020974.313,120658,1746695020955.469,-76,12,-97
1746695020994.1558,120846,1746695020975.344,-74,12,-104
1746695021014.031,120980,1746695020995.187,-72,15,-104
1746695021033.875,121046,1746695021015.094,-72,7,-96
1746695021053.719,121078,1746695021034.969,-73,21,-113
1746695021073.625,121082,1746695021054.812,-84,15,-96
1746695021093.469,121027,1746695021074.656,-80,15,-98
1746695021113.281,120939,1746695021094.469,-76,15,-97
1746695021133.156,120865,1746695021114.375,-79,10,-92
1746695021153.094,120756,1746695021134.187,-80,14,-103
1746695021172.906,120673,1746695021154.125,-80,15,-105
1746695021192.75,120609,1746695021173.938,-80,15,-106
1746695021212.625,120579,1746695021193.813,-81,9,-101
1746695021232.531,120587,1746695021213.687,-65,28,-109
1746695021252.375,120601,1746695021233.562,-77,13,-101
1746695021272.219,120627,1746695021253.406,-69,15,-97
1746695021292.094,120664,1746695021273.281,-79,31,-100
1746695021312.0,120666,1746695021293.125,-84,15,-95
1746695021331.875,120676,1746695021313.0,-71,12,-116
1746695021351.687,120665,1746695021332.906,-71,12,-96
1746695021371.594,120692,1746695021352.75,-71,13,-103
1746695021391.438,120722,1746695021372.625,-71,11,-97
1746695021411.313,120775,1746695021392.562,-68,15,-100
1746695021431.156,120789,1746695021412.344,-71,15,-97
1746695021451.031,120784,1746695021432.219,-73,15,-97
1746695021470.906,120822,1746695021452.063,-73,15,-102
1746695021490.781,120815,1746695021471.937,-68,12,-97
1746695021510.625,120830,1746695021491.844,-74,17,-98
1746695021530.5,120812,1746695021511.688,-69,15,-111
1746695021550.375,120813,1746695021531.563,-80,15,-101
1746695021570.25,120851,1746695021551.406,-61,9,-97
1746695021590.094,120890,1746695021571.312,-76,15,-105
1746695021610.031,120911,1746695021591.125,-71,7,-101
1746695021629.844,120975,1746695021611.0,-73,24,-109
1746695021649.719,120996,1746695021630.875,-72,15,-94
1746695021669.562,120995,1746695021650.75,-70,15,-90
1746695021689.406,120981,1746695021670.594,-77,15,-88
1746695021709.313,120952,1746695021690.531,-65,20,-102
1746695021729.156,120934,1746695021710.312,-64,15,-101
1746695021749.0,120913,1746695021730.187,-67,12,-113
1746695021768.906,120953,1746695021750.031,-77,15,-103
1746695021788.75,121035,1746695021769.938,-80,15,-101
1746695021808.594,121098,1746695021789.781,-80,23,-114
1746695021828.438,121136,1746695021809.594,-71,16,-120
1746695021848.281,121144,1746695021829.469,-72,13,-96
1746695021868.156,121090,1746695021849.313,-76,15,-98
1746695021888.0,121014,1746695021869.188,-68,21,-104
1746695021907.844,120892,1746695021889.031,-71,15,-111
1746695021927.75,120766,1746695021908.875,-73,15,-111
1746695021947.594,120657,1746695021928.781,-81,15,-101
1746695021967.438,120627,1746695021948.625,-80,21,-111
1746695021987.313,120601,1746695021968.5,-81,15,-97
1746695022007.156,120600,1746695021988.344,-72,15,-102
1746695022027.031,120640,1746695022008.219,-74,24,-103
1746695022046.875,120701,1746695022028.063,-72,15,-94
1746695022066.719,120769,1746695022047.937,-63,12,-95
1746695022086.594,120834,1746695022067.75,-80,15,-92
1746695022106.437,120875,1746695022087.625,-90,15,-94
1746695022126.281,120913,1746695022107.469,-68,13,-102
1746695022146.125,120947,1746695022127.437,-79,21,-107
1746695022166.0,120979,1746695022147.156,-68,15,-97
1746695022185.812,121007,1746695022167.031,-80,15,-98
1746695022205.719,121040,1746695022186.812,-73,17,-109
1746695022225.625,121080,1746695022206.75,-84,15,-93
1746695022245.438,121105,1746695022226.687,-76,15,-97
1746695022265.281,121140,1746695022246.437,-74,15,-106
1746695022285.156,121192,1746695022266.313,-73,15,-100
1746695022305.0,121263,1746695022286.188,-81,17,-101
1746695022324.875,121343,1746695022306.031,-77,15,-111
1746695022344.719,121416,1746695022325.906,-85,15,-104
1746695022364.562,121483,1746695022345.75,-76,15,-104
1746695022384.406,121528,1746695022365.625,-73,15,-93
1746695022404.25,121551,1746695022385.438,-79,9,-93
1746695022424.125,121604,1746695022405.25,-73,15,-105
1746695022444.0,121612,1746695022425.187,-84,19,-105
1746695022463.812,121674,1746695022445.0632,-72,6,-93
1746695022483.719,121738,1746695022464.875,-80,14,-97
1746695022503.563,121812,1746695022484.75,-81,15,-97
1746695022523.438,121900,1746695022504.594,-87,15,-98
1746695022543.281,121990,1746695022524.469,-71,15,-109
1746695022563.125,122056,1746695022544.313,-80,15,-103
1746695022583.0,122121,1746695022564.156,-64,12,-108
1746695022602.844,122166,1746695022584.031,-72,15,-97
1746695022622.812,122203,1746695022603.906,-73,15,-97
1746695022642.594,122211,1746695022623.875,-72,15,-105
1746695022662.469,122251,1746695022643.594,-72,16,-113
1746695022682.313,122292,1746695022663.469,-77,15,-111
1746695022702.156,122331,1746695022683.344,-85,40,-108
1746695022722.031,122334,1746695022703.188,-84,15,-94
1746695022741.906,122365,1746695022723.094,-84,15,-98
1746695022761.75,122409,1746695022742.937,-84,11,-97
1746695022781.625,122428,1746695022762.844,-77,12,-94
1746695022801.469,122423,1746695022782.656,-68,15,-101
1746695022821.375,122358,1746695022802.563,-72,15,-109
1746695022841.188,122274,1746695022822.406,-69,15,-106
1746695022861.063,122142,1746695022842.281,-72,11,-102
1746695022880.937,122032,1746695022862.094,-80,15,-109
1746695022900.844,121952,1746695022881.938,-74,15,-115
1746695022920.656,121869,1746695022901.844,-72,12,-101
1746695022940.531,121831,1746695022921.719,-84,7,-107
1746695022960.531,121807,1746695022941.562,-80,13,-98
1746695022980.313,121808,1746695022961.531,-76,15,-105
1746695023000.156,121829,1746695022981.313,-84,17,-104
1746695023020.0,121842,1746695023001.219,-74,17,-103
1746695023039.875,121848,1746695023021.031,-89,13,-111
1746695023059.75,121869,1746695023040.906,-80,15,-92
1746695023079.563,121903,1746695023060.781,-82,28,-98
1746695023099.438,121910,1746695023080.656,-72,15,-104
1746695023119.312,121899,1746695023100.469,-76,15,-103
1746695023139.187,121869,1746695023120.344,-79,15,-97
1746695023159.0,121841,1746695023140.219,-77,12,-98
1746695023178.875,121830,1746695023160.062,-75,15,-96
1746695023198.719,121820,1746695023179.906,-85,15,-98
1746695023218.594,121816,1746695023199.75,-77,13,-117
1746695023238.437,121822,1746695023219.594,-69,16,-118
1746695023258.281,121853,1746695023239.5,-69,15,-93
1746695023278.156,121887,1746695023259.344,-88,15,-97
1746695023298.031,121921,1746695023279.187,-74,15,-95
1746695023317.875,121940,1746695023299.031,-72,9,-111
1746695023337.719,121944,1746695023318.938,-76,14,-96
1746695023357.687,121971,1746695023338.75,-79,15,-97
1746695023377.469,121968,1746695023358.719,-72,15,-105
1746695023397.312,121983,1746695023378.469,-72,16,-105
1746695023417.188,122005,1746695023398.375,-80,15,-98
1746695023437.031,122050,1746695023418.219,-85,33,-97
1746695023456.906,122071,1746695023438.062,-73,11,-107
1746695023476.75,122104,1746695023457.938,-77,15,-98
1746695023496.594,122128,1746695023477.813,-82,15,-90
1746695023516.5,122127,1746695023497.687,-80,15,-97
1746695023536.344,122176,1746695023517.531,-81,15,-96
1746695023556.187,122186,1746695023537.375,-79,15,-111
1746695023576.094,122204,1746695023557.281,-71,15,-104
1746695023595.969,122238,1746695023577.125,-72,15,-100
1746695023615.844,122254,1746695023597.0,-72,14,-101
1746695023635.687,122270,1746695023616.844,-69,17,-114
1746695023655.562,122290,1746695023636.75,-72,15,-106
1746695023675.438,122298,1746695023656.625,-72,19,-97
1746695023695.375,122289,1746695023676.469,-71,15,-94
1746695023715.156,122318,1746695023696.438,-72,15,-106
1746695023735.031,122295,1746695023716.156,-80,14,-105
1746695023754.875,122269,1746695023736.063,-72,15,-96
1746695023774.75,122175,1746695023755.906,-73,23,-113
1746695023794.625,122059,1746695023775.812,-73,15,-97
1746695023814.625,121933,1746695023795.656,-80,19,-99
1746695023834.406,121829,1746695023815.531,-81,31,-113
1746695023854.25,121777,1746695023835.437,-77,15,-98
1746695023874.156,121739,1746695023855.313,-80,15,-88
1746695023894.031,121725,1746695023875.156,-79,7,-89
1746695023913.938,121735,1746695023895.125,-75,15,-104
1746695023933.75,121720,1746695023914.969,-84,15,-101
1746695023953.656,121715,1746695023934.813,-78,15,-101
1746695023973.531,121725,1746695023954.656,-79,15,-108
1746695023993.375,121717,1746695023974.562,-77,15,-97
1746695024013.25,121731,1746695023994.406,-73,15,-117
1746695024033.125,121754,1746695024014.313,-82,14,-96
1746695024053.0,121731,1746695024034.188,-79,15,-100
1746695024072.875,121721,1746695024054.0,-72,15,-105
1746695024092.812,121733,1746695024073.906,-82,15,-104
1746695024112.594,121716,1746695024093.844,-72,14,-104
1746695024132.5,121719,1746695024113.625,-80,15,-97
1746695024152.344,121691,1746695024133.531,-73,15,-98
1746695024172.219,121668,1746695024153.406,-82,23,-106
1746695024192.094,121678,1746695024173.25,-82,15,-93
1746695024212.063,121694,1746695024193.156,-84,15,-93
1746695024231.813,121717,1746695024213.0,-83,24,-106
1746695024251.688,121731,1746695024232.875,-73,15,-105
1746695024271.562,121724,1746695024252.687,-74,16,-113
1746695024291.469,121727,1746695024272.625,-77,13,-92
1746695024311.313,121715,1746695024292.562,-77,15,-105
1746695024331.156,121728,1746695024312.375,-69,19,-104
1746695024351.031,121728,1746695024332.187,-68,15,-117
1746695024370.906,121735,1746695024352.063,-73,23,-97
1746695024390.781,121713,1746695024371.938,-76,21,-98
1746695024410.563,121716,1746695024391.875,-88,19,-97
1746695024430.437,121721,1746695024411.625,-77,15,-102
1746695024450.281,121697,1746695024431.469,-84,15,-109
1746695024470.156,121690,1746695024451.344,-68,14,-101
1746695024490.0,121689,1746695024471.219,-83,15,-97
1746695024509.875,121721,1746695024491.031,-65,15,-103
1746695024529.75,121740,1746695024510.875,-77,15,-101
1746695024549.562,121780,1746695024530.813,-78,23,-102
1746695024569.438,121817,1746695024550.687,-72,31,-101
1746695024589.313,121850,1746695024570.469,-71,15,-96
1746695024609.25,121917,1746695024590.344,-82,14,-97
1746695024629.0,121964,1746695024610.219,-71,24,-103
1746695024648.906,121984,1746695024630.063,-72,15,-105
1746695024668.781,122002,1746695024649.937,-74,15,-101
1746695024688.625,121987,1746695024669.781,-72,15,-100
1746695024708.5,121916,1746695024689.656,-72,15,-110
1746695024728.344,121787,1746695024709.531,-72,15,-115
1746695024748.219,121660,1746695024729.344,-68,16,-113
1746695024768.062,121524,1746695024749.25,-72,12,-91
1746695024787.906,121407,1746695024769.125,-80,15,-97
1746695024807.781,121320,1746695024788.969,-85,15,-94
1746695024827.688,121280,1746695024808.812,-72,11,-96
1746695024847.469,121259,1746695024828.719,-72,15,-109
1746695024867.344,121245,1746695024848.531,-72,19,-103
1746695024887.25,121262,1746695024868.438,-81,15,-91
1746695024907.094,121260,1746695024888.281,-71,15,-93
1746695024926.969,121266,1746695024908.125,-77,15,-97
1746695024946.937,121285,1746695024928.0,-82,15,-87
1746695024966.687,121323,1746695024947.906,-97,49,-97
1746695024986.563,121332,1746695024967.719,-80,21,-101
1746695025006.438,121363,1746695024987.594,-80,15,-97
1746695025026.281,121369,1746695025007.5,-80,11,-104
1746695025046.156,121377,1746695025027.344,-68,15,-97
1746695025066.031,121386,1746695025047.188,-72,15,-97
1746695025085.875,121393,1746695025067.062,-73,15,-113
1746695025105.719,121381,1746695025086.906,-72,15,-96
1746695025125.562,121428,1746695025106.75,-73,12,-97
1746695025145.469,121476,1746695025126.594,-73,15,-107
1746695025165.344,121487,1746695025146.5,-89,21,-94
1746695025185.156,121530,1746695025166.375,-73,14,-89
1746695025205.031,121590,1746695025186.188,-84,15,-93
1746695025224.875,121625,1746695025206.063,-76,19,-104
1746695025244.75,121675,1746695025225.937,-74,15,-100
1746695025264.594,121706,1746695025245.781,-71,15,-104
1746695025284.469,121762,1746695025265.625,-69,13,-97
1746695025304.344,121804,1746695025285.5,-64,15,-100
1746695025324.188,121867,1746695025305.375,-80,13,-98
1746695025344.031,121918,1746695025325.219,-74,15,-99
1746695025363.906,121982,1746695025345.062,-81,24,-109
1746695025383.781,122057,1746695025364.969,-77,19,-94
1746695025403.625,122131,1746695025384.813,-72,15,-94
1746695025423.469,122201,1746695025404.656,-68,23,-96
1746695025443.3442,122251,1746695025424.469,-68,16,-106
1746695025463.187,122327,1746695025444.375,-80,15,-97
1746695025483.063,122410,1746695025464.313,-74,15,-103
1746695025502.906,122477,1746695025484.094,-80,15,-93
1746695025522.781,122560,1746695025503.906,-73,7,-98
1746695025542.656,122642,1746695025523.813,-80,14,-109
1746695025562.531,122721,1746695025543.688,-78,15,-93
1746695025582.344,122793,1746695025563.594,-73,7,-106
1746695025602.219,122871,1746695025583.406,-83,15,-102
1746695025622.125,122910,1746695025603.281,-72,15,-102
1746695025641.969,122977,1746695025623.156,-71,23,-97
1746695025661.844,122972,1746695025643.0308,-73,15,-99
1746695025681.812,122946,1746695025662.875,-83,13,-93
1746695025701.562,122875,1746695025682.75,-97,39,-104
1746695025721.437,122822,1746695025702.625,-76,22,-103
1746695025741.281,122810,1746695025722.5,-80,15,-97
1746695025761.156,122844,1746695025742.281,-76,11,-103
1746695025781.0618,122904,1746695025762.187,-72,14,-93
1746695025800.844,122979,1746695025782.125,-77,15,-104
1746695025820.719,123087,1746695025801.906,-79,7,-109
1746695025840.594,123217,1746695025821.75,-72,7,-96
1746695025860.531,123370,1746695025841.594,-73,14,-113
1746695025880.281,123528,1746695025861.563,-84,19,-111
1746695025900.188,123656,1746695025881.344,-71,15,-104
1746695025920.031,123782,1746695025901.25,-70,23,-102
1746695025939.9058,123872,1746695025921.062,-84,15,-100
1746695025959.75,123941,1746695025940.938,-72,14,-101
1746695025979.594,124008,1746695025960.813,-84,12,-103
1746695025999.469,124060,1746695025980.656,-77,13,-100
1746695026019.344,124129,1746695026000.5,-73,15,-95
1746695026039.187,124169,1746695026020.375,-72,20,-101
1746695026059.062,124212,1746695026040.281,-69,15,-100
1746695026078.969,124231,1746695026060.0942,-74,15,-99
1746695026098.781,124285,1746695026079.937,-72,32,-111
1746695026118.625,124327,1746695026099.812,-71,7,-111
1746695026138.5,124404,1746695026119.688,-72,15,-96
1746695026158.344,124454,1746695026139.5,-79,15,-104
1746695026178.219,124530,1746695026159.406,-76,15,-103
1746695026198.031,124615,1746695026179.219,-73,15,-105
1746695026217.875,124666,1746695026199.219,-77,15,-105
1746695026237.781,124764,1746695026218.9382,-68,15,-96
1746695026257.625,124871,1746695026238.812,-71,15,-93
1746695026277.469,125005,1746695026258.687,-80,15,-96
1746695026297.344,125095,1746695026278.5,-77,7,-104
1746695026317.219,125173,1746695026298.375,-80,19,-101
1746695026337.094,125235,1746695026318.219,-72,15,-93
1746695026356.938,125323,1746695026338.125,-80,14,-103
1746695026376.781,125417,1746695026358.0,-65,7,-94
1746695026396.656,125512,1746695026377.813,-72,15,-104
1746695026416.531,125592,1746695026397.719,-88,15,-99
1746695026436.375,125671,1746695026417.594,-85,7,-104
1746695026456.25,125748,1746695026437.437,-71,15,-104
1746695026476.094,125803,1746695026457.281,-72,19,-100
1746695026495.969,125889,1746695026477.125,-84,8,-113
1746695026515.8132,125968,1746695026497.031,-76,15,-103
1746695026535.656,126031,1746695026516.844,-73,15,-100
1746695026555.531,126111,1746695026536.688,-80,15,-116
1746695026575.406,126206,1746695026556.531,-77,15,-97
1746695026595.219,126266,1746695026576.437,-82,15,-99
1746695026615.063,126352,1746695026596.25,-72,15,-99
1746695026634.969,126389,1746695026616.094,-71,15,-105
1746695026654.812,126385,1746695026636.0,-73,19,-100
1746695026674.656,126342,1746695026655.844,-73,15,-93
1746695026694.531,126263,1746695026675.719,-72,12,-90
1746695026714.375,126120,1746695026695.5618,-80,13,-95
1746695026734.25,125979,1746695026715.406,-79,15,-109
1746695026754.094,125829,1746695026735.281,-80,15,-105
1746695026773.938,125713,1746695026755.156,-76,30,-98
1746695026793.813,125643,1746695026774.937,-72,11,-107
1746695026813.687,125642,1746695026794.844,-84,15,-101
1746695026833.5,125660,1746695026814.719,-79,15,-88
1746695026853.375,125679,1746695026834.625,-76,15,-96
1746695026873.25,125683,1746695026854.437,-77,11,-97
1746695026893.125,125734,1746695026874.281,-84,15,-103
1746695026912.969,125764,1746695026894.156,-84,13,-101
1746695026932.813,125823,1746695026914.031,-82,15,-93
1746695026952.688,125906,1746695026933.812,-77,15,-103
1746695026972.594,125969,1746695026953.75,-72,15,-93
1746695026992.406,126051,1746695026973.625,-83,13,-101
1746695027012.281,126131,1746695026993.469,-91,19,-103
1746695027032.125,126206,1746695027013.312,-79,15,-103
1746695027052.0,126250,1746695027033.156,-74,15,-96
1746695027071.812,126233,1746695027053.031,-71,15,-103
1746695027091.687,126207,1746695027072.875,-77,15,-98
1746695027111.531,126207,1746695027092.719,-89,22,-101
1746695027131.406,126201,1746695027112.562,-85,15,-95
1746695027151.312,126200,1746695027132.437,-84,15,-105
1746695027171.062,126236,1746695027152.313,-72,30,-106
1746695027190.969,126266,1746695027172.125,-82,15,-98
1746695027210.813,126320,1746695027192.0,-70,15,-109
1746695027230.656,126379,1746695027211.812,-80,15,-96
1746695027250.531,126386,1746695027231.719,-71,15,-95
1746695027270.406,126421,1746695027251.563,-74,12,-99
1746695027290.281,126451,1746695027271.5,-80,19,-96
1746695027310.0942,126487,1746695027291.312,-76,15,-101
1746695027329.937,126535,1746695027311.156,-76,15,-97
1746695027349.781,126577,1746695027331.0,-80,15,-94
1746695027369.781,126629,1746695027350.813,-75,15,-109
1746695027389.5,126663,1746695027370.719,-74,22,-103
1746695027409.375,126700,1746695027390.562,-82,15,-97
1746695027429.219,126716,1746695027410.406,-77,23,-104
1746695027449.063,126755,1746695027430.25,-87,19,-97
1746695027468.906,126809,1746695027450.125,-84,15,-99
1746695027488.781,126846,1746695027469.969,-73,15,-97
1746695027508.625,126880,1746695027489.813,-80,23,-99
1746695027528.5,126893,1746695027509.688,-82,15,-95
1746695027548.344,126891,1746695027529.562,-64,15,-97
1746695027568.219,126909,1746695027549.375,-72,14,-127
1746695027588.062,126916,1746695027569.25,-80,15,-98
1746695027607.937,126900,1746695027589.125,-72,15,-103
1746695027627.781,126923,1746695027608.969,-71,13,-109
1746695027647.625,126948,1746695027628.812,-82,15,-113
1746695027667.5,126999,1746695027648.6868,-77,19,-100
1746695027687.375,127022,1746695027668.531,-72,19,-98
1746695027707.219,127054,1746695027688.438,-76,15,-100
1746695027727.094,127038,1746695027708.312,-80,15,-101
1746695027746.969,126939,1746695027728.094,-72,19,-116
1746695027766.906,126815,1746695027748.0,-84,15,-98
1746695027786.688,126615,1746695027767.938,-80,20,-112
1746695027806.563,126440,1746695027787.75,-72,15,-103
1746695027826.406,126280,1746695027807.594,-79,15,-97
1746695027846.312,126169,1746695027827.469,-77,18,-98
1746695027866.125,126113,1746695027847.344,-68,20,-102
1746695027886.0,126100,1746695027867.188,-81,15,-93
1746695027905.844,126117,1746695027887.031,-81,15,-90
1746695027925.687,126112,1746695027906.906,-77,15,-98
1746695027945.5,126133,1746695027926.75,-72,15,-96
1746695027965.406,126138,1746695027946.594,-81,15,-97
1746695027985.25,126120,1746695027966.437,-80,15,-100
1746695028005.125,126121,1746695027986.344,-55,23,-104
1746695028024.937,126110,1746695028006.125,-73,15,-97
1746695028044.812,126105,1746695028026.0,-77,15,-97
1746695028064.656,126070,1746695028045.844,-81,19,-105
1746695028084.531,126007,1746695028065.687,-80,15,-101
1746695028104.344,125933,1746695028085.562,-77,15,-89
1746695028124.219,125844,1746695028105.438,-72,19,-98
1746695028144.094,125711,1746695028125.25,-79,15,-106
1746695028163.969,125527,1746695028145.125,-80,9,-96
1746695028183.781,125418,1746695028165.0,-88,12,-103
1746695028203.656,125441,1746695028184.844,-80,4,-106
1746695028223.531,125497,1746695028204.719,-80,23,-98
1746695028243.375,125480,1746695028224.5942,-77,32,-81
1746695028263.188,125476,1746695028244.375,-65,19,-98
1746695028283.062,125521,1746695028264.281,-73,21,-97
1746695028302.969,125570,1746695028284.125,-80,19,-97
1746695028322.813,125633,1746695028303.969,-92,15,-111
1746695028342.656,125626,1746695028323.844,-85,15,-94
1746695028362.5,125587,1746695028343.781,-72,22,-97
1746695028382.375,125536,1746695028363.531,-79,7,-108
1746695028402.25,125513,1746695028383.438,-72,14,-104
1746695028422.0632,125510,1746695028403.281,-88,15,-99
1746695028442.031,125488,1746695028423.125,-77,15,-93
1746695028461.812,125516,1746695028443.063,-76,15,-97
1746695028481.688,125556,1746695028462.781,-73,9,-107
1746695028501.531,125581,1746695028482.719,-70,14,-102
1746695028521.375,125557,1746695028502.594,-65,15,-104
1746695028541.25,125459,1746695028522.406,-72,15,-102
1746695028561.125,125298,1746695028542.25,-76,12,-109
1746695028580.906,125164,1746695028562.156,-80,15,-96
1746695028600.781,125031,1746695028581.969,-84,7,-101
1746695028620.656,124938,1746695028601.844,-72,15,-93
1746695028640.531,124888,1746695028621.656,-79,15,-113
1746695028660.375,124880,1746695028641.531,-89,15,-109
1746695028680.219,124898,1746695028661.437,-79,15,-105
1746695028700.094,124923,1746695028681.25,-72,12,-113
1746695028719.969,124951,1746695028701.125,-80,19,-97
1746695028739.781,124955,1746695028720.969,-64,16,-113
1746695028759.656,124925,1746695028740.844,-72,15,-97
1746695028779.531,124886,1746695028760.719,-80,12,-100
1746695028799.375,124836,1746695028780.562,-87,10,-94
1746695028819.219,124831,1746695028800.438,-84,7,-100
1746695028839.156,124842,1746695028820.312,-74,15,-98
1746695028858.969,124834,1746695028840.187,-80,20,-109
1746695028878.844,124733,1746695028859.969,-68,13,-103
1746695028898.6868,124542,1746695028879.844,-69,7,-113
1746695028918.531,124301,1746695028899.719,-77,32,-104
1746695028938.406,124017,1746695028919.562,-81,15,-109
1746695028958.281,123797,1746695028939.469,-72,27,-106
1746695028978.125,123657,1746695028959.313,-71,19,-96
1746695028997.969,123587,1746695028979.188,-73,21,-107
1746695029017.844,123499,1746695028999.0,-71,15,-93
1746695029037.719,123517,1746695029018.875,-79,7,-105
1746695029057.562,123520,1746695029038.75,-76,15,-93
1746695029077.437,123582,1746695029058.594,-77,7,-109
1746695029097.313,123655,1746695029078.5,-68,15,-109
1746695029117.156,123669,1746695029098.344,-67,11,-93
1746695029136.969,123552,1746695029118.219,-68,9,-104
1746695029156.844,123417,1746695029138.0,-79,14,-95
1746695029176.688,123299,1746695029157.875,-79,14,-100
1746695029196.563,123189,1746695029177.7192,-69,19,-121
1746695029216.406,123071,1746695029197.594,-82,19,-112
1746695029236.25,122925,1746695029217.438,-80,15,-102
1746695029256.125,122754,1746695029237.313,-72,19,-98
1746695029276.0,122569,1746695029257.156,-69,11,-90
1746695029295.844,122439,1746695029277.031,-74,15,-102
1746695029315.687,122390,1746695029296.875,-72,24,-113
1746695029335.531,122449,1746695029316.719,-89,14,-105
1746695029355.406,122599,1746695029336.594,-76,15,-102
1746695029375.25,122769,1746695029356.469,-69,15,-96
1746695029395.156,122927,1746695029376.281,-74,15,-111
1746695029415.0,123080,1746695029396.188,-74,15,-101
1746695029434.875,123221,1746695029416.125,-68,7,-107
1746695029454.719,123346,1746695029435.906,-71,11,-101
1746695029474.562,123443,1746695029455.75,-80,15,-105
1746695029494.437,123499,1746695029475.594,-80,15,-113
1746695029514.313,123534,1746695029495.469,-73,12,-100
1746695029534.125,123565,1746695029515.375,-82,13,-117
1746695029554.0,123632,1746695029535.156,-74,12,-111
1746695029573.875,123703,1746695029555.031,-80,12,-101
1746695029593.75,123802,1746695029574.906,-72,12,-101
1746695029613.563,123913,1746695029594.781,-71,15,-104
1746695029633.562,124031,1746695029614.625,-84,15,-94
1746695029653.281,124128,1746695029634.469,-81,16,-96
1746695029673.156,124136,1746695029654.344,-80,11,-95
1746695029693.0,124079,1746695029674.188,-80,7,-100
1746695029712.844,124050,1746695029694.062,-77,3,-109
1746695029732.75,124151,1746695029713.875,-77,9,-109
1746695029752.594,124253,1746695029733.781,-69,22,-101
1746695029772.438,124318,1746695029753.625,-61,23,-100
1746695029792.313,124356,1746695029773.469,-68,19,-90
1746695029812.156,124437,1746695029793.344,-76,15,-113
1746695029832.031,124558,1746695029813.219,-80,12,-104
1746695029851.875,124628,1746695029833.063,-82,14,-101
1746695029871.719,124555,1746695029852.906,-74,12,-109
1746695029891.594,124393,1746695029872.75,-72,9,-93
1746695029911.437,124179,1746695029892.594,-72,7,-103
1746695029931.312,123953,1746695029912.625,-76,11,-91
1746695029951.188,123763,1746695029932.375,-70,15,-103
1746695029971.063,123626,1746695029952.219,-71,15,-105
1746695029990.906,123557,1746695029972.062,-69,16,-120
1746695030010.75,123535,1746695029991.969,-81,12,-103
1746695030030.625,123529,1746695030011.781,-72,11,-97
1746695030050.5,123513,1746695030031.656,-74,12,-116
1746695030070.312,123495,1746695030051.562,-78,7,-96
1746695030090.187,123448,1746695030071.406,-63,15,-101
1746695030110.031,123354,1746695030091.219,-68,15,-105
1746695030129.938,123233,1746695030111.063,-69,7,-102
1746695030149.75,123074,1746695030130.969,-72,13,-96
1746695030169.625,122901,1746695030150.812,-72,13,-97
1746695030189.5,122727,1746695030170.656,-74,7,-93
1746695030209.344,122571,1746695030190.531,-86,11,-89
1746695030229.219,122469,1746695030210.375,-89,15,-93
1746695030249.187,122467,1746695030230.281,-82,15,-95
1746695030268.969,122540,1746695030250.219,-88,15,-100
1746695030288.8132,122641,1746695030269.969,-84,23,-93
1746695030308.656,122804,1746695030289.844,-80,15,-97
1746695030328.5,123106,1746695030309.75,-81,5,-103
1746695030348.375,123501,1746695030329.563,-73,15,-109
1746695030368.25,123806,1746695030349.438,-80,15,-101
1746695030388.094,123970,1746695030369.281,-82,15,-104
1746695030407.969,124045,1746695030389.156,-80,14,-96
1746695030427.812,124055,1746695030409.0,-77,7,-101
1746695030447.687,124081,1746695030428.844,-84,3,-90
1746695030467.531,124051,1746695030448.75,-74,7,-94
1746695030487.406,123982,1746695030468.594,-73,19,-109
1746695030507.281,123955,1746695030488.437,-79,9,-94
1746695030527.156,123924,1746695030508.344,-77,6,-89
1746695030546.969,123951,1746695030528.188,-80,7,-96
1746695030566.844,124030,1746695030548.031,-84,3,-109
1746695030586.719,124149,1746695030567.906,-72,3,-98
1746695030606.562,124175,1746695030587.781,-71,7,-97
1746695030626.438,124147,1746695030607.625,-77,13,-101
1746695030646.375,124064,1746695030627.5,-80,11,-94
1746695030666.156,123934,1746695030647.375,-74,7,-107
1746695030686.062,123825,1746695030667.219,-87,7,-98
1746695030705.906,123734,1746695030687.094,-89,7,-90
1746695030725.781,123674,1746695030706.969,-69,7,-97
1746695030745.656,123674,1746695030726.781,-73,13,-100
1746695030765.562,123633,1746695030746.656,-82,7,-109
1746695030785.375,123633,1746695030766.563,-92,20,-100
1746695030805.25,123665,1746695030786.437,-84,15,-93
1746695030825.125,123762,1746695030806.281,-87,15,-97
1746695030845.031,123904,1746695030826.156,-80,17,-92
1746695030864.875,124093,1746695030846.031,-77,15,-89
1746695030884.719,124332,1746695030865.906,-77,13,-93
1746695030904.625,124596,1746695030885.844,-72,15,-109
1746695030924.469,124845,1746695030905.688,-73,12,-97
1746695030944.344,125055,1746695030925.531,-68,17,-113
1746695030964.25,125107,1746695030945.375,-57,7,-119
1746695030984.125,125117,1746695030965.281,-76,11,-100
1746695031003.969,125033,1746695030985.156,-64,19,-97
1746695031023.844,124857,1746695031005.031,-88,12,-89
1746695031043.75,124621,1746695031024.875,-81,1,-86
1746695031063.594,124330,1746695031044.812,-69,9,-100
1746695031083.437,124125,1746695031064.625,-73,7,-100
1746695031103.313,124035,1746695031084.5,-77,13,-94
1746695031123.188,123940,1746695031104.344,-79,10,-89
1746695031143.062,123927,1746695031124.25,-81,15,-89
1746695031162.906,123925,1746695031144.125,-85,23,-97
1746695031182.813,123918,1746695031163.969,-103,31,-87
1746695031202.656,123956,1746695031183.844,-98,23,-81
1746695031222.531,124032,1746695031203.656,-89,27,-97
1746695031242.375,124113,1746695031223.563,-87,25,-88
1746695031262.25,124219,1746695031243.438,-84,23,-105
1746695031282.094,124345,1746695031263.281,-74,23,-104
1746695031301.969,124473,1746695031283.281,-81,15,-97
1746695031321.812,124607,1746695031303.0,-72,15,-100
1746695031341.656,124695,1746695031322.844,-68,10,-109
1746695031361.5,124750,1746695031342.688,-68,7,-106
1746695031381.406,124766,1746695031362.531,-64,4,-103
1746695031401.281,124761,1746695031382.437,-64,7,-113
1746695031421.125,124724,1746695031402.313,-66,8,-109
1746695031441.0,124650,1746695031422.156,-74,7,-106
1746695031460.844,124585,1746695031442.031,-66,6,-107
1746695031480.656,124529,1746695031461.844,-72,0,-99
1746695031500.531,124507,1746695031481.75,-73,1,-93
1746695031520.438,124471,1746695031501.594,-72,15,-105
1746695031540.281,124399,1746695031521.4692,-61,12,-105
1746695031560.125,124303,1746695031541.344,-68,7,-109
1746695031580.0,124146,1746695031561.188,-73,12,-113
1746695031599.875,124001,1746695031581.031,-66,14,-101
1746695031619.719,123858,1746695031600.937,-82,15,-101
1746695031639.563,123731,1746695031620.75,-79,15,-97
1746695031659.437,123640,1746695031640.625,-72,15,-104
1746695031679.281,123564,1746695031660.469,-71,15,-104
1746695031699.156,123508,1746695031680.344,-79,23,-105
1746695031719.0,123495,1746695031700.219,-79,19,-98
1746695031738.875,123515,1746695031720.031,-72,19,-104
1746695031758.719,123551,1746695031739.906,-81,15,-98
1746695031778.625,123619,1746695031759.7808,-69,22,-97
1746695031798.438,123784,1746695031779.687,-72,15,-109
1746695031818.312,123963,1746695031799.469,-74,15,-105
1746695031838.187,124201,1746695031819.344,-81,23,-100
1746695031858.031,124631,1746695031839.188,-73,35,-113
1746695031877.906,125241,1746695031859.062,-71,15,-93
1746695031897.75,125834,1746695031878.937,-81,19,-98
1746695031917.625,126261,1746695031898.813,-80,23,-90
1746695031937.5,126647,1746695031918.688,-80,14,-93
1746695031957.313,127084,1746695031938.531,-81,14,-97
1746695031977.188,127613,1746695031958.312,-80,15,-113
1746695031997.062,128141,1746695031978.219,-74,5,-88
1746695032016.906,128586,1746695031998.063,-77,16,-103
1746695032036.75,128982,1746695032017.938,-79,13,-90
