Local: ,2025-05-22 00:00:00+02:00,tz_sec ,7200
Linux Epoch (ms):,1747864800000.0
PPG Timestamp,PPG,ADXL Timestamp,X,Y,Z
1747908198359.031,205591,1747908198340.094,-32,16,-153
1747908198378.875,205658,1747908198359.937,-28,12,-153
1747908198398.719,205748,1747908198379.813,-39,-1,-160
1747908198418.563,205871,1747908198399.656,-40,4,-160
1747908198438.438,205978,1747908198419.5,-33,-2,-154
1747908198458.281,206107,1747908198439.344,-36,4,-157
1747908198478.125,206229,1747908198459.219,-49,-5,-156
1747908198497.969,206377,1747908198479.063,-47,-8,-157
1747908198517.844,206544,1747908198498.906,-42,-13,-158
1747908198537.719,206725,1747908198518.719,-39,-8,-157
1747908198557.562,206898,1747908198538.625,-49,-8,-161
1747908198577.406,207020,1747908198558.5,-40,-8,-154
1747908198597.281,207139,1747908198578.3132,-49,-2,-153
1747908198617.156,207279,1747908198598.219,-35,-2,-154
1747908198637.0,207437,1747908198618.062,-9,-7,-159
1747908198656.844,207586,1747908198637.938,-26,-4,-157
1747908198676.688,207742,1747908198657.719,-24,-2,-154
1747908198696.531,207868,1747908198677.594,-36,-1,-162
1747908198716.3442,208019,1747908198697.437,-33,-8,-163
1747908198736.187,208097,1747908198717.312,-33,-12,-160
1747908198756.062,208195,1747908198737.125,-41,-4,-169
1747908198775.906,208261,1747908198756.969,-45,-7,-160
1747908198795.719,208338,1747908198776.844,-36,-2,-148
1747908198815.594,208376,1747908198796.6868,-47,-2,-152
1747908198835.437,208487,1747908198816.5,-32,1,-154
1747908198855.281,208560,1747908198836.344,-41,3,-153
1747908198875.125,208640,1747908198856.219,-23,3,-156
1747908198895.0,208744,1747908198876.031,-29,6,-157
1747908198914.844,208799,1747908198895.937,-33,0,-161
1747908198934.687,208835,1747908198915.75,-33,5,-154
1747908198954.531,208895,1747908198935.625,-28,-1,-154
1747908198974.406,208916,1747908198955.469,-29,-4,-166
1747908198994.25,208926,1747908198975.312,-34,3,-167
1747908199014.125,208925,1747908198995.156,-36,-1,-160
1747908199033.937,208945,1747908199015.031,-45,-1,-160
1747908199053.813,208940,1747908199034.875,-31,-5,-153
1747908199073.656,208947,1747908199054.719,-35,-7,-154
1747908199093.5,208947,1747908199074.562,-47,-8,-161
1747908199113.312,208955,1747908199094.406,-33,-5,-159
1747908199133.188,208953,1747908199114.281,-46,-2,-154
1747908199153.031,208995,1747908199134.094,-34,4,-157
1747908199172.906,208990,1747908199153.937,-41,6,-153
1747908199192.687,209031,1747908199173.812,-40,3,-154
1747908199212.562,209079,1747908199193.625,-34,3,-162
1747908199232.406,209127,1747908199213.5,-41,-3,-161
1747908199252.25,209161,1747908199233.313,-29,1,-154
1747908199272.125,209216,1747908199253.156,-38,1,-161
1747908199291.969,209262,1747908199273.031,-34,1,-157
1747908199311.844,209342,1747908199292.906,-34,-4,-159
1747908199331.719,209411,1747908199312.75,-29,0,-161
1747908199351.562,209532,1747908199332.625,-28,3,-161
1747908199371.406,209661,1747908199352.469,-45,-4,-159
1747908199391.25,209770,1747908199372.313,-23,1,-160
1747908199411.125,209883,1747908199392.156,-26,-2,-156
1747908199430.969,210027,1747908199412.0,-25,-8,-161
1747908199450.812,210167,1747908199431.875,-34,-6,-152
1747908199470.625,210292,1747908199451.75,-40,-2,-148
1747908199490.5,210416,1747908199471.563,-31,-7,-160
1747908199510.375,210533,1747908199491.438,-39,0,-161
1747908199530.156,210645,1747908199511.281,-45,-8,-154
1747908199550.031,210738,1747908199531.094,-36,2,-149
1747908199569.875,210844,1747908199550.937,-45,6,-157
1747908199589.719,210940,1747908199570.781,-37,3,-154
1747908199609.5632,211031,1747908199590.656,-42,7,-157
1747908199629.406,211097,1747908199610.5,-42,-1,-154
1747908199649.25,211210,1747908199630.344,-32,-4,-161
1747908199669.125,211302,1747908199650.156,-40,1,-148
1747908199689.0,211392,1747908199670.031,-39,3,-152
1747908199708.781,211469,1747908199689.9058,-40,12,-160
1747908199728.656,211543,1747908199709.687,-31,3,-162
1747908199748.531,211655,1747908199729.594,-42,-1,-161
1747908199768.344,211751,1747908199749.438,-36,8,-177
1747908199788.219,211888,1747908199769.281,-34,-2,-160
1747908199808.063,212005,1747908199789.125,-34,3,-153
1747908199827.906,212160,1747908199808.969,-36,-1,-154
1747908199847.75,212274,1747908199828.844,-40,-4,-154
1747908199867.594,212383,1747908199848.688,-40,-1,-161
1747908199887.469,212520,1747908199868.5,-25,3,-158
1747908199907.344,212655,1747908199888.375,-29,6,-159
1747908199927.125,212815,1747908199908.25,-39,1,-157
1747908199947.0,212937,1747908199928.063,-40,3,-160
1747908199966.844,213088,1747908199947.906,-39,-4,-157
1747908199986.719,213216,1747908199967.781,-39,3,-162
1747908200006.562,213373,1747908199987.625,-32,-1,-161
1747908200026.406,213516,1747908200007.5,-44,-4,-153
1747908200046.25,213661,1747908200027.344,-40,0,-157
1747908200066.125,213764,1747908200047.188,-39,-2,-158
1747908200085.938,213893,1747908200067.031,-36,-6,-161
1747908200105.781,213988,1747908200086.844,-28,2,-146
1747908200125.656,214102,1747908200106.719,-32,1,-149
1747908200145.5,214252,1747908200126.563,-41,2,-151
1747908200165.344,214380,1747908200146.437,-40,5,-157
1747908200185.187,214495,1747908200166.25,-31,3,-159
1747908200205.031,214643,1747908200186.156,-31,2,-154
1747908200224.875,214740,1747908200205.938,-39,3,-157
1747908200244.781,214879,1747908200225.781,-36,-2,-153
1747908200264.563,215015,1747908200245.687,-40,-2,-157
1747908200284.437,215158,1747908200265.5,-36,-1,-160
1747908200304.281,215283,1747908200285.312,-31,-5,-153
1747908200324.188,215415,1747908200305.188,-33,-7,-153
1747908200344.0,215516,1747908200325.094,-31,4,-153
1747908200363.875,215602,1747908200344.906,-36,-1,-159
1747908200383.719,215690,1747908200364.781,-45,0,-157
1747908200403.594,215794,1747908200384.625,-29,1,-157
1747908200423.406,215905,1747908200404.5,-28,-1,-157
1747908200443.281,216056,1747908200424.375,-33,0,-161
1747908200463.156,216231,1747908200444.187,-44,3,-160
1747908200483.031,216480,1747908200464.063,-40,-2,-161
1747908200502.844,216677,1747908200483.938,-36,-1,-160
1747908200522.75,216825,1747908200503.781,-32,3,-159
1747908200542.625,216931,1747908200523.656,-31,-7,-161
1747908200562.469,217069,1747908200543.563,-32,-1,-162
1747908200582.313,217209,1747908200563.406,-26,-4,-161
1747908200602.188,217356,1747908200583.281,-26,-4,-154
1747908200622.062,217465,1747908200603.094,-42,1,-153
1747908200641.906,217524,1747908200623.0,-32,6,-161
1747908200661.75,217535,1747908200642.844,-20,-5,-161
1747908200681.6558,217488,1747908200662.719,-31,-1,-152
1747908200701.531,217455,1747908200682.562,-34,-4,-154
1747908200721.375,217354,1747908200702.437,-24,-1,-156
1747908200741.25,217267,1747908200722.313,-29,-1,-157
1747908200761.125,217209,1747908200742.188,-31,-4,-168
1747908200781.0,217138,1747908200762.031,-32,14,-157
1747908200800.812,217090,1747908200781.906,-29,2,-161
1747908200820.688,217077,1747908200801.75,-32,-2,-153
1747908200840.594,217097,1747908200821.594,-29,-7,-148
1747908200860.469,217170,1747908200841.5,-45,-1,-161
1747908200880.312,217276,1747908200861.344,-31,-2,-160
1747908200900.156,217385,1747908200881.219,-31,-1,-157
1747908200920.063,217511,1747908200901.063,-31,-2,-159
1747908200939.937,217654,1747908200920.937,-32,-4,-160
1747908200959.75,217792,1747908200940.844,-29,-2,-157
1747908200979.656,217924,1747908200960.6882,-32,-3,-157
1747908200999.5,218035,1747908200980.531,-32,-1,-156
1747908201019.375,218187,1747908201000.406,-29,-1,-157
1747908201039.219,218270,1747908201020.312,-29,1,-154
1747908201059.094,218328,1747908201040.188,-19,4,-153
1747908201078.969,218381,1747908201059.969,-33,0,-159
1747908201098.844,218421,1747908201079.875,-40,3,-157
1747908201118.656,218463,1747908201099.75,-41,28,-161
1747908201138.562,218538,1747908201119.625,-26,-1,-160
1747908201158.438,218592,1747908201139.469,-32,-4,-154
1747908201178.281,218669,1747908201159.312,-42,-9,-144
1747908201198.125,218702,1747908201179.25,-34,1,-156
1747908201217.969,218782,1747908201199.063,-41,3,-157
1747908201237.844,218835,1747908201218.875,-40,-4,-165
1747908201257.719,218916,1747908201238.75,-26,-6,-154
1747908201277.531,218961,1747908201258.625,-29,-1,-162
1747908201297.375,219021,1747908201278.469,-32,-2,-162
1747908201317.25,219059,1747908201298.313,-29,0,-161
1747908201337.094,219145,1747908201318.156,-40,-1,-153
1747908201356.906,219205,1747908201338.0,-36,3,-154
1747908201376.844,219268,1747908201357.875,-40,-1,-161
1747908201396.625,219376,1747908201377.75,-31,1,-159
1747908201416.5,219467,1747908201397.531,-28,-1,-152
1747908201436.313,219552,1747908201417.406,-39,-4,-160
1747908201456.156,219656,1747908201437.25,-33,16,-160
1747908201476.156,219766,1747908201457.062,-29,0,-157
1747908201495.875,219867,1747908201477.063,-37,1,-159
1747908201515.719,219993,1747908201496.781,-37,1,-137
1747908201535.594,220089,1747908201516.687,-32,7,-162
1747908201555.437,220227,1747908201536.5,-40,-2,-153
1747908201575.312,220334,1747908201556.344,-34,-1,-167
1747908201595.156,220443,1747908201576.25,-40,-1,-153
1747908201615.031,220548,1747908201596.094,-28,-4,-159
1747908201634.875,220639,1747908201615.969,-31,-2,-157
1747908201654.719,220769,1747908201635.781,-40,-1,-148
1747908201674.531,220894,1747908201655.656,-36,6,-156
1747908201694.406,220999,1747908201675.469,-32,-1,-157
1747908201714.281,221076,1747908201695.312,-32,-1,-157
1747908201734.156,221153,1747908201715.219,-29,3,-158
1747908201753.969,221236,1747908201735.031,-35,0,-160
1747908201773.844,221312,1747908201754.938,-31,-8,-161
1747908201793.688,221351,1747908201774.75,-20,-1,-154
1747908201813.562,221411,1747908201794.594,-34,-1,-154
1747908201833.375,221460,1747908201814.469,-29,-8,-154
1747908201853.219,221549,1747908201834.313,-36,-1,-153
1747908201873.094,221590,1747908201854.156,-29,-5,-153
1747908201892.969,221677,1747908201874.031,-20,-8,-161
1747908201912.812,221749,1747908201893.844,-36,-3,-156
1747908201932.656,221826,1747908201913.719,-36,4,-157
1747908201952.5,221911,1747908201933.594,-40,1,-159
1747908201972.375,222003,1747908201953.438,-32,-1,-158
1747908201992.219,222072,1747908201973.281,-31,3,-161
1747908202012.062,222147,1747908201993.156,-44,-1,-157
1747908202031.938,222239,1747908202013.0,-45,-4,-153
1747908202051.813,222296,1747908202032.875,-40,1,-161
1747908202071.625,222371,1747908202052.7192,-46,-4,-164
1747908202091.5,222446,1747908202072.594,-31,3,-162
1747908202111.344,222527,1747908202092.406,-32,-1,-160
1747908202131.219,222603,1747908202112.281,-24,-4,-161
1747908202151.063,222692,1747908202132.156,-27,-3,-161
1747908202171.031,222770,1747908202152.0,-32,-1,-162
1747908202190.75,222835,1747908202171.844,-28,-13,-161
1747908202210.625,222910,1747908202191.688,-29,-2,-161
1747908202230.469,223004,1747908202211.531,-29,-6,-156
1747908202250.313,223078,1747908202231.344,-29,-5,-150
1747908202270.187,223177,1747908202251.25,-40,1,-157
1747908202290.062,223257,1747908202271.094,-26,-1,-155
1747908202309.906,223333,1747908202291.0308,-29,0,-161
1747908202329.781,223421,1747908202310.844,-42,3,-153
1747908202349.625,223483,1747908202330.719,-29,-3,-160
1747908202369.531,223578,1747908202350.563,-40,0,-154
1747908202389.375,223639,1747908202370.438,-40,3,-158
1747908202409.219,223672,1747908202390.312,-29,3,-159
1747908202429.125,223701,1747908202410.156,-29,6,-161
1747908202449.0,223679,1747908202430.031,-29,-4,-157
1747908202468.844,223675,1747908202449.906,-9,0,-161
1747908202488.719,223672,1747908202469.781,-45,-2,-152
1747908202508.594,223670,1747908202489.625,-41,1,-159
1747908202528.469,223669,1747908202509.531,-45,15,-154
1747908202548.344,223667,1747908202529.375,-39,0,-157
1747908202568.219,223691,1747908202549.2808,-42,-2,-150
1747908202588.094,223709,1747908202569.094,-34,2,-145
1747908202607.969,223712,1747908202589.0,-36,1,-154
1747908202627.813,223754,1747908202608.906,-32,-2,-161
1747908202647.656,223779,1747908202628.75,-29,-2,-152
1747908202667.531,223794,1747908202648.594,-26,3,-161
1747908202687.406,223824,1747908202668.469,-29,-2,-154
1747908202707.25,223834,1747908202688.313,-45,-2,-153
1747908202727.094,223848,1747908202708.188,-37,-3,-161
1747908202746.938,223863,1747908202728.0,-40,-1,-153
1747908202766.812,223881,1747908202747.875,-49,-4,-157
1747908202786.625,223890,1747908202767.75,-32,-1,-162
1747908202806.5,223928,1747908202787.563,-36,4,-161
1747908202826.375,223953,1747908202807.437,-40,1,-154
1747908202846.219,223990,1747908202827.281,-40,3,-154
1747908202866.062,223997,1747908202847.156,-32,-8,-154
1747908202885.938,224043,1747908202867.0,-39,1,-153
1747908202905.781,224093,1747908202886.844,-32,-1,-161
1747908202925.625,224107,1747908202906.687,-31,16,-156
1747908202945.5,224146,1747908202926.562,-31,1,-153
1747908202965.344,224187,1747908202946.438,-40,-2,-160
1747908202985.188,224241,1747908202966.25,-37,1,-156
1747908203005.063,224302,1747908202986.094,-40,4,-157
1747908203024.875,224361,1747908203005.969,-49,7,-157
1747908203044.75,224371,1747908203025.906,-47,9,-153
1747908203064.594,224372,1747908203045.656,-47,15,-146
1747908203084.438,224317,1747908203065.5,-66,11,-157
1747908203104.25,224305,1747908203085.344,-66,-2,-159
1747908203124.25,224373,1747908203105.187,-56,-13,-161
1747908203143.937,224470,1747908203125.125,-53,-9,-154
1747908203163.8132,224685,1747908203144.844,-42,-15,-149
1747908203183.656,224849,1747908203164.719,-49,-12,-138
1747908203203.469,225044,1747908203184.594,-32,-20,-145
1747908203223.344,225233,1747908203204.406,-21,-18,-152
1747908203243.219,225417,1747908203224.25,-20,-21,-149
1747908203263.031,225553,1747908203244.125,-10,-8,-161
1747908203282.875,225661,1747908203263.969,16,-13,-178
1747908203302.7192,225741,1747908203283.844,28,-8,-193
1747908203322.594,225802,1747908203303.625,25,-8,-176
1747908203342.438,225913,1747908203323.5,26,-9,-181
1747908203362.25,225941,1747908203343.375,28,-12,-170
1747908203382.125,225947,1747908203363.187,25,-5,-163
1747908203402.031,225908,1747908203383.0618,20,-8,-161
1747908203421.844,225858,1747908203402.938,16,-7,-149
1747908203441.688,225814,1747908203422.75,15,-7,-156
1747908203461.531,225706,1747908203442.656,3,-2,-154
1747908203481.406,225623,1747908203462.469,-23,6,-157
1747908203501.281,225613,1747908203482.312,-34,3,-162
1747908203521.094,225623,1747908203502.219,-44,9,-154
1747908203540.969,225662,1747908203522.063,-53,7,-144
1747908203560.844,225814,1747908203541.875,-58,11,-128
1747908203580.781,225979,1747908203561.75,-73,15,-125
1747908203600.5,226111,1747908203581.625,-97,-13,-113
1747908203620.375,226108,1747908203601.469,-136,-20,-121
1747908203640.219,226023,1747908203621.281,-136,-25,-121
1747908203660.094,225890,1747908203641.156,-144,-20,-112
1747908203679.9368,225739,1747908203660.969,-152,-15,-112
1747908203699.75,225556,1747908203680.875,-153,-4,-106
1747908203719.625,225282,1747908203700.656,-156,7,-109
1747908203739.5,224919,1747908203720.531,-150,4,-114
1747908203759.312,224505,1747908203740.406,-136,-2,-114
1747908203779.156,224070,1747908203760.25,-122,-5,-116
1747908203799.156,223635,1747908203780.063,-122,-4,-113
1747908203818.875,223227,1747908203800.062,-105,-2,-122
1747908203838.687,222904,1747908203819.781,-81,-17,-141
1747908203858.562,222686,1747908203839.625,-61,-20,-147
1747908203878.438,222521,1747908203859.469,-49,-36,-128
1747908203898.281,222409,1747908203879.313,-16,-26,-125
1747908203918.25,222303,1747908203899.187,3,-16,-153
1747908203937.969,222179,1747908203919.062,7,-13,-161
1747908203957.844,222125,1747908203938.875,28,-9,-160
1747908203977.688,222124,1747908203958.75,39,-1,-160
1747908203997.531,221994,1747908203978.625,52,7,-176
1747908204017.406,221808,1747908203998.5,51,7,-192
1747908204037.281,221639,1747908204018.344,57,15,-205
1747908204057.188,221559,1747908204038.188,70,-4,-192
1747908204077.0,221527,1747908204058.094,59,-15,-190
1747908204096.844,221577,1747908204077.9368,33,-20,-185
1747908204116.719,221622,1747908204097.781,35,-25,-192
1747908204136.594,221680,1747908204117.656,23,-30,-189
1747908204156.406,221670,1747908204137.5,24,-29,-191
1747908204176.281,221708,1747908204157.375,19,-29,-185
1747908204196.156,221682,1747908204177.219,15,-27,-177
1747908204216.031,221758,1747908204197.031,35,-23,-160
1747908204235.844,221886,1747908204216.906,15,-18,-152
1747908204255.719,222138,1747908204236.75,4,-13,-159
1747908204275.594,222427,1747908204256.625,-17,-1,-154
1747908204295.469,222726,1747908204276.5,-29,4,-157
1747908204315.344,223003,1747908204296.375,-55,7,-148
1747908204335.188,223267,1747908204316.25,-64,5,-140
1747908204355.031,223469,1747908204336.094,-61,17,-145
1747908204374.906,223595,1747908204355.937,-61,18,-141
1747908204394.719,223741,1747908204375.813,-68,19,-127
1747908204414.594,223872,1747908204395.656,-90,16,-113
1747908204434.406,224029,1747908204415.5,-113,-2,-106
1747908204454.281,224099,1747908204435.437,-128,-23,-119
1747908204474.125,224066,1747908204455.188,-141,-24,-116
1747908204493.969,223865,1747908204475.094,-148,-12,-118
1747908204513.969,223557,1747908204494.906,-151,6,-126
1747908204533.719,223256,1747908204514.875,-149,14,-125
1747908204553.531,222856,1747908204534.656,-140,22,-128
1747908204573.406,222430,1747908204554.469,-144,17,-131
1747908204593.281,221993,1747908204574.281,-132,8,-141
1747908204613.125,221637,1747908204594.156,-114,-8,-125
1747908204632.937,221316,1747908204614.031,-90,-15,-116
1747908204652.812,220976,1747908204633.906,-77,-2,-141
1747908204672.656,220543,1747908204653.688,-79,-7,-153
1747908204692.531,220212,1747908204673.625,-58,-9,-164
1747908204712.344,220032,1747908204693.437,-33,-9,-150
1747908204732.219,220201,1747908204713.281,-7,1,-157
1747908204752.094,220814,1747908204733.094,9,4,-153
1747908204771.969,221808,1747908204753.031,15,12,-153
1747908204791.781,222578,1747908204772.906,31,7,-153
1747908204811.625,223044,1747908204792.75,28,12,-164
1747908204831.5,223329,1747908204812.563,46,9,-173
1747908204851.344,223583,1747908204832.438,40,3,-177
1747908204871.188,223848,1747908204852.281,47,0,-177
1747908204891.094,224047,1747908204872.156,44,-4,-177
1747908204910.969,224300,1747908204891.937,40,-13,-176
1747908204930.813,224589,1747908204911.875,24,-22,-188
1747908204950.594,224888,1747908204931.6558,25,-35,-185
1747908204970.469,225028,1747908204951.531,17,-28,-190
1747908204990.344,224928,1747908204971.375,7,-32,-192
1747908205010.219,224536,1747908204991.25,22,-10,-181
1747908205030.031,223967,1747908205011.125,24,-29,-166
1747908205049.875,223486,1747908205030.969,23,-26,-141
1747908205069.75,223216,1747908205050.781,7,-16,-145
1747908205089.625,223213,1747908205070.656,-30,-10,-153
1747908205109.438,223174,1747908205090.563,-76,-10,-186
1747908205129.313,223003,1747908205110.406,-113,-5,-210
1747908205149.219,222611,1747908205130.25,-117,-9,-202
1747908205169.062,222166,1747908205150.125,-90,-29,-190
1747908205188.906,221720,1747908205169.938,-65,-10,-160
1747908205208.75,221324,1747908205189.844,-8,-3,-114
1747908205228.625,220988,1747908205209.687,30,3,-56
1747908205248.5,221158,1747908205229.531,4,-9,-41
1747908205268.312,221700,1747908205249.406,-60,7,-50
1747908205288.188,222194,1747908205269.281,-113,35,-58
1747908205308.063,222490,1747908205289.094,-149,41,-64
1747908205328.0,222701,1747908205308.969,-200,33,-95
1747908205347.719,222798,1747908205328.813,-240,33,-137
1747908205367.594,222783,1747908205348.688,-237,36,-158
1747908205387.469,222645,1747908205368.469,-213,39,-128
1747908205407.312,222404,1747908205388.344,-178,33,-104
1747908205427.156,222125,1747908205408.219,-154,20,-95
1747908205447.0,221847,1747908205428.125,-137,6,-105
1747908205466.875,221469,1747908205447.906,-113,1,-121
1747908205486.75,221098,1747908205467.75,-111,-8,-125
1747908205506.562,220720,1747908205487.687,-100,-16,-126
1747908205526.437,220314,1747908205507.5,-84,-23,-145
1747908205546.313,219822,1747908205527.344,-70,-25,-154
1747908205566.156,219327,1747908205547.219,-50,-29,-161
1747908205586.0,218941,1747908205567.062,-25,-25,-160
1747908205605.844,218749,1747908205586.937,12,-16,-146
1747908205625.719,218630,1747908205606.781,25,-12,-159
1747908205645.625,218505,1747908205626.625,44,-11,-152
1747908205665.469,218488,1747908205646.531,56,-12,-153
1747908205685.344,218527,1747908205666.406,57,-9,-157
1747908205705.219,218551,1747908205686.25,72,4,-161
1747908205725.063,218502,1747908205706.094,83,14,-185
1747908205744.906,218449,1747908205725.937,80,11,-193
1747908205764.75,218398,1747908205745.812,86,19,-192
1747908205784.594,218292,1747908205765.656,76,12,-201
1747908205804.469,218207,1747908205785.5,48,3,-192
1747908205824.281,218112,1747908205805.375,33,-8,-192
1747908205844.156,218013,1747908205825.219,40,-13,-200
1747908205864.0,217944,1747908205845.125,40,-12,-188
1747908205883.875,217918,1747908205864.906,35,-13,-169
1747908205903.688,217949,1747908205884.7808,30,-15,-150
1747908205923.531,218174,1747908205904.625,17,-14,-142
1747908205943.5,218539,1747908205924.469,1,-15,-146
1747908205963.25,219133,1747908205944.406,-28,-8,-146
1747908205983.063,219759,1747908205964.125,-42,6,-140
1747908206002.906,220206,1747908205984.031,-63,12,-145
1747908206022.781,220517,1747908206003.875,-81,24,-138
1747908206042.625,220713,1747908206023.6868,-84,9,-124
1747908206062.5,220859,1747908206043.531,-99,-8,-115
1747908206082.313,221045,1747908206063.406,-117,-32,-129
1747908206102.188,221248,1747908206083.25,-132,-37,-121
1747908206122.031,221436,1747908206103.094,-162,-40,-122
1747908206141.906,221548,1747908206122.969,-168,-25,-119
1747908206161.75,221625,1747908206142.813,-174,-10,-113
1747908206181.594,221653,1747908206162.688,-169,7,-113
1747908206201.469,221661,1747908206182.562,-159,15,-121
1747908206221.344,221683,1747908206202.375,-153,20,-121
1747908206241.156,221733,1747908206222.25,-148,16,-118
1747908206261.031,221750,1747908206242.094,-144,12,-113
1747908206280.937,221797,1747908206261.937,-140,6,-113
1747908206300.75,221837,1747908206281.844,-114,-4,-125
1747908206320.594,221812,1747908206301.656,-100,3,-135
1747908206340.469,221735,1747908206321.531,-89,-2,-128
1747908206360.313,221556,1747908206341.375,-81,-16,-128
1747908206380.156,221321,1747908206361.219,-61,-18,-128
1747908206400.0,221043,1747908206381.094,-44,-24,-158
1747908206419.844,220783,1747908206400.938,-17,-33,-144
1747908206439.719,220567,1747908206420.813,-4,-16,-145
1747908206459.563,220330,1747908206440.656,11,-9,-141
1747908206479.406,220090,1747908206460.469,32,-1,-165
1747908206499.281,219812,1747908206480.375,43,6,-164
1747908206519.156,219560,1747908206500.1882,65,12,-177
1747908206539.0,219248,1747908206520.062,72,25,-189
1747908206558.812,218999,1747908206539.937,72,24,-192
1747908206578.656,218807,1747908206559.75,63,3,-201
1747908206598.531,218642,1747908206579.594,48,-4,-189
1747908206618.406,218666,1747908206599.438,28,-8,-189
1747908206638.281,218705,1747908206619.312,32,-15,-204
1747908206658.094,218816,1747908206639.156,19,-16,-192
1747908206677.937,218981,1747908206658.969,35,-17,-185
1747908206697.781,219152,1747908206678.875,44,-14,-172
1747908206717.625,219244,1747908206698.688,17,-13,-159
1747908206737.5,219321,1747908206718.5618,7,-5,-153
1747908206757.344,219403,1747908206738.437,-2,-1,-152
1747908206777.219,219502,1747908206758.25,-41,4,-151
1747908206797.0632,219619,1747908206778.156,-49,19,-153
1747908206816.937,219693,1747908206798.0,-57,27,-137
1747908206836.812,219796,1747908206817.781,-69,22,-112
1747908206856.625,219916,1747908206837.719,-96,-5,-105
1747908206876.5,220055,1747908206857.563,-103,-24,-98
1747908206896.375,220217,1747908206877.437,-114,-29,-100
1747908206916.219,220383,1747908206897.281,-136,-29,-113
1747908206936.094,220563,1747908206917.094,-161,-36,-112
1747908206955.938,220651,1747908206937.031,-167,-36,-121
1747908206975.781,220708,1747908206956.844,-169,-31,-119
1747908206995.656,220708,1747908206976.687,-168,-25,-125
1747908207015.594,220678,1747908206996.594,-172,-5,-118
1747908207035.406,220612,1747908207016.5,-177,8,-121
1747908207055.281,220549,1747908207036.313,-161,9,-113
1747908207075.187,220389,1747908207056.187,-160,3,-104
1747908207094.969,220267,1747908207076.031,-158,3,-108
1747908207114.813,220106,1747908207095.906,-143,-8,-121
1747908207134.656,219869,1747908207115.719,-127,-16,-112
1747908207154.531,219616,1747908207135.562,-98,-24,-96
1747908207174.406,219327,1747908207155.437,-84,-26,-97
1747908207194.187,218907,1747908207175.313,-77,-20,-126
1747908207214.063,218462,1747908207195.125,-45,-16,-153
1747908207233.938,218108,1747908207214.969,-20,-15,-138
1747908207253.781,218168,1747908207234.844,8,-1,-128
1747908207273.594,218979,1747908207254.687,19,-4,-145
1747908207293.5,220245,1747908207274.531,23,-8,-160
1747908207313.313,221175,1747908207294.406,27,-15,-165
1747908207333.188,221929,1747908207314.219,35,-20,-160
1747908207353.0,222683,1747908207334.094,39,-4,-205
1747908207372.875,223369,1747908207353.969,48,-4,-218
1747908207392.719,223974,1747908207373.781,44,-12,-209
1747908207412.656,224376,1747908207393.656,54,-9,-192
1747908207432.406,224452,1747908207413.531,32,-33,-191
1747908207452.281,224164,1747908207433.375,25,-18,-190
1747908207472.125,223620,1747908207453.188,8,-26,-192
1747908207492.0,222908,1747908207473.063,-4,-34,-213
1747908207511.844,222252,1747908207492.937,3,-32,-178
1747908207531.687,221907,1747908207512.781,2,-34,-160
1747908207551.562,221794,1747908207532.594,-20,-28,-153
1747908207571.438,221835,1747908207552.469,-23,-15,-146
1747908207591.25,221999,1747908207572.344,-31,-18,-128
1747908207611.125,222297,1747908207592.187,-50,-16,-126
1747908207631.0,222529,1747908207612.031,-71,-10,-124
1747908207650.844,222750,1747908207631.906,-90,7,-128
1747908207670.688,222872,1747908207651.75,-87,24,-113
1747908207690.531,222892,1747908207671.625,-106,7,-94
1747908207710.406,222861,1747908207691.469,-101,4,-89
1747908207730.25,222807,1747908207711.313,-119,7,-88
1747908207750.094,222754,1747908207731.188,-148,-16,-108
1747908207769.938,222757,1747908207751.031,-165,-22,-114
1747908207789.781,222790,1747908207770.875,-176,-36,-121
1747908207809.656,222819,1747908207790.719,-194,-34,-128
1747908207829.5,222819,1747908207810.563,-194,-25,-129
1747908207849.344,222836,1747908207830.438,-183,-8,-114
1747908207869.219,222852,1747908207850.25,-173,4,-104
1747908207889.062,222894,1747908207870.125,-164,4,-100
1747908207908.906,222948,1747908207889.969,-159,1,-116
1747908207928.75,222988,1747908207909.813,-136,-2,-117
1747908207948.594,222958,1747908207929.75,-114,-7,-105
1747908207968.437,222840,1747908207949.5,-101,-16,-113
1747908207988.281,222626,1747908207969.375,-84,-20,-114
1747908208008.125,222232,1747908207989.219,-57,-1,-124
1747908208028.0,221823,1747908208009.063,-44,-17,-128
1747908208047.844,221449,1747908208028.875,-1,-16,-141
1747908208067.687,221126,1747908208048.781,4,-13,-136
1747908208087.562,220892,1747908208068.625,5,-10,-153
1747908208107.406,220794,1747908208088.5,1,-1,-160
1747908208127.281,220780,1747908208108.313,30,-8,-160
1747908208147.094,220781,1747908208128.187,51,-14,-170
1747908208166.937,220802,1747908208148.031,63,3,-200
1747908208186.812,220803,1747908208167.875,68,15,-205
1747908208206.625,220771,1747908208187.719,76,7,-210
1747908208226.5,220773,1747908208207.562,68,-2,-192
1747908208246.344,220877,1747908208227.437,66,-2,-180
1747908208266.187,221105,1747908208247.281,56,-1,-185
1747908208286.063,221419,1747908208267.156,44,-15,-180
1747908208305.938,221754,1747908208286.969,38,-16,-181
1747908208325.75,222098,1747908208306.844,9,-16,-168
1747908208345.594,222362,1747908208326.687,15,-16,-157
1747908208365.531,222615,1747908208346.531,-5,1,-159
1747908208385.344,222942,1747908208366.438,-16,12,-173
1747908208405.188,223375,1747908208386.219,-26,30,-168
1747908208425.031,223771,1747908208406.125,-45,31,-153
1747908208444.906,224131,1747908208425.937,-53,25,-128
1747908208464.75,224491,1747908208445.781,-64,-16,-119
1747908208484.688,224772,1747908208465.688,-82,-32,-107
1747908208504.437,225123,1747908208485.531,-103,-45,-92
1747908208524.281,225385,1747908208505.344,-129,-39,-105
1747908208544.125,225642,1747908208525.219,-141,-40,-121
1747908208563.969,225858,1747908208545.063,-145,-34,-128
1747908208583.844,226051,1747908208564.9058,-149,-36,-128
1747908208603.687,226172,1747908208584.875,-162,-32,-136
1747908208623.562,226213,1747908208604.594,-181,-29,-128
1747908208643.375,226252,1747908208624.469,-177,-17,-128
1747908208663.219,226242,1747908208644.406,-170,-16,-122
1747908208683.094,226226,1747908208664.125,-163,-10,-114
1747908208702.969,226224,1747908208684.0,-157,-10,-116
1747908208722.75,226243,1747908208703.875,-136,-8,-137
1747908208742.656,226284,1747908208723.719,-129,-17,-129
1747908208762.5,226340,1747908208743.562,-93,-18,-113
1747908208782.344,226357,1747908208763.406,-73,-13,-121
1747908208802.187,226281,1747908208783.25,-58,-16,-128
1747908208822.063,226072,1747908208803.125,-33,-18,-128
1747908208841.875,225725,1747908208822.906,-11,-25,-129
1747908208861.75,225307,1747908208842.75,5,-12,-128
1747908208881.562,224912,1747908208862.656,28,2,-141
1747908208901.406,224673,1747908208882.531,31,-1,-163
1747908208921.281,224566,1747908208902.344,55,1,-162
1747908208941.125,224502,1747908208922.219,60,-1,-164
1747908208960.969,224447,1747908208942.062,51,3,-169
1747908208980.844,224439,1747908208961.875,54,-1,-192
1747908209000.688,224412,1747908208981.75,48,3,-208
1747908209020.531,224368,1747908209001.594,51,11,-209
1747908209040.375,224351,1747908209021.4692,51,8,-201
1747908209060.219,224385,1747908209041.344,40,2,-189
1747908209080.094,224537,1747908209061.188,51,-1,-176
1747908209099.938,224716,1747908209081.0,36,-5,-167
1747908209119.781,224976,1747908209100.875,31,-1,-164
1747908209139.625,225213,1747908209120.719,39,-10,-158
1747908209159.562,225436,1747908209140.594,15,-14,-153
1747908209179.375,225723,1747908209160.438,-6,-9,-140
1747908209199.219,226010,1747908209180.344,-16,4,-146
1747908209219.063,226288,1747908209200.125,-33,0,-154
1747908209238.937,226537,1747908209220.0,-56,7,-153
1747908209258.938,226809,1747908209239.844,-72,3,-141
1747908209278.656,227016,1747908209259.719,-77,-20,-121
1747908209298.5,227223,1747908209279.594,-89,-29,-95
1747908209318.3442,227431,1747908209299.469,-94,-40,-98
1747908209338.219,227634,1747908209319.281,-132,-48,-100
1747908209358.063,227775,1747908209339.125,-154,-49,-108
1747908209377.906,227922,1747908209358.969,-181,-49,-125
1747908209397.812,227987,1747908209378.844,-189,-44,-141
1747908209417.625,228000,1747908209398.6868,-180,-42,-135
1747908209437.5,227984,1747908209418.563,-180,-21,-121
1747908209457.344,227894,1747908209438.406,-152,3,-121
1747908209477.188,227841,1747908209458.281,-160,7,-114
1747908209497.031,227821,1747908209478.062,-153,1,-125
1747908209516.906,227821,1747908209497.937,-145,-1,-133
1747908209536.719,227818,1747908209517.813,-129,-12,-127
1747908209556.594,227854,1747908209537.656,-125,-21,-113
1747908209576.437,227847,1747908209557.5,-109,-25,-113
1747908209596.312,227780,1747908209577.375,-84,-22,-128
1747908209616.125,227682,1747908209597.219,-52,-17,-125
1747908209636.031,227424,1747908209617.063,-41,-16,-127
1747908209655.875,227002,1747908209636.906,-20,-10,-145
1747908209675.75,226582,1747908209656.781,-1,-5,-155
1747908209695.594,226312,1747908209676.656,6,1,-145
1747908209715.438,226137,1747908209696.5,40,-4,-157
1747908209735.313,226061,1747908209716.3442,54,-1,-167
1747908209755.187,226057,1747908209736.219,48,1,-177
1747908209775.0,226022,1747908209756.094,57,8,-177
1747908209794.875,225984,1747908209775.938,65,0,-170
1747908209814.75,225947,1747908209795.781,63,6,-177
1747908209834.687,225916,1747908209815.625,48,11,-181
1747908209854.437,225938,1747908209835.5,54,3,-193
1747908209874.281,225944,1747908209855.344,51,3,-192
1747908209894.094,225985,1747908209875.1882,40,-1,-200
1747908209913.969,226072,1747908209895.031,19,-2,-188
1747908209933.844,226256,1747908209914.906,25,-8,-181
1747908209953.656,226513,1747908209934.781,19,-17,-173
1747908209973.531,226796,1747908209954.594,12,-17,-168
1747908209993.438,227063,1747908209974.469,3,-20,-160
1747908210013.2192,227346,1747908209994.344,-4,-19,-180
1747908210033.125,227561,1747908210014.187,-32,-12,-165
1747908210053.031,227810,1747908210034.031,-37,-25,-128
1747908210072.844,228007,1747908210053.938,-57,-26,-105
1747908210092.688,228206,1747908210073.781,-97,-15,-118
1747908210112.562,228473,1747908210093.625,-128,-8,-138
1747908210132.406,228673,1747908210113.469,-135,-16,-128
1747908210152.313,228765,1747908210133.344,-135,-25,-92
1747908210172.156,228772,1747908210153.219,-138,-25,-63
1747908210192.031,228757,1747908210173.094,-157,-29,-64
1747908210211.906,228717,1747908210192.906,-176,-16,-81
1747908210231.75,228675,1747908210212.813,-189,6,-93
1747908210251.594,228609,1747908210232.687,-188,23,-119
1747908210271.5,228500,1747908210252.531,-184,42,-128
1747908210291.344,228383,1747908210272.406,-168,30,-126
1747908210311.188,228311,1747908210292.25,-152,15,-113
1747908210331.094,228243,1747908210312.125,-138,-8,-102
1747908210351.0,228228,1747908210332.031,-140,-13,-105
1747908210370.812,228205,1747908210351.875,-141,-17,-112
1747908210390.688,228070,1747908210371.719,-122,-18,-138
1747908210410.531,227826,1747908210391.625,-113,-26,-128
1747908210430.437,227428,1747908210411.437,-103,-34,-106
1747908210450.281,226921,1747908210431.344,-64,-29,-126
1747908210470.125,226363,1747908210451.188,-32,-20,-153
1747908210490.031,226043,1747908210471.063,-12,-15,-145
1747908210509.875,225920,1747908210490.906,19,-16,-125
1747908210529.75,225853,1747908210510.812,39,-2,-148
1747908210549.594,225821,1747908210530.656,55,8,-161
1747908210569.563,225795,1747908210550.531,63,-4,-177
1747908210589.344,225829,1747908210570.406,70,1,-178
1747908210609.219,225856,1747908210590.219,67,21,-202
1747908210629.062,225858,1747908210610.125,72,12,-210
1747908210648.938,225839,1747908210630.0,54,3,-207
1747908210668.781,225790,1747908210649.844,51,-1,-192
1747908210688.656,225765,1747908210669.719,40,-7,-192
1747908210708.531,225907,1747908210689.594,43,-12,-190
1747908210728.375,226130,1747908210709.469,35,-16,-185
1747908210748.281,226447,1747908210729.281,31,-10,-169
1747908210768.156,226946,1747908210749.281,19,-15,-154
1747908210788.0,227545,1747908210769.063,6,-10,-128
1747908210807.875,228156,1747908210788.938,-1,-9,-138
1747908210827.719,228626,1747908210808.781,-18,-1,-138
1747908210847.594,228974,1747908210828.656,-42,14,-138
1747908210867.5,229139,1747908210848.531,-85,15,-128
1747908210887.313,229227,1747908210868.406,-92,15,-133
1747908210907.188,229349,1747908210888.2192,-93,3,-122
1747908210927.031,229462,1747908210908.094,-97,-13,-123
1747908210946.969,229592,1747908210927.969,-125,-34,-109
1747908210966.75,229698,1747908210947.906,-152,-35,-105
1747908210986.625,229681,1747908210967.656,-173,-33,-100
1747908211006.5,229636,1747908210987.531,-175,-41,-105
1747908211026.312,229547,1747908211007.406,-168,-39,-105
1747908211046.187,229449,1747908211027.25,-189,-18,-97
1747908211066.063,229383,1747908211047.094,-186,-4,-96
1747908211085.906,229338,1747908211066.969,-180,7,-94
1747908211105.781,229307,1747908211086.812,-180,11,-96
1747908211125.656,229224,1747908211106.75,-176,4,-113
1747908211145.531,229184,1747908211126.563,-165,-3,-116
1747908211165.375,229138,1747908211146.4692,-144,-12,-113
1747908211185.312,229131,1747908211166.312,-116,-16,-103
1747908211205.094,228990,1747908211186.219,-104,-18,-121
1747908211224.969,228737,1747908211206.0,-84,-16,-141
1747908211244.813,228445,1747908211225.875,-63,-18,-128
1747908211264.687,228102,1747908211245.781,-34,-20,-128
1747908211284.562,227846,1747908211265.625,-13,-13,-129
1747908211304.469,227669,1747908211285.469,-1,-4,-128
1747908211324.25,227570,1747908211305.344,3,-8,-157
1747908211344.125,227534,1747908211325.219,24,-4,-149
1747908211364.0,227537,1747908211345.031,48,-7,-159
1747908211383.844,227540,1747908211364.875,51,-16,-177
1747908211403.688,227535,1747908211384.75,55,-2,-176
1747908211423.563,227567,1747908211404.656,48,0,-189
1747908211443.437,227552,1747908211424.5,50,-1,-208
1747908211463.281,227521,1747908211444.313,50,-2,-205
1747908211483.125,227447,1747908211464.188,44,-1,-209
1747908211503.0,227349,1747908211484.094,28,-4,-192
1747908211522.844,227385,1747908211503.937,17,-9,-192
1747908211542.719,227521,1747908211523.75,22,-9,-188
1747908211562.6882,227744,1747908211543.625,12,-10,-177
1747908211582.438,228060,1747908211563.625,3,-15,-162
1747908211602.25,228438,1747908211583.375,4,-13,-146
1747908211622.125,228792,1747908211603.187,-10,-10,-136
1747908211641.906,229097,1747908211623.031,-28,-5,-128
1747908211661.781,229409,1747908211642.875,-35,-1,-128
1747908211681.6558,229714,1747908211662.75,-65,0,-128
1747908211701.5,230053,1747908211682.562,-73,-13,-128
1747908211721.344,230383,1747908211702.406,-89,-17,-135
1747908211741.188,230672,1747908211722.25,-104,-5,-113
1747908211761.031,230922,1747908211742.094,-113,-8,-105
1747908211780.937,231134,1747908211761.937,-135,-17,-119
1747908211800.781,231269,1747908211781.844,-159,-29,-122
1747908211820.594,231361,1747908211801.688,-160,-22,-121
1747908211840.469,231422,1747908211821.594,-159,-16,-121
1747908211860.344,231480,1747908211841.3442,-170,-13,-113
1747908211880.156,231485,1747908211861.25,-166,-2,-113
1747908211900.0,231435,1747908211881.094,-161,12,-104
1747908211919.938,231325,1747908211900.969,-168,20,-104
1747908211939.719,231193,1747908211920.844,-164,16,-108
1747908211959.594,231078,1747908211940.625,-151,14,-104
1747908211979.437,231015,1747908211960.5,-130,7,-114
1747908211999.281,230954,1747908211980.375,-114,20,-128
1747908212019.156,230918,1747908212000.1882,-109,-8,-145
1747908212039.031,230887,1747908212020.062,-99,-13,-122
1747908212058.812,230867,1747908212039.906,-80,-17,-104
1747908212078.687,230796,1747908212059.844,-81,-13,-114
1747908212098.531,230649,1747908212079.594,-59,-15,-128
1747908212118.406,230412,1747908212099.469,-54,-13,-128
1747908212138.25,230163,1747908212119.312,-42,-13,-109
1747908212158.156,229974,1747908212139.219,-15,-13,-116
1747908212177.969,229833,1747908212159.0,3,-8,-144
1747908212197.813,229705,1747908212178.875,-1,-17,-166
1747908212217.625,229652,1747908212198.719,16,-23,-180
1747908212237.5,229621,1747908212218.5618,31,-20,-185
1747908212257.437,229643,1747908212238.437,28,-18,-192
1747908212277.219,229705,1747908212258.344,30,-11,-210
1747908212297.125,229717,1747908212278.156,41,-13,-208
1747908212316.906,229748,1747908212298.062,45,-13,-192
1747908212336.75,229703,1747908212317.812,31,-16,-191
1747908212356.625,229639,1747908212337.688,39,-12,-181
1747908212376.469,229549,1747908212357.531,19,-15,-180
1747908212396.313,229503,1747908212377.4058,12,-17,-160
1747908212416.187,229501,1747908212397.25,11,-21,-168
1747908212436.031,229626,1747908212417.094,-2,-21,-159
1747908212455.875,229819,1747908212436.938,-8,-19,-153
1747908212475.75,230087,1747908212456.813,-15,-18,-128
1747908212495.594,230327,1747908212476.687,-21,-16,-128
1747908212515.469,230457,1747908212496.5,-40,-13,-125
1747908212535.312,230476,1747908212516.406,-69,-16,-145
1747908212555.156,230483,1747908212536.25,-93,-13,-128
1747908212575.031,230486,1747908212556.094,-88,-14,-109
1747908212594.937,230528,1747908212575.937,-104,-7,-92
1747908212614.719,230572,1747908212595.813,-109,3,-96
1747908212634.594,230600,1747908212615.656,-143,4,-93
1747908212654.438,230656,1747908212635.5,-153,3,-89
1747908212674.312,230664,1747908212655.375,-176,4,-82
1747908212694.156,230662,1747908212675.219,-191,-1,-94
1747908212714.0,230636,1747908212695.094,-189,4,-89
1747908212733.844,230583,1747908212714.906,-201,16,-82
1747908212753.781,230520,1747908212734.781,-178,8,-76
1747908212773.531,230493,1747908212754.625,-196,15,-88
1747908212793.406,230435,1747908212774.469,-185,8,-76
1747908212813.25,230428,1747908212794.313,-172,7,-72
1747908212833.094,230423,1747908212814.188,-170,4,-60
1747908212852.937,230388,1747908212834.0,-153,7,-77
1747908212872.812,230361,1747908212853.875,-144,-1,-81
1747908212892.625,230320,1747908212873.719,-129,-7,-77
1747908212912.5,230167,1747908212893.563,-137,-10,-90
1747908212932.344,229972,1747908212913.406,-114,-24,-89
1747908212952.187,229814,1747908212933.281,-104,-36,-96
1747908212972.062,229716,1747908212953.125,-57,-47,-121
1747908212991.906,229718,1747908212973.0,-32,-44,-121
1747908213011.75,229759,1747908212992.844,1,-39,-141
1747908213031.625,229792,1747908213012.687,6,-40,-157
1747908213051.469,229835,1747908213032.531,4,-50,-169
1747908213071.344,229879,1747908213052.375,3,-48,-189
1747908213091.156,229874,1747908213072.25,12,-55,-204
1747908213111.031,229904,1747908213092.125,8,-49,-218
1747908213130.875,229876,1747908213111.969,1,-47,-208
1747908213150.75,229802,1747908213131.813,-13,-36,-209
1747908213170.563,229755,1747908213151.656,-16,-29,-201
1747908213190.438,229665,1747908213171.594,-17,-29,-189
1747908213210.312,229606,1747908213191.375,-16,-25,-169
1747908213230.125,229541,1747908213211.219,-31,-23,-156
1747908213250.0,229472,1747908213231.063,-33,-18,-145
1747908213269.938,229375,1747908213250.906,-45,-9,-122
1747908213289.688,229212,1747908213270.875,-72,-14,-125
1747908213309.562,229111,1747908213290.625,-81,-10,-126
1747908213329.437,229078,1747908213310.469,-87,-12,-114
1747908213349.25,229048,1747908213330.344,-97,-16,-96
1747908213369.125,229070,1747908213350.188,-113,-16,-81
1747908213388.969,229207,1747908213370.031,-121,-19,-61
1747908213408.812,229319,1747908213389.875,-132,-25,-40
1747908213428.656,229348,1747908213409.688,-159,-26,-32
1747908213448.5,229328,1747908213429.594,-193,-8,-49
1747908213468.344,229313,1747908213449.406,-225,14,-32
1747908213488.219,229236,1747908213469.25,-225,27,-41
1747908213508.031,229171,1747908213489.125,-226,40,-50
1747908213527.906,229070,1747908213509.063,-208,39,-64
1747908213547.781,228926,1747908213528.8442,-210,44,-77
1747908213567.625,228794,1747908213548.656,-193,39,-85
1747908213587.469,228663,1747908213568.531,-168,24,-89
1747908213607.406,228555,1747908213588.375,-152,9,-105
1747908213627.156,228458,1747908213608.313,-136,-1,-105
1747908213647.031,228312,1747908213628.062,-122,-17,-93
1747908213666.875,228060,1747908213647.969,-96,-22,-106
1747908213686.719,227780,1747908213667.813,-65,-32,-137
1747908213706.594,227623,1747908213687.625,-43,-29,-141
1747908213726.531,227632,1747908213707.531,-26,-32,-139
1747908213746.25,227717,1747908213727.375,-28,-41,-132
1747908213766.125,227814,1747908213747.187,-12,-28,-137
1747908213785.937,227919,1747908213767.031,-18,-18,-141
1747908213805.844,228027,1747908213786.875,-16,-17,-144
1747908213825.656,228134,1747908213806.719,-9,-18,-162
1747908213845.5,228200,1747908213826.594,-4,-20,-168
1747908213865.344,228254,1747908213846.406,-16,-29,-169
1747908213885.219,228312,1747908213866.281,-18,-29,-177
1747908213905.031,228409,1747908213886.125,-8,-32,-201
1747908213924.906,228451,1747908213905.969,-1,-32,-224
1747908213944.75,228426,1747908213925.812,-12,-36,-216
1747908213964.625,228343,1747908213945.656,-10,-45,-192
1747908213984.469,228239,1747908213965.5,-8,-57,-185
1747908214004.313,228175,1747908213985.375,-17,-48,-177
1747908214024.156,228140,1747908214005.25,-25,-32,-173
1747908214044.031,228197,1747908214025.062,-40,-25,-145
1747908214063.938,228317,1747908214044.938,-48,-25,-125
1747908214083.719,228453,1747908214064.781,-58,-25,-121
1747908214103.594,228602,1747908214084.625,-95,-5,-125
1747908214123.469,228666,1747908214104.469,-104,4,-125
1747908214143.281,228687,1747908214124.375,-104,22,-121
1747908214163.156,228702,1747908214144.25,-104,24,-110
1747908214183.0,228728,1747908214164.062,-108,16,-97
1747908214202.875,228720,1747908214183.906,-116,12,-87
1747908214222.75,228725,1747908214203.813,-125,15,-82
1747908214242.594,228752,1747908214223.688,-136,15,-61
1747908214262.469,228713,1747908214243.5,-141,14,-53
1747908214282.312,228636,1747908214263.375,-160,15,-49
1747908214302.125,228527,1747908214283.25,-175,16,-49
1747908214322.031,228401,1747908214303.063,-177,27,-50
1747908214341.906,228269,1747908214322.938,-177,19,-64
1747908214361.75,228128,1747908214342.844,-161,18,-75
1747908214381.594,227985,1747908214362.656,-183,19,-68
1747908214401.469,227872,1747908214382.531,-177,19,-81
1747908214421.313,227736,1747908214402.406,-169,47,-87
1747908214441.188,227626,1747908214422.219,-143,19,-100
1747908214461.062,227521,1747908214442.125,-141,16,-104
1747908214480.906,227407,1747908214461.969,-117,1,-80
1747908214500.75,227240,1747908214481.875,-100,-5,-102
1747908214520.625,227043,1747908214501.656,-84,-4,-122
1747908214540.469,226974,1747908214521.531,-74,-15,-128
1747908214560.344,226935,1747908214541.406,-60,-15,-128
1747908214580.25,226955,1747908214561.219,-48,-13,-147
1747908214600.094,227048,1747908214581.187,-46,-8,-145
1747908214619.906,227150,1747908214600.969,-31,-16,-153
1747908214639.781,227214,1747908214620.875,-36,-23,-170
1747908214659.656,227146,1747908214640.688,-16,-20,-188
1747908214679.5,226986,1747908214660.563,9,-36,-185
1747908214699.344,226825,1747908214680.406,39,-47,-189
1747908214719.187,226883,1747908214700.281,52,-36,-192
1747908214739.062,226891,1747908214720.094,36,-10,-192
1747908214758.938,226940,1747908214740.0,32,3,-186
1747908214778.75,226996,1747908214759.844,7,1,-180
1747908214798.625,227080,1747908214779.719,-16,-8,-180
1747908214818.5,227204,1747908214799.562,-45,-4,-169
1747908214838.375,227377,1747908214819.406,-56,-8,-154
1747908214858.219,227589,1747908214839.313,-64,-7,-126
1747908214878.062,227796,1747908214859.156,-57,-3,-104
1747908214897.969,228138,1747908214878.969,-52,-4,-109
1747908214917.844,228657,1747908214898.844,-52,-8,-128
1747908214937.6882,229154,1747908214918.719,-77,-16,-144
1747908214957.562,229422,1747908214938.625,-107,-13,-121
1747908214977.406,229574,1747908214958.469,-120,-16,-93
1747908214997.313,229673,1747908214978.313,-121,-20,-89
1747908215017.125,229715,1747908214998.219,-130,-29,-101
1747908215037.0,229660,1747908215018.094,-143,-34,-103
1747908215056.875,229589,1747908215037.906,-156,-23,-96
1747908215076.719,229474,1747908215057.781,-164,-23,-90
1747908215096.563,229406,1747908215077.656,-157,-20,-81
1747908215116.438,229348,1747908215097.5,-188,-8,-80
1747908215136.281,229220,1747908215117.344,-200,3,-84
1747908215156.156,229061,1747908215137.219,-219,15,-92
1747908215176.031,228852,1747908215157.063,-204,24,-95
1747908215195.938,228597,1747908215176.969,-178,26,-87
1747908215215.75,228363,1747908215196.781,-140,14,-96
1747908215235.625,228138,1747908215216.656,-119,15,-106
1747908215255.469,227863,1747908215236.531,-114,3,-113
1747908215275.344,227614,1747908215256.406,-116,3,-101
1747908215295.219,227376,1747908215276.25,-108,-9,-97
1747908215315.094,227172,1747908215296.125,-88,-9,-118
1747908215334.906,227000,1747908215316.063,-82,-1,-128
1747908215354.781,226839,1747908215335.844,-66,-14,-128
1747908215374.625,226623,1747908215355.687,-68,-21,-117
1747908215394.5,226443,1747908215375.562,-60,-20,-113
1747908215414.344,226257,1747908215395.438,-48,-24,-128
1747908215434.219,226070,1747908215415.25,-32,-25,-141
1747908215454.063,225858,1747908215435.125,-28,-32,-153
1747908215473.937,225666,1747908215455.0,-29,-33,-156
1747908215493.75,225516,1747908215474.844,-16,-32,-177
1747908215513.625,225437,1747908215494.719,-8,-29,-188
1747908215533.469,225347,1747908215514.531,3,-26,-192
1747908215553.344,225291,1747908215534.375,11,-10,-201
1747908215573.187,225236,1747908215554.25,7,-15,-192
1747908215593.062,225219,1747908215574.125,9,-10,-200
1747908215612.906,225271,1747908215593.9382,12,-12,-184
1747908215632.812,225338,1747908215613.844,2,-10,-170
1747908215652.625,225359,1747908215633.719,-10,-10,-160
1747908215672.5,225373,1747908215653.656,-23,-13,-158
1747908215692.375,225394,1747908215673.406,-29,-20,-148
1747908215712.219,225439,1747908215693.219,-34,-24,-137
1747908215732.062,225464,1747908215713.156,-40,-18,-126
1747908215751.937,225469,1747908215733.031,-52,-18,-113
1747908215771.813,225435,1747908215752.844,-82,-9,-104
1747908215791.656,225242,1747908215772.719,-103,-10,-113
1747908215811.531,225078,1747908215792.594,-107,-8,-117
1747908215831.375,224929,1747908215812.469,-129,-8,-116
1747908215851.25,224795,1747908215832.281,-119,-7,-113
1747908215871.094,224702,1747908215852.156,-132,-2,-109
1747908215890.938,224612,1747908215872.062,-144,7,-97
1747908215910.844,224530,1747908215891.906,-146,-8,-89
1747908215930.687,224388,1747908215911.75,-148,-13,-81
1747908215950.531,224256,1747908215931.594,-157,-8,-79
1747908215970.438,224093,1747908215951.469,-170,-7,-64
1747908215990.281,223916,1747908215971.344,-189,3,-77
1747908216010.156,223750,1747908215991.188,-192,9,-64
1747908216030.0,223610,1747908216011.063,-189,12,-64
1747908216049.875,223472,1747908216030.937,-176,17,-77
1747908216069.719,223279,1747908216050.812,-162,15,-90
1747908216089.656,223096,1747908216070.656,-164,15,-97
1747908216109.469,222919,1747908216090.5,-144,7,-88
1747908216129.344,222698,1747908216110.375,-125,12,-89
1747908216149.344,222509,1747908216130.25,-128,12,-101
1747908216169.125,222304,1747908216150.125,-109,7,-113
1747908216188.938,222109,1747908216170.0,-108,-7,-112
1747908216208.781,221892,1747908216189.875,-88,-2,-113
1747908216228.656,221612,1747908216209.687,-64,-10,-114
1747908216248.562,221338,1747908216229.594,-64,-23,-116
1747908216268.375,221057,1747908216249.469,-48,-24,-121
1747908216288.281,220823,1747908216269.344,-33,-24,-141
1747908216308.125,220653,1747908216289.187,-18,-24,-141
1747908216328.0,220547,1747908216309.062,-9,-29,-146
1747908216347.844,220441,1747908216328.906,-8,-21,-160
1747908216367.719,220316,1747908216348.813,1,-21,-183
1747908216387.594,220179,1747908216368.656,-4,-23,-192
1747908216407.469,220038,1747908216388.531,-18,-20,-192
1747908216427.281,219900,1747908216408.344,-16,-18,-205
1747908216447.156,219781,1747908216428.25,-20,-20,-198
1747908216467.031,219689,1747908216448.062,-4,-17,-192
1747908216486.906,219634,1747908216467.906,-20,-13,-189
1747908216506.75,219597,1747908216487.781,-32,-18,-177
1747908216526.594,219582,1747908216507.688,-36,-15,-160
1747908216546.5,219626,1747908216527.5,-39,-24,-154
1747908216566.344,219694,1747908216547.375,-48,-21,-145
1747908216586.1868,219694,1747908216567.25,-40,-18,-136
1747908216606.063,219667,1747908216587.125,-58,-20,-127
1747908216625.906,219668,1747908216607.0,-71,-1,-111
1747908216645.781,219691,1747908216626.812,-68,-10,-95
1747908216665.719,219775,1747908216646.719,-88,-7,-82
1747908216685.469,219844,1747908216666.594,-105,0,-64
1747908216705.375,219819,1747908216686.406,-122,7,-95
1747908216725.219,219785,1747908216706.281,-146,3,-89
1747908216745.062,219793,1747908216726.125,-161,-9,-83
1747908216764.937,219785,1747908216746.0,-180,-17,-74
1747908216784.844,219776,1747908216765.844,-178,-18,-78
1747908216804.656,219804,1747908216785.75,-184,-16,-76
1747908216824.5,219807,1747908216805.594,-181,-12,-61
1747908216844.344,219838,1747908216825.438,-175,3,-50
1747908216864.25,219844,1747908216845.281,-176,8,-50
1747908216884.094,219847,1747908216865.156,-176,16,-64
1747908216903.969,219826,1747908216885.062,-176,12,-72
1747908216923.844,219776,1747908216904.875,-165,8,-63
1747908216943.688,219697,1747908216924.75,-160,6,-64
1747908216963.531,219590,1747908216944.563,-145,1,-95
1747908216983.406,219432,1747908216964.469,-154,-1,-97
1747908217003.281,219228,1747908216984.375,-122,-7,-86
1747908217023.1882,218937,1747908217004.188,-116,-8,-97
1747908217043.0,218457,1747908217024.094,-100,-8,-124
1747908217062.875,218009,1747908217043.969,-100,-2,-121
1747908217082.75,217778,1747908217063.781,-72,-4,-97
1747908217102.625,217686,1747908217083.625,-29,-10,-89
1747908217122.469,217667,1747908217103.5308,-26,-23,-104
1747908217142.344,217712,1747908217123.437,-25,-28,-137
1747908217162.219,217797,1747908217143.219,-20,-18,-153
1747908217182.094,217903,1747908217163.125,-8,-17,-165
1747908217201.938,217969,1747908217183.031,9,-20,-173
1747908217221.844,218008,1747908217202.875,3,-23,-191
1747908217241.687,218076,1747908217222.719,0,-17,-201
1747908217261.563,218084,1747908217242.594,-17,-16,-192
1747908217281.4382,218078,1747908217262.438,-10,-13,-192
1747908217301.25,218102,1747908217282.5,-8,-10,-192
1747908217321.156,218200,1747908217302.125,-15,-18,-184
1747908217341.0,218307,1747908217322.031,-18,-18,-173
1747908217360.844,218449,1747908217341.906,-25,-13,-153
1747908217380.719,218643,1747908217361.7808,-29,-18,-141
1747908217400.594,218863,1747908217381.594,-25,-25,-133
1747908217420.437,219047,1747908217401.5,-44,-9,-106
1747908217440.313,219192,1747908217421.375,-40,3,-112
1747908217460.156,219226,1747908217441.25,-49,2,-116
1747908217480.031,219224,1747908217461.031,-71,0,-109
1747908217499.906,219284,1747908217480.937,-113,-7,-82
1747908217519.719,219378,1747908217500.813,-130,-36,-89
1747908217539.594,219413,1747908217520.656,-135,-29,-96
1747908217559.5,219356,1747908217540.5,-149,-20,-113
1747908217579.344,219247,1747908217560.406,-175,-23,-106
1747908217599.188,219209,1747908217580.25,-177,-33,-94
1747908217619.188,219218,1747908217600.156,-164,-34,-80
1747908217638.906,219195,1747908217620.094,-165,-29,-64
1747908217658.812,219198,1747908217639.844,-165,-17,-57
1747908217678.625,219188,1747908217659.719,-170,-7,-53
1747908217698.5,219176,1747908217679.594,-177,2,-58
1747908217718.375,219098,1747908217699.406,-175,1,-64
1747908217738.25,219054,1747908217719.312,-175,4,-82
1747908217758.0618,219021,1747908217739.125,-170,-9,-89
1747908217777.938,219065,1747908217759.031,-168,-8,-113
1747908217797.813,219111,1747908217778.875,-157,-16,-108
1747908217817.656,219111,1747908217798.719,-152,-16,-101
1747908217837.5,219108,1747908217818.594,-133,-15,-97
1747908217857.344,219124,1747908217838.438,-98,-8,-113
1747908217877.219,219202,1747908217858.25,-76,-9,-96
1747908217897.094,219341,1747908217878.156,-61,-23,-74
1747908217916.906,219537,1747908217898.0,-36,-20,-89
1747908217936.812,219750,1747908217917.875,-10,3,-116
1747908217956.656,220032,1747908217937.719,-20,12,-128
1747908217976.5,220384,1747908217957.562,3,8,-152
1747908217996.344,220700,1747908217977.406,7,17,-160
1747908218016.187,221037,1747908217997.281,14,3,-177
1747908218036.063,221333,1747908218017.094,23,12,-180
1747908218055.906,221611,1747908218036.938,0,-1,-184
1747908218075.75,221895,1747908218056.812,-12,-8,-192
1747908218095.625,222121,1747908218076.719,-39,-1,-192
1747908218115.5,222264,1747908218096.531,-44,-20,-189
1747908218135.344,222330,1747908218116.406,-45,-29,-172
1747908218155.188,222380,1747908218136.281,-41,-41,-168
1747908218175.062,222425,1747908218156.125,-37,-29,-153
1747908218194.906,222475,1747908218175.969,-44,-24,-153
1747908218214.781,222517,1747908218195.813,-63,-15,-128
1747908218234.625,222565,1747908218215.656,-57,-15,-112
1747908218254.469,222665,1747908218235.562,-72,-16,-114
1747908218274.344,222797,1747908218255.375,-93,-16,-109
1747908218294.219,222929,1747908218275.25,-120,-16,-104
1747908218314.031,222867,1747908218295.125,-131,-8,-90
1747908218333.906,222613,1747908218314.937,-121,-8,-73
1747908218353.812,222546,1747908218334.812,-113,-4,-51
1747908218373.625,222515,1747908218354.719,-128,7,-61
1747908218393.469,222403,1747908218374.5,-177,16,-80
1747908218413.344,222310,1747908218394.437,-194,-1,-82
1747908218433.219,222294,1747908218414.25,-167,2,-64
1747908218453.094,222360,1747908218434.125,-192,-16,-40
1747908218472.906,222440,1747908218454.031,-180,-10,-36
1747908218492.781,222486,1747908218473.844,-180,1,-32
1747908218512.687,222526,1747908218493.687,-186,10,-57
1747908218532.531,222550,1747908218513.562,-186,14,-64
1747908218552.375,222570,1747908218533.438,-191,17,-67
1747908218572.25,222636,1747908218553.313,-185,15,-76
1747908218592.094,222702,1747908218573.156,-177,12,-89
1747908218611.969,222817,1747908218592.969,-164,7,-96
1747908218631.813,222929,1747908218612.906,-160,2,-97
1747908218651.656,223066,1747908218632.719,-124,-3,-96
1747908218671.531,223141,1747908218652.594,-105,-8,-114
1747908218691.406,223203,1747908218672.469,-81,-12,-113
1747908218711.25,223278,1747908218692.313,-72,-8,-103
1747908218731.125,223536,1747908218712.156,-40,-8,-113
1747908218751.0,223840,1747908218732.031,-8,-8,-122
1747908218770.812,224189,1747908218751.906,-17,-8,-138
1747908218790.687,224555,1747908218771.75,-10,-4,-148
1747908218810.625,224872,1747908218791.625,-15,-13,-151
1747908218830.406,225101,1747908218811.469,-16,-17,-152
1747908218850.25,225216,1747908218831.312,-2,-12,-177
1747908218870.094,225334,1747908218851.187,3,-8,-177
1747908218889.969,225417,1747908218871.063,-12,-4,-184
1747908218909.875,225469,1747908218890.906,-20,-1,-177
1747908218929.688,225491,1747908218910.812,-34,-8,-183
1747908218949.562,225494,1747908218930.656,-47,-13,-178
1747908218969.438,225454,1747908218950.5,-52,-17,-170
1747908218989.313,225404,1747908218970.375,-50,-16,-177
1747908219009.156,225327,1747908218990.281,-64,-16,-153
1747908219029.031,225287,1747908219010.094,-63,-16,-128
1747908219048.875,225292,1747908219029.938,-61,-9,-113
1747908219068.781,225353,1747908219049.781,-71,-8,-105
1747908219088.687,225405,1747908219069.687,-87,3,-104
1747908219108.469,225450,1747908219089.625,-100,-2,-96
1747908219128.375,225480,1747908219109.375,-104,4,-88
1747908219148.219,225519,1747908219129.281,-121,0,-97
1747908219168.063,225517,1747908219149.125,-145,-8,-89
1747908219188.0,225543,1747908219169.0,-148,-8,-81
1747908219207.812,225593,1747908219188.906,-160,-8,-81
1747908219227.688,225609,1747908219208.719,-164,-1,-81
1747908219247.531,225607,1747908219228.563,-165,-17,-64
1747908219267.375,225604,1747908219248.469,-164,-20,-64
1747908219287.25,225505,1747908219268.281,-175,-13,-65
1747908219307.125,225390,1747908219288.188,-170,-10,-81
1747908219326.938,225268,1747908219308.031,-166,-4,-74
1747908219346.812,225154,1747908219327.875,-158,7,-78
1747908219366.687,225067,1747908219347.719,-153,12,-82
1747908219386.531,224989,1747908219367.594,-148,17,-64
1747908219406.375,224899,1747908219387.469,-148,12,-75
1747908219426.219,224856,1747908219407.312,-141,4,-89
1747908219446.094,224834,1747908219427.125,-140,7,-89
1747908219465.969,224813,1747908219447.0,-143,-9,-105
1747908219485.781,224797,1747908219466.875,-119,-2,-121
1747908219505.625,224839,1747908219486.75,-113,-8,-125
1747908219525.5,225069,1747908219506.5,-84,-16,-125
1747908219545.5,225355,1747908219526.406,-71,-13,-121
1747908219565.219,225639,1747908219546.313,-49,-17,-137
1747908219585.094,225937,1747908219566.156,-39,-5,-146
1747908219604.938,226176,1747908219585.969,-20,-10,-155
1747908219624.8118,226436,1747908219605.844,-17,-10,-160
1747908219644.656,226705,1747908219625.719,-20,-13,-161
1747908219664.5,226927,1747908219645.594,-25,-21,-177
1747908219684.406,226968,1747908219665.406,-25,-17,-177
1747908219704.25,226941,1747908219685.312,-15,-18,-172
1747908219724.094,226861,1747908219705.188,-21,-16,-167
1747908219743.969,226734,1747908219725.031,-10,-10,-160
1747908219763.844,226625,1747908219744.906,-24,-4,-150
1747908219783.719,226531,1747908219764.75,-20,-9,-138
1747908219803.562,226453,1747908219784.625,-25,-6,-128
1747908219823.5,226436,1747908219804.531,-39,-12,-128
1747908219843.313,226419,1747908219824.406,-48,-7,-125
1747908219863.187,226371,1747908219844.25,-68,-7,-112
1747908219883.031,226231,1747908219864.094,-97,-13,-114
1747908219902.906,226155,1747908219884.0,-100,-8,-115
1747908219922.781,226222,1747908219903.813,-105,-34,-93
1747908219942.656,226406,1747908219923.656,-114,-24,-96
1747908219962.5,226612,1747908219943.562,-138,-20,-109
1747908219982.375,226708,1747908219963.438,-160,-14,-90
1747908220002.25,226776,1747908219983.281,-173,-10,-81
1747908220022.094,226887,1747908220003.156,-192,-17,-60
1747908220041.937,227059,1747908220023.031,-197,-25,-58
1747908220061.781,227215,1747908220042.844,-188,-25,-48
1747908220081.656,227353,1747908220062.6882,-189,-17,-32
1747908220101.562,227438,1747908220082.562,-185,-13,-26
1747908220121.375,227469,1747908220102.469,-180,3,-29
1747908220141.25,227511,1747908220122.344,-185,8,-33
1747908220161.25,227543,1747908220142.188,-180,14,-42
1747908220180.969,227593,1747908220162.125,-178,6,-67
1747908220200.844,227586,1747908220181.937,-177,6,-81
1747908220220.719,227547,1747908220201.75,-193,0,-95
1747908220240.594,227536,1747908220221.656,-193,-21,-100
1747908220260.438,227519,1747908220241.5,-186,-26,-101
1747908220280.344,227462,1747908220261.375,-168,-21,-119
1747908220300.187,227395,1747908220281.219,-140,-17,-116
1747908220320.031,227369,1747908220301.094,-83,12,-122
1747908220339.875,227457,1747908220320.969,-57,30,-125
1747908220359.75,227559,1747908220340.844,-23,16,-129
1747908220379.625,227582,1747908220360.656,28,28,-113
1747908220399.469,227588,1747908220380.531,43,19,-126
1747908220419.344,227554,1747908220400.4058,56,19,-128
1747908220439.219,227507,1747908220420.281,52,20,-128
1747908220459.062,227408,1747908220440.125,36,11,-149
1747908220478.969,227310,1747908220460.0,35,-7,-162
1747908220498.781,227232,1747908220479.875,12,-13,-170
1747908220518.656,227212,1747908220499.75,-1,-16,-177
1747908220538.5,227193,1747908220519.562,-12,-10,-160
1747908220558.406,227237,1747908220539.438,-15,-8,-156
1747908220578.188,227248,1747908220559.344,-40,-16,-153
1747908220598.094,227377,1747908220579.156,-45,-13,-152
1747908220617.937,227481,1747908220599.0,-65,-4,-146
1747908220637.812,227470,1747908220618.875,-69,6,-144
1747908220657.688,227448,1747908220638.719,-103,-12,-138
1747908220677.531,227412,1747908220658.594,-146,-13,-127
1747908220697.406,227401,1747908220678.437,-153,15,-121
1747908220717.281,227376,1747908220698.312,-157,0,-93
1747908220737.062,227345,1747908220718.188,-149,-12,-64
1747908220756.938,227377,1747908220738.031,-148,-23,-57
1747908220776.813,227432,1747908220757.875,-173,-32,-49
1747908220796.6868,227509,1747908220777.719,-180,-39,-49
1747908220816.531,227637,1747908220797.594,-202,-36,-45
1747908220836.406,227751,1747908220817.469,-202,-32,-33
1747908220856.25,227890,1747908220837.281,-213,-24,-25
1747908220876.125,227991,1747908220857.125,-221,-12,-19
1747908220895.937,228088,1747908220877.0,-205,0,-17
1747908220915.813,228118,1747908220896.875,-205,14,-17
1747908220935.688,228133,1747908220916.719,-188,15,-29
1747908220955.5308,228209,1747908220936.562,-189,11,-35
1747908220975.375,228449,1747908220956.437,-191,1,-50
1747908220995.25,228650,1747908220976.3132,-169,-8,-64
1747908221015.219,228725,1747908220996.156,-160,-10,-60
1747908221035.0,228767,1747908221016.031,-149,-25,-73
1747908221054.812,228886,1747908221035.906,-141,-21,-98
1747908221074.687,228950,1747908221055.781,-113,-10,-116
1747908221094.563,229014,1747908221075.594,-84,3,-144
1747908221114.438,229055,1747908221095.469,-57,9,-145
1747908221134.281,229159,1747908221115.375,-25,-6,-153
1747908221154.125,229264,1747908221135.25,-2,-1,-150
1747908221174.0,229436,1747908221155.031,12,7,-156
1747908221193.875,229719,1747908221174.937,28,3,-166
1747908221213.687,230162,1747908221194.781,44,3,-177
1747908221233.562,230601,1747908221214.625,27,5,-170
1747908221253.406,230971,1747908221234.5,38,7,-162
1747908221273.281,231208,1747908221254.313,23,14,-177
1747908221293.094,231234,1747908221274.187,7,6,-182
1747908221312.969,231076,1747908221294.031,-13,3,-178
1747908221332.844,230797,1747908221313.875,-33,-20,-168
1747908221352.688,230358,1747908221333.719,-48,-24,-159
1747908221372.5,229916,1747908221353.594,-64,-15,-153
1747908221392.375,229628,1747908221373.437,-80,-29,-145
1747908221412.219,229435,1747908221393.281,-82,-39,-141
1747908221432.094,229222,1747908221413.125,-89,-32,-129
1747908221451.938,229091,1747908221433.0,-88,-12,-106
1747908221471.781,229094,1747908221452.875,-89,3,-96
1747908221491.656,229177,1747908221472.719,-114,22,-84
1747908221511.531,229164,1747908221492.563,-141,35,-81
1747908221531.375,229120,1747908221512.438,-161,28,-76
1747908221551.219,229078,1747908221532.375,-180,5,-77
1747908221571.125,229059,1747908221552.125,-204,7,-64
1747908221591.0,229003,1747908221572.031,-218,7,-57
1747908221610.813,228981,1747908221591.906,-201,7,-53
1747908221630.688,228968,1747908221611.7808,-194,15,-33
1747908221650.531,228980,1747908221631.594,-200,14,-29
1747908221670.437,228984,1747908221651.469,-195,31,-24
1747908221690.25,228953,1747908221671.344,-204,33,-34
1747908221710.094,228955,1747908221691.188,-197,38,-41
1747908221729.969,228888,1747908221711.0,-180,28,-54
1747908221749.8118,228825,1747908221730.875,-163,22,-61
1747908221769.625,228721,1747908221750.719,-152,19,-57
1747908221789.594,228638,1747908221770.531,-130,16,-89
1747908221809.344,228597,1747908221790.406,-117,19,-104
1747908221829.187,228725,1747908221810.25,-103,11,-113
1747908221849.031,228942,1747908221830.094,-77,-7,-113
1747908221868.938,229126,1747908221850.0,-64,-12,-126
1747908221888.75,229303,1747908221869.875,-64,-8,-142
1747908221908.625,229414,1747908221889.625,-44,-23,-149
1747908221928.406,229575,1747908221909.531,-36,-17,-154
1747908221948.281,229783,1747908221929.344,-20,-13,-157
1747908221968.156,229967,1747908221949.219,-25,-15,-162
1747908221987.969,230161,1747908221969.031,-7,-10,-152
1747908222007.812,230204,1747908221988.875,-7,-5,-152
1747908222027.656,230133,1747908222008.781,3,2,-161
1747908222047.5,230061,1747908222028.594,-2,16,-168
1747908222067.375,230077,1747908222048.406,-16,14,-168
1747908222087.219,230110,1747908222068.281,-13,7,-170
1747908222107.031,230112,1747908222088.125,-23,14,-160
1747908222126.906,230073,1747908222108.031,-28,22,-170
1747908222146.75,230046,1747908222127.813,-26,20,-169
1747908222166.625,230040,1747908222147.656,-35,17,-169
1747908222186.438,230026,1747908222167.531,-49,15,-138
1747908222206.281,230084,1747908222187.344,-52,11,-121
1747908222226.125,230170,1747908222207.219,-77,-1,-90
1747908222246.031,230261,1747908222227.031,-92,-9,-81
1747908222265.875,230384,1747908222247.0,-100,-13,-64
1747908222285.719,230579,1747908222266.812,-117,-10,-58
1747908222305.594,230771,1747908222286.625,-152,-15,-55
1747908222325.406,230969,1747908222306.5,-176,-21,-64
1747908222345.25,231154,1747908222326.313,-197,-18,-72
1747908222365.094,231283,1747908222346.187,-209,-20,-76
1747908222384.937,231327,1747908222365.969,-209,-8,-80
1747908222404.812,231290,1747908222385.844,-223,-20,-64
1747908222424.656,231215,1747908222405.719,-226,-18,-64
1747908222444.5,231104,1747908222425.594,-210,-13,-61
1747908222464.469,230918,1747908222445.469,-209,6,-60
1747908222484.1868,230753,1747908222465.25,-205,7,-57
1747908222504.031,230581,1747908222485.125,-189,7,-64
1747908222523.938,230480,1747908222504.969,-192,7,-77
1747908222543.75,230433,1747908222524.844,-189,7,-84
1747908222563.625,230459,1747908222544.687,-154,-8,-89
1747908222583.437,230597,1747908222564.531,-146,-16,-100
1747908222603.281,230631,1747908222584.5,-124,-10,-104
1747908222623.156,230828,1747908222604.188,-88,-18,-114
1747908222643.0308,231157,1747908222624.062,-67,-20,-128
1747908222662.844,231395,1747908222643.937,-44,-6,-154
1747908222682.719,231652,1747908222663.781,-8,7,-144
1747908222702.563,231881,1747908222683.625,28,6,-145
1747908222722.438,232128,1747908222703.469,51,16,-141
1747908222742.25,232383,1747908222723.344,63,28,-138
1747908222762.094,232497,1747908222743.187,59,35,-153
1747908222781.969,232519,1747908222763.0,65,31,-153
1747908222801.875,232478,1747908222782.844,63,39,-173
1747908222821.687,232344,1747908222802.812,48,44,-164
1747908222841.531,232232,1747908222822.594,31,42,-185
1747908222861.406,232168,1747908222842.469,-4,30,-185
1747908222881.281,232140,1747908222862.313,-7,23,-177
1747908222901.063,232116,1747908222882.219,-21,19,-169
1747908222920.937,232179,1747908222902.0,-36,12,-159
1747908222940.781,232244,1747908222921.844,-42,7,-146
1747908222960.656,232314,1747908222941.656,-47,3,-137
1747908222980.469,232372,1747908222961.594,-67,-9,-96
1747908223000.375,232466,1747908222981.406,-72,-32,-74
1747908223020.187,232504,1747908223001.25,-93,-42,-48
1747908223040.031,232551,1747908223021.094,-116,-20,-49
1747908223059.875,232694,1747908223040.938,-153,-8,-64
1747908223079.719,232884,1747908223060.781,-189,-15,-89
1747908223099.5942,233060,1747908223080.656,-221,-16,-104
1747908223119.406,233170,1747908223100.469,-231,-13,-93
1747908223139.281,233116,1747908223120.375,-241,-21,-84
1747908223159.063,232898,1747908223140.156,-224,-17,-64
1747908223178.938,232543,1747908223160.031,-217,-9,-57
1747908223198.812,232168,1747908223179.844,-212,-1,-41
1747908223218.656,231837,1747908223199.687,-194,4,-47
1747908223238.469,231572,1747908223219.563,-201,-4,-57
1747908223258.313,231433,1747908223239.406,-210,-5,-74
1747908223278.188,231360,1747908223259.25,-188,-1,-85
1747908223298.031,231286,1747908223279.094,-174,-8,-92
1747908223317.875,231190,1747908223298.938,-160,2,-97
1747908223337.719,231100,1747908223318.813,-136,8,-104
1747908223357.594,231363,1747908223338.625,-106,15,-68
1747908223377.469,231717,1747908223358.5,-71,-28,-57
1747908223397.281,232062,1747908223378.406,-57,-40,-88
1747908223417.156,232365,1747908223398.25,-47,-2,-128
1747908223437.031,232742,1747908223418.063,-20,15,-153
1747908223456.875,233269,1747908223437.937,-5,15,-160
1747908223476.719,233837,1747908223457.812,24,9,-145
1747908223496.562,234328,1747908223477.656,35,-5,-150
1747908223516.406,234575,1747908223497.5,22,-5,-173
1747908223536.281,234679,1747908223517.313,15,3,-170
1747908223556.125,234642,1747908223537.219,12,-1,-168
1747908223575.937,234448,1747908223557.094,8,3,-160
1747908223595.813,234270,1747908223576.875,14,8,-161
1747908223615.656,234103,1747908223596.719,14,19,-166
1747908223635.5,233895,1747908223616.562,-5,20,-169
1747908223655.344,233731,1747908223636.437,-24,15,-161
1747908223675.281,233613,1747908223656.281,-20,6,-160
1747908223695.094,233512,1747908223676.125,-39,-8,-144
1747908223714.938,233423,1747908223696.031,-53,-21,-145
1747908223734.812,233285,1747908223715.875,-66,-8,-128
1747908223754.656,233206,1747908223735.719,-87,-10,-121
1747908223774.5,233110,1747908223755.563,-92,-20,-101
1747908223794.375,232978,1747908223775.438,-110,-9,-81
1747908223814.219,232788,1747908223795.312,-121,-29,-81
1747908223834.094,232593,1747908223815.156,-145,-33,-70
1747908223853.969,232451,1747908223835.031,-162,-40,-49
1747908223873.813,232293,1747908223854.844,-173,-45,-64
1747908223893.625,232175,1747908223874.719,-185,-36,-80
1747908223913.5,232088,1747908223894.687,-205,-40,-74
1747908223933.375,232003,1747908223914.438,-210,-34,-64
1747908223953.188,231902,1747908223934.25,-221,-13,-55
1747908223973.063,231777,1747908223954.125,-209,-18,-49
1747908223993.062,231652,1747908223973.969,-212,-8,-41
1747908224012.781,231507,1747908223993.938,-207,-1,-49
1747908224032.625,231361,1747908224013.688,-191,3,-63
1747908224052.469,231220,1747908224033.563,-177,-1,-64
1747908224072.313,231161,1747908224053.375,-160,4,-73
1747908224092.219,231083,1747908224073.25,-146,-13,-87
1747908224112.031,231011,1747908224093.125,-130,-15,-84
1747908224131.906,230954,1747908224112.969,-113,-15,-98
1747908224151.781,230942,1747908224132.812,-101,-13,-106
1747908224171.625,231044,1747908224152.687,-85,-15,-113
1747908224191.469,231176,1747908224172.531,-72,-24,-112
1747908224211.344,231305,1747908224192.406,-64,-24,-138
1747908224231.188,231360,1747908224212.281,-52,-12,-136
1747908224251.062,231422,1747908224232.125,-54,-5,-153
1747908224270.906,231443,1747908224252.0,-45,-12,-153
1747908224290.75,231438,1747908224271.875,-24,6,-144
1747908224310.656,231415,1747908224291.656,3,14,-159
1747908224330.5,231362,1747908224311.562,11,14,-162
1747908224350.344,231333,1747908224331.406,7,25,-162
1747908224370.219,231300,1747908224351.25,15,23,-157
1747908224390.063,231294,1747908224371.094,20,20,-144
1747908224409.938,231236,1747908224390.969,47,16,-145
1747908224429.781,231149,1747908224410.844,23,23,-144
1747908224449.625,231045,1747908224430.75,8,15,-151
1747908224469.5,230931,1747908224450.563,-20,-1,-153
1747908224489.375,230823,1747908224470.438,-25,1,-145
1747908224509.219,230656,1747908224490.281,-40,1,-137
1747908224529.031,230526,1747908224510.156,-45,-10,-134
1747908224548.906,230452,1747908224529.938,-55,-12,-141
1747908224568.75,230302,1747908224549.844,-87,-4,-138
1747908224588.594,230160,1747908224569.656,-120,-18,-156
1747908224608.437,229928,1747908224589.5,-140,-16,-162
1747908224628.281,229711,1747908224609.344,-142,-16,-157
1747908224648.1882,229601,1747908224629.188,-120,-28,-113
1747908224668.0,229517,1747908224649.094,-132,-18,-89
1747908224687.844,229467,1747908224668.937,-140,-13,-95
1747908224707.719,229399,1747908224688.781,-140,-7,-96
1747908224727.531,229351,1747908224708.594,-148,-24,-96
1747908224747.375,229293,1747908224728.469,-155,-24,-101
1747908224767.25,229212,1747908224748.312,-167,-24,-80
1747908224787.0942,229201,1747908224768.156,-176,-26,-64
1747908224806.937,229133,1747908224787.969,-177,-15,-64
1747908224826.813,229044,1747908224807.844,-168,-4,-64
1747908224846.594,228878,1747908224827.688,-172,7,-64
1747908224866.469,228712,1747908224847.531,-172,8,-81
1747908224886.312,228508,1747908224867.344,-164,9,-80
1747908224906.156,228293,1747908224887.219,-158,7,-89
1747908224926.0,228046,1747908224907.063,-134,12,-96
1747908224945.844,227740,1747908224926.969,-116,16,-124
1747908224965.719,227420,1747908224946.781,-132,2,-145
1747908224985.562,227313,1747908224966.625,-109,-24,-154
1747908225005.406,227335,1747908224986.5,-93,-10,-153
1747908225025.25,227517,1747908225006.344,-64,6,-128
1747908225045.094,227697,1747908225026.156,-41,22,-118
1747908225064.969,227861,1747908225046.031,-42,14,-124
1747908225084.781,228048,1747908225065.875,-5,22,-145
1747908225104.656,228260,1747908225085.719,-16,19,-160
1747908225124.5,228549,1747908225105.594,-1,8,-148
1747908225144.375,228901,1747908225125.406,19,0,-141
1747908225164.187,229294,1747908225145.281,44,7,-153
1747908225184.062,229625,1747908225165.125,51,12,-160
1747908225203.938,229801,1747908225184.969,60,8,-193
1747908225223.781,229805,1747908225204.844,56,28,-173
1747908225243.594,229762,1747908225224.656,71,24,-173
1747908225263.437,229697,1747908225244.531,60,24,-174
1747908225283.313,229655,1747908225264.344,31,19,-185
1747908225303.156,229672,1747908225284.219,12,9,-192
1747908225323.0,229641,1747908225304.062,-2,12,-188
1747908225342.844,229657,1747908225323.906,3,19,-177
1747908225362.687,229695,1747908225343.75,3,15,-155
1747908225382.5632,229652,1747908225363.594,2,17,-137
1747908225402.406,229568,1747908225383.5,3,24,-121
1747908225422.25,229570,1747908225403.344,-1,19,-105
1747908225442.125,229547,1747908225423.156,-62,-2,-96
1747908225461.969,229583,1747908225443.0,-124,-36,-114
1747908225481.781,229687,1747908225462.875,-140,-61,-113
1747908225501.656,229768,1747908225482.75,-132,-39,-97
1747908225521.5,229814,1747908225502.594,-136,-23,-89
1747908225541.344,229771,1747908225522.406,-154,-32,-98
1747908225561.188,229523,1747908225542.281,-169,-18,-114
1747908225581.031,229001,1747908225562.125,-170,-5,-130
1747908225600.875,228409,1747908225581.969,-184,-10,-128
1747908225620.75,227945,1747908225601.8118,-220,-36,-128
1747908225640.594,227925,1747908225621.688,-244,-68,-136
1747908225660.438,228080,1747908225641.5,-215,-82,-82
1747908225680.281,228174,1747908225661.375,-186,-57,-61
1747908225700.156,228117,1747908225681.219,-161,-8,-60
1747908225720.0,227984,1747908225701.031,-141,31,-63
1747908225739.813,227770,1747908225720.938,-132,33,-58
1747908225759.688,227534,1747908225740.75,-101,49,-61
1747908225779.531,227298,1747908225760.562,-113,52,-76
1747908225799.406,227135,1747908225780.437,-109,48,-108
1747908225819.219,227140,1747908225800.313,-107,56,-128
1747908225839.094,227276,1747908225820.156,-84,46,-122
1747908225858.906,227498,1747908225840.0,-64,47,-121
1747908225878.781,227724,1747908225859.812,-34,32,-114
1747908225898.625,228067,1747908225879.687,-38,19,-125
1747908225918.469,228517,1747908225899.563,-17,22,-145
1747908225938.313,229074,1747908225919.375,-4,31,-154
1747908225958.188,229506,1747908225939.219,8,23,-149
1747908225977.969,229568,1747908225959.094,31,22,-145
1747908225997.844,229439,1747908225978.906,39,11,-157
1747908226017.688,229368,1747908225998.75,0,-4,-177
1747908226037.531,229390,1747908226018.594,3,-10,-183
1747908226057.375,229414,1747908226038.437,-2,-12,-181
1747908226077.219,229385,1747908226058.344,-15,-17,-177
1747908226097.094,229205,1747908226078.156,0,-29,-170
1747908226116.969,228921,1747908226098.0,-4,-29,-160
1747908226136.813,228649,1747908226117.875,-26,-37,-173
1747908226156.594,228433,1747908226137.687,-64,-33,-160
1747908226176.469,228378,1747908226157.531,-77,-16,-170
1747908226196.312,228530,1747908226177.375,-96,-15,-160
1747908226216.156,228615,1747908226197.219,-119,-28,-157
1747908226236.0,228505,1747908226217.094,-128,-18,-150
1747908226255.8442,228359,1747908226236.937,-116,-8,-125
1747908226275.719,228243,1747908226256.781,-116,7,-81
1747908226295.563,228158,1747908226276.594,-114,12,-57
1747908226315.375,228134,1747908226296.469,-116,18,-49
1747908226335.25,228148,1747908226316.312,-121,23,-41
1747908226355.156,228124,1747908226336.125,-113,20,-26
1747908226374.937,228015,1747908226356.094,-121,20,-17
1747908226394.781,227650,1747908226375.875,-143,12,-38
1747908226414.625,227269,1747908226395.75,-215,-16,-50
1747908226434.469,226982,1747908226415.562,-257,-26,-46
1747908226454.375,226815,1747908226435.406,-234,-34,-39
1747908226474.25,226721,1747908226455.281,-242,-50,-56
1747908226494.031,226665,1747908226475.094,-258,-57,-72
1747908226513.906,226665,1747908226494.937,-244,-50,-85
1747908226533.781,226519,1747908226514.781,-232,-48,-81
1747908226553.594,226337,1747908226534.656,-218,-37,-89
1747908226573.469,226094,1747908226554.5,-188,-17,-81
1747908226593.313,225790,1747908226574.344,-150,-16,-64
1747908226613.187,225578,1747908226594.219,-110,-16,-57
1747908226633.031,225485,1747908226614.125,-72,-10,-54
1747908226652.844,225465,1747908226633.969,-64,-13,-87
1747908226672.719,225355,1747908226653.781,-37,-5,-101
1747908226692.594,225195,1747908226673.656,-25,11,-113
1747908226712.406,224936,1747908226693.5,-22,12,-128
1747908226732.281,224667,1747908226713.344,-15,-1,-161
1747908226752.125,224586,1747908226733.188,1,3,-160
1747908226771.969,224634,1747908226753.031,25,8,-168
1747908226791.812,224674,1747908226772.906,35,17,-180
1747908226811.687,224681,1747908226792.75,31,16,-192
1747908226831.5,224604,1747908226812.563,8,14,-176
1747908226851.344,224524,1747908226832.438,8,16,-160
1747908226871.188,224479,1747908226852.25,4,17,-177
1747908226891.031,224467,1747908226872.125,-4,16,-191
1747908226910.875,224580,1747908226891.937,-9,22,-189
1747908226930.719,224636,1747908226911.781,-15,19,-177
1747908226950.563,224642,1747908226931.6558,-20,18,-166
1747908226970.438,224630,1747908226951.531,-49,12,-148
1747908226990.25,224564,1747908226971.344,-57,19,-145
1747908227010.125,224505,1747908226991.125,-65,7,-133
1747908227030.0,224325,1747908227011.031,-74,4,-105
1747908227049.781,223957,1747908227030.937,-80,6,-80
1747908227069.625,223435,1747908227050.719,-101,4,-64
1747908227089.531,222917,1747908227070.531,-113,4,-57
1747908227109.344,222452,1747908227090.469,-129,-20,-64
1747908227129.156,222171,1747908227110.25,-149,-45,-64
1747908227149.031,222100,1747908227130.094,-192,-74,-64
1747908227168.844,222121,1747908227149.937,-224,-76,-74
1747908227188.687,222239,1747908227169.75,-223,-75,-74
1747908227208.531,222267,1747908227189.625,-225,-62,-59
1747908227228.375,222174,1747908227209.469,-240,-46,-44
1747908227248.25,221953,1747908227229.312,-223,-27,-58
1747908227268.094,221684,1747908227249.156,-220,-12,-64
1747908227287.906,221436,1747908227268.969,-202,-8,-63
1747908227307.75,221249,1747908227288.844,-199,-8,-72
1747908227327.625,221098,1747908227308.656,-185,-8,-53
1747908227347.469,220871,1747908227328.531,-157,-8,-57
1747908227367.281,220655,1747908227348.375,-135,-7,-72
1747908227387.125,220381,1747908227368.25,-110,8,-85
1747908227407.031,220079,1747908227388.063,-101,0,-92
1747908227426.875,219826,1747908227407.938,-79,-10,-97
1747908227446.687,219623,1747908227427.75,-48,-9,-121
1747908227466.687,219489,1747908227447.656,-34,-10,-127
1747908227486.406,219345,1747908227467.563,-13,-2,-125
1747908227506.25,219254,1747908227487.281,12,24,-132
1747908227526.063,219158,1747908227507.187,19,15,-154
1747908227545.937,219002,1747908227527.0,35,9,-169
1747908227565.781,218886,1747908227546.844,44,15,-164
1747908227585.656,218856,1747908227566.688,22,22,-157
1747908227605.469,219028,1747908227586.531,14,33,-169
1747908227625.313,219120,1747908227606.406,-9,44,-170
1747908227645.187,219263,1747908227626.25,-46,34,-165
1747908227665.0,219626,1747908227646.094,-84,15,-169
1747908227684.875,219857,1747908227665.906,-112,-8,-177
1747908227704.688,219580,1747908227685.781,-102,-5,-157
1747908227724.562,219093,1747908227705.625,-104,-4,-128
1747908227744.406,218533,1747908227725.437,-106,-14,-112
1747908227764.25,217965,1747908227745.313,-100,-9,-64
1747908227784.063,217574,1747908227765.156,-82,-1,-46
1747908227803.938,217333,1747908227785.0,-98,-13,-34
1747908227823.781,217157,1747908227804.844,-101,-16,-34
1747908227843.625,217129,1747908227824.687,-121,-23,-25
1747908227863.437,217155,1747908227844.531,-153,-40,-45
1747908227883.281,217212,1747908227864.406,-193,-68,-49
1747908227903.156,217199,1747908227884.187,-218,-84,-57
1747908227923.125,217159,1747908227904.062,-226,-80,-34
1747908227942.875,217064,1747908227923.938,-225,-65,-33
1747908227962.688,216862,1747908227943.813,-228,-45,-26
1747908227982.531,216629,1747908227963.594,-229,-32,-18
1747908228002.375,216407,1747908227983.437,-213,-21,-29
1747908228022.312,216229,1747908228003.281,-216,-20,-34
1747908228042.062,216036,1747908228023.25,-196,-25,-39
1747908228061.906,215853,1747908228042.969,-196,-20,-49
1747908228081.75,215690,1747908228062.813,-168,-15,-48
1747908228101.594,215489,1747908228082.687,-157,-13,-55
1747908228121.437,215269,1747908228102.562,-152,-24,-61
1747908228141.313,214981,1747908228122.375,-132,-25,-78
1747908228161.156,214705,1747908228142.219,-119,-25,-81
1747908228180.969,214460,1747908228162.031,-111,-26,-87
1747908228200.844,214246,1747908228181.969,-103,-30,-100
1747908228220.656,214172,1747908228201.781,-89,-21,-100
1747908228240.531,214301,1747908228221.563,-80,-20,-96
1747908228260.406,214444,1747908228241.438,-57,-16,-100
1747908228280.219,214579,1747908228261.312,-21,-7,-106
1747908228300.094,214692,1747908228281.187,3,14,-121
1747908228319.937,214832,1747908228301.0,12,31,-128
1747908228339.813,214976,1747908228320.844,14,41,-145
1747908228359.625,215129,1747908228340.719,19,46,-162
1747908228379.469,215161,1747908228360.531,32,51,-177
1747908228399.312,215038,1747908228380.406,18,47,-178
1747908228419.156,214840,1747908228400.219,-16,47,-184
1747908228438.969,214605,1747908228420.094,-52,41,-202
1747908228458.844,214587,1747908228439.937,-65,55,-202
1747908228478.687,214751,1747908228459.75,-61,22,-180
1747908228498.531,214799,1747908228479.594,-72,17,-159
1747908228518.344,214702,1747908228499.406,-65,15,-136
1747908228538.188,214453,1747908228519.313,-66,11,-122
1747908228558.031,214113,1747908228539.094,-95,4,-104
1747908228577.875,213627,1747908228558.937,-105,-4,-90
1747908228597.687,212997,1747908228578.813,-97,1,-56
1747908228617.563,212605,1747908228598.656,-98,-9,-42
1747908228637.406,212557,1747908228618.469,-98,-45,-54
1747908228657.25,212757,1747908228638.312,-137,-65,-61
1747908228677.094,213114,1747908228658.187,-178,-81,-81
1747908228696.937,213425,1747908228678.031,-217,-72,-90
1747908228716.781,213596,1747908228697.875,-220,-81,-89
1747908228736.656,213690,1747908228717.688,-208,-76,-81
1747908228756.5,213638,1747908228737.562,-223,-63,-80
1747908228776.344,213438,1747908228757.406,-205,-45,-97
1747908228796.187,213109,1747908228777.25,-192,-40,-93
1747908228816.031,212716,1747908228797.094,-190,-36,-90
1747908228835.875,212359,1747908228816.937,-169,-37,-89
1747908228855.687,212027,1747908228836.781,-157,-40,-74
1747908228875.531,211690,1747908228856.625,-160,-48,-82
1747908228895.375,211406,1747908228876.438,-133,-36,-89
1747908228915.219,211212,1747908228896.313,-104,-20,-95
1747908228935.031,211143,1747908228916.125,-87,-8,-96
1747908228954.875,211206,1747908228935.969,-61,-2,-107
1747908228974.75,211324,1747908228955.812,-52,11,-114
1747908228994.688,211408,1747908228975.656,-40,19,-121
1747908229014.406,211456,1747908228995.594,-15,31,-113
1747908229034.281,211496,1747908229015.375,-4,31,-106
1747908229054.125,211550,1747908229035.219,-9,31,-116
1747908229074.0,211556,1747908229055.031,3,32,-128
1747908229093.813,211404,1747908229074.906,12,48,-153
1747908229113.656,211173,1747908229094.781,4,44,-169
1747908229133.5,210962,1747908229114.562,0,32,-177
1747908229153.375,210962,1747908229134.406,-20,24,-180
1747908229173.187,211097,1747908229154.281,-44,16,-185
1747908229193.063,211198,1747908229174.156,-57,15,-176
1747908229212.9058,211366,1747908229194.0,-72,15,-181
1747908229232.781,211433,1747908229213.844,-83,17,-166
1747908229252.625,211312,1747908229233.75,-61,13,-127
1747908229272.469,211166,1747908229253.563,-49,12,-93
1747908229292.313,211021,1747908229273.438,-61,6,-82
1747908229312.187,210922,1747908229293.25,-74,4,-64
1747908229332.094,210789,1747908229313.094,-101,-1,-57
1747908229351.844,210666,1747908229333.031,-104,-10,-52
1747908229371.719,210630,1747908229352.781,-119,-17,-61
1747908229391.563,210699,1747908229372.625,-149,-43,-73
1747908229411.406,210854,1747908229392.469,-189,-68,-64
1747908229431.219,210896,1747908229412.312,-192,-73,-58
1747908229451.062,210873,1747908229432.188,-205,-77,-50
1747908229470.906,210765,1747908229452.0,-221,-80,-50
1747908229490.781,210621,1747908229471.844,-218,-65,-50
1747908229510.562,210426,1747908229491.687,-225,-48,-49
1747908229530.437,210182,1747908229511.531,-212,-40,-38
1747908229550.313,209855,1747908229531.344,-214,-28,-49
1747908229570.125,209568,1747908229551.188,-208,-34,-57
1747908229589.969,209332,1747908229571.031,-191,-36,-57
1747908229609.812,209132,1747908229590.906,-177,-29,-55
1747908229629.656,208892,1747908229610.719,-170,-20,-57
1747908229649.531,208603,1747908229630.563,-168,-18,-77
1747908229669.344,208342,1747908229650.438,-169,-26,-64
1747908229689.188,208079,1747908229670.281,-145,-26,-61
1747908229709.031,207910,1747908229690.094,-137,-32,-81
1747908229728.875,207921,1747908229709.938,-118,-32,-89
1747908229748.688,208053,1747908229729.781,-74,-22,-90
1747908229768.563,208192,1747908229749.656,-33,-15,-89
1747908229788.406,208345,1747908229769.5,-9,-1,-109
1747908229808.25,208458,1747908229789.344,8,-1,-130
1747908229828.219,208621,1747908229809.188,22,3,-123
1747908229847.938,208813,1747908229829.031,28,15,-137
1747908229867.813,208964,1747908229848.875,33,22,-161
1747908229887.656,209090,1747908229868.719,17,24,-161
1747908229907.531,209083,1747908229888.562,-7,25,-177
1747908229927.344,208925,1747908229908.469,-32,31,-179
1747908229947.188,208750,1747908229928.281,-42,25,-166
1747908229967.031,208614,1747908229948.094,-63,13,-169
1747908229986.906,208374,1747908229967.937,-68,3,-149
1747908230006.719,208150,1747908229987.813,-65,7,-153
1747908230026.656,208039,1747908230007.656,-64,19,-128
1747908230046.469,207985,1747908230027.5,-76,12,-104
1747908230066.312,207923,1747908230047.375,-96,7,-86
1747908230086.156,207815,1747908230067.25,-100,-8,-81
1747908230106.0,207420,1747908230087.094,-97,-9,-53
1747908230125.844,206887,1747908230106.938,-97,-13,-33
1747908230145.688,206630,1747908230126.781,-119,-13,-26
1747908230165.531,206909,1747908230146.625,-136,-31,-17
1747908230185.375,207300,1747908230166.469,-204,-72,-25
1747908230205.25,207557,1747908230186.281,-223,-81,-33
1747908230225.188,207733,1747908230206.156,-244,-81,-40
1747908230244.969,207693,1747908230226.031,-253,-89,-40
1747908230264.781,207461,1747908230245.906,-267,-84,-57
1747908230284.625,207024,1747908230265.688,-242,-68,-38
1747908230304.469,206450,1747908230285.531,-223,-36,-25
1747908230324.406,205934,1747908230305.406,-226,-20,-23
1747908230344.156,205597,1747908230325.344,-208,-13,-18
1747908230364.0,205353,1747908230345.094,-192,-8,-12
1747908230384.0,205102,1747908230364.938,-176,-18,-13
1747908230403.688,204930,1747908230384.906,-181,-13,-25
1747908230423.531,204868,1747908230404.625,-161,-28,-49
1747908230443.375,204993,1747908230424.469,-151,-25,-73
1747908230463.25,205253,1747908230444.281,-114,-32,-87
1747908230483.063,205534,1747908230464.156,-86,-39,-93
1747908230502.906,205784,1747908230484.062,-81,-32,-121
1747908230522.75,206015,1747908230503.844,-72,-16,-128
1747908230542.625,206274,1747908230523.656,-65,-4,-128
1747908230562.437,206535,1747908230543.5,-46,9,-121
1747908230582.25,206799,1747908230563.375,-24,12,-118
1747908230602.125,207068,1747908230583.219,-7,11,-113
1747908230622.0,207301,1747908230603.062,-7,16,-116
1747908230641.844,207492,1747908230622.875,-13,15,-138
1747908230661.656,207547,1747908230642.75,0,16,-158
1747908230681.469,207447,1747908230662.563,7,17,-185
1747908230701.313,207390,1747908230682.375,-1,14,-173
1747908230721.187,207364,1747908230702.219,-20,7,-168
1747908230741.0,207220,1747908230722.062,-10,-8,-160
1747908230760.844,207077,1747908230741.906,-29,0,-145
1747908230780.688,207221,1747908230761.75,-25,-14,-128
1747908230800.531,207875,1747908230781.594,-52,-17,-130
1747908230820.344,208925,1747908230801.437,-95,-18,-141
1747908230840.187,209804,1747908230821.281,-121,-20,-106
1747908230860.031,210369,1747908230841.125,-151,-15,-97
1747908230879.875,210504,1747908230860.938,-176,-12,-81
1747908230899.719,210333,1747908230880.781,-161,-7,-56
1747908230919.562,210002,1747908230900.687,-157,11,-26
1747908230939.406,209695,1747908230920.5,-157,16,-5
1747908230959.344,209457,1747908230940.313,-153,-1,7
1747908230979.094,209285,1747908230960.25,-154,-17,7
1747908230998.938,209130,1747908230980.031,-169,-33,-17
1747908231018.812,209052,1747908230999.906,-207,-42,-29
1747908231038.625,208976,1747908231019.719,-225,-51,-25
1747908231058.469,208865,1747908231039.531,-234,-42,-39
1747908231078.438,208815,1747908231059.375,-237,-34,-52
1747908231098.156,208753,1747908231079.219,-222,-32,-45
1747908231118.0,208696,1747908231099.094,-210,-30,-33
1747908231137.875,208602,1747908231118.938,-213,-20,-26
1747908231157.688,208532,1747908231138.781,-217,-20,-16
1747908231177.563,208390,1747908231158.6558,-221,-20,-11
1747908231197.375,208206,1747908231178.469,-212,-18,-8
1747908231217.25,207935,1747908231198.281,-207,-18,-9
1747908231237.094,207665,1747908231218.188,-193,-13,-12
1747908231256.938,207393,1747908231238.031,-167,-8,-26
1747908231276.813,207227,1747908231257.875,-136,-8,-33
1747908231296.781,207180,1747908231277.719,-114,2,-51
1747908231316.469,207275,1747908231297.688,-116,-1,-64
1747908231336.344,207364,1747908231317.438,-81,3,-89
1747908231356.25,207354,1747908231337.281,-64,-1,-104
1747908231376.062,207311,1747908231357.156,-33,-15,-116
1747908231395.906,207362,1747908231376.969,-29,-15,-115
1747908231415.75,207596,1747908231396.844,-17,-13,-125
1747908231435.594,208009,1747908231416.688,-4,-16,-152
1747908231455.469,208611,1747908231436.5,14,-2,-170
1747908231475.281,209483,1747908231456.406,20,11,-180
1747908231495.156,210173,1747908231476.219,-1,23,-176
1747908231515.0,210553,1747908231496.094,-36,23,-189
1747908231534.875,210780,1747908231515.906,-72,3,-192
1747908231554.688,210878,1747908231535.844,-97,-7,-192
1747908231574.562,210837,1747908231555.594,-85,-8,-185
1747908231594.406,210701,1747908231575.5,-87,-13,-160
1747908231614.25,210422,1747908231595.313,-72,-23,-123
1747908231634.187,210182,1747908231615.187,-73,-25,-96
1747908231653.937,210185,1747908231635.156,-79,-23,-89
1747908231673.812,210164,1747908231654.906,-80,-17,-74
1747908231693.656,210060,1747908231674.719,-102,-22,-49
1747908231713.5,209932,1747908231694.563,-125,-29,-31
1747908231733.344,209845,1747908231714.437,-161,-25,-35
1747908231753.312,209571,1747908231734.312,-189,-16,-32
1747908231773.062,209020,1747908231754.094,-208,0,-33
1747908231792.938,208588,1747908231773.969,-212,3,-52
1747908231812.75,208334,1747908231793.875,-221,-18,-81
1747908231832.625,208226,1747908231813.687,-220,-20,-72
1747908231852.469,208076,1747908231833.531,-218,-20,-77
1747908231872.344,207904,1747908231853.344,-218,-18,-53
1747908231892.156,207713,1747908231873.312,-208,-13,-42
1747908231912.031,207554,1747908231893.094,-201,-7,-41
1747908231931.844,207345,1747908231912.937,-207,-8,-43
1747908231951.719,207139,1747908231932.75,-178,-9,-57
1747908231971.531,206930,1747908231952.625,-162,-5,-58
1747908231991.375,206738,1747908231972.469,-145,-10,-73
1747908232011.25,206600,1747908231992.312,-148,-17,-106
1747908232031.094,206516,1747908232012.156,-136,-13,-128
1747908232050.937,206494,1747908232032.031,-116,-16,-128
1747908232070.781,206577,1747908232051.875,-69,-21,-113
1747908232090.75,206719,1747908232071.719,-24,-25,-102
1747908232110.5,206857,1747908232091.531,-31,-16,-113
1747908232130.344,207055,1747908232111.406,-29,-7,-113
1747908232150.188,207199,1747908232131.281,-1,6,-113
1747908232170.031,207362,1747908232151.094,8,12,-128
1747908232189.875,207607,1747908232170.969,8,27,-154
1747908232209.719,207922,1747908232190.781,16,35,-180
1747908232229.562,208253,1747908232210.75,25,47,-184
1747908232249.406,208543,1747908232230.469,34,67,-177
1747908232269.281,208776,1747908232250.344,25,68,-169
1747908232289.094,208922,1747908232270.156,-1,48,-169
1747908232309.062,209012,1747908232290.062,-32,33,-166
1747908232328.781,209020,1747908232310.0,-53,20,-177
1747908232348.656,208953,1747908232329.719,-84,7,-177
1747908232368.469,208810,1747908232349.531,-80,6,-157
1747908232388.344,208725,1747908232369.437,-80,9,-117
1747908232408.187,208634,1747908232389.25,-74,6,-91
1747908232428.031,208545,1747908232409.094,-77,12,-64
1747908232447.875,208431,1747908232429.0,-82,14,-37
1747908232467.688,208241,1747908232448.781,-95,-4,-17
1747908232487.562,208052,1747908232468.656,-109,-8,3
1747908232507.437,207846,1747908232488.469,-162,-39,-1
1747908232527.313,207636,1747908232508.344,-218,-50,-32
1747908232547.125,207388,1747908232528.219,-264,-36,-57
1747908232567.0,207254,1747908232548.062,-245,-44,-52
1747908232586.844,207162,1747908232567.906,-241,-53,-50
1747908232606.688,207102,1747908232587.781,-243,-55,-64
1747908232626.531,207073,1747908232607.594,-250,-40,-73
1747908232646.531,206984,1747908232627.5,-241,-32,-64
1747908232666.219,206883,1747908232647.438,-223,-38,-64
1747908232686.094,206791,1747908232667.125,-205,-45,-64
1747908232705.906,206763,1747908232687.0,-205,-40,-72
1747908232725.75,206795,1747908232706.875,-209,-42,-77
1747908232745.594,206837,1747908232726.656,-193,-54,-82
1747908232765.4368,206885,1747908232746.531,-144,-61,-82
1747908232785.25,207003,1747908232766.375,-103,-36,-65
1747908232805.125,207181,1747908232786.188,-83,-32,-57
1747908232824.938,207360,1747908232806.031,-61,-15,-64
1747908232844.812,207546,1747908232825.875,-36,-9,-81
1747908232864.625,207699,1747908232845.719,-21,-7,-89
1747908232884.5,207847,1747908232865.531,-18,5,-109
1747908232904.313,208037,1747908232885.406,-17,11,-137
1747908232924.156,208246,1747908232905.219,-16,22,-145
1747908232944.0,208510,1747908232925.062,-4,31,-161
1747908232963.812,208687,1747908232944.875,3,32,-177
1747908232983.656,208793,1747908232964.75,-4,40,-178
1747908233003.531,208813,1747908232984.688,-1,47,-178
1747908233023.469,208831,1747908233004.437,3,44,-168
1747908233043.187,208777,1747908233024.406,-16,47,-160
1747908233063.062,208714,1747908233044.125,-21,63,-162
1747908233082.906,208750,1747908233063.969,-37,41,-161
1747908233102.813,208905,1747908233083.813,-57,41,-153
1747908233122.563,209138,1747908233103.656,-57,47,-128
1747908233142.437,209371,1747908233123.5,-52,57,-139
1747908233162.281,209553,1747908233143.375,-64,52,-113
1747908233182.125,209622,1747908233163.188,-84,51,-96
1747908233201.969,209543,1747908233183.031,-89,35,-73
1747908233221.812,209332,1747908233202.906,-100,18,-64
1747908233241.656,209099,1747908233222.75,-116,-1,-55
1747908233261.531,208861,1747908233242.594,-145,-28,-41
1747908233281.344,208788,1747908233262.438,-178,-42,-30
1747908233301.188,208855,1747908233282.281,-200,-47,-29
1747908233321.094,209066,1747908233302.094,-189,-57,-32
1747908233340.906,209237,1747908233322.125,-208,-57,-49
1747908233360.75,209336,1747908233341.844,-249,-84,-63
1747908233380.594,209337,1747908233361.688,-260,-81,-61
1747908233400.469,209227,1747908233381.5,-227,-49,-54
1747908233420.312,209095,1747908233401.375,-208,-40,-58
1747908233440.125,208856,1747908233421.25,-194,-32,-64
1747908233460.0,208605,1747908233441.063,-205,-20,-72
1747908233479.844,208315,1747908233460.938,-199,-21,-76
1747908233499.687,208195,1747908233480.719,-177,-24,-64
1747908233519.531,208140,1747908233500.594,-168,-17,-64
1747908233539.375,208091,1747908233520.469,-132,-10,-64
1747908233559.25,208023,1747908233540.313,-98,-4,-105
1747908233579.125,208050,1747908233560.187,-82,7,-110
1747908233598.937,208332,1747908233580.031,-56,7,-81
1747908233618.781,209154,1747908233599.875,-25,9,-58
1747908233638.625,210043,1747908233619.688,-13,9,-81
1747908233658.469,210859,1747908233639.5,-25,31,-105
1747908233678.313,211576,1747908233659.344,-38,40,-128
1747908233698.156,212122,1747908233679.25,-53,43,-144
1747908233718.0,212601,1747908233699.094,-50,32,-160
1747908233737.875,212947,1747908233718.9382,-39,47,-182
1747908233757.75,213256,1747908233738.781,-29,19,-184
1747908233777.531,213536,1747908233758.625,-31,15,-192
1747908233797.406,213639,1747908233778.5,-15,-9,-195
1747908233817.281,213728,1747908233798.313,15,-20,-169
1747908233837.094,213943,1747908233818.188,8,-30,-164
1747908233856.938,214238,1747908233838.0,17,-29,-160
1747908233876.812,214456,1747908233857.875,9,-29,-153
1747908233896.656,214615,1747908233877.719,-1,-24,-146
1747908233916.531,214742,1747908233897.531,-6,-16,-127
1747908233936.344,214847,1747908233917.406,-32,-10,-153
1747908233956.187,214991,1747908233937.3118,-68,15,-157
1747908233976.062,215089,1747908233957.094,-76,34,-169
1747908233995.906,215102,1747908233976.969,-116,38,-185
1747908234015.75,215086,1747908233996.844,-121,40,-164
1747908234035.625,214901,1747908234016.687,-141,24,-120
1747908234055.469,214702,1747908234036.531,-125,4,-82
1747908234075.344,214446,1747908234056.375,-121,-1,-64
1747908234095.156,214239,1747908234076.219,-103,15,-32
1747908234115.0,214056,1747908234096.094,-101,22,-25
1747908234134.969,213859,1747908234115.937,-137,14,-31
1747908234154.75,213733,1747908234135.906,-164,6,-62
1747908234174.562,213703,1747908234155.688,-194,-17,-74
1747908234194.438,213785,1747908234175.5,-208,-21,-87
1747908234214.281,213785,1747908234195.312,-216,-36,-89
1747908234234.125,213699,1747908234215.187,-225,-40,-94
1747908234253.969,213611,1747908234235.063,-208,-36,-106
1747908234273.844,213468,1747908234254.906,-185,-32,-105
1747908234293.688,213388,1747908234274.75,-178,-34,-101
1747908234313.562,213351,1747908234294.625,-168,-40,-97
1747908234333.406,213330,1747908234314.469,-160,-34,-82
1747908234353.219,213381,1747908234334.344,-141,-29,-82
1747908234373.063,213514,1747908234354.156,-137,-13,-93
1747908234392.938,213629,1747908234373.969,-120,-8,-103
1747908234412.75,213686,1747908234393.844,-105,23,-89
1747908234432.625,213773,1747908234413.687,-64,-2,-82
1747908234452.437,213927,1747908234433.563,-57,3,-92
1747908234472.313,214190,1747908234453.375,-25,3,-112
1747908234492.188,214457,1747908234473.219,-13,16,-128
1747908234512.0,214881,1747908234493.094,-21,20,-130
1747908234531.844,215482,1747908234512.938,-10,12,-128
1747908234551.719,216000,1747908234532.781,14,7,-169
1747908234571.594,216353,1747908234552.625,7,14,-196
1747908234591.406,216531,1747908234572.562,-16,28,-192
1747908234611.25,216544,1747908234592.344,-41,28,-181
1747908234631.125,216425,1747908234612.156,-48,28,-173
1747908234650.969,216275,1747908234632.031,-49,28,-168
1747908234670.844,216134,1747908234651.875,-68,22,-167
1747908234690.656,216045,1747908234671.812,-76,17,-160
1747908234710.5,216215,1747908234691.562,-68,35,-136
1747908234730.344,216657,1747908234711.406,-57,32,-114
1747908234750.156,217368,1747908234731.25,-81,51,-94
1747908234770.0,218003,1747908234751.094,-81,12,-81
1747908234789.875,218367,1747908234770.937,-109,4,-73
1747908234809.719,218762,1747908234790.781,-129,0,-72
1747908234829.563,219019,1747908234810.594,-136,12,-64
1747908234849.406,218940,1747908234830.5,-144,19,-64
1747908234869.25,218701,1747908234850.281,-144,17,-47
1747908234889.125,218640,1747908234870.156,-141,19,-36
1747908234908.937,218729,1747908234890.031,-159,-7,-38
1747908234928.813,218903,1747908234909.875,-161,-29,-56
1747908234948.688,218975,1747908234929.719,-185,-29,-52
1747908234968.531,218961,1747908234949.594,-189,-26,-53
1747908234988.344,218837,1747908234969.438,-199,-32,-61
1747908235008.219,218606,1747908234989.313,-215,-45,-81
1747908235028.063,218401,1747908235009.125,-201,-48,-81
1747908235047.906,218247,1747908235028.969,-205,-40,-72
1747908235067.75,218066,1747908235048.844,-189,-27,-72
1747908235087.594,217894,1747908235068.688,-177,-1,-62
1747908235107.469,217698,1747908235088.531,-172,12,-50
1747908235127.313,217435,1747908235108.375,-160,14,-68
1747908235147.156,217196,1747908235128.219,-157,7,-72
1747908235167.031,217019,1747908235148.094,-144,7,-78
1747908235186.875,216892,1747908235167.969,-125,-2,-81
1747908235206.75,216911,1747908235187.813,-113,-9,-64
1747908235226.562,217015,1747908235207.656,-103,-10,-64
1747908235246.406,217148,1747908235227.469,-79,-8,-83
1747908235266.281,217205,1747908235247.375,-70,4,-113
1747908235286.156,217333,1747908235267.188,-78,12,-127
1747908235305.969,217540,1747908235287.031,-66,-1,-137
1747908235325.844,217825,1747908235306.937,-57,8,-128
1747908235345.75,218123,1747908235326.781,-49,24,-147
1747908235365.563,218349,1747908235346.656,-28,25,-162
1747908235385.406,218549,1747908235366.438,-27,31,-164
1747908235405.25,218711,1747908235386.312,-6,35,-153
1747908235425.094,218800,1747908235406.187,-9,55,-153
1747908235444.969,218784,1747908235426.0,-7,40,-149
1747908235464.781,218652,1747908235445.875,-24,30,-146
1747908235484.625,218387,1747908235465.719,-41,15,-151
1747908235504.5,218121,1747908235485.562,-66,22,-145
1747908235524.312,218153,1747908235505.406,-80,7,-145
1747908235544.188,218529,1747908235525.25,-82,1,-148
1747908235564.031,219100,1747908235545.125,-82,-4,-142
1747908235583.875,219814,1747908235564.969,-84,-3,-128
1747908235603.719,220258,1747908235584.812,-88,20,-128
1747908235623.562,220303,1747908235604.656,-98,30,-106
1747908235643.375,219974,1747908235624.469,-86,27,-89
1747908235663.25,219410,1747908235644.344,-98,30,-74
1747908235683.094,218856,1747908235664.187,-116,24,-64
1747908235702.9368,218369,1747908235684.0,-109,27,-57
1747908235722.781,218075,1747908235703.875,-134,19,-48
1747908235742.625,217857,1747908235723.719,-165,-8,-49
1747908235762.5,217600,1747908235743.531,-177,-31,-53
1747908235782.375,217256,1747908235763.406,-201,-50,-61
1747908235802.187,216919,1747908235783.281,-223,-74,-84
1747908235822.063,216692,1747908235803.125,-216,-80,-72
1747908235841.906,216569,1747908235822.969,-202,-64,-73
1747908235861.7808,216537,1747908235842.812,-207,-49,-61
1747908235881.656,216527,1747908235862.687,-192,-32,-64
1747908235901.5,216471,1747908235882.5632,-191,-10,-57
1747908235921.344,216394,1747908235902.406,-200,-9,-57
1747908235941.188,216364,1747908235922.281,-188,-9,-64
1747908235961.031,216373,1747908235942.094,-176,-4,-57
1747908235980.875,216491,1747908235962.0,-148,-1,-61
1747908236000.75,216620,1747908235981.781,-135,19,-75
1747908236020.625,216845,1747908236001.656,-104,8,-81
1747908236040.406,217109,1747908236021.656,-81,9,-81
1747908236060.281,217392,1747908236041.344,-86,17,-80
1747908236080.125,217661,1747908236061.188,-72,22,-96
1747908236099.969,217845,1747908236081.031,-66,35,-121
1747908236119.813,218028,1747908236100.906,-57,24,-128
1747908236139.75,218185,1747908236120.75,-45,24,-126
1747908236159.531,218352,1747908236140.625,-36,19,-114
1747908236179.375,218550,1747908236160.438,-31,24,-154
1747908236199.219,218806,1747908236180.281,-18,27,-160
1747908236219.063,218979,1747908236200.125,-12,28,-168
1747908236238.937,218952,1747908236220.0,-6,30,-169
1747908236258.75,218784,1747908236239.875,-7,31,-168
1747908236278.625,218558,1747908236259.656,-16,39,-173
1747908236298.438,218444,1747908236279.562,-34,30,-173
1747908236318.312,218366,1747908236299.375,-56,30,-156
1747908236338.156,218329,1747908236319.187,-58,31,-145
1747908236358.0,218237,1747908236339.094,-64,27,-138
1747908236377.844,218097,1747908236358.938,-57,20,-128
1747908236397.688,217969,1747908236378.781,-70,15,-104
1747908236417.531,217782,1747908236398.594,-81,7,-98
1747908236437.406,217600,1747908236418.469,-105,-1,-100
1747908236457.219,217366,1747908236438.313,-116,-8,-94
1747908236477.063,217156,1747908236458.156,-124,-2,-64
1747908236496.938,216996,1747908236478.0,-125,-9,-48
1747908236516.781,216812,1747908236497.812,-133,-17,-32
1747908236536.594,216646,1747908236517.688,-159,-34,-29
1747908236556.469,216400,1747908236537.563,-176,-36,-28
1747908236576.344,216191,1747908236557.375,-208,-36,-9
1747908236596.187,216090,1747908236577.219,-217,-39,-3
1747908236616.0,215991,1747908236597.094,-231,-40,-17
1747908236635.875,215908,1747908236616.9382,-248,-41,-32
1747908236655.719,215806,1747908236636.781,-245,-33,-40
1747908236675.594,215727,1747908236656.625,-235,-7,-36
1747908236695.406,215692,1747908236676.5,-229,-14,-33
1747908236715.25,215771,1747908236696.344,-197,-16,-32
1747908236735.094,215934,1747908236716.156,-199,-10,-24
1747908236754.969,216151,1747908236736.031,-177,-10,-22
1747908236774.781,216321,1747908236755.906,-177,-8,-17
1747908236794.625,216475,1747908236775.719,-138,-3,-17
1747908236814.469,216598,1747908236795.563,-132,1,-32
1747908236834.344,216707,1747908236815.375,-140,0,-58
1747908236854.156,216769,1747908236835.25,-121,7,-81
1747908236874.0,216775,1747908236855.094,-92,7,-76
1747908236893.844,216758,1747908236874.937,-75,12,-84
1747908236913.687,216709,1747908236894.75,-66,17,-102
1747908236933.531,216677,1747908236914.625,-53,24,-113
1747908236953.344,216621,1747908236934.438,-54,16,-127
1747908236973.25,216609,1747908236954.312,-31,14,-141
1747908236993.062,216800,1747908236974.188,-39,15,-128
1747908237012.906,217376,1747908236993.969,-29,16,-153
1747908237032.75,217821,1747908237013.844,-29,24,-161
1747908237052.563,217805,1747908237033.6558,-49,24,-157
1747908237072.437,217616,1747908237053.469,-73,24,-159
1747908237092.406,217389,1747908237073.344,-95,15,-161
1747908237112.094,217229,1747908237093.188,-100,3,-153
1747908237131.969,217128,1747908237113.063,-97,2,-141
1747908237151.813,217071,1747908237132.844,-104,3,-113
1747908237171.656,217051,1747908237152.719,-112,-5,-80
1747908237191.469,217069,1747908237172.563,-122,-4,-68
1747908237211.313,217090,1747908237192.438,-117,-17,-49
1747908237231.156,217157,1747908237212.219,-136,-13,-28
1747908237251.031,217274,1747908237232.094,-160,-9,-17
1747908237270.812,217431,1747908237251.937,-180,-15,-4
1747908237290.687,217600,1747908237271.75,-177,0,10
1747908237310.5,217742,1747908237291.594,-159,11,15
1747908237330.375,217832,1747908237311.406,-152,8,3
1747908237350.188,217784,1747908237331.281,-168,8,3
1747908237370.0,217734,1747908237351.094,-177,-2,11
1747908237389.875,217710,1747908237370.969,-180,-4,14
1747908237409.719,217729,1747908237390.781,-208,-16,30
1747908237429.563,217826,1747908237410.625,-237,-29,42
1747908237449.375,218003,1747908237430.469,-257,-49,54
1747908237469.219,218187,1747908237450.344,-259,-53,32
1747908237489.031,218408,1747908237470.125,-263,-52,22
1747908237508.875,218619,1747908237489.969,-263,-39,0
1747908237528.688,218833,1747908237509.7808,-237,-28,-2
1747908237548.531,219021,1747908237529.656,-217,-12,-16
1747908237568.406,219168,1747908237549.469,-185,8,-17
1747908237588.25,219256,1747908237569.313,-173,7,-22
1747908237608.063,219364,1747908237589.156,-133,7,-14
1747908237627.906,219365,1747908237609.0,-120,12,-12
1747908237647.75,219388,1747908237628.812,-102,8,-25
1747908237667.594,219408,1747908237648.656,-89,14,-26
1747908237687.437,219509,1747908237668.5,-98,15,-31
1747908237707.25,219636,1747908237688.375,-104,19,-49
1747908237727.125,219754,1747908237708.188,-96,24,-93
1747908237746.969,219877,1747908237728.031,-104,25,-105
1747908237766.812,219953,1747908237747.875,-100,21,-121
1747908237786.656,220013,1747908237767.719,-74,28,-129
1747908237806.5,219973,1747908237787.594,-58,28,-137
1747908237826.375,219801,1747908237807.437,-50,30,-153
1747908237846.219,219547,1747908237827.25,-36,35,-153
1747908237866.062,219299,1747908237847.156,-40,35,-161
1747908237885.906,219038,1747908237866.969,-47,25,-160
1747908237905.75,218810,1747908237886.813,-45,20,-154
1747908237925.594,218608,1747908237906.656,-74,20,-145
1747908237945.437,218491,1747908237926.531,-84,14,-138
1747908237965.281,218471,1747908237946.406,-87,26,-126
1747908237985.156,218435,1747908237966.219,-87,15,-123
1747908238005.0,218361,1747908237986.094,-49,14,-114
1747908238024.844,218140,1747908238005.937,-84,14,-105
1747908238044.719,217867,1747908238025.781,-78,12,-103
1747908238064.531,217728,1747908238045.594,-111,0,-93
1747908238084.469,217704,1747908238065.469,-117,-8,-63
1747908238104.219,217915,1747908238085.344,-125,-8,-32
1747908238124.094,218281,1747908238105.187,-144,-24,-34
1747908238143.937,218585,1747908238125.0,-148,-13,-32
1747908238163.781,219048,1747908238144.875,-161,-8,-33
1747908238183.625,219528,1747908238164.719,-205,-20,-30
1747908238203.5,219866,1747908238184.562,-215,-20,-22
1747908238223.344,220091,1747908238204.406,-241,-25,-17
1747908238243.219,220227,1747908238224.25,-269,-31,-31
1747908238263.031,220299,1747908238244.125,-276,-32,-33
1747908238282.906,220359,1747908238264.0,-266,-17,-37
1747908238302.75,220446,1747908238283.844,-241,9,-39
1747908238322.625,220520,1747908238303.656,-209,14,-32
1747908238342.469,220476,1747908238323.563,-153,14,-26
1747908238362.313,220505,1747908238343.406,-170,15,-32
1747908238382.187,220512,1747908238363.25,-153,6,-50
1747908238402.031,220623,1747908238383.094,-149,10,-58
1747908238421.875,220721,1747908238402.969,-130,7,-64
1747908238441.75,220764,1747908238422.844,-117,2,-82
1747908238461.594,220821,1747908238442.687,-104,-9,-80
1747908238481.469,220872,1747908238462.5,-96,3,-93
1747908238501.312,220970,1747908238482.406,-95,7,-98
1747908238521.156,221089,1747908238502.25,-89,4,-111
1747908238541.0,221230,1747908238522.094,-77,7,-113
1747908238560.875,221382,1747908238541.906,-72,9,-117
1747908238580.719,221509,1747908238561.75,-66,16,-112
1747908238600.563,221801,1747908238581.656,-72,15,-128
1747908238620.438,222160,1747908238601.531,-64,24,-128
1747908238640.312,222394,1747908238621.344,-33,23,-137
1747908238660.156,222636,1747908238641.219,-20,23,-138
1747908238680.0,222909,1747908238661.063,-12,20,-144
1747908238699.844,223197,1747908238680.938,-16,35,-160
1747908238719.688,223397,1747908238700.781,-5,44,-180
1747908238739.562,223501,1747908238720.625,-5,48,-169
1747908238759.406,223497,1747908238740.469,-18,40,-164
1747908238779.281,223503,1747908238760.344,-45,27,-138
1747908238799.094,223648,1747908238780.156,-68,3,-120
1747908238818.969,223896,1747908238800.0,-80,12,-121
1747908238838.75,224121,1747908238819.875,-77,12,-113
1747908238858.625,224310,1747908238839.719,-105,8,-105
1747908238878.469,224492,1747908238859.5632,-109,-4,-89
1747908238898.313,224772,1747908238879.375,-141,-6,-73
1747908238918.125,225112,1747908238899.25,-156,-18,-63
1747908238938.0,225285,1747908238919.094,-149,-23,-49
1747908238957.844,225253,1747908238938.906,-148,-13,-34
1747908238977.688,225175,1747908238958.719,-141,-2,-32
1747908238997.563,225197,1747908238978.563,-153,-13,-29
1747908239017.344,225194,1747908238998.531,-176,-10,-18
1747908239037.219,225111,1747908239018.25,-180,-21,-16
1747908239057.062,224897,1747908239038.156,-204,-29,-42
1747908239076.875,224636,1747908239058.0,-253,-15,-64
1747908239096.75,224465,1747908239077.812,-242,-20,-77
1747908239116.594,224326,1747908239097.656,-241,-13,-62
1747908239136.437,224243,1747908239117.5,-225,-16,-65
1747908239156.281,224153,1747908239137.344,-210,-20,-49
1747908239176.094,223993,1747908239157.219,-217,-18,-61
1747908239195.969,223858,1747908239177.031,-200,-16,-61
1747908239215.844,223789,1747908239196.875,-189,-20,-51
1747908239235.656,223739,1747908239216.75,-166,-10,-49
1747908239255.5,223709,1747908239236.594,-132,-7,-40
1747908239275.375,223736,1747908239256.469,-117,-4,-34
1747908239295.219,223782,1747908239276.281,-109,-4,-51
1747908239315.094,223849,1747908239296.125,-100,17,-64
1747908239334.906,224019,1747908239316.0,-84,11,-64
1747908239354.75,224215,1747908239335.813,-72,16,-77
1747908239374.625,224382,1747908239355.656,-57,19,-100
1747908239394.5,224536,1747908239375.5,-63,20,-112
1747908239414.281,224659,1747908239395.375,-63,17,-125
1747908239434.156,224757,1747908239415.25,-50,20,-120
1747908239454.0,224810,1747908239435.063,-44,15,-138
1747908239473.844,224805,1747908239454.906,-46,12,-161
1747908239493.687,224768,1747908239474.781,-52,23,-148
1747908239513.5,224645,1747908239494.625,-71,8,-145
1747908239533.375,224492,1747908239514.438,-77,7,-157
1747908239553.25,224349,1747908239534.25,-87,7,-160
1747908239573.031,224214,1747908239554.156,-97,7,-157
1747908239592.875,224040,1747908239574.0,-104,3,-150
1747908239612.813,223854,1747908239593.781,-93,4,-138
1747908239632.594,223593,1747908239613.656,-93,0,-129
1747908239652.438,223264,1747908239633.531,-97,7,-118
1747908239672.281,222786,1747908239653.344,-89,7,-112
1747908239692.125,222302,1747908239673.219,-98,14,-103
1747908239712.0,221932,1747908239693.031,-93,21,-80
1747908239731.906,221756,1747908239712.9058,-113,6,-61
1747908239751.656,221889,1747908239732.75,-124,3,-52
1747908239771.5,222195,1747908239752.594,-136,6,-41
1747908239791.344,222382,1747908239772.438,-124,1,-33
1747908239811.188,222375,1747908239792.25,-136,9,-16
1747908239831.031,222288,1747908239812.125,-141,16,-17
1747908239850.875,222331,1747908239831.969,-146,32,-25
1747908239870.75,222479,1747908239851.781,-169,3,-13
1747908239890.625,222537,1747908239871.656,-168,-7,11
1747908239910.406,222488,1747908239891.5,-176,-13,-9
1747908239930.281,222396,1747908239911.344,-196,-20,-17
1747908239950.25,222463,1747908239931.219,-231,-33,-14
1747908239969.969,222652,1747908239951.156,-247,-45,-17
1747908239989.813,222904,1747908239970.906,-247,-49,-18
1747908240009.656,223126,1747908239990.781,-242,-41,-22
1747908240029.531,223317,1747908240010.562,-243,-44,-21
1747908240049.375,223462,1747908240030.437,-228,-31,-18
1747908240069.187,223633,1747908240050.281,-225,-29,-25
1747908240089.063,223721,1747908240070.125,-200,-16,-25
1747908240108.906,223779,1747908240089.969,-177,3,-33
1747908240128.75,223877,1747908240109.812,-146,10,-45
1747908240148.562,223920,1747908240129.625,-122,8,-48
1747908240168.437,224042,1747908240149.5,-111,10,-64
1747908240188.281,224004,1747908240169.344,-112,7,-61
1747908240208.125,223995,1747908240189.188,-103,0,-57
1747908240227.937,223919,1747908240209.031,-101,3,-64
1747908240247.781,223940,1747908240228.875,-93,15,-74
1747908240267.656,224033,1747908240248.719,-93,16,-81
1747908240287.469,224176,1747908240268.531,-109,22,-89
1747908240307.313,224333,1747908240288.375,-97,28,-101
1747908240327.156,224524,1747908240308.25,-76,22,-112
1747908240346.969,224726,1747908240328.125,-60,19,-127
1747908240366.844,224900,1747908240347.906,-42,12,-142
1747908240386.75,224983,1747908240367.75,-36,17,-162
1747908240406.469,225049,1747908240387.687,-36,16,-160
1747908240426.344,225065,1747908240407.437,-31,19,-153
1747908240446.187,224985,1747908240427.313,-40,19,-168
1747908240466.0,224927,1747908240447.094,-49,19,-169
1747908240485.844,224861,1747908240466.938,-52,14,-169
1747908240505.688,224749,1747908240486.7808,-76,14,-148
1747908240525.531,224640,1747908240506.625,-67,15,-145
1747908240545.406,224468,1747908240526.437,-68,-1,-126
1747908240565.219,224242,1747908240546.281,-71,7,-121
1747908240585.063,223990,1747908240566.156,-77,7,-105
1747908240604.938,223838,1747908240585.969,-82,19,-98
1747908240624.8118,223739,1747908240605.844,-105,4,-79
1747908240644.594,223646,1747908240625.719,-111,7,-64
1747908240664.438,223464,1747908240645.563,-96,10,-56
1747908240684.313,223400,1747908240665.344,-116,4,-57
1747908240704.156,223710,1747908240685.219,-165,19,-52
1747908240723.969,224164,1747908240705.062,-172,-25,-39
1747908240743.812,224397,1747908240724.906,-174,-16,-30
1747908240763.656,224335,1747908240744.781,-160,-17,-32
1747908240783.531,224095,1747908240764.563,-169,1,-45
1747908240803.375,223905,1747908240784.437,-177,-8,-31
1747908240823.187,223891,1747908240804.281,-216,-34,-20
1747908240843.062,223894,1747908240824.156,-244,-33,-4
1747908240862.906,223912,1747908240843.969,-257,-33,-9
1747908240882.75,223962,1747908240863.812,-239,-36,-28
1747908240902.594,224052,1747908240883.656,-237,-20,-32
1747908240922.437,224096,1747908240903.531,-234,-12,-25
1747908240942.313,224246,1747908240923.375,-208,-2,-33
1747908240962.125,224403,1747908240943.219,-196,-2,-33
1747908240981.938,224571,1747908240963.062,-186,0,-30
1747908241001.812,224803,1747908240982.844,-163,-4,-45
1747908241021.625,225035,1747908241002.719,-144,-4,-49
1747908241041.469,225264,1747908241022.531,-128,0,-51
1747908241061.313,225496,1747908241042.375,-109,-4,-57
1747908241081.187,225735,1747908241062.25,-97,3,-52
1747908241101.031,225954,1747908241082.094,-97,0,-95
1747908241120.906,226220,1747908241101.938,-100,3,-96
1747908241140.719,226477,1747908241121.813,-89,3,-105
1747908241160.625,226716,1747908241141.656,-74,6,-106
1747908241180.469,226908,1747908241161.531,-61,12,-113
1747908241200.344,227061,1747908241181.375,-64,19,-141
1747908241220.188,227232,1747908241201.25,-52,16,-149
1747908241240.031,227337,1747908241221.125,-39,24,-150
1747908241259.875,227336,1747908241240.969,-16,24,-158
1747908241279.719,227235,1747908241260.781,-10,43,-153
1747908241299.594,227140,1747908241280.656,-8,31,-153
1747908241319.438,227045,1747908241300.531,-9,21,-148
1747908241339.313,226911,1747908241320.312,-13,28,-152
1747908241359.156,226748,1747908241340.219,-32,30,-166
1747908241379.0,226601,1747908241360.063,-49,19,-169
1747908241398.875,226534,1747908241379.938,-60,16,-157
1747908241418.719,226554,1747908241399.781,-68,15,-148
1747908241438.594,226633,1747908241419.625,-66,3,-136
1747908241458.437,226685,1747908241439.531,-79,3,-128
1747908241478.281,226747,1747908241459.375,-85,7,-124
1747908241498.125,226809,1747908241479.188,-98,6,-112
1747908241518.0,226785,1747908241499.062,-112,-5,-101
1747908241537.812,226707,1747908241518.906,-117,1,-82
1747908241557.719,226544,1747908241538.781,-121,4,-61
1747908241577.594,226353,1747908241558.625,-125,8,-41
1747908241597.438,226158,1747908241578.5,-141,7,-24
1747908241617.312,225907,1747908241598.375,-144,-1,-20
1747908241637.219,225714,1747908241618.25,-164,-12,-18
1747908241657.094,225517,1747908241638.125,-194,-12,-17
1747908241676.938,225393,1747908241657.906,-203,-16,-16
1747908241696.719,225270,1747908241677.844,-226,-16,-26
1747908241716.594,225216,1747908241697.687,-225,-16,-29
1747908241736.531,225140,1747908241717.531,-232,-2,-20
1747908241756.344,225092,1747908241737.437,-234,3,-18
1747908241776.187,225062,1747908241757.25,-212,19,-33
1747908241796.031,225029,1747908241777.094,-207,0,-42
1747908241815.906,225045,1747908241796.938,-205,-4,-34
1747908241835.781,225083,1747908241816.813,-193,-2,-25
1747908241855.594,225098,1747908241836.656,-184,-2,-26
1747908241875.469,225129,1747908241856.531,-168,-2,-37
1747908241895.344,225168,1747908241876.375,-162,3,-41
1747908241915.188,225234,1747908241896.25,-143,-2,-49
1747908241935.031,225306,1747908241916.125,-135,3,-53
1747908241954.906,225332,1747908241935.969,-122,-7,-64
1747908241974.875,225291,1747908241955.812,-111,-4,-74
1747908241994.656,225160,1747908241975.813,-111,0,-81
1747908242014.469,225045,1747908241995.563,-90,4,-64
1747908242034.375,224979,1747908242015.4368,-71,7,-89
1747908242054.219,224944,1747908242035.312,-81,3,-113
1747908242074.094,224942,1747908242055.125,-61,7,-137
1747908242094.0,224997,1747908242075.0,-41,9,-145
1747908242113.781,225081,1747908242094.875,-48,15,-160
1747908242133.656,225138,1747908242114.656,-31,25,-173
1747908242153.531,225194,1747908242134.594,-33,24,-177
1747908242173.344,225225,1747908242154.438,-25,32,-193
1747908242193.25,225192,1747908242174.312,-33,31,-170
1747908242213.094,225106,1747908242194.125,-49,19,-160
1747908242232.969,224902,1747908242214.0,-57,13,-160
1747908242252.813,224711,1747908242233.875,-65,6,-148
1747908242272.656,224561,1747908242253.719,-73,-8,-128
1747908242292.531,224366,1747908242273.562,-61,-7,-117
1747908242312.406,224072,1747908242293.469,-69,5,-106
1747908242332.219,223749,1747908242313.313,-73,16,-89
1747908242352.094,223423,1747908242333.125,-87,14,-79
1747908242372.0,223174,1747908242353.0,-113,1,-64
1747908242391.844,222955,1747908242372.937,-132,3,-58
1747908242411.656,222812,1747908242392.719,-132,8,-44
1747908242431.531,222688,1747908242412.594,-153,3,-45
1747908242451.375,222639,1747908242432.437,-173,15,-41
1747908242471.25,222589,1747908242452.312,-165,4,-41
1747908242491.156,222535,1747908242472.156,-186,-13,-49
1747908242510.938,222503,1747908242492.0,-200,-33,-24
1747908242530.813,222541,1747908242511.813,-228,-42,-32
1747908242550.656,222663,1747908242531.719,-245,-36,-34
1747908242570.469,222812,1747908242551.562,-236,-25,-49
1747908242590.344,222913,1747908242571.406,-215,-8,-49
1747908242610.156,222932,1747908242591.25,-205,14,-49
1747908242630.031,222924,1747908242611.094,-200,22,-42
1747908242649.906,222916,1747908242630.937,-193,22,-32
1747908242669.719,222975,1747908242650.844,-177,19,-33
1747908242689.594,223054,1747908242670.625,-162,19,-32
1747908242709.5,223130,1747908242690.5,-148,17,-49
1747908242729.25,223180,1747908242710.406,-144,15,-63
1747908242749.125,223274,1747908242730.219,-125,14,-56
1747908242768.969,223460,1747908242750.063,-134,3,-64
1747908242788.844,223700,1747908242769.906,-133,11,-90
1747908242808.688,223975,1747908242789.719,-105,7,-85
1747908242828.562,224259,1747908242809.656,-93,6,-97
1747908242848.375,224517,1747908242829.437,-84,1,-95
1747908242868.25,224710,1747908242849.281,-74,14,-117
1747908242888.063,224809,1747908242869.1558,-72,22,-128
1747908242907.906,224865,1747908242889.0,-72,11,-145
1747908242927.812,224869,1747908242908.844,-56,14,-145
1747908242947.656,224783,1747908242928.719,-45,22,-136
1747908242967.469,224630,1747908242948.563,-50,23,-154
1747908242987.344,224382,1747908242968.437,-31,23,-161
1747908243007.187,224044,1747908242988.281,-25,24,-157
1747908243027.062,223701,1747908243008.094,-32,22,-156
1747908243046.906,223366,1747908243027.969,-37,15,-165
1747908243066.719,223051,1747908243047.844,-44,7,-160
1747908243086.594,222813,1747908243067.687,-53,-2,-157
1747908243106.469,222674,1747908243087.5,-64,-4,-145
1747908243126.281,222683,1747908243107.375,-67,-8,-140
1747908243146.125,222737,1747908243127.219,-74,6,-126
1747908243166.0,222885,1747908243147.063,-71,9,-115
1747908243185.844,222943,1747908243166.906,-94,15,-95
1747908243205.687,222999,1747908243186.812,-104,25,-82
1747908243225.531,223077,1747908243206.594,-100,25,-64
1747908243245.375,223054,1747908243226.469,-116,19,-64
1747908243265.25,223004,1747908243246.312,-120,13,-53
1747908243285.094,222988,1747908243266.187,-137,11,-50
1747908243304.9368,222933,1747908243286.031,-138,4,-42
1747908243324.781,222838,1747908243305.875,-164,6,-41
1747908243344.625,222746,1747908243325.688,-176,-2,-41
1747908243364.5,222638,1747908243345.531,-182,-4,-43
1747908243384.312,222558,1747908243365.406,-186,-8,-49
1747908243404.187,222460,1747908243385.375,-197,-22,-49
1747908243424.031,222403,1747908243405.063,-226,-36,-40
1747908243443.906,222417,1747908243424.937,-244,-39,-57
1747908243463.687,222502,1747908243444.812,-241,-16,-64
1747908243483.562,222578,1747908243464.656,-233,-28,-64
1747908243503.5,222649,1747908243484.5,-207,-17,-64
1747908243523.281,222677,1747908243504.344,-200,-25,-43
1747908243543.125,222733,1747908243524.25,-180,-16,-52
1747908243562.937,222731,1747908243544.062,-172,-17,-52
1747908243582.812,222703,1747908243563.844,-167,-9,-64
1747908243602.656,222672,1747908243583.719,-137,-8,-73
1747908243622.5,222658,1747908243603.594,-124,-4,-64
1747908243642.344,222734,1747908243623.437,-109,0,-52
1747908243662.219,222869,1747908243643.25,-77,7,-41
1747908243682.062,222995,1747908243663.125,-55,20,-49
1747908243701.875,223122,1747908243682.938,-57,22,-64
1747908243721.75,223244,1747908243702.844,-81,15,-106
1747908243741.625,223467,1747908243722.687,-75,14,-128
1747908243761.469,223867,1747908243742.5,-49,17,-136
1747908243781.281,224159,1747908243762.406,-37,27,-161
1747908243801.156,224322,1747908243782.25,-20,40,-170
1747908243821.0,224394,1747908243802.062,-17,29,-182
1747908243840.937,224390,1747908243821.906,-21,32,-192
1747908243860.656,224316,1747908243841.781,-13,23,-178
1747908243880.531,224144,1747908243861.625,-19,23,-169
1747908243900.375,223968,1747908243881.469,-40,23,-158
1747908243920.25,223865,1747908243901.281,-40,19,-160
1747908243940.094,223841,1747908243921.156,-57,14,-148
1747908243959.906,223917,1747908243941.0,-57,12,-145
1747908243979.781,224044,1747908243960.875,-47,7,-128
1747908243999.656,224164,1747908243980.687,-49,13,-117
1747908244019.469,224260,1747908244000.562,-58,16,-113
1747908244039.3118,224293,1747908244020.375,-77,14,-117
1747908244059.25,224304,1747908244040.25,-89,19,-116
1747908244079.031,224379,1747908244060.187,-90,17,-125
1747908244098.875,224438,1747908244079.937,-109,14,-152
1747908244118.687,224505,1747908244099.781,-124,4,-145
1747908244138.562,224678,1747908244119.625,-153,-1,-84
1747908244158.406,224751,1747908244139.469,-160,-16,-41
1747908244178.313,224804,1747908244159.312,-135,10,-26
1747908244198.125,224867,1747908244179.156,-100,19,-16
1747908244217.969,224923,1747908244199.063,-89,12,-57
1747908244237.813,224914,1747908244218.875,-121,-8,-74
1747908244257.688,224879,1747908244238.719,-164,-16,-89
1747908244277.531,224745,1747908244258.594,-180,-23,-82
1747908244297.375,224648,1747908244278.469,-221,-29,-97
1747908244317.219,224663,1747908244298.313,-212,-32,-94
1747908244337.094,224686,1747908244318.125,-213,-31,-89
1747908244356.906,224752,1747908244338.0,-212,-23,-96
1747908244376.781,224819,1747908244357.844,-209,-16,-105
1747908244396.687,224934,1747908244377.719,-205,-20,-89
1747908244416.5,225046,1747908244397.594,-185,-18,-64
1747908244436.344,225124,1747908244417.406,-177,-18,-64
1747908244456.187,225186,1747908244437.281,-157,-13,-58
1747908244476.031,225223,1747908244457.094,-149,-16,-61
1747908244495.875,225228,1747908244476.938,-133,-18,-72
1747908244515.75,225308,1747908244496.781,-127,-13,-64
1747908244535.563,225419,1747908244516.625,-100,-15,-68
1747908244555.437,225489,1747908244536.469,-85,-7,-113
1747908244575.25,225574,1747908244556.344,-69,11,-122
1747908244595.094,225661,1747908244576.156,-60,3,-128
1747908244614.969,225790,1747908244596.063,-47,3,-121
1747908244634.813,225979,1747908244615.875,-23,12,-148
1747908244654.656,226285,1747908244635.812,-8,12,-162
1747908244674.5,226609,1747908244655.562,7,23,-170
1747908244694.344,226845,1747908244675.438,25,36,-178
1747908244714.188,227019,1747908244695.281,41,39,-172
1747908244734.094,227109,1747908244715.125,38,39,-161
1747908244753.906,227169,1747908244735.0,24,39,-160
1747908244773.75,227161,1747908244754.844,17,40,-168
1747908244793.625,227057,1747908244774.688,11,31,-157
1747908244813.469,226941,1747908244794.531,-33,38,-162
1747908244833.344,226818,1747908244814.375,-32,12,-160
1747908244853.187,226659,1747908244834.281,-64,6,-160
1747908244873.0,226523,1747908244854.094,-61,-9,-145
1747908244892.875,226389,1747908244873.906,-72,-8,-153
1747908244912.719,226211,1747908244893.75,-88,-9,-121
1747908244932.562,226073,1747908244913.625,-104,-25,-113
1747908244952.406,226032,1747908244933.5,-114,-26,-89
1747908244972.281,226089,1747908244953.344,-117,-26,-86
1747908244992.156,226253,1747908244973.219,-111,-12,-72
1747908245011.969,226442,1747908244993.062,-118,7,-64
1747908245031.844,226616,1747908245012.938,-103,12,-58
1747908245051.688,226931,1747908245032.75,-135,2,-49
1747908245071.563,227229,1747908245052.594,-146,-8,-45
1747908245091.375,227428,1747908245072.469,-160,-16,-38
1747908245111.219,227541,1747908245092.312,-192,-15,-56
1747908245131.094,227678,1747908245112.125,-208,-20,-81
1747908245150.938,227873,1747908245132.0,-241,-36,-97
1747908245170.781,228110,1747908245151.844,-269,-56,-96
1747908245190.687,228254,1747908245171.719,-246,-45,-86
1747908245210.469,228288,1747908245191.562,-212,-37,-69
1747908245230.344,228213,1747908245211.469,-178,-20,-77
1747908245250.1882,228095,1747908245231.25,-164,-1,-64
1747908245270.031,227976,1747908245251.125,-162,3,-66
1747908245289.875,227799,1747908245270.969,-164,-7,-64
1747908245309.719,227587,1747908245290.781,-141,-10,-64
1747908245329.531,227410,1747908245310.625,-126,-4,-79
1747908245349.375,227293,1747908245330.5,-113,-13,-84
1747908245369.219,227234,1747908245350.281,-103,0,-84
1747908245389.094,227214,1747908245370.156,-90,5,-88
1747908245408.937,227291,1747908245390.0,-88,4,-89
1747908245428.75,227412,1747908245409.875,-80,8,-89
1747908245448.594,227593,1747908245429.688,-56,15,-80
1747908245468.437,227801,1747908245449.5,-52,16,-89
1747908245488.281,228008,1747908245469.344,-39,23,-128
1747908245508.125,228143,1747908245489.219,-25,24,-154
1747908245528.0,228316,1747908245509.063,-29,17,-201
1747908245547.844,228469,1747908245528.906,-12,8,-222
1747908245567.687,228489,1747908245548.75,15,17,-224
1747908245587.531,228411,1747908245568.625,27,25,-209
1747908245607.406,228295,1747908245588.469,14,22,-188
1747908245627.281,228198,1747908245608.313,-10,16,-160
1747908245647.125,228109,1747908245628.156,-25,7,-159
1747908245666.937,228057,1747908245648.094,-45,7,-157
1747908245686.812,227968,1747908245667.875,-60,4,-153
1747908245706.625,227855,1747908245687.75,-61,6,-148
1747908245726.5,227773,1747908245707.562,-50,19,-116
1747908245746.437,227679,1747908245727.437,-60,19,-96
1747908245766.187,227622,1747908245747.375,-55,25,-94
1747908245786.063,227535,1747908245767.094,-67,25,-80
1747908245805.906,227475,1747908245786.969,-82,30,-89
1747908245825.7192,227364,1747908245806.844,-97,47,-89
1747908245845.594,227240,1747908245826.687,-109,24,-81
1747908245865.437,227066,1747908245846.531,-123,22,-63
1747908245885.281,226729,1747908245866.344,-130,16,-65
1747908245905.125,226292,1747908245886.188,-153,12,-62
1747908245924.969,225963,1747908245906.0618,-192,-13,-63
1747908245944.844,225788,1747908245925.875,-212,-39,-64
1747908245964.719,225753,1747908245945.719,-220,-36,-48
1747908245984.531,225705,1747908245965.625,-212,-20,-49
1747908246004.406,225686,1747908245985.469,-200,-13,-51
1747908246024.25,225695,1747908246005.312,-204,-6,-57
1747908246044.094,225704,1747908246025.125,-207,-5,-61
1747908246063.906,225766,1747908246045.0,-216,3,-64
1747908246083.813,225857,1747908246064.875,-209,3,-64
1747908246103.656,225970,1747908246084.656,-185,3,-68
1747908246123.5,226055,1747908246104.562,-177,3,-72
1747908246143.312,226146,1747908246124.438,-176,3,-72
1747908246163.156,226230,1747908246144.25,-147,3,-89
1747908246183.031,226315,1747908246164.094,-133,-4,-97
1747908246202.875,226417,1747908246183.937,-128,8,-93
1747908246222.687,226509,1747908246203.781,-112,0,-97
1747908246242.531,226584,1747908246223.594,-104,-2,-93
1747908246262.375,226663,1747908246243.469,-98,3,-98
1747908246282.25,226789,1747908246263.281,-84,7,-105
1747908246302.094,226990,1747908246283.125,-80,12,-93
1747908246321.937,227307,1747908246303.031,-82,12,-94
1747908246341.813,227676,1747908246322.875,-71,19,-105
1747908246361.688,227950,1747908246342.719,-65,20,-121
1747908246381.5,228176,1747908246362.594,-57,24,-146
1747908246401.344,228409,1747908246382.437,-42,24,-166
1747908246421.187,228648,1747908246402.313,-4,17,-169
1747908246441.031,228782,1747908246422.125,25,26,-177
1747908246460.906,228725,1747908246441.937,35,39,-176
1747908246480.719,228571,1747908246461.844,32,31,-177
1747908246500.594,228373,1747908246481.688,15,15,-164
1747908246520.438,228072,1747908246501.5,-8,22,-172
1747908246540.313,227781,1747908246521.375,-32,9,-177
1747908246560.156,227424,1747908246541.219,-45,7,-164
1747908246580.0,226985,1747908246561.094,-44,19,-156
1747908246599.844,226583,1747908246580.938,-56,12,-138
1747908246619.719,226257,1747908246600.75,-68,28,-120
1747908246639.531,226018,1747908246620.656,-61,28,-109
1747908246659.406,225816,1747908246640.5,-71,24,-103
1747908246679.281,225606,1747908246660.375,-109,15,-100
1747908246699.125,225453,1747908246680.188,-133,5,-100
1747908246718.9382,225363,1747908246700.031,-136,3,-78
1747908246738.781,225271,1747908246719.875,-132,15,-50
1747908246758.656,225253,1747908246739.687,-127,15,-37
1747908246778.5,225196,1747908246759.563,-89,23,-49
1747908246798.344,225098,1747908246779.406,-108,19,-48
1747908246818.188,224954,1747908246799.25,-133,7,-57
1747908246838.031,224760,1747908246819.094,-177,-25,-57
1747908246857.906,224559,1747908246838.937,-191,-39,-64
1747908246877.719,224303,1747908246858.844,-226,-61,-90
1747908246897.594,224050,1747908246878.688,-245,-89,-111
1747908246917.469,223834,1747908246898.531,-244,-68,-97
1747908246937.344,223629,1747908246918.375,-227,-42,-89
1747908246957.187,223480,1747908246938.25,-210,-25,-64
1747908246977.063,223340,1747908246958.125,-197,-8,-49
1747908246996.906,223201,1747908246978.0,-193,-5,-38
1747908247016.812,223067,1747908246997.812,-180,-2,-49
1747908247036.625,223002,1747908247017.719,-168,-2,-50
1747908247056.469,223025,1747908247037.563,-153,-4,-64
1747908247076.344,223075,1747908247057.375,-136,-4,-64
1747908247096.219,223178,1747908247077.219,-121,-2,-75
1747908247116.031,223267,1747908247097.125,-95,3,-73
1747908247135.906,223370,1747908247116.969,-88,-4,-80
1747908247155.719,223499,1747908247136.813,-82,2,-90
1747908247175.594,223691,1747908247156.625,-81,20,-96
1747908247195.406,223849,1747908247176.5,-72,4,-97
1747908247215.281,223972,1747908247196.312,-57,15,-121
1747908247235.094,224072,1747908247216.156,-52,23,-119
1747908247254.969,224185,1747908247236.094,-57,22,-128
1747908247274.75,224301,1747908247255.875,-36,14,-145
1747908247294.625,224386,1747908247275.719,-29,15,-185
1747908247314.5,224442,1747908247295.563,-18,14,-201
1747908247334.344,224445,1747908247315.406,-15,18,-209
1747908247354.188,224425,1747908247335.25,-24,22,-185
1747908247374.031,224368,1747908247355.125,-29,20,-180
1747908247393.875,224280,1747908247375.0,-40,22,-169
1747908247413.75,224168,1747908247394.781,-34,16,-159
1747908247433.594,224014,1747908247414.625,-42,16,-153
1747908247453.406,223786,1747908247434.531,-32,16,-145
1747908247473.281,223542,1747908247454.312,-49,12,-130
1747908247493.156,223325,1747908247474.156,-50,17,-115
1747908247512.969,223177,1747908247494.063,-61,44,-113
1747908247532.813,222979,1747908247513.875,-68,19,-113
1747908247552.781,222736,1747908247533.781,-79,20,-96
1747908247572.531,222400,1747908247553.594,-90,15,-64
1747908247592.406,222094,1747908247573.438,-89,29,-78
1747908247612.219,221773,1747908247593.344,-108,20,-78
1747908247632.094,221450,1747908247613.125,-133,5,-64
1747908247651.937,221103,1747908247633.0,-125,-4,-50
1747908247671.781,220741,1747908247652.844,-127,4,-40
1747908247691.625,220394,1747908247672.75,-136,3,-49
1747908247711.5,220069,1747908247692.563,-152,-4,-64
1747908247731.344,219746,1747908247712.375,-164,-10,-57
1747908247751.187,219448,1747908247732.25,-171,-21,-49
1747908247771.031,219204,1747908247752.125,-185,-32,-42
1747908247790.906,219010,1747908247772.0,-205,-37,-50
1747908247810.75,218840,1747908247791.812,-244,-53,-64
1747908247830.625,218744,1747908247811.656,-253,-60,-84
1747908247850.437,218651,1747908247831.5,-257,-40,-95
1747908247870.281,218553,1747908247851.375,-225,-49,-89
1747908247890.25,218438,1747908247871.188,-196,-36,-85
1747908247910.0,218350,1747908247891.062,-180,-34,-72
1747908247929.844,218259,1747908247910.906,-184,-32,-73
1747908247949.687,218171,1747908247930.781,-177,-32,-64
1747908247969.531,218148,1747908247950.625,-154,-20,-69
1747908247989.406,218137,1747908247970.469,-118,-13,-64
1747908248009.219,218149,1747908247990.312,-99,0,-64
1747908248029.094,218230,1747908248010.187,-95,8,-64
1747908248048.969,218305,1747908248029.969,-81,12,-81
1747908248068.781,218380,1747908248049.844,-63,12,-81
1747908248088.625,218476,1747908248069.687,-64,15,-81
1747908248108.531,218610,1747908248089.562,-40,23,-82
1747908248128.312,218738,1747908248109.438,-32,23,-109
1747908248148.1882,218906,1747908248129.219,-45,33,-135
1747908248168.0,219055,1747908248149.094,-45,36,-150
1747908248187.875,219209,1747908248168.937,-41,47,-160
1747908248207.719,219314,1747908248188.781,-36,38,-165
1747908248227.625,219329,1747908248208.656,-23,39,-192
1747908248247.406,219267,1747908248228.5308,-18,35,-189
1747908248267.281,219190,1747908248248.344,-23,31,-192
1747908248287.125,219094,1747908248268.219,-32,19,-186
1747908248307.0,219017,1747908248288.031,-29,12,-185
1747908248326.813,218871,1747908248307.906,-32,14,-162
1747908248346.656,218732,1747908248327.75,-33,9,-153
1747908248366.531,218553,1747908248347.594,-45,7,-125
1747908248386.375,218334,1747908248367.469,-39,14,-121
1747908248406.219,218125,1747908248387.281,-65,11,-121
1747908248426.063,217948,1747908248407.125,-69,8,-113
1747908248445.938,217757,1747908248427.0,-88,8,-105
1747908248465.75,217548,1747908248446.844,-79,11,-96
1747908248485.594,217318,1747908248466.656,-89,17,-80
1747908248505.406,217056,1747908248486.5,-95,20,-73
1747908248525.25,216762,1747908248506.313,-113,47,-64
1747908248545.125,216452,1747908248526.156,-117,13,-64
1747908248564.937,216136,1747908248546.031,-125,1,-52
1747908248584.781,215895,1747908248565.844,-155,-15,-59
1747908248604.781,215725,1747908248585.719,-189,-7,-49
1747908248624.5,215507,1747908248605.563,-193,-10,-57
1747908248644.375,215289,1747908248625.406,-200,-10,-64
1747908248664.219,215089,1747908248645.281,-217,-13,-64
1747908248684.031,214887,1747908248665.156,-225,-23,-81
1747908248703.906,214755,1747908248685.0,-229,-18,-72
1747908248723.75,214646,1747908248704.813,-232,-18,-63
1747908248743.562,214549,1747908248724.625,-209,-20,-64
1747908248763.437,214467,1747908248744.5,-199,-10,-56
1747908248783.281,214443,1747908248764.313,-180,-16,-61
1747908248803.156,214433,1747908248784.219,-157,-7,-57
1747908248823.0,214427,1747908248804.062,-154,-1,-61
1747908248842.844,214473,1747908248823.937,-148,7,-61
1747908248862.687,214513,1747908248843.75,-128,39,-74
1747908248882.5632,214524,1747908248863.594,-126,12,-83
1747908248902.375,214481,1747908248883.438,-106,9,-93
1747908248922.25,214389,1747908248903.312,-89,15,-87
1747908248942.094,214308,1747908248923.156,-79,24,-84
1747908248961.969,214277,1747908248943.031,-70,16,-86
1747908248981.781,214217,1747908248962.875,-74,7,-112
1747908249001.656,214232,1747908248982.719,-64,-4,-125
1747908249021.5,214297,1747908249002.594,-51,-13,-128
1747908249041.344,214352,1747908249022.438,-36,-13,-138
1747908249061.188,214417,1747908249042.25,-33,-11,-156
1747908249081.0,214499,1747908249062.125,-30,-8,-167
1747908249100.875,214580,1747908249081.937,-19,-4,-177
1747908249120.719,214680,1747908249101.8118,-23,-8,-184
1747908249140.562,214747,1747908249121.625,-20,-7,-183
1747908249160.406,214802,1747908249141.469,-39,1,-184
1747908249180.25,214821,1747908249161.344,-45,6,-182
1747908249200.094,214824,1747908249181.156,-57,8,-177
1747908249219.937,214751,1747908249201.0,-57,6,-153
1747908249239.781,214648,1747908249220.875,-61,-5,-146
1747908249259.625,214521,1747908249240.719,-54,-15,-129
1747908249279.5,214314,1747908249260.562,-55,-4,-104
1747908249299.344,214094,1747908249280.406,-69,-7,-92
1747908249319.156,213808,1747908249300.281,-66,3,-82
1747908249339.031,213562,1747908249320.094,-74,3,-89
1747908249358.875,213255,1747908249339.938,-97,-2,-84
1747908249378.719,213012,1747908249359.781,-98,12,-88
1747908249398.531,212738,1747908249379.625,-114,15,-91
1747908249418.406,212476,1747908249399.469,-124,14,-82
1747908249438.281,212217,1747908249419.313,-141,23,-81
1747908249458.156,211946,1747908249439.188,-151,22,-64
1747908249477.969,211679,1747908249459.031,-153,15,-73
1747908249497.844,211470,1747908249478.937,-181,14,-72
1747908249517.688,211265,1747908249498.75,-200,7,-64
1747908249537.563,211066,1747908249518.625,-233,3,-87
1747908249557.375,210933,1747908249538.437,-237,3,-93
1747908249577.25,210850,1747908249558.312,-232,-8,-90
1747908249597.125,210751,1747908249578.156,-219,-13,-80
1747908249616.969,210658,1747908249598.0,-202,1,-81
1747908249636.781,210535,1747908249617.875,-180,6,-76
1747908249656.625,210377,1747908249637.75,-168,7,-80
1747908249676.5,210283,1747908249657.562,-160,6,-73
1747908249696.344,210178,1747908249677.406,-143,4,-76
1747908249716.188,210073,1747908249697.25,-141,1,-84
1747908249736.063,210029,1747908249717.125,-120,7,-89
1747908249755.875,210020,1747908249736.969,-98,15,-82
1747908249775.75,210102,1747908249756.781,-80,25,-89
1747908249795.594,210237,1747908249776.688,-64,9,-97
1747908249815.438,210352,1747908249796.531,-33,14,-113
1747908249835.344,210516,1747908249816.375,-42,12,-112
1747908249855.219,210689,1747908249836.281,-47,0,-116
1747908249875.031,210860,1747908249856.125,-29,7,-132
1747908249894.875,211019,1747908249875.969,-25,4,-157
1747908249914.75,211163,1747908249895.812,-18,7,-153
1747908249934.594,211280,1747908249915.656,-1,-9,-169
1747908249954.437,211420,1747908249935.5,3,-4,-166
1747908249974.313,211528,1747908249955.406,4,-2,-170
1747908249994.188,211617,1747908249975.219,-8,-2,-185
1747908250014.031,211698,1747908249995.094,-23,-4,-187
1747908250033.844,211776,1747908250014.937,-40,-2,-192
1747908250053.688,211833,1747908250034.813,-57,-8,-192
1747908250073.563,211890,1747908250054.656,-61,-12,-178
1747908250093.437,211915,1747908250074.469,-58,-16,-159
1747908250113.281,211980,1747908250094.344,-69,-20,-140
1747908250133.156,211977,1747908250114.219,-71,-16,-127
1747908250152.969,211980,1747908250134.094,-64,-24,-121
1747908250172.844,211960,1747908250153.906,-69,-10,-96
1747908250192.687,211911,1747908250173.75,-73,-4,-93
1747908250212.531,211821,1747908250193.625,-86,-8,-78
1747908250232.406,211716,1747908250213.469,-84,7,-64
1747908250252.313,211556,1747908250233.313,-104,-1,-61
1747908250272.094,211298,1747908250253.187,-112,-9,-57
1747908250291.937,210963,1747908250273.062,-125,7,-72
1747908250311.781,210614,1747908250292.875,-132,15,-64
1747908250331.656,210257,1747908250312.719,-154,22,-77
1747908250351.531,209893,1747908250332.562,-159,17,-58
1747908250371.312,209557,1747908250352.469,-196,0,-53
1747908250391.187,209263,1747908250372.25,-220,-18,-57
1747908250411.063,209056,1747908250392.125,-229,-21,-49
1747908250430.906,208890,1747908250411.969,-227,-20,-49
1747908250450.75,208789,1747908250431.844,-226,-13,-49
1747908250470.625,208699,1747908250451.687,-231,-2,-40
1747908250490.531,208654,1747908250471.531,-220,3,-41
1747908250510.313,208670,1747908250491.375,-215,-2,-24
1747908250530.156,208704,1747908250511.25,-204,-4,-45
1747908250550.031,208806,1747908250531.125,-170,-2,-64
1747908250569.906,208849,1747908250550.937,-167,7,-81
1747908250589.75,208913,1747908250570.781,-159,7,-90
1747908250609.594,208996,1747908250590.656,-140,-1,-97
1747908250629.469,209081,1747908250610.531,-119,15,-89
1747908250649.312,209169,1747908250630.344,-97,14,-93
1747908250669.188,209253,1747908250650.188,-87,12,-101
1747908250689.0,209316,1747908250670.094,-71,6,-97
1747908250708.844,209432,1747908250689.937,-59,15,-89
1747908250728.719,209581,1747908250709.75,-48,12,-101
1747908250748.594,209749,1747908250729.625,-57,15,-121
1747908250768.406,209899,1747908250749.5,-60,9,-128
1747908250788.281,210101,1747908250769.344,-61,8,-141
1747908250808.125,210293,1747908250789.156,-36,9,-153
1747908250828.0,210427,1747908250809.031,-39,3,-159
1747908250847.812,210601,1747908250828.875,-32,-16,-185
1747908250867.688,210765,1747908250848.75,-21,-29,-189
1747908250887.531,210930,1747908250868.594,-8,-29,-200
1747908250907.406,211051,1747908250888.437,-16,-25,-217
1747908250927.219,211138,1747908250908.313,-7,-18,-209
1747908250947.094,211144,1747908250928.156,-10,-18,-209
1747908250966.938,211127,1747908250948.0,-16,-26,-192
1747908250986.812,211080,1747908250967.875,-20,-13,-173
1747908251006.625,211032,1747908250987.719,-37,-9,-140
1747908251026.531,210979,1747908251007.5632,-34,-1,-128
1747908251046.375,210872,1747908251027.438,-42,-1,-116
1747908251066.25,210784,1747908251047.281,-55,3,-113
1747908251086.094,210712,1747908251067.156,-69,1,-96
1747908251105.937,210619,1747908251087.031,-72,6,-81
1747908251125.813,210572,1747908251106.844,-81,16,-64
1747908251145.781,210489,1747908251126.719,-105,17,-64
1747908251165.469,210402,1747908251146.656,-119,27,-64
1747908251185.344,210338,1747908251166.437,-122,30,-64
1747908251205.219,210238,1747908251186.25,-154,28,-64
1747908251225.094,210069,1747908251206.125,-191,-8,-81
1747908251244.906,209865,1747908251226.0,-220,-8,-59
1747908251264.875,209683,1747908251245.844,-223,-15,-34
1747908251284.625,209558,1747908251265.656,-233,-31,-25
1747908251304.469,209390,1747908251285.531,-228,-26,-34
1747908251324.281,209229,1747908251305.375,-221,-13,-37
1747908251344.156,209109,1747908251325.25,-223,-5,-32
1747908251364.0,209038,1747908251345.062,-209,7,-45
1747908251383.844,209017,1747908251364.906,-201,7,-49
1747908251403.688,208975,1747908251384.844,-204,16,-57
1747908251423.531,208959,1747908251404.625,-196,17,-72
1747908251443.406,209015,1747908251424.469,-175,19,-73
1747908251463.25,209057,1747908251444.281,-140,27,-79
1747908251483.188,209118,1747908251464.188,-121,28,-97
1747908251502.938,209175,1747908251484.125,-112,33,-89
1747908251522.781,209091,1747908251503.875,-89,31,-116
1747908251542.656,208869,1747908251523.719,-81,32,-128
1747908251562.5,208630,1747908251543.563,-81,12,-128
1747908251582.313,208410,1747908251563.375,-50,-1,-125
1747908251602.312,208334,1747908251583.25,-42,-5,-128
1747908251622.031,208384,1747908251603.125,-26,-17,-137
1747908251641.875,208502,1747908251622.937,-2,-9,-138
1747908251661.719,208633,1747908251642.813,-2,-17,-128
1747908251681.594,208812,1747908251662.656,8,-29,-136
1747908251701.437,208969,1747908251682.5,9,-32,-157
1747908251721.312,209076,1747908251702.344,8,-42,-180
1747908251741.125,209114,1747908251722.281,8,-49,-192
1747908251761.0,209119,1747908251742.063,12,-47,-212
1747908251780.875,209075,1747908251761.937,-7,-40,-226
1747908251800.719,209014,1747908251781.781,-8,-36,-224
1747908251820.531,208968,1747908251801.656,-12,-27,-223
1747908251840.406,208889,1747908251821.438,-16,-18,-217
1747908251860.281,208798,1747908251841.313,-20,-12,-209
1747908251880.125,208748,1747908251861.156,-26,-7,-192
1747908251899.937,208758,1747908251881.031,-33,2,-185
1747908251919.812,208803,1747908251900.875,-25,9,-177
1747908251939.75,208847,1747908251920.719,-18,36,-153
1747908251959.531,208889,1747908251940.562,-16,27,-122
1747908251979.344,209024,1747908251960.406,-29,48,-96
1747908251999.187,209226,1747908251980.281,-36,54,-78
1747908252019.031,209416,1747908252000.094,-44,56,-64
1747908252038.906,209584,1747908252019.969,-42,51,-57
1747908252058.719,209769,1747908252039.844,-50,61,-36
1747908252078.594,210012,1747908252059.719,-103,57,-22
1747908252098.437,210248,1747908252079.5,-160,40,-2
1747908252118.281,210509,1747908252099.375,-196,23,11
1747908252138.125,210681,1747908252119.219,-244,-7,-1
1747908252157.969,210770,1747908252139.062,-286,-18,-17
1747908252177.812,210843,1747908252158.875,-304,-4,-32
1747908252197.687,210928,1747908252178.719,-307,15,-41
1747908252217.5,210978,1747908252198.625,-277,44,-46
1747908252237.344,210941,1747908252218.437,-249,58,-50
1747908252257.219,210903,1747908252238.281,-242,59,-64
1747908252277.062,210805,1747908252258.156,-237,54,-76
1747908252296.875,210730,1747908252277.969,-208,48,-64
1747908252316.75,210742,1747908252297.813,-183,49,-50
1747908252336.594,210796,1747908252317.687,-168,39,-48
1747908252356.437,210855,1747908252337.5,-143,31,-64
1747908252376.281,210976,1747908252357.375,-135,35,-92
1747908252396.125,211008,1747908252377.219,-112,43,-81
1747908252416.0,211038,1747908252397.031,-107,39,-96
1747908252435.844,210981,1747908252416.906,-103,46,-103
1747908252455.687,210876,1747908252436.75,-85,36,-106
1747908252475.531,210655,1747908252456.594,-81,28,-113
1747908252495.5,210376,1747908252476.469,-66,25,-95
1747908252515.219,210184,1747908252496.406,-61,14,-96
1747908252535.094,209982,1747908252516.125,-48,8,-105
1747908252554.906,209866,1747908252535.969,-45,4,-123
1747908252574.75,209810,1747908252555.844,-48,-10,-137
1747908252594.625,209806,1747908252575.688,-46,-16,-149
1747908252614.469,209789,1747908252595.531,-32,-25,-165
1747908252634.281,209739,1747908252615.437,-42,-24,-173
1747908252654.156,209681,1747908252635.25,-25,-28,-185
1747908252674.0,209613,1747908252655.063,-26,-17,-192
1747908252693.844,209547,1747908252674.906,-26,-18,-196
1747908252713.656,209520,1747908252694.781,-45,-16,-212
1747908252733.5,209469,1747908252714.594,-39,-20,-210
1747908252753.375,209434,1747908252734.438,-52,-23,-209
1747908252773.219,209390,1747908252754.25,-45,-20,-192
1747908252793.031,209368,1747908252774.125,-34,-17,-186
1747908252812.875,209318,1747908252794.0,-32,-21,-170
1747908252832.75,209270,1747908252813.812,-41,-13,-153
1747908252852.625,209190,1747908252833.688,-41,-10,-145
1747908252872.5,209104,1747908252853.5,-49,-4,-120
1747908252892.281,208978,1747908252873.469,-48,6,-114
1747908252912.125,208890,1747908252893.219,-42,18,-102
1747908252932.031,208873,1747908252913.031,-57,35,-97
1747908252951.844,209152,1747908252932.969,-49,48,-92
1747908252971.688,209635,1747908252952.781,-69,71,-73
1747908252991.531,209868,1747908252972.625,-80,78,-52
1747908253011.406,209949,1747908252992.469,-98,89,-57
1747908253031.25,210142,1747908253012.281,-124,105,-69
1747908253051.063,210181,1747908253032.188,-200,72,-68
1747908253070.938,210080,1747908253052.0,-260,22,-32
1747908253090.781,209968,1747908253071.844,-285,12,-5
1747908253110.656,209841,1747908253091.719,-288,23,-1
1747908253130.469,209694,1747908253111.563,-292,17,-8
1747908253150.313,209508,1747908253131.406,-272,28,-9
1747908253170.187,209309,1747908253151.219,-244,41,-13
1747908253190.062,209027,1747908253171.094,-231,67,-14
1747908253209.844,208832,1747908253190.938,-204,70,-31
1747908253229.688,208642,1747908253210.781,-191,54,-29
1747908253249.563,208484,1747908253230.594,-153,56,-33
1747908253269.406,208354,1747908253250.469,-148,60,-49
1747908253289.25,208175,1747908253270.312,-124,57,-64
1747908253309.062,207982,1747908253290.188,-116,56,-88
1747908253328.906,207733,1747908253310.0,-115,55,-97
1747908253348.781,207442,1747908253329.813,-93,51,-109
1747908253368.594,207128,1747908253349.687,-93,41,-117
1747908253388.437,206721,1747908253369.531,-77,31,-119
1747908253408.281,206275,1747908253389.344,-76,24,-128
1747908253428.156,206089,1747908253409.219,-61,9,-128
1747908253447.969,206206,1747908253429.062,-48,3,-125
1747908253467.844,206494,1747908253448.906,-41,-9,-128
1747908253487.687,206929,1747908253468.75,-40,-20,-153
1747908253507.531,207463,1747908253488.594,-25,-31,-171
1747908253527.375,208043,1747908253508.469,-24,-39,-180
1747908253547.219,208501,1747908253528.312,-29,-47,-191
1747908253567.031,208847,1747908253548.156,-20,-47,-202
1747908253586.906,209121,1747908253567.969,-13,-42,-209
1747908253606.75,209333,1747908253587.813,-11,-50,-217
1747908253626.625,209478,1747908253607.687,-21,-52,-225
1747908253646.4692,209683,1747908253627.531,-14,-39,-208
1747908253666.312,209912,1747908253647.375,-33,-34,-212
1747908253686.156,210136,1747908253667.25,-32,-32,-205
1747908253706.031,210292,1747908253687.063,-40,-34,-192
1747908253725.875,210399,1747908253706.937,-39,-29,-176
1747908253745.719,210444,1747908253726.75,-20,-20,-157
1747908253765.562,210353,1747908253746.688,-29,-13,-138
1747908253785.375,210074,1747908253766.469,-47,-13,-128
1747908253805.219,209646,1747908253786.313,-52,-4,-128
1747908253825.094,209110,1747908253806.125,-49,15,-109
1747908253845.031,208688,1747908253826.0,-57,15,-85
1747908253864.75,208350,1747908253845.938,-72,32,-73
1747908253884.625,207727,1747908253865.688,-77,46,-77
1747908253904.469,207299,1747908253885.531,-90,63,-64
1747908253924.312,207142,1747908253905.375,-129,91,-57
1747908253944.156,207011,1747908253925.219,-168,75,-74
1747908253964.0,206867,1747908253945.094,-189,83,-81
1747908253983.875,206792,1747908253964.906,-212,67,-72
1747908254003.75,206705,1747908253984.781,-220,72,-42
1747908254023.531,206657,1747908254004.625,-226,71,-41
1747908254043.406,206581,1747908254024.469,-239,76,-56
1747908254063.281,206503,1747908254044.313,-228,79,-64
1747908254083.094,206314,1747908254064.188,-221,82,-89
1747908254102.937,206134,1747908254084.062,-208,89,-89
1747908254122.781,206057,1747908254103.875,-193,87,-83
1747908254142.656,205971,1747908254123.719,-193,85,-85
1747908254162.5,205759,1747908254143.563,-161,79,-84
1747908254182.344,205423,1747908254163.437,-137,64,-82
1747908254202.187,205156,1747908254183.281,-129,60,-86
1747908254222.062,205054,1747908254203.094,-106,51,-88
1747908254241.906,205123,1747908254222.969,-104,43,-106
1747908254261.719,205386,1747908254242.844,-101,47,-122
1747908254281.594,205936,1747908254262.656,-85,23,-128
1747908254301.437,206680,1747908254282.531,-76,20,-114
1747908254321.281,207658,1747908254302.375,-61,7,-106
1747908254341.125,208639,1747908254322.188,-37,4,-128
1747908254360.969,209546,1747908254342.094,-39,-6,-148
1747908254380.8442,210447,1747908254361.906,-35,-13,-160
1747908254400.719,211432,1747908254381.75,-13,-18,-160
1747908254420.563,212417,1747908254401.625,-8,-25,-170
1747908254440.406,213333,1747908254421.438,14,-28,-176
1747908254460.25,214150,1747908254441.344,16,-26,-188
1747908254480.094,214898,1747908254461.156,28,-32,-192
1747908254499.937,215528,1747908254481.0,24,-33,-202
1747908254519.781,216086,1747908254500.844,10,-32,-209
1747908254539.625,216593,1747908254520.688,15,-25,-209
1747908254559.469,217104,1747908254540.531,1,-25,-208
1747908254579.344,217478,1747908254560.406,-15,-21,-212
1747908254599.156,217671,1747908254580.25,-9,-1,-217
1747908254619.0,217713,1747908254600.094,-4,-24,-192
1747908254638.844,217692,1747908254619.906,-8,-25,-185
1747908254658.687,217665,1747908254639.75,-21,-24,-193
1747908254678.531,217664,1747908254659.594,-25,-16,-160
1747908254698.375,217718,1747908254679.469,-28,-10,-140
1747908254718.219,217770,1747908254699.281,-26,-5,-128
1747908254738.063,217764,1747908254719.125,-41,1,-128
1747908254757.875,217688,1747908254738.969,-52,15,-121
1747908254777.75,217575,1747908254758.844,-49,25,-106
1747908254797.625,217468,1747908254778.656,-79,38,-98
1747908254817.438,217279,1747908254798.5,-93,46,-95
1747908254837.25,217093,1747908254818.3442,-107,44,-93
1747908254857.094,216977,1747908254838.187,-125,51,-97
1747908254876.937,216932,1747908254858.031,-161,56,-96
1747908254896.781,216873,1747908254877.875,-167,66,-82
1747908254916.719,216794,1747908254897.688,-154,73,-74
1747908254936.469,216669,1747908254917.562,-178,67,-60
1747908254956.312,216584,1747908254937.406,-189,67,-61
1747908254976.156,216513,1747908254957.219,-197,75,-63
1747908254996.031,216475,1747908254977.094,-193,86,-64
1747908255015.844,216473,1747908254996.906,-191,86,-77
1747908255035.687,216435,1747908255016.75,-180,79,-89
1747908255055.531,216384,1747908255036.688,-184,86,-89
1747908255075.406,216321,1747908255056.406,-160,84,-89
1747908255095.219,216305,1747908255076.281,-141,84,-89
1747908255115.063,216346,1747908255096.1558,-145,83,-96
1747908255135.062,216557,1747908255116.0,-148,72,-106
1747908255154.781,216937,1747908255135.969,-143,62,-125
1747908255174.656,217462,1747908255155.688,-125,49,-137
1747908255194.531,218012,1747908255175.563,-111,57,-144
1747908255214.375,218559,1747908255195.437,-105,55,-141
1747908255234.281,218946,1747908255215.312,-79,48,-142
1747908255254.156,219232,1747908255235.156,-76,28,-138
1747908255273.969,219476,1747908255255.063,-52,7,-132
1747908255293.844,219795,1747908255274.875,-40,16,-126
1747908255313.656,220171,1747908255294.75,-20,6,-128
1747908255333.5,220577,1747908255314.563,-8,-10,-149
1747908255353.375,220967,1747908255334.438,-2,-16,-153
1747908255373.219,221313,1747908255354.312,12,-17,-161
1747908255393.094,221658,1747908255374.125,17,-25,-170
1747908255412.969,222014,1747908255394.0,28,-24,-189
1747908255432.781,222404,1747908255413.906,22,-18,-185
1747908255452.656,222876,1747908255433.688,40,-20,-189
1747908255472.531,223349,1747908255453.594,23,-21,-204
1747908255492.375,223824,1747908255473.437,24,-10,-209
1747908255512.219,224327,1747908255493.313,10,-1,-209
1747908255532.094,224814,1747908255513.125,4,-4,-209
1747908255551.938,225304,1747908255533.031,15,3,-200
1747908255571.781,225801,1747908255552.844,3,3,-196
1747908255591.656,226306,1747908255572.719,-7,-3,-177
1747908255611.5,226828,1747908255592.563,-17,23,-177
1747908255631.375,227367,1747908255612.406,-13,6,-170
1747908255651.312,227847,1747908255632.281,-21,4,-162
1747908255671.062,228333,1747908255652.156,-31,1,-142
1747908255690.969,228779,1747908255671.969,-36,9,-145
1747908255710.813,229145,1747908255691.875,-56,14,-128
1747908255730.656,229439,1747908255711.719,-68,22,-125
1747908255750.531,229523,1747908255731.594,-81,19,-113
1747908255770.375,229191,1747908255751.438,-93,39,-106
1747908255790.25,228570,1747908255771.313,-99,56,-104
1747908255810.125,227888,1747908255791.187,-110,67,-104
1747908255829.969,227193,1747908255811.062,-144,64,-100
1747908255849.844,226554,1747908255830.875,-164,65,-96
1747908255869.688,226019,1747908255850.75,-168,71,-87
1747908255889.563,225545,1747908255870.656,-183,76,-89
1747908255909.406,225155,1747908255890.4368,-194,76,-80
1747908255929.219,224829,1747908255910.281,-194,78,-81
1747908255949.063,224558,1747908255930.156,-185,87,-82
1747908255968.906,224424,1747908255949.969,-185,86,-73
1747908255988.719,224352,1747908255969.844,-177,80,-81
1747908256008.562,224338,1747908255989.656,-164,83,-73
1747908256028.437,224328,1747908256009.531,-156,92,-97
1747908256048.25,224329,1747908256029.375,-144,88,-102
1747908256068.094,224336,1747908256049.188,-132,83,-113
1747908256087.969,224403,1747908256069.0,-112,76,-109
1747908256107.812,224563,1747908256088.906,-105,72,-114
1747908256127.656,224853,1747908256108.719,-100,62,-121
1747908256147.531,225289,1747908256128.594,-96,60,-126
1747908256167.344,225880,1747908256148.438,-84,54,-128
1747908256187.219,226505,1747908256168.25,-80,39,-128
1747908256207.031,227123,1747908256188.125,-71,24,-128
1747908256226.875,227625,1747908256208.0,-56,15,-141
1747908256246.719,228087,1747908256227.813,-56,3,-144
1747908256266.594,228491,1747908256247.656,-49,-8,-146
1747908256286.437,228821,1747908256267.5,-45,-1,-153
1747908256306.25,229182,1747908256287.344,-21,-14,-162
1747908256326.156,229535,1747908256307.188,3,-28,-162
1747908256345.969,229830,1747908256327.031,29,-41,-156
1747908256365.844,230058,1747908256346.906,43,-38,-185
1747908256385.656,230274,1747908256366.75,32,-36,-192
1747908256405.531,230481,1747908256386.594,15,-34,-209
1747908256425.375,230713,1747908256406.4382,3,-32,-209
1747908256445.25,230913,1747908256426.312,-5,-36,-217
1747908256465.062,231092,1747908256446.156,-23,-26,-217
1747908256484.937,231239,1747908256466.031,-32,-18,-201
1747908256504.781,231330,1747908256485.844,-34,-20,-200
1747908256524.656,231431,1747908256505.719,-29,-16,-192
1747908256544.5,231563,1747908256525.562,-21,-23,-189
1747908256564.344,231751,1747908256545.437,-29,-21,-185
1747908256584.219,231957,1747908256565.25,-40,-17,-176
1747908256604.063,232080,1747908256585.125,-32,-17,-174
1747908256623.875,232100,1747908256604.969,-41,12,-161
1747908256643.75,232101,1747908256624.8118,-47,13,-153
1747908256663.625,231973,1747908256644.656,-49,23,-128
1747908256683.469,231717,1747908256664.531,-52,29,-89
1747908256703.3132,231088,1747908256684.406,-55,56,-89
1747908256723.156,230276,1747908256704.25,-68,67,-74
1747908256743.031,229475,1747908256724.062,-88,87,-68
1747908256762.875,228641,1747908256743.938,-121,96,-64
1747908256782.75,227869,1747908256763.781,-170,79,-86
1747908256802.563,227392,1747908256783.719,-216,57,-83
1747908256822.437,227012,1747908256803.469,-217,48,-50
1747908256842.281,226704,1747908256823.344,-210,48,-25
1747908256862.156,226540,1747908256843.188,-200,64,-33
1747908256882.0,226457,1747908256863.094,-204,72,-58
1747908256901.906,226429,1747908256882.969,-177,79,-72
1747908256921.75,226367,1747908256902.75,-161,83,-64
1747908256941.531,226313,1747908256922.688,-146,84,-64
1747908256961.406,226315,1747908256942.469,-138,84,-64
1747908256981.344,226382,1747908256962.312,-137,83,-93
1747908257001.094,226515,1747908256982.219,-116,79,-114
1747908257020.937,226643,1747908257002.031,-122,79,-124
1747908257040.813,226879,1747908257021.875,-106,67,-137
1747908257060.656,227193,1747908257041.719,-95,59,-145
1747908257080.5,227619,1747908257061.562,-89,52,-149
1747908257100.344,228250,1747908257081.437,-80,36,-153
1747908257120.219,228984,1747908257101.3132,-80,24,-146
1747908257140.063,229650,1747908257121.156,-64,20,-145
1747908257159.938,230206,1747908257140.969,-45,9,-153
1747908257179.75,230711,1747908257160.812,-36,-1,-157
1747908257199.594,231183,1747908257180.687,-16,-2,-161
1747908257219.469,231619,1747908257200.531,-13,-1,-158
1747908257239.344,232063,1747908257220.375,-8,-12,-160
1747908257259.156,232465,1747908257240.25,0,-20,-177
1747908257279.031,232880,1747908257260.125,19,-18,-192
1747908257298.875,233285,1747908257279.938,28,-16,-190
1747908257318.75,233663,1747908257299.781,31,-13,-201
1747908257338.594,233978,1747908257319.656,28,-17,-202
1747908257358.406,234087,1747908257339.531,41,-16,-209
1747908257378.281,233828,1747908257359.344,48,-21,-209
1747908257398.125,233389,1747908257379.188,33,-16,-209
1747908257417.969,233025,1747908257399.031,7,3,-210
1747908257437.813,232730,1747908257418.906,-20,7,-202
1747908257457.656,232483,1747908257438.75,-36,6,-192
1747908257477.562,232344,1747908257458.594,-39,-5,-192
1747908257497.375,232263,1747908257478.469,-44,-19,-185
1747908257517.219,232202,1747908257498.312,-49,-17,-161
1747908257537.0942,232091,1747908257518.156,-57,-17,-128
1747908257556.937,231858,1747908257538.0,-55,-12,-115
1747908257576.781,231625,1747908257557.844,-64,3,-113
1747908257596.625,231286,1747908257577.688,-74,16,-100
1747908257616.5,230926,1747908257597.594,-87,28,-89
1747908257636.344,230512,1747908257617.406,-112,44,-77
1747908257656.25,230135,1747908257637.219,-133,47,-80
1747908257676.063,229754,1747908257657.156,-144,50,-72
1747908257695.906,229465,1747908257677.0,-154,72,-58
1747908257715.781,229204,1747908257696.812,-165,75,-57
1747908257735.625,229022,1747908257716.719,-174,94,-62
1747908257755.469,228860,1747908257736.563,-175,91,-56
1747908257775.313,228765,1747908257756.406,-180,95,-64
1747908257795.187,228720,1747908257776.25,-181,100,-74
1747908257815.062,228705,1747908257796.219,-176,99,-77
1747908257834.906,228731,1747908257816.0,-165,104,-81
1747908257854.75,228722,1747908257835.844,-160,97,-71
1747908257874.625,228661,1747908257855.656,-145,93,-89
1747908257894.531,228515,1747908257875.531,-141,92,-101
1747908257914.3118,228407,1747908257895.5,-135,88,-96
1747908257934.188,228271,1747908257915.219,-140,79,-115
1747908257954.031,228080,1747908257935.0942,-130,71,-117
1747908257973.906,227908,1747908257954.937,-137,60,-122
1747908257993.719,227743,1747908257974.812,-109,56,-125
1747908258013.688,227643,1747908257994.688,-92,46,-121
1747908258033.438,227642,1747908258014.469,-80,32,-133
1747908258053.313,227803,1747908258034.344,-72,22,-145
1747908258073.125,228152,1747908258054.219,-59,7,-145
1747908258092.969,228717,1747908258074.063,-52,-13,-144
1747908258112.844,229362,1747908258093.906,-36,-20,-148
1747908258132.688,229957,1747908258113.75,-29,-36,-164
1747908258152.531,230474,1747908258133.656,-17,-44,-164
1747908258172.406,230923,1747908258153.5,-5,-47,-161
1747908258192.25,231235,1747908258173.313,6,-48,-148
1747908258212.125,231274,1747908258193.156,3,-49,-160
1747908258231.938,231032,1747908258213.031,3,-48,-172
1747908258251.781,230787,1747908258232.875,17,-45,-192
1747908258271.656,230658,1747908258252.687,16,-44,-192
1747908258291.5,230608,1747908258272.563,9,-39,-201
1747908258311.313,230638,1747908258292.406,15,-37,-209
1747908258331.187,230709,1747908258312.281,3,-36,-207
1747908258351.125,230792,1747908258332.094,1,-31,-209
1747908258370.906,230894,1747908258351.938,-22,-41,-196
1747908258390.719,230982,1747908258371.813,-29,-25,-180
1747908258410.594,231061,1747908258391.687,-28,-20,-177
1747908258430.469,231121,1747908258411.5,-40,-20,-160
1747908258450.312,231179,1747908258431.375,-41,-23,-159
1747908258470.156,231229,1747908258451.25,-52,-12,-148
1747908258490.031,231247,1747908258471.094,-58,-1,-128
1747908258509.875,231210,1747908258490.906,-63,12,-125
1747908258529.75,231128,1747908258510.812,-69,17,-106
1747908258549.562,230921,1747908258530.625,-77,25,-96
1747908258569.438,230561,1747908258550.5,-92,32,-89
1747908258589.313,230110,1747908258570.344,-113,51,-81
1747908258609.156,229641,1747908258590.219,-139,78,-77
1747908258628.969,229204,1747908258610.094,-149,78,-97
1747908258648.844,228781,1747908258629.938,-177,92,-97
1747908258668.719,228393,1747908258649.75,-184,92,-85
1747908258688.562,228004,1747908258669.656,-185,97,-74
1747908258708.406,227655,1747908258689.469,-185,104,-77
1747908258728.25,227336,1747908258709.344,-184,102,-74
1747908258748.094,227050,1747908258729.156,-167,103,-84
1747908258767.969,226785,1747908258749.031,-169,104,-82
1747908258787.781,226600,1747908258768.906,-160,100,-77
1747908258807.625,226458,1747908258788.75,-144,94,-76
1747908258827.5,226379,1747908258808.563,-135,84,-81
1747908258847.375,226309,1747908258828.406,-130,79,-97
1747908258867.188,226248,1747908258848.281,-127,70,-97
1747908258887.062,226231,1747908258868.125,-116,60,-103
1747908258906.938,226196,1747908258888.0,-124,64,-105
1747908258926.75,226265,1747908258907.844,-121,59,-125
1747908258946.594,226491,1747908258927.656,-106,47,-141
1747908258966.469,226904,1747908258947.531,-92,22,-128
1747908258986.312,227499,1747908258967.406,-61,14,-140
1747908259006.156,228226,1747908258987.219,-52,6,-136
1747908259026.031,228924,1747908259007.063,-34,-4,-138
1747908259045.875,229579,1747908259026.937,-25,-11,-128
1747908259065.719,230079,1747908259046.781,-33,-25,-145
1747908259085.594,230511,1747908259066.625,-33,-37,-170
1747908259105.438,230894,1747908259086.5,-31,-57,-175
1747908259125.281,231291,1747908259106.344,-18,-47,-184
1747908259145.125,231606,1747908259126.219,-13,-48,-180
1747908259165.0,231954,1747908259146.063,-5,-52,-192
1747908259184.875,232241,1747908259165.906,6,-49,-192
1747908259204.656,232478,1747908259185.75,23,-48,-191
1747908259224.531,232729,1747908259205.562,24,-40,-192
1747908259244.406,232961,1747908259225.406,12,-33,-192
1747908259264.219,233132,1747908259245.281,3,-31,-192
1747908259284.063,233226,1747908259265.125,-2,-20,-177
1747908259303.938,233264,1747908259285.0,-16,-24,-169
1747908259323.781,233260,1747908259304.844,-17,-17,-144
1747908259343.625,233236,1747908259324.656,-32,-16,-160
1747908259363.437,233228,1747908259344.531,-41,-20,-160
1747908259383.313,233083,1747908259364.375,-57,-29,-145
1747908259403.188,232782,1747908259384.219,-58,-20,-128
1747908259423.0,232421,1747908259404.094,-58,-4,-128
1747908259442.844,231985,1747908259423.938,-57,16,-141
1747908259462.719,231573,1747908259443.781,-72,34,-121
1747908259482.594,231101,1747908259463.625,-98,39,-109
1747908259502.437,230600,1747908259483.469,-114,49,-112
1747908259522.281,230119,1747908259503.375,-129,55,-113
1747908259542.156,229647,1747908259523.219,-144,48,-105
1747908259562.031,229262,1747908259543.125,-148,51,-96
1747908259581.906,228937,1747908259562.937,-154,63,-82
1747908259601.719,228582,1747908259582.844,-154,79,-81
1747908259621.594,228250,1747908259602.656,-156,87,-81
1747908259641.5,227894,1747908259622.531,-165,79,-77
1747908259661.313,227626,1747908259642.406,-180,76,-64
1747908259681.156,227449,1747908259662.219,-180,81,-72
1747908259701.0,227263,1747908259682.094,-175,88,-74
1747908259720.906,227147,1747908259701.906,-167,80,-84
1747908259740.781,227107,1747908259721.844,-159,80,-81
1747908259760.594,227095,1747908259741.687,-151,79,-89
1747908259780.5,227150,1747908259761.531,-145,79,-107
1747908259800.344,227247,1747908259781.406,-148,67,-97
1747908259820.219,227378,1747908259801.25,-140,63,-105
1747908259840.031,227585,1747908259821.125,-122,56,-112
1747908259859.906,227846,1747908259840.969,-127,47,-125
1747908259879.719,228247,1747908259860.813,-129,45,-128
1747908259899.625,228896,1747908259880.625,-117,35,-137
1747908259919.438,229772,1747908259900.531,-99,19,-138
1747908259939.281,230596,1747908259920.375,-77,10,-127
1747908259959.156,231066,1747908259940.156,-64,3,-133
1747908259979.0,231200,1747908259960.063,-63,-16,-121
1747908259998.844,231255,1747908259979.938,-45,-23,-128
1747908260018.687,231326,1747908259999.781,-40,-32,-144
1747908260038.562,231484,1747908260019.594,-24,-40,-160
1747908260058.406,231770,1747908260039.469,-4,-42,-177
1747908260078.281,232061,1747908260059.313,-1,-46,-178
1747908260098.063,232374,1747908260079.187,0,-52,-177
1747908260117.937,232664,1747908260099.0,6,-42,-177
1747908260137.812,232981,1747908260118.844,8,-45,-177
1747908260157.625,233298,1747908260138.75,4,-36,-172
1747908260177.5,233638,1747908260158.563,0,-25,-164
1747908260197.344,233973,1747908260178.406,3,-19,-177
1747908260217.187,234294,1747908260198.281,-13,-20,-177
1747908260237.031,234637,1747908260218.094,-36,-26,-173
1747908260256.906,234941,1747908260237.969,-40,-32,-177
1747908260276.75,235218,1747908260257.812,-56,-31,-178
1747908260296.594,235468,1747908260277.687,-61,-32,-174
1747908260316.437,235758,1747908260297.5,-61,-24,-167
1747908260336.313,236070,1747908260317.406,-74,-20,-157
1747908260356.156,236386,1747908260337.219,-72,-16,-145
1747908260376.0,236646,1747908260357.062,-87,-5,-136
1747908260395.812,236824,1747908260376.906,-72,12,-125
1747908260415.719,236910,1747908260396.781,-88,23,-104
1747908260435.563,236901,1747908260416.656,-89,31,-89
1747908260455.406,236703,1747908260436.469,-104,60,-74
1747908260475.312,236177,1747908260456.344,-104,54,-64
1747908260495.094,235478,1747908260476.187,-116,63,-64
1747908260514.937,234818,1747908260496.031,-135,48,-58
1747908260534.813,234270,1747908260515.844,-157,56,-61
1747908260554.625,233840,1747908260535.719,-185,57,-60
1747908260574.469,233515,1747908260555.562,-199,56,-73
1747908260594.344,233260,1747908260575.406,-205,63,-77
1747908260614.188,233031,1747908260595.25,-196,65,-89
1747908260634.063,232855,1747908260615.125,-185,68,-86
1747908260653.875,232672,1747908260634.937,-175,72,-90
1747908260673.719,232528,1747908260654.812,-168,71,-95
1747908260693.594,232416,1747908260674.625,-157,72,-93
1747908260713.438,232363,1747908260694.5,-143,72,-98
1747908260733.281,232349,1747908260714.344,-120,66,-105
1747908260753.156,232407,1747908260734.1868,-133,62,-105
1747908260773.0,232583,1747908260754.062,-140,49,-109
1747908260792.875,232831,1747908260773.906,-121,46,-129
1747908260812.6882,233195,1747908260793.781,-109,40,-121
1747908260832.531,233591,1747908260813.625,-112,28,-114
1747908260852.406,234011,1747908260833.437,-93,12,-118
1747908260872.25,234370,1747908260853.313,-73,1,-128
1747908260892.094,234756,1747908260873.125,-66,-8,-137
1747908260911.938,235055,1747908260893.0308,-66,-13,-138
1747908260931.812,235308,1747908260912.844,-49,-20,-128
1747908260951.656,235491,1747908260932.719,-47,-25,-145
1747908260971.5,235668,1747908260952.563,-31,-36,-157
1747908260991.344,235859,1747908260972.438,-20,-40,-166
1747908261011.219,236059,1747908260992.25,-25,-45,-160
1747908261031.094,236255,1747908261012.125,-12,-49,-164
1747908261050.937,236431,1747908261031.969,-5,-51,-160
1747908261070.781,236604,1747908261051.875,1,-52,-169
1747908261090.656,236767,1747908261071.687,-1,-34,-183
1747908261110.5,236966,1747908261091.594,-4,-33,-190
1747908261130.344,237157,1747908261111.438,-12,-32,-192
1747908261150.219,237378,1747908261131.281,-2,-32,-189
1747908261170.063,237526,1747908261151.125,-9,-32,-192
1747908261189.9058,237721,1747908261170.969,-32,-32,-176
1747908261209.75,237874,1747908261190.844,-29,-31,-185
1747908261229.594,237997,1747908261210.6882,-40,-29,-170
1747908261249.469,238087,1747908261230.594,-39,-32,-158
1747908261269.313,238193,1747908261250.375,-48,-29,-150
1747908261289.125,238260,1747908261270.219,-63,-25,-128
1747908261309.031,238263,1747908261290.094,-65,-21,-116
1747908261328.875,238198,1747908261309.938,-72,-16,-106
1747908261348.75,238120,1747908261329.781,-76,3,-97
1747908261368.562,238015,1747908261349.656,-89,14,-90
1747908261388.437,237877,1747908261369.531,-112,17,-84
1747908261408.281,237708,1747908261389.344,-129,20,-84
1747908261428.156,237478,1747908261409.188,-132,35,-79
1747908261448.062,237152,1747908261429.062,-132,33,-73
1747908261467.844,236731,1747908261448.906,-154,31,-68
1747908261487.687,236249,1747908261468.75,-169,51,-77
1747908261507.5632,235735,1747908261488.625,-170,56,-73
1747908261527.406,235257,1747908261508.469,-176,64,-87
1747908261547.25,234933,1747908261528.312,-192,71,-89
1747908261567.125,234674,1747908261548.156,-192,80,-85
1747908261586.969,234579,1747908261568.031,-173,81,-82
1747908261606.813,234525,1747908261587.9058,-169,88,-86
1747908261626.656,234534,1747908261607.75,-172,81,-82
1747908261646.531,234594,1747908261627.594,-159,79,-87
1747908261666.375,234767,1747908261647.438,-159,73,-92
1747908261686.188,235111,1747908261667.313,-160,70,-98
1747908261706.063,235633,1747908261687.125,-168,63,-109
1747908261725.906,236149,1747908261707.0,-161,56,-117
1747908261745.781,236593,1747908261726.844,-157,44,-118
1747908261765.625,236863,1747908261746.656,-112,24,-113
1747908261785.5,237063,1747908261766.531,-93,24,-121
1747908261805.313,237229,1747908261786.406,-80,15,-111
1747908261825.219,237410,1747908261806.219,-57,1,-114
1747908261845.031,237620,1747908261826.125,-49,0,-145
1747908261864.875,237857,1747908261845.906,-47,-25,-156
1747908261884.719,238138,1747908261865.813,-44,-36,-140
1747908261904.562,238429,1747908261885.594,-34,-46,-153
1747908261924.437,238718,1747908261905.5,-28,-47,-164
1747908261944.25,239008,1747908261925.344,-25,-52,-164
1747908261964.094,239380,1747908261945.219,-9,-44,-162
1747908261983.969,239816,1747908261965.0,-1,-45,-160
1747908262003.844,240228,1747908261984.906,-12,-44,-162
1747908262023.656,240597,1747908262004.75,-12,-45,-177
1747908262043.5,240981,1747908262024.594,-8,-36,-180
1747908262063.375,241350,1747908262044.375,-15,-33,-192
1747908262083.219,241644,1747908262064.25,-12,-32,-201
1747908262103.031,241895,1747908262084.125,-21,-25,-200
1747908262122.875,242116,1747908262104.0,-25,-26,-192
1747908262142.75,242302,1747908262123.781,-28,-33,-192
1747908262162.625,242473,1747908262143.656,-21,-17,-188
1747908262182.437,242649,1747908262163.531,-30,-20,-177
1747908262202.281,242836,1747908262183.344,-29,-21,-160
1747908262222.156,242988,1747908262203.188,-44,-13,-153
1747908262242.0,243067,1747908262223.031,-45,-13,-134
1747908262261.813,243131,1747908262242.906,-61,-8,-128
1747908262281.687,243206,1747908262262.781,-74,8,-106
1747908262301.562,243273,1747908262282.594,-97,8,-92
1747908262321.438,243329,1747908262302.469,-97,14,-81
1747908262341.25,243303,1747908262322.344,-108,24,-64
1747908262361.063,243197,1747908262342.219,-130,35,-74
1747908262380.937,243059,1747908262362.0,-148,30,-81
1747908262400.781,242846,1747908262381.844,-168,31,-77
1747908262420.594,242576,1747908262401.688,-193,35,-64
1747908262440.438,242240,1747908262421.531,-187,42,-57
1747908262460.406,241907,1747908262441.375,-177,45,-62
1747908262480.156,241652,1747908262461.1868,-185,47,-65
1747908262500.0,241547,1747908262481.063,-177,60,-64
1747908262519.813,241525,1747908262500.906,-176,56,-64
1747908262539.688,241588,1747908262520.75,-162,62,-56
1747908262559.531,241674,1747908262540.562,-148,49,-64
1747908262579.406,241791,1747908262560.469,-157,48,-89
1747908262599.219,241900,1747908262580.313,-143,47,-91
1747908262619.094,241987,1747908262600.156,-141,46,-93
1747908262638.937,242090,1747908262620.031,-144,39,-103
1747908262658.812,242168,1747908262639.844,-132,31,-103
1747908262678.625,242244,1747908262659.719,-121,35,-106
1747908262698.469,242280,1747908262679.531,-114,33,-109
1747908262718.313,242239,1747908262699.375,-92,23,-117
1747908262738.187,242149,1747908262719.25,-83,24,-128
1747908262758.0,242046,1747908262739.094,-77,7,-121
1747908262777.875,241972,1747908262758.938,-48,15,-121
1747908262797.844,241936,1747908262778.781,-50,7,-121
1747908262817.531,241913,1747908262798.625,-49,0,-137
1747908262837.375,241899,1747908262818.469,-45,-5,-161
1747908262857.219,241899,1747908262838.312,-53,-17,-165
1747908262877.094,241958,1747908262858.125,-38,-39,-160
1747908262896.969,242084,1747908262878.0,-36,-40,-177
1747908262916.75,242280,1747908262897.875,-33,-42,-177
1747908262936.625,242517,1747908262917.687,-31,-44,-191
1747908262956.5,242840,1747908262937.531,-30,-45,-192
1747908262976.344,243193,1747908262957.406,-25,-40,-192
1747908262996.156,243540,1747908262977.219,-17,-41,-189
1747908263016.0,243854,1747908262997.094,-21,-40,-190
1747908263035.844,244160,1747908263016.906,-9,-32,-192
1747908263055.719,244412,1747908263036.781,-18,-31,-192
1747908263075.531,244566,1747908263056.6558,-12,-25,-185
1747908263095.406,244542,1747908263076.531,-15,-10,-181
1747908263115.25,244385,1747908263096.312,-3,-8,-178
1747908263135.094,244121,1747908263116.156,11,-7,-177
1747908263154.938,243768,1747908263136.0,2,16,-164
1747908263174.781,243301,1747908263155.875,1,11,-150
1747908263194.594,242618,1747908263175.719,-16,25,-128
1747908263214.469,242051,1747908263195.531,-26,19,-111
1747908263234.312,241641,1747908263215.344,-37,25,-96
1747908263254.125,241178,1747908263235.219,-49,38,-89
1747908263274.0,240640,1747908263255.063,-64,46,-95
1747908263293.844,240017,1747908263274.906,-116,27,-98
1747908263313.687,239572,1747908263294.75,-154,12,-101
1747908263333.5,239313,1747908263314.594,-168,3,-82
1747908263353.344,239205,1747908263334.438,-178,3,-74
1747908263373.25,239116,1747908263354.312,-185,19,-82
1747908263393.0308,239017,1747908263374.094,-191,28,-72
1747908263412.844,238831,1747908263393.937,-186,28,-81
1747908263432.719,238685,1747908263413.8132,-185,39,-74
1747908263452.563,238616,1747908263433.625,-193,39,-73
1747908263472.406,238639,1747908263453.5,-184,46,-66
1747908263492.25,238725,1747908263473.344,-160,51,-64
1747908263512.219,238896,1747908263493.25,-151,54,-81
1747908263531.938,239131,1747908263513.0,-149,63,-98
1747908263551.781,239493,1747908263532.844,-144,55,-113
1747908263571.625,240000,1747908263552.687,-122,40,-105
1747908263591.469,240749,1747908263572.562,-116,39,-113
1747908263611.312,241600,1747908263592.375,-106,33,-121
1747908263631.156,242422,1747908263612.219,-113,27,-128
1747908263651.031,243163,1747908263632.094,-132,20,-140
1747908263670.844,243767,1747908263651.937,-114,3,-138
1747908263690.812,244210,1747908263671.812,-82,6,-128
1747908263710.531,244709,1747908263691.719,-55,3,-121
1747908263730.406,245298,1747908263711.469,-49,-10,-120
1747908263750.219,245844,1747908263731.313,-56,-23,-153
1747908263770.094,246328,1747908263751.187,-51,-2,-162
1747908263789.937,246837,1747908263771.0,-25,-20,-159
1747908263809.781,247279,1747908263790.844,-24,-20,-160
1747908263829.625,247696,1747908263810.688,1,-26,-160
1747908263849.469,248117,1747908263830.562,-4,-18,-177
1747908263869.281,248528,1747908263850.375,4,-23,-189
1747908263889.156,248883,1747908263870.187,3,-26,-192
1747908263909.0,249202,1747908263890.063,-2,-21,-189
1747908263928.813,249481,1747908263909.938,-8,-20,-192
1747908263948.688,249743,1747908263929.719,-16,-21,-192
1747908263968.5618,249968,1747908263949.625,-23,-18,-202
1747908263988.375,250192,1747908263969.438,-28,-24,-192
1747908264008.25,250360,1747908263989.313,-25,-18,-194
1747908264028.094,250515,1747908264009.156,-28,-28,-185
1747908264047.906,250605,1747908264029.0,-17,-21,-177
1747908264067.75,250743,1747908264048.812,-27,-12,-164
1747908264087.594,250839,1747908264068.719,-36,-13,-162
1747908264107.438,251025,1747908264088.531,-32,-1,-159
1747908264127.313,251230,1747908264108.344,-34,7,-128
1747908264147.156,251453,1747908264128.25,-53,16,-117
1747908264166.969,251632,1747908264148.094,-56,16,-129
1747908264186.875,251493,1747908264167.938,-55,30,-104
1747908264206.688,250975,1747908264187.75,-68,40,-113
1747908264226.562,250271,1747908264207.625,-87,48,-110
1747908264246.375,249555,1747908264227.469,-111,51,-106
1747908264266.219,248835,1747908264247.344,-151,39,-106
1747908264286.094,248141,1747908264267.125,-161,35,-96
1747908264305.938,247687,1747908264286.969,-183,30,-80
1747908264325.781,247356,1747908264306.844,-185,43,-74
1747908264345.625,247053,1747908264326.719,-183,60,-74
1747908264365.469,246720,1747908264346.5,-193,48,-73
1747908264385.313,246383,1747908264366.375,-193,47,-64
1747908264405.125,246033,1747908264386.219,-170,63,-71
1747908264425.031,245766,1747908264406.094,-160,70,-64
1747908264444.844,245566,1747908264425.906,-148,63,-80
1747908264464.688,245393,1747908264445.75,-140,63,-82
1747908264484.531,245352,1747908264465.594,-138,62,-85
1747908264504.344,245341,1747908264485.469,-121,60,-82
1747908264524.219,245436,1747908264505.281,-112,71,-89
1747908264544.094,245561,1747908264525.125,-106,62,-98
1747908264563.906,245753,1747908264545.0,-96,59,-117
1747908264583.75,246085,1747908264564.844,-89,56,-125
1747908264603.594,246636,1747908264584.656,-89,48,-128
1747908264623.437,247374,1747908264604.5,-69,51,-141
1747908264643.344,248067,1747908264624.375,-63,44,-128
1747908264663.094,248701,1747908264644.281,-46,39,-128
1747908264682.969,249341,1747908264664.062,-48,31,-146
1747908264702.812,249887,1747908264683.875,-39,28,-153
1747908264722.656,250349,1747908264703.719,-41,12,-153
1747908264742.469,250740,1747908264723.563,-31,4,-153
1747908264762.313,251087,1747908264743.406,-12,-4,-158
1747908264782.156,251391,1747908264763.2192,-20,-8,-169
1747908264802.031,251685,1747908264783.062,-12,-15,-191
1747908264821.844,252003,1747908264802.937,-10,-10,-192
1747908264841.719,252383,1747908264822.813,-2,-16,-196
1747908264861.563,252751,1747908264842.594,12,-20,-217
1747908264881.406,253103,1747908264862.437,17,-17,-225
1747908264901.25,253386,1747908264882.469,23,-16,-218
1747908264921.094,253621,1747908264902.188,24,-4,-226
1747908264940.938,253839,1747908264922.0,4,-1,-217
1747908264960.813,254042,1747908264941.813,1,-4,-208
1747908264980.625,254255,1747908264961.687,4,-2,-201
1747908265000.469,254443,1747908264981.562,7,3,-188
1747908265020.344,254675,1747908265001.375,-10,4,-185
1747908265040.188,254844,1747908265021.25,-16,9,-161
1747908265060.0,255088,1747908265041.094,-4,14,-154
1747908265079.844,255258,1747908265060.937,-17,15,-128
1747908265099.75,255309,1747908265080.781,-13,24,-114
1747908265119.562,254992,1747908265100.625,-22,34,-113
1747908265139.375,254206,1747908265120.438,-41,39,-101
1747908265159.219,253268,1747908265140.344,-70,36,-98
1747908265179.094,252424,1747908265160.156,-84,44,-89
1747908265198.937,251680,1747908265180.0,-97,51,-89
1747908265218.75,250929,1747908265199.875,-125,62,-82
1747908265238.625,250165,1747908265219.719,-148,49,-82
1747908265258.469,249363,1747908265239.562,-175,35,-89
1747908265278.344,248669,1747908265259.375,-185,36,-74
1747908265298.156,248005,1747908265279.25,-192,32,-62
1747908265318.031,247376,1747908265299.094,-205,31,-69
1747908265337.9058,246848,1747908265318.938,-224,32,-74
1747908265357.719,246446,1747908265338.781,-221,32,-80
1747908265377.594,246176,1747908265358.656,-212,44,-82
1747908265397.406,246009,1747908265378.5,-175,48,-90
1747908265417.281,245844,1747908265398.344,-159,56,-78
1747908265437.094,245829,1747908265418.187,-159,59,-82
1747908265456.969,246078,1747908265438.0,-158,53,-97
1747908265476.781,246515,1747908265457.875,-145,44,-128
1747908265496.625,247087,1747908265477.75,-129,38,-126
1747908265516.5,247734,1747908265497.531,-93,35,-105
1747908265536.344,248280,1747908265517.406,-68,46,-96
1747908265556.156,248726,1747908265537.25,-41,56,-106
1747908265576.0,249051,1747908265557.094,-34,72,-125
1747908265595.844,249323,1747908265576.906,-52,68,-170
1747908265615.688,249709,1747908265596.75,-74,48,-186
1747908265635.531,250277,1747908265616.625,-57,30,-161
1747908265655.375,250905,1747908265636.437,-22,25,-157
1747908265675.25,251678,1747908265656.281,-16,10,-154
1747908265695.094,252321,1747908265676.156,-8,7,-136
1747908265714.906,252813,1747908265695.969,7,5,-160
1747908265734.781,253290,1747908265715.875,-9,20,-177
1747908265754.625,253733,1747908265735.687,11,6,-177
1747908265774.5,254151,1747908265755.531,25,1,-177
1747908265794.313,254591,1747908265775.4058,19,-13,-175
1747908265814.156,254998,1747908265795.219,25,-9,-189
1747908265834.0,255416,1747908265815.094,27,-2,-192
1747908265853.844,255736,1747908265834.938,21,1,-192
1747908265873.688,255996,1747908265854.75,16,8,-192
1747908265893.563,256161,1747908265874.625,15,9,-192
1747908265913.406,256264,1747908265894.531,15,2,-192
1747908265933.281,256377,1747908265914.3118,3,6,-188
1747908265953.125,256452,1747908265934.188,-18,4,-189
1747908265972.969,256514,1747908265954.031,-12,1,-189
1747908265992.813,256566,1747908265973.906,-23,8,-177
1747908266012.656,256776,1747908265993.75,-32,6,-149
1747908266032.531,257061,1747908266013.562,-45,-2,-120
1747908266052.344,257225,1747908266033.438,-45,0,-117
1747908266072.219,257376,1747908266053.281,-65,30,-113
1747908266092.062,257346,1747908266073.125,-64,21,-96
1747908266111.969,257175,1747908266092.969,-80,43,-91
1747908266131.75,256790,1747908266112.813,-112,39,-64
1747908266151.594,255822,1747908266132.656,-139,40,-82
1747908266171.438,254521,1747908266152.5,-164,48,-89
1747908266191.312,253339,1747908266172.344,-200,41,-105
1747908266211.156,252346,1747908266192.219,-226,38,-89
1747908266230.969,251582,1747908266212.094,-228,24,-81
1747908266250.844,250990,1747908266231.906,-228,25,-77
1747908266270.688,250540,1747908266251.75,-226,31,-73
1747908266290.5,250184,1747908266271.625,-208,49,-77
1747908266310.344,249908,1747908266291.469,-205,56,-72
1747908266330.313,249691,1747908266311.281,-185,60,-64
1747908266350.063,249528,1747908266331.219,-160,61,-73
1747908266369.875,249353,1747908266350.969,-154,65,-64
1747908266389.75,248968,1747908266370.844,-130,69,-89
1747908266409.594,248244,1747908266390.656,-125,91,-123
1747908266429.469,247343,1747908266410.5,-115,64,-128
1747908266449.281,246479,1747908266430.375,-104,64,-128
1747908266469.125,245744,1747908266450.219,-87,64,-129
1747908266489.0,244994,1747908266470.031,-68,66,-121
1747908266508.844,244302,1747908266489.906,-40,63,-113
1747908266528.688,244146,1747908266509.7808,-22,51,-112
1747908266548.563,244809,1747908266529.625,-45,16,-122
1747908266568.375,245854,1747908266549.469,-39,3,-147
1747908266588.25,246936,1747908266569.344,-32,-4,-169
1747908266608.094,247809,1747908266589.156,-16,-2,-169
1747908266627.938,248582,1747908266609.031,7,0,-165
1747908266647.781,249338,1747908266628.875,8,12,-167
1747908266667.625,250074,1747908266648.6868,28,-7,-177
1747908266687.5,250710,1747908266668.563,47,-12,-178
1747908266707.344,251271,1747908266688.406,38,-20,-184
1747908266727.188,251689,1747908266708.281,46,-17,-192
1747908266747.031,251978,1747908266728.094,47,-1,-207
1747908266766.875,252248,1747908266747.937,47,-9,-209
1747908266786.688,252471,1747908266767.781,46,-8,-225
1747908266806.531,252660,1747908266787.625,19,-8,-210
1747908266826.375,252862,1747908266807.469,12,-9,-209
1747908266846.219,253101,1747908266827.281,19,-7,-192
1747908266866.031,253333,1747908266847.156,10,-9,-186
1747908266885.906,253579,1747908266866.969,-10,-10,-177
1747908266905.75,253816,1747908266886.813,-8,-8,-169
1747908266925.594,253891,1747908266906.625,-7,3,-157
1747908266945.437,253611,1747908266926.5,-12,19,-146
1747908266965.281,252576,1747908266946.406,-22,27,-128
1747908266985.125,251430,1747908266966.188,-36,33,-114
1747908267005.0,251149,1747908266986.031,-39,39,-105
1747908267024.812,251010,1747908267005.906,-55,60,-97
1747908267044.656,250891,1747908267025.719,-89,87,-97
1747908267064.5,250629,1747908267045.594,-117,76,-106
1747908267084.344,250206,1747908267065.406,-126,55,-113
1747908267104.219,249622,1747908267085.281,-157,44,-105
1747908267124.031,248923,1747908267105.156,-201,30,-91
1747908267143.875,248403,1747908267124.969,-225,1,-80
1747908267163.75,248053,1747908267144.813,-234,-17,-85
1747908267183.594,247753,1747908267164.656,-228,-16,-70
1747908267203.406,247475,1747908267184.562,-228,-12,-64
1747908267223.281,247197,1747908267204.375,-208,7,-72
1747908267243.125,246982,1747908267224.188,-192,22,-89
1747908267263.0,246842,1747908267244.031,-183,31,-97
1747908267282.813,246915,1747908267263.906,-165,35,-101
1747908267302.656,247181,1747908267283.75,-145,35,-95
1747908267322.5,247726,1747908267303.562,-137,31,-112
1747908267342.375,248491,1747908267323.438,-148,13,-138
1747908267362.156,249334,1747908267343.281,-177,-12,-162
1747908267382.031,250142,1747908267363.094,-132,-8,-153
1747908267402.031,250789,1747908267382.969,-66,7,-128
1747908267421.75,251346,1747908267402.812,-36,15,-121
1747908267441.594,251721,1747908267422.656,-8,44,-127
1747908267461.406,252004,1747908267442.531,8,54,-138
1747908267481.281,252261,1747908267462.344,15,52,-144
1747908267501.156,252574,1747908267482.187,19,54,-145
1747908267520.937,252859,1747908267502.063,35,56,-128
1747908267540.813,253162,1747908267522.0,47,44,-145
1747908267560.656,253467,1747908267541.719,46,34,-158
1747908267580.5308,253724,1747908267561.594,39,24,-170
1747908267600.344,253965,1747908267581.437,44,7,-190
1747908267620.313,254298,1747908267601.281,39,-8,-200
1747908267640.063,254710,1747908267621.25,27,-17,-203
1747908267659.906,255133,1747908267640.969,37,-29,-205
1747908267679.75,255529,1747908267660.812,31,-30,-216
1747908267699.562,255863,1747908267680.687,35,-26,-217
1747908267719.438,256137,1747908267700.5,39,-15,-220
1747908267739.25,256320,1747908267720.344,40,-8,-217
1747908267759.094,256470,1747908267740.156,35,14,-213
1747908267778.937,256527,1747908267760.031,31,8,-209
1747908267798.781,256515,1747908267779.875,31,12,-185
1747908267818.656,256431,1747908267799.688,24,23,-162
1747908267838.5,256316,1747908267819.531,32,26,-159
1747908267858.313,256178,1747908267839.375,31,33,-149
1747908267878.187,256084,1747908267859.25,31,40,-137
1747908267898.031,256198,1747908267879.094,24,54,-118
1747908267917.875,256306,1747908267898.906,15,71,-113
1747908267937.6882,256467,1747908267918.781,-29,90,-114
1747908267957.562,256530,1747908267938.656,-50,69,-122
1747908267977.437,256347,1747908267958.469,-84,56,-121
1747908267997.25,256021,1747908267978.313,-108,46,-104
1747908268017.063,255724,1747908267998.156,-136,30,-85
1747908268036.938,255550,1747908268018.0308,-161,32,-84
1747908268056.781,255403,1747908268037.875,-184,34,-104
1747908268076.594,255210,1747908268057.687,-201,28,-105
1747908268096.437,254898,1747908268077.531,-221,23,-82
1747908268116.281,254671,1747908268097.406,-231,31,-86
1747908268136.125,254589,1747908268117.188,-207,43,-74
1747908268155.969,254630,1747908268137.031,-199,49,-85
1747908268175.812,254672,1747908268156.906,-178,60,-82
1747908268195.656,254779,1747908268176.75,-153,63,-86
1747908268215.5,255045,1747908268196.594,-142,63,-98
1747908268235.344,255462,1747908268216.406,-143,60,-101
1747908268255.187,256084,1747908268236.281,-146,55,-108
1747908268275.0,256819,1747908268256.062,-145,41,-121
1747908268294.906,257473,1747908268275.969,-159,19,-136
1747908268314.719,257914,1747908268295.813,-112,35,-137
1747908268334.594,258243,1747908268315.656,-104,55,-135
1747908268354.406,258541,1747908268335.5,-64,63,-128
1747908268374.25,258948,1747908268355.344,-53,71,-160
1747908268394.125,259582,1747908268375.1882,-45,62,-161
1747908268413.938,260462,1747908268395.031,-28,49,-157
1747908268433.781,261175,1747908268414.844,3,32,-148
1747908268453.656,261750,1747908268434.719,23,28,-128
1747908268473.469,262255,1747908268454.563,22,20,-154
1747908268493.344,262790,1747908268474.375,15,15,-172
1747908268513.188,263241,1747908268494.219,28,8,-160
1747908268533.0,263605,1747908268514.125,31,9,-162
1747908268552.875,263775,1747908268533.906,50,11,-178
1747908268572.719,263994,1747908268553.781,35,9,-192
1747908268592.531,264331,1747908268573.625,25,6,-209
1747908268612.375,264690,1747908268593.469,35,17,-212
1747908268632.25,264975,1747908268613.281,32,3,-218
1747908268652.062,265248,1747908268633.125,35,0,-217
1747908268671.906,265492,1747908268652.969,39,3,-209
1747908268691.781,265738,1747908268672.844,41,7,-214
1747908268711.594,265881,1747908268692.687,32,16,-217
1747908268731.469,265997,1747908268712.531,30,15,-192
1747908268751.312,266191,1747908268732.375,20,10,-177
1747908268771.156,266624,1747908268752.25,13,16,-177
1747908268791.0,267310,1747908268772.094,7,12,-156
1747908268810.844,268070,1747908268791.906,-13,9,-140
1747908268830.719,268646,1747908268811.75,-34,17,-145
1747908268850.563,269016,1747908268831.656,-49,35,-148
1747908268870.406,269278,1747908268851.531,-64,51,-145
1747908268890.312,269595,1747908268871.344,-49,63,-117
1747908268910.156,269716,1747908268891.187,-45,67,-81
1747908268930.0,269848,1747908268911.094,-64,63,-77
1747908268949.875,269749,1747908268930.938,-72,73,-89
1747908268969.719,269356,1747908268950.781,-97,68,-77
1747908268989.562,268679,1747908268970.625,-129,55,-80
1747908269009.437,267543,1747908268990.5,-192,28,-96
1747908269029.313,266530,1747908269010.375,-232,12,-103
1747908269049.156,265818,1747908269030.219,-241,9,-96
1747908269069.0,265359,1747908269050.062,-235,8,-93
1747908269088.906,265118,1747908269069.937,-232,0,-93
1747908269108.719,265118,1747908269089.813,-220,9,-72
1747908269128.594,265223,1747908269109.625,-212,22,-89
1747908269148.438,265432,1747908269129.5,-192,38,-89
1747908269168.281,265749,1747908269149.375,-177,39,-93
1747908269188.188,266016,1747908269169.25,-166,35,-93
1747908269208.0,266283,1747908269189.094,-153,32,-106
1747908269227.875,266613,1747908269208.937,-122,23,-138
1747908269247.75,267015,1747908269228.812,-113,25,-145
1747908269267.594,267417,1747908269248.688,-89,14,-145
1747908269287.469,267688,1747908269268.5,-52,22,-141
1747908269307.281,267966,1747908269288.344,-31,31,-153
1747908269327.187,268227,1747908269308.219,-26,40,-157
1747908269347.031,268546,1747908269328.094,-20,48,-144
1747908269366.875,268784,1747908269347.969,-7,51,-154
1747908269386.719,269089,1747908269367.781,-2,49,-157
1747908269406.625,269428,1747908269387.687,6,40,-168
1747908269426.469,269754,1747908269407.531,27,24,-172
1747908269446.344,270032,1747908269427.375,42,28,-177
1747908269466.188,270346,1747908269447.25,46,24,-177
1747908269486.031,270696,1747908269467.125,62,33,-177
1747908269505.906,271160,1747908269486.969,62,15,-168
1747908269525.781,271706,1747908269506.844,67,12,-188
1747908269545.594,272225,1747908269526.719,84,8,-180
1747908269565.469,272678,1747908269546.625,76,11,-192
1747908269585.344,273074,1747908269566.406,60,14,-192
1747908269605.187,273314,1747908269586.25,35,28,-212
1747908269625.031,273442,1747908269606.125,15,35,-209
1747908269644.969,273557,1747908269626.0,-13,31,-206
1747908269664.75,273719,1747908269645.906,-16,31,-192
1747908269684.625,273976,1747908269665.656,-29,28,-183
1747908269704.469,274205,1747908269685.531,-25,33,-177
1747908269724.313,274209,1747908269705.406,-17,32,-161
1747908269744.188,274086,1747908269725.25,-11,44,-141
1747908269764.031,273637,1747908269745.062,-11,56,-125
1747908269783.875,272395,1747908269764.937,-12,51,-113
1747908269803.719,269523,1747908269784.813,-22,71,-95
1747908269823.594,267857,1747908269804.656,-61,88,-81
1747908269843.469,267099,1747908269824.531,-140,92,-125
1747908269863.312,266435,1747908269844.375,-168,88,-137
1747908269883.156,265701,1747908269864.25,-189,72,-116
1747908269903.031,264831,1747908269884.094,-184,63,-79
1747908269922.906,263829,1747908269903.937,-167,55,-61
1747908269942.719,262902,1747908269923.844,-157,32,-88
1747908269962.594,262164,1747908269943.656,-180,16,-121
1747908269982.469,261612,1747908269963.531,-173,18,-145
1747908270002.313,261058,1747908269983.375,-159,32,-146
1747908270022.156,260612,1747908270003.219,-135,56,-145
1747908270042.031,260379,1747908270023.094,-112,60,-148
1747908270061.875,260265,1747908270042.969,-89,56,-153
1747908270081.75,260274,1747908270062.781,-112,65,-160
1747908270101.594,260407,1747908270082.656,-108,60,-164
1747908270121.437,260616,1747908270102.531,-99,95,-177
1747908270141.313,260921,1747908270122.375,-79,71,-162
1747908270161.156,261360,1747908270142.25,-70,68,-170
1747908270181.0,261756,1747908270162.062,-58,55,-176
1747908270200.875,262234,1747908270181.906,-29,48,-160
1747908270220.687,262832,1747908270201.813,-17,44,-154
1747908270240.563,263523,1747908270221.594,7,33,-144
1747908270260.406,264229,1747908270241.469,15,24,-138
1747908270280.219,264855,1747908270261.344,35,30,-128
1747908270300.125,265194,1747908270281.125,60,30,-143
1747908270319.969,265328,1747908270301.031,47,27,-162
1747908270339.813,265315,1747908270320.875,44,24,-189
1747908270359.625,265281,1747908270340.719,31,24,-209
1747908270379.531,265492,1747908270360.594,46,-1,-225
1747908270399.312,265766,1747908270380.438,52,-23,-217
1747908270419.188,265934,1747908270400.25,89,-24,-216
1747908270439.0,265913,1747908270420.094,100,-15,-225
1747908270458.844,265842,1747908270439.937,87,-1,-224
1747908270478.719,265733,1747908270459.75,79,8,-217
1747908270498.562,265641,1747908270479.625,52,16,-209
1747908270518.375,265611,1747908270499.469,42,16,-196
1747908270538.25,265696,1747908270519.313,38,23,-177
1747908270558.063,265881,1747908270539.125,37,24,-169
1747908270577.9368,266038,1747908270559.0,25,24,-166
1747908270597.781,266209,1747908270578.844,-8,24,-177
1747908270617.594,266434,1747908270598.719,-16,28,-158
1747908270637.469,266601,1747908270618.5,-25,22,-146
1747908270657.344,266324,1747908270638.375,-17,25,-145
1747908270677.125,265749,1747908270658.25,-13,47,-128
1747908270697.0,265068,1747908270678.094,-15,73,-128
1747908270716.844,264652,1747908270697.906,-4,89,-125
1747908270736.688,264316,1747908270717.75,-20,110,-97
1747908270756.5,263971,1747908270737.594,-36,112,-89
1747908270776.344,263622,1747908270757.437,-58,103,-95
1747908270796.187,263325,1747908270777.281,-96,87,-103
1747908270816.063,263019,1747908270797.125,-154,84,-125
1747908270835.875,262662,1747908270816.969,-208,58,-137
1747908270855.687,262174,1747908270836.812,-218,70,-128
1747908270875.562,261684,1747908270856.625,-212,51,-128
1747908270895.406,261224,1747908270876.5,-207,27,-116
1747908270915.25,260791,1747908270896.375,-180,40,-96
1747908270935.125,260367,1747908270916.187,-168,48,-100
1747908270954.937,259988,1747908270936.062,-157,55,-105
1747908270974.812,259649,1747908270955.875,-152,64,-113
1747908270994.781,259359,1747908270975.719,-144,75,-118
1747908271014.469,259120,1747908270995.719,-125,76,-113
1747908271034.344,258809,1747908271015.4368,-97,79,-106
1747908271054.219,258493,1747908271035.25,-82,84,-98
1747908271074.063,258248,1747908271055.125,-97,68,-97
1747908271093.906,258029,1747908271074.969,-65,72,-122
1747908271113.875,257909,1747908271094.844,-57,71,-150
1747908271133.625,258212,1747908271114.687,-50,47,-148
1747908271153.5,258705,1747908271134.563,-34,40,-148
1747908271173.344,259209,1747908271154.406,-15,30,-154
1747908271193.188,259650,1747908271174.25,-8,14,-160
1747908271213.062,260047,1747908271194.062,-8,15,-169
1747908271232.906,260472,1747908271213.969,10,12,-184
1747908271252.75,260911,1747908271233.844,28,-2,-185
1747908271272.625,261205,1747908271253.719,58,-18,-182
1747908271292.5,261274,1747908271273.531,71,-32,-186
1747908271312.375,260668,1747908271293.406,103,-44,-200
1747908271332.187,259866,1747908271313.281,102,-31,-205
1747908271352.063,259232,1747908271333.156,78,-20,-209
1747908271371.938,258793,1747908271352.969,35,15,-217
1747908271391.812,258554,1747908271372.844,3,12,-221
1747908271411.625,258468,1747908271392.719,-1,-4,-232
1747908271431.5,258441,1747908271412.563,-21,-8,-208
1747908271451.375,258423,1747908271432.406,-25,-10,-209
1747908271471.219,258330,1747908271452.281,-17,-1,-202
1747908271491.062,258124,1747908271472.125,-10,-10,-192
1747908271510.969,257788,1747908271491.969,-4,-12,-185
1747908271530.813,257388,1747908271511.875,-12,0,-159
1747908271550.656,256925,1747908271531.719,-1,16,-160
1747908271570.5,256433,1747908271551.531,-7,22,-160
1747908271590.375,255836,1747908271571.469,-16,32,-157
1747908271610.25,255095,1747908271591.281,-5,49,-128
1747908271630.156,254362,1747908271611.156,-4,66,-102
1747908271649.937,253831,1747908271631.062,-14,83,-77
1747908271669.812,253406,1747908271650.875,-26,104,-81
1747908271689.656,252970,1747908271670.719,-44,112,-93
1747908271709.5,252430,1747908271690.562,-74,99,-105
1747908271729.312,251980,1747908271710.437,-128,76,-102
1747908271749.156,251596,1747908271730.344,-167,63,-106
1747908271769.125,251179,1747908271750.063,-181,53,-96
1747908271788.875,250722,1747908271770.031,-200,57,-93
1747908271808.719,250264,1747908271789.781,-193,48,-86
1747908271828.719,249801,1747908271809.656,-197,52,-89
1747908271848.437,249321,1747908271829.625,-197,57,-115
1747908271868.281,248911,1747908271849.313,-180,61,-95
1747908271888.094,248564,1747908271869.25,-168,68,-105
1747908271907.906,248321,1747908271889.031,-168,76,-96
1747908271927.781,248160,1747908271908.844,-157,79,-109
1747908271947.656,248091,1747908271928.719,-141,83,-113
1747908271967.438,248132,1747908271948.563,-135,78,-121
1747908271987.313,248181,1747908271968.406,-116,76,-125
1747908272007.187,248259,1747908271988.25,-106,72,-126
1747908272027.0,248524,1747908272008.094,-89,67,-137
1747908272046.875,249153,1747908272027.938,-72,71,-128
1747908272066.75,250155,1747908272047.813,-57,60,-128
1747908272086.531,251630,1747908272067.687,-36,44,-153
1747908272106.375,253164,1747908272087.469,-45,28,-160
1747908272126.25,254316,1747908272107.281,-15,25,-160
1747908272146.063,255121,1747908272127.188,-9,39,-153
1747908272165.938,255712,1747908272147.031,8,9,-160
1747908272185.781,256224,1747908272166.812,-2,9,-160
1747908272205.625,256638,1747908272186.687,-4,4,-161
1747908272225.437,257004,1747908272206.531,12,8,-170
1747908272245.313,257339,1747908272226.375,19,1,-179
1747908272265.156,257668,1747908272246.219,28,-9,-188
1747908272285.031,257936,1747908272266.062,48,-8,-185
1747908272304.812,258188,1747908272285.937,51,-8,-192
1747908272324.687,258392,1747908272305.75,60,-1,-192
1747908272344.563,258600,1747908272325.594,56,-1,-210
1747908272364.375,258788,1747908272345.438,64,-1,-217
1747908272384.219,258941,1747908272365.281,62,13,-213
1747908272404.062,259006,1747908272385.125,62,6,-221
1747908272423.906,259033,1747908272405.0,71,0,-220
1747908272443.75,259088,1747908272424.813,51,-3,-210
1747908272463.594,259117,1747908272444.687,44,-4,-192
1747908272483.437,259142,1747908272464.531,32,0,-181
1747908272503.312,259242,1747908272484.375,31,12,-179
1747908272523.156,259506,1747908272504.25,23,12,-164
1747908272543.0,259790,1747908272524.094,8,0,-159
1747908272562.875,260099,1747908272543.937,-8,14,-128
1747908272582.719,260340,1747908272563.781,-25,48,-128
1747908272602.562,260709,1747908272583.625,-45,49,-145
1747908272622.375,261243,1747908272603.469,-52,35,-128
1747908272642.219,261582,1747908272623.312,-64,29,-113
1747908272662.062,261379,1747908272643.187,-65,47,-98
1747908272681.937,260415,1747908272663.0,-89,51,-106
1747908272701.781,259201,1747908272682.875,-114,59,-128
1747908272721.625,258204,1747908272702.688,-148,64,-162
1747908272741.5,257427,1747908272722.594,-170,63,-152
1747908272761.312,256786,1747908272742.406,-141,65,-128
1747908272781.156,256233,1747908272762.25,-153,70,-122
1747908272801.063,255748,1747908272782.063,-173,73,-116
1747908272820.875,255262,1747908272801.938,-164,79,-112
1747908272840.719,254788,1747908272821.812,-159,88,-108
1747908272860.562,254367,1747908272841.625,-153,99,-98
1747908272880.375,254012,1747908272861.469,-148,111,-87
1747908272900.219,253689,1747908272881.313,-138,111,-84
1747908272920.094,253369,1747908272901.125,-125,111,-95
1747908272939.937,253181,1747908272921.031,-121,108,-104
1747908272959.781,253167,1747908272940.812,-116,95,-117
1747908272979.594,253479,1747908272960.6882,-104,92,-121
1747908272999.469,254098,1747908272980.5,-95,83,-127
1747908273019.313,254985,1747908273000.344,-89,71,-145
1747908273039.125,255910,1747908273020.187,-71,54,-147
1747908273059.0,256630,1747908273040.062,-52,31,-141
1747908273078.875,257190,1747908273059.938,-47,35,-141
1747908273098.719,257665,1747908273079.813,-49,22,-158
1747908273118.562,257958,1747908273099.625,-24,3,-161
1747908273138.5,258083,1747908273119.5,-12,-20,-159
1747908273158.281,258085,1747908273139.313,-4,-49,-178
1747908273178.156,257953,1747908273159.188,-9,-49,-185
1747908273197.969,257884,1747908273179.062,8,-64,-192
1747908273217.844,257886,1747908273198.906,31,-72,-191
1747908273237.687,257852,1747908273218.75,51,-68,-203
1747908273257.5632,257746,1747908273238.625,56,-63,-212
1747908273277.406,257712,1747908273258.469,57,-56,-211
1747908273297.25,257621,1747908273278.344,63,-45,-209
1747908273317.125,257435,1747908273298.187,64,-40,-192
1747908273336.969,257243,1747908273318.031,71,-47,-192
1747908273356.813,257111,1747908273337.875,57,-55,-192
1747908273376.656,256954,1747908273357.75,56,-57,-189
1747908273396.531,256878,1747908273377.594,48,-52,-192
1747908273416.375,256850,1747908273397.438,33,-42,-188
1747908273436.219,256784,1747908273417.281,32,-29,-181
1747908273456.094,256754,1747908273437.156,19,-17,-184
1747908273475.937,256792,1747908273457.031,11,-7,-185
1747908273495.812,256907,1747908273476.875,-9,0,-180
1747908273515.656,256980,1747908273496.75,-9,6,-170
1747908273535.5,256994,1747908273516.594,-13,3,-164
1747908273555.375,256914,1747908273536.437,-25,7,-161
1747908273575.25,256400,1747908273556.312,-42,26,-162
1747908273595.062,255302,1747908273576.125,-69,36,-160
1747908273614.938,254478,1747908273595.969,-104,48,-158
1747908273634.7808,254094,1747908273615.875,-136,63,-150
1747908273654.625,253888,1747908273635.687,-145,83,-125
1747908273674.469,253613,1747908273655.531,-129,102,-102
1747908273694.344,253193,1747908273675.406,-116,103,-64
1747908273714.156,252858,1747908273695.281,-132,96,-81
1747908273734.031,252651,1747908273715.094,-161,87,-113
1747908273753.906,252447,1747908273734.937,-165,95,-121
1747908273773.719,252269,1747908273754.875,-153,108,-128
1747908273793.594,252154,1747908273774.656,-133,115,-104
1747908273813.469,252051,1747908273794.5,-132,118,-97
1747908273833.312,252060,1747908273814.375,-121,142,-121
1747908273853.125,252181,1747908273834.187,-106,113,-127
1747908273873.0,252365,1747908273854.063,-106,112,-128
1747908273892.844,252586,1747908273873.906,-103,95,-132
1747908273912.719,252983,1747908273893.75,-112,94,-128
1747908273932.531,253590,1747908273913.594,-100,76,-144
1747908273952.406,254580,1747908273933.5,-95,71,-151
1747908273972.281,255871,1747908273953.3132,-93,63,-161
1747908273992.125,256946,1747908273973.187,-88,44,-164
1747908274011.937,257659,1747908273993.062,-68,35,-157
1747908274031.812,258045,1747908274012.875,-45,31,-149
1747908274051.656,258248,1747908274032.75,-34,16,-162
1747908274071.531,258378,1747908274052.563,-20,-4,-153
1747908274091.437,258474,1747908274072.437,-10,-23,-160
1747908274111.219,258543,1747908274092.375,4,-35,-169
1747908274131.094,258630,1747908274112.125,12,-40,-160
1747908274150.969,258700,1747908274132.031,32,-40,-169
1747908274170.781,258821,1747908274151.844,39,-28,-185
1747908274190.656,259061,1747908274171.719,57,-53,-192
1747908274210.5,259328,1747908274191.562,73,-55,-192
1747908274230.375,259613,1747908274211.438,97,-49,-181
1747908274250.219,259887,1747908274231.25,111,-40,-192
1747908274270.062,260016,1747908274251.187,97,-31,-202
1747908274289.906,260003,1747908274270.937,91,-34,-217
1747908274309.813,260041,1747908274290.844,67,-30,-218
1747908274329.656,260204,1747908274310.719,63,-34,-217
1747908274349.469,260485,1747908274330.625,40,-40,-216
1747908274369.344,260878,1747908274350.406,55,-34,-204
1747908274389.187,261202,1747908274370.25,44,-20,-188
1747908274409.0,261309,1747908274390.094,44,-16,-189
1747908274428.875,261380,1747908274409.969,31,-4,-192
1747908274448.781,261372,1747908274429.844,24,-1,-178
1747908274468.594,261284,1747908274449.656,6,4,-160
1747908274488.406,261111,1747908274469.5,-1,0,-153
1747908274508.281,260761,1747908274489.375,-9,24,-154
1747908274528.219,260276,1747908274509.187,-29,51,-141
1747908274548.0,259648,1747908274529.156,-52,60,-110
1747908274567.844,259013,1747908274548.906,-40,77,-90
1747908274587.688,258278,1747908274568.781,-52,88,-73
1747908274607.563,257213,1747908274588.594,-76,99,-73
1747908274627.437,256408,1747908274608.469,-143,76,-97
1747908274647.281,255969,1747908274628.344,-208,58,-121
1747908274667.125,255612,1747908274648.219,-218,76,-113
1747908274686.969,255272,1747908274668.031,-210,78,-89
1747908274706.844,255049,1747908274687.875,-218,60,-85
1747908274726.656,254847,1747908274707.781,-218,52,-97
1747908274746.531,254675,1747908274727.594,-216,60,-95
1747908274766.375,254556,1747908274747.438,-196,71,-100
1747908274786.25,254470,1747908274767.313,-173,73,-101
1747908274806.062,254481,1747908274787.125,-160,76,-93
1747908274825.906,254655,1747908274807.0,-148,76,-97
1747908274845.781,255115,1747908274826.844,-136,76,-113
1747908274865.625,255970,1747908274846.656,-127,75,-115
1747908274885.469,257084,1747908274866.531,-122,70,-113
1747908274905.344,258349,1747908274886.406,-96,63,-129
1747908274925.187,259328,1747908274906.25,-71,63,-137
1747908274945.031,259936,1747908274926.125,-39,64,-128
1747908274964.875,260311,1747908274945.938,-39,54,-113
1747908274984.719,260621,1747908274965.812,-36,41,-128
1747908275004.562,260869,1747908274985.656,-29,25,-154
1747908275024.437,261112,1747908275005.469,-32,7,-169
1747908275044.25,261533,1747908275025.375,-8,-1,-168
1747908275064.094,261978,1747908275045.219,-4,-17,-178
1747908275083.9692,262512,1747908275065.031,3,-42,-192
1747908275103.812,263196,1747908275084.906,24,-56,-192
1747908275123.688,263841,1747908275104.75,32,-57,-190
1747908275143.5,264456,1747908275124.594,39,-48,-189
1747908275163.344,265069,1747908275144.437,48,-39,-192
1747908275183.219,265668,1747908275164.281,72,-28,-192
1747908275203.094,266159,1747908275184.156,64,-26,-202
1747908275222.906,266516,1747908275203.969,56,-20,-209
1747908275242.781,266770,1747908275223.844,59,-9,-207
1747908275262.625,266954,1747908275243.687,40,-20,-209
1747908275282.5,267158,1747908275263.531,40,-13,-193
1747908275302.344,267320,1747908275283.406,39,-9,-189
1747908275322.188,267419,1747908275303.281,31,-8,-181
1747908275342.062,267415,1747908275323.094,19,-1,-193
1747908275361.937,267360,1747908275343.094,8,-4,-177
1747908275381.75,267233,1747908275362.844,-16,-8,-177
1747908275401.594,267061,1747908275382.688,-16,-4,-160
1747908275421.469,266810,1747908275402.5,-17,8,-153
1747908275441.312,266508,1747908275422.375,-18,32,-145
1747908275461.125,266229,1747908275442.219,-47,43,-138
1747908275481.0,265688,1747908275462.063,-61,48,-153
1747908275500.875,264175,1747908275481.906,-77,62,-141
1747908275520.719,262664,1747908275501.812,-121,60,-125
1747908275540.562,261762,1747908275521.625,-121,80,-115
1747908275560.406,261205,1747908275541.5,-153,81,-100
1747908275580.281,260781,1747908275561.313,-168,80,-103
1747908275600.125,260388,1747908275581.187,-164,45,-95
1747908275619.937,259977,1747908275601.031,-168,51,-98
1747908275639.812,259621,1747908275620.875,-164,56,-64
1747908275659.656,259338,1747908275640.719,-156,51,-64
1747908275679.5,259125,1747908275660.563,-161,57,-64
1747908275699.313,258915,1747908275680.406,-146,74,-73
1747908275719.156,258807,1747908275700.25,-151,88,-84
1747908275739.0,258701,1747908275720.062,-148,92,-89
1747908275758.875,258665,1747908275739.938,-141,84,-97
1747908275778.688,258718,1747908275759.7808,-136,76,-121
1747908275798.531,259039,1747908275779.625,-136,78,-145
1747908275818.375,259695,1747908275799.437,-121,80,-160
1747908275838.25,260609,1747908275819.313,-111,68,-162
1747908275858.063,261719,1747908275839.188,-80,50,-161
1747908275877.938,262587,1747908275859.0,-93,36,-161
1747908275897.812,263227,1747908275878.875,-83,28,-162
1747908275917.625,263736,1747908275898.6868,-57,18,-164
1747908275937.469,264074,1747908275918.531,-44,-14,-155
1747908275957.281,264310,1747908275938.375,-32,-31,-157
1747908275977.156,264694,1747908275958.219,-20,-44,-161
1747908275997.0,265060,1747908275978.062,-15,-57,-154
1747908276016.875,265314,1747908275997.906,17,-58,-177
1747908276036.688,265565,1747908276017.813,37,-44,-181
1747908276056.531,265808,1747908276037.625,60,-36,-186
1747908276076.375,266045,1747908276057.406,84,-28,-191
1747908276096.25,266177,1747908276077.281,103,-24,-189
1747908276116.062,266265,1747908276097.156,107,-16,-209
1747908276136.0,266320,1747908276117.0,96,-15,-224
1747908276155.813,266502,1747908276136.844,79,-8,-224
1747908276175.687,266919,1747908276156.719,60,-10,-230
1747908276195.531,267477,1747908276176.562,44,-8,-237
1747908276215.375,268023,1747908276196.469,7,-15,-225
1747908276235.281,268463,1747908276216.281,12,-13,-205
1747908276255.094,268665,1747908276236.156,-1,-8,-204
1747908276275.0,268665,1747908276256.0,-4,-1,-178
1747908276294.781,268579,1747908276275.844,-1,15,-162
1747908276314.625,268527,1747908276295.656,-1,23,-153
1747908276334.5,268558,1747908276315.531,-2,38,-138
1747908276354.281,268587,1747908276335.375,-3,44,-128
1747908276374.156,268316,1747908276355.219,-15,51,-129
1747908276394.0,267590,1747908276375.063,-29,59,-116
1747908276413.844,266912,1747908276394.906,-31,64,-106
1747908276433.656,266140,1747908276414.781,-56,64,-102
1747908276453.531,265120,1747908276434.594,-84,56,-105
1747908276473.437,264134,1747908276454.406,-104,62,-109
1747908276493.219,263446,1747908276474.281,-127,80,-96
1747908276513.031,262963,1747908276494.1558,-154,78,-91
1747908276532.906,262591,1747908276514.0,-161,83,-81
1747908276552.781,262328,1747908276533.844,-184,70,-82
1747908276572.594,262114,1747908276553.688,-201,63,-82
1747908276592.438,262016,1747908276573.531,-207,71,-87
1747908276612.375,262012,1747908276593.406,-185,81,-91
1747908276632.156,262042,1747908276613.219,-177,87,-74
1747908276652.0,262166,1747908276633.0618,-170,99,-85
1747908276671.875,262414,1747908276652.906,-168,103,-96
1747908276691.656,262805,1747908276672.75,-151,97,-113
1747908276711.531,263264,1747908276692.625,-137,102,-122
1747908276731.406,263656,1747908276712.469,-117,100,-128
1747908276751.25,264047,1747908276732.406,-92,95,-146
1747908276771.094,264442,1747908276752.156,-82,88,-128
1747908276790.906,264966,1747908276772.031,-66,80,-138
1747908276810.781,265614,1747908276791.812,-65,67,-139
1747908276830.625,266219,1747908276811.687,-45,60,-132
1747908276850.437,266666,1747908276831.531,-21,48,-128
1747908276870.281,266937,1747908276851.375,-13,60,-128
1747908276890.125,267176,1747908276871.219,-5,24,-138
1747908276910.031,267424,1747908276891.031,7,9,-147
1747908276929.812,267685,1747908276910.906,-8,-7,-139
1747908276949.656,267930,1747908276930.75,7,-17,-179
1747908276969.469,268337,1747908276950.531,24,-24,-188
1747908276989.344,268809,1747908276970.375,32,-29,-216
1747908277009.187,269327,1747908276990.281,33,-37,-218
1747908277029.031,269718,1747908277010.156,51,-48,-241
1747908277048.906,270038,1747908277029.969,76,-60,-244
1747908277068.781,270203,1747908277049.844,79,-50,-241
1747908277088.594,270249,1747908277069.687,92,-40,-228
1747908277108.469,270244,1747908277089.531,92,-24,-223
1747908277128.344,270207,1747908277109.406,86,-10,-220
1747908277148.1882,270244,1747908277129.25,72,4,-211
1747908277168.031,270263,1747908277149.094,80,12,-184
1747908277187.906,270331,1747908277168.937,67,9,-176
1747908277207.75,270385,1747908277188.812,46,30,-177
1747908277227.656,270447,1747908277208.688,51,16,-166
1747908277247.5,270381,1747908277228.5,46,15,-160
1747908277267.344,270112,1747908277248.437,19,22,-152
1747908277287.219,269653,1747908277268.281,7,15,-144
1747908277307.062,268932,1747908277288.156,-23,32,-145
1747908277326.906,268382,1747908277307.969,-36,48,-145
1747908277346.781,268047,1747908277327.844,-65,46,-141
1747908277366.625,267768,1747908277347.719,-96,28,-145
1747908277386.469,267545,1747908277367.531,-113,36,-128
1747908277406.313,267237,1747908277387.344,-121,46,-127
1747908277426.156,266709,1747908277407.281,-136,64,-109
1747908277446.0,266068,1747908277427.062,-136,59,-93
1747908277465.844,265481,1747908277446.937,-141,48,-81
1747908277485.75,265044,1747908277466.844,-157,62,-82
1747908277505.563,264741,1747908277486.625,-165,79,-96
1747908277525.4058,264524,1747908277506.469,-180,99,-113
1747908277545.25,264393,1747908277526.312,-153,115,-141
1747908277565.094,264262,1747908277546.187,-157,111,-128
1747908277584.938,264136,1747908277566.031,-130,99,-118
1747908277604.813,263988,1747908277585.875,-124,95,-113
1747908277624.687,263853,1747908277605.719,-113,88,-114
1747908277644.531,263648,1747908277625.594,-100,88,-126
1747908277664.344,263469,1747908277645.438,-108,96,-153
1747908277684.219,263519,1747908277665.281,-94,92,-168
1747908277704.063,263954,1747908277685.125,-66,81,-177
1747908277723.937,264772,1747908277704.969,-37,61,-160
1747908277743.781,265500,1747908277724.812,-13,56,-128
1747908277763.594,265806,1747908277744.719,16,52,-116
1747908277783.5,265888,1747908277764.531,24,54,-138
1747908277803.344,265961,1747908277784.406,15,56,-162
1747908277823.187,266087,1747908277804.25,14,46,-171
1747908277843.031,266213,1747908277824.094,33,46,-160
1747908277862.875,266264,1747908277843.969,44,40,-164
1747908277882.719,266032,1747908277863.812,67,30,-177
1747908277902.562,265630,1747908277883.625,43,24,-209
1747908277922.406,265345,1747908277903.5,52,-2,-218
1747908277942.281,265340,1747908277923.313,88,-25,-205
1747908277962.156,265354,1747908277943.156,112,-36,-207
1747908277981.938,265176,1747908277963.031,111,-33,-208
1747908278001.812,264943,1747908277982.875,96,-12,-233
1747908278021.75,264750,1747908278002.719,64,7,-224
1747908278041.531,264722,1747908278022.563,56,7,-226
1747908278061.344,264863,1747908278042.469,51,6,-209
1747908278081.187,265153,1747908278062.281,39,12,-186
1747908278101.031,265518,1747908278082.094,47,23,-177
1747908278120.906,266129,1747908278101.938,40,33,-169
1747908278140.719,266774,1747908278121.844,35,35,-162
1747908278160.625,267135,1747908278141.656,26,44,-160
1747908278180.437,266796,1747908278161.469,18,49,-160
1747908278200.281,265672,1747908278181.344,8,51,-164
1747908278220.094,263377,1747908278201.188,-8,56,-162
1747908278239.969,261353,1747908278221.031,-36,52,-153
1747908278259.7808,260854,1747908278240.875,-57,44,-158
1747908278279.656,260608,1747908278260.687,-89,43,-141
1747908278299.469,260298,1747908278280.594,-106,83,-128
1747908278319.313,259938,1747908278300.406,-105,86,-113
1747908278339.156,259604,1747908278320.25,-116,86,-113
1747908278359.031,259317,1747908278340.094,-148,83,-114
1747908278378.844,259065,1747908278359.937,-152,97,-127
1747908278398.6868,258834,1747908278379.75,-160,96,-128
1747908278418.531,258627,1747908278399.625,-149,79,-113
1747908278438.344,258431,1747908278419.406,-125,86,-106
1747908278458.219,258300,1747908278439.281,-116,95,-118
1747908278478.0,258183,1747908278459.125,-115,103,-122
1747908278497.844,258103,1747908278478.937,-101,108,-137
1747908278517.688,258104,1747908278498.75,-87,105,-132
1747908278537.563,258195,1747908278518.563,-74,99,-141
1747908278557.344,258319,1747908278538.406,-64,95,-144
1747908278577.187,258524,1747908278558.281,-40,103,-158
1747908278597.031,258728,1747908278578.125,-31,101,-161
1747908278616.875,258929,1747908278597.938,-28,97,-159
1747908278636.719,259042,1747908278617.813,-8,89,-161
1747908278656.531,259225,1747908278637.656,-12,86,-159
1747908278676.406,259494,1747908278657.531,-15,75,-161
1747908278696.25,259820,1747908278677.313,-13,54,-162
1747908278716.063,260145,1747908278697.156,11,27,-160
1747908278735.906,260550,1747908278716.969,24,23,-177
1747908278755.875,260944,1747908278736.844,41,28,-169
1747908278775.594,261396,1747908278756.781,33,24,-170
1747908278795.469,261889,1747908278776.5,56,15,-173
1747908278815.281,262420,1747908278796.375,62,23,-186
1747908278835.125,262945,1747908278816.219,65,20,-183
1747908278855.0,263396,1747908278836.062,71,13,-185
1747908278874.844,263760,1747908278855.937,79,6,-193
1747908278894.656,264060,1747908278875.75,89,16,-201
1747908278914.531,264303,1747908278895.625,92,11,-202
1747908278934.375,264434,1747908278915.437,96,12,-209
1747908278954.219,264496,1747908278935.281,84,12,-196
1747908278974.062,264429,1747908278955.125,84,8,-202
1747908278993.875,264270,1747908278975.0,65,6,-192
1747908279013.75,264211,1747908278994.813,51,6,-189
1747908279033.625,264273,1747908279014.687,33,0,-177
1747908279053.437,264517,1747908279034.562,27,2,-162
1747908279073.312,264833,1747908279054.375,15,-4,-152
1747908279093.313,265066,1747908279074.219,11,1,-137
1747908279113.031,265030,1747908279094.187,9,-2,-128
1747908279132.906,264505,1747908279113.937,-5,-9,-117
1747908279152.75,263735,1747908279133.844,-36,14,-116
1747908279172.625,262900,1747908279153.656,-69,24,-118
1747908279192.5,262094,1747908279173.531,-65,47,-119
1747908279212.406,261301,1747908279193.375,-84,56,-127
1747908279232.219,260447,1747908279213.25,-88,65,-146
1747908279252.063,259739,1747908279233.094,-102,75,-160
1747908279271.938,259237,1747908279252.969,-121,62,-177
1747908279291.781,258726,1747908279272.844,-122,61,-161
1747908279311.625,258184,1747908279292.719,-112,63,-159
1747908279331.5,257644,1747908279312.563,-108,62,-154
1747908279351.375,257005,1747908279332.406,-104,71,-161
1747908279371.219,256395,1747908279352.25,-108,63,-165
1747908279391.062,255836,1747908279372.125,-105,49,-160
1747908279410.906,255440,1747908279391.937,-93,23,-137
1747908279430.781,255239,1747908279411.813,-89,14,-122
1747908279450.563,255202,1747908279431.688,-76,24,-120
1747908279470.438,255207,1747908279451.531,-49,31,-125
1747908279490.312,255287,1747908279471.344,-53,31,-140
1747908279510.156,255417,1747908279491.219,-50,32,-162
1747908279529.969,255559,1747908279511.063,-72,44,-160
1747908279549.844,255637,1747908279530.906,-68,49,-159
1747908279569.687,255688,1747908279550.781,-64,54,-169
1747908279589.531,255687,1747908279570.594,-52,50,-177
1747908279609.375,255660,1747908279590.406,-45,44,-180
1747908279629.219,255585,1747908279610.281,-41,35,-175
1747908279649.063,255465,1747908279630.125,-38,31,-153
1747908279668.937,255383,1747908279650.0,-40,21,-145
1747908279688.781,255323,1747908279669.844,-40,19,-138
1747908279708.594,255286,1747908279689.688,-36,16,-128
1747908279728.438,255235,1747908279709.531,-32,12,-138
1747908279748.281,255097,1747908279729.344,-41,7,-143
1747908279768.125,254978,1747908279749.187,-56,7,-150
1747908279787.937,254835,1747908279769.031,-64,4,-153
1747908279807.813,254617,1747908279788.875,-48,12,-154
1747908279827.656,254385,1747908279808.719,-48,9,-157
1747908279847.5,254192,1747908279828.562,-61,15,-144
1747908279867.344,253880,1747908279848.437,-41,9,-139
1747908279887.281,253168,1747908279868.25,-24,0,-137
1747908279907.031,252273,1747908279888.094,-39,-9,-137
1747908279926.875,251536,1747908279907.969,-49,-16,-150
1747908279946.687,250872,1747908279927.812,-57,-12,-161
1747908279966.531,250221,1747908279947.625,-69,-15,-152
1747908279986.406,249597,1747908279967.438,-71,-18,-157
1747908280006.25,249005,1747908279987.344,-61,-16,-148
1747908280026.094,248508,1747908280007.156,-61,-24,-140
1747908280045.937,248073,1747908280027.031,-61,-20,-128
1747908280065.781,247777,1747908280046.875,-68,-20,-146
1747908280085.656,247567,1747908280066.75,-65,-20,-145
1747908280105.625,247383,1747908280086.563,-72,-21,-145
1747908280125.344,247290,1747908280106.562,-61,-21,-153
1747908280145.219,247268,1747908280126.281,-66,-9,-148
1747908280165.062,247226,1747908280146.156,-49,-8,-141
1747908280184.906,247204,1747908280166.0,-64,-18,-138
1747908280204.813,247114,1747908280185.844,-66,-18,-128
1747908280224.625,246955,1747908280205.719,-61,-4,-138
1747908280244.5,246710,1747908280225.563,-65,-22,-140
1747908280264.344,246383,1747908280245.406,-71,-13,-148
1747908280284.219,246021,1747908280265.281,-73,-2,-146
1747908280304.094,245722,1747908280285.156,-64,-16,-128
1747908280323.937,245469,1747908280304.969,-58,-25,-141
1747908280343.781,245165,1747908280324.875,-71,-18,-146
1747908280363.656,244838,1747908280344.719,-72,-20,-145
1747908280383.5,244485,1747908280364.562,-61,-16,-138
1747908280403.344,244156,1747908280384.437,-61,-18,-138
1747908280423.219,243861,1747908280404.281,-52,-20,-138
1747908280443.063,243528,1747908280424.094,-56,-18,-133
1747908280462.875,243250,1747908280444.0,-64,-19,-137
1747908280482.75,242959,1747908280463.75,-50,-24,-144
1747908280502.594,242646,1747908280483.656,-65,-24,-140
1747908280522.406,242351,1747908280503.531,-65,-21,-145
1747908280542.281,241926,1747908280523.344,-55,-20,-145
1747908280562.125,241414,1747908280543.219,-68,-18,-145
1747908280582.0,240835,1747908280563.062,-60,-25,-141
1747908280601.844,240211,1747908280582.906,-57,-21,-128
1747908280621.688,239568,1747908280602.781,-60,-23,-128
1747908280641.531,238945,1747908280622.5942,-68,-20,-149
1747908280661.375,238373,1747908280642.437,-65,-23,-138
1747908280681.187,237846,1747908280662.281,-57,-23,-145
1747908280701.031,237371,1747908280682.156,-58,-21,-145
1747908280720.906,236919,1747908280701.938,-62,-18,-128
1747908280740.75,236547,1747908280721.781,-57,-19,-137
1747908280760.562,236183,1747908280741.656,-56,-23,-145
1747908280780.5,235847,1747908280761.469,-60,-21,-144
1747908280800.281,235520,1747908280781.4382,-58,-16,-138
1747908280820.156,235196,1747908280801.219,-55,-22,-146
1747908280839.969,234829,1747908280821.062,-58,-16,-141
1747908280859.812,234471,1747908280840.906,-65,-25,-144
1747908280879.687,234129,1747908280860.75,-65,-24,-145
1747908280899.656,233790,1747908280880.594,-57,-17,-138
1747908280919.375,233483,1747908280900.438,-56,-29,-137
1747908280939.219,233186,1747908280920.312,-52,-18,-138
1747908280959.062,232893,1747908280940.125,-68,-20,-145
1747908280978.906,232625,1747908280960.0,-63,-17,-144
1747908280998.75,232382,1747908280979.813,-64,-15,-145
1747908281018.594,232157,1747908280999.687,-58,-16,-150
1747908281038.437,231922,1747908281019.594,-61,-18,-142
1747908281058.281,231727,1747908281039.344,-55,-16,-146
1747908281078.125,231526,1747908281059.188,-55,-23,-145
1747908281097.938,231319,1747908281079.063,-65,-18,-145
1747908281117.813,231117,1747908281098.906,-57,-21,-145
1747908281137.656,230919,1747908281118.719,-61,-15,-142
1747908281157.5,230702,1747908281138.562,-61,-17,-137
1747908281177.313,230378,1747908281158.375,-56,-20,-145
1747908281197.156,229935,1747908281178.25,-64,-18,-138
1747908281217.0,229433,1747908281198.031,-53,-20,-144
1747908281236.875,228867,1747908281217.906,-57,-18,-140
1747908281256.656,228327,1747908281237.75,-55,-16,-144
1747908281276.531,227799,1747908281257.594,-56,-20,-128
1747908281296.375,227288,1747908281277.438,-64,-24,-137
1747908281316.219,226840,1747908281297.281,-68,-24,-145
1747908281336.031,226421,1747908281317.125,-66,-20,-146
1747908281355.906,226028,1747908281336.969,-57,-16,-146
1747908281375.719,225684,1747908281356.813,-57,-20,-145
1747908281395.563,225384,1747908281376.656,-56,-16,-148
1747908281415.375,225085,1747908281396.4692,-68,-16,-141
1747908281435.219,224787,1747908281416.312,-62,-17,-148
1747908281455.188,224480,1747908281436.188,-57,-20,-145
1747908281474.906,224172,1747908281456.094,-61,-21,-147
1747908281494.75,223862,1747908281475.844,-57,-17,-136
1747908281514.563,223569,1747908281495.656,-68,-15,-138
1747908281534.437,223310,1747908281515.5,-65,-5,-141
1747908281554.281,223018,1747908281535.344,-59,-20,-145
1747908281574.094,222744,1747908281555.156,-58,-16,-146
1747908281593.9382,222511,1747908281575.0,-57,-16,-145
1747908281613.75,222253,1747908281594.875,-52,-18,-145
1747908281633.625,221995,1747908281614.687,-53,-20,-138
1747908281653.469,221800,1747908281634.5,-53,-20,-146
1747908281673.313,221579,1747908281654.375,-52,-20,-148
1747908281693.156,221352,1747908281674.25,-52,-16,-137
1747908281713.031,221160,1747908281694.094,-60,-22,-128
1747908281732.875,220974,1747908281713.937,-68,-18,-139
1747908281752.687,220811,1747908281733.781,-66,-17,-147
1747908281772.563,220633,1747908281753.625,-59,-13,-145
1747908281792.438,220417,1747908281773.469,-61,-17,-145
1747908281812.281,220226,1747908281793.344,-41,-17,-146
1747908281832.125,219933,1747908281813.188,-56,-18,-144
1747908281851.969,219507,1747908281833.063,-52,-17,-148
1747908281871.844,219009,1747908281852.875,-64,-23,-145
1747908281891.687,218454,1747908281872.75,-66,-17,-145
1747908281911.531,217935,1747908281892.625,-58,-16,-145
1747908281931.406,217435,1747908281912.469,-64,-25,-136
1747908281951.25,216919,1747908281932.281,-58,-17,-145
1747908281971.125,216489,1747908281952.156,-55,-18,-145
1747908281990.969,216072,1747908281972.0,-57,-20,-152
1747908282010.812,215706,1747908281991.906,-65,-19,-148
1747908282030.656,215357,1747908282011.719,-56,-20,-145
1747908282050.531,215043,1747908282031.594,-50,-19,-140
1747908282070.375,214756,1747908282051.437,-53,-18,-145
1747908282090.219,214460,1747908282071.281,-52,-17,-145
1747908282110.094,214168,1747908282091.125,-52,-15,-141
1747908282129.969,213855,1747908282111.031,-57,-16,-144
1747908282149.781,213543,1747908282131.0,-61,-16,-136
1747908282169.656,213217,1747908282150.719,-52,-24,-136
1747908282189.5,212937,1747908282170.563,-61,-25,-138
1747908282209.375,212669,1747908282190.406,-61,-2,-145
1747908282229.219,212409,1747908282210.25,-57,-21,-145
1747908282249.094,212141,1747908282230.125,-64,-20,-141
1747908282268.937,211914,1747908282249.969,-61,-21,-123
1747908282288.781,211688,1747908282269.906,-55,-24,-145
1747908282308.594,211484,1747908282289.688,-64,-18,-145
1747908282328.469,211290,1747908282309.531,-64,-16,-151
1747908282348.344,211128,1747908282329.406,-61,-18,-145
1747908282368.25,210947,1747908282349.25,-55,-17,-139
1747908282388.031,210819,1747908282369.1558,-58,-20,-145
1747908282407.875,210729,1747908282388.969,-58,-20,-145
1747908282427.75,210604,1747908282408.812,-56,-18,-141
1747908282447.594,210522,1747908282428.656,-56,-20,-128
1747908282467.438,210429,1747908282448.5,-63,-16,-139
1747908282487.344,210330,1747908282468.375,-54,-20,-141
1747908282507.156,210166,1747908282488.25,-50,-22,-136
1747908282527.031,209903,1747908282508.0618,-55,-16,-141
1747908282546.875,209540,1747908282527.969,-50,-15,-146
1747908282566.719,209138,1747908282547.781,-55,-17,-136
1747908282586.563,208697,1747908282567.656,-65,-29,-147
1747908282606.437,208297,1747908282587.5,-63,-5,-138
1747908282626.281,207895,1747908282607.344,-66,-20,-128
1747908282646.125,207516,1747908282627.219,-49,-18,-140
1747908282666.0,207191,1747908282647.063,-52,-20,-145
1747908282685.844,206915,1747908282666.906,-64,-20,-145
1747908282705.687,206672,1747908282686.75,-61,-20,-141
1747908282725.531,206447,1747908282706.594,-63,-20,-145
1747908282745.375,206239,1747908282726.469,-48,-17,-139
1747908282765.25,206050,1747908282746.312,-53,-20,-138
1747908282785.094,205863,1747908282766.156,-63,-19,-137
1747908282804.9368,205663,1747908282786.0,-55,-20,-141
1747908282824.813,205462,1747908282805.844,-48,-21,-145
1747908282844.656,205269,1747908282825.688,-52,-20,-144
1747908282864.5,205065,1747908282845.562,-53,-19,-145
1747908282884.344,204921,1747908282865.406,-56,-16,-138
1747908282904.187,204743,1747908282885.25,-52,-18,-137
1747908282924.031,204572,1747908282905.094,-57,-26,-145
1747908282943.906,204421,1747908282924.969,-64,-17,-137
1747908282963.719,204276,1747908282944.812,-64,-21,-138
1747908282983.562,204146,1747908282964.688,-64,-20,-146
1747908283003.406,204032,1747908282984.5,-52,-18,-145
1747908283023.281,203911,1747908283004.344,-61,-16,-140
1747908283043.094,203834,1747908283024.187,-71,-17,-128
1747908283062.969,203747,1747908283044.062,-61,-16,-145
1747908283082.812,203675,1747908283063.906,-50,-20,-140
1747908283102.656,203611,1747908283083.719,-63,-16,-141
1747908283122.563,203566,1747908283103.563,-64,-16,-145
1747908283142.344,203511,1747908283123.5,-58,-20,-128
1747908283162.25,203461,1747908283143.25,-52,-21,-128
1747908283182.156,203428,1747908283163.094,-64,-24,-136
1747908283201.844,203347,1747908283183.063,-61,-17,-137
1747908283221.719,203218,1747908283202.812,-49,-16,-146
1747908283241.562,202976,1747908283222.656,-64,-20,-145
1747908283261.406,202657,1747908283242.469,-53,-24,-145
1747908283281.25,202272,1747908283262.313,-57,-25,-137
1747908283301.094,201932,1747908283282.219,-56,-24,-137
1747908283320.938,201581,1747908283302.031,-57,-25,-137
1747908283340.812,201291,1747908283321.875,-55,-20,-136
1747908283360.656,201011,1747908283341.719,-56,-17,-138
1747908283380.563,200769,1747908283361.594,-57,-17,-141
1747908283400.375,200549,1747908283381.5,-60,-24,-137
1747908283420.219,200398,1747908283401.312,-52,-16,-145
1747908283440.094,200234,1747908283421.125,-57,-20,-141
1747908283459.906,200094,1747908283441.0,-56,-25,-141
1747908283479.781,199955,1747908283460.844,-55,-20,-149
1747908283499.687,199833,1747908283480.719,-56,-18,-146
1747908283519.5,199725,1747908283500.531,-64,-16,-136
1747908283539.344,199604,1747908283520.406,-63,-21,-145
1747908283559.188,199471,1747908283540.281,-58,-24,-141
1747908283579.063,199341,1747908283560.0942,-53,-20,-145
1747908283598.906,199221,1747908283579.969,-52,-20,-145
1747908283618.719,199109,1747908283599.812,-53,-15,-144
1747908283638.594,199031,1747908283619.688,-54,-18,-146
1747908283658.438,198949,1747908283639.531,-55,-24,-141
1747908283678.313,198873,1747908283659.375,-58,-20,-145
1747908283698.156,198809,1747908283679.219,-57,-16,-145
1747908283718.0,198761,1747908283699.094,-64,-16,-145
1747908283737.844,198712,1747908283718.906,-58,-20,-138
1747908283757.719,198704,1747908283738.781,-55,-16,-144
1747908283777.531,198664,1747908283758.625,-64,-16,-141
1747908283797.375,198656,1747908283778.437,-56,-19,-145
1747908283817.219,198667,1747908283798.25,-55,-24,-144
1747908283837.125,198667,1747908283818.125,-52,-16,-139
1747908283856.906,198677,1747908283838.0,-53,-18,-143
1747908283876.75,198691,1747908283857.875,-56,-20,-128
1747908283896.594,198728,1747908283877.656,-49,-16,-136
1747908283916.469,198720,1747908283897.5,-61,-24,-145
1747908283936.281,198598,1747908283917.344,-57,-28,-145
1747908283956.094,198410,1747908283937.187,-61,-25,-125
1747908283975.969,198172,1747908283957.094,-54,-15,-142
1747908283995.812,197897,1747908283976.875,-56,-23,-141
1747908284015.625,197609,1747908283996.719,-54,-25,-145
1747908284035.5,197336,1747908284016.594,-68,-17,-128
1747908284055.344,197109,1747908284036.437,-61,-16,-145
1747908284075.219,196906,1747908284056.25,-55,-24,-145
1747908284095.031,196766,1747908284076.094,-52,-23,-146
1747908284114.875,196647,1747908284095.969,-57,-16,-145
1747908284134.719,196555,1747908284115.813,-64,-16,-145
1747908284154.625,196484,1747908284135.594,-53,-19,-144
1747908284174.406,196431,1747908284155.531,-66,-17,-141
1747908284194.219,196372,1747908284175.313,-60,-16,-136
1747908284214.063,196303,1747908284195.156,-54,-20,-143
1747908284233.906,196246,1747908284215.0,-58,-1,-148
1747908284253.781,196190,1747908284234.812,-64,-20,-138
1747908284273.594,196130,1747908284254.687,-63,-16,-145
1747908284293.437,196081,1747908284274.531,-61,-29,-136
1747908284313.281,196043,1747908284294.344,-64,-19,-128
1747908284333.125,195994,1747908284314.219,-41,-20,-137
1747908284352.969,195994,1747908284334.031,-53,-20,-141
1747908284372.812,195986,1747908284353.906,-58,-18,-145
1747908284392.656,195994,1747908284373.75,-55,-24,-146
1747908284412.531,195989,1747908284393.594,-49,-20,-141
1747908284432.375,196028,1747908284413.437,-56,-20,-145
1747908284452.219,196068,1747908284433.312,-70,-23,-145
1747908284472.094,196114,1747908284453.125,-61,-21,-143
1747908284491.906,196153,1747908284473.0,-66,-18,-128
1747908284511.75,196179,1747908284492.844,-53,-20,-145
1747908284531.594,196255,1747908284512.687,-68,-17,-138
1747908284551.469,196313,1747908284532.531,-64,-25,-138
1747908284571.312,196399,1747908284552.375,-63,-33,-143
1747908284591.125,196470,1747908284572.219,-56,-17,-145
1747908284611.0,196529,1747908284592.062,-63,-24,-138
1747908284630.875,196487,1747908284611.937,-52,-24,-145
1747908284650.719,196342,1747908284631.719,-55,-20,-144
1747908284670.563,196140,1747908284651.625,-65,-17,-138
1747908284690.375,195923,1747908284671.438,-68,-16,-138
1747908284710.219,195708,1747908284691.344,-66,-16,-128
1747908284730.062,195518,1747908284711.156,-65,-16,-142
1747908284749.906,195384,1747908284730.969,-57,-21,-145
1747908284769.781,195265,1747908284750.813,-52,-25,-144
1747908284789.594,195172,1747908284770.75,-63,-17,-145
1747908284809.438,195112,1747908284790.5,-49,-16,-153
1747908284829.312,195077,1747908284810.344,-64,-16,-143
1747908284849.094,195078,1747908284830.188,-52,-20,-143
1747908284868.938,195091,1747908284850.031,-52,-18,-145
1747908284888.781,195091,1747908284869.844,-36,-18,-145
1747908284908.625,195081,1747908284889.687,-64,-16,-129
1747908284928.469,195077,1747908284909.531,-56,-20,-145
1747908284948.281,195076,1747908284929.375,-59,-24,-139
1747908284968.125,195070,1747908284949.219,-61,-20,-136
1747908284987.969,195196,1747908284969.031,-56,-18,-160
1747908285007.781,195483,1747908284988.875,-57,-32,-168
1747908285027.625,196024,1747908285008.719,-63,-32,-169
1747908285047.469,196706,1747908285028.563,-42,-39,-162
1747908285067.281,197282,1747908285048.375,-29,-39,-186
1747908285087.156,197832,1747908285068.219,-26,-25,-191
1747908285106.9692,198422,1747908285088.062,-40,-16,-192
1747908285126.812,198956,1747908285107.937,-32,-13,-189
1747908285146.656,199394,1747908285127.687,-15,-7,-176
1747908285166.5,199794,1747908285147.563,-16,-1,-177
1747908285186.313,200184,1747908285167.406,-17,31,-162
1747908285206.125,200563,1747908285187.25,-9,24,-146
1747908285225.969,200958,1747908285207.062,-20,36,-145
1747908285245.844,201314,1747908285226.906,-45,43,-129
1747908285265.625,201621,1747908285246.719,-41,43,-121
1747908285285.469,201794,1747908285266.594,-63,47,-113
1747908285305.313,201836,1747908285286.437,-81,56,-92
1747908285325.156,201631,1747908285306.219,-93,59,-81
1747908285345.0,201174,1747908285326.094,-141,41,-106
1747908285364.813,200565,1747908285345.906,-193,22,-138
1747908285384.688,200031,1747908285365.75,-218,24,-148
1747908285404.5,199635,1747908285385.594,-216,38,-128
1747908285424.375,199348,1747908285405.406,-209,56,-108
1747908285444.187,199244,1747908285425.281,-202,51,-93
1747908285464.063,199319,1747908285445.125,-210,44,-96
1747908285483.938,199651,1747908285464.969,-194,24,-97
1747908285503.75,200257,1747908285484.844,-175,24,-90
1747908285523.562,201038,1747908285504.656,-148,24,-77
1747908285543.437,201970,1747908285524.531,-116,37,-74
1747908285563.281,203114,1747908285544.344,-101,25,-89
1747908285583.125,204322,1747908285564.188,-82,17,-96
1747908285602.969,205604,1747908285584.062,-56,14,-106
1747908285622.812,206803,1747908285603.906,-41,24,-121
1747908285642.688,207877,1747908285623.688,-20,19,-125
1747908285662.563,208817,1747908285643.594,-20,12,-121
1747908285682.375,209584,1747908285663.469,1,-1,-148
1747908285702.219,210218,1747908285683.312,9,-14,-154
1747908285722.094,210690,1747908285703.156,31,-23,-164
1747908285741.9382,211004,1747908285722.969,48,-25,-177
1747908285761.781,211234,1747908285742.875,60,-32,-182
1747908285781.625,211496,1747908285762.687,71,-36,-192
1747908285801.469,211907,1747908285782.531,75,-45,-207
1747908285821.344,212510,1747908285802.375,76,-50,-205
1747908285841.25,213158,1747908285822.219,76,-49,-208
1747908285861.031,213897,1747908285842.125,68,-57,-208
1747908285880.906,214702,1747908285861.969,72,-40,-221
1747908285900.75,215466,1747908285881.813,56,-36,-225
1747908285920.563,216129,1747908285901.625,56,-21,-224
1747908285940.406,216648,1747908285921.531,63,-14,-217
1747908285960.281,217040,1747908285941.344,59,-8,-209
1747908285980.094,217332,1747908285961.219,59,-6,-209
1747908285999.969,217516,1747908285981.031,54,6,-200
1747908286019.781,217772,1747908286000.906,46,15,-192
1747908286039.625,218214,1747908286020.75,57,25,-182
1747908286059.594,218913,1747908286040.531,59,34,-162
1747908286079.312,219737,1747908286060.5,45,25,-128
1747908286099.156,220536,1747908286080.219,39,15,-113
1747908286118.969,220985,1747908286100.094,35,20,-73
1747908286138.844,221203,1747908286119.875,32,27,-45
1747908286158.687,220895,1747908286139.719,-25,38,-57
1747908286178.5,220123,1747908286159.625,-90,55,-64
1747908286198.375,219222,1747908286179.5,-157,60,-85
1747908286218.219,218521,1747908286199.281,-210,48,-97
1747908286238.063,218063,1747908286219.125,-231,67,-93
1747908286257.875,217825,1747908286238.969,-234,86,-72
1747908286277.781,217667,1747908286258.844,-249,90,-90
1747908286297.594,217556,1747908286278.625,-249,110,-88
1747908286317.438,217488,1747908286298.5,-240,112,-89
1747908286337.312,217490,1747908286318.375,-240,131,-102
1747908286357.125,217546,1747908286338.25,-233,141,-113
1747908286377.0,217588,1747908286358.063,-209,135,-105
1747908286396.844,217657,1747908286377.906,-185,120,-100
1747908286416.656,217724,1747908286397.75,-180,103,-113
1747908286436.531,217998,1747908286417.625,-146,88,-121
1747908286456.375,218573,1747908286437.469,-132,81,-113
1747908286476.219,219357,1747908286457.281,-104,64,-114
1747908286496.063,220333,1747908286477.125,-97,56,-120
1747908286515.875,221276,1747908286496.969,-64,48,-109
1747908286535.75,222139,1747908286516.844,-56,55,-97
1747908286555.594,222967,1747908286536.656,-33,47,-90
1747908286575.438,223790,1747908286556.5,-5,36,-128
1747908286595.281,224620,1747908286576.344,7,27,-177
1747908286615.125,225404,1747908286596.219,28,-5,-178
1747908286635.0,226008,1747908286616.031,51,-28,-177
1747908286654.812,226418,1747908286635.938,66,-40,-185
1747908286674.625,226696,1747908286655.719,84,-36,-202
1747908286694.5,226896,1747908286675.563,79,-41,-233
1747908286714.313,227068,1747908286695.406,60,-42,-241
1747908286734.1868,227258,1747908286715.25,67,-44,-242
1747908286753.969,227447,1747908286735.094,51,-36,-234
1747908286773.844,227712,1747908286754.906,39,-26,-232
1747908286793.813,228096,1747908286774.75,31,-23,-233
1747908286813.531,228564,1747908286794.562,31,-7,-231
1747908286833.344,229098,1747908286814.406,35,-8,-209
1747908286853.313,229601,1747908286834.281,35,-5,-201
1747908286873.063,230054,1747908286854.156,35,-11,-172
1747908286892.906,230509,1747908286873.938,35,12,-192
1747908286912.75,230990,1747908286893.844,32,17,-177
1747908286932.562,231592,1747908286913.656,36,25,-152
1747908286952.437,232066,1747908286933.5,22,24,-141
1747908286972.281,232393,1747908286953.344,22,28,-146
1747908286992.125,232689,1747908286973.219,-5,35,-157
1747908287011.937,233143,1747908286993.031,-30,31,-157
1747908287031.812,233651,1747908287012.875,-49,39,-128
1747908287051.656,233966,1747908287032.719,-57,63,-100
1747908287071.5,233867,1747908287052.563,-68,68,-75
1747908287091.281,232944,1747908287072.406,-93,68,-64
1747908287111.156,231832,1747908287092.25,-136,67,-88
1747908287131.031,231232,1747908287112.062,-181,89,-96
1747908287150.875,230909,1747908287131.906,-223,112,-109
1747908287170.688,230697,1747908287151.781,-233,132,-113
1747908287190.531,230518,1747908287171.625,-242,139,-110
1747908287210.375,230414,1747908287191.437,-231,126,-104
1747908287230.219,230374,1747908287211.313,-205,119,-82
1747908287250.063,230457,1747908287231.125,-196,112,-89
1747908287269.875,230672,1747908287251.0,-166,107,-93
1747908287289.75,231057,1747908287270.812,-148,96,-82
1747908287309.562,231576,1747908287290.656,-133,89,-97
1747908287329.406,232278,1747908287310.469,-129,87,-96
1747908287349.344,232995,1747908287330.344,-117,80,-89
1747908287369.094,233475,1747908287350.25,-112,66,-89
1747908287388.937,233552,1747908287369.969,-105,39,-96
1747908287408.812,233490,1747908287389.844,-103,48,-113
1747908287428.594,233742,1747908287409.719,-97,48,-114
1747908287448.469,234281,1747908287429.531,-45,44,-141
1747908287468.313,234812,1747908287449.375,15,41,-156
1747908287488.187,235338,1747908287469.25,88,48,-172
1747908287508.0,235760,1747908287489.062,121,39,-213
1747908287527.844,236053,1747908287508.938,152,36,-233
1747908287547.688,236191,1747908287528.781,159,31,-240
1747908287567.531,236242,1747908287548.625,125,19,-250
1747908287587.375,236361,1747908287568.469,96,3,-255
1747908287607.219,236662,1747908287588.312,70,-25,-241
1747908287627.094,236928,1747908287608.156,56,-32,-225
1747908287646.938,237178,1747908287628.031,44,-29,-226
1747908287666.75,237517,1747908287647.875,46,-23,-233
1747908287686.625,238004,1747908287667.687,54,-18,-229
1747908287706.437,238562,1747908287687.531,49,-15,-226
1747908287726.3132,239107,1747908287707.344,71,-8,-220
1747908287746.156,239528,1747908287727.219,62,9,-210
1747908287765.969,239810,1747908287747.094,72,24,-210
1747908287785.844,240083,1747908287766.906,59,27,-203
1747908287805.687,240382,1747908287786.781,55,30,-176
1747908287825.5,240732,1747908287806.625,59,39,-130
1747908287845.375,240924,1747908287826.437,55,44,-128
1747908287865.187,241049,1747908287846.312,40,60,-121
1747908287885.062,241330,1747908287866.125,20,64,-105
1747908287904.938,241524,1747908287885.969,7,73,-97
1747908287924.75,241260,1747908287905.844,-25,76,-89
1747908287944.594,240074,1747908287925.656,-49,55,-93
1747908287964.437,238648,1747908287945.5,-104,48,-107
1747908287984.281,237488,1747908287965.344,-153,46,-105
1747908288004.125,236308,1747908287985.219,-184,33,-113
1747908288024.0,235072,1747908288005.063,-209,27,-113
1747908288043.875,234295,1747908288024.937,-239,12,-121
1747908288063.687,233962,1747908288044.75,-239,20,-112
1747908288083.531,233801,1747908288064.594,-242,46,-113
1747908288103.344,233722,1747908288084.469,-209,64,-104
1747908288123.219,233595,1747908288104.281,-207,86,-106
1747908288143.062,233483,1747908288124.125,-193,94,-123
1747908288162.875,233376,1747908288143.969,-186,83,-105
1747908288182.75,233568,1747908288163.875,-160,83,-114
1747908288202.563,234300,1747908288183.656,-123,76,-113
1747908288222.438,235673,1747908288203.469,-104,79,-113
1747908288242.281,237261,1747908288223.344,-85,67,-113
1747908288262.125,238688,1747908288243.187,-44,63,-128
1747908288282.0,239707,1747908288263.031,-13,56,-128
1747908288301.844,240366,1747908288282.906,7,48,-121
1747908288321.656,240872,1747908288302.75,22,47,-128
1747908288341.531,241345,1747908288322.594,27,28,-155
1747908288361.375,241800,1747908288342.438,30,14,-177
1747908288381.219,242150,1747908288362.281,48,9,-177
1747908288401.031,242437,1747908288382.156,60,-1,-191
1747908288420.906,242715,1747908288401.969,56,-11,-192
1747908288440.75,243060,1747908288421.844,63,-4,-209
1747908288460.625,243390,1747908288441.656,60,-25,-224
1747908288480.469,243638,1747908288461.531,72,-29,-233
1747908288500.313,243815,1747908288481.375,72,-41,-207
1747908288520.156,244020,1747908288501.219,86,-36,-233
1747908288540.031,244252,1747908288521.094,79,-45,-238
1747908288559.875,244389,1747908288540.938,79,-37,-233
1747908288579.719,244514,1747908288560.75,71,-36,-224
1747908288599.625,244713,1747908288580.656,63,-31,-217
1747908288619.406,245042,1747908288600.563,52,-28,-209
1747908288639.281,245417,1747908288620.344,57,-32,-192
1747908288659.094,245832,1747908288640.188,48,-28,-181
1747908288678.969,246133,1747908288660.031,28,-15,-173
1747908288698.812,246332,1747908288679.875,24,-16,-168
1747908288718.687,246533,1747908288699.719,0,-9,-154
1747908288738.5,246823,1747908288719.594,-8,12,-136
1747908288758.344,247126,1747908288739.438,-13,31,-125
1747908288778.219,247287,1747908288759.281,-33,56,-104
1747908288798.062,247185,1747908288779.125,-48,48,-96
1747908288817.906,246849,1747908288798.969,-90,48,-105
1747908288837.781,245938,1747908288818.844,-127,27,-87
1747908288857.625,244323,1747908288838.719,-163,31,-83
1747908288877.469,243277,1747908288858.531,-184,33,-72
1747908288897.281,242726,1747908288878.375,-208,25,-90
1747908288917.125,242271,1747908288898.25,-228,51,-113
1747908288936.969,241861,1747908288918.031,-248,70,-128
1747908288956.813,241500,1747908288937.937,-247,70,-128
1747908288976.656,241123,1747908288957.719,-233,81,-117
1747908288996.5,240801,1747908288977.562,-207,96,-128
1747908289016.344,240569,1747908288997.406,-192,96,-128
1747908289036.25,240423,1747908289017.25,-177,96,-128
1747908289056.0,240434,1747908289037.156,-156,95,-128
1747908289075.875,240673,1747908289056.937,-140,96,-125
1747908289095.719,241181,1747908289076.813,-116,97,-128
1747908289115.563,241857,1747908289096.656,-98,99,-128
1747908289135.406,242732,1747908289116.469,-75,71,-121
1747908289155.25,243545,1747908289136.344,-33,56,-106
1747908289175.094,244231,1747908289156.187,-18,48,-113
1747908289194.937,244715,1747908289176.0,-5,39,-100
1747908289214.781,245067,1747908289195.844,4,33,-106
1747908289234.625,245234,1747908289215.688,11,15,-121
1747908289254.469,245208,1747908289235.531,14,-2,-145
1747908289274.344,245015,1747908289255.406,3,-20,-170
1747908289294.219,244896,1747908289275.25,8,-46,-185
1747908289314.031,245015,1747908289295.094,23,-63,-192
1747908289333.875,245256,1747908289314.969,44,-68,-201
1747908289353.75,245471,1747908289334.781,59,-58,-224
1747908289373.594,245552,1747908289354.656,84,-69,-241
1747908289393.406,245527,1747908289374.5,100,-56,-238
1747908289413.281,245552,1747908289394.313,81,-36,-232
1747908289433.125,245668,1747908289414.156,70,-24,-234
1747908289452.969,245830,1747908289434.031,49,-33,-224
1747908289472.812,246139,1747908289453.844,56,-16,-223
1747908289492.656,246519,1747908289473.75,55,-16,-210
1747908289512.531,246940,1747908289493.562,41,-8,-194
1747908289532.375,247396,1747908289513.437,35,-8,-189
1747908289552.187,247960,1747908289533.313,36,-12,-192
1747908289572.063,248447,1747908289553.156,20,-15,-188
1747908289591.938,248763,1747908289573.0,7,-10,-184
1747908289611.7808,248677,1747908289592.844,-26,-18,-182
1747908289631.625,248243,1747908289612.687,-28,-17,-177
1747908289651.469,247740,1747908289632.594,-38,-8,-141
1747908289671.313,247320,1747908289652.375,-33,9,-106
1747908289691.156,247016,1747908289672.219,-49,35,-113
1747908289710.969,246798,1747908289692.094,-68,40,-118
1747908289730.812,246140,1747908289711.906,-73,62,-106
1747908289750.656,245234,1747908289731.75,-104,89,-100
1747908289770.563,244609,1747908289751.594,-121,108,-106
1747908289790.344,244204,1747908289771.406,-144,103,-104
1747908289810.187,243927,1747908289791.312,-152,112,-108
1747908289830.062,243782,1747908289811.125,-164,111,-101
1747908289849.875,243733,1747908289830.938,-185,96,-119
1747908289869.719,243804,1747908289850.781,-185,94,-121
1747908289889.5,243971,1747908289870.656,-172,110,-118
1747908289909.375,244276,1747908289890.531,-177,103,-114
1747908289929.219,244629,1747908289910.312,-165,99,-122
1747908289949.063,245016,1747908289930.125,-144,97,-116
1747908289968.906,245509,1747908289949.969,-143,95,-137
1747908289988.75,246229,1747908289969.844,-127,94,-128
1747908290008.594,247239,1747908289989.656,-122,99,-128
1747908290028.469,248242,1747908290009.5,-102,79,-125
1747908290048.281,249002,1747908290029.406,-74,62,-125
1747908290068.156,249629,1747908290049.25,-63,52,-116
1747908290088.031,250101,1747908290069.094,-33,59,-109
1747908290108.0,250486,1747908290088.969,-32,54,-106
1747908290127.719,250893,1747908290108.813,-47,32,-153
1747908290147.563,251552,1747908290128.656,-53,-9,-186
1747908290167.438,252329,1747908290148.5,-24,-32,-185
1747908290187.3118,253106,1747908290168.344,24,-44,-168
1747908290207.125,253807,1747908290188.219,56,-47,-177
1747908290227.0,254391,1747908290208.094,76,-56,-192
1747908290246.875,254879,1747908290227.937,92,-65,-209
1747908290266.719,255198,1747908290247.75,112,-64,-208
1747908290286.562,255440,1747908290267.656,107,-57,-214
1747908290306.438,255657,1747908290287.5,103,-64,-222
1747908290326.313,255817,1747908290307.375,94,-64,-225
1747908290346.1558,255949,1747908290327.219,91,-57,-223
1747908290365.969,256119,1747908290347.031,92,-49,-224
1747908290385.844,256295,1747908290366.9382,75,-45,-210
1747908290405.688,256479,1747908290386.75,81,-42,-192
1747908290425.563,256688,1747908290406.594,83,-32,-193
1747908290445.437,256844,1747908290426.437,76,-31,-189
1747908290465.219,256931,1747908290446.312,64,-33,-176
1747908290485.094,256940,1747908290466.156,54,-20,-175
1747908290504.969,256990,1747908290486.0,32,-23,-177
1747908290524.781,256996,1747908290505.8442,25,-16,-169
1747908290544.656,256837,1747908290525.687,8,-10,-153
1747908290564.5,256364,1747908290545.563,-8,3,-149
1747908290584.375,255839,1747908290565.375,-24,25,-153
1747908290604.219,255386,1747908290585.281,-39,35,-146
1747908290624.062,255167,1747908290605.156,-52,48,-128
1747908290643.937,255014,1747908290625.0,-76,64,-114
1747908290663.8132,254741,1747908290644.844,-79,88,-117
1747908290683.625,254131,1747908290664.688,-74,96,-127
1747908290703.5,252691,1747908290684.562,-101,89,-145
1747908290723.344,251380,1747908290704.406,-145,83,-154
1747908290743.219,250597,1747908290724.25,-152,92,-159
1747908290763.031,250137,1747908290744.125,-159,104,-136
1747908290782.906,249808,1747908290763.969,-159,121,-116
1747908290802.75,249562,1747908290783.844,-164,127,-118
1747908290822.594,249324,1747908290803.656,-135,131,-128
1747908290842.438,249176,1747908290823.531,-132,121,-128
1747908290862.281,249120,1747908290843.344,-128,121,-129
1747908290882.156,249089,1747908290863.219,-115,120,-121
1747908290902.0,249089,1747908290883.031,-100,110,-125
1747908290921.844,249140,1747908290902.938,-98,103,-128
1747908290941.688,249203,1747908290922.781,-97,96,-146
1747908290961.531,249291,1747908290942.656,-81,82,-152
1747908290981.406,249685,1747908290962.437,-61,65,-146
1747908291001.281,250184,1747908290982.312,-45,44,-145
1747908291021.094,250608,1747908291002.188,-45,15,-162
1747908291040.938,250878,1747908291022.0,-24,-1,-169
1747908291060.875,251262,1747908291041.844,-5,-20,-175
1747908291080.687,251656,1747908291061.781,16,-42,-160
1747908291100.5,252069,1747908291081.594,23,-45,-183
1747908291120.344,252578,1747908291101.469,31,-60,-192
1747908291140.219,253167,1747908291121.281,47,-49,-205
1747908291160.094,253693,1747908291141.125,66,-69,-192
1747908291179.906,254117,1747908291161.031,89,-64,-192
1747908291199.75,254572,1747908291180.844,107,-64,-199
1747908291219.625,254954,1747908291200.656,112,-45,-189
1747908291239.469,255283,1747908291220.562,113,-40,-196
1747908291259.312,255561,1747908291240.375,103,-39,-192
1747908291279.156,255734,1747908291260.25,97,-29,-192
1747908291299.031,255793,1747908291280.063,94,-26,-192
1747908291318.875,255833,1747908291299.906,88,-23,-201
1747908291338.719,255841,1747908291319.812,69,-21,-205
1747908291358.562,255834,1747908291339.656,57,-28,-209
1747908291378.438,255752,1747908291359.469,44,-20,-192
1747908291398.375,255520,1747908291379.344,28,-28,-192
1747908291418.125,255212,1747908291399.281,20,-20,-189
1747908291437.969,254746,1747908291419.062,-4,-5,-168
1747908291457.844,254356,1747908291438.875,-10,-8,-164
1747908291477.688,254178,1747908291458.781,-25,22,-145
1747908291497.531,254266,1747908291478.625,-44,8,-114
1747908291517.437,254634,1747908291498.469,-57,26,-106
1747908291537.25,254600,1747908291518.312,-76,39,-79
1747908291557.125,253728,1747908291538.156,-103,63,-89
1747908291576.906,252861,1747908291558.0,-147,83,-121
1747908291596.812,252302,1747908291577.875,-181,92,-157
1747908291616.687,251854,1747908291597.687,-184,81,-145
1747908291636.5,251379,1747908291617.563,-175,82,-113
1747908291656.344,250860,1747908291637.438,-173,103,-104
1747908291676.219,250395,1747908291657.281,-156,123,-104
1747908291696.062,250070,1747908291677.125,-136,108,-120
1747908291715.937,249890,1747908291696.969,-144,120,-128
1747908291735.75,249781,1747908291716.844,-132,122,-128
1747908291755.594,249781,1747908291736.719,-105,120,-117
1747908291775.594,249954,1747908291756.5,-97,121,-96
1747908291795.312,250386,1747908291776.469,-103,111,-105
1747908291815.125,251007,1747908291796.219,-97,120,-122
1747908291834.969,251760,1747908291816.063,-80,87,-125
1747908291854.938,252580,1747908291835.906,-92,72,-124
1747908291874.687,253377,1747908291855.75,-85,55,-100
1747908291894.656,254013,1747908291875.688,-61,51,-122
1747908291914.406,254487,1747908291895.5,-68,35,-137
1747908291934.281,254901,1747908291915.344,-65,15,-161
1747908291954.125,255493,1747908291935.187,-63,-11,-177
1747908291973.937,256193,1747908291955.062,-61,-16,-166
1747908291993.781,256803,1747908291974.875,-20,-32,-125
1747908292013.656,257284,1747908291994.719,-4,-47,-125
1747908292033.5,257719,1747908292014.563,-8,-61,-128
1747908292053.375,258188,1747908292034.437,-7,-62,-158
1747908292073.25,258766,1747908292054.312,14,-58,-177
1747908292093.156,259403,1747908292074.188,24,-52,-185
1747908292112.938,259981,1747908292094.031,30,-36,-192
1747908292132.812,260443,1747908292113.844,24,-34,-223
1747908292152.594,260844,1747908292133.719,15,-29,-234
1747908292172.594,261136,1747908292153.563,28,-29,-249
1747908292192.344,261351,1747908292173.5,19,-23,-241
1747908292212.156,261552,1747908292193.219,30,-29,-217
1747908292232.0,261635,1747908292213.156,24,-20,-225
1747908292251.844,261680,1747908292232.937,32,-15,-200
1747908292271.719,261718,1747908292252.75,27,-16,-192
1747908292291.563,261803,1747908292272.594,23,-21,-179
1747908292311.375,261780,1747908292292.438,27,-25,-159
1747908292331.25,260946,1747908292312.3118,7,4,-159
1747908292351.094,258946,1747908292332.125,-4,62,-169
1747908292370.938,257354,1747908292352.0,-2,95,-145
1747908292390.781,256446,1747908292371.844,-20,52,-127
1747908292410.656,256056,1747908292391.719,-57,1,-113
1747908292430.469,255774,1747908292411.531,-64,-6,-81
1747908292450.312,255454,1747908292431.406,-76,4,-48
1747908292470.125,254897,1747908292451.188,-72,7,-61
1747908292490.0,254392,1747908292471.063,-121,-1,-64
1747908292509.844,253800,1747908292490.906,-141,-1,-41
1747908292529.687,252673,1747908292510.75,-157,-2,-34
1747908292549.531,251061,1747908292530.625,-177,1,-41
1747908292569.375,249372,1747908292550.469,-205,9,-49
1747908292589.25,247958,1747908292570.312,-228,15,-63
1747908292609.094,246748,1747908292590.156,-253,22,-64
1747908292628.937,245728,1747908292610.0,-234,35,-52
1747908292648.781,244870,1747908292629.875,-228,36,-40
1747908292668.625,243996,1747908292649.812,-226,40,-39
1747908292688.469,243128,1747908292669.531,-218,54,-42
1747908292708.312,242374,1747908292689.406,-215,52,-45
1747908292728.187,241646,1747908292709.25,-202,48,-20
1747908292748.094,240955,1747908292729.125,-201,41,-17
1747908292767.906,240407,1747908292749.0,-176,32,-32
1747908292787.75,240015,1747908292768.812,-173,32,-32
1747908292807.562,239781,1747908292788.687,-183,22,-50
1747908292827.437,239620,1747908292808.5,-169,-1,-32
1747908292847.281,239481,1747908292828.3132,-141,-8,-50
1747908292867.094,239366,1747908292848.187,-121,-16,-81
1747908292886.937,239279,1747908292868.094,-100,-15,-129
1747908292906.781,239307,1747908292887.875,-80,-4,-125
1747908292926.625,239569,1747908292907.719,-45,6,-128
1747908292946.469,239840,1747908292927.531,-7,-2,-146
1747908292966.313,239854,1747908292947.375,-1,-13,-146
1747908292986.125,239572,1747908292967.25,-8,-13,-154
1747908293006.0,239080,1747908292987.031,-1,-7,-177
1747908293025.844,238562,1747908293006.906,-19,-2,-196
1747908293045.656,238043,1747908293026.75,-47,-13,-191
1747908293065.5,237598,1747908293046.594,-52,-13,-192
1747908293085.375,237094,1747908293066.406,-55,-15,-185
1747908293105.219,236467,1747908293086.25,-65,-25,-173
1747908293125.063,235656,1747908293106.094,-55,-32,-157
1747908293144.969,234639,1747908293126.0,-57,-39,-157
1747908293164.75,233386,1747908293145.812,-56,-17,-152
1747908293184.625,231685,1747908293165.687,-44,3,-126
1747908293204.469,230047,1747908293185.531,-36,17,-85
1747908293224.344,228717,1747908293205.375,-50,0,-76
1747908293244.219,227750,1747908293225.25,-82,-1,-81
1747908293264.062,227116,1747908293245.125,-113,1,-73
1747908293283.906,226651,1747908293264.969,-128,7,-46
1747908293303.781,226073,1747908293284.844,-148,21,-41
1747908293323.625,225889,1747908293304.688,-185,23,-63
1747908293343.5,226637,1747908293324.5,-189,11,-54
1747908293363.344,227223,1747908293344.406,-189,6,-10
1747908293383.188,226690,1747908293364.281,-186,1,27
1747908293403.063,225662,1747908293384.094,-209,-8,31
1747908293422.906,224853,1747908293403.937,-231,-29,33
1747908293442.719,224449,1747908293423.812,-241,-22,31
1747908293462.594,224420,1747908293443.688,-241,-10,24
1747908293482.438,224501,1747908293463.531,-232,15,31
1747908293502.313,224382,1747908293483.375,-225,47,48
1747908293522.156,224082,1747908293503.187,-212,28,43
1747908293542.0,223518,1747908293523.062,-213,28,35
1747908293561.875,222619,1747908293542.938,-212,15,34
1747908293581.719,221840,1747908293562.75,-201,16,-1
1747908293601.562,221724,1747908293582.625,-198,8,3
1747908293621.406,222012,1747908293602.5,-186,4,32
1747908293641.281,222040,1747908293622.344,-173,-9,31
1747908293661.125,221852,1747908293642.188,-168,-20,7
1747908293680.969,221517,1747908293662.062,-161,-9,-41
1747908293700.812,221320,1747908293681.875,-141,12,-73
1747908293720.656,221370,1747908293701.75,-128,2,-74
1747908293740.5,221071,1747908293721.531,-104,-5,-32
1747908293760.344,220501,1747908293741.406,-89,-28,-29
1747908293780.188,219896,1747908293761.25,-73,-25,-64
1747908293800.031,219468,1747908293781.094,-106,-29,-100
1747908293819.906,219124,1747908293800.937,-109,-14,-105
1747908293839.75,218864,1747908293820.813,-113,-9,-113
1747908293859.594,218770,1747908293840.656,-100,-17,-128
1747908293879.437,218702,1747908293860.531,-103,-10,-141
1747908293899.281,218594,1747908293880.344,-100,-17,-144
1747908293919.125,218315,1747908293900.188,-104,-8,-128
1747908293938.938,217858,1747908293920.063,-100,-8,-128
1747908293958.813,217274,1747908293939.875,-113,-9,-138
1747908293978.656,216497,1747908293959.719,-116,-10,-137
1747908293998.5,215596,1747908293979.562,-104,-8,-113
1747908294018.344,214525,1747908293999.406,-89,-5,-96
1747908294038.188,213439,1747908294019.25,-92,-8,-93
1747908294058.031,212020,1747908294039.062,-109,-4,-80
1747908294077.906,211112,1747908294058.937,-136,-1,-64
1747908294097.719,211871,1747908294078.813,-148,-16,-49
1747908294117.563,213883,1747908294098.656,-160,4,-37
1747908294137.438,215282,1747908294118.5,-136,22,-16
1747908294157.281,216066,1747908294138.344,-122,8,6
1747908294177.094,216558,1747908294158.187,-128,-15,15
1747908294196.969,217150,1747908294178.031,-154,-26,51
1747908294216.813,217656,1747908294197.906,-177,-36,76
1747908294236.688,218144,1747908294217.75,-206,-36,79
1747908294256.5,218697,1747908294237.594,-225,-26,64
1747908294276.375,219290,1747908294257.406,-238,-36,48
1747908294296.25,219980,1747908294277.313,-255,-30,38
1747908294316.094,220829,1747908294297.156,-250,-16,39
1747908294335.938,221640,1747908294317.031,-260,-2,38
1747908294355.781,222152,1747908294336.875,-244,11,31
1747908294375.656,222452,1747908294356.719,-239,17,32
1747908294395.531,222593,1747908294376.594,-220,12,34
1747908294415.375,222595,1747908294396.437,-199,3,47
1747908294435.25,222592,1747908294416.281,-183,-5,64
1747908294455.094,222906,1747908294436.188,-169,-5,39
1747908294475.094,222965,1747908294456.0,-168,-4,40
1747908294494.813,222786,1747908294476.0,-165,-5,15
1747908294514.687,222354,1747908294495.719,-149,-2,-16
1747908294534.688,221903,1747908294515.594,-144,-4,-49
1747908294554.406,221935,1747908294535.594,-133,-12,-49
1747908294574.25,221721,1747908294555.313,-112,-17,-29
1747908294594.125,221157,1747908294575.219,-96,-17,-44
1747908294613.969,220474,1747908294595.031,-89,-12,-73
1747908294633.844,219671,1747908294614.875,-103,-5,-113
1747908294653.688,219171,1747908294634.75,-111,-7,-114
1747908294673.563,218902,1747908294654.594,-105,-8,-121
1747908294693.406,218704,1747908294674.469,-97,-4,-114
1747908294713.281,218688,1747908294694.344,-85,-6,-123
1747908294733.094,218428,1747908294714.156,-88,4,-124
1747908294753.0,217962,1747908294734.031,-95,0,-136
1747908294772.875,217432,1747908294753.906,-89,3,-128
1747908294792.75,216868,1747908294773.781,-100,-1,-128
1747908294812.594,216289,1747908294793.656,-101,-9,-122
1747908294832.469,215586,1747908294813.531,-109,-5,-113
1747908294852.312,214572,1747908294833.375,-127,-16,-98
1747908294872.187,213785,1747908294853.25,-124,-8,-81
1747908294892.156,213179,1747908294873.094,-112,-2,-64
1747908294911.906,212727,1747908294893.0,-117,3,-50
1747908294931.781,212598,1747908294912.812,-137,16,-26
1747908294951.656,212531,1747908294932.719,-132,12,7
1747908294971.5,212323,1747908294952.563,-143,1,17
1747908294991.375,212378,1747908294972.438,-173,-19,32
1747908295011.25,212774,1747908294992.281,-204,-16,10
1747908295031.125,212495,1747908295012.156,-210,-16,14
1747908295050.969,211410,1747908295032.031,-205,-12,64
1747908295070.844,209699,1747908295051.875,-200,-1,96
1747908295090.719,207895,1747908295071.781,-221,6,118
1747908295110.594,206238,1747908295091.625,-225,3,115
1747908295130.406,204542,1747908295111.5,-212,3,118
1747908295150.313,202842,1747908295131.344,-207,11,107
1747908295170.156,201202,1747908295151.25,-212,11,96
1747908295190.031,199652,1747908295171.187,-193,16,99
1747908295209.875,198302,1747908295190.938,-204,24,112
1747908295229.75,197063,1747908295210.844,-223,22,103
1747908295249.625,195925,1747908295230.687,-193,31,108
1747908295269.5,194826,1747908295250.531,-187,28,108
1747908295289.3118,193756,1747908295270.406,-184,19,91
1747908295309.188,192705,1747908295290.25,-194,15,87
1747908295329.063,191625,1747908295310.0942,-185,6,94
1747908295348.906,190677,1747908295330.0,-176,2,79
1747908295368.781,189804,1747908295349.812,-175,7,55
1747908295388.625,189178,1747908295369.719,-175,12,32
1747908295408.5,188749,1747908295389.563,-172,6,7
1747908295428.375,188223,1747908295409.406,-164,10,-17
1747908295448.219,187661,1747908295429.312,-148,9,-24
1747908295468.094,187032,1747908295449.156,-152,7,-27
1747908295487.969,186376,1747908295468.969,-137,9,-57
1747908295507.875,185717,1747908295488.875,-127,6,-81
1747908295527.656,185097,1747908295508.844,-127,6,-93
1747908295547.531,184486,1747908295528.594,-117,11,-121
1747908295567.406,184012,1747908295548.406,-117,11,-127
1747908295587.25,183585,1747908295568.312,-113,6,-105
1747908295607.094,183222,1747908295588.187,-108,12,-88
1747908295627.031,182850,1747908295608.031,-122,12,-93
1747908295646.813,182490,1747908295627.875,-124,7,-88
1747908295666.656,182116,1747908295647.719,-136,12,-81
1747908295686.5,181811,1747908295667.594,-136,9,-64
1747908295706.344,181515,1747908295687.406,-121,9,-64
1747908295726.219,181291,1747908295707.25,-133,19,-63
1747908295746.063,180989,1747908295727.125,-139,30,-49
1747908295765.906,180587,1747908295747.0,-141,17,-20
1747908295785.75,180080,1747908295766.844,-142,22,-13
1747908295805.594,179421,1747908295786.688,-146,31,-4
1747908295825.469,178737,1747908295806.531,-157,16,-2
1747908295845.344,178193,1747908295826.406,-168,9,14
1747908295865.156,177779,1747908295846.281,-180,9,39
1747908295885.031,177365,1747908295866.062,-195,-2,70
1747908295904.875,176819,1747908295885.938,-196,-10,83
1747908295924.688,176182,1747908295905.781,-200,-18,79
1747908295944.531,175546,1747908295925.625,-212,-16,103
1747908295964.469,174977,1747908295945.437,-224,-16,99
1747908295984.25,174440,1747908295965.312,-232,-21,104
1747908296004.094,174027,1747908295985.156,-221,0,103
1747908296023.938,173801,1747908296005.0,-215,7,99
1747908296043.781,173604,1747908296024.844,-213,15,97
1747908296063.656,173434,1747908296044.719,-193,15,103
1747908296083.469,173258,1747908296064.563,-200,19,94
1747908296103.313,173127,1747908296084.438,-192,16,87
1747908296123.188,173041,1747908296104.219,-196,21,73
1747908296143.062,172989,1747908296124.125,-193,20,70
1747908296162.875,172917,1747908296143.969,-177,22,68
1747908296182.75,172945,1747908296163.8132,-185,19,65
1747908296202.594,173096,1747908296183.656,-189,13,70
1747908296222.469,173294,1747908296203.5,-188,8,71
1747908296242.281,173717,1747908296223.375,-178,-2,55
1747908296262.125,174245,1747908296243.219,-193,3,32
1747908296282.0,174822,1747908296263.031,-148,15,3
1747908296301.844,175495,1747908296282.906,-146,6,-21
1747908296321.687,176441,1747908296302.75,-140,-2,-49
1747908296341.562,177285,1747908296322.656,-137,-13,-64
1747908296361.406,177981,1747908296342.469,-130,-12,-77
1747908296381.25,178345,1747908296362.313,-109,-8,-87
1747908296401.094,178536,1747908296382.156,-100,-8,-89
1747908296420.937,178646,1747908296402.031,-112,-12,-97
1747908296440.812,178768,1747908296421.875,-120,-20,-90
1747908296460.656,178831,1747908296441.719,-125,-21,-98
1747908296480.469,178945,1747908296461.563,-129,-16,-113
1747908296500.344,179092,1747908296481.406,-121,-13,-113
1747908296520.219,179405,1747908296501.281,-136,-8,-98
1747908296540.062,179823,1747908296521.125,-144,-15,-95
1747908296559.875,180231,1747908296541.0,-130,-18,-84
1747908296579.75,180628,1747908296560.812,-136,-16,-72
1747908296599.5942,180968,1747908296580.687,-145,-12,-77
1747908296619.437,181271,1747908296600.531,-144,-14,-69
1747908296639.313,181604,1747908296620.375,-141,-12,-64
1747908296659.156,181997,1747908296640.219,-152,-2,-64
1747908296679.031,182312,1747908296660.062,-149,7,-48
1747908296698.875,182400,1747908296679.9368,-141,15,-60
1747908296718.719,182483,1747908296699.813,-138,32,-79
1747908296738.563,182836,1747908296719.656,-141,24,-50
1747908296758.406,183523,1747908296739.5,-153,-4,3
1747908296778.281,184108,1747908296759.312,-159,-8,33
1747908296798.125,184333,1747908296779.187,-157,7,42
1747908296817.969,184295,1747908296799.031,-166,7,46
1747908296837.813,184290,1747908296818.906,-181,7,52
1747908296857.687,184476,1747908296838.719,-200,7,64
1747908296877.531,184706,1747908296858.625,-215,12,60
1747908296897.375,184987,1747908296878.438,-218,15,64
1747908296917.219,185264,1747908296898.313,-217,15,64
1747908296937.125,185618,1747908296918.156,-218,20,60
1747908296957.031,185959,1747908296938.0,-212,26,56
1747908296976.844,186220,1747908296957.906,-213,35,35
1747908296996.719,186454,1747908296977.781,-209,49,32
1747908297016.594,186638,1747908296997.625,-200,42,23
1747908297036.437,186706,1747908297017.5,-201,38,31
1747908297056.281,186764,1747908297037.375,-191,29,47
1747908297076.156,186876,1747908297057.219,-192,19,12
1747908297096.031,187000,1747908297077.063,-184,12,-4
1747908297115.875,187249,1747908297096.969,-185,14,1
1747908297135.75,187626,1747908297116.812,-173,8,-7
1747908297155.625,188077,1747908297136.688,-172,6,-40
1747908297175.469,188483,1747908297156.563,-154,1,-49
1747908297195.344,188879,1747908297176.375,-135,6,-57
1747908297215.187,189209,1747908297196.25,-106,14,-96
1747908297235.063,189559,1747908297216.125,-88,32,-121
1747908297254.906,189968,1747908297235.969,-79,31,-126
1747908297274.75,190492,1747908297255.8442,-92,19,-124
1747908297294.625,190967,1747908297275.719,-78,7,-128
1747908297314.5,191322,1747908297295.563,-68,17,-128
1747908297334.344,191499,1747908297315.375,-48,24,-144
1747908297354.188,191579,1747908297335.281,-50,15,-144
1747908297374.062,191726,1747908297355.125,-53,16,-141
1747908297393.906,191839,1747908297375.0,-61,16,-137
1747908297413.781,191858,1747908297394.813,-74,15,-141
1747908297433.625,191747,1747908297414.719,-73,3,-142
1747908297453.531,191506,1747908297434.562,-80,11,-144
1747908297473.406,191022,1747908297454.406,-79,14,-128
1747908297493.25,190521,1747908297474.313,-74,22,-127
1747908297513.125,190104,1747908297494.188,-93,14,-113
1747908297533.0,189863,1747908297514.062,-87,17,-97
1747908297552.844,189748,1747908297533.906,-97,15,-93
1747908297572.75,189556,1747908297553.75,-100,21,-81
1747908297592.594,189228,1747908297573.656,-106,28,-58
1747908297612.469,188919,1747908297593.531,-113,36,-54
1747908297632.344,188900,1747908297613.375,-130,30,-40
1747908297652.313,188833,1747908297633.281,-135,12,-17
1747908297672.0632,188524,1747908297653.25,-135,22,-5
1747908297691.906,188217,1747908297673.0,-177,19,-4
1747908297711.781,187919,1747908297692.812,-216,-2,-7
1747908297731.656,187570,1747908297712.719,-231,-13,-5
1747908297751.469,187177,1747908297732.563,-240,-13,6
1747908297771.344,186854,1747908297752.437,-232,-20,3
1747908297791.187,186616,1747908297772.25,-229,-17,22
1747908297811.062,186507,1747908297792.156,-225,3,7
1747908297830.875,186461,1747908297811.969,-218,9,11
1747908297850.719,186375,1747908297831.813,-225,15,15
1747908297870.594,186368,1747908297851.625,-213,16,5
1747908297890.5,186395,1747908297871.531,-205,17,6
1747908297910.281,186458,1747908297891.406,-202,27,-9
1747908297930.125,186598,1747908297911.219,-197,15,-25
1747908297949.969,186827,1747908297931.031,-188,15,-28
1747908297969.812,187066,1747908297950.844,-177,23,-25
1747908297989.656,187187,1747908297970.719,-169,22,-25
1747908298009.5,187064,1747908297990.594,-144,32,-32
1747908298029.375,186489,1747908298010.438,-135,19,-32
1747908298049.219,185782,1747908298030.312,-138,12,-42
1747908298069.062,185168,1747908298050.094,-113,36,-41
1747908298088.906,184569,1747908298070.0,-90,32,-57
1747908298108.781,184050,1747908298089.844,-80,19,-89
1747908298128.594,183795,1747908298109.656,-77,-17,-112
1747908298148.438,183879,1747908298129.594,-72,-8,-152
1747908298168.281,184163,1747908298149.375,-69,-5,-177
1747908298188.125,184376,1747908298169.219,-63,9,-177
1747908298208.0,184404,1747908298189.031,-63,22,-165
1747908298227.813,184373,1747908298208.906,-65,19,-177
1747908298247.687,184360,1747908298228.75,-76,16,-185
1747908298267.531,184367,1747908298248.594,-72,7,-175
1747908298287.375,184355,1747908298268.438,-68,15,-157
1747908298307.219,184376,1747908298288.281,-64,14,-138
1747908298327.125,184401,1747908298308.125,-55,7,-128
1747908298346.875,184371,1747908298328.094,-48,7,-127
1747908298366.75,184320,1747908298347.812,-34,8,-131
1747908298386.594,184232,1747908298367.656,-32,20,-117
1747908298406.406,184146,1747908298387.5,-42,31,-113
1747908298426.281,184109,1747908298407.375,-52,16,-97
1747908298446.156,184049,1747908298427.187,-71,3,-89
1747908298465.969,184077,1747908298447.063,-82,0,-74
1747908298485.813,184127,1747908298466.875,-109,12,-81
1747908298505.625,184211,1747908298486.75,-125,17,-74
1747908298525.5,184285,1747908298506.562,-129,23,-64
1747908298545.344,184303,1747908298526.406,-153,35,-64
1747908298565.156,184330,1747908298546.281,-180,32,-64
1747908298585.0,184315,1747908298566.094,-189,16,-54
1747908298604.875,184221,1747908298585.938,-217,4,-40
1747908298624.719,184049,1747908298605.812,-217,3,-45
1747908298644.562,183884,1747908298625.625,-209,-1,-31
1747908298664.375,183778,1747908298645.5,-221,-7,-20
1747908298684.25,183655,1747908298665.344,-241,-5,-25
1747908298704.125,183479,1747908298685.125,-216,0,-16
1747908298723.937,183233,1747908298705.031,-216,11,-18
1747908298743.781,182901,1747908298724.875,-208,0,-26
1747908298763.656,182529,1747908298744.75,-212,16,-49
1747908298783.5,182180,1747908298764.594,-206,23,-73
1747908298803.344,181862,1747908298784.406,-207,12,-65
1747908298823.187,181536,1747908298804.281,-186,22,-64
1747908298843.031,181297,1747908298824.156,-181,23,-62
1747908298862.906,181068,1747908298843.9382,-165,31,-64
1747908298882.781,180836,1747908298863.812,-148,23,-76
1747908298902.562,180584,1747908298883.687,-127,24,-83
1747908298922.437,180309,1747908298903.531,-97,22,-81
1747908298942.344,179995,1747908298923.375,-100,15,-81
1747908298962.156,179539,1747908298943.25,-96,9,-89
1747908298982.0,179000,1747908298963.062,-57,12,-109
1747908299001.844,178626,1747908298982.937,-29,15,-128
1747908299021.687,178577,1747908299002.75,-15,9,-128
1747908299041.563,178965,1747908299022.594,-2,6,-132
1747908299061.406,179334,1747908299042.469,19,6,-158
1747908299081.25,179632,1747908299062.3118,17,8,-176
1747908299101.094,180022,1747908299082.156,17,25,-192
1747908299120.938,180472,1747908299102.0,7,36,-202
1747908299140.75,180899,1747908299121.875,4,36,-201
1747908299160.625,181244,1747908299141.719,19,34,-194
1747908299180.469,181576,1747908299161.531,24,25,-184
1747908299200.344,181799,1747908299181.406,6,28,-202
1747908299220.156,181903,1747908299201.219,3,24,-201
1747908299240.0,182141,1747908299221.094,-4,26,-191
1747908299259.875,182566,1747908299240.906,-1,16,-188
1747908299279.719,183068,1747908299260.781,-5,15,-166
1747908299299.531,183647,1747908299280.625,1,20,-154
1747908299319.438,184307,1747908299300.5,-8,23,-138
1747908299339.281,184810,1747908299320.344,-13,19,-128
1747908299359.156,185281,1747908299340.219,-19,16,-122
1747908299379.0,185598,1747908299360.063,-17,20,-124
1747908299398.844,185665,1747908299379.906,-25,25,-125
1747908299418.75,185428,1747908299399.781,-49,54,-122
1747908299438.625,185202,1747908299419.687,-55,51,-122
1747908299458.469,185151,1747908299439.531,-74,45,-122
1747908299478.344,185066,1747908299459.375,-121,23,-141
1747908299498.219,184943,1747908299479.25,-168,33,-141
1747908299518.062,184843,1747908299499.125,-159,30,-138
1747908299537.937,184735,1747908299518.969,-177,16,-128
1747908299557.781,184580,1747908299538.844,-185,15,-121
1747908299577.688,184342,1747908299558.719,-181,24,-101
1747908299597.531,184131,1747908299578.625,-184,38,-89
1747908299617.375,183945,1747908299598.406,-167,46,-89
1747908299637.25,183782,1747908299618.281,-164,56,-81
1747908299657.094,183537,1747908299638.156,-176,67,-81
1747908299677.0,183288,1747908299658.031,-173,72,-81
1747908299696.812,183009,1747908299677.906,-160,70,-96
1747908299716.687,182722,1747908299697.75,-145,60,-109
1747908299736.563,182493,1747908299717.625,-136,62,-107
1747908299756.438,182686,1747908299737.437,-128,48,-121
1747908299776.281,183638,1747908299757.344,-122,47,-128
1747908299796.281,184889,1747908299777.188,-82,38,-125
1747908299816.031,185803,1747908299797.0632,-73,32,-129
1747908299835.906,186594,1747908299816.937,-93,28,-128
1747908299855.75,187369,1747908299836.781,-108,15,-153
1747908299875.625,188223,1747908299856.656,-97,17,-136
1747908299895.5,189008,1747908299876.531,-93,24,-128
1747908299915.344,189693,1747908299896.406,-71,24,-137
1747908299935.187,190332,1747908299916.281,-58,22,-139
1747908299955.062,190898,1747908299936.125,-41,17,-142
1747908299974.906,191255,1747908299956.0,-21,21,-137
1747908299994.781,191419,1747908299975.844,-1,20,-128
1747908300014.625,191340,1747908299995.719,15,15,-145
1747908300034.5,191107,1747908300015.531,28,15,-152
1747908300054.344,190722,1747908300035.406,16,30,-162
1747908300074.219,190189,1747908300055.25,14,32,-177
1747908300094.063,189738,1747908300075.156,31,31,-172
1747908300113.937,189484,1747908300094.969,-2,28,-176
1747908300133.812,189440,1747908300114.813,-10,24,-189
1747908300153.625,189551,1747908300134.75,-41,39,-201
1747908300173.5,189854,1747908300154.562,-54,19,-191
1747908300193.469,190456,1747908300174.437,-57,22,-185
1747908300213.219,191376,1747908300194.281,-57,19,-160
1747908300233.063,192308,1747908300214.125,-50,24,-169
1747908300252.906,193080,1747908300234.0,-41,15,-177
1747908300272.781,193522,1747908300253.844,-55,24,-163
1747908300292.687,193684,1747908300273.719,-64,28,-128
1747908300312.563,193682,1747908300293.594,-69,35,-115
1747908300332.375,193641,1747908300313.469,-61,32,-96
1747908300352.25,193745,1747908300333.281,-57,35,-89
1747908300372.094,193903,1747908300353.156,-72,38,-64
1747908300391.937,194125,1747908300373.0,-96,30,-73
1747908300411.813,194367,1747908300392.875,-119,35,-81
1747908300431.688,194594,1747908300412.75,-153,47,-96
1747908300451.531,194730,1747908300432.562,-170,44,-96
1747908300471.375,194790,1747908300452.469,-178,45,-84
1747908300491.219,194767,1747908300472.313,-168,65,-89
1747908300511.094,194717,1747908300492.188,-185,66,-89
1747908300530.969,194646,1747908300512.0,-175,60,-86
1747908300550.781,194618,1747908300531.844,-188,76,-81
1747908300570.656,194564,1747908300551.719,-188,51,-89
1747908300590.531,194469,1747908300571.594,-196,52,-88
1747908300610.375,194392,1747908300591.406,-200,51,-72
1747908300630.219,194295,1747908300611.312,-204,61,-72
1747908300650.094,194212,1747908300631.156,-180,71,-73
1747908300669.969,194161,1747908300651.0,-169,74,-89
1747908300689.844,194272,1747908300670.875,-154,78,-73
1747908300709.656,194402,1747908300690.75,-130,78,-58
1747908300729.562,194426,1747908300710.625,-103,72,-56
1747908300749.469,194215,1747908300730.469,-90,63,-81
1747908300769.281,193875,1747908300750.406,-82,57,-98
1747908300789.125,193192,1747908300770.187,-55,54,-113
1747908300808.969,192216,1747908300790.031,-25,48,-125
1747908300828.813,191109,1747908300809.906,-33,44,-148
1747908300848.719,190216,1747908300829.719,-16,51,-157
1747908300868.594,189489,1747908300849.625,6,43,-161
1747908300888.406,188891,1747908300869.531,7,44,-173
1747908300908.281,188459,1747908300889.313,31,45,-188
1747908300928.125,188101,1747908300909.188,28,48,-192
1747908300947.969,187837,1747908300929.062,35,48,-201
1747908300967.844,187676,1747908300948.906,35,44,-205
1747908300987.687,187607,1747908300968.75,43,36,-194
1747908301007.594,187635,1747908300988.594,48,38,-192
1747908301027.406,187679,1747908301008.5,63,35,-192
1747908301047.281,187746,1747908301028.375,58,36,-192
1747908301067.156,187741,1747908301048.156,51,39,-185
1747908301087.031,187711,1747908301068.031,35,48,-176
1747908301106.844,187686,1747908301087.938,15,59,-154
1747908301126.719,187714,1747908301107.75,15,62,-144
1747908301146.594,187810,1747908301127.594,11,47,-125
1747908301166.437,187872,1747908301147.531,-23,48,-123
1747908301186.25,187880,1747908301167.344,-60,44,-135
1747908301206.125,187841,1747908301187.187,-61,51,-118
1747908301226.0,187773,1747908301207.031,-65,71,-96
1747908301245.844,187693,1747908301226.875,-85,47,-80
1747908301265.719,187608,1747908301246.781,-111,45,-87
1747908301285.563,187475,1747908301266.594,-132,35,-72
1747908301305.406,187259,1747908301286.5,-146,51,-85
1747908301325.281,186979,1747908301306.312,-156,47,-89
1747908301345.125,186681,1747908301326.188,-167,39,-113
1747908301365.0,186414,1747908301346.063,-181,40,-117
1747908301384.875,186241,1747908301365.906,-191,44,-113
1747908301404.719,186186,1747908301385.781,-197,51,-96
1747908301424.562,186247,1747908301405.625,-191,70,-96
1747908301444.406,186297,1747908301425.563,-189,80,-100
1747908301464.281,186256,1747908301445.312,-180,92,-93
1747908301484.156,186059,1747908301465.219,-165,88,-89
1747908301504.0,185806,1747908301485.031,-149,79,-84
1747908301523.875,185590,1747908301504.938,-143,65,-81
1747908301543.75,185560,1747908301524.781,-143,54,-61
1747908301563.625,185579,1747908301544.656,-128,44,-61
1747908301583.437,185631,1747908301564.531,-122,47,-73
1747908301603.313,185542,1747908301584.375,-109,46,-97
1747908301623.188,185289,1747908301604.188,-113,28,-96
1747908301643.062,184824,1747908301624.062,-104,22,-128
1747908301662.906,184428,1747908301643.969,-87,19,-150
1747908301682.781,184295,1747908301663.844,-64,14,-160
1747908301702.625,184306,1747908301683.688,-58,15,-162
1747908301722.5,184405,1747908301703.531,-39,15,-164
1747908301742.312,184519,1747908301723.437,-40,19,-180
1747908301762.219,184595,1747908301743.281,-18,32,-192
1747908301782.063,184631,1747908301763.125,-22,35,-186
1747908301801.938,184661,1747908301783.0,-1,22,-181
1747908301821.781,184680,1747908301802.812,14,24,-173
1747908301841.625,184741,1747908301822.719,30,24,-177
1747908301861.5,184720,1747908301842.531,36,15,-160
1747908301881.375,184598,1747908301862.406,48,15,-177
1747908301901.187,184456,1747908301882.312,71,20,-170
1747908301921.062,184362,1747908301902.125,55,28,-164
1747908301940.906,184353,1747908301922.0,54,19,-161
1747908301960.813,184361,1747908301941.844,43,17,-169
1747908301980.625,184165,1747908301961.719,28,24,-177
1747908302000.5,183763,1747908301981.594,8,30,-189
1747908302020.406,183298,1747908302001.406,-9,20,-176
1747908302040.25,182921,1747908302021.313,-26,16,-185
1747908302060.0942,182600,1747908302041.187,-34,15,-177
1747908302079.969,182304,1747908302061.031,-45,23,-177
1747908302099.844,182175,1747908302080.906,-49,30,-160
1747908302119.75,182320,1747908302100.781,-56,44,-161
1747908302139.531,182702,1747908302120.625,-70,46,-145
1747908302159.406,183049,1747908302140.469,-77,48,-127
1747908302179.25,183326,1747908302160.312,-85,56,-97
1747908302199.156,183407,1747908302180.188,-84,44,-94
1747908302218.969,183415,1747908302200.063,-97,32,-98
1747908302238.875,183483,1747908302219.906,-98,44,-104
1747908302258.719,183552,1747908302239.75,-119,30,-89
1747908302278.594,183590,1747908302259.625,-140,33,-89
1747908302298.438,183473,1747908302279.5,-160,44,-89
1747908302318.312,183405,1747908302299.406,-172,40,-102
1747908302338.187,183413,1747908302319.187,-178,33,-96
1747908302358.031,183526,1747908302339.063,-192,48,-113
1747908302377.875,183675,1747908302358.969,-185,44,-97
1747908302397.75,183816,1747908302378.781,-164,54,-96
1747908302417.625,183933,1747908302398.656,-154,62,-96
1747908302437.5,183936,1747908302418.531,-153,71,-114
1747908302457.344,183755,1747908302438.406,-161,73,-125
1747908302477.219,183454,1747908302458.312,-154,73,-116
1747908302497.062,183075,1747908302478.125,-129,63,-125
1747908302516.906,182621,1747908302498.0,-127,54,-125
1747908302536.75,182200,1747908302517.875,-113,44,-126
1747908302556.6558,181806,1747908302537.688,-96,46,-125
1747908302576.5,181560,1747908302557.562,-90,39,-121
1747908302596.344,181413,1747908302577.406,-72,46,-113
1747908302616.188,181381,1747908302597.281,-49,38,-109
1747908302636.063,181499,1747908302617.156,-31,30,-98
1747908302655.937,181620,1747908302636.969,-17,44,-96
1747908302675.781,181585,1747908302656.844,-9,63,-116
1747908302695.625,181539,1747908302676.688,-16,63,-144
1747908302715.469,181556,1747908302696.563,-9,67,-148
1747908302735.344,181694,1747908302716.3442,12,56,-169
1747908302755.187,182067,1747908302736.281,19,48,-193
1747908302775.031,182668,1747908302756.125,32,51,-201
1747908302794.875,183260,1747908302776.0,56,36,-200
1747908302814.75,183948,1747908302795.781,61,24,-202
1747908302834.625,184608,1747908302815.656,62,6,-205
1747908302854.437,185130,1747908302835.531,55,6,-205
1747908302874.312,185502,1747908302855.406,44,15,-192
1747908302894.188,185675,1747908302875.219,38,23,-192
1747908302914.031,185691,1747908302895.094,28,31,-192
1747908302933.844,185624,1747908302914.906,12,46,-192
1747908302953.781,185544,1747908302934.781,13,35,-192
1747908302973.594,185547,1747908302954.688,0,30,-185
1747908302993.438,185657,1747908302974.469,7,35,-176
1747908303013.25,185942,1747908302994.344,7,31,-158
1747908303033.125,186397,1747908303014.187,7,63,-153
1747908303052.969,186952,1747908303034.0,12,49,-137
1747908303072.906,187509,1747908303053.906,-10,51,-114
1747908303092.688,188043,1747908303073.75,-16,44,-108
1747908303112.562,188553,1747908303093.594,-36,49,-105
1747908303132.437,189044,1747908303113.437,-72,35,-111
1747908303152.281,189373,1747908303133.344,-106,39,-105
1747908303172.094,189614,1747908303153.219,-125,42,-89
1747908303191.969,189798,1747908303173.062,-149,35,-88
1747908303211.844,189993,1747908303192.875,-170,25,-103
1747908303231.719,190208,1747908303212.75,-181,20,-121
1747908303251.563,190415,1747908303232.625,-200,33,-121
1747908303271.437,190647,1747908303252.469,-208,36,-113
1747908303291.281,190842,1747908303272.344,-217,56,-96
1747908303311.188,190955,1747908303292.156,-192,57,-93
1747908303331.0,190855,1747908303312.063,-193,72,-93
1747908303350.844,190625,1747908303331.906,-180,71,-93
1747908303370.719,190307,1747908303351.781,-164,76,-90
1747908303390.594,190139,1747908303371.625,-162,72,-89
1747908303410.438,190016,1747908303391.469,-127,57,-104
1747908303430.281,189940,1747908303411.375,-132,62,-113
1747908303450.156,189823,1747908303431.187,-101,51,-113
1747908303470.0,189715,1747908303451.062,-80,48,-113
1747908303489.844,189508,1747908303470.906,-57,36,-116
1747908303509.719,189208,1747908303490.781,-44,47,-121
1747908303529.562,188835,1747908303510.625,-39,48,-122
1747908303549.437,188473,1747908303530.594,-25,55,-128
1747908303569.281,188115,1747908303550.313,-17,49,-141
1747908303589.125,187789,1747908303570.219,-15,52,-146
1747908303609.0,187569,1747908303590.031,7,39,-157
1747908303628.875,187413,1747908303609.875,17,32,-160
1747908303648.6868,187398,1747908303629.781,28,28,-169
1747908303668.594,187485,1747908303649.594,38,31,-177
1747908303688.469,187673,1747908303669.4692,60,35,-189
1747908303708.281,187880,1747908303689.375,63,32,-192
1747908303728.156,188111,1747908303709.219,60,29,-201
1747908303748.0,188308,1747908303729.094,51,28,-214
1747908303767.844,188519,1747908303748.906,42,15,-217
1747908303787.719,188778,1747908303768.75,30,25,-217
1747908303807.531,189144,1747908303788.656,31,24,-215
1747908303827.375,189480,1747908303808.469,43,17,-208
1747908303847.25,189795,1747908303828.281,52,12,-190
1747908303867.094,190122,1747908303848.156,39,12,-167
1747908303886.906,190418,1747908303868.062,32,19,-171
1747908303906.781,190663,1747908303887.875,31,32,-184
1747908303926.625,190844,1747908303907.688,19,41,-176
1747908303946.5,190983,1747908303927.531,-5,39,-191
1747908303966.313,191222,1747908303947.375,-16,39,-201
1747908303986.156,191614,1747908303967.25,-22,47,-185
1747908304006.031,192025,1747908303987.062,-21,39,-160
1747908304025.906,192504,1747908304006.969,-32,54,-121
1747908304045.688,193039,1747908304026.813,-49,56,-82
1747908304065.562,193575,1747908304046.656,-82,60,-64
1747908304085.531,194033,1747908304066.469,-130,60,-64
1747908304105.25,194390,1747908304086.344,-159,67,-66
1747908304125.094,194576,1747908304106.188,-185,76,-81
1747908304144.938,194604,1747908304126.031,-187,80,-81
1747908304164.812,194580,1747908304145.844,-185,78,-72
1747908304184.687,194551,1747908304165.719,-184,76,-90
1747908304204.469,194522,1747908304185.594,-184,75,-97
1747908304224.344,194461,1747908304205.5,-164,87,-97
1747908304244.188,194464,1747908304225.25,-152,96,-116
1747908304264.031,194462,1747908304245.094,-143,94,-145
1747908304283.875,194443,1747908304264.969,-136,95,-153
1747908304303.844,194380,1747908304284.813,-144,92,-128
1747908304323.594,194314,1747908304304.75,-127,78,-122
1747908304343.437,194351,1747908304324.5,-113,71,-121
1747908304363.281,194501,1747908304344.344,-100,73,-127
1747908304383.125,194811,1747908304364.219,-97,67,-116
1747908304403.0,195221,1747908304384.063,-52,60,-106
1747908304422.969,195922,1747908304403.937,-29,56,-114
1747908304442.687,197161,1747908304423.781,-12,64,-130
1747908304462.562,198741,1747908304443.625,15,68,-149
1747908304482.406,200384,1747908304463.5,40,58,-128
1747908304502.281,201616,1747908304483.313,41,60,-144
1747908304522.125,202440,1747908304503.219,70,71,-153
1747908304541.969,203016,1747908304523.062,67,71,-170
1747908304561.844,203509,1747908304542.938,84,71,-170
1747908304581.719,203696,1747908304562.719,87,81,-162
1747908304601.562,203795,1747908304582.625,80,73,-177
1747908304621.406,203986,1747908304602.437,71,59,-192
1747908304641.281,204246,1747908304622.344,54,49,-209
1747908304661.094,204640,1747908304642.188,48,49,-207
1747908304680.969,205109,1747908304662.031,48,44,-215
1747908304700.781,205611,1747908304681.906,44,43,-212
1747908304720.625,206253,1747908304701.719,48,39,-202
1747908304740.5,207118,1747908304721.531,47,44,-201
1747908304760.406,208102,1747908304741.406,43,52,-201
1747908304780.188,208895,1747908304761.25,36,63,-204
1747908304800.062,209280,1747908304781.156,36,86,-200
1747908304819.906,209378,1747908304800.969,31,83,-192
1747908304839.781,209425,1747908304820.781,44,68,-180
1747908304859.625,209351,1747908304840.719,38,58,-148
1747908304879.469,209155,1747908304860.562,27,49,-139
1747908304899.344,208798,1747908304880.375,3,55,-125
1747908304919.188,208372,1747908304900.25,-5,68,-125
1747908304939.0,208158,1747908304920.094,-25,81,-105
1747908304958.875,208186,1747908304939.969,-41,88,-113
1747908304978.719,208331,1747908304959.781,-72,83,-113
1747908304998.594,208387,1747908304979.625,-90,86,-105
1747908305018.438,208385,1747908304999.531,-85,105,-104
1747908305038.281,208373,1747908305019.344,-93,88,-96
1747908305058.125,208450,1747908305039.187,-129,72,-121
1747908305078.0,208536,1747908305059.062,-148,76,-136
1747908305097.812,208557,1747908305078.906,-146,88,-138
1747908305117.656,208443,1747908305098.75,-152,83,-128
1747908305137.531,208249,1747908305118.562,-132,108,-125
1747908305157.375,207999,1747908305138.437,-128,104,-121
1747908305177.219,207786,1747908305158.313,-119,96,-135
1747908305197.094,207583,1747908305178.156,-112,94,-117
1747908305216.938,207402,1747908305198.0,-106,94,-121
1747908305236.812,207261,1747908305217.844,-111,87,-114
1747908305256.625,207116,1747908305237.719,-109,78,-113
1747908305276.469,207053,1747908305257.594,-98,72,-116
1747908305296.313,207027,1747908305277.375,-79,67,-125
1747908305316.188,206961,1747908305297.25,-93,70,-128
1747908305336.0,206835,1747908305317.094,-85,71,-145
1747908305355.875,206635,1747908305336.937,-65,71,-161
1747908305375.75,206388,1747908305356.781,-45,59,-161
1747908305395.594,206177,1747908305376.625,-9,54,-160
1747908305415.406,205943,1747908305396.5,12,60,-160
1747908305435.344,205761,1747908305416.375,23,68,-162
1747908305455.125,205603,1747908305436.188,33,59,-164
1747908305475.0,205542,1747908305456.031,39,62,-170
1747908305494.813,205494,1747908305475.906,51,62,-185
1747908305514.687,205475,1747908305495.75,47,56,-207
1747908305534.562,205496,1747908305515.625,46,65,-200
1747908305554.4382,205512,1747908305535.469,60,70,-202
1747908305574.281,205555,1747908305555.344,56,75,-192
1747908305594.156,205624,1747908305575.219,56,73,-198
1747908305614.0,205710,1747908305595.062,56,67,-189
1747908305633.875,205861,1747908305614.938,56,66,-189
1747908305653.719,206045,1747908305634.813,44,68,-177
1747908305673.563,206224,1747908305654.656,28,68,-178
1747908305693.469,206385,1747908305674.5,31,72,-186
1747908305713.312,206605,1747908305694.375,39,72,-173
1747908305733.156,206893,1747908305714.344,44,71,-140
1747908305753.031,207193,1747908305734.125,35,65,-133
1747908305772.906,207449,1747908305753.937,39,57,-121
1747908305792.781,207613,1747908305773.813,22,72,-128
1747908305812.6882,207705,1747908305793.688,-29,67,-145
1747908305832.469,207772,1747908305813.625,-64,68,-153
1747908305852.344,207794,1747908305833.375,-66,70,-129
1747908305872.219,207860,1747908305853.25,-68,76,-93
1747908305892.063,207907,1747908305873.125,-88,71,-81
1747908305911.938,208013,1747908305893.0,-132,60,-71
1747908305931.781,208147,1747908305912.812,-148,63,-64
1747908305951.656,208280,1747908305932.687,-162,75,-76
1747908305971.5,208386,1747908305952.563,-188,76,-96
1747908305991.375,208422,1747908305972.438,-199,71,-113
1747908306011.219,208377,1747908305992.281,-185,72,-121
1747908306031.094,208282,1747908306012.156,-184,81,-97
1747908306051.031,208153,1747908306031.969,-167,81,-89
1747908306070.813,208009,1747908306051.938,-148,81,-109
1747908306090.656,207840,1747908306071.687,-143,91,-121
1747908306110.531,207711,1747908306091.562,-125,89,-128
1747908306130.375,207621,1747908306111.438,-129,87,-128
1747908306150.219,207593,1747908306131.313,-117,79,-125
1747908306170.156,207598,1747908306151.156,-116,65,-128
1747908306189.969,207637,1747908306171.0,-112,47,-136
1747908306209.812,207670,1747908306190.875,-104,56,-127
1747908306229.688,207671,1747908306210.75,-88,57,-128
1747908306249.563,207543,1747908306230.594,-72,56,-137
1747908306269.437,207317,1747908306250.5,-49,60,-128
1747908306289.281,207027,1747908306270.375,-34,63,-121
1747908306309.156,206642,1747908306290.219,-24,63,-128
1747908306329.031,206245,1747908306310.063,-11,60,-141
1747908306348.875,205886,1747908306329.937,9,58,-153
1747908306368.75,205549,1747908306349.812,15,65,-151
1747908306388.594,205179,1747908306369.688,24,60,-146
1747908306408.469,204783,1747908306389.5,28,63,-159
1747908306428.344,204370,1747908306409.406,36,76,-177
1747908306448.187,204030,1747908306429.25,46,80,-181
1747908306468.125,203798,1747908306449.156,65,79,-191
1747908306487.938,203679,1747908306468.969,68,75,-195
1747908306507.781,203647,1747908306488.844,67,79,-205
1747908306527.625,203662,1747908306508.719,78,78,-192
1747908306547.5,203677,1747908306528.594,71,79,-204
1747908306567.344,203772,1747908306548.406,54,71,-192
1747908306587.219,203889,1747908306568.25,48,75,-188
1747908306607.062,203970,1747908306588.125,52,63,-181
1747908306626.937,204083,1747908306608.0,39,63,-185
1747908306646.781,204155,1747908306627.844,38,63,-160
1747908306666.656,204297,1747908306647.688,48,63,-157
1747908306686.5,204434,1747908306667.594,46,64,-145
1747908306706.375,204604,1747908306687.531,31,65,-143
1747908306726.25,204784,1747908306707.281,22,70,-153
1747908306746.094,205006,1747908306727.156,-4,68,-165
1747908306765.969,205222,1747908306747.031,-33,63,-167
1747908306785.906,205412,1747908306766.875,-24,67,-159
1747908306805.719,205582,1747908306786.813,-12,63,-125
1747908306825.531,205726,1747908306806.625,-8,80,-109
1747908306845.406,205817,1747908306826.5,-39,97,-121
1747908306865.281,205885,1747908306846.344,-97,86,-128
1747908306885.156,206003,1747908306866.188,-109,67,-153
1747908306905.0,206144,1747908306886.031,-125,57,-157
1747908306924.875,206286,1747908306905.937,-144,63,-144
1747908306944.75,206409,1747908306925.781,-127,71,-128
1747908306964.594,206461,1747908306945.625,-112,71,-128
1747908306984.438,206524,1747908306965.531,-104,67,-129
1747908307004.313,206601,1747908306985.375,-104,83,-121
1747908307024.187,206659,1747908307005.219,-108,92,-113
1747908307044.062,206673,1747908307025.062,-109,92,-124
1747908307063.906,206637,1747908307044.969,-113,95,-113
1747908307083.75,206599,1747908307064.844,-106,96,-105
1747908307103.625,206486,1747908307084.656,-89,96,-114
1747908307123.5,206346,1747908307104.531,-89,92,-124
1747908307143.312,206200,1747908307124.406,-77,86,-128
1747908307163.188,206025,1747908307144.219,-60,79,-137
1747908307183.063,205916,1747908307164.094,-66,76,-128
1747908307202.906,205864,1747908307183.969,-56,72,-141
1747908307222.75,205887,1747908307203.813,-72,63,-136
1747908307242.625,205943,1747908307223.688,-76,55,-141
1747908307262.5,206046,1747908307243.531,-65,56,-128
1747908307282.344,206186,1747908307263.437,-66,58,-145
1747908307302.187,206320,1747908307283.25,-47,60,-160
1747908307322.063,206496,1747908307303.125,-26,57,-162
1747908307341.938,206699,1747908307323.0,-9,50,-146
1747908307361.7808,206875,1747908307342.812,17,36,-160
1747908307381.625,207037,1747908307362.687,31,40,-185
1747908307401.5,207191,1747908307382.531,36,50,-192
1747908307421.344,207370,1747908307402.406,48,62,-203
1747908307441.25,207400,1747908307422.281,57,52,-192
1747908307461.062,207299,1747908307442.125,54,62,-187
1747908307480.937,207090,1747908307462.0,51,67,-185
1747908307500.813,206919,1747908307481.844,31,69,-210
1747908307520.781,206760,1747908307501.719,8,64,-217
1747908307540.5,206624,1747908307521.687,9,63,-207
1747908307560.375,206491,1747908307541.469,-17,62,-202
1747908307580.281,206360,1747908307561.313,-29,58,-202
1747908307600.125,206201,1747908307581.187,-33,52,-185
1747908307619.969,205998,1747908307601.031,-13,51,-161
1747908307639.906,205824,1747908307620.906,1,60,-146
1747908307659.688,205574,1747908307640.75,-12,47,-132
1747908307679.531,205329,1747908307660.594,-20,67,-127
1747908307699.375,205332,1747908307680.437,-27,83,-128
1747908307719.219,205731,1747908307700.281,-56,81,-144
1747908307739.094,206605,1747908307720.125,-67,72,-128
1747908307758.938,207517,1747908307740.031,-90,58,-122
1747908307778.781,208362,1747908307759.875,-97,64,-119
1747908307798.656,209064,1747908307779.719,-77,88,-105
1747908307818.531,209588,1747908307799.594,-53,99,-81
1747908307838.375,210037,1747908307819.438,-56,83,-77
1747908307858.219,210433,1747908307839.281,-98,68,-95
1747908307878.062,210825,1747908307859.1868,-138,67,-114
1747908307897.937,211133,1747908307878.969,-146,77,-125
1747908307917.813,211484,1747908307898.875,-159,71,-122
1747908307937.625,211791,1747908307918.719,-129,68,-105
1747908307957.5,212133,1747908307938.562,-153,71,-95
1747908307977.375,212468,1747908307958.437,-156,71,-84
1747908307997.219,212805,1747908307978.281,-169,87,-84
1747908308017.063,213092,1747908307998.156,-144,95,-81
1747908308036.906,213340,1747908308018.0,-127,97,-64
1747908308056.781,213542,1747908308037.812,-134,96,-65
1747908308076.625,213704,1747908308057.719,-132,97,-78
1747908308096.437,213811,1747908308077.563,-121,97,-97
1747908308116.313,213878,1747908308097.375,-125,99,-108
1747908308136.156,213929,1747908308117.219,-121,85,-106
1747908308156.0,213886,1747908308137.062,-93,80,-96
1747908308175.844,213748,1747908308156.938,-80,80,-101
1747908308195.688,213551,1747908308176.781,-84,76,-113
1747908308215.563,213176,1747908308196.594,-81,62,-122
1747908308235.406,212513,1747908308216.469,-68,57,-122
1747908308255.219,211632,1747908308236.312,-69,48,-128
1747908308275.062,210914,1747908308256.188,-25,36,-145
1747908308294.969,210449,1747908308276.031,-25,28,-160
1747908308314.813,210153,1747908308295.844,-16,39,-181
1747908308334.625,209890,1747908308315.719,-17,49,-200
1747908308354.5,209692,1747908308335.562,-1,48,-209
1747908308374.344,209546,1747908308355.438,14,52,-210
1747908308394.188,209389,1747908308375.281,20,64,-193
1747908308414.031,209311,1747908308395.094,28,63,-189
1747908308433.844,209352,1747908308414.937,41,38,-185
1747908308453.719,209432,1747908308434.813,40,34,-180
1747908308473.594,209479,1747908308454.656,41,35,-172
1747908308493.438,209551,1747908308474.5,46,49,-169
1747908308513.281,209630,1747908308494.344,56,57,-164
1747908308533.125,209705,1747908308514.219,63,59,-177
1747908308552.969,209791,1747908308534.031,46,67,-170
1747908308572.813,209874,1747908308553.875,54,79,-177
1747908308592.625,209953,1747908308573.719,39,67,-173
1747908308612.5,210007,1747908308593.5618,23,62,-172
1747908308632.375,210003,1747908308613.406,7,52,-175
1747908308652.219,209924,1747908308633.281,3,44,-178
1747908308672.031,209796,1747908308653.125,-16,31,-177
1747908308691.906,209603,1747908308672.969,-4,65,-146
1747908308711.719,209444,1747908308692.812,4,64,-125
1747908308731.594,209369,1747908308712.656,-16,56,-121
1747908308751.406,209471,1747908308732.5,-59,44,-128
1747908308771.25,209705,1747908308752.375,-76,37,-154
1747908308791.094,210015,1747908308772.156,-71,47,-153
1747908308810.969,210443,1747908308792.0,-72,52,-153
1747908308830.781,210922,1747908308811.844,-80,40,-144
1747908308850.625,211385,1747908308831.688,-83,39,-138
1747908308870.531,211753,1747908308851.562,-95,43,-145
1747908308890.312,212132,1747908308871.406,-113,39,-144
1747908308910.156,212444,1747908308891.219,-116,40,-157
1747908308930.031,212786,1747908308911.125,-129,43,-142
1747908308949.844,213078,1747908308930.969,-129,48,-138
1747908308969.719,213347,1747908308950.75,-111,54,-128
1747908308989.562,213583,1747908308970.625,-116,58,-137
1747908309009.406,213751,1747908308990.5,-121,64,-137
1747908309029.281,213907,1747908309010.344,-125,64,-137
1747908309049.094,214044,1747908309030.188,-121,60,-128
1747908309068.969,214232,1747908309050.0,-109,71,-112
1747908309088.781,214439,1747908309069.844,-96,67,-125
1747908309108.625,214553,1747908309089.75,-88,64,-112
1747908309128.5,214645,1747908309109.625,-81,60,-122
1747908309148.344,214640,1747908309129.406,-83,63,-122
1747908309168.156,214663,1747908309149.25,-83,67,-131
1747908309188.031,214684,1747908309169.125,-72,65,-141
1747908309207.875,214732,1747908309188.969,-68,63,-145
1747908309227.75,214844,1747908309208.781,-55,65,-153
1747908309247.5942,215061,1747908309228.625,-39,56,-145
1747908309267.437,215338,1747908309248.5,-32,60,-160
1747908309287.281,215762,1747908309268.344,-33,44,-172
1747908309307.156,216194,1747908309288.156,-10,42,-175
1747908309326.969,216543,1747908309308.063,12,28,-159
1747908309346.844,216712,1747908309327.9368,28,32,-154
1747908309366.719,216845,1747908309347.75,33,40,-161
1747908309386.531,216991,1747908309367.625,33,39,-170
1747908309406.375,217130,1747908309387.438,48,47,-160
1747908309426.25,217232,1747908309407.312,43,42,-170
1747908309446.062,217388,1747908309427.156,31,34,-180
1747908309465.906,217551,1747908309447.063,8,31,-185
1747908309485.75,217798,1747908309466.813,6,30,-191
1747908309505.594,218006,1747908309486.688,-4,31,-209
1747908309525.438,218219,1747908309506.5,-10,33,-218
1747908309545.437,218408,1747908309526.344,-13,34,-228
1747908309565.125,218565,1747908309546.344,-13,35,-219
1747908309584.938,218677,1747908309566.031,1,23,-219
1747908309604.813,218795,1747908309585.906,-7,25,-202
1747908309624.656,218906,1747908309605.75,-9,28,-186
1747908309644.531,219082,1747908309625.562,6,28,-160
1747908309664.344,219256,1747908309645.438,1,33,-155
1747908309684.188,219391,1747908309665.281,-2,48,-148
1747908309704.031,219475,1747908309685.0942,-8,49,-146
1747908309723.875,219471,1747908309704.937,-1,52,-144
1747908309743.719,219466,1747908309724.781,-15,57,-145
1747908309763.594,219466,1747908309744.656,-24,67,-137
1747908309783.406,219403,1747908309764.469,-52,72,-144
1747908309803.281,219330,1747908309784.312,-58,71,-145
1747908309823.125,219245,1747908309804.187,-57,79,-128
1747908309842.937,219265,1747908309824.031,-65,71,-121
1747908309862.813,219385,1747908309843.813,-79,67,-125
1747908309882.656,219482,1747908309863.719,-88,67,-128
1747908309902.5,219571,1747908309883.562,-104,76,-137
1747908309922.344,219669,1747908309903.406,-116,72,-136
1747908309942.187,219810,1747908309923.25,-121,67,-122
1747908309962.031,220002,1747908309943.094,-130,71,-121
1747908309981.844,220120,1747908309962.938,-130,83,-121
1747908310001.719,220197,1747908309982.75,-113,88,-121
1747908310021.562,220217,1747908310002.625,-108,95,-122
1747908310041.406,220223,1747908310022.469,-97,88,-114
1747908310061.25,220194,1747908310042.313,-80,88,-119
1747908310081.094,220153,1747908310062.187,-81,82,-121
1747908310101.062,220098,1747908310082.0,-63,71,-128
1747908310120.844,219992,1747908310101.844,-58,67,-145
1747908310140.625,219870,1747908310121.781,-53,63,-149
1747908310160.5,219828,1747908310141.563,-28,63,-153
1747908310180.344,219845,1747908310161.437,-25,51,-168
1747908310200.219,219805,1747908310181.219,-16,52,-173
1747908310220.062,219804,1747908310201.125,-17,57,-177
1747908310239.938,219791,1747908310221.0,-16,51,-173
1747908310259.75,219816,1747908310240.844,-34,56,-160
1747908310279.625,219921,1747908310260.656,-21,54,-185
1747908310299.469,220037,1747908310280.531,-12,48,-192
1747908310319.313,220156,1747908310300.375,-9,52,-186
1747908310339.156,220237,1747908310320.25,31,60,-179
1747908310359.0,220255,1747908310340.031,56,63,-185
1747908310378.875,220197,1747908310359.937,71,76,-201
1747908310398.6868,220151,1747908310379.813,78,76,-192
1747908310418.563,220113,1747908310399.656,86,67,-181
1747908310438.406,220085,1747908310419.4692,96,62,-162
1747908310458.281,220079,1747908310439.344,87,51,-169
1747908310478.062,220102,1747908310459.219,66,40,-181
1747908310497.937,220085,1747908310479.031,31,44,-192
1747908310517.781,220063,1747908310498.813,12,40,-192
1747908310537.625,220016,1747908310518.687,23,51,-200
1747908310557.469,219986,1747908310538.562,24,56,-187
1747908310577.375,220006,1747908310558.406,51,55,-177
1747908310597.188,220073,1747908310578.219,48,52,-159
1747908310617.125,220170,1747908310598.094,48,59,-154
1747908310636.844,220190,1747908310617.937,35,67,-164
1747908310656.719,220157,1747908310637.781,17,63,-160
1747908310676.594,220088,1747908310657.594,8,65,-160
1747908310696.406,220082,1747908310677.469,7,71,-136
1747908310716.25,220237,1747908310697.375,7,83,-122
1747908310736.094,220411,1747908310717.187,-4,92,-113
1747908310755.969,220610,1747908310737.0,-18,96,-121
1747908310775.844,220794,1747908310756.875,-32,96,-125
1747908310795.688,220835,1747908310776.75,-50,94,-128
1747908310815.5,220820,1747908310796.656,-82,81,-147
1747908310835.375,220761,1747908310816.437,-90,78,-150
1747908310855.187,220845,1747908310836.313,-90,74,-142
1747908310875.063,220960,1747908310856.125,-109,67,-128
1747908310894.906,221116,1747908310876.0,-120,67,-137
1747908310914.75,221237,1747908310895.906,-120,67,-144
1747908310934.625,221240,1747908310915.656,-136,73,-144
1747908310954.469,221155,1747908310935.531,-144,81,-140
1747908310974.313,220978,1747908310955.438,-106,94,-128
1747908310994.188,220759,1747908310975.25,-111,95,-126
1747908311014.062,220616,1747908310995.094,-80,87,-121
1747908311033.875,220571,1747908311014.969,-97,95,-122
1747908311053.75,220628,1747908311034.813,-89,76,-128
1747908311073.594,220706,1747908311054.688,-84,70,-145
1747908311093.469,221107,1747908311074.5,-88,81,-137
1747908311113.281,221762,1747908311094.375,-61,68,-127
1747908311133.156,222333,1747908311114.25,-63,56,-128
1747908311153.031,222685,1747908311134.094,-51,57,-125
1747908311172.906,222841,1747908311153.937,-58,59,-128
1747908311192.719,222870,1747908311173.812,-65,49,-145
1747908311212.594,222745,1747908311193.656,-61,48,-157
1747908311232.438,222475,1747908311213.531,-36,52,-153
1747908311252.281,222145,1747908311233.313,-26,48,-157
1747908311272.125,221770,1747908311253.187,-9,52,-160
1747908311291.969,221448,1747908311273.062,1,54,-178
1747908311311.844,221199,1747908311292.938,16,56,-179
1747908311331.688,221153,1747908311312.75,19,59,-180
1747908311351.562,221242,1747908311332.594,24,54,-178
1747908311371.375,221409,1747908311352.469,44,60,-177
1747908311391.25,221535,1747908311372.313,62,57,-177
1747908311411.094,221624,1747908311392.156,57,56,-181
1747908311430.969,221652,1747908311412.0,39,58,-199
1747908311450.812,221661,1747908311431.906,6,44,-218
1747908311470.656,221677,1747908311451.75,-18,48,-221
1747908311490.563,221701,1747908311471.563,-23,38,-209
1747908311510.406,221714,1747908311491.469,-15,39,-192
1747908311530.25,221773,1747908311511.312,-13,44,-189
1747908311550.125,221832,1747908311531.219,-15,44,-178
1747908311570.0632,221866,1747908311551.031,-13,44,-162
1747908311589.844,221891,1747908311570.969,-24,47,-169
1747908311609.688,221818,1747908311590.781,-42,46,-161
1747908311629.531,221756,1747908311610.594,-34,55,-160
1747908311649.375,221717,1747908311630.438,-49,65,-137
1747908311669.25,221665,1747908311650.281,-40,75,-116
1747908311689.156,221648,1747908311670.125,-29,71,-96
1747908311708.937,221609,1747908311690.031,-56,63,-104
1747908311728.781,221526,1747908311709.844,-72,71,-125
1747908311748.625,221427,1747908311729.688,-93,76,-128
1747908311768.469,221305,1747908311749.531,-104,72,-120
1747908311788.313,221181,1747908311769.406,-97,78,-114
1747908311808.156,221097,1747908311789.219,-85,76,-106
1747908311828.031,221059,1747908311809.156,-93,79,-105
1747908311847.844,221058,1747908311828.938,-113,84,-114
1747908311867.719,221072,1747908311848.781,-127,88,-128
1747908311887.563,221115,1747908311868.625,-136,83,-128
1747908311907.406,221200,1747908311888.469,-112,83,-118
1747908311927.219,221323,1747908311908.313,-93,80,-109
1747908311947.063,221418,1747908311928.156,-90,95,-113
1747908311966.906,221475,1747908311948.0,-103,95,-116
1747908311986.7808,221469,1747908311967.812,-113,96,-125
1747908312006.594,221488,1747908311987.687,-109,81,-128
1747908312026.437,221478,1747908312007.531,-97,76,-138
1747908312046.313,221494,1747908312027.375,-91,72,-153
1747908312066.156,221559,1747908312047.219,-77,60,-149
1747908312085.938,221637,1747908312067.094,-50,59,-157
1747908312105.812,221729,1747908312086.906,-40,60,-158
1747908312125.688,221850,1747908312106.75,-13,58,-161
1747908312145.5,222017,1747908312126.594,-2,55,-167
1747908312165.344,222215,1747908312146.437,-9,53,-168
1747908312185.187,222452,1747908312166.281,6,55,-172
1747908312205.031,222698,1747908312186.125,15,54,-169
1747908312224.906,222960,1747908312205.938,17,51,-177
1747908312244.75,223192,1747908312225.813,23,59,-185
1747908312264.594,223414,1747908312245.625,19,60,-185
1747908312284.406,223599,1747908312265.5,31,62,-176
1747908312304.281,223738,1747908312285.312,33,57,-180
1747908312324.125,223876,1747908312305.188,32,56,-180
1747908312343.9382,223984,1747908312325.063,24,57,-179
1747908312363.781,224035,1747908312344.875,33,56,-177
1747908312383.656,224075,1747908312364.719,31,60,-184
1747908312403.5,224087,1747908312384.563,25,56,-160
1747908312423.344,224100,1747908312404.406,15,56,-169
1747908312443.188,224199,1747908312424.2808,11,56,-169
1747908312463.062,224422,1747908312444.094,-1,57,-162
1747908312482.906,224788,1747908312463.969,-1,56,-153
1747908312502.75,225229,1747908312483.844,-4,63,-145
1747908312522.625,225677,1747908312503.688,-21,56,-136
1747908312542.469,226111,1747908312523.562,-45,55,-138
1747908312562.344,226399,1747908312543.344,-48,63,-137
1747908312582.187,226532,1747908312563.25,-61,73,-137
1747908312602.031,226567,1747908312583.125,-77,71,-122
1747908312621.906,226607,1747908312602.937,-85,60,-111
1747908312641.75,226668,1747908312622.812,-100,59,-100
1747908312661.594,226756,1747908312642.688,-104,63,-97
1747908312681.469,226834,1747908312662.531,-136,52,-96
1747908312701.313,226906,1747908312682.375,-154,55,-100
1747908312721.219,227021,1747908312702.219,-169,60,-101
1747908312741.062,227234,1747908312722.125,-169,56,-106
1747908312760.906,227440,1747908312742.0,-177,67,-96
1747908312780.781,227677,1747908312761.813,-160,71,-96
1747908312800.625,227943,1747908312781.687,-148,72,-105
1747908312820.469,228226,1747908312801.562,-149,71,-106
1747908312840.312,228435,1747908312821.469,-145,76,-113
1747908312860.188,228644,1747908312841.25,-138,78,-113
1747908312880.031,228808,1747908312861.125,-136,76,-108
1747908312899.906,228923,1747908312880.937,-130,75,-105
1747908312919.812,228983,1747908312900.844,-119,65,-113
1747908312939.594,229023,1747908312920.719,-122,57,-121
1747908312959.469,229061,1747908312940.531,-122,56,-124
1747908312979.312,229198,1747908312960.406,-105,56,-146
1747908312999.156,229430,1747908312980.219,-82,51,-153
1747908313019.0,229720,1747908313000.063,-80,55,-143
1747908313038.938,230003,1747908313019.906,-58,48,-128
1747908313058.719,230178,1747908313039.781,-40,47,-132
1747908313078.594,230363,1747908313059.656,-23,51,-145
1747908313098.437,230521,1747908313079.5,-16,56,-142
1747908313118.313,230566,1747908313099.375,-4,52,-125
1747908313138.156,230393,1747908313119.219,20,59,-125
1747908313158.0,230261,1747908313139.094,35,54,-115
1747908313177.875,230250,1747908313158.937,44,72,-158
1747908313197.75,230320,1747908313178.781,48,68,-170
1747908313217.563,230310,1747908313198.656,33,68,-170
1747908313237.437,230263,1747908313218.5,38,84,-196
1747908313257.281,230202,1747908313238.312,19,73,-205
1747908313277.125,230157,1747908313258.156,12,59,-201
1747908313296.969,230141,1747908313278.031,4,67,-192
1747908313316.813,230096,1747908313297.875,9,52,-180
1747908313336.656,230023,1747908313317.719,11,56,-177
1747908313356.5,229929,1747908313337.562,6,59,-177
1747908313376.375,229817,1747908313357.438,0,63,-159
1747908313396.188,229697,1747908313377.25,-8,63,-144
1747908313416.0308,229617,1747908313397.125,-5,64,-145
1747908313435.875,229591,1747908313416.937,-5,60,-126
1747908313455.719,229617,1747908313436.812,-20,56,-125
1747908313475.563,229675,1747908313456.625,-34,73,-113
1747908313495.406,229723,1747908313476.5,-57,78,-113
1747908313515.281,229777,1747908313496.344,-77,64,-124
1747908313535.125,229773,1747908313516.156,-97,49,-121
1747908313554.9368,229783,1747908313536.031,-113,48,-105
1747908313574.781,229834,1747908313555.875,-129,57,-93
1747908313594.719,229853,1747908313575.688,-145,55,-82
1747908313614.5,229822,1747908313595.594,-154,59,-89
1747908313634.312,229812,1747908313615.406,-153,63,-81
1747908313654.156,229796,1747908313635.25,-180,64,-74
1747908313674.0,229794,1747908313655.063,-197,55,-81
1747908313693.844,229821,1747908313674.906,-177,54,-75
1747908313713.656,229884,1747908313694.75,-175,69,-77
1747908313733.531,230001,1747908313714.625,-188,64,-73
1747908313753.375,230060,1747908313734.438,-168,64,-77
1747908313773.219,230128,1747908313754.25,-160,88,-80
1747908313793.031,230142,1747908313774.125,-165,67,-80
1747908313812.875,230086,1747908313794.0,-168,67,-89
1747908313832.75,230011,1747908313813.812,-152,71,-85
1747908313852.594,229921,1747908313833.781,-160,71,-89
1747908313872.406,229795,1747908313853.5308,-154,67,-86
1747908313892.25,229659,1747908313873.375,-135,57,-97
1747908313912.125,229494,1747908313893.219,-125,55,-104
1747908313931.969,229340,1747908313913.031,-120,49,-113
1747908313951.813,229286,1747908313932.875,-100,51,-113
1747908313971.625,229282,1747908313952.75,-69,48,-116
1747908313991.5,229266,1747908313972.594,-42,43,-122
1747908314011.344,229316,1747908313992.406,-8,44,-128
1747908314031.187,229464,1747908314012.281,-10,46,-141
1747908314051.0,229624,1747908314032.094,-12,46,-160
1747908314070.875,229767,1747908314051.969,-12,54,-180
1747908314090.719,229909,1747908314071.781,-8,57,-201
1747908314110.562,230099,1747908314091.625,8,63,-198
1747908314130.375,230239,1747908314111.469,35,63,-189
1747908314150.25,230373,1747908314131.313,48,70,-177
1747908314170.125,230479,1747908314151.156,51,70,-170
1747908314189.937,230552,1747908314171.031,44,71,-177
1747908314209.75,230606,1747908314190.875,36,68,-177
1747908314229.594,230660,1747908314210.6882,35,67,-158
1747908314249.563,230744,1747908314230.5,30,63,-153
1747908314269.313,230794,1747908314250.469,20,63,-153
1747908314289.125,230886,1747908314270.219,22,63,-146
1747908314309.125,230973,1747908314290.062,20,70,-144
1747908314328.844,231131,1747908314310.031,7,68,-128
1747908314348.688,231403,1747908314329.75,7,72,-128
1747908314368.531,231873,1747908314349.5942,-17,72,-128
1747908314388.375,232430,1747908314369.469,-32,71,-128
1747908314408.219,232865,1747908314389.313,-49,63,-130
1747908314428.094,233218,1747908314409.125,-64,73,-124
1747908314447.906,233521,1747908314429.0,-84,70,-121
1747908314467.75,233746,1747908314448.812,-104,65,-117
1747908314487.594,233900,1747908314468.687,-123,52,-97
1747908314507.437,234049,1747908314488.5,-135,60,-81
1747908314527.281,234152,1747908314508.344,-160,63,-77
1747908314547.094,234291,1747908314528.188,-167,63,-64
1747908314566.937,234417,1747908314548.031,-159,54,-49
1747908314586.812,234550,1747908314567.844,-169,54,-50
1747908314606.625,234676,1747908314587.719,-193,48,-49
1747908314626.469,234831,1747908314607.531,-175,45,-55
1747908314646.344,234947,1747908314627.4058,-208,44,-61
1747908314666.156,235072,1747908314647.219,-192,50,-64
1747908314686.031,235228,1747908314667.062,-191,57,-64
1747908314705.844,235349,1747908314686.938,-186,57,-63
1747908314725.688,235480,1747908314706.781,-175,56,-63
1747908314745.563,235636,1747908314726.625,-177,56,-81
1747908314765.406,235827,1747908314746.469,-171,67,-88
1747908314785.219,236068,1747908314766.313,-175,57,-81
1747908314805.094,236300,1747908314786.156,-157,50,-74
1747908314824.938,236482,1747908314806.0,-141,47,-97
1747908314844.781,236582,1747908314825.844,-143,62,-113
1747908314864.594,236635,1747908314845.687,-113,78,-117
1747908314884.469,236808,1747908314865.531,-103,75,-113
1747908314904.281,237009,1747908314885.406,-92,52,-106
1747908314924.156,237154,1747908314905.188,-76,48,-109
1747908314943.969,237276,1747908314925.062,-72,54,-125
1747908314963.812,237362,1747908314944.906,-81,60,-145
1747908314983.656,237467,1747908314964.719,-36,60,-141
1747908315003.5,237662,1747908314984.5632,-12,60,-137
1747908315023.344,237877,1747908315004.437,12,43,-134
1747908315043.187,238045,1747908315024.25,25,60,-144
1747908315063.0,238270,1747908315044.125,31,84,-157
1747908315082.875,238570,1747908315063.906,37,83,-160
1747908315102.719,238852,1747908315083.781,49,87,-165
1747908315122.531,239012,1747908315103.625,67,95,-161
1747908315142.406,239086,1747908315123.562,63,88,-161
1747908315162.25,239153,1747908315143.312,46,81,-168
1747908315182.094,239157,1747908315163.156,28,78,-168
1747908315201.938,239117,1747908315183.0,15,67,-160
1747908315221.906,239027,1747908315202.875,-16,61,-166
1747908315241.625,238981,1747908315222.812,-37,63,-160
1747908315261.469,239004,1747908315242.5,-36,55,-160
1747908315281.313,239097,1747908315262.406,-50,61,-153
1747908315301.156,239167,1747908315282.25,-49,48,-128
1747908315321.031,239147,1747908315302.094,-44,63,-101
1747908315340.875,239192,1747908315321.937,-58,71,-98
1747908315360.719,239252,1747908315341.75,-81,80,-109
1747908315380.563,239209,1747908315361.688,-89,86,-99
1747908315400.375,239170,1747908315381.5,-100,94,-89
1747908315420.25,239105,1747908315401.281,-121,74,-77
1747908315440.094,239088,1747908315421.156,-148,60,-82
1747908315459.938,239088,1747908315441.031,-141,41,-81
1747908315479.781,239128,1747908315460.875,-164,36,-64
1747908315499.625,239192,1747908315480.719,-181,30,-64
1747908315519.469,239268,1747908315500.531,-204,32,-61
1747908315539.3118,239359,1747908315520.375,-192,38,-59
1747908315559.156,239472,1747908315540.25,-201,44,-56
1747908315579.0,239619,1747908315560.063,-196,38,-49
1747908315598.844,239692,1747908315579.875,-196,40,-45
1747908315618.687,239737,1747908315599.781,-189,54,-64
1747908315638.531,239849,1747908315619.625,-168,56,-64
1747908315658.406,239945,1747908315639.469,-181,49,-61
1747908315678.25,240036,1747908315659.312,-168,48,-62
1747908315698.062,240081,1747908315679.156,-162,54,-64
1747908315717.937,240092,1747908315699.031,-154,56,-84
1747908315737.781,240174,1747908315718.875,-152,54,-97
1747908315757.656,240263,1747908315738.688,-156,31,-98
1747908315777.469,240363,1747908315758.531,-144,28,-94
1747908315797.312,240427,1747908315778.406,-124,31,-90
1747908315817.187,240456,1747908315798.25,-90,46,-105
1747908315837.031,240491,1747908315818.094,-65,60,-128
1747908315856.844,240570,1747908315837.938,-47,72,-154
1747908315876.688,240678,1747908315857.812,-40,58,-162
1747908315896.594,240817,1747908315877.594,-33,62,-153
1747908315916.469,240937,1747908315897.5,-2,73,-154
1747908315936.25,241063,1747908315917.344,15,64,-144
1747908315956.125,241133,1747908315937.187,24,62,-146
1747908315975.969,241195,1747908315957.031,48,60,-138
1747908315995.812,241213,1747908315976.844,23,64,-155
1747908316015.625,241252,1747908315996.719,27,67,-161
1747908316035.469,241276,1747908316016.594,30,83,-168
1747908316055.344,241314,1747908316036.437,40,79,-160
1747908316075.187,241378,1747908316056.281,44,79,-153
1747908316095.031,241424,1747908316076.125,48,75,-149
1747908316114.875,241413,1747908316095.969,33,68,-153
1747908316134.75,241354,1747908316115.844,16,63,-157
1747908316154.594,241311,1747908316135.687,0,66,-160
1747908316174.437,241297,1747908316155.5,-16,62,-161
1747908316194.25,241296,1747908316175.344,-41,52,-146
1747908316214.094,241300,1747908316195.156,-55,67,-137
1747908316233.969,241317,1747908316215.031,-65,71,-121
1747908316253.812,241454,1747908316234.906,-58,62,-106
1747908316273.625,241830,1747908316254.719,-60,51,-80
1747908316293.5,242231,1747908316274.594,-79,48,-52
1747908316313.375,242477,1747908316294.406,-129,56,-64
1747908316333.25,242603,1747908316314.281,-157,73,-85
1747908316353.094,242650,1747908316334.156,-177,64,-97
1747908316372.937,242732,1747908316354.031,-192,41,-108
1747908316392.813,242894,1747908316373.844,-185,29,-89
1747908316412.656,243093,1747908316393.719,-173,31,-74
1747908316432.5,243278,1747908316413.594,-167,40,-65
1747908316452.375,243395,1747908316433.438,-172,46,-57
1747908316472.219,243422,1747908316453.281,-164,48,-39
1747908316492.094,243441,1747908316473.156,-191,44,-49
1747908316511.906,243473,1747908316493.0,-198,39,-64
1747908316531.75,243556,1747908316512.875,-207,32,-81
1747908316551.625,243668,1747908316532.656,-207,35,-77
1747908316571.469,243767,1747908316552.531,-202,44,-77
1747908316591.313,243913,1747908316572.375,-194,46,-64
1747908316611.156,244077,1747908316592.25,-168,40,-57
1747908316631.0,244080,1747908316612.062,-153,47,-52
1747908316650.844,243832,1747908316631.906,-143,54,-57
1747908316670.688,243556,1747908316651.75,-130,67,-64
1747908316690.5,243365,1747908316671.625,-117,57,-84
1747908316710.375,243240,1747908316691.437,-116,55,-90
1747908316730.25,243228,1747908316711.313,-95,44,-92
1747908316750.063,243195,1747908316731.156,-73,36,-98
1747908316769.938,243110,1747908316751.0,-52,48,-133
1747908316789.781,243102,1747908316770.844,-44,56,-128
1747908316809.656,243110,1747908316790.719,-31,56,-133
1747908316829.5,243121,1747908316810.563,-26,43,-141
1747908316849.375,243154,1747908316830.406,-25,32,-153
1747908316869.219,243176,1747908316850.281,-25,39,-161
1747908316889.125,243227,1747908316870.156,-7,40,-162
1747908316908.937,243205,1747908316890.031,24,40,-170
1747908316928.813,243151,1747908316909.875,35,48,-183
1747908316948.688,243078,1747908316929.688,17,51,-191
1747908316968.531,242915,1747908316949.594,12,57,-188
1747908316988.344,242750,1747908316969.438,0,58,-186
1747908317008.219,242515,1747908316989.313,-9,49,-185
1747908317028.094,242273,1747908317009.125,-23,41,-185
1747908317047.937,242053,1747908317029.0,-29,48,-185
1747908317067.781,241938,1747908317048.875,-37,40,-177
1747908317087.625,241808,1747908317068.688,-49,38,-160
1747908317107.5,241719,1747908317088.531,-54,49,-156
1747908317127.344,241677,1747908317108.437,-68,54,-161
1747908317147.156,241599,1747908317128.281,-64,60,-153
1747908317167.062,241488,1747908317148.094,-66,61,-121
1747908317186.938,241381,1747908317167.969,-66,63,-64
1747908317206.75,241324,1747908317187.813,-80,52,-32
1747908317226.625,241268,1747908317207.687,-97,48,-25
1747908317246.469,241167,1747908317227.562,-134,54,-39
1747908317266.313,241139,1747908317247.375,-168,65,-49
1747908317286.219,241181,1747908317267.25,-187,62,-54
1747908317306.031,241248,1747908317287.125,-193,68,-49
1747908317325.875,241345,1747908317306.937,-193,68,-41
1747908317345.781,241512,1747908317326.813,-192,71,-39
1747908317365.688,241670,1747908317346.656,-200,81,-57
1747908317385.438,241838,1747908317366.562,-200,79,-64
1747908317405.344,242022,1747908317386.375,-182,79,-57
1747908317425.219,242209,1747908317406.25,-178,73,-50
1747908317445.0632,242404,1747908317426.125,-168,72,-65
1747908317464.906,242623,1747908317445.969,-168,67,-64
1747908317484.75,242874,1747908317465.875,-171,54,-69
1747908317504.625,243173,1747908317485.687,-160,56,-74
1747908317524.5,243444,1747908317505.563,-154,59,-84
1747908317544.313,243745,1747908317525.438,-152,63,-102
1747908317564.188,243848,1747908317545.25,-153,59,-113
1747908317584.062,243871,1747908317565.125,-132,52,-118
1747908317603.906,243840,1747908317584.969,-127,46,-117
1747908317623.719,243831,1747908317604.813,-109,41,-113
1747908317643.594,243815,1747908317624.687,-84,24,-121
1747908317663.437,243780,1747908317644.531,-57,39,-126
1747908317683.281,243757,1747908317664.344,-52,46,-144
1747908317703.125,243751,1747908317684.188,-40,51,-153
1747908317722.969,243784,1747908317704.063,-21,55,-154
1747908317742.813,243803,1747908317723.906,18,57,-153
1747908317762.656,243815,1747908317743.719,28,59,-145
1747908317782.5,243738,1747908317763.594,38,64,-177
1747908317802.344,243639,1747908317783.406,39,71,-173
1747908317822.188,243462,1747908317803.25,39,73,-177
1747908317842.031,243214,1747908317823.094,25,60,-170
1747908317861.906,242939,1747908317842.937,13,56,-177
1747908317881.719,242692,1747908317862.813,-9,51,-177
1747908317901.594,242505,1747908317882.688,-18,48,-177
1747908317921.469,242424,1747908317902.531,-34,48,-178
1747908317941.281,242464,1747908317922.375,-44,46,-177
1747908317961.125,242613,1747908317942.219,-42,41,-164
1747908317981.0,242778,1747908317962.063,-61,46,-161
1747908318000.844,242909,1747908317981.906,-48,57,-160
1747908318020.688,243002,1747908318001.75,-57,61,-148
1747908318040.531,243121,1747908318021.594,-64,60,-146
1747908318060.406,243151,1747908318041.469,-77,48,-141
1747908318080.25,243163,1747908318061.281,-82,60,-121
1747908318100.125,243205,1747908318081.156,-96,70,-98
1747908318119.969,243272,1747908318101.031,-104,65,-81
1747908318139.812,243373,1747908318120.875,-117,86,-49
1747908318159.656,243466,1747908318140.688,-130,89,-49
1747908318179.5,243628,1747908318160.594,-160,88,-52
1747908318199.313,243870,1747908318180.406,-165,86,-54
1747908318219.156,244109,1747908318200.25,-169,86,-37
1747908318239.062,244321,1747908318220.094,-165,87,-34
1747908318258.938,244589,1747908318239.969,-170,85,-32
1747908318278.75,244907,1747908318259.813,-178,97,-32
1747908318298.625,245194,1747908318279.687,-168,100,-32
1747908318318.469,245455,1747908318299.531,-173,99,-49
1747908318338.312,245691,1747908318319.375,-153,99,-49
1747908318358.125,245893,1747908318339.188,-162,99,-52
1747908318378.0,245994,1747908318359.062,-154,96,-52
1747908318397.812,245997,1747908318378.906,-153,104,-58
1747908318417.687,245954,1747908318398.75,-136,95,-64
1747908318437.5,245884,1747908318418.625,-141,86,-72
1747908318457.375,245807,1747908318438.438,-130,76,-84
1747908318477.25,245741,1747908318458.312,-119,72,-81
1747908318497.094,245556,1747908318478.187,-116,72,-98
1747908318516.906,245330,1747908318498.0,-108,72,-114
1747908318536.781,245168,1747908318517.844,-109,56,-113
1747908318556.625,244925,1747908318537.75,-98,51,-128
1747908318576.5,244649,1747908318557.531,-68,63,-144
1747908318596.344,244411,1747908318577.406,-65,52,-153
1747908318616.188,244286,1747908318597.281,-40,51,-156
1747908318636.063,244185,1747908318617.125,-36,62,-160
1747908318655.906,244165,1747908318636.969,-13,70,-161
1747908318675.75,244127,1747908318656.812,15,73,-161
1747908318695.594,244150,1747908318676.656,19,72,-164
1747908318715.438,244291,1747908318696.5,25,76,-160
1747908318735.313,244425,1747908318716.375,25,80,-154
1747908318755.187,244454,1747908318736.219,24,81,-154
1747908318774.969,244406,1747908318756.062,12,79,-160
1747908318794.844,244348,1747908318775.938,7,64,-161
1747908318814.719,244196,1747908318795.781,-11,62,-164
1747908318834.563,244067,1747908318815.625,-29,64,-161
1747908318854.406,243849,1747908318835.469,-31,57,-152
1747908318874.25,243643,1747908318855.344,-25,60,-145
1747908318894.094,243482,1747908318875.156,-42,60,-138
1747908318913.969,243364,1747908318895.062,-42,56,-128
1747908318933.812,243353,1747908318914.875,-47,57,-125
1747908318953.625,243419,1747908318934.719,-68,54,-127
1747908318973.531,243508,1747908318954.531,-77,73,-121
1747908318993.438,243604,1747908318974.438,-98,65,-113
1747908319013.2192,243732,1747908318994.344,-104,72,-105
1747908319033.062,243887,1747908319014.156,-113,79,-80
1747908319052.937,243985,1747908319033.969,-114,65,-63
1747908319072.781,243929,1747908319053.844,-137,71,-61
1747908319092.625,243900,1747908319073.688,-141,65,-49
1747908319112.469,243904,1747908319093.5618,-157,59,-41
1747908319132.312,243978,1747908319113.406,-173,45,-32
1747908319152.188,244130,1747908319133.219,-185,39,-49
1747908319172.0,244370,1747908319153.125,-217,36,-50
1747908319191.844,244616,1747908319172.969,-221,42,-56
1747908319211.719,244843,1747908319192.781,-217,49,-49
1747908319231.562,245002,1747908319212.656,-220,56,-42
1747908319251.406,245178,1747908319232.469,-189,62,-40
1747908319271.25,245378,1747908319252.313,-182,67,-29
1747908319291.125,245609,1747908319272.156,-193,60,-36
1747908319310.969,245805,1747908319292.0,-186,62,-53
1747908319330.906,245926,1747908319311.906,-191,47,-50
1747908319350.688,245950,1747908319331.844,-168,52,-58
1747908319370.563,245972,1747908319351.594,-164,44,-52
1747908319390.406,245990,1747908319371.469,-145,34,-74
1747908319410.25,245997,1747908319391.344,-141,56,-81
1747908319430.125,246034,1747908319411.188,-141,35,-81
1747908319450.0,246131,1747908319431.031,-132,35,-82
1747908319469.844,246161,1747908319450.906,-113,43,-77
1747908319489.687,246262,1747908319470.813,-97,52,-97
1747908319509.531,246386,1747908319490.625,-84,39,-97
1747908319529.406,246441,1747908319510.469,-68,44,-113
1747908319549.25,246618,1747908319530.281,-56,51,-141
1747908319569.125,246773,1747908319550.156,-66,27,-151
1747908319588.937,246815,1747908319570.094,-58,39,-160
1747908319608.813,246850,1747908319589.844,-32,56,-175
1747908319628.656,246924,1747908319609.719,-25,60,-170
1747908319648.5,247005,1747908319629.562,-16,48,-162
1747908319668.344,247095,1747908319649.437,-12,54,-160
1747908319688.25,247171,1747908319669.281,-10,44,-145
1747908319708.094,247118,1747908319689.125,-13,43,-135
1747908319727.969,247055,1747908319708.9692,-16,48,-137
1747908319747.75,246894,1747908319728.844,-7,47,-144
1747908319767.594,246720,1747908319748.688,-36,51,-157
1747908319787.469,246607,1747908319768.5,-43,48,-153
1747908319807.313,246530,1747908319788.375,-44,47,-113
1747908319827.156,246506,1747908319808.25,-58,40,-114
1747908319847.0,246508,1747908319828.062,-66,47,-105
1747908319866.875,246540,1747908319847.906,-84,54,-101
1747908319886.719,246568,1747908319867.75,-93,56,-93
1747908319906.594,246554,1747908319887.625,-113,56,-85
1747908319926.406,246475,1747908319907.531,-140,54,-79
1747908319946.25,246416,1747908319927.313,-148,52,-81
1747908319966.094,246390,1747908319947.156,-161,55,-76
1747908319985.938,246402,1747908319967.0,-178,48,-64
1747908320005.812,246403,1747908319986.875,-173,43,-63
1747908320025.719,246451,1747908320006.781,-186,46,-48
1747908320045.563,246482,1747908320026.563,-193,43,-40
1747908320065.344,246509,1747908320046.469,-196,44,-32
1747908320085.219,246529,1747908320066.312,-181,52,-40
1747908320105.062,246591,1747908320086.125,-210,56,-37
1747908320124.937,246652,1747908320105.969,-210,55,-42
1747908320144.719,246727,1747908320125.844,-195,55,-50
1747908320164.594,246779,1747908320145.719,-201,54,-49
1747908320184.438,246871,1747908320165.531,-193,62,-46
1747908320204.281,246958,1747908320185.344,-200,60,-57
1747908320224.156,247054,1747908320205.188,-193,59,-64
1747908320244.031,247137,1747908320225.063,-193,60,-89
1747908320263.844,246926,1747908320244.906,-207,52,-112
1747908320283.719,246369,1747908320264.75,-207,32,-126
1747908320303.5,245798,1747908320284.625,-168,36,-113
1747908320323.375,245530,1747908320304.4382,-82,56,-84
1747908320343.219,245493,1747908320324.281,-29,54,-64
1747908320363.063,245467,1747908320344.219,6,66,-73
1747908320382.906,245515,1747908320363.969,4,68,-96
1747908320402.719,245619,1747908320383.844,-8,71,-123
1747908320422.594,245848,1747908320403.625,-5,83,-145
1747908320442.438,246109,1747908320423.5,24,76,-145
1747908320462.312,246334,1747908320443.375,40,71,-145
1747908320482.125,246519,1747908320463.187,48,71,-119
1747908320501.969,246653,1747908320483.063,44,80,-127
1747908320521.813,246771,1747908320502.875,47,68,-128
1747908320541.656,246857,1747908320522.719,40,79,-128
1747908320561.5,246955,1747908320542.594,27,76,-138
1747908320581.344,247062,1747908320562.437,15,73,-145
1747908320601.219,247109,1747908320582.281,-8,71,-149
1747908320621.063,247076,1747908320602.125,-20,70,-153
1747908320640.875,246965,1747908320621.969,-48,64,-150
1747908320660.719,246897,1747908320641.812,-60,76,-148
1747908320680.625,246841,1747908320661.625,-62,63,-128
1747908320700.406,246858,1747908320681.563,-90,64,-121
1747908320720.25,246838,1747908320701.313,-76,62,-104
1747908320740.094,246889,1747908320721.187,-85,62,-89
1747908320759.969,247069,1747908320741.0,-113,55,-81
1747908320779.844,247276,1747908320760.875,-132,56,-64
1747908320799.656,247472,1747908320780.75,-149,56,-73
1747908320819.5,247666,1747908320800.594,-173,45,-67
1747908320839.375,247857,1747908320820.437,-192,52,-74
1747908320859.219,248040,1747908320840.281,-178,55,-64
1747908320879.062,248236,1747908320860.125,-189,51,-56
1747908320898.906,248377,1747908320879.969,-193,52,-57
1747908320918.75,248516,1747908320899.781,-205,51,-64
1747908320938.594,248671,1747908320919.625,-200,54,-63
1747908320958.437,248839,1747908320939.5,-205,56,-64
1747908320978.281,248990,1747908320959.344,-200,60,-64
1747908320998.125,249158,1747908320979.188,-202,67,-74
1747908321017.969,249315,1747908320999.062,-185,53,-74
1747908321037.812,249415,1747908321018.875,-189,57,-64
1747908321057.656,249518,1747908321038.719,-196,56,-80
1747908321077.5,249680,1747908321058.594,-232,39,-97
1747908321097.375,249763,1747908321078.406,-237,28,-96
1747908321117.188,249856,1747908321098.281,-196,52,-96
1747908321137.031,249941,1747908321118.125,-162,71,-89
1747908321156.906,250012,1747908321137.969,-122,60,-81
1747908321176.75,249973,1747908321157.813,-93,62,-64
1747908321196.594,250118,1747908321177.656,-68,64,-95
1747908321216.437,250350,1747908321197.531,-50,60,-100
1747908321236.281,250554,1747908321217.375,-32,54,-100
1747908321256.125,250565,1747908321237.188,-1,54,-102
1747908321276.0,250494,1747908321257.063,22,60,-113
1747908321295.813,250302,1747908321276.906,23,71,-125
1747908321315.687,249995,1747908321296.75,33,74,-128
1747908321335.531,249559,1747908321316.625,49,95,-145
1747908321355.406,249144,1747908321336.438,51,78,-145
1747908321375.1882,248935,1747908321356.313,43,71,-145
1747908321395.062,248819,1747908321376.156,30,80,-157
1747908321414.969,248722,1747908321395.969,-8,78,-170
1747908321434.781,248604,1747908321415.844,-24,88,-176
1747908321454.625,248437,1747908321435.688,-16,70,-177
1747908321474.5,248407,1747908321455.562,-20,62,-164
1747908321494.344,248393,1747908321475.406,-18,56,-161
1747908321514.187,248363,1747908321495.25,-44,62,-154
1747908321534.031,248265,1747908321515.125,-53,64,-154
1747908321553.906,248150,1747908321535.0,-58,63,-152
1747908321573.75,248087,1747908321554.812,-52,55,-142
1747908321593.625,248094,1747908321574.656,-61,48,-128
1747908321613.469,248170,1747908321594.531,-66,44,-128
1747908321633.313,248466,1747908321614.406,-92,44,-122
1747908321653.156,248786,1747908321634.219,-114,39,-100
1747908321673.031,249060,1747908321654.094,-119,65,-77
1747908321692.844,249466,1747908321673.938,-120,55,-56
1747908321712.688,249937,1747908321693.781,-130,55,-42
1747908321732.563,250308,1747908321713.594,-171,55,-32
1747908321752.4058,250513,1747908321733.469,-187,60,-49
1747908321772.219,250686,1747908321753.312,-217,43,-41
1747908321792.188,250839,1747908321773.156,-200,54,-44
1747908321811.938,250987,1747908321793.125,-215,64,-49
1747908321831.813,251119,1747908321812.844,-222,64,-49
1747908321851.625,251216,1747908321832.719,-215,61,-42
1747908321871.5,251304,1747908321852.562,-221,68,-40
1747908321891.375,251385,1747908321872.406,-208,76,-34
1747908321911.219,251469,1747908321892.281,-202,78,-33
1747908321931.031,251507,1747908321912.125,-195,79,-34
1747908321950.906,251516,1747908321931.969,-192,75,-33
1747908321970.781,251455,1747908321951.844,-185,72,-41
1747908321990.625,251419,1747908321971.656,-202,65,-57
1747908322010.469,251311,1747908321991.531,-189,70,-63
1747908322030.312,251126,1747908322011.406,-185,57,-64
1747908322050.156,250722,1747908322031.25,-145,72,-81
1747908322070.031,250239,1747908322051.063,-138,86,-104
1747908322089.875,249842,1747908322070.938,-116,75,-121
1747908322109.719,249677,1747908322090.812,-93,79,-128
1747908322129.594,249687,1747908322110.656,-57,57,-113
1747908322149.437,249900,1747908322130.469,-23,51,-113
1747908322169.281,250140,1747908322150.344,24,32,-129
1747908322189.125,250360,1747908322170.219,46,36,-128
1747908322208.937,250606,1747908322190.062,62,51,-126
1747908322228.812,250801,1747908322209.844,48,54,-128
1747908322248.688,251055,1747908322229.75,52,52,-142
1747908322268.5,251354,1747908322249.594,47,41,-146
1747908322288.375,251728,1747908322269.5,35,31,-157
1747908322308.219,252010,1747908322289.281,15,20,-177
1747908322328.094,252221,1747908322309.156,8,31,-192
1747908322347.938,252282,1747908322329.031,-13,44,-218
1747908322367.844,252241,1747908322348.875,-32,90,-242
1747908322387.625,252205,1747908322368.75,-16,123,-231
1747908322407.5,252132,1747908322388.562,-28,119,-228
1747908322427.313,252014,1747908322408.406,-58,83,-217
1747908322447.188,251841,1747908322428.281,-65,71,-202
1747908322467.031,251682,1747908322448.094,-40,49,-185
1747908322486.906,251496,1747908322467.937,-23,47,-148
1747908322506.75,251302,1747908322487.781,-2,47,-129
1747908322526.594,251101,1747908322507.688,-3,52,-93
1747908322546.438,250996,1747908322527.5,-1,56,-61
1747908322566.312,250915,1747908322547.375,-5,71,-57
1747908322586.156,251061,1747908322567.25,-8,87,-49
1747908322606.0,251240,1747908322587.094,-18,97,-49
1747908322625.844,251215,1747908322606.9692,-36,73,-73
1747908322645.719,251095,1747908322626.75,-84,40,-89
1747908322665.531,250977,1747908322646.656,-144,28,-98
1747908322685.437,250948,1747908322666.469,-153,41,-95
1747908322705.313,251045,1747908322686.375,-170,58,-58
1747908322725.156,251256,1747908322706.219,-172,71,-36
1747908322745.125,251560,1747908322726.062,-199,68,-24
1747908322764.844,251753,1747908322746.094,-253,67,-50
1747908322784.719,251825,1747908322765.781,-277,88,-78
1747908322804.656,251828,1747908322785.625,-285,84,-81
1747908322824.375,251831,1747908322805.594,-273,81,-74
1747908322844.25,251871,1747908322825.344,-233,63,-49
1747908322864.125,251971,1747908322845.219,-205,56,-36
1747908322883.969,252119,1747908322865.031,-185,63,-8
1747908322903.813,252196,1747908322884.875,-168,71,1
1747908322923.656,252105,1747908322904.75,-157,63,-8
1747908322943.562,251996,1747908322924.594,-174,59,-20
1747908322963.406,251961,1747908322944.469,-162,48,-42
1747908322983.219,251926,1747908322964.313,-148,46,-64
1747908323003.062,251878,1747908322984.125,-118,51,-96
1747908323022.937,251892,1747908323003.969,-114,60,-111
1747908323042.781,251883,1747908323023.844,-100,71,-98
1747908323062.656,251830,1747908323043.688,-80,52,-105
1747908323082.5,251733,1747908323063.562,-61,46,-135
1747908323102.344,251694,1747908323083.375,-45,56,-149
1747908323122.219,251612,1747908323103.219,-34,34,-157
1747908323142.063,251484,1747908323123.125,-36,31,-157
1747908323161.938,251334,1747908323143.0,-23,38,-177
1747908323181.75,251212,1747908323162.812,-20,42,-194
1747908323201.625,251085,1747908323182.656,-3,48,-189
1747908323221.469,251034,1747908323202.563,23,60,-188
1747908323241.313,251086,1747908323222.438,39,54,-167
1747908323261.156,251220,1747908323242.188,66,50,-164
1747908323281.0,251386,1747908323262.094,60,57,-174
1747908323300.875,251487,1747908323281.938,60,59,-177
1747908323320.719,251571,1747908323301.781,51,63,-178
1747908323340.563,251629,1747908323321.625,31,52,-182
1747908323360.437,251663,1747908323341.437,9,52,-180
1747908323380.25,251708,1747908323361.344,15,59,-180
1747908323400.125,251723,1747908323381.188,-2,56,-177
1747908323419.969,251723,1747908323401.063,-9,48,-149
1747908323439.844,251665,1747908323420.906,-32,44,-128
1747908323459.656,251664,1747908323440.75,-64,44,-118
1747908323479.531,251713,1747908323460.625,-81,39,-104
1747908323499.375,251814,1747908323480.469,-72,49,-81
1747908323519.25,251991,1747908323500.281,-61,60,-49
1747908323539.094,252142,1747908323520.156,-69,51,-32
1747908323558.937,252194,1747908323540.031,-110,48,-32
1747908323578.813,252165,1747908323559.875,-196,7,-40
1747908323598.688,252076,1747908323579.719,-232,-4,-53
1747908323618.5,252040,1747908323599.5942,-237,17,-52
1747908323638.344,252157,1747908323619.437,-233,19,-49
1747908323658.219,252378,1747908323639.281,-241,14,-39
1747908323678.031,252575,1747908323659.125,-233,19,-34
1747908323697.906,252764,1747908323678.969,-241,35,-33
1747908323717.75,252904,1747908323698.844,-232,51,-37
1747908323737.594,253039,1747908323718.687,-245,60,-41
1747908323757.469,253147,1747908323738.5,-226,51,-49
1747908323777.313,253193,1747908323758.375,-220,51,-44
1747908323797.125,253122,1747908323778.219,-193,43,-49
1747908323817.0,252963,1747908323798.094,-197,51,-63
1747908323836.844,252748,1747908323817.906,-178,46,-64
1747908323856.719,252533,1747908323837.781,-156,60,-72
1747908323876.563,252324,1747908323857.625,-149,60,-81
1747908323896.406,252195,1747908323877.5,-144,51,-81
1747908323916.281,252041,1747908323897.312,-115,52,-64
1747908323936.125,251895,1747908323917.188,-97,49,-81
1747908323955.938,251808,1747908323937.031,-92,44,-89
1747908323975.813,251718,1747908323957.0,-93,49,-105
1747908323995.656,251664,1747908323976.75,-77,65,-128
1747908324015.5,251596,1747908323996.562,-77,76,-137
1747908324035.344,251431,1747908324016.438,-49,65,-148
1747908324055.188,251170,1747908324036.281,-35,62,-138
1747908324075.031,250934,1747908324056.094,-25,50,-128
1747908324094.906,250765,1747908324075.969,11,39,-128
1747908324114.719,250601,1747908324095.813,33,43,-121
1747908324134.563,250475,1747908324115.688,32,52,-128
1747908324154.438,250401,1747908324135.469,35,62,-145
1747908324174.2808,250328,1747908324155.312,42,79,-144
1747908324194.125,250274,1747908324175.219,49,88,-161
1747908324214.0,250230,1747908324195.0632,36,83,-170
1747908324233.844,250134,1747908324214.906,12,83,-192
1747908324253.688,250052,1747908324234.719,-34,76,-208
1747908324273.531,249929,1747908324254.594,-49,65,-225
1747908324293.375,249810,1747908324274.5,-55,70,-217
1747908324313.25,249675,1747908324294.281,-33,79,-188
1747908324333.094,249544,1747908324314.156,-10,76,-148
1747908324352.937,249490,1747908324334.0,-2,81,-113
1747908324372.781,249463,1747908324353.875,-21,95,-89
1747908324392.781,249412,1747908324373.688,-30,94,-89
1747908324412.531,249169,1747908324393.719,-73,86,-75
1747908324432.344,248807,1747908324413.437,-105,71,-81
1747908324452.219,248668,1747908324433.312,-141,46,-81
1747908324472.062,248882,1747908324453.125,-177,12,-95
1747908324491.9382,249357,1747908324473.0,-154,-2,-97
1747908324511.906,249757,1747908324492.875,-121,-20,-88
1747908324531.656,250000,1747908324512.719,-93,-32,-89
1747908324551.5,250199,1747908324532.562,-100,-38,-116
1747908324571.344,250404,1747908324552.375,-109,-38,-144
1747908324591.188,250653,1747908324572.25,-146,-62,-168
1747908324611.063,250960,1747908324592.125,-185,-88,-186
1747908324630.906,251255,1747908324611.969,-192,-97,-190
1747908324650.781,251526,1747908324631.875,-188,-89,-201
1747908324670.625,251691,1747908324651.688,-175,-71,-187
1747908324690.469,251671,1747908324671.531,-141,-49,-177
1747908324710.344,251561,1747908324691.406,-130,-32,-161
1747908324730.25,251466,1747908324711.281,-112,-4,-145
1747908324750.031,251377,1747908324731.156,-104,16,-145
1747908324769.875,251268,1747908324750.969,-97,28,-145
1747908324789.75,251223,1747908324770.812,-77,51,-161
1747908324809.625,251085,1747908324790.687,-65,80,-157
1747908324829.437,250998,1747908324810.531,-45,104,-157
1747908324849.344,250882,1747908324830.375,-47,110,-162
1747908324869.1558,250850,1747908324850.219,-40,111,-152
1747908324889.0,250873,1747908324870.062,-16,103,-137
1747908324908.844,250950,1747908324889.906,11,96,-121
1747908324928.688,250959,1747908324909.781,41,100,-105
1747908324948.563,250866,1747908324929.625,60,102,-91
1747908324968.437,250897,1747908324949.437,57,94,-96
1747908324988.281,250892,1747908324969.344,51,66,-96
1747908325008.125,250707,1747908324989.219,57,96,-98
1747908325028.0,250479,1747908325009.063,72,124,-100
1747908325047.875,250342,1747908325028.875,96,124,-89
1747908325067.75,250327,1747908325048.781,135,118,-63
1747908325087.625,250307,1747908325068.688,145,126,-64
1747908325107.469,250197,1747908325088.531,169,145,-64
1747908325127.375,249981,1747908325108.375,159,139,-89
1747908325147.156,249756,1747908325128.281,112,111,-121
1747908325167.031,249492,1747908325148.094,59,92,-132
1747908325186.875,249162,1747908325167.969,24,76,-128
1747908325206.75,248624,1747908325187.781,-7,74,-123
1747908325226.594,248080,1747908325207.625,-34,59,-107
1747908325246.469,247776,1747908325227.531,-84,25,-113
1747908325266.313,247634,1747908325247.375,-133,-49,-125
1747908325286.188,247843,1747908325267.281,-200,-69,-161
1747908325306.0,248232,1747908325287.0942,-189,-60,-159
1747908325325.875,248537,1747908325306.937,-157,-61,-128
1747908325345.719,248679,1747908325326.813,-135,-58,-118
1747908325365.625,248529,1747908325346.656,-120,-49,-141
1747908325385.406,248321,1747908325366.562,-152,-33,-170
1747908325405.281,248234,1747908325386.375,-160,-24,-202
1747908325425.125,248274,1747908325406.219,-162,-18,-205
1747908325445.031,248362,1747908325426.063,-140,-1,-182
1747908325464.844,248382,1747908325445.938,-134,-8,-192
1747908325484.75,248399,1747908325465.781,-154,-13,-201
1747908325504.594,248455,1747908325485.656,-177,-14,-200
1747908325524.469,248622,1747908325505.5,-173,6,-189
1747908325544.281,248981,1747908325525.375,-152,8,-184
1747908325564.125,249367,1747908325545.219,-138,19,-161
1747908325583.9692,249729,1747908325565.094,-106,33,-145
1747908325603.844,250021,1747908325584.906,-80,51,-128
1747908325623.688,250253,1747908325604.781,-40,56,-126
1747908325643.531,250460,1747908325624.625,-23,59,-128
1747908325663.406,250567,1747908325644.469,-37,52,-152
1747908325683.281,250579,1747908325664.281,-20,58,-128
1747908325703.094,250698,1747908325684.188,12,70,-109
1747908325722.969,250752,1747908325704.031,55,83,-72
1747908325742.813,250741,1747908325723.906,71,92,-62
1747908325762.687,250642,1747908325743.719,40,93,-89
1747908325782.531,250589,1747908325763.594,7,79,-121
1747908325802.375,250476,1747908325783.469,15,85,-128
1747908325822.219,250415,1747908325803.313,56,95,-114
1747908325842.094,250428,1747908325823.125,70,99,-96
1747908325861.937,250527,1747908325843.0,88,123,-96
1747908325881.75,250611,1747908325862.844,96,128,-90
1747908325901.625,250695,1747908325882.656,105,131,-79
1747908325921.469,250695,1747908325902.531,112,139,-64
1747908325941.312,250609,1747908325922.375,103,148,-84
1747908325961.156,250442,1747908325942.219,79,135,-104
1747908325981.0,250258,1747908325962.125,51,124,-114
1747908326000.875,250111,1747908325981.906,60,123,-88
1747908326020.75,250033,1747908326001.781,67,113,-64
1747908326040.562,249947,1747908326021.656,56,104,-40
1747908326060.437,249777,1747908326041.5,7,84,-63
1747908326080.313,249570,1747908326061.344,-25,68,-105
1747908326100.156,249403,1747908326081.25,-61,51,-145
1747908326120.0,249242,1747908326101.062,-97,44,-162
1747908326139.844,249189,1747908326120.938,-127,28,-185
1747908326159.688,249185,1747908326140.75,-124,19,-192
1747908326179.563,249531,1747908326160.625,-98,15,-177
1747908326199.406,249822,1747908326180.5,-90,31,-169
1747908326219.281,249964,1747908326200.344,-113,48,-180
1747908326239.156,250044,1747908326220.188,-131,48,-192
1747908326259.094,250029,1747908326240.063,-144,54,-209
1747908326278.813,249911,1747908326259.906,-152,65,-193
1747908326298.687,249803,1747908326279.781,-129,48,-193
1747908326318.531,249716,1747908326299.594,-122,38,-191
1747908326338.406,249700,1747908326319.438,-138,32,-184
1747908326358.25,249716,1747908326339.344,-157,31,-201
1747908326378.094,249810,1747908326359.1868,-144,38,-192
1747908326397.937,249895,1747908326379.062,-140,48,-185
1747908326417.844,250011,1747908326398.875,-129,52,-184
1747908326437.625,250112,1747908326418.75,-112,60,-178
1747908326457.5,250248,1747908326438.594,-100,64,-177
1747908326477.437,250507,1747908326458.437,-92,75,-177
1747908326497.219,251089,1747908326478.344,-92,76,-160
1747908326517.063,252026,1747908326498.156,-63,83,-157
1747908326536.938,253214,1747908326518.0,-52,89,-145
1747908326556.781,254350,1747908326537.812,-53,89,-142
1747908326576.625,255403,1747908326557.687,-29,92,-121
1747908326596.531,256299,1747908326577.563,-23,99,-122
1747908326616.313,257148,1747908326597.438,-24,95,-141
1747908326636.156,257828,1747908326617.25,-23,92,-128
1747908326656.031,258471,1747908326637.062,-18,99,-128
1747908326675.844,259209,1747908326656.969,-9,96,-128
1747908326695.719,260049,1747908326676.781,11,97,-113
1747908326715.563,260885,1747908326696.625,40,113,-105
1747908326735.406,261878,1747908326716.5,50,115,-109
1747908326755.25,262899,1747908326736.312,73,113,-96
1747908326775.094,263758,1747908326756.188,84,116,-100
1747908326794.969,264455,1747908326776.031,76,110,-96
1747908326814.844,265034,1747908326795.844,73,92,-113
1747908326834.625,265482,1747908326815.719,72,67,-107
1747908326854.5,265885,1747908326835.594,93,58,-100
1747908326874.375,266268,1747908326855.438,102,47,-96
1747908326894.219,266549,1747908326875.313,93,43,-105
1747908326914.062,266772,1747908326895.125,68,28,-128
1747908326933.906,266939,1747908326915.0,48,15,-138
1747908326953.781,267097,1747908326934.844,32,23,-128
1747908326973.656,267380,1747908326954.688,22,35,-128
1747908326993.469,267716,1747908326974.5942,24,49,-126
1747908327013.344,268081,1747908326994.406,14,56,-153
1747908327033.187,268575,1747908327014.25,-4,68,-149
1747908327053.031,269217,1747908327034.094,-56,67,-181
1747908327072.906,269542,1747908327053.969,-104,75,-230
1747908327092.75,269510,1747908327073.844,-104,96,-256
1747908327112.594,269467,1747908327093.656,-80,118,-253
1747908327132.437,269382,1747908327113.469,-41,143,-241
1747908327152.313,269267,1747908327133.344,-45,144,-244
1747908327172.094,269218,1747908327153.219,-53,135,-258
1747908327191.969,269219,1747908327173.031,-56,140,-255
1747908327211.844,269212,1747908327192.875,-53,153,-224
1747908327231.688,269221,1747908327212.75,-13,163,-192
1747908327251.531,269235,1747908327232.625,6,176,-148
1747908327271.406,269227,1747908327252.437,19,176,-116
1747908327291.219,269282,1747908327272.281,32,188,-96
1747908327311.094,269413,1747908327292.125,56,185,-85
1747908327330.938,269697,1747908327312.0,67,180,-64
1747908327350.813,269943,1747908327331.844,92,186,-72
1747908327370.687,270214,1747908327351.719,88,180,-42
1747908327390.531,270511,1747908327371.594,103,171,-49
1747908327410.375,270797,1747908327391.469,91,159,-44
1747908327430.281,271148,1747908327411.313,95,147,-57
1747908327450.125,271436,1747908327431.187,76,135,-64
1747908327469.969,271802,1747908327451.062,62,112,-89
1747908327489.813,272194,1747908327470.875,48,87,-113
1747908327509.656,272643,1747908327490.719,40,71,-116
1747908327529.531,272982,1747908327510.562,36,63,-96
1747908327549.437,273182,1747908327530.437,47,60,-81
1747908327569.25,273307,1747908327550.469,49,54,-89
1747908327589.125,273434,1747908327570.156,12,31,-100
1747908327609.0,273664,1747908327590.031,-23,4,-128
1747908327628.844,273909,1747908327609.906,-37,28,-128
1747908327648.6868,273982,1747908327629.75,-18,9,-121
1747908327668.594,273988,1747908327649.594,-45,0,-129
1747908327688.438,273911,1747908327669.5,-105,4,-180
1747908327708.281,273649,1747908327689.344,-156,15,-241
1747908327728.094,273462,1747908327709.219,-162,28,-274
1747908327747.969,273230,1747908327729.031,-144,39,-273
1747908327767.844,273096,1747908327748.875,-144,17,-250
1747908327787.719,273040,1747908327768.781,-152,19,-256
1747908327807.531,273008,1747908327788.625,-153,35,-269
1747908327827.375,272974,1747908327808.438,-153,24,-253
1747908327847.219,272835,1747908327828.281,-156,35,-241
1747908327867.094,272590,1747908327848.125,-124,48,-226
1747908327886.937,272275,1747908327868.0,-120,64,-206
1747908327906.812,272169,1747908327887.875,-96,83,-184
1747908327926.656,272228,1747908327907.719,-52,84,-144
1747908327946.531,272410,1747908327927.531,-28,99,-121
1747908327966.3442,272628,1747908327947.437,16,128,-98
1747908327986.187,272862,1747908327967.281,15,142,-89
1747908328006.031,273088,1747908327987.125,25,144,-82
1747908328025.906,273222,1747908328006.938,44,149,-89
1747908328045.719,273356,1747908328026.813,51,160,-89
1747908328065.562,273592,1747908328046.656,71,158,-90
1747908328085.437,273912,1747908328066.469,64,155,-81
1747908328105.281,274271,1747908328086.375,84,162,-72
1747908328125.125,274563,1747908328106.188,81,156,-64
1747908328144.969,274804,1747908328126.062,76,150,-64
1747908328164.812,275014,1747908328145.875,80,146,-81
1747908328184.656,275170,1747908328165.719,56,135,-81
1747908328204.5,275351,1747908328185.594,48,128,-87
1747908328224.344,275575,1747908328205.406,44,111,-89
1747908328244.25,275817,1747908328225.25,22,88,-94
1747908328264.031,276059,1747908328245.125,36,71,-96
1747908328283.844,276252,1747908328264.969,36,64,-92
1747908328303.719,276399,1747908328284.813,27,60,-106
1747908328323.563,276491,1747908328304.656,15,40,-121
1747908328343.437,276563,1747908328324.469,-15,20,-145
1747908328363.281,276669,1747908328344.344,-39,3,-125
1747908328383.094,276755,1747908328364.25,-40,-2,-128
1747908328402.938,276760,1747908328384.0,-55,1,-147
1747908328422.781,276722,1747908328403.8442,-89,16,-169
1747908328442.656,276571,1747908328423.719,-89,22,-160
1747908328462.469,276317,1747908328443.562,-99,22,-161
1747908328482.312,275964,1747908328463.438,-113,22,-159
1747908328502.156,275831,1747908328483.188,-108,31,-160
1747908328522.0,275701,1747908328503.094,-119,46,-158
1747908328541.844,275529,1747908328522.906,-144,33,-175
1747908328561.75,275386,1747908328542.75,-188,22,-192
1747908328581.563,275325,1747908328562.656,-200,32,-192
1747908328601.438,275296,1747908328582.438,-182,40,-200
1747908328621.25,275327,1747908328602.344,-184,55,-205
1747908328641.125,275396,1747908328622.187,-161,92,-209
1747908328660.969,275483,1747908328642.0,-137,102,-205
1747908328680.875,275537,1747908328661.875,-122,108,-191
1747908328700.656,275553,1747908328681.75,-89,103,-144
1747908328720.531,275509,1747908328701.594,-63,120,-138
1747908328740.375,275427,1747908328721.469,-39,126,-128
1747908328760.281,275301,1747908328741.281,-31,134,-121
1747908328780.125,275246,1747908328761.219,-32,130,-115
1747908328800.0,275243,1747908328781.125,-47,121,-125
1747908328819.875,275304,1747908328800.906,-42,126,-127
1747908328839.719,275437,1747908328820.781,-27,120,-116
1747908328859.5632,275478,1747908328840.625,-10,126,-113
1747908328879.406,275567,1747908328860.5,-8,134,-116
1747908328899.312,275725,1747908328880.344,7,135,-109
1747908328919.188,275918,1747908328900.25,24,132,-97
1747908328939.031,276092,1747908328920.094,30,115,-88
1747908328958.906,276300,1747908328939.969,36,127,-81
1747908328978.781,276485,1747908328959.844,31,114,-64
1747908328998.625,276677,1747908328979.719,30,112,-76
1747908329018.594,276909,1747908328999.531,24,107,-74
1747908329038.344,277076,1747908329019.406,24,79,-81
1747908329058.219,277173,1747908329039.281,19,70,-97
1747908329078.125,277140,1747908329059.125,15,48,-105
1747908329097.938,277059,1747908329079.031,-18,26,-147
1747908329117.813,276943,1747908329098.875,-36,14,-157
1747908329137.656,276811,1747908329118.719,-42,7,-142
1747908329157.531,276646,1747908329138.562,-52,-7,-141
1747908329177.406,276552,1747908329158.469,-54,-16,-142
1747908329197.25,276459,1747908329178.344,-80,-7,-153
1747908329217.125,276320,1747908329198.156,-74,19,-157
1747908329236.969,276096,1747908329218.031,-69,30,-147
1747908329256.813,275775,1747908329237.906,-65,39,-137
1747908329276.688,275490,1747908329257.781,-73,56,-146
1747908329296.625,275254,1747908329277.625,-96,47,-177
1747908329316.406,275012,1747908329297.656,-117,39,-199
1747908329336.281,274765,1747908329317.344,-137,23,-208
1747908329356.156,274579,1747908329337.188,-132,24,-208
1747908329376.031,274418,1747908329357.094,-129,56,-209
1747908329395.875,274321,1747908329376.906,-141,47,-217
1747908329415.781,274263,1747908329396.813,-143,55,-252
1747908329435.625,274207,1747908329416.656,-136,47,-230
1747908329455.5,273989,1747908329436.531,-113,55,-189
1747908329475.344,273613,1747908329456.437,-72,88,-153
1747908329495.219,273170,1747908329476.281,-28,102,-137
1747908329515.125,272808,1747908329496.125,-9,129,-122
1747908329534.969,272466,1747908329516.031,4,152,-101
1747908329554.844,272138,1747908329535.875,12,168,-64
1747908329574.719,271862,1747908329555.781,9,163,-49
1747908329594.594,271725,1747908329575.625,19,166,-49
1747908329614.469,271682,1747908329595.5,31,167,-49
1747908329634.344,271742,1747908329615.375,52,167,-52
1747908329654.187,271821,1747908329635.281,51,158,-81
1747908329674.063,271908,1747908329655.125,28,156,-115
1747908329693.969,271894,1747908329675.0,12,156,-128
1747908329713.812,271765,1747908329694.875,-10,154,-138
1747908329733.687,271714,1747908329714.75,-40,142,-141
1747908329753.563,271822,1747908329734.594,-32,110,-153
1747908329773.438,271884,1747908329754.469,-9,119,-153
1747908329793.437,271821,1747908329774.375,-1,107,-160
1747908329813.156,271749,1747908329794.344,-29,102,-181
1747908329833.063,271816,1747908329814.094,-44,79,-178
1747908329852.906,272033,1747908329833.9692,-39,79,-176
1747908329872.781,272347,1747908329853.844,-37,78,-157
1747908329892.625,272563,1747908329873.688,-40,72,-153
1747908329912.531,272655,1747908329893.563,-64,55,-166
1747908329932.375,272730,1747908329913.437,-64,52,-170
1747908329952.25,272833,1747908329933.438,-41,54,-161
1747908329972.125,273042,1747908329953.156,-23,48,-153
1747908329992.0,273376,1747908329973.0,3,31,-168
1747908330011.844,273612,1747908329992.937,18,30,-177
1747908330031.719,273725,1747908330012.812,24,35,-181
1747908330051.594,273791,1747908330032.656,9,47,-199
1747908330071.469,273809,1747908330052.5,-8,35,-177
1747908330091.313,273843,1747908330072.375,7,34,-181
1747908330111.156,273891,1747908330092.281,-2,24,-182
1747908330131.062,274014,1747908330112.062,6,30,-185
1747908330150.938,274225,1747908330131.969,7,28,-177
1747908330170.75,274360,1747908330151.875,3,38,-164
1747908330190.656,274378,1747908330171.6868,9,31,-153
1747908330210.531,274408,1747908330191.562,6,28,-142
1747908330230.375,274563,1747908330211.438,3,23,-129
1747908330250.25,274988,1747908330231.281,4,36,-96
1747908330270.094,275442,1747908330251.187,-12,31,-110
1747908330289.969,275391,1747908330271.0,-29,25,-125
1747908330309.875,275373,1747908330290.906,-32,48,-125
1747908330329.75,275390,1747908330310.781,-20,86,-128
1747908330349.562,275447,1747908330330.687,-38,93,-147
1747908330369.469,275398,1747908330350.469,-39,83,-169
1747908330389.313,275179,1747908330370.375,-61,96,-180
1747908330409.156,275071,1747908330390.219,-56,116,-161
1747908330429.031,274986,1747908330410.094,-58,127,-145
1747908330448.906,274904,1747908330429.9368,-49,136,-128
1747908330468.75,274786,1747908330449.813,-60,144,-153
1747908330488.594,274698,1747908330469.688,-66,147,-154
1747908330508.469,274713,1747908330489.531,-72,147,-168
1747908330528.344,274801,1747908330509.375,-81,142,-167
1747908330548.156,274996,1747908330529.25,-82,135,-170
1747908330568.031,275189,1747908330549.094,-84,152,-181
1747908330587.9058,275477,1747908330569.0,-84,142,-189
1747908330607.781,275796,1747908330588.812,-84,143,-187
1747908330627.594,276068,1747908330608.687,-80,138,-176
1747908330647.469,276567,1747908330628.531,-74,118,-173
1747908330667.313,277252,1747908330648.406,-71,99,-173
1747908330687.219,277794,1747908330668.219,-81,91,-160
1747908330707.062,278173,1747908330688.094,-72,96,-159
1747908330726.875,278443,1747908330708.0,-69,99,-162
1747908330746.75,278536,1747908330727.844,-65,93,-157
1747908330766.656,278648,1747908330747.625,-49,103,-157
1747908330786.469,278893,1747908330767.562,-60,100,-154
1747908330806.312,279162,1747908330787.406,-36,88,-138
1747908330826.188,279244,1747908330807.281,-4,83,-113
1747908330846.031,279340,1747908330827.094,14,83,-98
1747908330865.875,279418,1747908330846.937,20,84,-92
1747908330885.75,279591,1747908330866.844,38,84,-97
1747908330905.594,279815,1747908330886.688,48,86,-84
1747908330925.469,279923,1747908330906.5,78,79,-64
1747908330945.312,279720,1747908330926.375,81,81,-57
1747908330965.156,279478,1747908330946.219,94,100,-65
1747908330985.031,279230,1747908330966.063,95,95,-64
1747908331004.875,278881,1747908330985.969,59,78,-68
1747908331024.719,278388,1747908331005.781,31,65,-96
1747908331044.594,277795,1747908331025.656,11,73,-114
1747908331064.437,277245,1747908331045.531,-2,76,-138
1747908331084.344,276829,1747908331065.344,-25,71,-149
1747908331104.156,276632,1747908331085.25,-29,71,-154
1747908331124.0,276471,1747908331105.094,-52,70,-157
1747908331143.906,276238,1747908331124.969,-49,88,-177
1747908331163.781,275945,1747908331144.813,-52,84,-191
1747908331183.594,275639,1747908331164.719,-46,91,-192
1747908331203.469,275327,1747908331184.531,-49,102,-176
1747908331223.344,275096,1747908331204.406,-56,86,-186
1747908331243.219,274985,1747908331224.25,-66,104,-177
1747908331263.031,274785,1747908331244.125,-71,87,-160
1747908331282.906,274487,1747908331264.0,-73,86,-177
1747908331302.781,274159,1747908331283.844,-68,103,-185
1747908331322.656,274020,1747908331303.719,-77,136,-192
1747908331342.5,273983,1747908331323.563,-55,147,-177
1747908331362.344,273948,1747908331343.406,-29,152,-129
1747908331382.219,273947,1747908331363.281,-25,120,-116
1747908331402.094,273878,1747908331383.125,-25,112,-127
1747908331421.906,273850,1747908331403.0,-41,113,-152
1747908331441.813,273986,1747908331422.844,-49,120,-165
1747908331461.656,274262,1747908331442.687,-42,117,-169
1747908331481.5,274514,1747908331462.562,-47,112,-158
1747908331501.375,274720,1747908331482.438,-26,112,-149
1747908331521.25,274912,1747908331502.313,-32,113,-153
1747908331541.125,275059,1747908331522.156,-41,103,-145
1747908331560.969,275328,1747908331542.031,-63,96,-162
1747908331580.812,275804,1747908331561.875,-81,106,-185
1747908331600.656,276373,1747908331581.75,-68,111,-192
1747908331620.656,276851,1747908331601.562,-52,104,-202
1747908331640.406,277281,1747908331621.469,-51,97,-201
1747908331660.219,277759,1747908331641.313,-68,103,-198
1747908331680.063,278275,1747908331661.156,-100,95,-186
1747908331699.938,278600,1747908331681.0,-89,89,-176
1747908331719.812,278707,1747908331700.875,-80,88,-192
1747908331739.625,278697,1747908331720.719,-65,87,-178
1747908331759.5,278688,1747908331740.625,-50,91,-169
1747908331779.375,278687,1747908331760.406,-31,87,-128
1747908331799.25,278683,1747908331780.312,-23,80,-114
1747908331819.094,278696,1747908331800.156,-1,71,-100
1747908331838.969,278664,1747908331820.031,16,67,-97
1747908331858.813,278646,1747908331839.875,28,71,-97
1747908331878.688,278616,1747908331859.719,56,62,-89
1747908331898.531,278606,1747908331879.594,68,72,-82
1747908331918.375,278704,1747908331899.437,103,70,-77
1747908331938.25,278769,1747908331919.281,86,70,-73
1747908331958.125,278825,1747908331939.188,76,69,-76
1747908331977.937,278800,1747908331959.031,71,81,-92
1747908331997.812,278707,1747908331978.844,60,70,-109
1747908332017.688,278572,1747908331998.75,39,67,-119
1747908332037.531,278494,1747908332018.563,28,71,-129
1747908332057.375,278469,1747908332038.469,7,73,-122
1747908332077.219,278447,1747908332058.312,6,60,-125
1747908332097.094,278397,1747908332078.156,-4,54,-128
1747908332116.9382,278322,1747908332098.0,-36,51,-145
1747908332136.781,278398,1747908332117.844,-47,55,-148
1747908332156.625,278534,1747908332137.781,-64,60,-149
1747908332176.5,278628,1747908332157.531,-61,84,-146
1747908332196.375,278632,1747908332177.438,-77,99,-145
1747908332216.188,278623,1747908332197.2808,-84,96,-157
1747908332236.094,278626,1747908332217.125,-100,88,-162
1747908332255.906,278617,1747908332237.0,-96,92,-169
1747908332275.781,278571,1747908332256.813,-85,96,-168
1747908332295.625,278576,1747908332276.719,-81,107,-178
1747908332315.5,278550,1747908332296.562,-97,100,-192
1747908332335.375,278524,1747908332316.437,-109,96,-192
1747908332355.313,278518,1747908332336.313,-112,88,-188
1747908332375.094,278493,1747908332356.188,-121,90,-192
1747908332394.969,278567,1747908332376.031,-121,92,-192
1747908332414.812,278658,1747908332395.875,-116,92,-201
1747908332434.687,278821,1747908332415.75,-116,94,-201
1747908332454.531,279024,1747908332435.594,-121,86,-192
1747908332474.375,279210,1747908332455.469,-112,84,-192
1747908332494.219,279411,1747908332475.312,-105,81,-209
1747908332514.094,279556,1747908332495.156,-97,78,-192
1747908332533.906,279618,1747908332515.0,-96,76,-190
1747908332553.781,279626,1747908332534.875,-109,72,-192
1747908332573.656,279600,1747908332554.688,-93,67,-190
1747908332593.5,279527,1747908332574.562,-77,67,-164
1747908332613.312,279425,1747908332594.406,-53,64,-155
1747908332633.188,279346,1747908332614.281,-32,70,-142
1747908332653.063,279248,1747908332634.094,-8,79,-121
1747908332672.906,279125,1747908332653.969,7,78,-114
1747908332692.719,279018,1747908332673.844,15,79,-113
1747908332712.594,278943,1747908332693.688,39,100,-105
1747908332732.469,278838,1747908332713.531,56,91,-81
1747908332752.313,278789,1747908332733.406,80,96,-64
1747908332772.156,278737,1747908332753.25,80,112,-44
1747908332792.031,278727,1747908332773.125,86,112,-52
1747908332811.875,278754,1747908332792.969,94,124,-60
1747908332831.75,278809,1747908332812.781,113,131,-57
1747908332851.594,278841,1747908332832.687,104,124,-56
1747908332871.437,278864,1747908332852.531,110,132,-62
1747908332891.313,278818,1747908332872.375,92,126,-89
1747908332911.281,278813,1747908332892.219,85,124,-96
1747908332931.0,278758,1747908332912.187,59,120,-96
1747908332950.875,278655,1747908332931.969,71,111,-98
1747908332970.781,278490,1747908332951.781,60,112,-105
1747908332990.625,278292,1747908332971.656,47,102,-125
1747908333010.469,278061,1747908332991.531,31,96,-128
1747908333030.406,277821,1747908333011.406,9,86,-126
1747908333050.187,277650,1747908333031.25,12,71,-136
1747908333070.031,277572,1747908333051.094,12,63,-121
1747908333089.875,277611,1747908333070.938,1,64,-113
1747908333109.719,277575,1747908333090.844,-8,70,-148
1747908333129.594,277579,1747908333110.625,-25,78,-160
1747908333149.437,277525,1747908333130.469,-37,79,-192
1747908333169.25,277305,1747908333150.375,-34,79,-185
1747908333189.125,277059,1747908333170.187,-40,83,-185
1747908333208.9692,276923,1747908333190.062,-65,79,-209
1747908333228.844,276821,1747908333209.875,-87,79,-233
1747908333248.719,276732,1747908333229.719,-96,75,-233
1747908333268.5,276719,1747908333249.656,-94,75,-236
1747908333288.375,276705,1747908333269.469,-87,71,-241
1747908333308.219,276742,1747908333289.281,-84,64,-241
1747908333328.062,276767,1747908333309.125,-82,62,-249
1747908333347.875,276816,1747908333328.969,-84,65,-253
1747908333367.75,276939,1747908333348.844,-72,71,-250
1747908333387.625,277189,1747908333368.656,-70,88,-244
1747908333407.469,277549,1747908333388.531,-72,79,-241
1747908333427.313,277997,1747908333408.406,-74,74,-228
1747908333447.156,278391,1747908333428.25,-77,68,-221
1747908333467.031,278691,1747908333448.062,-58,70,-186
1747908333486.875,278921,1747908333467.969,-45,65,-178
1747908333506.687,279111,1747908333487.813,-52,71,-170
1747908333526.563,279252,1747908333507.625,-36,72,-162
1747908333546.406,279411,1747908333527.469,-32,72,-141
1747908333566.281,279572,1747908333547.312,7,68,-121
1747908333586.156,279735,1747908333567.187,7,71,-114
1747908333605.969,279917,1747908333587.094,15,76,-105
1747908333625.844,280116,1747908333606.875,44,86,-81
1747908333645.719,280341,1747908333626.719,74,99,-57
1747908333665.531,280586,1747908333646.625,97,119,-49
1747908333685.406,280850,1747908333666.5,99,140,-45
1747908333705.281,281007,1747908333686.313,112,153,-45
1747908333725.125,281106,1747908333706.156,119,159,-32
1747908333744.937,281123,1747908333726.062,132,155,-29
1747908333764.812,281150,1747908333745.875,120,156,-42
1747908333784.656,281197,1747908333765.719,115,152,-65
1747908333804.531,281215,1747908333785.563,99,145,-64
1747908333824.344,281185,1747908333805.406,92,132,-72
1747908333844.219,280999,1747908333825.312,86,124,-58
1747908333864.094,280607,1747908333845.125,87,119,-58
1747908333883.938,280193,1747908333865.0,73,120,-90
1747908333903.781,279966,1747908333884.844,41,115,-120
1747908333923.625,279778,1747908333904.719,27,110,-122
1747908333943.5,279360,1747908333924.531,40,110,-106
1747908333963.375,279049,1747908333944.406,36,111,-113
1747908333983.188,278911,1747908333964.281,7,91,-146
1747908334003.031,278837,1747908333984.094,-7,78,-171
1747908334022.906,278847,1747908334003.937,-20,80,-175
1747908334042.75,279001,1747908334023.813,-16,71,-164
1747908334062.594,279234,1747908334043.688,-33,77,-185
1747908334082.469,279375,1747908334063.562,-42,59,-192
1747908334102.312,279413,1747908334083.344,-58,54,-192
1747908334122.187,279361,1747908334103.25,-63,55,-193
1747908334142.0,279349,1747908334123.094,-66,57,-192
1747908334161.875,279363,1747908334142.969,-76,48,-217
1747908334181.75,279399,1747908334162.781,-92,40,-224
1747908334201.594,279413,1747908334182.656,-97,33,-233
1747908334221.437,279397,1747908334202.5,-89,41,-232
1747908334241.313,279380,1747908334222.438,-76,41,-233
1747908334261.156,279402,1747908334242.219,-77,43,-234
1747908334281.0,279415,1747908334262.062,-69,54,-238
1747908334300.844,279503,1747908334281.906,-77,60,-241
1747908334320.719,279598,1747908334301.781,-81,55,-242
1747908334340.563,279709,1747908334321.625,-60,48,-224
1747908334360.437,279886,1747908334341.469,-65,56,-200
1747908334380.281,280103,1747908334361.344,-56,56,-201
1747908334400.094,280395,1747908334381.219,-55,60,-192
1747908334419.969,280827,1747908334401.031,-41,66,-190
1747908334439.844,281271,1747908334420.875,-26,67,-173
1747908334459.687,281766,1747908334440.719,-15,63,-128
1747908334479.562,282247,1747908334460.656,3,67,-122
1747908334499.406,282760,1747908334480.469,11,76,-128
1747908334519.313,283183,1747908334500.344,17,91,-125
1747908334539.156,283504,1747908334520.219,28,97,-105
1747908334559.0,283754,1747908334540.094,46,104,-97
1747908334578.906,283960,1747908334559.938,76,114,-80
1747908334598.781,284102,1747908334579.813,94,124,-63
1747908334618.594,284219,1747908334599.687,97,133,-57
1747908334638.469,284291,1747908334619.562,111,137,-42
1747908334658.469,284285,1747908334639.375,119,144,-41
1747908334678.219,284349,1747908334659.375,115,142,-32
1747908334698.062,284405,1747908334679.125,112,142,-32
1747908334717.969,284462,1747908334699.0,111,137,-53
1747908334737.813,284492,1747908334718.875,95,130,-64
1747908334757.688,284449,1747908334738.75,91,127,-73
1747908334777.594,284367,1747908334758.594,80,124,-84
1747908334797.406,284225,1747908334778.469,56,111,-96
1747908334817.25,284040,1747908334798.313,51,103,-90
1747908334837.125,283864,1747908334818.156,43,103,-113
1747908334856.9692,283781,1747908334838.031,31,96,-161
1747908334876.844,283752,1747908334857.906,23,92,-160
1747908334896.719,283770,1747908334877.75,12,86,-165
1747908334916.563,283752,1747908334897.625,7,94,-172
1747908334936.406,283646,1747908334917.469,-1,80,-170
1747908334956.25,283470,1747908334937.344,-4,81,-173
1747908334976.125,283269,1747908334957.156,-16,83,-185
1747908334996.0,283057,1747908334977.0,-21,79,-191
1747908335015.8132,282821,1747908334996.906,-36,92,-186
1747908335035.719,282410,1747908335016.75,-32,108,-192
1747908335055.687,281934,1747908335036.625,-49,107,-200
1747908335075.438,281606,1747908335056.594,-63,85,-217
1747908335095.281,281404,1747908335076.344,-77,79,-208
1747908335115.156,281277,1747908335096.25,-79,63,-212
1747908335135.0,281301,1747908335116.062,-76,44,-228
1747908335154.875,281303,1747908335135.906,-49,31,-245
1747908335174.719,281357,1747908335155.75,-52,44,-253
1747908335194.563,281367,1747908335175.656,-44,47,-241
1747908335214.437,281371,1747908335195.531,-45,54,-225
1747908335234.281,281450,1747908335215.344,-48,59,-212
1747908335254.125,281581,1747908335235.219,-49,56,-209
1747908335274.094,281725,1747908335255.094,-49,57,-209
1747908335293.875,281937,1747908335274.906,-33,51,-201
1747908335313.719,282100,1747908335294.781,-15,49,-191
1747908335333.563,282212,1747908335314.625,0,54,-173
1747908335353.406,282335,1747908335334.5,13,62,-160
1747908335373.281,282514,1747908335354.344,16,64,-146
1747908335393.156,282652,1747908335374.219,16,75,-128
1747908335412.969,282731,1747908335394.063,40,80,-125
1747908335432.844,282845,1747908335413.906,43,96,-125
1747908335452.688,282943,1747908335433.75,59,103,-121
1747908335472.531,283076,1747908335453.625,80,103,-105
1747908335492.375,283214,1747908335473.437,89,112,-74
1747908335512.219,283345,1747908335493.313,89,143,-61
1747908335532.063,283434,1747908335513.156,102,182,-60
1747908335551.969,283493,1747908335533.0,106,180,-61
1747908335571.75,283512,1747908335552.875,124,176,-42
1747908335591.625,283408,1747908335572.719,142,183,-4
1747908335611.5,283256,1747908335592.531,127,183,-9
1747908335631.313,283116,1747908335612.437,99,178,-45
1747908335651.156,282914,1747908335632.25,92,169,-75
1747908335671.031,282700,1747908335652.094,103,156,-77
1747908335690.875,282387,1747908335671.938,79,144,-97
1747908335710.781,282032,1747908335691.781,88,140,-89
1747908335730.594,281694,1747908335711.687,88,130,-89
1747908335750.469,281393,1747908335731.562,63,121,-102
1747908335770.344,281245,1747908335751.375,31,97,-154
1747908335790.219,281208,1747908335771.281,3,94,-180
1747908335810.063,281119,1747908335791.125,15,79,-160
1747908335829.906,280976,1747908335811.0,36,71,-147
1747908335849.906,280888,1747908335830.812,31,63,-160
1747908335869.625,280860,1747908335850.688,-8,51,-205
1747908335889.5,280836,1747908335870.531,-40,59,-221
1747908335909.344,280743,1747908335890.4368,-17,62,-209
1747908335929.25,280651,1747908335910.219,15,67,-176
1747908335949.125,280516,1747908335930.156,-8,56,-186
1747908335968.9382,280398,1747908335950.031,-31,35,-209
1747908335988.812,280367,1747908335969.844,-25,47,-240
1747908336008.687,280287,1747908335989.719,-16,48,-250
1747908336028.531,280247,1747908336009.594,-4,51,-224
1747908336048.344,280186,1747908336029.438,33,49,-209
1747908336068.219,280223,1747908336049.2808,3,48,-224
1747908336088.062,280252,1747908336069.125,-20,48,-249
1747908336107.937,280351,1747908336089.0,-25,48,-255
1747908336127.75,280472,1747908336108.844,-15,44,-241
1747908336147.625,280571,1747908336128.656,-20,55,-233
1747908336167.5,280741,1747908336148.531,-10,48,-234
1747908336187.344,280997,1747908336168.406,-15,44,-234
1747908336207.156,281313,1747908336188.219,-16,56,-208
1747908336227.031,281624,1747908336208.094,7,54,-192
1747908336246.875,281945,1747908336227.937,19,56,-170
1747908336266.75,282192,1747908336247.812,31,64,-146
1747908336286.594,282410,1747908336267.688,27,76,-128
1747908336306.438,282692,1747908336287.531,40,84,-122
1747908336326.313,282931,1747908336307.344,40,99,-100
1747908336346.1558,283208,1747908336327.219,60,107,-100
1747908336365.969,283380,1747908336347.031,83,119,-81
1747908336385.812,283525,1747908336366.906,94,124,-81
1747908336405.688,283669,1747908336386.75,95,135,-77
1747908336425.531,283767,1747908336406.594,95,143,-81
1747908336445.375,283869,1747908336426.437,115,159,-64
1747908336465.219,283991,1747908336446.312,119,152,-57
1747908336485.094,284004,1747908336466.156,137,159,-49
1747908336504.969,284006,1747908336486.0,108,164,-68
1747908336524.75,284007,1747908336505.875,71,155,-96
1747908336544.625,283967,1747908336525.719,55,152,-113
1747908336564.5,283909,1747908336545.563,73,153,-113
1747908336584.375,283808,1747908336565.406,78,142,-114
1747908336604.188,283620,1747908336585.25,68,119,-129
1747908336624.031,283368,1747908336605.094,71,119,-122
1747908336643.906,282998,1747908336625.0,53,111,-128
1747908336663.75,282685,1747908336644.813,44,97,-160
1747908336683.625,282533,1747908336664.688,31,92,-170
1747908336703.469,282425,1747908336684.562,39,83,-159
1747908336723.344,282249,1747908336704.406,56,83,-142
1747908336743.187,281941,1747908336724.281,62,80,-146
1747908336763.031,281645,1747908336744.125,20,71,-177
1747908336782.906,281449,1747908336763.969,-8,56,-192
1747908336802.875,281286,1747908336783.844,-20,49,-199
1747908336822.656,281187,1747908336803.781,1,51,-160
1747908336842.469,281055,1747908336823.563,22,47,-160
1747908336862.344,280875,1747908336843.406,-1,47,-209
1747908336882.187,280704,1747908336863.281,-33,56,-226
1747908336902.062,280593,1747908336883.125,-25,35,-225
1747908336921.938,280504,1747908336902.969,-12,39,-209
1747908336941.75,280471,1747908336922.813,10,35,-189
1747908336961.594,280435,1747908336942.719,-2,47,-221
1747908336981.469,280457,1747908336962.5,-7,51,-226
1747908337001.281,280509,1747908336982.344,-7,49,-233
1747908337021.156,280640,1747908337002.219,-9,60,-225
1747908337041.063,280891,1747908337022.094,-16,55,-220
1747908337060.844,281241,1747908337041.969,-16,54,-231
1747908337080.719,281666,1747908337061.75,-13,43,-232
1747908337100.531,282050,1747908337081.594,-7,46,-219
1747908337120.406,282408,1747908337101.438,6,51,-209
1747908337140.219,282705,1747908337121.312,11,51,-192
1747908337160.094,282921,1747908337141.156,15,58,-186
1747908337179.906,283077,1747908337161.0,11,70,-168
1747908337199.75,283137,1747908337180.844,9,73,-149
1747908337219.625,283153,1747908337200.688,27,91,-157
1747908337239.469,283284,1747908337220.531,31,86,-128
1747908337259.312,283473,1747908337240.312,56,88,-109
1747908337279.125,283723,1747908337260.219,49,91,-63
1747908337299.0,283898,1747908337280.031,60,119,-81
1747908337318.844,284148,1747908337299.906,77,142,-72
1747908337338.687,284390,1747908337319.75,107,159,-61
1747908337358.531,284709,1747908337339.625,127,174,-33
1747908337378.375,285075,1747908337359.438,142,172,-17
1747908337398.219,285348,1747908337379.344,126,176,-29
1747908337418.031,285490,1747908337399.125,92,169,-64
1747908337437.875,285520,1747908337419.0,81,156,-93
1747908337457.75,285470,1747908337438.781,72,147,-113
1747908337477.594,285572,1747908337458.656,75,123,-113
1747908337497.406,285737,1747908337478.5308,99,113,-109
1747908337517.281,285934,1747908337498.375,60,116,-112
1747908337537.156,286109,1747908337518.219,35,100,-145
1747908337557.0,286367,1747908337538.063,-10,103,-178
1747908337576.813,286487,1747908337557.906,-4,78,-180
1747908337596.688,286569,1747908337577.75,30,84,-169
1747908337616.531,286756,1747908337597.625,40,83,-144
1747908337636.375,287013,1747908337617.4368,39,89,-153
1747908337656.219,287235,1747908337637.281,25,85,-161
1747908337676.031,287379,1747908337657.125,12,76,-166
1747908337695.938,287527,1747908337677.0,7,57,-160
1747908337715.75,287613,1747908337696.812,-12,38,-175
1747908337735.625,287689,1747908337716.656,-25,26,-180
1747908337755.469,287739,1747908337736.5,-32,20,-192
1747908337775.313,287618,1747908337756.406,-61,19,-210
1747908337795.187,287313,1747908337776.25,-72,28,-225
1747908337815.031,286989,1747908337796.094,-71,17,-234
1747908337834.844,286954,1747908337815.938,-81,12,-254
1747908337854.719,287073,1747908337835.781,-81,11,-260
1747908337874.563,287201,1747908337855.625,-76,24,-241
1747908337894.406,287409,1747908337875.5,-83,38,-221
1747908337914.25,287590,1747908337895.312,-72,49,-209
1747908337934.094,287834,1747908337915.188,-61,55,-213
1747908337953.969,288045,1747908337935.031,-72,49,-200
1747908337973.844,288244,1747908337954.875,-56,51,-192
1747908337993.656,288422,1747908337974.75,-52,46,-178
1747908338013.531,288435,1747908337994.594,-45,40,-184
1747908338033.406,288283,1747908338014.438,-37,39,-177
1747908338053.25,287989,1747908338034.312,-29,38,-172
1747908338073.125,287669,1747908338054.187,-19,44,-160
1747908338092.969,287215,1747908338074.063,-1,59,-145
1747908338112.844,286536,1747908338093.906,7,64,-126
1747908338132.688,286081,1747908338113.75,35,76,-113
1747908338152.594,285448,1747908338133.625,44,86,-106
1747908338172.375,285147,1747908338153.531,57,96,-102
1747908338192.25,284982,1747908338173.281,66,114,-96
1747908338212.063,284965,1747908338193.156,67,120,-97
1747908338231.906,285136,1747908338212.969,77,136,-79
1747908338251.781,285479,1747908338232.844,96,127,-84
1747908338271.656,285910,1747908338252.687,103,137,-75
1747908338291.469,286346,1747908338272.5,115,143,-65
1747908338311.281,286760,1747908338292.375,120,153,-49
1747908338331.125,287188,1747908338312.187,127,163,-48
1747908338350.969,287631,1747908338332.062,96,152,-79
1747908338370.844,287959,1747908338351.906,92,141,-97
1747908338390.656,288160,1747908338371.75,67,137,-105
1747908338410.5,288293,1747908338391.687,59,131,-114
1747908338430.375,288505,1747908338411.437,49,121,-121
1747908338450.187,288720,1747908338431.25,33,108,-140
1747908338470.031,288879,1747908338451.094,19,108,-157
1747908338489.875,288898,1747908338470.969,12,79,-161
1747908338509.719,288903,1747908338490.813,-1,68,-161
1747908338529.594,288650,1747908338510.656,6,70,-160
1747908338549.437,288245,1747908338530.469,4,67,-155
1747908338569.25,287764,1747908338550.313,0,63,-159
1747908338589.094,287252,1747908338570.188,-7,65,-153
1747908338608.938,286811,1747908338590.0,-13,60,-164
1747908338628.781,286443,1747908338609.812,-31,46,-209
1747908338648.625,286160,1747908338629.687,-61,48,-220
1747908338668.469,286130,1747908338649.563,-74,52,-249
1747908338688.344,286191,1747908338669.375,-82,55,-256
1747908338708.188,286304,1747908338689.219,-61,63,-258
1747908338728.0,286495,1747908338709.094,-52,54,-249
1747908338747.844,286720,1747908338728.969,-29,44,-236
1747908338767.75,286957,1747908338748.75,-42,41,-212
1747908338787.563,287166,1747908338768.656,-25,51,-201
1747908338807.375,287362,1747908338788.469,-25,54,-192
1747908338827.25,287617,1747908338808.312,-44,57,-192
1747908338847.094,287889,1747908338828.188,-24,64,-191
1747908338866.969,288168,1747908338848.0,-26,76,-189
1747908338886.844,288398,1747908338867.844,-18,75,-169
1747908338906.625,288595,1747908338887.75,-24,63,-160
1747908338926.469,288657,1747908338907.531,6,76,-148
1747908338946.344,288522,1747908338927.375,12,83,-138
1747908338966.156,288384,1747908338947.25,17,84,-157
1747908338986.0,288261,1747908338967.094,17,92,-128
1747908339005.8442,288056,1747908338986.937,35,96,-127
1747908339025.687,287785,1747908339006.813,64,108,-109
1747908339045.531,287529,1747908339026.594,80,115,-96
1747908339065.344,287350,1747908339046.438,92,120,-95
1747908339085.188,287210,1747908339066.312,92,124,-82
1747908339105.187,287153,1747908339086.094,100,134,-79
1747908339124.906,287245,1747908339106.094,97,140,-64
1747908339144.75,287366,1747908339125.844,104,135,-61
1747908339164.594,287444,1747908339145.688,95,126,-73
1747908339184.438,287408,1747908339165.531,65,116,-98
1747908339204.281,287314,1747908339185.344,54,112,-118
1747908339224.125,287130,1747908339205.219,48,103,-128
1747908339243.969,286809,1747908339225.063,35,96,-125
1747908339263.813,286377,1747908339244.906,31,80,-127
1747908339283.6558,285992,1747908339264.75,28,80,-145
1747908339303.5,285630,1747908339284.562,24,75,-152
1747908339323.375,285358,1747908339304.406,15,71,-149
1747908339343.219,285114,1747908339324.281,6,72,-138
1747908339363.063,284840,1747908339344.125,12,66,-153
1747908339382.906,284596,1747908339363.969,-12,65,-178
1747908339402.75,284479,1747908339383.812,-29,55,-184
1747908339422.625,284352,1747908339403.656,-41,44,-216
1747908339442.469,284251,1747908339423.531,-47,39,-217
1747908339462.281,284140,1747908339443.375,-55,32,-221
1747908339482.156,284007,1747908339463.219,-58,24,-217
1747908339502.0,283913,1747908339483.063,-69,24,-222
1747908339521.875,283907,1747908339502.938,-80,28,-244
1747908339541.688,283969,1747908339522.781,-88,25,-267
1747908339561.562,284097,1747908339542.656,-77,31,-256
1747908339581.406,284270,1747908339562.5,-65,48,-232
1747908339601.25,284412,1747908339582.313,-52,51,-224
1747908339621.094,284556,1747908339602.188,-47,52,-212
1747908339640.938,284832,1747908339622.031,-40,48,-206
1747908339660.781,285160,1747908339641.875,-41,56,-211
1747908339680.625,285484,1747908339661.719,-42,62,-192
1747908339700.5,285762,1747908339681.531,-32,55,-186
1747908339720.344,285903,1747908339701.437,-24,48,-190
1747908339740.187,286052,1747908339721.312,-41,60,-192
1747908339760.062,286076,1747908339741.094,-9,60,-177
1747908339779.906,286007,1747908339760.969,17,78,-153
1747908339799.75,285896,1747908339780.844,56,84,-104
1747908339819.625,285830,1747908339800.687,79,80,-61
1747908339839.469,285862,1747908339820.531,86,91,-42
1747908339859.312,285933,1747908339840.375,96,108,-33
1747908339879.156,285914,1747908339860.188,112,136,-29
1747908339899.0,285906,1747908339880.094,127,163,-36
1747908339918.844,285999,1747908339899.906,134,184,-36
1747908339938.687,286236,1747908339919.781,140,167,-38
1747908339958.531,286621,1747908339939.625,143,167,-30
1747908339978.406,286891,1747908339959.469,140,161,-30
1747908339998.25,287094,1747908339979.312,134,158,-49
1747908340018.094,287085,1747908339999.156,113,149,-41
1747908340037.937,286825,1747908340019.0,96,136,-74
1747908340057.781,286468,1747908340038.875,70,109,-96
1747908340077.625,286133,1747908340058.688,55,92,-121
1747908340097.469,285896,1747908340078.531,33,78,-121
1747908340117.312,285663,1747908340098.406,36,72,-126
1747908340137.156,285486,1747908340118.219,10,60,-144
1747908340157.0,285327,1747908340138.094,-4,40,-161
1747908340176.875,285214,1747908340157.906,-21,40,-172
1747908340196.687,285150,1747908340177.781,-32,36,-181
1747908340216.594,285054,1747908340197.625,-50,22,-184
1747908340236.375,284887,1747908340217.5,-61,28,-201
1747908340256.25,284547,1747908340237.313,-66,47,-234
1747908340276.063,284224,1747908340257.156,-100,28,-241
1747908340295.906,283934,1747908340277.031,-82,15,-241
1747908340315.781,283708,1747908340296.875,-65,25,-225
1747908340335.625,283431,1747908340316.688,-45,35,-202
1747908340355.469,283255,1747908340336.531,-52,28,-226
1747908340375.313,283233,1747908340356.437,-77,24,-249
1747908340395.156,283261,1747908340376.25,-97,12,-256
1747908340415.0,283257,1747908340396.063,-72,9,-241
1747908340434.875,283259,1747908340415.906,-68,6,-224
1747908340454.688,283291,1747908340435.781,-56,8,-233
1747908340474.5942,283309,1747908340455.656,-64,14,-218
1747908340494.406,283336,1747908340475.437,-56,24,-208
1747908340514.281,283303,1747908340495.313,-48,38,-192
1747908340534.125,283327,1747908340515.188,-32,40,-185
1747908340553.969,283386,1747908340535.031,-25,47,-160
1747908340573.812,283399,1747908340554.875,-20,56,-146
1747908340593.687,283410,1747908340574.719,-2,71,-137
1747908340613.5,283377,1747908340594.594,17,76,-128
1747908340633.344,283265,1747908340614.438,17,83,-121
1747908340653.188,283152,1747908340634.25,30,90,-93
1747908340673.062,283083,1747908340654.094,56,108,-73
1747908340692.906,283040,1747908340673.938,79,115,-64
1747908340712.719,283068,1747908340693.844,88,123,-64
1747908340732.563,283035,1747908340713.656,99,118,-73
1747908340752.437,283043,1747908340733.594,120,120,-64
1747908340772.281,283015,1747908340753.344,120,134,-49
1747908340792.125,282961,1747908340773.219,120,137,-38
1747908340812.031,282940,1747908340793.031,118,134,-53
1747908340831.844,283001,1747908340812.875,108,121,-80
1747908340851.656,283075,1747908340832.75,78,118,-96
1747908340871.531,283102,1747908340852.562,55,108,-109
1747908340891.344,283051,1747908340872.438,44,97,-121
1747908340911.219,282958,1747908340892.281,39,88,-125
1747908340931.0,282873,1747908340912.0942,20,71,-129
1747908340950.875,282961,1747908340932.031,7,71,-148
1747908340970.687,283022,1747908340951.813,-24,52,-182
1747908340990.563,283098,1747908340971.594,-61,31,-233
1747908341010.406,283264,1747908340991.469,-42,31,-213
1747908341030.219,283336,1747908341011.344,-8,38,-185
1747908341050.094,283340,1747908341031.187,-13,19,-178
1747908341069.906,283197,1747908341051.0,-40,12,-192
1747908341089.75,282994,1747908341070.813,-74,12,-218
1747908341109.5632,282719,1747908341090.656,-81,15,-224
1747908341129.437,282447,1747908341110.5,-66,-1,-205
1747908341149.281,282152,1747908341130.312,-26,3,-192
1747908341169.125,281925,1747908341150.188,-47,16,-185
1747908341188.938,281781,1747908341170.031,-55,15,-209
1747908341208.781,281702,1747908341189.9058,-89,9,-234
1747908341228.625,281636,1747908341209.656,-81,-4,-233
1747908341248.469,281601,1747908341229.5,-58,7,-239
1747908341268.281,281525,1747908341249.406,-66,12,-249
1747908341288.156,281431,1747908341269.188,-61,11,-261
1747908341308.0,281397,1747908341289.094,-77,16,-252
1747908341327.875,281530,1747908341308.875,-50,27,-224
1747908341347.719,281749,1747908341328.75,-23,35,-189
1747908341367.531,281867,1747908341348.656,-8,49,-149
1747908341387.406,281985,1747908341368.469,24,56,-121
1747908341407.281,282120,1747908341388.312,30,65,-99
1747908341427.062,282149,1747908341408.187,27,79,-73
1747908341446.937,282030,1747908341427.969,51,84,-64
1747908341466.781,281817,1747908341447.875,39,88,-74
1747908341486.625,281579,1747908341467.688,47,97,-89
1747908341506.5,281488,1747908341487.531,57,96,-101
1747908341526.312,281303,1747908341507.437,71,100,-97
1747908341546.156,281094,1747908341527.25,92,111,-74
1747908341566.031,280807,1747908341547.0632,97,121,-64
1747908341585.844,280497,1747908341566.937,104,140,-74
1747908341605.656,280193,1747908341586.781,91,139,-96
1747908341625.531,279950,1747908341606.594,67,131,-128
1747908341645.406,279703,1747908341626.438,47,115,-154
1747908341665.25,279431,1747908341646.344,54,112,-153
1747908341685.0942,279235,1747908341666.125,71,110,-121
1747908341704.906,279067,1747908341686.031,79,97,-113
1747908341724.781,278990,1747908341705.812,56,92,-141
1747908341744.719,278772,1747908341725.688,7,76,-169
1747908341764.438,278609,1747908341745.625,-16,64,-192
1747908341784.312,278445,1747908341765.406,-23,60,-186
1747908341804.187,278330,1747908341785.25,-16,49,-177
1747908341824.031,278161,1747908341805.094,-33,39,-173
1747908341843.844,277825,1747908341824.969,-52,43,-192
1747908341863.812,277494,1747908341844.781,-77,46,-213
1747908341883.562,277203,1747908341864.594,-70,48,-209
1747908341903.406,276925,1747908341884.5,-57,57,-192
1747908341923.25,276604,1747908341904.313,-58,56,-186
1747908341943.094,276241,1747908341924.188,-64,60,-192
1747908341962.969,275887,1747908341944.0,-68,65,-202
1747908341982.781,275532,1747908341963.844,-67,83,-192
1747908342002.625,275246,1747908341983.813,-60,76,-172
1747908342022.469,274978,1747908342003.563,-66,83,-166
1747908342042.344,274755,1747908342023.438,-52,82,-144
1747908342062.219,274620,1747908342043.281,-52,76,-145
1747908342082.031,274483,1747908342063.125,-40,70,-128
1747908342101.875,274350,1747908342082.969,-28,56,-136
1747908342121.75,274223,1747908342102.813,-16,43,-136
1747908342141.594,274118,1747908342122.687,-18,43,-140
1747908342161.437,273970,1747908342142.531,1,40,-145
1747908342181.281,273814,1747908342162.344,7,37,-153
1747908342201.125,273657,1747908342182.25,17,34,-154
1747908342220.969,273403,1747908342202.031,38,48,-181
1747908342240.813,273001,1747908342221.875,35,28,-192
1747908342260.656,272525,1747908342241.75,41,22,-202
1747908342280.531,271984,1747908342261.594,56,19,-200
1747908342300.375,271373,1747908342281.375,56,27,-221
1747908342320.219,270733,1747908342301.281,55,38,-214
1747908342340.031,270132,1747908342321.25,47,36,-221
1747908342359.875,269539,1747908342341.0,43,36,-217
1747908342379.75,268977,1747908342360.781,47,41,-209
1747908342399.594,268483,1747908342380.656,47,31,-192
1747908342419.438,268003,1747908342400.5,44,30,-181
1747908342439.281,267497,1747908342420.344,44,28,-177
1747908342459.125,267026,1747908342440.156,59,24,-171
1747908342478.969,266557,1747908342460.031,54,20,-177
1747908342498.781,266049,1747908342479.875,48,16,-173
1747908342518.656,265530,1747908342499.75,39,10,-154
1747908342538.5,265002,1747908342519.531,25,4,-137
1747908342558.375,264610,1747908342539.406,14,30,-137
1747908342578.219,264294,1747908342559.281,-8,28,-128
1747908342598.063,263981,1747908342579.156,-24,47,-145
1747908342617.937,263711,1747908342598.969,-48,63,-132
1747908342637.781,263468,1747908342618.844,-64,78,-138
1747908342657.562,263250,1747908342638.688,-81,89,-137
1747908342677.469,263073,1747908342658.531,-84,96,-145
1747908342697.344,262903,1747908342678.375,-82,99,-138
1747908342717.187,262717,1747908342698.25,-88,102,-141
1747908342737.031,262562,1747908342718.094,-97,106,-145
1747908342756.906,262471,1747908342737.969,-100,112,-145
1747908342776.781,262452,1747908342757.812,-97,114,-137
1747908342796.656,262526,1747908342777.687,-93,119,-128
1747908342816.469,262614,1747908342797.531,-84,118,-144
1747908342836.344,262700,1747908342817.375,-89,108,-157
1747908342856.188,262726,1747908342837.219,-88,109,-155
1747908342876.062,262674,1747908342857.094,-87,105,-154
1747908342895.906,262527,1747908342876.969,-76,99,-157
1747908342915.75,262342,1747908342896.844,-77,94,-157
1747908342935.594,262120,1747908342916.656,-68,94,-153
1747908342955.469,261909,1747908342936.5,-60,92,-144
1747908342975.312,261716,1747908342956.375,-60,92,-151
1747908342995.156,261415,1747908342976.25,-61,79,-164
1747908343015.031,260913,1747908342996.094,-63,60,-153
1747908343034.906,260343,1747908343015.906,-29,41,-144
1747908343054.688,259829,1747908343035.844,-18,24,-128
1747908343074.562,259343,1747908343055.625,8,14,-144
1747908343094.469,258866,1747908343075.5,11,22,-161
1747908343114.281,258314,1747908343095.375,22,18,-160
1747908343134.125,257563,1747908343115.187,22,15,-160
1747908343154.0,256607,1747908343135.094,24,4,-162
1747908343173.812,255582,1747908343154.938,31,-20,-164
1747908343193.688,254563,1747908343174.75,33,-20,-169
1747908343213.531,253502,1747908343194.594,40,-18,-183
1747908343233.344,252608,1747908343214.437,46,-25,-181
1747908343253.219,252023,1747908343234.312,52,-34,-189
1747908343273.062,251519,1747908343254.125,67,-40,-178
1747908343292.906,250976,1747908343273.969,75,-29,-176
1747908343312.75,250494,1747908343293.844,70,-13,-192
1747908343332.594,250226,1747908343313.687,63,-17,-211
1747908343352.437,250266,1747908343333.563,31,-5,-219
1747908343372.313,250570,1747908343353.344,29,-7,-217
1747908343392.125,251032,1747908343373.219,28,-1,-212
1747908343412.0,251512,1747908343393.062,28,1,-210
1747908343431.906,251930,1747908343412.906,32,7,-209
1747908343451.719,252317,1747908343432.844,34,16,-205
1747908343471.563,252691,1747908343452.625,24,15,-199
1747908343491.438,253053,1747908343472.531,28,12,-178
1747908343511.281,253370,1747908343492.344,25,11,-161
1747908343531.156,253570,1747908343512.187,6,16,-145
1747908343551.031,253691,1747908343532.063,-4,19,-141
1747908343570.844,253739,1747908343551.906,-16,31,-128
1747908343590.688,253668,1747908343571.719,-26,48,-105
1747908343610.531,253613,1747908343591.594,-26,71,-105
1747908343630.375,253512,1747908343611.469,-45,80,-125
1747908343650.219,253357,1747908343631.313,-82,83,-113
1747908343670.094,253170,1747908343651.125,-95,92,-127
1747908343689.937,253008,1747908343671.0,-105,100,-128
1747908343709.781,252921,1747908343690.875,-105,95,-128
1747908343729.625,252809,1747908343710.75,-112,99,-141
1747908343749.5,252778,1747908343730.531,-100,97,-145
1747908343769.375,252775,1747908343750.406,-108,102,-145
1747908343789.187,252820,1747908343770.281,-109,107,-157
1747908343809.094,252871,1747908343790.156,-90,111,-157
1747908343828.938,252933,1747908343810.0,-80,110,-162
1747908343848.781,253017,1747908343829.813,-53,111,-145
1747908343868.719,253126,1747908343849.687,-73,96,-136
1747908343888.469,253222,1747908343869.656,-64,97,-146
1747908343908.313,253325,1747908343889.375,-48,95,-148
1747908343928.188,253409,1747908343909.25,-46,98,-148
1747908343948.0,253433,1747908343929.125,-45,96,-142
1747908343967.875,253358,1747908343948.906,-32,92,-145
1747908343987.719,253294,1747908343968.781,-36,81,-154
1747908344007.5632,253214,1747908343988.594,-25,67,-160
1747908344027.406,253136,1747908344008.469,-24,56,-158
1747908344047.25,253057,1747908344028.375,-16,49,-153
1747908344067.094,252934,1747908344048.187,-10,43,-154
1747908344086.969,252775,1747908344068.031,15,31,-164
1747908344106.781,252619,1747908344087.9058,15,27,-170
1747908344126.656,252527,1747908344107.75,15,17,-180
1747908344146.5,252309,1747908344127.594,32,23,-186
1747908344166.375,251864,1747908344147.406,41,9,-177
1747908344186.219,251335,1747908344167.25,85,1,-180
1747908344206.063,250944,1747908344187.156,54,-16,-184
1747908344225.906,250699,1747908344207.0,36,-20,-190
1747908344245.781,250440,1747908344226.8118,16,-16,-191
1747908344265.625,250298,1747908344246.656,12,-9,-192
1747908344285.469,250425,1747908344266.531,3,7,-192
1747908344305.313,250795,1747908344286.375,12,8,-209
1747908344325.156,251288,1747908344306.219,19,19,-192
1747908344345.031,251812,1747908344326.062,24,19,-183
1747908344364.844,252279,1747908344345.938,25,14,-188
1747908344384.719,252673,1747908344365.781,26,17,-178
1747908344404.531,253097,1747908344385.625,20,16,-170
1747908344424.406,253378,1747908344405.437,28,16,-178
1747908344444.219,253635,1747908344425.281,32,13,-177
1747908344464.094,253869,1747908344445.156,24,16,-169
1747908344483.938,254064,1747908344465.0,14,28,-162
1747908344503.812,254360,1747908344484.844,1,15,-153
1747908344523.625,254685,1747908344504.75,-1,19,-145
1747908344543.5,254940,1747908344524.563,-9,31,-136
1747908344563.375,255112,1747908344544.438,-32,43,-140
1747908344583.188,255098,1747908344564.25,-41,56,-141
1747908344603.031,255061,1747908344584.125,-41,73,-128
1747908344622.875,255097,1747908344603.969,-60,75,-128
1747908344642.75,255182,1747908344623.781,-87,72,-137
1747908344662.594,255239,1747908344643.656,-92,67,-126
1747908344682.437,255255,1747908344663.531,-100,80,-126
1747908344702.312,255314,1747908344683.375,-111,88,-137
1747908344722.156,255452,1747908344703.219,-125,91,-145
1747908344742.031,255611,1747908344723.094,-125,99,-146
1747908344761.844,255758,1747908344742.937,-126,112,-148
1747908344781.719,255889,1747908344762.812,-132,116,-148
1747908344801.562,255992,1747908344782.625,-130,115,-160
1747908344821.438,256054,1747908344802.469,-113,126,-161
1747908344841.281,256016,1747908344822.313,-97,115,-153
1747908344861.094,255887,1747908344842.219,-77,104,-145
1747908344880.969,255672,1747908344862.031,-89,102,-141
1747908344900.844,255447,1747908344881.875,-80,96,-138
1747908344920.656,255242,1747908344901.75,-77,113,-128
1747908344940.531,254997,1747908344921.625,-63,83,-128
1747908344960.375,254756,1747908344941.437,-57,76,-128
1747908344980.25,254533,1747908344961.281,-49,64,-144
1747908345000.094,254379,1747908344981.156,-39,59,-146
1747908345019.938,254291,1747908345001.031,-31,56,-153
1747908345039.812,254201,1747908345020.844,-20,48,-160
1747908345059.687,254243,1747908345040.687,-6,33,-157
1747908345079.5,254326,1747908345060.625,-7,23,-154
1747908345099.375,254445,1747908345080.469,12,15,-161
1747908345119.25,254598,1747908345100.281,33,7,-160
1747908345139.125,254805,1747908345120.156,39,8,-178
1747908345158.937,255129,1747908345140.0,38,-8,-185
1747908345178.813,255508,1747908345159.875,48,-13,-178
1747908345198.656,255919,1747908345179.719,51,-25,-169
1747908345218.531,256284,1747908345199.562,60,-20,-168
1747908345238.375,256630,1747908345219.438,71,-10,-185
1747908345258.219,256995,1747908345239.313,71,-8,-189
1747908345278.219,257297,1747908345259.125,80,-4,-186
1747908345297.937,257547,1747908345279.094,72,-1,-191
1747908345317.781,257713,1747908345298.844,67,3,-177
1747908345337.625,257801,1747908345318.75,56,4,-201
1747908345357.469,257887,1747908345338.563,43,12,-192
1747908345377.344,258054,1747908345358.406,24,8,-201
1747908345397.156,258262,1747908345378.25,14,3,-185
1747908345417.062,258483,1747908345398.125,9,-1,-177
1747908345436.875,258730,1747908345417.969,1,3,-176
1747908345456.75,259013,1747908345437.781,-8,1,-177
1747908345476.562,259350,1747908345457.656,-12,8,-162
1747908345496.406,259631,1747908345477.469,-20,12,-146
1747908345516.25,259770,1747908345497.375,-16,24,-128
1747908345536.094,259757,1747908345517.156,-39,41,-138
1747908345555.969,259620,1747908345537.0,-48,59,-136
1747908345575.781,259499,1747908345556.875,-68,80,-137
1747908345595.656,259367,1747908345576.719,-81,99,-128
1747908345615.625,259405,1747908345596.563,-80,99,-124
1747908345635.375,259440,1747908345616.406,-85,105,-129
1747908345655.188,259435,1747908345636.25,-98,113,-111
1747908345675.031,259382,1747908345656.187,-106,131,-141
1747908345694.875,259386,1747908345675.969,-128,142,-148
1747908345714.75,259396,1747908345695.781,-121,131,-144
1747908345734.5632,259451,1747908345715.656,-116,126,-125
1747908345754.406,259466,1747908345735.5,-105,129,-128
1747908345774.312,259474,1747908345755.375,-100,132,-137
1747908345794.188,259496,1747908345775.219,-89,121,-128
1747908345814.0,259530,1747908345795.063,-96,115,-128
1747908345833.875,259538,1747908345814.937,-86,120,-125
1747908345853.781,259506,1747908345834.75,-80,111,-128
1747908345873.656,259516,1747908345854.688,-77,103,-125
1747908345893.438,259519,1747908345874.531,-66,96,-135
1747908345913.313,259490,1747908345894.375,-63,92,-144
1747908345933.187,259516,1747908345914.187,-36,86,-145
1747908345953.031,259690,1747908345934.094,-47,72,-145
1747908345972.875,260023,1747908345953.938,-36,55,-144
1747908345992.719,260379,1747908345973.813,-32,38,-141
1747908346012.594,260691,1747908345993.625,-25,22,-159
1747908346032.469,260962,1747908346013.531,-23,18,-153
1747908346052.313,261200,1747908346033.375,-8,16,-167
1747908346072.188,261350,1747908346053.25,8,15,-177
1747908346092.031,261478,1747908346073.031,12,7,-176
1747908346111.906,261645,1747908346093.062,22,-4,-185
1747908346131.75,261853,1747908346112.813,31,-13,-191
1747908346151.594,262137,1747908346132.688,32,-13,-185
1747908346171.469,262448,1747908346152.5,31,-2,-192
1747908346191.406,262748,1747908346172.344,24,7,-205
1747908346211.1868,262945,1747908346192.375,17,-5,-209
1747908346231.063,263196,1747908346212.125,28,-17,-201
1747908346250.906,263487,1747908346231.938,43,-20,-185
1747908346270.781,263796,1747908346251.844,55,-16,-180
1747908346290.594,264032,1747908346271.687,57,-4,-192
1747908346310.531,264237,1747908346291.563,55,-1,-209
1747908346330.344,264428,1747908346311.375,52,7,-200
1747908346350.219,264660,1747908346331.25,48,-4,-189
1747908346370.062,264902,1747908346351.125,42,-9,-190
1747908346389.937,265083,1747908346371.0,28,-8,-193
1747908346409.813,265292,1747908346390.875,21,0,-178
1747908346429.688,265496,1747908346410.719,15,4,-177
1747908346449.5,265715,1747908346430.594,-5,12,-172
1747908346469.375,265877,1747908346450.469,-12,18,-164
1747908346489.219,266053,1747908346470.281,-24,31,-153
1747908346509.094,266103,1747908346490.125,-14,35,-153
1747908346528.937,265760,1747908346510.0,-32,44,-137
1747908346548.812,264887,1747908346529.875,-48,52,-125
1747908346568.688,264277,1747908346549.688,-57,56,-121
1747908346588.531,264043,1747908346569.594,-88,91,-113
1747908346608.375,263932,1747908346589.5,-96,113,-121
1747908346628.25,263863,1747908346609.344,-113,123,-133
1747908346648.125,263861,1747908346629.156,-112,120,-128
1747908346667.969,263806,1747908346649.0,-105,127,-121
1747908346687.813,263751,1747908346668.875,-103,108,-125
1747908346707.656,263715,1747908346688.75,-100,111,-141
1747908346727.562,263719,1747908346708.563,-100,103,-141
1747908346747.406,263751,1747908346728.5,-105,104,-128
1747908346767.25,263727,1747908346748.344,-89,105,-137
1747908346787.125,263644,1747908346768.219,-84,98,-137
1747908346807.0,263477,1747908346788.031,-72,94,-139
1747908346826.813,263292,1747908346807.906,-68,91,-145
1747908346846.688,263078,1747908346827.781,-76,89,-150
1747908346866.562,262742,1747908346847.625,-63,88,-153
1747908346886.437,262311,1747908346867.5,-50,71,-157
1747908346906.281,261895,1747908346887.344,-73,70,-152
1747908346926.125,261475,1747908346907.219,-53,72,-160
1747908346946.0,260905,1747908346927.062,-28,70,-170
1747908346965.906,260231,1747908346946.906,-36,55,-169
1747908346985.719,259493,1747908346966.813,-20,51,-166
1747908347005.594,258794,1747908346986.688,-17,32,-161
1747908347025.438,258078,1747908347006.5,12,28,-160
1747908347045.437,257352,1747908347026.344,22,19,-157
1747908347065.156,256619,1747908347046.219,15,7,-154
1747908347085.031,256021,1747908347066.094,20,6,-169
1747908347104.906,255571,1747908347085.969,30,4,-177
1747908347124.781,255154,1747908347105.781,57,8,-176
1747908347144.594,254805,1747908347125.688,79,-4,-170
1747908347164.438,254440,1747908347145.531,88,-20,-177
1747908347184.313,254065,1747908347165.375,86,-15,-189
1747908347204.187,253777,1747908347185.187,80,-12,-210
1747908347224.0,253597,1747908347205.094,79,1,-224
1747908347243.875,253466,1747908347224.938,75,7,-213
1747908347263.719,253416,1747908347244.781,71,3,-210
1747908347283.594,253435,1747908347264.594,76,-4,-208
1747908347303.437,253531,1747908347284.5,67,-4,-217
1747908347323.281,253699,1747908347304.375,52,-4,-209
1747908347343.156,253861,1747908347324.25,43,3,-205
1747908347363.0,254032,1747908347344.031,39,1,-199
1747908347382.844,254112,1747908347363.906,25,-9,-187
1747908347402.656,254154,1747908347383.75,16,-2,-176
1747908347422.5,254110,1747908347403.594,9,6,-168
1747908347442.344,253970,1747908347423.406,-5,22,-153
1747908347462.219,253799,1747908347443.25,-16,18,-151
1747908347482.031,253541,1747908347463.156,-21,28,-128
1747908347501.875,253212,1747908347482.969,-29,33,-124
1747908347521.75,252858,1747908347502.813,-40,44,-121
1747908347541.594,252479,1747908347522.625,-55,54,-121
1747908347561.406,252212,1747908347542.5,-73,71,-121
1747908347581.25,252108,1747908347562.344,-93,76,-128
1747908347601.187,252110,1747908347582.156,-95,79,-128
1747908347620.969,252191,1747908347602.063,-112,86,-141
1747908347640.781,252276,1747908347621.875,-113,94,-125
1747908347660.656,252338,1747908347641.687,-118,98,-128
1747908347680.5,252450,1747908347661.562,-129,96,-137
1747908347700.344,252578,1747908347681.406,-120,108,-140
1747908347720.156,252711,1747908347701.25,-108,107,-138
1747908347740.031,252828,1747908347721.125,-93,107,-135
1747908347759.906,252897,1747908347740.969,-84,115,-128
1747908347779.75,252917,1747908347760.781,-77,111,-128
1747908347799.594,252884,1747908347780.656,-81,104,-136
1747908347819.438,252805,1747908347800.531,-79,99,-128
1747908347839.281,252702,1747908347820.312,-68,101,-144
1747908347859.156,252551,1747908347840.25,-73,96,-148
1747908347878.969,252362,1747908347860.063,-64,84,-154
1747908347898.781,252218,1747908347879.906,-53,63,-157
1747908347918.656,252032,1747908347899.719,-40,54,-145
1747908347938.625,251820,1747908347919.562,-34,44,-149
1747908347958.312,251589,1747908347939.563,-45,44,-146
1747908347978.187,251392,1747908347959.25,-29,35,-156
1747908347998.063,251226,1747908347979.094,-25,30,-169
1747908348017.906,251123,1747908347998.969,-33,14,-164
1747908348037.75,250979,1747908348018.781,-2,14,-169
1747908348057.719,250735,1747908348038.687,4,-2,-177
1747908348077.469,250473,1747908348058.531,23,-15,-189
1747908348097.313,250194,1747908348078.375,31,-9,-191
1747908348117.188,249956,1747908348098.219,37,-23,-190
1747908348137.031,249795,1747908348118.094,57,-29,-176
1747908348156.875,249675,1747908348137.938,57,-31,-189
1747908348176.719,249549,1747908348157.781,63,-18,-192
1747908348196.563,249509,1747908348177.687,56,-16,-202
1747908348216.437,249526,1747908348197.5,60,-8,-209
1747908348236.281,249638,1747908348217.375,48,-8,-209
1747908348256.125,249779,1747908348237.188,48,-12,-209
1747908348276.031,249933,1747908348257.031,41,-15,-201
1747908348295.813,250061,1747908348277.0,46,-20,-190
1747908348315.687,250239,1747908348296.75,44,-17,-201
1747908348335.562,250427,1747908348316.594,35,-15,-192
1747908348355.375,250649,1747908348336.469,25,-10,-192
1747908348375.219,250868,1747908348356.313,15,-8,-183
1747908348395.187,251071,1747908348376.187,17,-3,-172
1747908348414.937,251203,1747908348396.0,14,3,-164
1747908348434.813,251295,1747908348415.813,4,22,-154
1747908348454.656,251335,1747908348435.719,8,35,-145
1747908348474.5,251184,1747908348455.562,-5,43,-136
1747908348494.375,250914,1747908348475.406,-25,56,-128
1747908348514.219,250599,1747908348495.281,-32,68,-128
1747908348534.063,250274,1747908348515.125,-46,75,-128
1747908348553.938,250021,1747908348535.0,-64,84,-128
1747908348573.781,249769,1747908348554.844,-73,87,-128
1747908348593.625,249635,1747908348574.719,-79,88,-128
1747908348613.5,249540,1747908348594.563,-95,88,-128
1747908348633.344,249493,1747908348614.438,-106,92,-124
1747908348653.219,249473,1747908348634.25,-111,99,-125
1747908348673.094,249487,1747908348654.125,-129,103,-121
1747908348692.906,249464,1747908348674.0,-99,96,-128
1747908348712.781,249451,1747908348693.844,-114,109,-112
1747908348732.656,249421,1747908348713.687,-97,104,-113
1747908348752.5,249317,1747908348733.562,-101,119,-128
1747908348772.312,249158,1747908348753.406,-81,108,-128
1747908348792.188,248945,1747908348773.25,-66,108,-145
1747908348812.063,248692,1747908348793.094,-72,104,-145
1747908348831.906,248382,1747908348812.969,-66,108,-145
1747908348851.75,248109,1747908348832.844,-68,99,-145
1747908348871.594,247930,1747908348852.656,-63,83,-154
1747908348891.469,247876,1747908348872.5,-63,67,-153
1747908348911.313,248003,1747908348892.375,-64,54,-153
1747908348931.125,248255,1747908348912.281,-40,39,-153
1747908348951.0,248593,1747908348932.062,-33,39,-145
1747908348970.844,248989,1747908348951.906,-29,31,-157
1747908348990.719,249449,1747908348971.75,-27,23,-169
1747908349010.531,249973,1747908348991.625,-13,4,-170
1747908349030.375,250437,1747908349011.469,12,-16,-149
1747908349050.25,250772,1747908349031.281,14,-8,-160
1747908349070.094,250980,1747908349051.156,14,-16,-184
1747908349089.938,251376,1747908349071.0,23,-33,-192
1747908349109.781,251941,1747908349090.875,42,-28,-189
1747908349129.625,252462,1747908349110.719,52,-32,-185
1747908349149.5,253036,1747908349130.531,55,-31,-193
1747908349169.313,253618,1747908349150.438,56,-20,-193
1747908349189.156,254207,1747908349170.25,67,-16,-200
1747908349209.031,254744,1747908349190.094,62,-12,-192
1747908349228.906,255144,1747908349209.938,65,-10,-192
1747908349248.719,255444,1747908349229.813,62,-8,-192
1747908349268.594,255674,1747908349249.719,56,-1,-209
1747908349288.437,255858,1747908349269.531,37,-2,-209
1747908349308.312,256065,1747908349289.344,22,-1,-209
1747908349328.125,256357,1747908349309.219,4,4,-202
1747908349347.969,256708,1747908349329.063,-4,-7,-192
1747908349367.844,257081,1747908349348.906,23,-26,-169
1747908349387.687,257239,1747908349368.75,-8,-28,-152
1747908349407.531,257072,1747908349388.594,-1,5,-153
1747908349427.375,256862,1747908349408.438,-13,33,-153
1747908349447.219,256622,1747908349428.281,-24,34,-144
1747908349467.062,256243,1747908349448.094,-33,38,-127
1747908349486.937,255857,1747908349468.0,-57,48,-135
1747908349506.781,255481,1747908349487.875,-64,57,-121
1747908349526.656,255234,1747908349507.719,-74,75,-121
1747908349546.531,255069,1747908349527.531,-89,92,-128
1747908349566.375,254951,1747908349547.437,-103,89,-116
1747908349586.219,254867,1747908349567.313,-115,88,-114
1747908349606.094,254771,1747908349587.156,-128,97,-106
1747908349625.969,254674,1747908349607.0,-125,95,-113
1747908349645.812,254589,1747908349626.875,-132,91,-113
1747908349665.656,254511,1747908349646.719,-114,99,-113
1747908349685.563,254406,1747908349666.563,-106,96,-125
1747908349705.375,254317,1747908349686.469,-96,94,-128
1747908349725.25,254244,1747908349706.281,-94,91,-131
1747908349745.094,254180,1747908349726.187,-90,87,-128
1747908349764.937,254113,1747908349746.0,-68,80,-141
1747908349784.844,254048,1747908349765.844,-79,81,-145
1747908349804.688,254067,1747908349785.75,-77,76,-151
1747908349824.531,254118,1747908349805.594,-63,63,-153
1747908349844.375,254258,1747908349825.469,-63,57,-157
1747908349864.25,254532,1747908349845.313,-63,49,-161
1747908349884.094,254968,1747908349865.156,-54,44,-156
1747908349903.937,255450,1747908349885.062,-45,24,-164
1747908349923.812,255910,1747908349904.875,-36,15,-160
1747908349943.688,256241,1747908349924.719,-31,8,-168
1747908349963.531,256588,1747908349944.594,-32,-4,-164
1747908349983.375,256934,1747908349964.437,-13,-8,-173
1747908350003.25,257179,1747908349984.281,-9,-26,-168
1747908350023.25,257437,1747908350004.156,-4,-34,-169
1747908350042.969,257810,1747908350024.125,11,-45,-177
1747908350062.813,258222,1747908350043.906,20,-57,-178
1747908350082.687,258655,1747908350063.719,39,-53,-176
1747908350102.531,259065,1747908350083.594,39,-49,-185
1747908350122.375,259460,1747908350103.438,51,-29,-192
1747908350142.25,259751,1747908350123.281,60,-24,-192
1747908350162.0942,260025,1747908350143.187,48,-1,-204
1747908350181.969,260266,1747908350163.0,33,-13,-205
1747908350201.813,260525,1747908350182.844,39,-13,-207
1747908350221.656,260722,1747908350202.719,29,-8,-200
1747908350241.531,260954,1747908350222.594,28,-16,-209
1747908350261.375,261176,1747908350242.4368,17,-13,-209
1747908350281.25,261329,1747908350262.281,11,-12,-202
1747908350301.094,261491,1747908350282.156,3,-9,-192
1747908350320.938,261609,1747908350302.031,-13,-15,-166
1747908350340.812,261757,1747908350321.844,-25,-18,-157
1747908350360.656,261887,1747908350341.687,-20,-10,-159
1747908350380.531,262044,1747908350361.625,-18,-4,-154
1747908350400.4058,262192,1747908350381.469,-31,11,-148
1747908350420.281,262174,1747908350401.312,-40,16,-138
1747908350440.094,261847,1747908350421.187,-13,27,-117
1747908350459.969,261593,1747908350441.031,-23,64,-104
1747908350479.844,261307,1747908350460.906,-42,81,-113
1747908350499.719,260872,1747908350480.75,-109,67,-128
1747908350519.562,260181,1747908350500.625,-144,63,-128
1747908350539.406,259570,1747908350520.5,-160,79,-122
1747908350559.281,259220,1747908350540.344,-133,94,-113
1747908350579.156,259052,1747908350560.219,-124,111,-100
1747908350599.0,259056,1747908350580.062,-135,106,-100
1747908350618.875,259006,1747908350599.906,-116,100,-113
1747908350638.719,258953,1747908350619.781,-113,88,-121
1747908350658.6558,258926,1747908350639.656,-122,88,-121
1747908350678.437,258912,1747908350659.562,-105,86,-127
1747908350698.344,258897,1747908350679.406,-81,88,-121
1747908350718.188,258768,1747908350699.25,-77,88,-121
1747908350738.094,258588,1747908350719.063,-72,79,-129
1747908350757.906,258319,1747908350739.0,-73,71,-128
1747908350777.75,258032,1747908350758.875,-82,62,-137
1747908350797.625,257900,1747908350778.656,-84,48,-145
1747908350817.469,257904,1747908350798.531,-89,51,-145
1747908350837.312,258011,1747908350818.375,-68,51,-144
1747908350857.156,258226,1747908350838.25,-71,28,-162
1747908350877.0,258524,1747908350858.063,-62,24,-165
1747908350896.875,258980,1747908350877.906,-64,23,-169
1747908350916.719,259484,1747908350897.781,-63,12,-160
1747908350936.562,260018,1747908350917.656,-20,0,-159
1747908350956.437,260521,1747908350937.5,-20,-13,-177
1747908350976.281,260954,1747908350957.344,-10,-24,-177
1747908350996.094,261350,1747908350977.156,3,-29,-177
1747908351015.969,261693,1747908350997.031,16,-30,-180
1747908351035.812,262005,1747908351016.906,24,-25,-180
1747908351055.656,262308,1747908351036.719,30,-30,-185
1747908351075.5,262668,1747908351056.563,25,-26,-189
1747908351095.344,262995,1747908351076.406,32,-9,-185
1747908351115.2192,263220,1747908351096.281,24,-3,-183
1747908351135.062,263095,1747908351116.125,28,4,-176
1747908351154.906,262738,1747908351135.969,28,3,-186
1747908351174.75,262358,1747908351155.844,30,-1,-192
1747908351194.594,262112,1747908351175.687,0,-1,-209
1747908351214.437,262025,1747908351195.5,-13,-6,-201
1747908351234.312,262164,1747908351215.375,-13,-1,-196
1747908351254.156,262341,1747908351235.219,-25,-25,-191
1747908351274.0,262452,1747908351255.094,-23,-31,-173
1747908351293.875,262424,1747908351274.906,-18,-24,-161
1747908351313.781,262243,1747908351294.781,-29,-12,-154
1747908351333.563,261889,1747908351314.656,-49,-1,-144
1747908351353.438,261360,1747908351334.5,-50,10,-141
1747908351373.281,260882,1747908351354.344,-50,24,-127
1747908351393.125,260649,1747908351374.219,-68,33,-101
1747908351412.969,260579,1747908351394.031,-73,52,-93
1747908351432.844,260500,1747908351413.938,-68,70,-84
1747908351452.719,260352,1747908351433.75,-80,89,-90
1747908351472.594,260177,1747908351453.625,-104,87,-109
1747908351492.406,260043,1747908351473.5,-137,91,-113
1747908351512.281,260020,1747908351493.344,-128,84,-121
1747908351532.125,260052,1747908351513.188,-144,88,-116
1747908351552.094,260140,1747908351533.062,-149,86,-105
1747908351571.844,260245,1747908351552.906,-144,96,-117
1747908351591.687,260354,1747908351572.781,-140,90,-114
1747908351611.563,260436,1747908351592.594,-120,97,-117
1747908351631.438,260485,1747908351612.469,-112,103,-104
1747908351651.25,260572,1747908351632.344,-107,99,-105
1747908351671.125,260677,1747908351652.219,-103,97,-113
1747908351690.969,260815,1747908351672.0632,-101,96,-114
1747908351710.844,260938,1747908351691.875,-104,86,-121
1747908351730.656,261035,1747908351711.75,-96,80,-128
1747908351750.531,261164,1747908351731.625,-85,72,-138
1747908351770.406,261354,1747908351751.438,-77,64,-138
1747908351790.281,261641,1747908351771.313,-69,49,-145
1747908351810.125,262026,1747908351791.187,-72,38,-153
1747908351830.0,262538,1747908351811.062,-64,29,-158
1747908351849.875,262978,1747908351830.875,-45,15,-157
1747908351869.75,263332,1747908351850.75,-44,9,-164
1747908351889.594,263639,1747908351870.656,-40,-4,-170
1747908351909.437,263914,1747908351890.531,-17,-1,-178
1747908351929.344,264162,1747908351910.344,4,-23,-170
1747908351949.219,264414,1747908351930.25,17,-25,-181
1747908351969.031,264609,1747908351950.094,25,-35,-197
1747908351988.937,264809,1747908351969.969,30,-29,-192
1747908352008.781,264942,1747908351989.813,33,-32,-192
1747908352028.625,265040,1747908352009.688,25,-20,-192
1747908352048.5,265194,1747908352029.562,24,-10,-192
1747908352068.406,265395,1747908352049.469,24,-8,-200
1747908352088.25,265629,1747908352069.313,14,-4,-192
1747908352108.063,265854,1747908352089.125,16,-8,-189
1747908352127.938,266052,1747908352109.031,14,-7,-178
1747908352147.844,266227,1747908352128.875,19,-4,-180
1747908352167.687,266391,1747908352148.719,20,-8,-185
1747908352187.531,266491,1747908352168.625,4,-4,-180
1747908352207.406,266601,1747908352188.469,8,-7,-168
1747908352227.281,266649,1747908352208.344,3,0,-167
1747908352247.156,266723,1747908352228.187,-16,-1,-160
1747908352267.0,266728,1747908352248.031,-18,15,-154
1747908352286.969,266677,1747908352267.938,-32,19,-146
1747908352306.75,266485,1747908352287.75,-40,32,-137
1747908352326.625,266222,1747908352307.656,-49,35,-128
1747908352346.469,265868,1747908352327.531,-50,44,-126
1747908352366.344,265512,1747908352347.375,-69,44,-128
1747908352386.219,265109,1747908352367.281,-88,44,-122
1747908352406.0618,264700,1747908352387.125,-104,47,-114
1747908352425.906,264298,1747908352406.969,-111,52,-121
1747908352445.781,264019,1747908352426.844,-121,60,-126
1747908352465.594,263761,1747908352446.656,-116,79,-125
1747908352485.5,263583,1747908352466.5,-111,88,-128
1747908352505.344,263453,1747908352486.438,-131,103,-128
1747908352525.188,263320,1747908352506.25,-133,112,-141
1747908352545.063,263176,1747908352526.094,-116,113,-137
1747908352564.937,262938,1747908352545.969,-108,102,-128
1747908352584.781,262688,1747908352565.844,-89,103,-127
1747908352604.656,262399,1747908352585.719,-90,99,-120
1747908352624.5,262101,1747908352605.563,-89,89,-125
1747908352644.344,261817,1747908352625.375,-97,103,-125
1747908352664.187,261599,1747908352645.281,-97,80,-116
1747908352684.031,261456,1747908352665.094,-80,83,-125
1747908352703.906,261434,1747908352684.938,-76,75,-130
1747908352723.75,261568,1747908352704.813,-64,76,-148
1747908352743.594,261772,1747908352724.656,-73,71,-145
1747908352763.437,261980,1747908352744.531,-81,64,-157
1747908352783.313,262089,1747908352764.344,-64,39,-162
1747908352803.188,262106,1747908352784.25,-65,31,-168
1747908352823.031,262098,1747908352804.094,-48,13,-157
1747908352842.906,262014,1747908352823.969,-36,4,-158
1747908352862.75,262002,1747908352843.813,-24,-8,-164
1747908352882.625,262051,1747908352863.688,-5,-20,-162
1747908352902.469,262116,1747908352883.531,7,-34,-162
1747908352922.375,262272,1747908352903.406,14,-40,-162
1747908352942.187,262465,1747908352923.25,23,-41,-160
1747908352962.063,262695,1747908352943.094,35,-42,-170
1747908352981.875,262990,1747908352962.969,46,-29,-181
1747908353001.75,263232,1747908352982.812,49,-36,-192
1747908353021.594,263475,1747908353002.656,54,-36,-192
1747908353041.469,263754,1747908353022.531,67,-21,-194
1747908353061.313,264162,1747908353042.406,63,-32,-192
1747908353081.156,264564,1747908353062.281,47,-32,-213
1747908353101.031,264991,1747908353082.062,15,-25,-225
1747908353120.906,265486,1747908353101.969,9,-29,-212
1747908353140.688,265855,1747908353121.813,15,-29,-200
1747908353160.594,266037,1747908353141.625,19,-20,-177
1747908353180.469,266056,1747908353161.469,7,0,-172
1747908353200.312,266006,1747908353181.375,-7,8,-172
1747908353220.156,265840,1747908353201.219,-13,16,-160
1747908353240.031,265576,1747908353221.125,-10,22,-146
1747908353259.875,265135,1747908353240.937,-9,31,-128
1747908353279.75,264634,1747908353260.781,-32,39,-128
1747908353299.562,264183,1747908353280.656,-57,52,-128
1747908353319.438,263672,1747908353300.5,-64,57,-121
1747908353339.281,263099,1747908353320.344,-72,56,-121
1747908353359.125,262685,1747908353340.187,-103,66,-114
1747908353378.969,262461,1747908353360.031,-113,96,-121
1747908353398.813,262384,1747908353379.906,-122,96,-121
1747908353418.688,262338,1747908353399.75,-133,104,-128
1747908353438.531,262280,1747908353419.625,-129,102,-120
1747908353458.375,262220,1747908353439.406,-121,99,-129
1747908353478.25,262138,1747908353459.313,-119,112,-121
1747908353498.094,262027,1747908353479.25,-104,116,-113
1747908353517.969,261923,1747908353498.969,-92,114,-112
1747908353537.781,261850,1747908353518.844,-93,104,-125
1747908353557.625,261774,1747908353538.719,-97,99,-125
1747908353577.625,261689,1747908353558.594,-84,96,-122
1747908353597.344,261571,1747908353578.562,-77,94,-136
1747908353617.188,261485,1747908353598.25,-84,79,-145
1747908353637.062,261395,1747908353618.125,-71,62,-153
1747908353656.906,261292,1747908353638.0,-81,46,-145
1747908353676.781,261046,1747908353657.813,-55,43,-161
1747908353696.594,260973,1747908353677.687,-56,41,-164
1747908353716.469,261031,1747908353697.531,-58,32,-165
1747908353736.344,261205,1747908353717.406,-56,15,-164
1747908353756.188,261417,1747908353737.281,-49,-2,-162
1747908353776.031,261559,1747908353757.063,-18,-13,-148
1747908353795.906,261728,1747908353776.937,-2,-18,-159
1747908353815.75,261932,1747908353796.844,12,-21,-160
1747908353835.594,262138,1747908353816.688,4,-25,-169
1747908353855.469,262395,1747908353836.5,19,-25,-173
1747908353875.313,262719,1747908353856.375,19,-30,-177
1747908353895.156,263093,1747908353876.25,27,-35,-180
1747908353915.062,263455,1747908353896.063,41,-42,-185
1747908353934.875,263563,1747908353915.969,67,-52,-192
1747908353954.719,263204,1747908353935.781,72,-48,-192
1747908353974.5942,262648,1747908353955.656,60,-40,-201
1747908353994.437,262305,1747908353975.5,49,-18,-217
1747908354014.313,262160,1747908353995.344,6,-4,-225
1747908354034.156,262196,1747908354015.188,-20,-13,-217
1747908354053.969,262308,1747908354035.031,-20,-33,-200
1747908354073.844,262366,1747908354054.906,-29,-24,-195
1747908354093.687,262280,1747908354074.75,-24,-16,-178
1747908354113.531,262105,1747908354094.594,-23,-4,-191
1747908354133.406,261832,1747908354114.469,-32,7,-175
1747908354153.25,261558,1747908354134.312,-49,3,-162
1747908354173.125,261321,1747908354154.187,-36,6,-158
1747908354192.969,261090,1747908354174.031,-52,14,-138
1747908354212.781,260821,1747908354193.906,-45,15,-125
1747908354232.656,260567,1747908354213.719,-45,26,-116
1747908354252.531,260289,1747908354233.562,-61,44,-119
1747908354272.344,259931,1747908354253.438,-72,49,-113
1747908354292.219,259494,1747908354273.281,-77,60,-96
1747908354312.063,259111,1747908354293.094,-96,71,-89
1747908354331.906,258840,1747908354312.969,-107,78,-98
1747908354351.719,258550,1747908354332.812,-151,89,-111
1747908354371.594,258286,1747908354352.656,-149,96,-109
1747908354391.438,257965,1747908354372.5,-144,95,-102
1747908354411.313,257586,1747908354392.375,-140,111,-98
1747908354431.156,257191,1747908354412.25,-132,108,-98
1747908354451.0,256837,1747908354432.062,-127,108,-113
1747908354470.875,256536,1747908354451.906,-132,108,-105
1747908354490.688,256244,1747908354471.781,-116,108,-116
1747908354510.531,256032,1747908354491.594,-109,108,-109
1747908354530.406,255787,1747908354511.469,-81,108,-116
1747908354550.25,255507,1747908354531.313,-88,103,-122
1747908354570.094,255148,1747908354551.156,-69,94,-145
1747908354589.938,254692,1747908354571.0,-93,92,-146
1747908354609.75,254232,1747908354590.875,-96,75,-153
1747908354629.625,253796,1747908354610.687,-100,63,-160
1747908354649.469,253451,1747908354630.531,-104,54,-157
1747908354669.313,253155,1747908354650.375,-93,36,-153
1747908354689.156,252923,1747908354670.25,-71,24,-154
1747908354709.062,252684,1747908354690.094,-61,19,-153
1747908354728.875,252486,1747908354709.906,-40,7,-152
1747908354748.688,252328,1747908354729.781,-32,-8,-160
1747908354768.531,252293,1747908354749.625,-23,-15,-161
1747908354788.375,252305,1747908354769.469,-22,-23,-177
1747908354808.25,252363,1747908354789.281,7,-29,-177
1747908354828.094,252480,1747908354809.156,7,-33,-173
1747908354847.906,252597,1747908354829.031,7,-26,-178
1747908354867.75,252675,1747908354848.875,19,-25,-190
1747908354887.594,252697,1747908354868.687,33,-23,-186
1747908354907.469,252651,1747908354888.5,26,-20,-180
1747908354927.375,252593,1747908354908.375,30,-17,-177
1747908354947.125,252454,1747908354928.313,16,-21,-177
1747908354967.0,252235,1747908354948.031,27,-17,-177
1747908354986.844,251879,1747908354967.906,20,-10,-170
1747908355006.656,251414,1747908354987.75,3,-12,-170
1747908355026.5,250909,1747908355007.594,-9,-4,-173
1747908355046.344,250439,1747908355027.438,-24,-1,-180
1747908355066.188,250004,1747908355047.219,-43,-4,-185
1747908355086.0,249621,1747908355067.094,-60,4,-169
1747908355105.875,249246,1747908355086.969,-61,4,-161
1747908355125.719,248916,1747908355106.781,-68,15,-152
1747908355145.594,248634,1747908355126.656,-72,19,-146
1747908355165.406,248407,1747908355146.5,-77,23,-138
1747908355185.25,248249,1747908355166.469,-77,25,-128
1747908355205.125,248135,1747908355186.188,-85,35,-128
1747908355225.0,248012,1747908355206.031,-97,51,-127
1747908355244.813,247837,1747908355225.906,-97,60,-114
1747908355264.812,247704,1747908355245.75,-116,70,-106
1747908355284.5,247561,1747908355265.719,-117,79,-109
1747908355304.406,247411,1747908355285.406,-132,88,-105
1747908355324.219,247284,1747908355305.313,-145,102,-98
1747908355344.063,247217,1747908355325.187,-153,102,-113
1747908355363.937,247162,1747908355345.031,-145,105,-104
1747908355383.781,247097,1747908355364.844,-133,99,-96
1747908355403.625,247022,1747908355384.719,-138,112,-97
1747908355423.469,246906,1747908355404.531,-121,99,-105
1747908355443.312,246823,1747908355424.437,-116,99,-102
1747908355463.187,246727,1747908355444.219,-119,94,-98
1747908355483.063,246649,1747908355464.094,-101,88,-100
1747908355502.844,246559,1747908355483.969,-92,78,-104
1747908355522.719,246509,1747908355503.781,-89,68,-109
1747908355542.594,246561,1747908355523.625,-83,57,-106
1747908355562.406,246781,1747908355543.5,-72,56,-125
1747908355582.25,247132,1747908355563.313,-73,54,-128
1747908355602.094,247657,1747908355583.188,-77,44,-138
1747908355621.938,248199,1747908355603.0,-63,39,-161
1747908355641.844,248679,1747908355622.844,-68,8,-159
1747908355661.656,249144,1747908355642.781,-61,3,-161
1747908355681.5,249602,1747908355662.594,-48,-13,-170
1747908355701.375,250108,1747908355682.406,-25,-20,-170
1747908355721.187,250486,1747908355702.25,15,-38,-173
1747908355741.031,250536,1747908355722.094,31,-40,-178
1747908355760.938,250148,1747908355741.969,28,-56,-168
1747908355780.719,249580,1747908355761.813,21,-49,-160
1747908355800.594,249092,1747908355781.656,22,-40,-152
1747908355820.437,248738,1747908355801.531,-1,-28,-168
1747908355840.281,248484,1747908355821.375,-33,-26,-184
1747908355860.156,248348,1747908355841.188,-33,-29,-200
1747908355880.0,248317,1747908355861.063,-40,-32,-210
1747908355899.812,248307,1747908355880.906,-45,-31,-201
1747908355919.656,248295,1747908355900.781,-31,-36,-205
1747908355939.531,248200,1747908355920.594,-26,-33,-209
1747908355959.375,248098,1747908355940.406,-40,-29,-208
1747908355979.219,247921,1747908355960.312,-40,-32,-192
1747908355999.062,247671,1747908355980.156,-32,-25,-178
1747908356018.937,247379,1747908356000.0,-32,-16,-162
1747908356038.8132,247099,1747908356019.844,-36,-16,-155
1747908356058.625,246827,1747908356039.719,-40,-1,-128
1747908356078.5,246656,1747908356059.594,-48,16,-114
1747908356098.375,246500,1747908356079.406,-56,14,-96
1747908356118.219,246316,1747908356099.25,-66,27,-93
1747908356138.031,246121,1747908356119.125,-93,36,-72
1747908356157.906,245901,1747908356139.0,-103,52,-81
1747908356177.75,245626,1747908356158.844,-98,62,-97
1747908356197.625,245135,1747908356178.781,-135,65,-104
1747908356217.469,244499,1747908356198.531,-141,75,-105
1747908356237.313,243741,1747908356218.406,-122,80,-112
1747908356257.187,242969,1747908356238.25,-122,81,-96
1747908356277.156,242249,1747908356258.094,-133,88,-101
1747908356296.875,241617,1747908356278.063,-151,99,-125
1747908356316.719,241132,1747908356297.813,-148,103,-128
1747908356336.594,240812,1747908356317.687,-132,116,-128
1747908356356.469,240542,1747908356337.5,-153,108,-116
1747908356376.281,240352,1747908356357.375,-127,113,-113
1747908356396.25,240191,1747908356377.25,-114,108,-121
1747908356416.0,239998,1747908356397.094,-120,95,-122
1747908356435.844,239800,1747908356416.906,-116,92,-138
1747908356455.687,239534,1747908356436.75,-108,88,-146
1747908356475.531,239233,1747908356456.563,-100,85,-136
1747908356495.375,238860,1747908356476.469,-82,75,-145
1747908356515.219,238426,1747908356496.312,-67,70,-138
1747908356535.094,237996,1747908356516.219,-60,56,-154
1747908356554.906,237671,1747908356536.031,-45,39,-153
1747908356574.75,237477,1747908356555.844,-16,25,-144
1747908356594.656,237276,1747908356575.688,2,-2,-153
1747908356614.562,237051,1747908356595.562,0,-13,-153
1747908356634.281,236942,1747908356615.5,9,-12,-145
1747908356654.156,236818,1747908356635.25,22,-10,-161
1747908356674.0,236816,1747908356655.031,32,-25,-173
1747908356693.844,236955,1747908356674.906,23,-40,-177
1747908356713.687,237181,1747908356694.75,36,-33,-181
1747908356733.531,237430,1747908356714.594,49,-40,-176
1747908356753.375,237652,1747908356734.469,40,-25,-186
1747908356773.25,237821,1747908356754.281,51,-32,-186
1747908356793.063,237847,1747908356774.156,60,-34,-200
1747908356812.906,237778,1747908356794.0,49,-29,-200
1747908356832.75,237666,1747908356813.812,39,-25,-209
1747908356852.625,237475,1747908356833.688,41,-28,-210
1747908356872.438,237233,1747908356853.5308,36,-23,-200
1747908356892.281,236938,1747908356873.375,31,-16,-191
1747908356912.156,236666,1747908356893.219,22,-7,-184
1747908356931.969,236472,1747908356913.063,23,3,-177
1747908356951.813,236351,1747908356932.875,14,9,-177
1747908356971.656,236267,1747908356952.75,4,19,-157
1747908356991.531,236104,1747908356972.625,-13,16,-153
1747908357011.375,235961,1747908356992.406,-16,37,-159
1747908357031.25,235807,1747908357012.281,-24,48,-160
1747908357051.063,235610,1747908357032.156,-52,56,-148
1747908357070.938,235387,1747908357052.0,-65,57,-148
1747908357090.75,235177,1747908357071.812,-90,63,-153
1747908357110.625,234953,1747908357091.687,-112,62,-153
1747908357130.438,234736,1747908357111.563,-133,56,-156
1747908357150.281,234501,1747908357131.375,-121,65,-145
1747908357170.156,234288,1747908357151.219,-124,78,-122
1747908357190.0,234079,1747908357171.031,-111,84,-124
1747908357209.812,233903,1747908357190.875,-111,92,-135
1747908357229.656,233758,1747908357210.75,-109,99,-128
1747908357249.5,233601,1747908357230.594,-117,99,-120
1747908357269.375,233440,1747908357250.406,-106,98,-114
1747908357289.187,233299,1747908357270.25,-98,92,-115
1747908357309.031,233165,1747908357290.125,-92,80,-127
1747908357328.875,233088,1747908357309.938,-89,80,-120
1747908357348.719,233032,1747908357329.813,-77,72,-128
1747908357368.531,233009,1747908357349.656,-73,72,-128
1747908357388.375,233036,1747908357369.5,-64,57,-138
1747908357408.281,233076,1747908357389.313,-60,44,-145
1747908357428.094,233217,1747908357409.156,-56,31,-143
1747908357447.906,233365,1747908357429.0,-42,22,-169
1747908357467.75,233751,1747908357448.844,-31,12,-177
1747908357487.594,234191,1747908357468.687,-11,-7,-189
1747908357507.469,235030,1747908357488.531,30,-28,-177
1747908357527.313,236047,1747908357508.344,72,-32,-193
1747908357547.125,236969,1747908357528.25,71,-40,-185
1747908357566.969,237728,1747908357548.094,63,-40,-192
1747908357586.812,238415,1747908357567.875,63,-32,-192
1747908357606.688,239176,1747908357587.719,48,-26,-189
1747908357626.5,239978,1747908357607.594,52,-25,-186
1747908357646.344,240700,1747908357627.469,63,-22,-193
1747908357666.187,241294,1747908357647.25,60,-26,-199
1747908357686.031,241776,1747908357667.094,48,-24,-201
1747908357705.844,242155,1747908357686.938,35,-16,-205
1747908357725.719,242414,1747908357706.781,46,-26,-192
1747908357745.531,242639,1747908357726.625,39,-26,-193
1747908357765.375,242801,1747908357746.437,24,-22,-221
1747908357785.219,242968,1747908357766.281,25,-19,-180
1747908357805.031,243110,1747908357786.156,11,-3,-178
1747908357824.875,243261,1747908357805.969,3,-2,-160
1747908357844.75,243415,1747908357825.781,-4,6,-145
1747908357864.562,243604,1747908357845.625,-13,19,-128
1747908357884.406,243803,1747908357865.5,-25,24,-122
1747908357904.25,243999,1747908357885.375,-45,31,-116
1747908357924.125,244237,1747908357905.156,-48,33,-117
1747908357944.0,244412,1747908357925.031,-84,49,-121
1747908357963.812,244461,1747908357944.906,-112,60,-128
1747908357983.656,244329,1747908357964.781,-129,76,-150
1747908358003.531,244030,1747908357984.5632,-141,75,-128
1747908358023.469,243699,1747908358004.437,-160,80,-137
1747908358043.219,243404,1747908358024.312,-156,79,-146
1747908358063.094,243130,1747908358044.188,-159,96,-138
1747908358082.938,242875,1747908358063.969,-129,97,-128
1747908358102.781,242624,1747908358083.844,-132,107,-128
1747908358122.625,242418,1747908358103.719,-125,108,-117
1747908358142.469,242178,1747908358123.562,-122,110,-114
1747908358162.281,242027,1747908358143.438,-109,108,-113
1747908358182.156,241892,1747908358163.188,-111,103,-105
1747908358201.938,241824,1747908358183.063,-105,97,-113
1747908358221.812,241761,1747908358202.906,-84,92,-104
1747908358241.812,241737,1747908358222.719,-84,88,-105
1747908358261.5,241798,1747908358242.688,-93,76,-115
1747908358281.344,241930,1747908358262.438,-87,67,-122
1747908358301.188,242160,1747908358282.312,-72,55,-128
1747908358321.031,242508,1747908358302.125,-80,44,-138
1747908358340.906,242924,1747908358321.937,-66,28,-145
1747908358360.687,243382,1747908358341.813,-42,9,-154
1747908358380.563,243852,1747908358361.625,-32,-1,-159
1747908358400.4058,244280,1747908358381.5,-29,-20,-170
1747908358420.25,244673,1747908358401.312,-18,-16,-180
1747908358440.094,244984,1747908358421.156,-8,-33,-177
1747908358460.0,245270,1747908358441.031,7,-34,-178
1747908358479.75,245369,1747908358460.875,5,-33,-184
1747908358499.625,245415,1747908358480.687,-5,-53,-192
1747908358519.469,245439,1747908358500.531,15,-55,-192
1747908358539.281,245372,1747908358520.406,30,-54,-192
1747908358559.156,245332,1747908358540.219,36,-48,-192
1747908358579.0,245275,1747908358560.0942,31,-32,-213
1747908358598.906,245231,1747908358579.906,20,-29,-224
1747908358618.656,245125,1747908358599.75,7,-16,-224
1747908358638.5,244988,1747908358619.625,-7,-18,-217
1747908358658.375,244793,1747908358639.438,19,-12,-210
1747908358678.219,244552,1747908358659.281,3,-21,-192
1747908358698.094,244345,1747908358679.125,-1,-20,-178
1747908358717.906,244099,1747908358699.0,-7,-26,-168
1747908358737.781,243853,1747908358718.844,-16,-14,-172
1747908358757.625,243513,1747908358738.688,-30,-16,-128
1747908358777.438,243024,1747908358758.5,-25,-4,-113
1747908358797.312,242374,1747908358778.375,-36,12,-98
1747908358817.219,241737,1747908358798.219,-45,38,-94
1747908358837.031,241161,1747908358818.094,-61,57,-96
1747908358856.844,240681,1747908358837.938,-64,76,-100
1747908358876.688,240365,1747908358857.812,-81,88,-109
1747908358896.562,240149,1747908358877.625,-126,94,-122
1747908358916.437,240001,1747908358897.438,-141,88,-127
1747908358936.219,239873,1747908358917.313,-141,91,-127
1747908358956.094,239694,1747908358937.156,-145,104,-112
1747908358975.969,239514,1747908358957.031,-148,113,-106
1747908358995.781,239366,1747908358976.844,-129,112,-116
1747908359015.625,239242,1747908358996.688,-142,121,-115
1747908359035.531,239114,1747908359016.563,-124,116,-114
1747908359055.313,238960,1747908359036.437,-116,111,-104
1747908359075.187,238832,1747908359056.281,-105,105,-116
1747908359095.031,238694,1747908359076.094,-92,89,-111
1747908359114.844,238540,1747908359095.938,-79,83,-121
1747908359134.75,238410,1747908359115.813,-80,76,-125
1747908359154.562,238289,1747908359135.656,-72,67,-128
1747908359174.437,238245,1747908359155.531,-68,57,-151
1747908359194.281,238267,1747908359175.344,-68,41,-152
1747908359214.094,238312,1747908359195.219,-66,22,-162
1747908359233.969,238403,1747908359215.031,-68,12,-158
1747908359253.812,238582,1747908359234.906,-50,-2,-168
1747908359273.625,238843,1747908359254.844,-26,-4,-173
1747908359293.5,239183,1747908359274.563,-22,-16,-176
1747908359313.344,239536,1747908359294.406,-7,-32,-181
1747908359333.219,239898,1747908359314.281,3,-25,-177
1747908359353.062,240196,1747908359334.125,33,-36,-169
1747908359372.937,240262,1747908359354.0,65,-46,-168
1747908359392.781,240031,1747908359373.813,60,-41,-157
1747908359412.625,239752,1747908359393.656,60,-25,-185
1747908359432.437,239520,1747908359413.531,33,-4,-192
1747908359452.281,239426,1747908359433.375,17,-2,-212
1747908359472.156,239432,1747908359453.188,19,-16,-209
1747908359492.0,239429,1747908359473.063,6,-20,-192
1747908359511.813,239400,1747908359492.906,3,-20,-192
1747908359531.687,239356,1747908359512.75,-13,-20,-190
1747908359551.531,239333,1747908359532.594,-26,-17,-191
1747908359571.375,239411,1747908359552.406,-18,-8,-185
1747908359591.281,239527,1747908359572.313,-20,-1,-173
1747908359611.031,239628,1747908359592.219,-8,6,-160
1747908359630.906,239705,1747908359611.969,-28,11,-152
1747908359650.75,239767,1747908359631.813,-32,16,-154
1747908359670.563,239823,1747908359651.656,-57,35,-142
1747908359690.438,239856,1747908359671.5,-52,31,-128
1747908359710.281,239745,1747908359691.375,-57,44,-128
1747908359730.125,239597,1747908359711.1868,-66,47,-129
1747908359750.0,239472,1747908359731.031,-80,68,-125
1747908359769.813,239372,1747908359750.875,-99,87,-125
1747908359789.656,239223,1747908359770.75,-119,79,-128
1747908359809.5,239025,1747908359790.562,-124,79,-117
1747908359829.344,238714,1747908359810.437,-117,83,-114
1747908359849.188,238364,1747908359830.25,-136,89,-96
1747908359869.063,237980,1747908359850.156,-160,96,-102
1747908359888.906,237598,1747908359869.969,-160,102,-108
1747908359908.781,237198,1747908359889.812,-164,103,-106
1747908359928.656,236846,1747908359909.656,-144,102,-96
1747908359948.469,236499,1747908359929.594,-120,97,-90
1747908359968.344,236215,1747908359949.375,-114,96,-96
1747908359988.187,235964,1747908359969.25,-104,92,-100
1747908360008.0,235723,1747908359989.125,-97,111,-101
1747908360027.875,235532,1747908360008.969,-84,87,-104
1747908360047.719,235532,1747908360028.813,-89,87,-114
1747908360067.563,235754,1747908360048.625,-90,64,-132
1747908360087.406,236085,1747908360068.469,-77,48,-128
1747908360107.25,236609,1747908360088.344,-72,28,-145
1747908360127.125,237268,1747908360108.156,-64,22,-164
1747908360146.969,237944,1747908360128.031,-64,15,-154
1747908360166.781,238621,1747908360147.875,-57,1,-156
1747908360186.656,239232,1747908360167.844,-41,-15,-166
1747908360206.531,239816,1747908360187.563,-31,-20,-172
1747908360226.375,240297,1747908360207.406,-18,-26,-177
1747908360246.188,240734,1747908360227.281,-8,-34,-177
1747908360266.125,241165,1747908360247.156,7,-33,-185
1747908360285.906,241561,1747908360267.031,24,-32,-189
1747908360305.781,241924,1747908360286.813,44,-36,-184
1747908360325.563,242275,1747908360306.688,44,-32,-192
1747908360345.438,242656,1747908360326.531,31,-5,-206
1747908360365.312,242944,1747908360346.375,28,-20,-201
1747908360385.156,243176,1747908360366.219,33,-20,-205
1747908360405.0,243389,1747908360386.063,36,-25,-196
1747908360424.844,243493,1747908360405.969,27,-16,-199
1747908360444.687,243623,1747908360425.781,6,-15,-190
1747908360464.594,243746,1747908360445.625,1,-18,-192
1747908360484.406,243891,1747908360465.5,-5,-18,-185
1747908360504.281,244039,1747908360485.344,-7,-18,-170
1747908360524.156,244166,1747908360505.281,-20,-20,-160
1747908360544.0,244300,1747908360525.031,-25,-12,-161
1747908360563.844,244444,1747908360544.906,-25,-16,-153
1747908360583.688,244571,1747908360564.781,-40,-9,-125
1747908360603.563,244735,1747908360584.625,-45,-6,-103
1747908360623.437,244875,1747908360604.437,-68,-2,-95
1747908360643.25,244945,1747908360624.375,-97,22,-96
1747908360663.125,244991,1747908360644.156,-102,44,-112
1747908360682.969,244877,1747908360664.031,-129,78,-115
1747908360702.844,244585,1747908360683.906,-140,72,-121
1747908360722.719,244225,1747908360703.75,-159,77,-114
1747908360742.531,243873,1747908360723.625,-160,83,-96
1747908360762.406,243535,1747908360743.5,-160,97,-96
1747908360782.281,243241,1747908360763.281,-159,105,-95
1747908360802.094,243000,1747908360783.187,-164,118,-105
1747908360821.937,242825,1747908360803.031,-168,124,-106
1747908360841.844,242667,1747908360822.906,-157,120,-97
1747908360861.688,242513,1747908360842.781,-146,115,-81
1747908360881.5,242350,1747908360862.594,-132,115,-81
1747908360901.375,242256,1747908360882.469,-124,108,-78
1747908360921.25,242027,1747908360902.281,-132,99,-81
1747908360941.094,241659,1747908360922.094,-125,83,-64
1747908360960.938,241130,1747908360942.0,-119,65,-57
1747908360980.781,240646,1747908360961.875,-109,48,-64
1747908361000.656,240472,1747908360981.75,-104,48,-109
1747908361020.5,240559,1747908361001.563,-98,39,-141
1747908361040.375,240852,1747908361021.437,-90,15,-138
1747908361060.219,241159,1747908361041.312,-72,-5,-146
1747908361080.062,241555,1747908361061.156,-52,-1,-161
1747908361099.938,241998,1747908361081.0,-61,3,-181
1747908361119.781,242564,1747908361100.844,-61,-4,-190
1747908361139.625,243061,1747908361120.656,-48,-8,-189
1747908361159.469,243593,1747908361140.562,-49,-13,-178
1747908361179.312,244096,1747908361160.375,-41,-16,-170
1747908361199.156,244524,1747908361180.219,-40,-36,-177
1747908361219.0,244863,1747908361200.063,-24,-42,-173
1747908361238.844,245152,1747908361219.969,-10,-37,-178
1747908361258.719,245445,1747908361239.75,-13,-42,-185
1747908361278.594,245721,1747908361259.625,-15,-42,-185
1747908361298.406,245999,1747908361279.5,-13,-44,-177
1747908361318.281,246207,1747908361299.375,12,-47,-178
1747908361338.156,246343,1747908361319.187,22,-29,-185
1747908361358.0,246450,1747908361339.063,0,-23,-185
1747908361377.844,246561,1747908361358.906,-20,-23,-185
1747908361397.688,246701,1747908361378.812,-37,-26,-177
1747908361417.562,246868,1747908361398.594,-49,-20,-160
1747908361437.437,247076,1747908361418.469,-64,-28,-160
1747908361457.25,247224,1747908361438.344,-66,-24,-157
1747908361477.125,247351,1747908361458.219,-74,-18,-136
1747908361497.0,247371,1747908361478.0,-74,-16,-137
1747908361516.844,247279,1747908361497.937,-77,-10,-121
1747908361536.688,246912,1747908361517.844,-72,-6,-97
1747908361556.563,246434,1747908361537.625,-71,6,-89
1747908361576.406,245972,1747908361557.406,-89,20,-68
1747908361596.281,245562,1747908361577.312,-112,24,-73
1747908361616.094,245052,1747908361597.219,-131,28,-74
1747908361635.969,244361,1747908361617.063,-144,40,-77
1747908361655.844,243639,1747908361636.875,-144,47,-73
1747908361675.687,243157,1747908361656.75,-184,73,-81
1747908361695.5,242755,1747908361676.625,-193,102,-81
1747908361715.375,242384,1747908361696.438,-186,127,-87
1747908361735.313,241963,1747908361716.281,-192,140,-89
1747908361755.094,241527,1747908361736.156,-190,135,-98
1747908361774.937,241083,1747908361756.031,-185,129,-86
1747908361794.812,240645,1747908361775.906,-177,118,-74
1747908361814.656,240219,1747908361795.688,-162,112,-79
1747908361834.531,239806,1747908361815.562,-161,102,-73
1747908361854.344,239445,1747908361835.469,-154,94,-64
1747908361874.219,239095,1747908361855.281,-138,89,-64
1747908361894.063,238857,1747908361875.125,-128,86,-58
1747908361913.938,238719,1747908361894.969,-136,89,-57
1747908361933.75,238770,1747908361914.844,-144,83,-73
1747908361953.625,239096,1747908361934.687,-165,63,-113
1747908361973.5,239591,1747908361954.531,-169,39,-121
1747908361993.344,240206,1747908361974.406,-132,25,-121
1747908362013.188,240760,1747908361994.219,-100,17,-113
1747908362033.0,241186,1747908362014.125,-57,15,-128
1747908362052.875,241531,1747908362033.906,-42,22,-147
1747908362072.75,241907,1747908362053.813,-40,23,-161
1747908362092.563,242250,1747908362073.656,-45,14,-160
1747908362112.437,242549,1747908362093.5,-28,9,-177
1747908362132.281,242830,1747908362113.344,-29,0,-174
1747908362152.156,243018,1747908362133.188,-28,-16,-185
1747908362171.969,243146,1747908362153.094,-29,-26,-178
1747908362191.813,243218,1747908362172.906,-36,-29,-177
1747908362211.687,243294,1747908362192.719,-20,-30,-177
1747908362231.562,243457,1747908362212.625,-25,-29,-170
1747908362251.375,243598,1747908362232.469,-25,-32,-169
1747908362271.25,243805,1747908362252.313,-4,-31,-164
1747908362291.094,244041,1747908362272.156,-23,-21,-160
1747908362310.937,244321,1747908362292.0,-32,-18,-160
1747908362330.781,244664,1747908362311.875,-41,-7,-157
1747908362350.656,244988,1747908362331.719,-45,-13,-153
1747908362370.5,245318,1747908362351.562,-49,-8,-157
1747908362390.375,245578,1747908362371.437,-72,3,-144
1747908362410.187,245746,1747908362391.281,-72,7,-153
1747908362430.063,245915,1747908362411.156,-81,24,-159
1747908362449.906,246022,1747908362431.0,-81,22,-140
1747908362469.781,246074,1747908362450.812,-92,25,-121
1747908362489.625,245986,1747908362470.719,-97,23,-129
1747908362509.5,245792,1747908362490.563,-93,40,-109
1747908362529.375,245584,1747908362510.406,-111,49,-100
1747908362549.219,245392,1747908362530.281,-112,71,-89
1747908362569.062,245245,1747908362550.125,-104,76,-64
1747908362588.906,245099,1747908362570.0,-109,76,-64
1747908362608.813,244982,1747908362589.875,-125,88,-64
1747908362628.656,244947,1747908362609.688,-156,87,-61
1747908362648.5,244923,1747908362629.594,-202,62,-64
1747908362668.375,244988,1747908362649.437,-242,52,-64
1747908362688.25,245105,1747908362669.281,-276,69,-95
1747908362708.156,245195,1747908362689.156,-246,96,-113
1747908362727.969,245265,1747908362709.031,-208,112,-96
1747908362747.812,245246,1747908362728.906,-164,124,-89
1747908362767.688,245178,1747908362748.719,-129,134,-79
1747908362787.563,245151,1747908362768.594,-119,116,-81
1747908362807.375,245141,1747908362788.5,-109,108,-85
1747908362827.25,245195,1747908362808.344,-85,110,-84
1747908362847.188,245255,1747908362828.156,-80,88,-81
1747908362866.969,245332,1747908362848.125,-71,83,-77
1747908362886.813,245388,1747908362867.875,-73,72,-92
1747908362906.656,245513,1747908362887.75,-92,59,-108
1747908362926.531,245695,1747908362907.562,-87,46,-113
1747908362946.406,245921,1747908362927.438,-73,30,-116
1747908362966.25,246059,1747908362947.313,-65,15,-128
1747908362986.094,246215,1747908362967.187,-72,11,-128
1747908363006.0,246328,1747908362987.031,-68,3,-128
1747908363025.969,246597,1747908363006.906,-52,8,-145
1747908363045.688,247012,1747908363026.875,-36,-9,-128
1747908363065.562,247540,1747908363046.656,-42,-24,-154
1747908363085.469,248068,1747908363066.469,-40,-36,-153
1747908363105.313,248503,1747908363086.344,-33,-37,-157
1747908363125.156,248867,1747908363106.219,-18,-40,-164
1747908363145.0,249124,1747908363126.094,-25,-37,-178
1747908363164.875,249234,1747908363145.906,-16,-34,-192
1747908363184.75,249300,1747908363165.781,-18,-20,-192
1747908363204.563,249430,1747908363185.688,-15,-16,-192
1747908363224.438,249607,1747908363205.5308,-26,-16,-197
1747908363244.312,249788,1747908363225.375,-31,-4,-178
1747908363264.187,249945,1747908363245.25,-40,3,-173
1747908363284.031,250044,1747908363265.125,-53,-8,-172
1747908363303.906,250137,1747908363284.969,-68,-12,-177
1747908363323.75,250223,1747908363304.812,-72,-1,-193
1747908363343.656,250237,1747908363324.719,-89,-7,-169
1747908363363.469,250208,1747908363344.563,-105,-1,-153
1747908363383.344,250180,1747908363364.406,-96,12,-137
1747908363403.219,250208,1747908363384.25,-101,24,-121
1747908363423.094,250253,1747908363404.125,-98,32,-113
1747908363442.938,250225,1747908363424.0,-104,31,-89
1747908363462.938,249902,1747908363443.875,-100,35,-63
1747908363482.656,249311,1747908363463.844,-125,48,-49
1747908363502.531,248692,1747908363483.594,-109,64,-41
1747908363522.375,248054,1747908363503.469,-132,63,-42
1747908363542.219,247486,1747908363523.313,-153,63,-50
1747908363562.125,246964,1747908363543.125,-197,63,-65
1747908363581.969,246513,1747908363563.031,-215,59,-73
1747908363601.8118,246058,1747908363582.906,-241,49,-81
1747908363621.688,245639,1747908363602.75,-245,40,-88
1747908363641.531,245184,1747908363622.5942,-229,54,-93
1747908363661.406,244744,1747908363642.469,-209,76,-105
1747908363681.25,244278,1747908363662.344,-216,90,-97
1747908363701.125,243771,1747908363682.188,-194,110,-105
1747908363721.0,243373,1747908363702.031,-161,118,-80
1747908363740.875,242939,1747908363721.937,-136,108,-64
1747908363760.812,242454,1747908363741.781,-124,103,-82
1747908363780.562,241949,1747908363761.719,-139,95,-89
1747908363800.438,241452,1747908363781.469,-101,76,-97
1747908363820.281,241037,1747908363801.344,-103,56,-93
1747908363840.156,240816,1747908363821.187,-101,40,-98
1747908363860.031,240859,1747908363841.094,-82,35,-104
1747908363879.938,241090,1747908363860.938,-60,17,-89
1747908363899.719,241431,1747908363880.781,-64,7,-96
1747908363919.562,241874,1747908363900.656,-47,2,-113
1747908363939.437,242339,1747908363920.5,-36,-13,-116
1747908363959.313,242750,1747908363940.375,-32,-16,-125
1747908363979.156,243147,1747908363960.219,-17,-12,-141
1747908363999.0,243546,1747908363980.094,-13,-4,-162
1747908364018.875,243972,1747908363999.937,-25,-4,-210
1747908364038.719,244402,1747908364019.781,-16,-16,-224
1747908364058.594,244576,1747908364039.656,16,-24,-225
1747908364078.406,244361,1747908364059.5,27,-15,-209
1747908364098.281,243790,1747908364079.312,44,-12,-208
1747908364118.156,243051,1747908364099.156,40,-4,-202
1747908364138.0,242337,1747908364119.063,28,20,-205
1747908364157.875,241632,1747908364138.937,22,14,-196
1747908364177.7192,241030,1747908364158.812,31,3,-177
1747908364197.594,240533,1747908364178.625,14,-1,-164
1747908364217.438,240115,1747908364198.531,-12,-13,-154
1747908364237.281,239738,1747908364218.406,-17,-1,-154
1747908364257.156,239341,1747908364238.219,-28,-8,-145
1747908364277.125,238731,1747908364258.094,-24,-10,-146
1747908364296.875,237741,1747908364277.969,-33,-15,-128
1747908364316.719,236503,1747908364297.875,-57,-16,-145
1747908364336.563,235317,1747908364317.656,-72,-7,-128
1747908364356.437,234413,1747908364337.437,-84,-4,-125
1747908364376.281,233749,1747908364357.344,-85,7,-106
1747908364396.094,233148,1747908364377.188,-88,31,-114
1747908364415.969,232687,1747908364397.125,-93,47,-122
1747908364435.844,232586,1747908364416.906,-116,68,-145
1747908364455.687,232561,1747908364436.75,-161,84,-150
1747908364475.5,232581,1747908364456.594,-160,112,-146
1747908364495.375,232596,1747908364476.438,-151,120,-125
1747908364515.219,232665,1747908364496.281,-133,123,-100
1747908364535.094,232763,1747908364516.125,-145,127,-111
1747908364554.875,232850,1747908364536.0,-165,132,-114
1747908364574.75,232959,1747908364555.844,-169,142,-121
1747908364594.594,233089,1747908364575.656,-148,137,-110
1747908364614.5,233177,1747908364595.531,-143,124,-100
1747908364634.281,233270,1747908364615.344,-120,128,-72
1747908364654.125,233342,1747908364635.187,-120,124,-97
1747908364673.969,233467,1747908364655.063,-121,112,-102
1747908364693.813,233556,1747908364674.875,-132,116,-112
1747908364713.656,233705,1747908364694.75,-111,120,-128
1747908364733.5,233803,1747908364714.625,-112,112,-122
1747908364753.344,233650,1747908364734.438,-96,96,-108
1747908364773.219,233363,1747908364754.25,-90,79,-102
1747908364793.031,233026,1747908364774.125,-80,75,-122
1747908364812.906,232732,1747908364793.969,-73,78,-138
1747908364832.812,232535,1747908364813.812,-53,56,-128
1747908364852.594,232478,1747908364833.719,-60,35,-141
1747908364872.406,232603,1747908364853.5,-46,12,-152
1747908364892.25,232912,1747908364873.375,-45,-1,-161
1747908364912.0942,233380,1747908364893.219,-25,-17,-152
1747908364931.969,233979,1747908364913.0,-1,-13,-160
1747908364951.813,234609,1747908364932.875,9,-13,-160
1747908364971.656,235282,1747908364952.719,19,-8,-193
1747908364991.5,236041,1747908364972.594,38,6,-177
1747908365011.375,236900,1747908364992.406,47,0,-177
1747908365031.25,237657,1747908365012.281,59,6,-186
1747908365051.063,238308,1747908365032.156,60,9,-192
1747908365070.938,238854,1747908365052.031,60,19,-202
1747908365090.812,239369,1747908365071.844,44,19,-192
1747908365110.656,239813,1747908365091.719,33,15,-201
1747908365130.5,240151,1747908365111.563,19,1,-205
1747908365150.375,240390,1747908365131.438,4,15,-211
1747908365170.281,240545,1747908365151.281,8,12,-201
1747908365190.062,240681,1747908365171.187,0,9,-192
1747908365209.906,240761,1747908365190.969,-7,12,-176
1747908365229.781,240738,1747908365210.875,-20,20,-162
1747908365249.625,240585,1747908365230.687,-21,54,-146
1747908365269.5,240348,1747908365250.531,-29,31,-125
1747908365289.375,240057,1747908365270.406,-48,43,-109
1747908365309.188,239636,1747908365290.25,-53,47,-97
1747908365329.063,239126,1747908365310.0942,-68,63,-81
1747908365348.906,238507,1747908365330.0,-97,70,-64
1747908365368.75,237910,1747908365349.812,-144,71,-89
1747908365388.625,237337,1747908365369.688,-189,69,-97
1747908365408.531,236767,1747908365389.531,-212,67,-95
1747908365428.375,236213,1747908365409.469,-240,65,-91
1747908365448.187,235701,1747908365429.281,-244,65,-89
1747908365468.062,235232,1747908365449.125,-225,77,-84
1747908365487.906,234772,1747908365468.9382,-206,87,-83
1747908365507.812,234362,1747908365488.812,-196,101,-89
1747908365527.656,234049,1747908365508.719,-185,112,-89
1747908365547.5,233768,1747908365528.563,-177,112,-72
1747908365567.344,233579,1747908365548.375,-165,109,-76
1747908365587.219,233420,1747908365568.219,-146,100,-81
1747908365607.094,233355,1747908365588.156,-144,90,-76
1747908365626.937,233421,1747908365608.031,-153,68,-81
1747908365646.781,233625,1747908365627.844,-193,52,-104
1747908365666.656,233918,1747908365647.75,-223,30,-124
1747908365686.5,234342,1747908365667.562,-153,43,-105
1747908365706.375,234768,1747908365687.406,-74,57,-80
1747908365726.219,235218,1747908365707.219,-24,49,-77
1747908365746.094,235546,1747908365727.125,-16,35,-90
1747908365765.938,235880,1747908365747.094,-7,36,-121
1747908365785.812,236271,1747908365766.875,24,33,-154
1747908365805.656,236565,1747908365786.688,67,24,-169
1747908365825.5,236837,1747908365806.594,92,11,-160
1747908365845.438,237114,1747908365826.406,99,12,-160
1747908365865.25,237536,1747908365846.344,70,19,-202
1747908365885.125,237970,1747908365866.156,20,13,-221
1747908365904.969,238422,1747908365886.031,-3,1,-222
1747908365924.813,238797,1747908365905.906,-33,0,-209
1747908365944.687,239158,1747908365925.75,-29,3,-201
1747908365964.562,239419,1747908365945.5618,-40,-20,-208
1747908365984.375,239620,1747908365965.5,-57,-16,-209
1747908366004.25,239808,1747908365985.344,-26,-16,-209
1747908366024.125,239978,1747908366005.187,3,-10,-192
1747908366043.969,240170,1747908366025.062,-8,-13,-193
1747908366063.781,240297,1747908366044.844,-16,1,-185
1747908366083.625,240396,1747908366064.719,-24,9,-185
1747908366103.5,240465,1747908366084.594,-29,20,-168
1747908366123.344,240569,1747908366104.406,-32,23,-145
1747908366143.219,240621,1747908366124.281,-36,25,-128
1747908366163.031,240624,1747908366144.094,-31,36,-121
1747908366182.875,240581,1747908366164.0,-49,44,-113
1747908366202.719,240498,1747908366183.781,-82,48,-96
1747908366222.562,240374,1747908366203.656,-90,48,-96
1747908366242.375,240185,1747908366223.5,-119,47,-89
1747908366262.219,239940,1747908366243.313,-153,54,-89
1747908366282.094,239609,1747908366263.125,-152,51,-81
1747908366301.938,239296,1747908366283.031,-157,60,-64
1747908366321.75,238967,1747908366302.844,-162,78,-64
1747908366341.625,238656,1747908366322.687,-184,78,-59
1747908366361.5,238500,1747908366342.531,-199,92,-64
1747908366381.375,238380,1747908366362.406,-209,100,-63
1747908366401.187,238375,1747908366382.281,-204,112,-57
1747908366421.031,238395,1747908366402.125,-178,126,-53
1747908366440.906,238446,1747908366421.969,-176,127,-58
1747908366460.75,238457,1747908366441.813,-168,131,-64
1747908366480.563,238499,1747908366461.656,-160,123,-77
1747908366500.437,238547,1747908366481.531,-151,118,-74
1747908366520.312,238631,1747908366501.344,-150,107,-74
1747908366540.125,238751,1747908366521.25,-132,94,-84
1747908366559.938,238927,1747908366541.0308,-128,76,-96
1747908366579.813,239091,1747908366560.875,-113,68,-113
1747908366599.656,239423,1747908366580.719,-113,48,-116
1747908366619.5,239762,1747908366600.531,-92,33,-113
1747908366639.438,240185,1747908366620.406,-84,28,-114
1747908366659.156,240593,1747908366640.25,-81,3,-137
1747908366679.0,240994,1747908366660.094,-89,-2,-153
1747908366698.844,241376,1747908366679.906,-81,-2,-165
1747908366718.687,241750,1747908366699.75,-66,-9,-154
1747908366738.5,242037,1747908366719.594,-53,-13,-157
1747908366758.344,242297,1747908366739.438,-37,-17,-162
1747908366778.188,242581,1747908366759.25,-29,-10,-186
1747908366798.031,242900,1747908366779.125,-36,-21,-185
1747908366817.844,243235,1747908366798.969,-18,-24,-189
1747908366837.719,243544,1747908366818.781,1,-26,-189
1747908366857.563,243761,1747908366838.594,14,-26,-189
1747908366877.437,243897,1747908366858.5,9,-16,-185
1747908366897.25,243925,1747908366878.312,7,0,-184
1747908366917.094,243861,1747908366898.219,6,-1,-185
1747908366936.938,243761,1747908366918.0,12,9,-180
1747908366956.875,243688,1747908366937.844,6,12,-177
1747908366976.625,243635,1747908366957.781,-20,12,-182
1747908366996.469,243639,1747908366977.562,-29,13,-185
1747908367016.313,243700,1747908366997.375,-45,7,-177
1747908367036.188,243772,1747908367017.219,-61,3,-179
1747908367056.031,243838,1747908367037.0942,-66,-2,-177
1747908367075.875,243825,1747908367056.969,-66,3,-161
1747908367095.75,243659,1747908367076.813,-60,12,-137
1747908367115.594,243361,1747908367096.656,-64,17,-116
1747908367135.406,242970,1747908367116.5,-80,33,-105
1747908367155.281,242509,1747908367136.375,-97,48,-98
1747908367175.156,242106,1747908367156.219,-111,64,-89
1747908367195.0,241801,1747908367176.031,-138,76,-89
1747908367214.844,241475,1747908367195.875,-149,83,-93
1747908367234.656,241174,1747908367215.75,-173,86,-80
1747908367254.531,240892,1747908367235.625,-179,94,-64
1747908367274.375,240658,1747908367255.438,-178,102,-64
1747908367294.281,240511,1747908367275.281,-194,112,-73
1747908367314.031,240427,1747908367295.219,-186,119,-64
1747908367333.906,240405,1747908367315.0,-178,121,-66
1747908367353.781,240446,1747908367334.812,-153,124,-64
1747908367373.625,240530,1747908367354.688,-132,118,-64
1747908367393.469,240556,1747908367374.531,-136,120,-81
1747908367413.313,240517,1747908367394.406,-132,115,-81
1747908367433.187,240450,1747908367414.219,-114,103,-82
1747908367453.031,240336,1747908367434.125,-120,101,-83
1747908367472.875,240234,1747908367453.938,-101,92,-96
1747908367492.719,240138,1747908367473.813,-90,72,-98
1747908367512.594,240093,1747908367493.625,-88,68,-114
1747908367532.469,240098,1747908367513.5,-75,62,-127
1747908367552.281,240208,1747908367533.375,-68,54,-125
1747908367572.156,240579,1747908367553.219,-60,40,-138
1747908367592.0,241202,1747908367573.062,-50,30,-159
1747908367611.875,241910,1747908367592.937,-48,8,-170
1747908367631.687,242507,1747908367612.781,-53,-10,-168
1747908367651.531,242978,1747908367632.625,-36,-18,-177
1747908367671.406,243420,1747908367652.438,-25,-9,-185
1747908367691.25,243768,1747908367672.312,-13,-21,-192
1747908367711.094,244122,1747908367692.156,-10,-25,-192
1747908367730.937,244469,1747908367712.031,-2,-23,-198
1747908367750.813,244767,1747908367731.844,3,-18,-217
1747908367770.688,245064,1747908367751.75,-2,-13,-217
1747908367790.5,245318,1747908367771.719,7,-7,-217
1747908367810.375,245509,1747908367791.437,-2,-2,-217
1747908367830.219,245602,1747908367811.281,-8,-2,-217
1747908367850.094,245651,1747908367831.156,-17,0,-216
1747908367869.937,245623,1747908367851.031,-16,1,-202
1747908367889.781,245521,1747908367870.875,-16,3,-186
1747908367909.656,245356,1747908367890.719,-9,7,-180
1747908367929.531,245120,1747908367910.594,-10,11,-166
1747908367949.344,244811,1747908367930.437,3,6,-154
1747908367969.219,244595,1747908367950.312,-8,28,-141
1747908367989.062,244390,1747908367970.125,-24,33,-121
1747908368008.906,244132,1747908367989.969,-40,32,-113
1747908368028.75,243761,1747908368009.813,-47,39,-105
1747908368048.594,243278,1747908368029.719,-49,56,-81
1747908368068.469,242724,1747908368049.5,-63,63,-60
1747908368088.344,242134,1747908368069.406,-87,68,-58
1747908368108.156,241512,1747908368089.25,-148,60,-80
1747908368128.031,241010,1747908368109.1868,-204,49,-108
1747908368147.906,240641,1747908368128.969,-223,56,-100
1747908368167.75,240320,1747908368148.813,-217,59,-81
1747908368187.594,240060,1747908368168.656,-224,52,-64
1747908368207.531,239870,1747908368188.531,-217,72,-57
1747908368227.312,239728,1747908368208.437,-205,92,-64
1747908368247.187,239603,1747908368228.25,-209,112,-76
1747908368267.031,239517,1747908368248.125,-201,118,-72
1747908368286.875,239451,1747908368268.0,-167,124,-64
1747908368306.75,239346,1747908368287.75,-153,115,-57
1747908368326.687,239269,1747908368307.656,-152,97,-64
1747908368346.406,239191,1747908368327.531,-152,71,-82
1747908368366.281,239167,1747908368347.344,-129,63,-96
1747908368386.125,239233,1747908368367.188,-116,62,-100
1747908368406.0,239391,1747908368387.031,-95,47,-119
1747908368425.844,239648,1747908368406.906,-82,39,-118
1747908368445.656,240036,1747908368426.781,-65,39,-128
1747908368465.563,240507,1747908368446.594,-72,28,-128
1747908368485.406,241066,1747908368466.437,-58,14,-157
1747908368505.187,241686,1747908368486.312,-52,4,-165
1747908368525.062,242320,1747908368506.125,-36,3,-162
1747908368544.906,242954,1747908368526.0,-23,1,-164
1747908368564.781,243563,1747908368545.844,-16,3,-177
1747908368584.625,244103,1747908368565.656,-13,4,-185
1747908368604.469,244575,1747908368585.531,-1,7,-192
1747908368624.344,244991,1747908368605.406,-17,-2,-200
1747908368644.219,245326,1747908368625.281,12,-1,-204
1747908368664.062,245631,1747908368645.156,15,4,-206
1747908368683.906,245880,1747908368665.0,19,8,-205
1747908368703.781,246135,1747908368684.844,22,17,-192
1747908368723.625,246289,1747908368704.688,24,15,-192
1747908368743.469,246364,1747908368724.531,15,8,-209
1747908368763.344,246388,1747908368744.406,14,12,-192
1747908368783.187,246393,1747908368764.281,1,7,-190
1747908368803.031,246369,1747908368784.063,-2,15,-185
1747908368822.906,246380,1747908368803.969,-9,18,-161
1747908368842.75,246375,1747908368823.812,-10,20,-160
1747908368862.594,246326,1747908368843.656,-15,23,-159
1747908368882.469,246303,1747908368863.5,-41,19,-157
1747908368902.313,246288,1747908368883.375,-61,20,-148
1747908368922.156,246193,1747908368903.219,-64,35,-128
1747908368942.031,246033,1747908368923.062,-66,28,-125
1747908368961.875,245857,1747908368942.906,-65,26,-113
1747908368981.719,245629,1747908368962.813,-106,40,-112
1747908369001.563,245243,1747908368982.625,-125,39,-113
1747908369021.406,244774,1747908369002.5,-147,59,-105
1747908369041.281,244267,1747908369022.312,-157,49,-95
1747908369061.125,243840,1747908369042.156,-170,64,-77
1747908369080.969,243592,1747908369062.031,-185,71,-65
1747908369100.813,243374,1747908369081.906,-185,86,-81
1747908369120.656,243172,1747908369101.719,-200,108,-81
1747908369140.531,242988,1747908369121.562,-184,118,-82
1747908369160.344,242853,1747908369141.438,-177,124,-64
1747908369180.188,242744,1747908369161.313,-160,127,-64
1747908369200.063,242628,1747908369181.094,-140,126,-73
1747908369219.906,242544,1747908369200.969,-149,119,-85
1747908369239.719,242500,1747908369220.844,-144,110,-102
1747908369259.563,242424,1747908369240.625,-125,105,-93
1747908369279.438,242356,1747908369260.469,-114,88,-89
1747908369299.312,242375,1747908369280.375,-89,71,-104
1747908369319.125,242441,1747908369300.219,-97,67,-119
1747908369339.0,242701,1747908369320.0632,-88,63,-125
1747908369358.875,243097,1747908369339.906,-81,55,-128
1747908369378.719,243569,1747908369359.781,-61,35,-126
1747908369398.562,244056,1747908369379.625,-49,30,-128
1747908369418.406,244587,1747908369399.5,-32,12,-144
1747908369438.281,245075,1747908369419.344,-24,9,-162
1747908369458.125,245494,1747908369439.188,-18,-7,-169
1747908369477.969,245870,1747908369459.031,-8,-17,-173
1747908369497.844,246209,1747908369478.906,3,-16,-169
1747908369517.688,246492,1747908369498.719,7,-23,-177
1747908369537.531,246766,1747908369518.656,3,-25,-192
1747908369557.375,247056,1747908369538.469,12,-24,-190
1747908369577.219,247324,1747908369558.281,12,-14,-189
1747908369597.094,247558,1747908369578.125,9,-1,-209
1747908369616.969,247791,1747908369598.0,0,-8,-209
1747908369636.781,247971,1747908369617.906,0,1,-201
1747908369656.625,248098,1747908369637.719,12,1,-200
1747908369676.469,248166,1747908369657.562,12,7,-192
1747908369696.344,248182,1747908369677.375,3,23,-192
1747908369716.156,248125,1747908369697.219,-4,14,-192
1747908369735.969,248100,1747908369717.094,-11,16,-186
1747908369755.8442,248092,1747908369736.937,-28,14,-176
1747908369775.719,248143,1747908369756.75,-34,22,-157
1747908369795.531,248199,1747908369776.625,-52,25,-146
1747908369815.375,248177,1747908369796.469,-77,15,-144
1747908369835.25,248112,1747908369816.312,-88,23,-140
1747908369855.062,247900,1747908369836.125,-103,31,-127
1747908369874.937,247504,1747908369855.969,-109,39,-113
1747908369894.781,246998,1747908369875.844,-116,44,-96
1747908369914.625,246439,1747908369895.719,-129,54,-89
1747908369934.469,245945,1747908369915.531,-151,71,-89
1747908369954.344,245532,1747908369935.375,-164,76,-81
1747908369974.125,245250,1747908369955.281,-165,86,-72
1747908369994.0,245016,1747908369975.094,-166,105,-64
1747908370013.844,244836,1747908369994.906,-170,118,-57
1747908370033.719,244695,1747908370014.781,-177,127,-61
1747908370053.531,244577,1747908370034.625,-152,134,-64
1747908370073.406,244482,1747908370054.469,-153,131,-64
1747908370093.25,244402,1747908370074.313,-141,120,-66
1747908370113.125,244315,1747908370094.187,-127,123,-72
1747908370132.906,244245,1747908370114.031,-120,115,-75
1747908370152.75,244228,1747908370133.812,-116,112,-89
1747908370172.625,244232,1747908370153.656,-114,101,-100
1747908370192.469,244224,1747908370173.563,-113,90,-105
1747908370212.281,244234,1747908370193.375,-105,76,-114
1747908370232.156,244333,1747908370213.25,-105,60,-121
1747908370252.0,244622,1747908370233.063,-108,46,-145
1747908370271.844,245017,1747908370252.906,-105,32,-149
1747908370291.656,245459,1747908370272.781,-95,19,-152
1747908370311.531,245871,1747908370292.594,-77,2,-148
1747908370331.375,246265,1747908370312.437,-48,-9,-157
1747908370351.219,246623,1747908370332.313,-36,-16,-168
1747908370371.094,246945,1747908370352.125,-38,-33,-160
1747908370390.938,247234,1747908370372.0,-25,-31,-177
1747908370410.781,247528,1747908370391.812,-4,-34,-168
1747908370430.625,247827,1747908370411.656,8,-36,-176
1747908370450.469,248083,1747908370431.5,12,-32,-189
1747908370470.313,248348,1747908370451.406,12,-23,-192
1747908370490.125,248626,1747908370471.25,15,-17,-201
1747908370510.0,248888,1747908370491.062,7,-11,-205
1747908370529.844,249143,1747908370510.906,-4,-8,-210
1747908370549.656,249319,1747908370530.75,-4,-6,-206
1747908370569.594,249509,1747908370550.563,-7,1,-203
1747908370589.375,249633,1747908370570.5,-8,6,-192
1747908370609.219,249710,1747908370590.281,-17,13,-192
1747908370629.062,249786,1747908370610.156,-13,15,-185
1747908370648.906,249798,1747908370630.031,-17,8,-177
1747908370668.75,249699,1747908370649.812,-33,9,-155
1747908370688.625,249469,1747908370669.687,-36,15,-138
1747908370708.437,249231,1747908370689.531,-52,32,-128
1747908370728.313,249041,1747908370709.375,-61,33,-128
1747908370748.156,248853,1747908370729.219,-80,39,-123
1747908370768.0308,248503,1747908370749.094,-84,46,-96
1747908370787.875,247947,1747908370768.937,-97,57,-93
1747908370807.719,247334,1747908370788.8132,-116,63,-89
1747908370827.594,246714,1747908370808.688,-144,59,-84
1747908370847.438,246158,1747908370828.5,-160,67,-81
1747908370867.281,245650,1747908370848.344,-183,83,-72
1747908370887.125,245241,1747908370868.219,-196,96,-73
1747908370907.0,244921,1747908370888.063,-193,112,-72
1747908370926.844,244668,1747908370907.906,-176,126,-62
1747908370946.656,244426,1747908370927.75,-173,140,-54
1747908370966.531,244195,1747908370947.594,-177,142,-54
1747908370986.375,243971,1747908370967.438,-161,140,-61
1747908371006.219,243783,1747908370987.281,-145,143,-63
1747908371026.156,243553,1747908371007.125,-143,140,-64
1747908371045.906,243290,1747908371027.0,-136,131,-82
1747908371065.781,243071,1747908371046.844,-121,118,-89
1747908371085.625,242930,1747908371066.719,-128,95,-109
1747908371105.469,242927,1747908371086.531,-116,79,-112
1747908371125.313,243094,1747908371106.406,-113,57,-122
1747908371145.156,243494,1747908371126.25,-80,40,-118
1747908371165.031,243953,1747908371146.125,-64,27,-128
1747908371184.875,244409,1747908371165.938,-65,19,-141
1747908371204.688,244904,1747908371185.781,-60,15,-153
1747908371224.531,245383,1747908371205.625,-42,11,-161
1747908371244.5,245854,1747908371225.437,-31,4,-159
1747908371264.25,246292,1747908371245.406,-31,-9,-173
1747908371284.063,246674,1747908371265.156,-9,-10,-185
1747908371303.906,247019,1747908371284.969,-8,-9,-192
1747908371323.781,247347,1747908371304.812,3,-12,-192
1747908371343.625,247627,1747908371324.687,0,-12,-188
1747908371363.437,247892,1747908371344.531,15,-16,-189
1747908371383.281,248204,1747908371364.375,22,-16,-196
1747908371403.156,248463,1747908371384.187,25,-7,-201
1747908371423.031,248727,1747908371404.062,16,3,-209
1747908371442.812,248981,1747908371423.938,17,8,-192
1747908371462.688,249173,1747908371443.781,8,11,-192
1747908371482.5,249374,1747908371463.594,7,7,-192
1747908371502.375,249582,1747908371483.437,12,3,-192
1747908371522.219,249723,1747908371503.281,25,5,-190
1747908371542.031,249812,1747908371523.125,19,15,-185
1747908371561.906,249816,1747908371542.969,3,15,-177
1747908371581.75,249764,1747908371562.813,-6,22,-159
1747908371601.562,249564,1747908371582.687,-25,22,-143
1747908371621.437,249206,1747908371602.5,-21,24,-128
1747908371641.281,248741,1747908371622.344,-42,40,-125
1747908371661.125,248279,1747908371642.219,-56,50,-128
1747908371680.969,247873,1747908371662.031,-95,49,-141
1747908371700.812,247522,1747908371681.906,-109,62,-126
1747908371720.656,247163,1747908371701.719,-114,91,-121
1747908371740.5,246744,1747908371721.563,-121,78,-105
1747908371760.375,246376,1747908371741.406,-130,86,-103
1747908371780.188,246082,1747908371761.281,-137,92,-105
1747908371800.031,245877,1747908371781.125,-153,103,-96
1747908371819.906,245741,1747908371800.969,-178,111,-86
1747908371839.75,245727,1747908371820.813,-164,120,-80
1747908371859.594,245736,1747908371840.625,-160,127,-74
1747908371879.406,245756,1747908371860.531,-167,137,-64
1747908371899.281,245766,1747908371880.312,-150,135,-73
1747908371919.156,245700,1747908371900.219,-149,134,-74
1747908371939.0,245583,1747908371920.031,-128,126,-80
1747908371958.875,245408,1747908371939.9058,-132,124,-80
1747908371978.75,245195,1747908371959.812,-132,112,-81
1747908371998.594,244938,1747908371979.625,-108,99,-96
1747908372018.438,244700,1747908371999.5,-111,88,-105
1747908372038.281,244533,1747908372019.375,-120,73,-121
1747908372058.156,244468,1747908372039.187,-97,70,-121
1747908372078.031,244583,1747908372059.094,-79,52,-137
1747908372097.844,244815,1747908372078.938,-66,43,-145
1747908372117.719,245147,1747908372098.781,-51,36,-136
1747908372137.594,245522,1747908372118.625,-40,30,-154
1747908372157.437,245842,1747908372138.5,-29,24,-144
1747908372177.25,245999,1747908372158.313,-12,15,-160
1747908372197.125,246112,1747908372178.188,-2,10,-177
1747908372217.0,246253,1747908372198.062,-8,6,-177
1747908372236.875,246434,1747908372217.937,-1,0,-185
1747908372256.813,246647,1747908372237.781,1,-12,-192
1747908372276.563,246866,1747908372257.719,14,-8,-205
1747908372296.438,247045,1747908372277.469,15,-9,-209
1747908372316.312,247200,1747908372297.344,14,-4,-209
1747908372336.125,247211,1747908372317.187,15,0,-208
1747908372356.0,247135,1747908372337.094,4,7,-201
1747908372375.938,247060,1747908372356.906,6,13,-201
1747908372395.719,246984,1747908372376.781,4,7,-196
1747908372415.562,246932,1747908372396.625,16,3,-192
1747908372435.406,246910,1747908372416.5,2,11,-185
1747908372455.281,246866,1747908372436.313,3,15,-179
1747908372475.156,246745,1747908372456.187,-4,22,-157
1747908372494.969,246590,1747908372476.031,-13,22,-160
1747908372514.844,246385,1747908372495.938,-36,28,-157
1747908372534.75,246117,1747908372515.75,-49,31,-153
1747908372554.563,245784,1747908372535.656,-58,34,-144
1747908372574.406,245398,1747908372555.469,-64,39,-128
1747908372594.281,244981,1747908372575.344,-72,47,-118
1747908372614.125,244542,1747908372595.219,-81,57,-109
1747908372634.031,244144,1747908372615.031,-104,71,-105
1747908372653.875,243785,1747908372634.937,-117,83,-105
1747908372673.719,243450,1747908372654.781,-129,96,-96
1747908372693.594,243102,1747908372674.656,-148,94,-80
1747908372713.469,242812,1747908372694.531,-168,97,-72
1747908372733.281,242672,1747908372714.375,-177,140,-77
1747908372753.156,242608,1747908372734.1868,-157,131,-77
1747908372773.062,242692,1747908372754.094,-148,142,-82
1747908372792.875,242722,1747908372773.938,-144,139,-71
1747908372812.719,242691,1747908372793.781,-145,143,-96
1747908372832.562,242625,1747908372813.656,-162,147,-113
1747908372852.437,242521,1747908372833.5,-151,136,-117
1747908372872.281,242406,1747908372853.344,-132,131,-104
1747908372892.125,242258,1747908372873.188,-113,112,-98
1747908372912.0,242124,1747908372893.062,-109,99,-105
1747908372931.875,242015,1747908372912.906,-107,97,-113
1747908372951.719,241915,1747908372932.781,-109,84,-113
1747908372971.563,241838,1747908372952.594,-98,62,-110
1747908372991.438,241755,1747908372972.5,-92,55,-113
1747908373011.344,241692,1747908372992.312,-64,49,-125
1747908373031.156,241681,1747908373012.219,-60,44,-144
1747908373050.969,241645,1747908373032.063,-55,37,-150
1747908373070.844,241565,1747908373051.906,-25,35,-153
1747908373090.719,241422,1747908373071.781,-25,24,-164
1747908373110.562,241215,1747908373091.625,-1,12,-164
1747908373130.438,240972,1747908373111.469,-7,19,-153
1747908373150.281,240727,1747908373131.344,10,-4,-160
1747908373170.125,240588,1747908373151.187,-1,-25,-177
1747908373190.0,240464,1747908373171.031,-2,-29,-184
1747908373209.844,240436,1747908373190.906,12,-35,-177
1747908373229.656,240418,1747908373210.781,11,-25,-165
1747908373249.531,240483,1747908373230.594,4,-12,-162
1747908373269.406,240695,1747908373250.469,-9,9,-178
1747908373289.219,241033,1747908373270.312,-18,24,-192
1747908373309.094,241397,1747908373290.188,-9,31,-200
1747908373328.969,241723,1747908373310.031,3,24,-180
1747908373348.813,242106,1747908373329.906,0,16,-177
1747908373368.687,242423,1747908373349.719,-6,9,-183
1747908373388.531,242743,1747908373369.594,-21,14,-192
1747908373408.406,243114,1747908373389.438,-32,19,-192
1747908373428.25,243473,1747908373409.281,-53,33,-185
1747908373448.219,243781,1747908373429.156,-68,32,-177
1747908373467.969,244067,1747908373449.031,-80,33,-169
1747908373487.813,244251,1747908373468.875,-77,51,-157
1747908373507.688,244442,1747908373488.719,-71,54,-145
1747908373527.531,244594,1747908373508.594,-72,66,-120
1747908373547.375,244726,1747908373528.469,-82,76,-105
1747908373567.25,244880,1747908373548.313,-100,82,-98
1747908373587.125,245028,1747908373568.188,-125,84,-93
1747908373606.9692,245181,1747908373588.031,-137,102,-96
1747908373626.812,245320,1747908373607.875,-146,108,-96
1747908373646.687,245491,1747908373627.719,-159,120,-98
1747908373666.563,245631,1747908373647.594,-144,131,-100
1747908373686.375,245714,1747908373667.469,-141,139,-96
1747908373706.25,245815,1747908373687.3118,-132,140,-109
1747908373726.125,245901,1747908373707.156,-122,135,-105
1747908373745.969,245929,1747908373727.031,-95,134,-113
1747908373765.8132,245972,1747908373746.844,-104,115,-113
1747908373785.687,245995,1747908373766.75,-97,104,-117
1747908373805.562,245984,1747908373786.562,-105,87,-125
1747908373825.406,245992,1747908373806.469,-98,78,-127
1747908373845.25,246012,1747908373826.313,-88,71,-121
1747908373865.125,246001,1747908373846.1558,-79,56,-129
1747908373884.969,246060,1747908373866.031,-72,49,-121
1747908373904.812,246150,1747908373885.906,-46,33,-122
1747908373924.656,246233,1747908373905.719,-41,22,-128
1747908373944.531,246274,1747908373925.594,-40,12,-128
1747908373964.375,246322,1747908373945.437,-44,8,-140
1747908373984.219,246413,1747908373965.375,-32,11,-146
1747908374004.062,246515,1747908373985.125,-19,9,-160
1747908374023.906,246670,1747908374005.0,-4,-6,-170
1747908374043.781,246814,1747908374024.812,9,-5,-186
1747908374063.687,246927,1747908374044.656,24,-13,-192
1747908374083.437,247019,1747908374064.594,27,-16,-201
1747908374103.313,247163,1747908374084.375,31,0,-208
1747908374123.156,247312,1747908374104.188,36,16,-241
1747908374143.0,247441,1747908374124.062,31,33,-250
1747908374162.812,247584,1747908374143.906,22,12,-241
1747908374182.687,247616,1747908374163.781,20,14,-233
1747908374202.563,247652,1747908374183.594,13,7,-225
1747908374222.406,247634,1747908374203.438,5,8,-210
1747908374242.25,247668,1747908374223.312,-8,6,-192
1747908374262.094,247757,1747908374243.187,-13,5,-192
1747908374281.938,247852,1747908374263.0,-26,14,-177
1747908374301.781,248108,1747908374282.875,-18,28,-177
1747908374321.625,248438,1747908374302.687,-16,39,-191
1747908374341.5,248659,1747908374322.531,-29,31,-176
1747908374361.344,248691,1747908374342.438,-45,27,-151
1747908374381.188,248456,1747908374362.219,-26,56,-121
1747908374401.031,248086,1747908374382.094,-21,51,-96
1747908374420.875,247736,1747908374401.969,-33,62,-74
1747908374440.719,247453,1747908374421.812,-61,108,-92
1747908374460.562,247257,1747908374441.625,-71,140,-127
1747908374480.406,247104,1747908374461.469,-109,104,-113
1747908374500.219,246903,1747908374481.344,-111,88,-84
1747908374520.094,246623,1747908374501.156,-104,89,-61
1747908374539.969,246428,1747908374521.0,-113,112,-65
1747908374559.813,246307,1747908374540.875,-132,120,-82
1747908374579.625,246154,1747908374560.688,-152,116,-89
1747908374599.469,246003,1747908374580.5308,-156,120,-77
1747908374619.344,245825,1747908374600.406,-148,111,-63
1747908374639.187,245659,1747908374620.25,-141,111,-60
1747908374659.031,245538,1747908374640.094,-132,110,-64
1747908374678.875,245401,1747908374659.938,-143,104,-64
1747908374698.75,245178,1747908374679.781,-132,107,-64
1747908374718.594,244859,1747908374699.656,-113,102,-81
1747908374738.437,244562,1747908374719.5,-108,88,-97
1747908374758.281,244197,1747908374739.375,-97,70,-138
1747908374778.156,243712,1747908374759.219,-85,68,-144
1747908374797.969,243087,1747908374779.031,-77,76,-153
1747908374817.812,242304,1747908374798.906,-64,63,-168
1747908374837.688,241500,1747908374818.75,-55,60,-186
1747908374857.531,240829,1747908374838.594,-45,36,-192
1747908374877.4058,240245,1747908374858.437,-16,32,-201
1747908374897.219,239621,1747908374878.281,4,28,-177
1747908374917.062,238929,1747908374898.156,7,12,-157
1747908374936.938,238290,1747908374917.969,3,9,-148
1747908374956.781,237772,1747908374937.844,3,-3,-154
1747908374976.562,237251,1747908374957.687,12,-9,-173
1747908374996.437,236726,1747908374977.531,9,-10,-192
1747908375016.375,236172,1747908374997.375,14,-1,-192
1747908375036.156,235610,1747908375017.281,12,-2,-201
1747908375056.0,235048,1747908375037.031,6,4,-205
1747908375075.875,234593,1747908375056.937,-4,20,-217
1747908375095.719,234230,1747908375076.813,-13,33,-241
1747908375115.594,233972,1747908375096.625,-48,56,-253
1747908375135.438,233857,1747908375116.5,-49,56,-249
1747908375155.281,233837,1747908375136.375,-57,48,-241
1747908375175.156,233833,1747908375156.219,-47,41,-213
1747908375195.0,233770,1747908375176.063,-37,39,-200
1747908375214.844,233591,1747908375195.938,-34,35,-176
1747908375234.719,233308,1747908375215.781,-28,40,-157
1747908375254.562,233074,1747908375235.656,-16,31,-128
1747908375274.437,232955,1747908375255.5,-31,31,-120
1747908375294.281,232818,1747908375275.344,-26,19,-103
1747908375314.125,232754,1747908375295.219,-31,24,-89
1747908375333.9692,232726,1747908375315.031,-25,29,-80
1747908375353.844,232748,1747908375334.875,-41,49,-89
1747908375373.688,232594,1747908375354.75,-57,71,-81
1747908375393.531,232311,1747908375374.594,-71,78,-90
1747908375413.5,231933,1747908375394.469,-95,103,-103
1747908375433.25,231698,1747908375414.375,-96,118,-117
1747908375453.125,231550,1747908375434.156,-106,113,-132
1747908375472.969,231377,1747908375454.031,-110,112,-125
1747908375492.781,231178,1747908375473.875,-121,102,-117
1747908375512.656,231012,1747908375493.687,-137,108,-113
1747908375532.5,230946,1747908375513.562,-148,108,-112
1747908375552.344,231000,1747908375533.406,-145,107,-113
1747908375572.219,231071,1747908375553.281,-140,103,-100
1747908375592.062,231108,1747908375573.125,-122,108,-95
1747908375611.937,231140,1747908375592.969,-104,105,-96
1747908375631.781,231102,1747908375612.844,-89,103,-97
1747908375651.625,231071,1747908375632.719,-93,100,-113
1747908375671.5,231007,1747908375652.531,-92,92,-116
1747908375691.344,230987,1747908375672.406,-96,80,-128
1747908375711.1868,230990,1747908375692.281,-80,70,-145
1747908375731.063,231183,1747908375712.156,-73,64,-161
1747908375750.906,231433,1747908375731.9692,-77,38,-169
1747908375770.781,231494,1747908375751.937,-57,7,-161
1747908375790.625,231338,1747908375771.687,-18,-1,-135
1747908375810.469,231126,1747908375791.563,-4,16,-153
1747908375830.313,230897,1747908375811.375,15,24,-169
1747908375850.25,230689,1747908375831.187,-1,22,-185
1747908375870.0,230518,1747908375851.219,-5,27,-185
1747908375889.875,230305,1747908375870.938,15,27,-178
1747908375909.719,230102,1747908375890.8132,27,24,-189
1747908375929.563,229899,1747908375910.656,41,19,-192
1747908375949.406,229727,1747908375930.469,32,24,-209
1747908375969.281,229504,1747908375950.375,40,33,-210
1747908375989.156,229264,1747908375970.156,31,35,-218
1747908376008.969,229028,1747908375990.094,11,35,-217
1747908376028.813,228767,1747908376009.875,15,28,-210
1747908376048.625,228486,1747908376029.75,1,20,-200
1747908376068.5,228150,1747908376049.562,9,27,-192
1747908376088.344,227865,1747908376069.406,14,24,-181
1747908376108.188,227541,1747908376089.375,21,28,-170
1747908376128.062,227200,1747908376109.125,4,38,-160
1747908376147.906,226812,1747908376128.969,4,43,-151
1747908376167.75,226499,1747908376148.813,23,57,-128
1747908376187.594,226344,1747908376168.656,7,63,-125
1747908376207.438,226387,1747908376188.531,-33,70,-128
1747908376227.312,226661,1747908376208.344,-49,67,-137
1747908376247.187,226874,1747908376228.25,-74,57,-153
1747908376266.969,226900,1747908376248.094,-93,41,-138
1747908376286.875,226863,1747908376267.938,-111,55,-121
1747908376306.719,226757,1747908376287.781,-109,55,-104
1747908376326.625,226675,1747908376307.625,-116,48,-102
1747908376346.406,226595,1747908376327.469,-114,38,-111
1747908376366.25,226405,1747908376347.344,-111,39,-97
1747908376386.094,226237,1747908376367.188,-128,34,-82
1747908376405.969,226294,1747908376387.0,-164,34,-93
1747908376425.781,226664,1747908376406.875,-184,48,-113
1747908376445.625,227187,1747908376426.719,-173,62,-113
1747908376465.469,227674,1747908376446.563,-175,78,-112
1747908376485.313,228068,1747908376466.375,-159,87,-121
1747908376505.156,228548,1747908376486.219,-157,100,-121
1747908376524.969,228893,1747908376506.094,-145,84,-114
1747908376544.812,229148,1747908376525.906,-148,80,-126
1747908376564.688,229295,1747908376545.719,-136,71,-136
1747908376584.531,229335,1747908376565.594,-129,64,-146
1747908376604.344,229322,1747908376585.437,-117,56,-128
1747908376624.187,229189,1747908376605.281,-97,46,-128
1747908376644.031,228881,1747908376625.125,-56,46,-125
1747908376663.875,228505,1747908376644.938,-32,54,-129
1747908376683.719,228027,1747908376664.781,-8,50,-128
1747908376703.562,227496,1747908376684.656,-13,57,-148
1747908376723.406,226938,1747908376704.469,-13,58,-161
1747908376743.281,226311,1747908376724.313,7,51,-153
1747908376763.094,225667,1747908376744.1558,36,38,-159
1747908376782.969,224736,1747908376764.062,71,44,-158
1747908376802.844,223625,1747908376783.906,79,46,-175
1747908376822.656,222391,1747908376803.75,78,35,-177
1747908376842.5,221040,1747908376823.594,79,31,-169
1747908376862.344,219590,1747908376843.437,88,19,-177
1747908376882.187,218009,1747908376863.25,97,24,-192
1747908376902.062,216350,1747908376883.094,83,24,-210
1747908376921.875,214810,1747908376903.0,71,24,-216
1747908376941.719,213534,1747908376922.844,51,28,-212
1747908376961.594,212592,1747908376942.687,36,31,-214
1747908376981.437,211950,1747908376962.5,17,28,-227
1747908377001.281,211638,1747908376982.344,6,24,-224
1747908377021.094,211539,1747908377002.188,22,22,-217
1747908377040.969,211492,1747908377022.063,20,30,-192
1747908377060.812,211565,1747908377041.875,15,32,-177
1747908377080.687,211692,1747908377061.687,12,44,-160
1747908377100.469,211905,1747908377081.594,-13,40,-161
1747908377120.344,212122,1747908377101.438,-17,40,-148
1747908377140.281,212251,1747908377121.25,-13,48,-113
1747908377160.094,212218,1747908377141.187,-8,60,-89
1747908377179.844,212170,1747908377160.937,-24,63,-68
1747908377199.719,212129,1747908377180.813,-61,71,-64
1747908377219.563,212104,1747908377200.594,-104,62,-112
1747908377239.375,211960,1747908377220.469,-157,51,-160
1747908377259.25,211765,1747908377240.281,-173,44,-128
1747908377279.062,211555,1747908377260.156,-172,44,-121
1747908377298.938,211393,1747908377279.969,-161,44,-124
1747908377318.844,211407,1747908377299.844,-177,39,-145
1747908377338.625,211442,1747908377319.75,-175,39,-142
1747908377358.5,211514,1747908377339.594,-177,41,-138
1747908377378.406,211538,1747908377359.438,-172,60,-114
1747908377398.219,211487,1747908377379.281,-144,67,-93
1747908377418.063,211360,1747908377399.156,-151,76,-97
1747908377437.937,211153,1747908377419.0,-144,76,-113
1747908377457.781,210901,1747908377438.844,-156,65,-118
1747908377477.656,210536,1747908377458.688,-116,62,-110
1747908377497.5,210066,1747908377478.594,-93,56,-122
1747908377517.344,209473,1747908377498.437,-77,43,-128
1747908377537.219,208686,1747908377518.25,-46,54,-137
1747908377557.094,207939,1747908377538.094,-41,48,-153
1747908377576.938,207233,1747908377558.0,-41,33,-177
1747908377596.781,206429,1747908377577.875,-29,27,-164
1747908377616.625,205683,1747908377597.719,-28,4,-154
1747908377636.5,205001,1747908377617.531,-7,24,-160
1747908377656.344,204247,1747908377637.406,7,44,-169
1747908377676.188,203513,1747908377657.25,33,39,-169
1747908377696.062,202690,1747908377677.094,40,32,-160
1747908377715.906,201657,1747908377696.937,67,49,-160
1747908377735.719,200426,1747908377716.813,64,55,-153
1747908377755.594,199143,1747908377736.688,80,63,-162
1747908377775.438,197810,1747908377756.5,88,59,-162
1747908377795.281,196656,1747908377776.344,103,54,-157
1747908377815.125,195681,1747908377796.187,59,51,-168
1747908377834.969,194823,1747908377816.094,51,54,-196
1747908377854.813,194020,1747908377835.906,47,39,-217
1747908377874.719,193377,1747908377855.75,30,32,-225
1747908377894.531,192854,1747908377875.625,12,31,-205
1747908377914.406,192428,1747908377895.469,15,19,-207
1747908377934.281,192147,1747908377915.344,4,24,-200
1747908377954.125,191987,1747908377935.156,-13,31,-209
1747908377973.969,191923,1747908377955.031,-20,32,-216
1747908377993.844,192038,1747908377974.906,-16,39,-185
1747908378013.688,192210,1747908377994.781,4,48,-161
1747908378033.594,192329,1747908378014.594,-1,55,-146
1747908378053.406,192386,1747908378034.5,-31,56,-149
1747908378073.281,192340,1747908378054.344,-47,52,-158
1747908378093.125,192258,1747908378074.219,-72,43,-140
1747908378113.031,192149,1747908378094.031,-80,43,-121
1747908378132.906,191990,1747908378113.906,-72,56,-95
1747908378152.719,191838,1747908378133.812,-72,70,-80
1747908378172.594,191678,1747908378153.625,-76,71,-64
1747908378192.469,191536,1747908378173.5,-90,67,-90
1747908378212.281,191403,1747908378193.375,-137,63,-97
1747908378232.156,191377,1747908378213.219,-141,63,-113
1747908378252.031,191366,1747908378233.094,-157,76,-114
1747908378271.906,191411,1747908378252.938,-176,76,-108
1747908378291.719,191498,1747908378272.812,-168,83,-113
1747908378311.594,191617,1747908378292.687,-167,81,-112
1747908378331.469,191770,1747908378312.5,-164,82,-138
1747908378351.344,191807,1747908378332.344,-145,86,-141
1747908378371.219,191815,1747908378352.25,-137,81,-128
1747908378391.094,191745,1747908378372.156,-125,73,-121
1747908378410.969,191704,1747908378391.969,-108,79,-112
1747908378430.844,191645,1747908378411.875,-92,79,-137
1747908378450.688,191631,1747908378431.75,-70,68,-126
1747908378470.531,191614,1747908378451.656,-56,59,-128
1747908378490.406,191595,1747908378471.406,-32,56,-125
1747908378510.281,191572,1747908378491.313,-13,57,-128
1747908378530.125,191573,1747908378511.219,-5,56,-145
1747908378550.0,191653,1747908378531.031,11,48,-144
1747908378569.875,192002,1747908378550.906,22,52,-148
1747908378589.719,192748,1747908378570.781,38,71,-145
1747908378609.594,193950,1747908378590.625,48,46,-147
1747908378629.437,195477,1747908378610.531,44,46,-165
1747908378649.312,196919,1747908378630.344,41,38,-185
1747908378669.188,198235,1747908378650.219,55,49,-192
1747908378689.031,199435,1747908378670.125,58,63,-209
1747908378708.906,200416,1747908378689.937,43,65,-221
1747908378728.781,201055,1747908378709.812,24,56,-217
1747908378748.688,201441,1747908378729.688,19,49,-217
1747908378768.469,201638,1747908378749.594,10,44,-209
1747908378788.344,201714,1747908378769.406,7,46,-205
1747908378808.219,201746,1747908378789.344,4,43,-191
1747908378828.094,201749,1747908378809.125,12,39,-180
1747908378847.906,201831,1747908378829.0,6,43,-178
1747908378867.781,201988,1747908378848.875,-5,48,-170
1747908378887.625,202205,1747908378868.687,-17,48,-160
1747908378907.5,202408,1747908378888.531,-2,52,-157
1747908378927.313,202471,1747908378908.438,-4,72,-128
1747908378947.188,202555,1747908378928.25,8,88,-96
1747908378967.062,202740,1747908378948.125,-18,80,-101
1747908378986.906,202892,1747908378968.0,-57,88,-130
1747908379006.75,202946,1747908378987.844,-100,48,-145
1747908379026.594,202922,1747908379007.688,-117,32,-141
1747908379046.469,202906,1747908379027.531,-119,38,-104
1747908379066.344,203015,1747908379047.406,-113,51,-84
1747908379086.1868,203255,1747908379067.25,-119,46,-72
1747908379106.063,203522,1747908379087.156,-136,40,-92
1747908379125.938,203777,1747908379106.9692,-172,39,-104
1747908379145.781,204067,1747908379126.844,-188,43,-109
1747908379165.625,204403,1747908379146.719,-193,57,-97
1747908379185.469,204762,1747908379166.563,-176,79,-89
1747908379205.344,205197,1747908379186.406,-170,72,-82
1747908379225.25,205599,1747908379206.25,-169,71,-77
1747908379245.062,205868,1747908379226.156,-146,79,-81
1747908379264.937,205998,1747908379246.031,-145,83,-78
1747908379284.813,206096,1747908379265.844,-136,82,-81
1747908379304.688,206153,1747908379285.719,-121,66,-81
1747908379324.5,206128,1747908379305.594,-120,79,-80
1747908379344.406,206010,1747908379325.469,-116,75,-85
1747908379364.25,205770,1747908379345.313,-121,52,-114
1747908379384.094,205349,1747908379365.156,-116,48,-129
1747908379403.937,204913,1747908379385.031,-98,48,-128
1747908379423.812,204650,1747908379404.906,-79,36,-128
1747908379443.688,204574,1747908379424.719,-60,35,-154
1747908379463.531,204475,1747908379444.594,-32,41,-161
1747908379483.375,204359,1747908379464.469,-7,33,-168
1747908379503.219,204379,1747908379484.344,3,26,-177
1747908379523.125,204578,1747908379504.156,16,24,-186
1747908379542.969,204853,1747908379524.0,30,24,-189
1747908379562.813,205111,1747908379543.875,52,28,-181
1747908379582.719,205366,1747908379563.781,69,31,-196
1747908379602.531,205586,1747908379583.688,63,28,-206
1747908379622.375,205823,1747908379603.469,46,32,-208
1747908379642.25,206049,1747908379623.312,31,38,-218
1747908379662.125,206167,1747908379643.187,23,56,-202
1747908379681.969,206195,1747908379663.031,19,26,-186
1747908379701.844,206116,1747908379682.875,15,24,-185
1747908379721.656,206055,1747908379702.75,12,23,-173
1747908379741.531,206047,1747908379722.656,-10,25,-185
1747908379761.406,206090,1747908379742.4368,-8,31,-189
1747908379781.25,206153,1747908379762.313,-9,38,-185
1747908379801.094,206197,1747908379782.188,-12,39,-169
1747908379820.969,206226,1747908379802.031,-20,41,-160
1747908379840.812,206269,1747908379821.906,-25,44,-161
1747908379860.656,206269,1747908379841.75,-43,49,-159
1747908379880.5,206261,1747908379861.594,-45,56,-128
1747908379900.375,206238,1747908379881.469,-44,62,-113
1747908379920.219,206292,1747908379901.281,-45,55,-85
1747908379940.094,206341,1747908379921.156,-64,64,-78
1747908379959.906,206278,1747908379941.0,-92,63,-79
1747908379979.75,206303,1747908379960.844,-137,52,-95
1747908379999.625,206409,1747908379980.687,-148,52,-97
1747908380019.469,206589,1747908380000.5,-162,48,-81
1747908380039.3118,206816,1747908380020.375,-164,47,-76
1747908380059.156,206998,1747908380040.219,-164,46,-72
1747908380079.0,207211,1747908380060.063,-181,60,-95
1747908380098.875,207407,1747908380079.937,-189,71,-97
1747908380118.687,207642,1747908380099.75,-188,81,-95
1747908380138.531,207821,1747908380119.625,-177,88,-81
1747908380158.438,207972,1747908380139.469,-172,92,-81
1747908380178.25,208139,1747908380159.375,-168,92,-95
1747908380198.062,208243,1747908380179.156,-148,92,-97
1747908380217.906,208299,1747908380199.0,-143,88,-100
1747908380237.781,208437,1747908380218.813,-146,80,-96
1747908380257.656,208692,1747908380238.656,-135,67,-105
1747908380277.438,208925,1747908380258.531,-122,59,-109
1747908380297.312,209060,1747908380278.375,-113,67,-96
1747908380317.187,209148,1747908380298.25,-103,62,-106
1747908380337.031,209241,1747908380318.094,-84,56,-128
1747908380356.844,209335,1747908380337.938,-84,53,-161
1747908380376.688,209253,1747908380357.812,-54,60,-146
1747908380396.562,209042,1747908380377.594,-13,45,-104
1747908380416.375,208820,1747908380397.438,-1,43,-125
1747908380436.188,208742,1747908380417.313,-5,44,-138
1747908380456.063,208841,1747908380437.125,12,39,-160
1747908380475.906,209077,1747908380457.0,24,35,-160
1747908380495.781,209383,1747908380476.8118,36,46,-177
1747908380515.625,209730,1747908380496.719,44,51,-177
1747908380535.469,210081,1747908380516.531,27,56,-192
1747908380555.313,210435,1747908380536.375,25,56,-209
1747908380575.156,210758,1747908380556.219,31,64,-210
1747908380595.031,211057,1747908380576.094,25,67,-209
1747908380614.844,211323,1747908380595.938,20,60,-192
1747908380634.688,211567,1747908380615.813,15,60,-185
1747908380654.562,211845,1747908380635.594,-4,56,-180
1747908380674.375,212171,1747908380655.469,-1,78,-184
1747908380694.219,212428,1747908380675.313,7,60,-172
1747908380714.063,212589,1747908380695.156,-8,65,-169
1747908380733.906,212745,1747908380714.969,-20,55,-160
1747908380753.781,212896,1747908380734.812,-37,63,-153
1747908380773.562,212896,1747908380754.687,-41,70,-145
1747908380793.437,212650,1747908380774.531,-55,67,-128
1747908380813.313,212304,1747908380794.344,-49,86,-105
1747908380833.156,212157,1747908380814.25,-77,96,-97
1747908380852.969,212128,1747908380834.031,-66,83,-93
1747908380872.844,212049,1747908380853.906,-61,85,-64
1747908380892.688,211880,1747908380873.781,-84,63,-54
1747908380912.531,211635,1747908380893.594,-133,58,-63
1747908380932.375,211495,1747908380913.406,-165,62,-93
1747908380952.187,211487,1747908380933.312,-173,70,-106
1747908380972.094,211474,1747908380953.125,-187,79,-104
1747908380991.969,211410,1747908380973.0,-173,73,-100
1747908381011.781,211415,1747908380992.875,-193,79,-97
1747908381031.656,211527,1747908381012.75,-199,72,-81
1747908381051.625,211717,1747908381032.562,-185,87,-78
1747908381071.375,212001,1747908381052.438,-157,93,-66
1747908381091.219,212300,1747908381072.2808,-153,91,-72
1747908381111.063,212527,1747908381092.156,-157,96,-97
1747908381130.937,212765,1747908381112.0,-162,94,-105
1747908381150.812,213015,1747908381131.875,-156,88,-93
1747908381170.625,213320,1747908381151.719,-136,79,-82
1747908381190.5,213561,1747908381171.562,-119,79,-92
1747908381210.375,213757,1747908381191.437,-116,79,-102
1747908381230.219,213888,1747908381211.25,-109,73,-96
1747908381250.063,213988,1747908381231.125,-90,67,-101
1747908381269.938,213973,1747908381251.0,-64,54,-98
1747908381289.875,214101,1747908381270.937,-50,51,-121
1747908381309.687,214222,1747908381290.687,-37,48,-130
1747908381329.5,214238,1747908381310.594,-15,52,-121
1747908381349.375,214168,1747908381330.438,14,55,-128
1747908381369.25,214145,1747908381350.281,-2,51,-173
1747908381389.125,214200,1747908381370.125,-1,52,-192
1747908381408.937,214297,1747908381390.0,15,63,-208
1747908381428.813,214406,1747908381409.906,30,56,-212
1747908381448.656,214569,1747908381429.719,38,72,-221
1747908381468.531,214687,1747908381449.594,35,72,-209
1747908381488.375,214800,1747908381469.438,28,80,-209
1747908381508.219,214898,1747908381489.313,15,79,-209
1747908381528.094,214972,1747908381509.156,4,67,-202
1747908381548.0,215007,1747908381529.0,7,70,-192
1747908381567.781,215009,1747908381548.844,-5,59,-176
1747908381587.656,214983,1747908381568.75,4,58,-177
1747908381607.656,214939,1747908381588.594,-17,56,-168
1747908381627.375,214905,1747908381608.562,-29,55,-160
1747908381647.219,214926,1747908381628.25,-18,49,-160
1747908381667.062,215029,1747908381648.156,-20,59,-145
1747908381686.938,215162,1747908381668.0,-31,56,-119
1747908381706.781,215296,1747908381687.844,-25,73,-101
1747908381726.75,215372,1747908381707.687,-26,92,-82
1747908381746.5,215348,1747908381727.562,-31,104,-75
1747908381766.344,215160,1747908381747.406,-40,96,-57
1747908381786.188,215042,1747908381767.281,-97,84,-81
1747908381806.031,214982,1747908381787.0942,-153,72,-104
1747908381825.906,214876,1747908381807.0,-180,70,-113
1747908381845.781,214714,1747908381826.844,-165,63,-80
1747908381865.656,214548,1747908381846.719,-152,51,-74
1747908381885.469,214430,1747908381866.562,-146,48,-73
1747908381905.344,214444,1747908381886.406,-180,71,-80
1747908381925.219,214423,1747908381906.25,-196,79,-114
1747908381945.094,214328,1747908381926.125,-200,88,-104
1747908381964.875,214196,1747908381946.0,-185,89,-77
1747908381984.75,214060,1747908381965.844,-165,96,-74
1747908382004.625,213897,1747908381985.687,-158,102,-84
1747908382024.469,213705,1747908382005.531,-136,112,-93
1747908382044.313,213484,1747908382025.4058,-156,111,-94
1747908382064.219,213274,1747908382045.25,-159,92,-87
1747908382084.062,213164,1747908382065.125,-141,88,-81
1747908382103.937,213026,1747908382085.0,-135,83,-81
1747908382123.75,212952,1747908382104.844,-129,79,-93
1747908382143.625,212880,1747908382124.687,-113,72,-97
1747908382163.469,212760,1747908382144.562,-106,74,-90
1747908382183.312,212618,1747908382164.375,-93,65,-100
1747908382203.156,212511,1747908382184.219,-84,56,-114
1747908382223.0,212484,1747908382204.125,-70,46,-118
1747908382242.875,212475,1747908382223.937,-52,54,-113
1747908382262.719,212576,1747908382243.781,-18,60,-113
1747908382282.562,212803,1747908382263.625,-8,72,-153
1747908382302.406,213068,1747908382283.5,8,83,-177
1747908382322.25,213215,1747908382303.313,39,80,-189
1747908382342.125,213266,1747908382323.187,56,80,-185
1747908382361.937,213293,1747908382343.031,65,75,-191
1747908382381.781,213341,1747908382362.844,44,73,-208
1747908382401.656,213262,1747908382382.75,41,72,-221
1747908382421.5,213011,1747908382402.562,45,63,-224
1747908382441.406,212629,1747908382422.437,43,63,-214
1747908382461.219,212244,1747908382442.313,40,57,-201
1747908382481.094,211841,1747908382462.156,35,51,-193
1747908382500.969,211482,1747908382481.9692,31,57,-173
1747908382520.812,211153,1747908382501.844,33,54,-160
1747908382540.656,210773,1747908382521.719,28,51,-160
1747908382560.563,210328,1747908382541.625,22,53,-164
1747908382580.375,209807,1747908382561.438,23,56,-158
1747908382600.25,209169,1747908382581.312,17,59,-151
1747908382620.125,208463,1747908382601.187,9,60,-148
1747908382639.969,207742,1747908382621.063,3,62,-148
1747908382659.844,207159,1747908382640.875,-2,72,-139
1747908382679.688,206822,1747908382660.75,-1,86,-128
1747908382699.594,206631,1747908382680.625,-25,96,-128
1747908382719.406,206514,1747908382700.469,-65,80,-136
1747908382739.281,206419,1747908382720.313,-113,58,-113
1747908382759.125,206340,1747908382740.187,-144,52,-104
1747908382778.969,206260,1747908382760.062,-167,63,-102
1747908382798.844,206134,1747908382779.938,-146,75,-98
1747908382818.688,205998,1747908382799.75,-140,76,-100
1747908382838.531,205873,1747908382819.594,-155,67,-89
1747908382858.406,205758,1747908382839.469,-161,67,-93
1747908382878.281,205696,1747908382859.344,-178,77,-91
1747908382898.125,205647,1747908382879.188,-187,83,-97
1747908382917.969,205595,1747908382899.031,-165,97,-81
1747908382937.844,205437,1747908382918.906,-144,103,-81
1747908382957.687,205178,1747908382938.781,-143,105,-90
1747908382977.531,204984,1747908382958.594,-136,95,-93
1747908382997.375,204891,1747908382978.469,-145,79,-104
1747908383017.219,204933,1747908382998.281,-144,64,-121
1747908383037.062,205093,1747908383018.156,-153,62,-142
1747908383056.937,205345,1747908383037.969,-122,72,-143
1747908383076.781,205632,1747908383057.844,-109,89,-126
1747908383096.594,205913,1747908383077.656,-72,75,-125
1747908383116.469,206145,1747908383097.531,-68,56,-128
1747908383136.312,206240,1747908383117.375,-47,59,-161
1747908383156.156,206150,1747908383137.281,-28,71,-141
1747908383176.0,205945,1747908383157.063,-13,63,-145
1747908383195.844,205584,1747908383176.938,12,63,-173
1747908383215.688,205146,1747908383196.719,35,65,-173
1747908383235.625,204641,1747908383216.594,48,70,-154
1747908383255.375,204128,1747908383236.438,59,67,-146
1747908383275.219,203608,1747908383256.313,67,63,-157
1747908383295.125,203084,1747908383276.125,67,65,-153
1747908383314.9058,202570,1747908383296.031,73,74,-144
1747908383334.75,202102,1747908383315.844,72,71,-151
1747908383354.594,201697,1747908383335.6882,68,80,-162
1747908383374.5,201291,1747908383355.531,64,78,-166
1747908383394.313,200755,1747908383375.375,59,71,-176
1747908383414.125,200126,1747908383395.219,24,59,-217
1747908383434.0,199506,1747908383415.062,-10,38,-224
1747908383453.844,198965,1747908383434.906,-45,44,-225
1747908383473.688,198445,1747908383454.75,-49,47,-206
1747908383493.531,197835,1747908383474.625,-37,47,-184
1747908383513.375,197087,1747908383494.469,-45,38,-177
1747908383533.187,196342,1747908383514.313,-68,44,-177
1747908383553.063,195876,1747908383534.125,-80,39,-168
1747908383572.906,195599,1747908383554.0,-81,24,-152
1747908383592.812,195259,1747908383573.875,-73,28,-140
1747908383612.625,194901,1747908383593.75,-74,35,-121
1747908383632.469,194671,1747908383613.531,-66,42,-86
1747908383652.313,194490,1747908383633.406,-74,68,-68
1747908383672.156,194330,1747908383653.25,-116,80,-61
1747908383692.0,194019,1747908383673.125,-153,76,-60
1747908383711.937,193596,1747908383693.0,-148,72,-50
1747908383731.781,192928,1747908383712.781,-168,72,-36
1747908383751.531,192212,1747908383732.719,-196,64,-57
1747908383771.406,191414,1747908383752.5,-209,72,-64
1747908383791.375,190554,1747908383772.344,-201,78,-64
1747908383811.125,189703,1747908383792.281,-207,86,-64
1747908383830.938,188993,1747908383812.031,-200,93,-49
1747908383850.781,188441,1747908383831.937,-185,96,-62
1747908383870.625,187979,1747908383851.687,-167,96,-49
1747908383890.5,187538,1747908383871.531,-144,94,-49
1747908383910.312,187121,1747908383891.406,-137,94,-63
1747908383930.25,186650,1747908383911.25,-133,87,-64
1747908383950.063,186214,1747908383931.094,-128,80,-77
1747908383969.906,185769,1747908383950.937,-127,68,-64
1747908383989.75,185348,1747908383970.813,-116,60,-75
1747908384009.594,184904,1747908383990.688,-105,59,-125
1747908384029.469,184298,1747908384010.5,-105,63,-146
1747908384049.2808,183387,1747908384030.375,-95,68,-145
1747908384069.156,182427,1747908384050.187,-85,46,-136
1747908384089.0,181743,1747908384070.0632,-69,28,-139
1747908384108.844,181313,1747908384089.906,-37,48,-162
1747908384128.719,180910,1747908384109.75,-20,71,-160
1747908384148.531,180577,1747908384129.625,-1,76,-165
1747908384168.406,180325,1747908384149.437,7,71,-153
1747908384188.281,180167,1747908384169.344,31,72,-173
1747908384208.125,180065,1747908384189.156,43,73,-185
1747908384227.937,180055,1747908384209.031,41,83,-177
1747908384247.812,179991,1747908384228.875,56,76,-169
1747908384267.688,179891,1747908384248.75,52,60,-177
1747908384287.531,179748,1747908384268.625,39,55,-169
1747908384307.375,179541,1747908384288.406,38,60,-161
1747908384327.219,179156,1747908384308.281,28,60,-160
1747908384347.094,178465,1747908384328.125,-4,55,-179
1747908384366.9382,177570,1747908384348.0,-40,47,-192
1747908384386.813,176559,1747908384367.875,-62,33,-192
1747908384406.656,175601,1747908384387.719,-68,39,-200
1747908384426.5,174734,1747908384407.594,-68,37,-192
1747908384446.375,173924,1747908384427.438,-36,41,-199
1747908384466.219,173123,1747908384447.25,-47,39,-209
1747908384486.063,172496,1747908384467.156,-55,62,-201
1747908384505.906,172222,1747908384486.969,-42,63,-191
1747908384525.781,172128,1747908384506.813,-52,51,-185
1747908384545.594,172034,1747908384526.688,-77,72,-160
1747908384565.469,171993,1747908384546.531,-90,92,-132
1747908384585.375,171985,1747908384566.406,-61,102,-100
1747908384605.187,171766,1747908384586.25,-34,94,-48
1747908384625.031,171138,1747908384606.063,-41,80,-32
1747908384644.906,170486,1747908384626.0,-77,83,-64
1747908384664.75,170188,1747908384645.812,-130,96,-114
1747908384684.625,170154,1747908384665.656,-145,109,-128
1747908384704.594,170242,1747908384685.531,-144,118,-109
1747908384724.313,170470,1747908384705.344,-128,123,-103
1747908384744.188,170617,1747908384725.25,-127,123,-90
1747908384764.062,170533,1747908384745.094,-132,135,-98
1747908384783.875,170530,1747908384764.937,-121,125,-109
1747908384803.781,170814,1747908384784.844,-106,135,-103
1747908384823.625,171335,1747908384804.688,-87,119,-82
1747908384843.5,171925,1747908384824.531,-97,96,-77
1747908384863.375,172452,1747908384844.438,-111,79,-81
1747908384883.219,172831,1747908384864.281,-125,71,-96
1747908384903.094,173136,1747908384884.125,-129,76,-128
1747908384922.937,173359,1747908384904.0,-122,80,-128
1747908384942.781,173583,1747908384923.844,-104,71,-113
1747908384962.656,173939,1747908384943.719,-57,65,-106
1747908384982.531,174346,1747908384963.563,-40,51,-156
1747908385002.375,174834,1747908384983.375,-40,54,-177
1747908385022.219,175388,1747908385003.281,-25,60,-192
1747908385042.094,175935,1747908385023.1882,-12,68,-226
1747908385061.938,176480,1747908385043.0,4,72,-246
1747908385081.813,176962,1747908385062.844,22,67,-233
1747908385101.656,177302,1747908385082.75,39,57,-214
1747908385121.5,177620,1747908385102.625,47,48,-208
1747908385141.406,177986,1747908385122.438,22,43,-199
1747908385161.25,178246,1747908385142.281,22,46,-177
1747908385181.094,178415,1747908385162.156,31,86,-169
1747908385200.937,178482,1747908385182.031,46,76,-160
1747908385220.844,178476,1747908385201.875,36,78,-168
1747908385240.688,178417,1747908385221.719,35,75,-167
1747908385260.5,178282,1747908385241.656,32,83,-177
1747908385280.344,178185,1747908385261.469,28,79,-162
1747908385300.219,177911,1747908385281.281,33,79,-185
1747908385320.094,177721,1747908385301.156,12,79,-177
1747908385339.906,177873,1747908385321.0,-20,71,-192
1747908385359.781,178182,1747908385340.875,-61,67,-217
1747908385379.656,178512,1747908385360.719,-61,76,-205
1747908385399.5,178867,1747908385380.563,-32,88,-142
1747908385419.375,179297,1747908385400.438,-6,88,-82
1747908385439.219,179675,1747908385420.312,-30,75,-64
1747908385459.125,180016,1747908385440.094,-64,78,-89
1747908385478.937,180345,1747908385459.969,-95,80,-112
1747908385498.813,180719,1747908385479.875,-111,103,-116
1747908385518.656,181109,1747908385499.75,-92,116,-113
1747908385538.531,181469,1747908385519.594,-89,118,-126
1747908385558.406,181687,1747908385539.438,-89,112,-125
1747908385578.219,181877,1747908385559.313,-93,122,-121
1747908385598.094,182059,1747908385579.187,-100,115,-101
1747908385617.937,182247,1747908385599.031,-109,113,-97
1747908385637.844,182420,1747908385618.875,-113,126,-94
1747908385657.656,182615,1747908385638.75,-116,135,-113
1747908385677.531,182878,1747908385658.594,-109,141,-113
1747908385697.406,183242,1747908385678.469,-112,127,-109
1747908385717.25,183766,1747908385698.312,-106,108,-113
1747908385737.094,184587,1747908385718.125,-87,100,-121
1747908385756.938,185545,1747908385738.031,-81,108,-117
1747908385776.906,186398,1747908385757.844,-70,92,-113
1747908385796.719,187197,1747908385777.844,-79,76,-106
1747908385816.531,187972,1747908385797.625,-72,76,-138
1747908385836.406,188714,1747908385817.438,-81,76,-157
1747908385856.25,189236,1747908385837.312,-81,73,-165
1747908385876.125,189584,1747908385857.156,-52,84,-177
1747908385896.031,189780,1747908385877.031,-12,83,-183
1747908385915.813,189815,1747908385896.938,8,79,-195
1747908385935.688,189641,1747908385916.719,36,83,-188
1747908385955.562,189424,1747908385936.625,28,80,-192
1747908385975.375,189282,1747908385956.469,36,76,-225
1747908385995.25,189219,1747908385976.3132,35,68,-192
1747908386015.094,189300,1747908385996.156,47,67,-185
1747908386034.969,189387,1747908386016.0,56,80,-177
1747908386054.812,189396,1747908386035.844,63,79,-160
1747908386074.687,189366,1747908386055.781,71,80,-153
1747908386094.563,189189,1747908386075.594,56,71,-162
1747908386114.438,188866,1747908386095.5,30,78,-173
1747908386134.25,188587,1747908386115.312,25,67,-176
1747908386154.094,188522,1747908386135.187,28,77,-185
1747908386174.031,188690,1747908386155.0,30,64,-160
1747908386193.844,189044,1747908386174.906,36,57,-160
1747908386213.656,189223,1747908386194.75,48,56,-152
1747908386233.531,188890,1747908386214.594,28,54,-160
1747908386253.406,188373,1747908386234.438,-7,71,-189
1747908386273.281,187871,1747908386254.344,-45,91,-156
1747908386293.187,187425,1747908386274.187,-45,115,-113
1747908386312.969,187152,1747908386294.062,-54,119,-80
1747908386332.844,187381,1747908386313.969,-114,115,-126
1747908386352.688,187940,1747908386333.75,-164,91,-160
1747908386372.531,188683,1747908386353.594,-159,83,-169
1747908386392.406,189376,1747908386373.5,-114,60,-154
1747908386412.312,189911,1747908386393.312,-98,54,-136
1747908386432.125,190168,1747908386413.219,-80,72,-128
1747908386451.938,190276,1747908386433.0,-97,89,-153
1747908386471.812,190186,1747908386452.906,-105,108,-157
1747908386491.687,190035,1747908386472.75,-94,105,-145
1747908386511.531,189888,1747908386492.594,-90,103,-122
1747908386531.344,189878,1747908386512.469,-96,92,-116
1747908386551.219,190067,1747908386532.281,-93,95,-120
1747908386571.062,190392,1747908386552.125,-93,99,-138
1747908386590.937,190628,1747908386572.0,-77,115,-148
1747908386610.781,190808,1747908386591.844,-111,113,-141
1747908386630.656,191014,1747908386611.75,-116,94,-128
1747908386650.5,191219,1747908386631.562,-109,79,-116
1747908386670.406,191449,1747908386651.406,-100,76,-114
1747908386690.219,191604,1747908386671.313,-79,72,-113
1747908386710.094,191591,1747908386691.156,-45,78,-113
1747908386730.0,191367,1747908386711.0,-49,71,-125
1747908386749.8118,191088,1747908386730.875,-73,63,-160
1747908386769.656,191099,1747908386750.75,-77,46,-172
1747908386789.531,191391,1747908386770.594,-45,51,-177
1747908386809.375,191831,1747908386790.437,-16,79,-161
1747908386829.25,192248,1747908386810.312,7,92,-177
1747908386849.219,192502,1747908386830.188,14,103,-177
1747908386868.938,192676,1747908386850.156,23,97,-189
1747908386888.781,192843,1747908386869.813,27,87,-192
1747908386908.625,192958,1747908386889.719,23,88,-187
1747908386928.469,193112,1747908386909.531,48,96,-175
1747908386948.312,193416,1747908386929.406,32,79,-156
1747908386968.188,193830,1747908386949.25,19,79,-158
1747908386988.031,193960,1747908386969.063,-2,92,-165
1747908387007.875,193710,1747908386988.969,-13,76,-154
1747908387027.687,193513,1747908387008.812,-8,66,-145
1747908387047.563,193443,1747908387028.625,-8,56,-112
1747908387067.438,193454,1747908387048.469,-23,60,-116
1747908387087.25,193587,1747908387068.3442,-47,63,-128
1747908387107.125,193797,1747908387088.187,-61,76,-140
1747908387126.969,194075,1747908387108.063,-66,83,-113
1747908387146.813,194344,1747908387127.875,-70,92,-80
1747908387166.656,194521,1747908387147.719,-97,86,-89
1747908387186.5,194488,1747908387167.594,-103,92,-81
1747908387206.344,194318,1747908387187.469,-121,84,-58
1747908387226.219,194113,1747908387207.25,-140,73,-38
1747908387246.094,193954,1747908387227.125,-153,84,-36
1747908387265.906,193773,1747908387246.969,-176,83,-32
1747908387285.781,193401,1747908387266.844,-193,94,-30
1747908387305.781,193163,1747908387286.688,-225,88,-17
1747908387325.5,193138,1747908387306.594,-231,65,-1
1747908387345.375,193306,1747908387326.406,-244,70,6
1747908387365.2192,193626,1747908387346.281,-248,79,7
1747908387385.094,194118,1747908387366.125,-255,79,-8
1747908387404.938,194759,1747908387386.0,-249,91,3
1747908387424.75,195364,1747908387405.844,-236,110,-17
1747908387444.625,195822,1747908387425.75,-232,115,-18
1747908387464.469,196164,1747908387445.531,-197,118,-8
1747908387484.344,196446,1747908387465.375,-179,104,-17
1747908387504.156,196638,1747908387485.25,-152,96,-25
1747908387524.094,196677,1747908387505.094,-135,92,-33
1747908387543.875,196589,1747908387525.031,-118,87,-32
1747908387563.75,196314,1747908387544.781,-105,76,-49
1747908387583.594,195975,1747908387564.656,-102,78,-52
1747908387603.406,195447,1747908387584.531,-97,67,-73
1747908387623.281,194815,1747908387604.312,-141,67,-115
1747908387643.219,194370,1747908387624.219,-152,71,-154
1747908387662.969,194128,1747908387644.063,-122,79,-136
1747908387682.844,194076,1747908387663.906,-63,88,-112
1747908387702.719,194248,1747908387683.781,-41,76,-104
1747908387722.562,194574,1747908387703.625,-7,81,-117
1747908387742.406,195080,1747908387723.469,24,88,-143
1747908387762.281,195631,1747908387743.344,44,83,-177
1747908387782.156,196126,1747908387763.156,60,83,-177
1747908387802.031,196489,1747908387783.094,84,90,-162
1747908387821.844,196778,1747908387802.969,92,98,-154
1747908387841.75,197021,1747908387822.781,83,103,-160
1747908387861.625,197211,1747908387842.656,80,112,-168
1747908387881.469,197436,1747908387862.531,63,103,-160
1747908387901.312,197666,1747908387882.375,40,110,-177
1747908387921.219,197955,1747908387902.25,14,103,-160
1747908387941.063,198257,1747908387922.125,6,102,-153
1747908387960.906,198671,1747908387942.0,-5,98,-143
1747908387980.75,199217,1747908387961.781,6,81,-135
1747908388000.625,199918,1747908387981.688,-13,84,-145
1747908388020.5,200717,1747908388001.531,-24,83,-153
1747908388040.375,201151,1747908388021.406,-16,96,-122
1747908388060.187,200758,1747908388041.219,-32,99,-88
1747908388080.062,200041,1747908388061.188,-52,111,-64
1747908388099.906,199572,1747908388080.969,-67,76,-36
1747908388119.781,199110,1747908388100.844,-109,68,-25
1747908388139.625,198758,1747908388120.687,-178,73,-17
1747908388159.5,198637,1747908388140.562,-224,60,-29
1747908388179.375,198501,1747908388160.438,-228,44,-29
1747908388199.219,198376,1747908388180.25,-233,49,-30
1747908388219.063,198252,1747908388200.125,-232,54,-45
1747908388238.906,198127,1747908388220.0,-256,48,-42
1747908388258.812,198010,1747908388239.844,-247,55,-42
1747908388278.625,197852,1747908388259.75,-225,60,-36
1747908388298.5,197661,1747908388279.562,-216,64,-32
1747908388318.375,197479,1747908388299.437,-215,78,-25
1747908388338.25,197278,1747908388319.281,-200,87,-25
1747908388358.094,197112,1747908388339.156,-204,89,-25
1747908388377.969,196977,1747908388359.031,-189,88,-8
1747908388397.812,196905,1747908388378.906,-191,80,-2
1747908388417.687,196976,1747908388398.719,-197,76,-17
1747908388437.531,197018,1747908388418.625,-201,74,-28
1747908388457.406,196814,1747908388438.469,-199,67,-48
1747908388477.281,196614,1747908388458.312,-175,55,-64
1747908388497.156,196492,1747908388478.187,-160,62,-74
1747908388517.0,196491,1747908388498.063,-124,48,-73
1747908388536.844,196501,1747908388517.938,-97,42,-89
1747908388556.719,196579,1747908388537.781,-72,48,-113
1747908388576.594,196741,1747908388557.625,-50,54,-128
1747908388596.437,196933,1747908388577.531,-49,62,-138
1747908388616.281,197170,1747908388597.344,-33,60,-137
1747908388636.156,197451,1747908388617.188,-5,75,-148
1747908388656.031,197745,1747908388637.062,-4,65,-158
1747908388675.844,198067,1747908388656.938,27,72,-169
1747908388695.719,198333,1747908388676.75,22,76,-164
1747908388715.594,198534,1747908388696.625,16,88,-161
1747908388735.469,198725,1747908388716.5,31,102,-154
1747908388755.281,198881,1747908388736.375,40,99,-145
1747908388775.188,199012,1747908388756.219,44,96,-145
1747908388795.031,199132,1747908388776.063,30,83,-129
1747908388814.9058,199267,1747908388795.937,4,78,-161
1747908388834.719,199571,1747908388815.812,-12,78,-168
1747908388854.594,200076,1747908388835.656,-34,79,-177
1747908388874.469,200654,1747908388855.5,-45,72,-177
1747908388894.375,201002,1747908388875.375,-40,71,-157
1747908388914.156,201030,1747908388895.312,-42,69,-145
1747908388934.031,200589,1747908388915.094,-49,65,-138
1747908388953.875,200046,1747908388934.938,-61,70,-153
1747908388973.75,199957,1747908388954.781,-87,79,-160
1747908388993.562,200163,1747908388974.656,-104,102,-97
1747908389013.5,200199,1747908388994.5,-66,95,-31
1747908389033.313,200033,1747908389014.344,-71,85,-8
1747908389053.156,199913,1747908389034.219,-116,84,-42
1747908389072.969,200030,1747908389054.062,-180,92,-92
1747908389092.844,200340,1747908389073.906,-212,83,-113
1747908389112.687,200860,1747908389093.75,-202,71,-90
1747908389132.531,201448,1747908389113.594,-209,63,-40
1747908389152.375,202009,1747908389133.469,-193,78,-49
1747908389172.219,202444,1747908389153.281,-193,94,-64
1747908389192.094,202879,1747908389173.156,-204,110,-81
1747908389211.937,203326,1747908389193.0,-196,120,-81
1747908389231.813,203734,1747908389212.844,-175,121,-77
1747908389251.656,204016,1747908389232.75,-167,124,-71
1747908389271.531,204133,1747908389252.562,-161,121,-73
1747908389291.406,204148,1747908389272.438,-156,115,-89
1747908389311.219,204064,1747908389292.313,-143,113,-96
1747908389331.094,204063,1747908389312.187,-153,111,-113
1747908389350.969,204304,1747908389332.031,-146,108,-123
1747908389370.844,204329,1747908389351.844,-156,104,-145
1747908389390.688,204025,1747908389371.75,-160,84,-148
1747908389410.531,203478,1747908389391.594,-127,70,-128
1747908389430.406,202944,1747908389411.437,-66,79,-107
1747908389450.406,202788,1747908389431.312,-13,79,-77
1747908389470.094,203218,1747908389451.188,31,64,-49
1747908389490.0,204205,1747908389471.031,79,72,-53
1747908389509.844,205322,1747908389490.906,82,88,-97
1747908389529.719,206239,1747908389510.75,70,118,-128
1747908389549.562,206939,1747908389530.625,60,135,-153
1747908389569.406,207474,1747908389550.469,70,142,-160
1747908389589.281,207859,1747908389570.312,95,143,-160
1747908389609.1868,208069,1747908389590.219,108,140,-137
1747908389629.0,208133,1747908389610.063,99,141,-125
1747908389648.875,208170,1747908389629.938,76,136,-157
1747908389668.719,208203,1747908389649.781,35,127,-160
1747908389688.625,208169,1747908389669.625,25,120,-157
1747908389708.469,207998,1747908389689.531,35,127,-146
1747908389728.313,207844,1747908389709.406,31,120,-145
1747908389748.156,207764,1747908389729.25,15,119,-153
1747908389768.0308,207727,1747908389749.094,-16,108,-157
1747908389787.875,207446,1747908389768.969,-13,105,-161
1747908389807.719,206564,1747908389788.844,-13,115,-146
1747908389827.594,205486,1747908389808.625,3,100,-101
1747908389847.469,204945,1747908389828.5,-2,108,-64
1747908389867.281,204776,1747908389848.375,-42,111,-60
1747908389887.156,204634,1747908389868.25,-64,104,-54
1747908389907.0,204307,1747908389888.063,-98,82,-36
1747908389926.875,203931,1747908389907.938,-146,88,-32
1747908389946.719,203675,1747908389927.781,-189,96,-36
1747908389966.562,203595,1747908389947.656,-215,99,-45
1747908389986.406,203515,1747908389967.563,-229,92,-49
1747908390006.281,203314,1747908389987.313,-242,80,-42
1747908390026.063,203061,1747908390007.187,-248,80,-50
1747908390045.937,202859,1747908390027.031,-242,81,-57
1747908390065.844,202697,1747908390046.875,-248,92,-64
1747908390085.656,202607,1747908390066.75,-234,103,-64
1747908390105.5,202505,1747908390086.563,-218,102,-48
1747908390125.344,202453,1747908390106.437,-210,111,-54
1747908390145.187,202341,1747908390126.281,-209,125,-50
1747908390165.062,202219,1747908390146.094,-201,112,-52
1747908390184.875,202104,1747908390165.969,-208,103,-64
1747908390204.75,201958,1747908390185.812,-212,103,-60
1747908390224.625,201682,1747908390205.687,-184,110,-73
1747908390244.469,201271,1747908390225.531,-148,103,-81
1747908390264.313,200675,1747908390245.375,-119,94,-82
1747908390284.156,200002,1747908390265.25,-89,97,-81
1747908390304.0,199379,1747908390285.094,-72,103,-64
1747908390323.844,198758,1747908390304.9368,-57,103,-64
1747908390343.719,198208,1747908390324.781,-50,107,-102
1747908390363.531,197684,1747908390344.656,-36,123,-122
1747908390383.406,197299,1747908390364.469,-26,120,-128
1747908390403.281,196943,1747908390384.344,-1,120,-114
1747908390423.094,196633,1747908390404.219,38,124,-106
1747908390442.906,196462,1747908390424.031,39,137,-104
1747908390462.781,196361,1747908390443.844,51,143,-96
1747908390482.656,196332,1747908390463.687,76,151,-96
1747908390502.5,196240,1747908390483.562,94,152,-86
1747908390522.281,196165,1747908390503.406,113,158,-89
1747908390542.156,196120,1747908390523.219,127,163,-97
1747908390562.031,195945,1747908390543.063,152,175,-73
1747908390581.875,195517,1747908390562.937,152,182,-81
1747908390601.719,194944,1747908390582.781,121,175,-100
1747908390621.562,194424,1747908390602.625,102,168,-105
1747908390641.406,194052,1747908390622.469,95,167,-105
1747908390661.281,193710,1747908390642.375,83,156,-97
1747908390681.094,193422,1747908390662.187,78,147,-89
1747908390700.906,193117,1747908390682.031,28,135,-113
1747908390720.781,192801,1747908390701.844,6,143,-123
1747908390740.656,192546,1747908390721.688,-8,121,-107
1747908390760.469,192292,1747908390741.594,-1,112,-97
1747908390780.344,192130,1747908390761.406,-25,115,-80
1747908390800.187,192219,1747908390781.25,-45,112,-81
1747908390820.031,192431,1747908390801.094,-85,102,-84
1747908390839.875,192459,1747908390820.969,-125,78,-90
1747908390859.719,192226,1747908390840.781,-164,71,-93
1747908390879.594,191853,1747908390860.656,-200,83,-100
1747908390899.437,191458,1747908390880.5,-230,79,-113
1747908390919.25,191036,1747908390900.375,-274,56,-145
1747908390939.125,190593,1747908390920.187,-301,70,-156
1747908390958.9692,190209,1747908390940.062,-250,94,-121
1747908390978.844,189895,1747908390959.875,-215,92,-79
1747908390998.688,189640,1747908390979.75,-193,102,-81
1747908391018.531,189430,1747908390999.594,-161,108,-97
1747908391038.375,189207,1747908391019.469,-138,116,-96
1747908391058.25,189047,1747908391039.281,-128,131,-107
1747908391078.125,188859,1747908391059.188,-137,120,-103
1747908391097.938,188681,1747908391079.031,-109,112,-80
1747908391117.813,188480,1747908391098.875,-121,110,-96
1747908391137.656,188388,1747908391118.719,-132,112,-113
1747908391157.5,188336,1747908391138.562,-121,141,-128
1747908391177.344,188346,1747908391158.438,-109,118,-121
1747908391197.156,188318,1747908391178.25,-104,127,-113
1747908391217.0,188291,1747908391198.094,-89,129,-105
1747908391236.875,188267,1747908391217.906,-73,135,-97
1747908391256.656,188211,1747908391237.781,-61,137,-94
1747908391276.531,188029,1747908391257.594,-31,135,-89
1747908391296.406,187814,1747908391277.438,-4,124,-73
1747908391316.25,187753,1747908391297.312,22,118,-49
1747908391336.062,187845,1747908391317.156,39,133,-36
1747908391355.937,187896,1747908391337.0,57,152,-64
1747908391375.781,187804,1747908391356.875,88,180,-89
1747908391395.656,187597,1747908391376.719,99,183,-100
1747908391415.469,187322,1747908391396.562,112,169,-106
1747908391435.344,187039,1747908391416.406,127,176,-106
1747908391455.188,186745,1747908391436.25,143,176,-95
1747908391475.031,186457,1747908391456.094,130,166,-96
1747908391494.844,186183,1747908391475.969,112,158,-92
1747908391514.719,185853,1747908391495.781,91,172,-113
1747908391534.562,185454,1747908391515.625,65,160,-128
1747908391554.4382,185048,1747908391535.469,33,158,-161
1747908391574.25,184675,1747908391555.344,30,153,-141
1747908391594.094,184300,1747908391575.187,23,136,-113
1747908391613.969,183921,1747908391595.031,33,135,-89
1747908391633.812,183342,1747908391614.875,17,121,-93
1747908391653.625,182784,1747908391634.719,-58,108,-138
1747908391673.5,182489,1747908391654.562,-97,103,-177
1747908391693.375,182318,1747908391674.437,-104,131,-153
1747908391713.187,182100,1747908391694.281,-48,144,-79
1747908391733.031,181569,1747908391714.125,-4,127,-17
1747908391752.875,181011,1747908391733.938,-29,112,-36
1747908391772.719,180787,1747908391753.812,-111,96,-103
1747908391792.594,180691,1747908391773.594,-164,100,-129
1747908391812.437,180511,1747908391793.5,-151,103,-116
1747908391832.281,180250,1747908391813.344,-156,103,-121
1747908391852.125,179905,1747908391833.188,-151,119,-144
1747908391871.969,179471,1747908391853.031,-178,127,-157
1747908391891.844,178904,1747908391872.906,-164,130,-175
1747908391911.656,178299,1747908391892.781,-143,113,-145
1747908391931.5,177812,1747908391912.563,-104,110,-109
1747908391951.375,177460,1747908391932.437,-111,115,-113
1747908391971.219,177278,1747908391952.281,-137,111,-121
1747908391991.062,177155,1747908391972.156,-161,116,-116
1747908392010.906,177082,1747908391992.0,-175,116,-128
1747908392030.781,176997,1747908392011.844,-176,115,-138
1747908392050.625,177040,1747908392031.687,-161,108,-124
1747908392070.469,177445,1747908392051.531,-151,105,-114
1747908392090.312,178290,1747908392071.406,-136,108,-106
1747908392110.156,179611,1747908392091.219,-132,104,-113
1747908392130.031,180794,1747908392111.063,-103,112,-125
1747908392149.906,181756,1747908392130.906,-87,110,-126
1747908392169.719,182554,1747908392150.75,-66,95,-100
1747908392189.563,183246,1747908392170.625,-45,104,-76
1747908392209.438,183784,1747908392190.438,3,104,-63
1747908392229.25,184431,1747908392210.344,39,105,-79
1747908392249.094,185359,1747908392230.156,76,126,-93
1747908392268.937,186433,1747908392250.0,97,152,-114
1747908392288.781,187247,1747908392269.844,108,156,-114
1747908392308.625,187761,1747908392289.688,117,147,-124
1747908392328.469,188042,1747908392309.562,135,158,-121
1747908392348.312,188258,1747908392329.406,155,172,-127
1747908392368.156,188238,1747908392349.25,151,188,-113
1747908392388.0,187912,1747908392369.063,146,182,-97
1747908392407.875,187439,1747908392388.937,136,159,-97
1747908392427.7192,186893,1747908392408.812,108,156,-97
1747908392447.562,186413,1747908392428.656,79,143,-109
1747908392467.406,185970,1747908392448.469,41,147,-91
1747908392487.25,185755,1747908392468.344,22,131,-74
1747908392507.094,185733,1747908392488.187,25,111,-73
1747908392526.937,185999,1747908392508.0,11,112,-60
1747908392546.781,186449,1747908392527.844,-26,99,-64
1747908392566.594,186672,1747908392547.719,-47,110,-56
1747908392586.469,186476,1747908392567.563,-41,99,-40
1747908392606.281,186345,1747908392587.406,-43,67,-28
1747908392626.156,186301,1747908392607.187,-88,60,-32
1747908392645.969,186214,1747908392627.063,-178,75,-81
1747908392665.813,185998,1747908392646.906,-233,70,-113
1747908392685.688,185364,1747908392666.719,-241,46,-121
1747908392705.5308,184419,1747908392686.625,-249,54,-128
1747908392725.375,183541,1747908392706.469,-276,75,-162
1747908392745.219,183003,1747908392726.3132,-272,87,-201
1747908392765.094,182763,1747908392746.125,-253,103,-192
1747908392784.938,182582,1747908392766.0,-223,108,-173
1747908392804.781,182260,1747908392785.875,-186,94,-150
1747908392824.813,181975,1747908392805.75,-173,76,-138
1747908392844.531,181757,1747908392825.594,-168,65,-145
1747908392864.406,181598,1747908392845.469,-177,69,-153
1747908392884.281,181481,1747908392865.312,-160,71,-146
1747908392904.094,181354,1747908392885.187,-160,76,-144
1747908392924.0,181382,1747908392905.031,-173,67,-128
1747908392943.875,181615,1747908392924.906,-188,63,-113
1747908392963.687,181850,1747908392944.781,-183,59,-96
1747908392983.562,181921,1747908392964.625,-152,63,-96
1747908393003.438,181756,1747908392984.469,-110,87,-102
1747908393023.313,181523,1747908393004.344,-17,97,-97
1747908393043.156,181349,1747908393024.219,36,110,-81
1747908393063.0,181291,1747908393044.094,79,132,-73
1747908393082.875,181353,1747908393063.906,103,135,-61
1747908393102.75,181434,1747908393083.813,119,121,-64
1747908393122.563,181391,1747908393103.687,145,124,-72
1747908393142.437,181232,1747908393123.531,127,143,-80
1747908393162.312,181005,1747908393143.344,131,150,-101
1747908393182.188,180783,1747908393163.219,123,175,-101
1747908393202.0,180567,1747908393183.094,134,156,-90
1747908393221.937,180394,1747908393202.906,118,159,-80
1747908393241.75,180337,1747908393222.781,96,159,-60
1747908393261.625,180419,1747908393242.625,104,161,-80
1747908393281.469,180506,1747908393262.5,99,151,-79
1747908393301.312,180583,1747908393282.406,92,140,-77
1747908393321.187,180753,1747908393302.219,84,134,-57
1747908393341.094,181046,1747908393322.125,56,123,-57
1747908393360.875,181408,1747908393342.0,24,124,-64
1747908393380.75,181697,1747908393361.844,7,124,-83
1747908393400.625,181878,1747908393381.656,-16,107,-81
1747908393420.5,181997,1747908393401.531,-68,94,-64
1747908393440.344,182056,1747908393421.438,-143,87,-73
1747908393460.219,182144,1747908393441.281,-186,51,-96
1747908393480.062,182309,1747908393461.125,-200,32,-114
1747908393499.937,182600,1747908393480.969,-200,61,-109
1747908393519.75,182970,1747908393500.844,-208,56,-93
1747908393539.656,183192,1747908393520.719,-223,44,-113
1747908393559.5,183343,1747908393540.562,-253,25,-152
1747908393579.375,183476,1747908393560.437,-274,48,-186
1747908393599.25,183632,1747908393580.313,-271,49,-202
1747908393619.094,183799,1747908393600.188,-229,57,-185
1747908393639.0,183969,1747908393620.0,-197,56,-136
1747908393658.844,184141,1747908393639.906,-192,55,-121
1747908393678.688,184287,1747908393659.781,-205,60,-128
1747908393698.563,184498,1747908393679.656,-223,35,-157
1747908393718.437,184796,1747908393699.437,-215,24,-144
1747908393738.281,185070,1747908393719.344,-170,46,-112
1747908393758.156,185302,1747908393739.219,-130,79,-106
1747908393778.031,185451,1747908393759.063,-132,80,-114
1747908393797.875,185443,1747908393778.937,-89,83,-106
1747908393817.719,185523,1747908393798.781,-64,87,-81
1747908393837.562,185679,1747908393818.625,-21,88,-57
1747908393857.406,185784,1747908393838.469,35,97,-32
1747908393877.281,185809,1747908393858.281,62,120,-24
1747908393897.125,185783,1747908393878.156,79,135,-41
1747908393916.937,185704,1747908393898.031,96,127,-64
1747908393936.812,185624,1747908393917.875,105,152,-77
1747908393956.656,185514,1747908393937.719,120,163,-85
1747908393976.531,185398,1747908393957.562,121,168,-97
1747908393996.375,185205,1747908393977.469,134,171,-90
1747908394016.219,184822,1747908393997.281,154,175,-77
1747908394036.094,184302,1747908394017.125,143,169,-64
1747908394055.969,183813,1747908394037.0,138,167,-64
1747908394075.75,183363,1747908394056.875,115,164,-77
1747908394095.625,182956,1747908394076.687,103,156,-89
1747908394115.5,182642,1747908394096.531,78,143,-89
1747908394135.344,182438,1747908394116.406,42,135,-106
1747908394155.188,182266,1747908394136.25,11,142,-96
1747908394175.031,182197,1747908394156.125,7,132,-82
1747908394194.875,182210,1747908394175.937,-1,120,-64
1747908394214.75,182022,1747908394195.781,-45,102,-80
1747908394234.594,181459,1747908394215.656,-67,73,-106
1747908394254.437,180302,1747908394235.5,-77,65,-121
1747908394274.312,179529,1747908394255.344,-91,56,-100
1747908394294.156,179495,1747908394275.188,-138,76,-81
1747908394313.969,179704,1747908394295.094,-153,87,-97
1747908394333.875,179610,1747908394314.9058,-129,97,-128
1747908394353.687,179400,1747908394334.781,-122,83,-149
1747908394373.562,179271,1747908394354.594,-140,52,-168
1747908394393.406,179218,1747908394374.5,-143,48,-204
1747908394413.25,179209,1747908394394.344,-151,60,-233
1747908394433.125,179256,1747908394414.187,-154,49,-241
1747908394452.969,179308,1747908394434.0,-154,33,-221
1747908394472.812,179420,1747908394453.875,-165,35,-209
1747908394492.656,179497,1747908394473.75,-168,48,-211
1747908394512.563,179574,1747908394493.594,-168,68,-204
1747908394532.406,179536,1747908394513.469,-168,67,-192
1747908394552.219,179427,1747908394533.313,-168,62,-176
1747908394572.094,179254,1747908394553.156,-138,56,-168
1747908394591.938,179032,1747908394573.0,-129,79,-148
1747908394611.812,178706,1747908394592.875,-104,74,-140
1747908394631.719,178287,1747908394612.719,-113,86,-128
1747908394651.5,177846,1747908394632.594,-87,83,-109
1747908394671.375,177445,1747908394652.406,-61,88,-113
1747908394691.219,177071,1747908394672.281,-45,92,-101
1747908394711.062,176707,1747908394692.156,-36,102,-105
1747908394730.906,176325,1747908394712.0,-31,112,-102
1747908394750.75,175944,1747908394731.813,-10,112,-95
1747908394770.625,175509,1747908394751.625,4,123,-80
1747908394790.469,175110,1747908394771.531,32,132,-62
1747908394810.312,174727,1747908394791.406,55,143,-42
1747908394830.156,174482,1747908394811.219,83,159,-38
1747908394850.063,174251,1747908394831.063,99,169,-32
1747908394869.844,174102,1747908394850.969,97,166,-37
1747908394889.719,174061,1747908394870.812,99,161,-45
1747908394909.562,173943,1747908394890.625,92,156,-64
1747908394929.406,173821,1747908394910.469,95,175,-110
1747908394949.281,173765,1747908394930.344,116,176,-121
1747908394969.125,173632,1747908394950.219,124,167,-145
1747908394988.969,173482,1747908394970.031,118,167,-177
1747908395008.844,173457,1747908394989.938,107,169,-210
1747908395028.656,173444,1747908395009.75,83,175,-201
1747908395048.531,173347,1747908395029.594,81,145,-161
1747908395068.5,173048,1747908395049.469,89,136,-125
1747908395088.281,172619,1747908395069.281,76,137,-125
1747908395108.063,172304,1747908395089.219,48,145,-138
1747908395127.938,172166,1747908395109.031,31,145,-154
1747908395147.781,172130,1747908395128.875,30,143,-149
1747908395167.719,172014,1747908395148.6868,30,139,-128
1747908395187.5,171765,1747908395168.625,32,142,-121
1747908395207.313,171502,1747908395188.406,20,140,-96
1747908395227.188,171375,1747908395208.25,4,143,-96
1747908395247.062,171261,1747908395228.094,-15,157,-101
1747908395266.906,171141,1747908395248.0,-18,163,-97
1747908395286.75,170990,1747908395267.813,-39,145,-72
1747908395306.563,170936,1747908395287.688,-50,143,-74
1747908395326.437,171179,1747908395307.5,-116,159,-106
1747908395346.312,171522,1747908395327.375,-132,177,-149
1747908395366.125,171770,1747908395347.25,-121,172,-128
1747908395386.0,172014,1747908395367.063,-89,159,-117
1747908395405.844,172257,1747908395386.906,-89,147,-97
1747908395425.719,172422,1747908395406.812,-89,152,-95
1747908395445.5618,172539,1747908395426.656,-105,184,-121
1747908395465.406,172619,1747908395446.5,-88,191,-122
1747908395485.281,172685,1747908395466.281,-63,174,-93
1747908395505.156,172699,1747908395486.187,-47,147,-73
1747908395525.0,172743,1747908395506.062,-36,140,-64
1747908395544.875,172857,1747908395525.938,-47,145,-64
1747908395564.75,172934,1747908395545.75,-52,145,-89
1747908395584.625,172973,1747908395565.656,-49,135,-96
1747908395604.437,172845,1747908395585.531,-64,120,-99
1747908395624.312,172574,1747908395605.375,-55,100,-105
1747908395644.313,172319,1747908395625.25,-62,99,-114
1747908395664.062,172187,1747908395645.094,-63,112,-145
1747908395683.875,172087,1747908395664.969,-49,135,-177
1747908395703.75,172058,1747908395684.844,-28,144,-185
1747908395723.656,172106,1747908395704.656,-12,126,-176
1747908395743.469,172157,1747908395724.562,22,100,-157
1747908395763.344,172255,1747908395744.437,39,87,-170
1747908395783.219,172359,1747908395764.281,54,89,-192
1747908395803.094,172488,1747908395784.125,52,87,-192
1747908395822.906,172625,1747908395804.031,71,86,-192
1747908395842.812,172721,1747908395823.875,86,86,-199
1747908395862.656,172757,1747908395843.75,83,91,-202
1747908395882.531,172693,1747908395863.563,78,95,-201
1747908395902.375,172606,1747908395883.438,83,103,-213
1747908395922.281,172501,1747908395903.344,76,100,-225
1747908395942.094,172368,1747908395923.219,83,109,-221
1747908395961.969,172307,1747908395943.0,62,103,-208
1747908395981.813,172295,1747908395962.9058,44,89,-209
1747908396001.656,172284,1747908395982.75,31,103,-192
1747908396021.531,172267,1747908396002.594,31,80,-192
1747908396041.437,172237,1747908396022.438,28,80,-191
1747908396061.219,172223,1747908396042.313,22,87,-167
1747908396081.094,172199,1747908396062.25,18,96,-177
1747908396100.937,172176,1747908396082.031,19,112,-146
1747908396120.812,172199,1747908396101.844,15,121,-127
1747908396140.656,172405,1747908396121.75,11,119,-122
1747908396160.5,172775,1747908396141.594,11,115,-125
1747908396180.375,173131,1747908396161.437,-8,104,-145
1747908396200.219,173513,1747908396181.281,-42,120,-150
1747908396220.031,173837,1747908396201.156,-45,131,-126
1747908396239.906,174151,1747908396221.0,-37,134,-100
1747908396259.844,174471,1747908396240.844,-29,144,-64
1747908396279.594,174757,1747908396260.75,-32,148,-58
1747908396299.469,175052,1747908396280.5,-24,159,-48
1747908396319.25,175320,1747908396300.375,-57,171,-61
1747908396339.125,175621,1747908396320.219,-73,191,-72
1747908396358.969,175878,1747908396340.031,-80,184,-64
1747908396378.875,176191,1747908396359.875,-80,181,-65
1747908396398.656,176466,1747908396379.687,-88,167,-52
1747908396418.5,176793,1747908396399.594,-87,169,-64
1747908396438.313,177100,1747908396419.406,-75,164,-97
1747908396458.156,177348,1747908396439.25,-86,164,-96
1747908396478.0,177489,1747908396459.094,-76,159,-88
1747908396497.812,177584,1747908396478.969,-58,152,-81
1747908396517.688,177616,1747908396498.719,-41,140,-74
1747908396537.531,177634,1747908396518.594,-40,127,-87
1747908396557.313,177683,1747908396538.469,-36,124,-98
1747908396577.187,177752,1747908396558.25,-48,117,-107
1747908396597.031,177836,1747908396578.094,-31,105,-141
1747908396616.875,178049,1747908396597.969,-32,96,-160
1747908396636.719,178451,1747908396617.75,-18,97,-179
1747908396656.531,178940,1747908396637.625,7,92,-177
1747908396676.406,179486,1747908396657.5,12,89,-180
1747908396696.25,180059,1747908396677.313,15,86,-192
1747908396716.094,180613,1747908396697.188,17,86,-209
1747908396735.938,181106,1747908396717.0,35,75,-208
1747908396755.781,181500,1747908396736.875,40,76,-209
1747908396775.625,181775,1747908396756.687,43,71,-212
1747908396795.5,182055,1747908396776.594,33,68,-217
1747908396815.375,182322,1747908396796.438,31,62,-225
1747908396835.188,182588,1747908396816.281,31,53,-215
1747908396855.062,182782,1747908396836.094,29,65,-234
1747908396874.906,182946,1747908396855.969,32,67,-225
1747908396894.719,183006,1747908396875.813,48,70,-210
1747908396914.594,182984,1747908396895.688,65,72,-190
1747908396934.438,182926,1747908396915.531,68,73,-181
1747908396954.312,182835,1747908396935.312,63,73,-176
1747908396974.125,182792,1747908396955.219,51,76,-189
1747908396994.063,182849,1747908396975.094,30,79,-185
1747908397013.844,183174,1747908396994.906,36,79,-176
1747908397033.719,183841,1747908397014.781,27,85,-168
1747908397053.531,184504,1747908397034.625,21,96,-160
1747908397073.406,184921,1747908397054.469,17,103,-156
1747908397093.281,185085,1747908397074.313,9,103,-128
1747908397113.125,185109,1747908397094.156,-8,104,-128
1747908397132.969,185070,1747908397114.031,-31,112,-137
1747908397152.844,185023,1747908397133.906,-40,116,-122
1747908397172.656,185017,1747908397153.719,-28,108,-101
1747908397192.531,185001,1747908397173.594,-25,113,-93
1747908397212.406,184959,1747908397193.437,-36,120,-86
1747908397232.219,185032,1747908397213.312,-52,131,-88
1747908397252.094,185164,1747908397233.125,-77,151,-90
1747908397271.938,185317,1747908397252.969,-64,153,-81
1747908397291.781,185513,1747908397272.844,-81,156,-64
1747908397311.625,185758,1747908397292.719,-82,147,-68
1747908397331.5,186002,1747908397312.531,-100,147,-81
1747908397351.344,186181,1747908397332.406,-112,159,-96
1747908397371.188,186270,1747908397352.25,-111,154,-101
1747908397391.031,186290,1747908397372.094,-93,158,-89
1747908397410.906,186365,1747908397391.937,-80,140,-81
1747908397430.781,186501,1747908397411.813,-75,119,-77
1747908397450.594,186728,1747908397431.688,-89,108,-84
1747908397470.5,187080,1747908397451.562,-84,108,-98
1747908397490.344,187555,1747908397471.406,-76,107,-106
1747908397510.187,188084,1747908397491.281,-57,108,-126
1747908397530.031,188722,1747908397511.156,-60,113,-137
1747908397549.906,189499,1747908397530.969,-47,120,-159
1747908397569.75,190246,1747908397550.812,-36,126,-192
1747908397589.656,190861,1747908397570.688,-36,127,-201
1747908397609.5,191248,1747908397590.563,-20,108,-188
1747908397629.344,191511,1747908397610.562,-2,99,-160
1747908397649.219,191788,1747908397630.25,-4,79,-160
1747908397669.094,192034,1747908397650.125,-16,70,-181
1747908397688.938,192228,1747908397670.0,-9,80,-185
1747908397708.781,192381,1747908397689.875,8,71,-182
1747908397728.687,192528,1747908397709.687,16,73,-183
1747908397748.5,192632,1747908397729.562,24,71,-168
1747908397768.375,192765,1747908397749.438,32,86,-185
1747908397788.219,192995,1747908397769.313,39,83,-192
1747908397808.094,193271,1747908397789.125,41,88,-201
1747908397827.969,193536,1747908397809.0,25,92,-192
1747908397847.781,193757,1747908397828.875,20,95,-185
1747908397867.656,193889,1747908397848.75,17,96,-177
1747908397887.5,193999,1747908397868.531,22,92,-169
1747908397907.375,194100,1747908397888.406,6,88,-177
1747908397927.219,194144,1747908397908.313,1,88,-182
1747908397947.063,194170,1747908397928.156,15,92,-166
1747908397966.938,194132,1747908397947.969,3,102,-153
1747908397986.812,194140,1747908397967.875,-13,99,-146
1747908398006.625,194477,1747908397987.719,-31,84,-153
1747908398026.5,194803,1747908398007.594,-48,76,-152
1747908398046.375,195177,1747908398027.375,-45,78,-144
1747908398066.25,195438,1747908398047.281,-41,87,-117
1747908398086.062,195504,1747908398067.156,-40,104,-98
1747908398105.906,195484,1747908398087.0,-22,102,-82
1747908398125.781,195511,1747908398106.844,-36,115,-88
1747908398145.625,195617,1747908398126.656,-58,123,-92
1747908398165.437,195758,1747908398146.5,-80,124,-96
1747908398185.312,195880,1747908398166.344,-86,107,-95
1747908398205.156,196026,1747908398186.344,-111,107,-84
1747908398225.0,196238,1747908398206.063,-132,116,-89
1747908398244.813,196463,1747908398225.937,-141,122,-97
1747908398264.656,196611,1747908398245.75,-143,115,-87
1747908398284.5,196689,1747908398265.594,-143,120,-95
1747908398304.344,196696,1747908398285.438,-164,125,-108
1747908398324.219,196680,1747908398305.281,-138,128,-113
1747908398344.031,196656,1747908398325.125,-125,124,-103
1747908398363.875,196694,1747908398345.0,-112,120,-98
1747908398383.719,196793,1747908398364.781,-102,127,-84
1747908398403.563,196956,1747908398384.656,-90,112,-113
1747908398423.406,197084,1747908398404.5,-105,127,-130
1747908398443.25,197086,1747908398424.344,-97,118,-116
1747908398463.125,196935,1747908398444.187,-79,103,-95
1747908398483.0,196541,1747908398464.031,-64,91,-121
1747908398502.813,195994,1747908398483.906,-56,108,-161
1747908398522.656,195636,1747908398503.75,-46,107,-168
1747908398542.5,195623,1747908398523.562,-24,95,-137
1747908398562.344,195954,1747908398543.406,-8,83,-127
1747908398582.156,196848,1747908398563.25,7,80,-157
1747908398602.031,198175,1747908398583.063,20,86,-177
1747908398621.875,199623,1747908398602.937,30,86,-189
1747908398641.719,201137,1747908398622.781,44,92,-212
1747908398661.625,202491,1747908398642.656,55,78,-205
1747908398681.406,203619,1747908398662.563,63,83,-201
1747908398701.281,204488,1747908398682.313,77,74,-189
1747908398721.125,205161,1747908398702.187,76,68,-177
1747908398741.0,205732,1747908398722.031,70,79,-188
1747908398760.812,206243,1747908398741.875,71,77,-168
1747908398780.688,206698,1747908398761.75,64,83,-178
1747908398800.5,207114,1747908398781.563,64,86,-177
1747908398820.344,207441,1747908398801.406,67,91,-177
1747908398840.219,207708,1747908398821.281,70,92,-169
1747908398860.094,207897,1747908398841.125,63,94,-160
1747908398879.906,207993,1747908398861.031,57,94,-160
1747908398899.75,208010,1747908398880.812,41,97,-169
1747908398919.594,207911,1747908398900.687,32,103,-161
1747908398939.437,207706,1747908398920.531,24,99,-150
1747908398959.313,207363,1747908398940.344,28,97,-145
1747908398979.219,207049,1747908398960.25,22,96,-128
1747908398999.0,206750,1747908398980.094,14,104,-120
1747908399018.875,206511,1747908398999.937,-2,105,-119
1747908399038.719,206294,1747908399019.781,-13,113,-113
1747908399058.563,206102,1747908399039.625,-41,116,-105
1747908399078.375,205957,1747908399059.5,-52,113,-89
1747908399098.25,205870,1747908399079.344,-69,99,-68
1747908399118.125,205851,1747908399099.188,-97,112,-89
1747908399137.969,205903,1747908399119.063,-117,112,-89
1747908399157.813,205990,1747908399138.875,-152,124,-97
1747908399177.656,206101,1747908399158.75,-168,121,-100
1747908399197.562,206176,1747908399178.562,-200,121,-122
1747908399217.375,206105,1747908399198.469,-208,134,-145
1747908399237.219,205860,1747908399218.281,-189,129,-137
1747908399257.063,205519,1747908399238.156,-137,137,-113
1747908399276.937,205196,1747908399257.969,-104,135,-86
1747908399296.781,204941,1747908399277.844,-93,131,-78
1747908399316.656,204658,1747908399297.719,-88,119,-90
1747908399336.469,204396,1747908399317.563,-97,112,-131
1747908399356.344,204191,1747908399337.375,-98,112,-157
1747908399376.187,204114,1747908399357.25,-68,112,-142
1747908399396.0,204067,1747908399377.094,-47,89,-104
1747908399415.875,204066,1747908399396.969,-16,80,-98
1747908399435.75,204113,1747908399416.781,3,79,-130
1747908399455.594,204180,1747908399436.656,-4,116,-128
1747908399475.437,204191,1747908399456.531,12,143,-125
1747908399495.281,204227,1747908399476.375,25,120,-113
1747908399515.156,204202,1747908399496.219,38,73,-128
1747908399535.0,204121,1747908399516.031,67,97,-159
1747908399554.844,204048,1747908399535.906,87,107,-171
1747908399574.719,203951,1747908399555.781,89,99,-177
1747908399594.563,203804,1747908399575.594,103,96,-191
1747908399614.406,203619,1747908399595.469,96,84,-209
1747908399634.25,203434,1747908399615.344,87,83,-217
1747908399654.094,203265,1747908399635.187,76,78,-210
1747908399673.969,203211,1747908399655.031,71,76,-210
1747908399693.813,203258,1747908399674.875,75,67,-209
1747908399713.656,203328,1747908399694.75,56,70,-214
1747908399733.5,203442,1747908399714.594,48,78,-209
1747908399753.375,203611,1747908399734.438,62,74,-192
1747908399773.219,203880,1747908399754.281,64,76,-194
1747908399793.063,204207,1747908399774.094,64,73,-207
1747908399812.906,204588,1747908399793.969,59,78,-217
1747908399832.781,204914,1747908399813.812,48,96,-209
1747908399852.656,205090,1747908399833.688,48,107,-178
1747908399872.469,205153,1747908399853.594,42,110,-148
1747908399892.313,205105,1747908399873.406,31,104,-136
1747908399912.187,204989,1747908399893.219,22,96,-116
1747908399932.031,204810,1747908399913.094,5,92,-97
1747908399951.844,204699,1747908399932.938,-9,84,-84
1747908399971.719,204643,1747908399952.781,-21,96,-81
1747908399991.562,204573,1747908399972.656,-52,110,-81
1747908400011.437,204562,1747908399992.469,-61,124,-84
1747908400031.281,204596,1747908400012.344,-89,136,-97
1747908400051.125,204623,1747908400032.219,-112,156,-85
1747908400071.0,204695,1747908400052.062,-109,167,-81
1747908400090.844,204708,1747908400071.906,-121,167,-64
1747908400110.687,204606,1747908400091.781,-112,167,-64
1747908400130.563,204402,1747908400111.656,-110,166,-64
1747908400150.4058,204182,1747908400131.5,-116,168,-64
1747908400170.281,203931,1747908400151.344,-130,182,-72
1747908400190.156,203657,1747908400171.187,-116,188,-84
1747908400209.969,203390,1747908400191.063,-105,177,-73
1747908400229.844,203154,1747908400210.906,-79,159,-57
1747908400249.719,202873,1747908400230.75,-69,142,-58
1747908400269.531,202611,1747908400250.625,-72,137,-81
1747908400289.375,202372,1747908400270.438,-81,137,-94
1747908400309.219,202132,1747908400290.313,-74,127,-82
1747908400329.063,201911,1747908400310.125,-44,103,-110
1747908400348.937,201709,1747908400330.0,-37,95,-118
1747908400368.75,201532,1747908400349.875,-24,96,-122
1747908400388.625,201351,1747908400369.719,-9,83,-116
1747908400408.563,201223,1747908400389.563,8,70,-155
1747908400428.437,201208,1747908400409.5,42,62,-177
1747908400448.187,201214,1747908400429.281,71,71,-185
1747908400468.031,201379,1747908400449.125,76,79,-186
1747908400487.875,201624,1747908400468.9382,79,84,-180
1747908400507.719,201605,1747908400488.781,65,94,-176
1747908400527.562,201402,1747908400508.594,52,107,-209
1747908400547.375,201199,1747908400528.469,24,108,-235
1747908400567.219,200994,1747908400548.281,-4,96,-249
1747908400587.094,200874,1747908400568.156,-17,73,-250
1747908400606.906,200719,1747908400588.0,-12,59,-233
1747908400626.75,200517,1747908400607.812,-5,47,-221
1747908400646.625,200240,1747908400627.656,15,44,-209
1747908400666.437,200046,1747908400647.531,16,54,-200
1747908400686.281,199755,1747908400667.375,19,64,-205
1747908400706.125,199487,1747908400687.219,12,70,-209
1747908400725.969,199122,1747908400707.062,16,70,-200
1747908400745.844,198698,1747908400726.875,7,67,-185
1747908400765.656,198292,1747908400746.75,3,69,-160
1747908400785.531,197955,1747908400766.594,-4,87,-153
1747908400805.375,197611,1747908400786.437,-4,83,-128
1747908400825.219,197296,1747908400806.312,-17,88,-126
1747908400845.062,197015,1747908400826.156,-31,102,-116
1747908400864.938,196732,1747908400846.031,-41,103,-114
1747908400884.813,196571,1747908400865.875,-37,96,-88
1747908400904.687,196435,1747908400885.719,-50,103,-92
1747908400924.5,196358,1747908400905.594,-66,116,-89
1747908400944.375,196287,1747908400925.438,-77,127,-77
1747908400964.25,196201,1747908400945.312,-97,126,-84
1747908400984.219,196093,1747908400965.156,-125,136,-89
1747908401003.906,195963,1747908400985.125,-125,143,-89
1747908401023.781,195842,1747908401004.813,-116,144,-77
1747908401043.656,195686,1747908401024.719,-116,147,-61
1747908401063.5,195604,1747908401044.531,-113,148,-61
1747908401083.344,195497,1747908401064.437,-122,147,-73
1747908401103.187,195389,1747908401084.281,-121,151,-93
1747908401123.063,195253,1747908401104.125,-127,160,-93
1747908401142.938,195104,1747908401123.969,-116,143,-88
1747908401162.75,194945,1747908401143.844,-97,138,-81
1747908401182.625,194753,1747908401163.656,-93,123,-72
1747908401202.469,194539,1747908401183.563,-112,131,-97
1747908401222.344,194355,1747908401203.406,-100,117,-114
1747908401242.188,194096,1747908401223.312,-90,104,-137
1747908401262.062,193829,1747908401243.094,-71,100,-149
1747908401281.906,193538,1747908401262.938,-56,99,-144
1747908401301.75,193137,1747908401282.813,-45,80,-145
1747908401321.656,192621,1747908401302.687,-20,71,-177
1747908401341.437,192097,1747908401322.562,-13,80,-181
1747908401361.312,191588,1747908401342.406,24,91,-166
1747908401381.156,191084,1747908401362.25,28,92,-160
1747908401401.031,190560,1747908401382.094,15,78,-169
1747908401420.875,190036,1747908401401.937,36,81,-178
1747908401440.781,189498,1747908401421.812,41,81,-191
1747908401460.594,189020,1747908401441.625,48,79,-184
1747908401480.438,188528,1747908401461.469,51,83,-192
1747908401500.25,188078,1747908401481.344,67,83,-189
1747908401520.125,187616,1747908401501.219,71,80,-213
1747908401539.969,187204,1747908401521.0,67,86,-201
1747908401559.813,186816,1747908401540.875,60,91,-209
1747908401579.656,186479,1747908401560.75,68,88,-209
1747908401599.5,186190,1747908401580.594,65,88,-202
1747908401619.375,185947,1747908401600.437,63,88,-192
1747908401639.219,185732,1747908401620.281,51,88,-180
1747908401659.094,185594,1747908401640.156,44,86,-169
1747908401678.938,185454,1747908401660.031,33,83,-160
1747908401698.781,185295,1747908401679.812,30,89,-160
1747908401718.625,185030,1747908401699.719,20,97,-161
1747908401738.437,184712,1747908401719.531,0,92,-137
1747908401758.313,184405,1747908401739.375,-8,94,-125
1747908401778.219,184120,1747908401759.219,-13,96,-125
1747908401798.031,183891,1747908401779.094,-56,95,-136
1747908401817.875,183815,1747908401798.938,-77,111,-141
1747908401837.75,184188,1747908401818.813,-97,104,-141
1747908401857.594,184852,1747908401838.656,-116,104,-153
1747908401877.469,185020,1747908401858.5,-113,147,-122
1747908401897.25,184619,1747908401878.344,-80,192,-113
1747908401917.125,184019,1747908401898.219,-56,185,-88
1747908401937.0,183459,1747908401918.063,-34,143,-64
1747908401956.844,183161,1747908401937.875,-28,112,-77
1747908401976.687,182807,1747908401957.75,-33,115,-89
1747908401996.531,182371,1747908401977.625,-49,146,-114
1747908402016.406,181910,1747908401997.438,-60,152,-122
1747908402036.25,181476,1747908402017.313,-54,159,-116
1747908402056.094,181140,1747908402037.187,-44,148,-106
1747908402075.937,180907,1747908402057.0,-39,150,-96
1747908402095.844,180705,1747908402076.875,-29,153,-96
1747908402115.688,180550,1747908402096.719,-27,152,-96
1747908402135.5,180354,1747908402116.594,-37,142,-110
1747908402155.375,180172,1747908402136.437,-40,143,-128
1747908402175.219,180032,1747908402156.25,-37,136,-153
1747908402195.094,179965,1747908402176.125,-47,120,-148
1747908402214.906,180012,1747908402196.0,-30,120,-162
1747908402234.781,180225,1747908402215.844,-2,116,-162
1747908402254.656,180528,1747908402235.656,14,119,-160
1747908402274.531,180858,1747908402255.563,19,105,-168
1747908402294.344,181100,1747908402275.438,31,103,-170
1747908402314.188,181339,1747908402295.312,48,105,-169
1747908402334.062,181658,1747908402315.094,75,99,-160
1747908402353.906,182095,1747908402335.0,76,96,-153
1747908402373.719,182535,1747908402354.813,95,103,-145
1747908402393.687,182913,1747908402374.687,102,103,-161
1747908402413.437,183309,1747908402394.625,104,111,-185
1747908402433.312,183944,1747908402414.344,103,108,-189
1747908402453.125,185106,1747908402434.219,94,108,-213
1747908402472.969,186552,1747908402454.031,95,111,-208
1747908402492.844,187799,1747908402473.906,100,112,-201
1747908402512.687,188816,1747908402493.781,89,108,-189
1747908402532.562,189419,1747908402513.625,95,96,-183
1747908402552.406,189590,1747908402533.5,96,96,-159
1747908402572.25,189542,1747908402553.375,79,99,-154
1747908402592.125,189443,1747908402573.187,64,92,-160
1747908402611.969,189299,1747908402593.031,44,92,-164
1747908402631.781,189074,1747908402612.875,39,95,-169
1747908402651.656,188842,1747908402632.719,51,94,-160
1747908402671.531,188574,1747908402652.562,33,95,-160
1747908402691.375,188338,1747908402672.437,19,94,-165
1747908402711.219,188092,1747908402692.281,9,92,-169
1747908402731.094,187803,1747908402712.156,-16,96,-160
1747908402750.938,187429,1747908402732.031,-23,88,-177
1747908402770.812,187112,1747908402751.844,-42,88,-160
1747908402790.656,186920,1747908402771.687,-38,92,-153
1747908402810.5,186834,1747908402791.594,-25,126,-128
1747908402830.375,186802,1747908402811.438,3,118,-116
1747908402850.25,186733,1747908402831.281,-4,116,-118
1747908402870.062,186599,1747908402851.156,-36,127,-121
1747908402889.937,186498,1747908402871.063,-49,155,-142
1747908402909.781,186450,1747908402890.875,-33,153,-148
1747908402929.656,186446,1747908402910.687,-24,151,-135
1747908402949.5,186465,1747908402930.531,-25,143,-125
1747908402969.375,186528,1747908402950.438,-37,140,-113
1747908402989.188,186575,1747908402970.313,-26,144,-113
1747908403009.031,186650,1747908402990.094,-36,142,-113
1747908403028.875,186815,1747908403010.062,-36,144,-113
1747908403048.75,186972,1747908403029.812,-32,144,-105
1747908403068.625,187176,1747908403049.656,-25,140,-106
1747908403088.438,187450,1747908403069.563,-18,143,-113
1747908403108.281,187739,1747908403089.344,-5,143,-120
1747908403128.156,188120,1747908403109.219,7,135,-138
1747908403148.0,188658,1747908403129.062,22,115,-153
1747908403167.875,189261,1747908403148.906,28,111,-153
1747908403187.6882,189822,1747908403168.781,27,108,-161
1747908403207.562,190272,1747908403188.625,22,119,-169
1747908403227.437,190674,1747908403208.5,38,118,-162
1747908403247.313,191067,1747908403228.344,43,112,-162
1747908403267.125,191462,1747908403248.219,49,113,-161
1747908403287.0,191844,1747908403268.062,48,113,-161
1747908403306.844,192226,1747908403287.937,38,116,-177
1747908403326.719,192510,1747908403307.781,34,112,-189
1747908403346.563,192604,1747908403327.656,51,103,-189
1747908403366.406,192484,1747908403347.531,63,87,-185
1747908403386.281,192225,1747908403367.344,79,76,-184
1747908403406.156,191899,1747908403387.219,68,88,-192
1747908403426.0,191666,1747908403407.063,70,86,-189
1747908403445.844,191489,1747908403426.938,56,81,-192
1747908403465.719,191324,1747908403446.75,38,78,-188
1747908403485.562,191215,1747908403466.625,39,64,-169
1747908403505.406,191158,1747908403486.469,44,76,-159
1747908403525.25,191153,1747908403506.344,54,83,-149
1747908403545.125,191238,1747908403526.187,51,96,-153
1747908403565.0,191330,1747908403546.031,44,96,-128
1747908403584.844,191440,1747908403565.875,35,100,-137
1747908403604.688,191511,1747908403585.781,7,96,-160
1747908403624.563,191583,1747908403605.625,-28,92,-177
1747908403644.406,191700,1747908403625.469,-31,94,-177
1747908403664.25,191778,1747908403645.312,-8,96,-177
1747908403684.125,191666,1747908403665.219,-9,94,-173
1747908403704.0,191487,1747908403685.031,-9,97,-185
1747908403723.875,191268,1747908403704.906,-25,89,-181
1747908403743.719,190996,1747908403724.781,-26,84,-177
1747908403763.562,190761,1747908403744.656,-16,79,-168
1747908403783.406,190491,1747908403764.469,-10,87,-153
1747908403803.25,190238,1747908403784.312,-1,88,-146
1747908403823.062,190037,1747908403804.187,-20,89,-128
1747908403842.937,189838,1747908403824.031,7,83,-123
1747908403862.75,189675,1747908403843.844,16,75,-128
1747908403882.625,189586,1747908403863.656,8,67,-137
1747908403902.438,189671,1747908403883.531,6,73,-145
1747908403922.281,190260,1747908403903.375,8,72,-146
1747908403942.125,191632,1747908403923.187,8,76,-144
1747908403961.969,193469,1747908403943.063,22,83,-168
1747908403981.813,195495,1747908403962.9058,12,79,-180
1747908404001.656,197079,1747908403982.812,-13,73,-210
1747908404021.5,198269,1747908404002.594,-16,76,-226
1747908404041.344,199236,1747908404022.406,-15,75,-229
1747908404061.188,200098,1747908404042.25,-17,71,-217
1747908404081.156,200947,1747908404062.125,7,76,-202
1747908404100.906,201848,1747908404082.094,-7,83,-185
1747908404120.781,202813,1747908404101.8118,-4,79,-162
1747908404140.625,203815,1747908404121.688,8,73,-145
1747908404160.469,204774,1747908404141.563,-1,70,-141
1747908404180.344,205666,1747908404161.406,-7,81,-128
1747908404200.187,206474,1747908404181.25,-7,80,-137
1747908404220.031,207208,1747908404201.156,-7,79,-141
1747908404239.875,207886,1747908404220.969,8,84,-154
1747908404259.719,208520,1747908404240.844,11,94,-161
1747908404279.594,209251,1747908404260.656,16,84,-160
1747908404299.469,210011,1747908404280.5,17,78,-165
1747908404319.281,210865,1747908404300.406,32,76,-157
1747908404339.156,211690,1747908404320.281,44,76,-165
1747908404359.031,212313,1747908404340.062,44,76,-162
1747908404378.875,212583,1747908404359.937,23,67,-173
1747908404398.719,212778,1747908404379.781,19,59,-185
1747908404418.563,212895,1747908404399.656,24,63,-192
1747908404438.406,212889,1747908404419.5,24,60,-184
1747908404458.281,212767,1747908404439.312,27,56,-177
1747908404478.094,212540,1747908404459.187,24,55,-165
1747908404497.937,212335,1747908404479.031,15,48,-168
1747908404517.813,212159,1747908404498.844,16,56,-161
1747908404537.656,212079,1747908404518.719,14,54,-156
1747908404557.469,212043,1747908404538.562,20,68,-145
1747908404577.344,212020,1747908404558.406,28,55,-145
1747908404597.188,211967,1747908404578.25,15,65,-153
1747908404617.031,212037,1747908404598.063,23,76,-164
1747908404636.875,212250,1747908404617.937,12,79,-178
1747908404656.719,212492,1747908404637.812,3,81,-177
1747908404676.594,212719,1747908404657.688,1,83,-169
1747908404696.438,212892,1747908404677.469,9,76,-159
1747908404716.25,212986,1747908404697.313,12,76,-160
1747908404736.094,213012,1747908404717.187,11,79,-168
1747908404756.062,213015,1747908404737.0,-8,78,-173
1747908404775.844,213051,1747908404756.938,2,71,-175
1747908404795.656,213078,1747908404776.719,8,78,-177
1747908404815.531,213104,1747908404796.594,3,84,-170
1747908404835.344,213103,1747908404816.437,7,80,-169
1747908404855.219,213102,1747908404836.25,12,88,-164
1747908404875.0,213096,1747908404856.094,8,86,-160
1747908404894.875,213027,1747908404875.938,10,96,-165
1747908404914.75,212917,1747908404895.812,7,79,-160
1747908404934.594,212769,1747908404915.625,15,76,-160
1747908404954.437,212599,1747908404935.531,3,79,-160
1747908404974.281,212421,1747908404955.375,8,83,-164
1747908404994.125,212273,1747908404975.219,7,83,-162
1747908405014.0,212108,1747908404995.125,15,91,-164
1747908405033.844,211961,1747908405014.906,15,88,-167
1747908405053.656,211834,1747908405034.781,12,84,-177
1747908405073.531,211730,1747908405054.625,16,86,-160
1747908405093.5,211640,1747908405074.437,19,83,-161
1747908405113.25,211545,1747908405094.406,9,86,-160
1747908405133.0618,211484,1747908405114.156,12,79,-160
1747908405152.906,211398,1747908405133.969,14,87,-161
1747908405172.781,211356,1747908405153.813,7,76,-160
1747908405192.625,211277,1747908405173.719,15,92,-165
1747908405212.594,211207,1747908405193.562,15,87,-164
1747908405232.312,211140,1747908405213.406,12,80,-157
1747908405252.188,211086,1747908405233.219,19,88,-160
1747908405272.031,211008,1747908405253.094,12,87,-164
1747908405291.844,210968,1747908405272.969,15,86,-160
1747908405311.719,210900,1747908405292.781,15,80,-160
1747908405331.563,210844,1747908405312.625,15,81,-169
1747908405351.406,210813,1747908405332.469,15,84,-169
1747908405371.25,210774,1747908405352.344,18,79,-167
1747908405391.094,210787,1747908405372.156,19,86,-169
1747908405410.969,210797,1747908405392.0,15,83,-160
1747908405430.938,210826,1747908405411.875,12,87,-157
1747908405450.625,210878,1747908405431.844,17,88,-160
1747908405470.5,210919,1747908405451.562,15,81,-160
1747908405490.344,210972,1747908405471.406,15,87,-159
1747908405510.187,211030,1747908405491.281,1,76,-161
1747908405530.0,211010,1747908405511.094,8,84,-159
1747908405549.844,211010,1747908405530.937,16,81,-168
1747908405569.719,211007,1747908405550.75,15,86,-160
1747908405589.562,211074,1747908405570.625,11,84,-177
1747908405609.406,211231,1747908405590.469,7,88,-177
1747908405629.281,211406,1747908405610.375,10,80,-154
1747908405649.156,211630,1747908405630.187,1,84,-164
1747908405668.969,211863,1747908405650.062,1,83,-161
1747908405688.844,212129,1747908405670.0,12,83,-160
1747908405708.688,212426,1747908405689.781,16,79,-154
1747908405728.5308,212716,1747908405709.625,9,72,-161
1747908405748.375,212936,1747908405729.437,-9,79,-160
1747908405768.219,213141,1747908405749.25,4,94,-169
1747908405788.031,213317,1747908405769.156,1,85,-161
1747908405807.906,213519,1747908405789.0,17,81,-164
1747908405827.781,213638,1747908405808.844,14,76,-162
1747908405847.625,213771,1747908405828.719,1,86,-162
1747908405867.469,213897,1747908405848.531,3,92,-167
1747908405887.313,214030,1747908405868.406,3,87,-169
1747908405907.156,214215,1747908405888.2192,-2,96,-165
1747908405927.031,214385,1747908405908.062,3,85,-159
1747908405946.812,214555,1747908405927.937,4,89,-161
1747908405966.687,214688,1747908405947.781,15,92,-161
1747908405986.563,214846,1747908405967.594,9,90,-168
1747908406006.375,214936,1747908405987.469,-8,83,-177
1747908406026.219,215027,1747908406007.281,1,84,-160
1747908406046.094,215136,1747908406027.156,11,82,-160
1747908406065.906,215237,1747908406047.0,9,84,-162
1747908406085.781,215350,1747908406066.813,3,92,-169
1747908406105.594,215463,1747908406086.719,15,91,-170
1747908406125.469,215574,1747908406106.562,9,88,-164
1747908406145.312,215611,1747908406126.344,15,90,-157
1747908406165.156,215589,1747908406146.25,15,92,-162
1747908406184.969,215561,1747908406166.063,12,102,-162
1747908406204.844,215488,1747908406185.906,-3,94,-160
1747908406224.687,215413,1747908406205.75,-1,92,-160
1747908406244.5,215320,1747908406225.594,7,93,-161
1747908406264.344,215193,1747908406245.438,15,92,-146
1747908406284.188,215018,1747908406265.312,6,94,-148
1747908406304.031,214861,1747908406285.125,14,88,-165
1747908406323.906,214683,1747908406304.9368,6,89,-169
1747908406343.75,214545,1747908406324.813,6,88,-164
1747908406363.594,214435,1747908406344.688,1,87,-169
1747908406383.469,214397,1747908406364.562,3,89,-166
1747908406403.312,214374,1747908406384.406,-4,94,-165
1747908406423.156,214353,1747908406404.219,4,96,-160
1747908406443.0,214308,1747908406424.094,6,100,-162
1747908406462.9058,214258,1747908406443.938,8,96,-161
1747908406482.719,214176,1747908406463.75,-5,92,-152
1747908406502.594,214068,1747908406483.594,4,88,-160
1747908406522.406,214039,1747908406503.5,-2,92,-164
1747908406542.281,214054,1747908406523.313,7,86,-157
1747908406562.156,214074,1747908406543.187,4,89,-154
1747908406582.0,214084,1747908406563.062,3,107,-153
1747908406601.8118,214097,1747908406582.906,5,93,-157
1747908406621.656,214088,1747908406602.781,14,88,-162
1747908406641.531,214092,1747908406622.5942,-3,92,-153
1747908406661.437,214086,1747908406642.437,-2,92,-157
1747908406681.219,214073,1747908406662.281,-2,99,-162
1747908406701.094,214079,1747908406682.156,-7,92,-160
1747908406720.969,214087,1747908406702.0,-7,92,-160
1747908406740.813,214112,1747908406721.906,0,95,-160
1747908406760.656,214091,1747908406741.719,0,87,-169
1747908406780.531,214031,1747908406761.594,6,89,-160
1747908406800.406,213911,1747908406781.4382,-8,92,-160
1747908406820.281,213726,1747908406801.312,7,97,-159
1747908406840.094,213583,1747908406821.219,-5,94,-154
1747908406859.969,213450,1747908406841.031,-9,88,-157
1747908406879.813,213316,1747908406860.875,-1,94,-162
1747908406899.656,213216,1747908406880.719,-2,83,-160
1747908406919.5,213159,1747908406900.562,12,96,-161
1747908406939.344,213128,1747908406920.437,8,91,-161
1747908406959.187,213100,1747908406940.25,-2,90,-157
1747908406979.063,213081,1747908406960.063,0,96,-144
1747908406998.875,213074,1747908406979.969,-4,92,-162
1747908407018.719,213056,1747908406999.8118,14,96,-157
1747908407038.562,213037,1747908407019.625,12,86,-161
1747908407058.438,213009,1747908407039.469,6,88,-159
1747908407078.25,212980,1747908407059.344,-2,89,-154
1747908407098.094,212943,1747908407079.187,-5,91,-157
1747908407117.937,212924,1747908407099.0,-4,89,-162
1747908407137.781,212881,1747908407118.844,11,92,-158
1747908407157.625,212881,1747908407138.719,8,80,-161
1747908407177.469,212863,1747908407158.563,3,88,-160
1747908407197.344,212865,1747908407178.375,12,92,-156
1747908407217.219,212854,1747908407198.25,-7,89,-157
1747908407237.0,212878,1747908407218.156,3,96,-160
1747908407256.875,212922,1747908407237.969,7,102,-169
1747908407276.719,212922,1747908407257.812,11,90,-160
1747908407296.562,212939,1747908407277.656,7,84,-161
1747908407316.406,212947,1747908407297.469,-8,88,-153
1747908407336.281,212990,1747908407317.344,6,87,-160
1747908407356.094,213009,1747908407337.219,6,91,-167
1747908407376.0,213023,1747908407357.031,-4,88,-157
1747908407395.844,212943,1747908407376.906,-8,88,-159
1747908407415.656,212778,1747908407396.781,-9,90,-161
1747908407435.531,212591,1747908407416.594,1,86,-160
1747908407455.406,212394,1747908407436.438,-2,92,-169
1747908407475.25,212184,1747908407456.312,0,88,-154
1747908407495.062,211999,1747908407476.156,9,88,-160
1747908407514.937,211818,1747908407496.0,11,89,-157
1747908407534.813,211661,1747908407515.844,0,88,-162
1747908407554.656,211557,1747908407535.687,7,91,-157
1747908407574.469,211448,1747908407555.562,3,88,-154
1747908407594.344,211375,1747908407575.406,-1,94,-157
1747908407614.219,211301,1747908407595.25,3,87,-161
1747908407634.094,211197,1747908407615.125,12,88,-160
1747908407653.906,211093,1747908407634.969,2,89,-152
1747908407673.781,210967,1747908407654.812,11,88,-159
1747908407693.594,210871,1747908407674.688,3,92,-160
1747908407713.469,210764,1747908407694.5,-4,86,-159
1747908407733.281,210663,1747908407714.406,9,89,-158
1747908407753.156,210592,1747908407734.25,-4,92,-159
1747908407773.031,210568,1747908407754.062,3,87,-160
1747908407792.906,210577,1747908407773.938,3,83,-158
1747908407812.719,210632,1747908407793.813,12,92,-160
1747908407832.594,210683,1747908407813.656,12,91,-161
1747908407852.437,210755,1747908407833.531,12,94,-154
1747908407872.313,210822,1747908407853.375,7,99,-159
1747908407892.125,210873,1747908407873.219,7,88,-164
1747908407911.969,210946,1747908407893.062,7,89,-158
1747908407931.844,211056,1747908407912.875,6,96,-154
1747908407951.687,211151,1747908407932.75,6,92,-159
1747908407971.5,211235,1747908407952.594,-1,88,-168
1747908407991.375,211265,1747908407972.438,7,92,-148
1747908408011.219,211199,1747908407992.281,-8,88,-158
1747908408031.0618,211080,1747908408012.094,9,94,-173
1747908408050.875,210908,1747908408031.969,6,88,-160
1747908408070.75,210733,1747908408051.844,1,91,-162
1747908408090.594,210560,1747908408071.656,-4,91,-161
1747908408110.469,210431,1747908408091.5,7,92,-158
1747908408130.281,210360,1747908408111.344,7,88,-159
1747908408150.125,210358,1747908408131.188,0,92,-160
1747908408170.0,210429,1747908408151.031,12,88,-161
1747908408189.813,210520,1747908408170.906,12,95,-161
1747908408209.656,210626,1747908408190.719,24,99,-160
1747908408229.5,210709,1747908408210.594,5,94,-167
1747908408249.344,210764,1747908408230.469,-8,96,-160
1747908408269.219,210845,1747908408250.281,3,102,-161
1747908408289.062,210888,1747908408270.156,3,88,-167
1747908408308.906,210984,1747908408290.0,-8,92,-161
1747908408328.75,211071,1747908408309.844,-9,91,-152
1747908408348.656,211176,1747908408329.656,-4,88,-161
1747908408368.438,211228,1747908408349.531,2,95,-160
1747908408388.281,211264,1747908408369.344,8,89,-157
1747908408408.156,211321,1747908408389.25,8,96,-153
1747908408428.031,211363,1747908408409.031,6,92,-160
1747908408447.906,211400,1747908408428.906,1,89,-160
1747908408467.719,211468,1747908408448.812,3,92,-160
1747908408487.562,211551,1747908408468.687,3,92,-165
1747908408507.437,211655,1747908408488.5,7,97,-164
1747908408527.313,211759,1747908408508.344,-4,96,-169
1747908408547.156,211890,1747908408528.219,3,96,-160
1747908408567.0,211999,1747908408548.094,3,100,-161
1747908408587.031,212133,1747908408567.906,-4,92,-160
1747908408606.75,212273,1747908408587.813,-4,96,-157
1747908408626.594,212353,1747908408607.687,-4,87,-154
1747908408646.437,212360,1747908408627.531,4,89,-161
1747908408666.312,212347,1747908408647.344,4,89,-160
1747908408686.156,212312,1747908408667.25,3,92,-162
1747908408706.0,212263,1747908408687.094,3,89,-162
1747908408725.844,212206,1747908408706.937,4,92,-162
1747908408745.719,212193,1747908408726.75,4,96,-157
1747908408765.562,212181,1747908408746.625,-1,95,-161
1747908408785.375,212172,1747908408766.5,-1,96,-164
1747908408805.344,212107,1747908408786.313,7,98,-158
1747908408825.094,211957,1747908408806.25,0,96,-157
1747908408844.969,211744,1747908408826.031,7,95,-160
1747908408864.781,211553,1747908408845.844,7,92,-160
1747908408884.625,211405,1747908408865.719,-13,87,-161
1747908408904.5,211265,1747908408885.531,-2,92,-157
1747908408924.469,211122,1747908408905.406,16,88,-161
1747908408944.187,211003,1747908408925.281,9,79,-161
1747908408964.031,210919,1747908408945.125,-4,92,-154
1747908408983.875,210844,1747908408964.938,4,104,-168
1747908409003.75,210815,1747908408984.781,3,95,-144
1747908409023.562,210805,1747908409004.656,3,91,-153
1747908409043.406,210792,1747908409024.531,3,92,-161
1747908409063.281,210817,1747908409044.313,4,91,-155
1747908409083.156,210820,1747908409064.188,7,92,-157
1747908409102.937,210847,1747908409084.062,-1,95,-161
1747908409122.812,210861,1747908409103.875,4,91,-157
1747908409142.781,210899,1747908409123.688,7,88,-157
1747908409162.5,210945,1747908409143.687,4,92,-155
1747908409182.344,211048,1747908409163.406,7,87,-158
1747908409202.187,211129,1747908409183.281,8,89,-162
1747908409222.062,211219,1747908409203.125,-9,80,-161
1747908409241.906,211301,1747908409222.938,-4,92,-160
1747908409261.875,211263,1747908409242.813,4,87,-160
1747908409281.594,211180,1747908409262.656,6,96,-157
1747908409301.437,211045,1747908409282.531,-1,87,-160
1747908409321.312,210899,1747908409302.344,7,89,-160
1747908409341.125,210768,1747908409322.219,7,88,-160
1747908409360.969,210633,1747908409342.062,4,92,-167
1747908409380.812,210529,1747908409361.906,3,91,-161
1747908409400.656,210475,1747908409381.75,0,88,-160
1747908409420.531,210470,1747908409401.594,-7,91,-154
1747908409440.313,210470,1747908409421.438,7,92,-161
1747908409460.188,210455,1747908409441.281,7,96,-161
1747908409480.031,210474,1747908409461.094,4,96,-164
1747908409499.875,210522,1747908409480.937,0,93,-160
1747908409519.687,210529,1747908409500.781,3,96,-157
1747908409539.625,210567,1747908409520.625,8,94,-159
1747908409559.406,210617,1747908409540.469,-4,108,-160
1747908409579.25,210612,1747908409560.312,3,96,-162
1747908409599.062,210626,1747908409580.156,-4,88,-164
1747908409618.906,210643,1747908409600.0,-3,95,-157
1747908409638.781,210655,1747908409619.844,-8,88,-153
1747908409658.625,210669,1747908409639.687,-4,95,-154
1747908409678.437,210684,1747908409659.531,10,92,-161
1747908409698.312,210702,1747908409679.375,7,92,-161
1747908409718.188,210748,1747908409699.25,7,88,-157
1747908409738.031,210810,1747908409719.125,7,92,-157
1747908409757.844,210873,1747908409738.937,-2,92,-160
1747908409777.719,210927,1747908409758.812,-3,94,-167
1747908409797.563,210982,1747908409778.625,8,96,-159
1747908409817.469,211050,1747908409798.469,3,96,-160
1747908409837.281,211103,1747908409818.375,-1,96,-161
1747908409857.125,211156,1747908409838.219,12,88,-160
1747908409877.031,211208,1747908409858.063,12,89,-160
1747908409896.875,211151,1747908409877.938,0,96,-165
1747908409916.719,211030,1747908409897.75,7,91,-160
1747908409936.562,210864,1747908409917.687,-4,94,-160
1747908409956.437,210709,1747908409937.5,9,108,-161
1747908409976.3132,210573,1747908409957.344,6,89,-158
1747908409996.125,210480,1747908409977.219,8,89,-153
1747908410016.0,210374,1747908409997.062,-2,94,-144
1747908410035.875,210351,1747908410016.906,8,92,-160
1747908410055.75,210330,1747908410036.781,-1,95,-157
1747908410075.563,210329,1747908410056.75,-7,95,-164
1747908410095.438,210366,1747908410076.5,-5,91,-161
1747908410115.281,210397,1747908410096.344,10,88,-159
1747908410135.156,210438,1747908410116.188,8,91,-161
1747908410155.0,210468,1747908410136.063,12,92,-160
1747908410174.844,210478,1747908410155.937,11,92,-160
1747908410194.719,210497,1747908410175.781,8,94,-160
1747908410214.594,210510,1747908410195.625,12,88,-160
1747908410234.438,210510,1747908410215.5,6,99,-160
1747908410254.313,210524,1747908410235.375,7,94,-164
1747908410274.219,210539,1747908410255.187,6,100,-160
1747908410294.031,210566,1747908410275.062,4,79,-164
1747908410313.906,210599,1747908410294.969,-4,92,-160
1747908410333.75,210614,1747908410314.813,0,88,-160
1747908410353.625,210649,1747908410334.656,7,88,-169
1747908410373.469,210711,1747908410354.531,-2,92,-154
1747908410393.312,210758,1747908410374.375,-7,94,-154
1747908410413.188,210840,1747908410394.281,-5,92,-160
1747908410433.063,210906,1747908410414.094,-3,94,-159
1747908410452.906,210991,1747908410433.969,-4,95,-160
1747908410472.781,211045,1747908410453.875,-1,94,-161
1747908410492.625,211070,1747908410473.688,-4,92,-160
1747908410512.5,211016,1747908410493.531,-5,92,-160
1747908410532.344,210874,1747908410513.406,-8,94,-156
1747908410552.281,210705,1747908410533.25,-1,89,-159
1747908410572.063,210554,1747908410553.25,9,96,-160
1747908410591.906,210409,1747908410572.969,-5,96,-152
1747908410611.75,210277,1747908410592.812,-2,97,-160
1747908410631.594,210174,1747908410612.656,1,103,-160
1747908410651.625,210078,1747908410632.531,-4,92,-154
1747908410671.344,210006,1747908410652.406,6,92,-161
1747908410691.188,209963,1747908410672.25,-4,95,-138
1747908410711.031,209943,1747908410692.156,11,87,-167
1747908410730.875,209890,1747908410712.0,15,78,-169
1747908410750.781,209826,1747908410731.781,-2,88,-165
1747908410770.625,209811,1747908410751.688,11,94,-161
1747908410790.469,209740,1747908410771.531,-5,92,-157
1747908410810.312,209725,1747908410791.437,1,96,-153
1747908410830.156,209697,1747908410811.219,3,99,-153
1747908410850.0,209679,1747908410831.063,9,94,-158
1747908410869.844,209683,1747908410850.937,4,96,-161
1747908410889.719,209673,1747908410870.812,7,92,-161
1747908410909.625,209671,1747908410890.625,6,92,-159
1747908410929.4382,209646,1747908410910.469,7,95,-152
1747908410949.25,209626,1747908410930.375,8,92,-157
1747908410969.125,209641,1747908410950.219,-1,92,-158
1747908410989.0,209639,1747908410970.031,-1,98,-161
1747908411008.812,209652,1747908410989.875,8,92,-160
1747908411028.656,209705,1747908411009.75,8,91,-150
1747908411048.531,209755,1747908411029.594,2,94,-161
1747908411068.375,209808,1747908411049.469,14,92,-165
1747908411088.219,209883,1747908411069.281,11,94,-160
1747908411108.156,209925,1747908411089.156,3,94,-157
1747908411127.938,209870,1747908411109.0,12,96,-136
1747908411147.781,209771,1747908411128.906,-4,94,-160
1747908411167.625,209615,1747908411148.6868,7,95,-157
1747908411187.5,209466,1747908411168.563,-1,98,-160
1747908411207.375,209350,1747908411188.406,3,96,-158
1747908411227.188,209269,1747908411208.281,8,92,-160
1747908411247.062,209195,1747908411228.094,6,96,-157
1747908411266.937,209144,1747908411247.969,3,96,-157
1747908411286.719,209085,1747908411267.906,2,96,-157
1747908411306.563,209097,1747908411287.656,15,88,-160
1747908411326.437,209100,1747908411307.437,4,92,-160
1747908411346.281,209096,1747908411327.344,1,87,-160
1747908411366.125,209121,1747908411347.188,7,86,-153
1747908411386.0,209167,1747908411367.063,-1,96,-159
1747908411405.844,209160,1747908411386.875,6,92,-157
1747908411425.687,209149,1747908411406.75,-5,95,-154
1747908411445.5618,209174,1747908411426.594,9,97,-159
1747908411465.375,209210,1747908411446.5,9,96,-161
1747908411485.25,209247,1747908411466.281,3,95,-159
1747908411505.125,209312,1747908411486.125,4,97,-144
1747908411524.937,209325,1747908411506.062,-4,96,-173
1747908411544.812,209373,1747908411525.875,-8,91,-145
1747908411564.656,209419,1747908411545.719,7,90,-153
1747908411584.531,209461,1747908411565.594,-1,94,-162
1747908411604.344,209538,1747908411585.406,5,88,-167
1747908411624.187,209627,1747908411605.281,17,88,-169
1747908411644.063,209747,1747908411625.094,8,94,-160
1747908411663.938,209829,1747908411644.969,0,95,-161
1747908411683.75,209928,1747908411664.844,16,90,-162
1747908411703.594,210028,1747908411684.656,9,103,-161
1747908411723.437,210070,1747908411704.5,0,92,-156
1747908411743.313,210055,1747908411724.344,14,89,-153
1747908411763.156,209964,1747908411744.188,11,96,-148
1747908411783.0,209835,1747908411764.094,-4,95,-153
1747908411802.875,209716,1747908411783.937,-2,96,-154
1747908411822.719,209619,1747908411803.75,6,94,-159
1747908411842.531,209531,1747908411823.625,-8,92,-162
1747908411862.375,209503,1747908411843.469,3,92,-160
1747908411882.25,209486,1747908411863.312,1,96,-166
1747908411902.125,209480,1747908411883.188,6,92,-161
1747908411921.938,209501,1747908411903.031,9,96,-164
1747908411941.813,209567,1747908411922.875,12,96,-159
1747908411961.656,209593,1747908411942.719,3,96,-160
1747908411981.531,209650,1747908411962.562,16,95,-157
1747908412001.375,209714,1747908411982.406,14,94,-160
1747908412021.219,209767,1747908412002.313,1,96,-161
1747908412041.063,209819,1747908412022.125,-2,108,-165
1747908412060.969,209871,1747908412042.0,-3,95,-161
1747908412080.75,209915,1747908412061.844,15,95,-160
1747908412100.625,209980,1747908412081.688,8,94,-144
1747908412120.5,210036,1747908412101.562,7,88,-160
1747908412140.344,210115,1747908412121.406,4,91,-161
1747908412160.187,210145,1747908412141.375,6,96,-162
1747908412180.063,210219,1747908412161.125,1,96,-160
1747908412199.906,210283,1747908412180.969,0,95,-156
1747908412219.781,210346,1747908412200.812,4,92,-153
1747908412239.719,210422,1747908412220.687,1,88,-153
1747908412259.469,210493,1747908412240.625,8,95,-160
1747908412279.313,210589,1747908412260.406,-1,87,-160
1747908412299.188,210705,1747908412280.219,-4,92,-160
1747908412319.0,210793,1747908412300.094,1,90,-161
1747908412338.844,210839,1747908412319.906,7,96,-160
1747908412358.687,210864,1747908412339.75,14,100,-147
1747908412378.563,210745,1747908412359.594,22,112,-127
1747908412398.438,210583,1747908412379.469,7,108,-141
1747908412418.25,210387,1747908412399.344,16,92,-132
1747908412438.125,210206,1747908412419.188,-9,90,-160
1747908412457.969,210122,1747908412439.0,-24,81,-191
1747908412477.813,210110,1747908412458.906,-20,79,-168
1747908412497.656,210168,1747908412478.812,-18,84,-189
1747908412517.5,210288,1747908412498.562,-9,80,-192
1747908412537.344,210465,1747908412518.438,-13,84,-209
1747908412557.219,210506,1747908412538.25,-22,91,-212
1747908412577.156,210664,1747908412558.094,-2,91,-217
1747908412596.875,211754,1747908412578.094,3,76,-201
1747908412616.719,213385,1747908412597.781,4,71,-183
1747908412636.594,215105,1747908412617.656,19,70,-180
1747908412656.406,216550,1747908412637.5,33,76,-160
1747908412676.281,217741,1747908412657.344,49,88,-160
1747908412696.125,218710,1747908412677.187,44,112,-146
1747908412715.969,219471,1747908412697.031,40,120,-145
1747908412735.813,219915,1747908412716.875,31,105,-125
1747908412755.656,220139,1747908412736.75,43,108,-113
1747908412775.531,220314,1747908412756.531,35,121,-100
1747908412795.375,220437,1747908412776.406,35,126,-93
1747908412815.187,220443,1747908412796.281,52,124,-64
1747908412835.031,220344,1747908412816.25,72,112,-32
1747908412854.906,220139,1747908412835.969,97,83,18
1747908412874.781,219884,1747908412855.812,115,57,65
1747908412894.594,219611,1747908412875.688,79,35,50
1747908412914.469,219563,1747908412895.531,3,19,-26
1747908412934.281,219767,1747908412915.344,-76,-10,-89
1747908412954.156,219656,1747908412935.187,-97,19,-128
1747908412974.0,219382,1747908412955.062,-89,57,-247
1747908412993.812,219648,1747908412974.938,-104,62,-313
1747908413013.719,219932,1747908412994.781,-144,28,-299
1747908413033.563,219652,1747908413014.625,-160,16,-276
1747908413053.375,219529,1747908413034.5,-160,32,-297
1747908413073.25,219496,1747908413054.312,-148,47,-306
1747908413093.094,219286,1747908413074.188,-138,67,-282
1747908413112.969,218930,1747908413094.0,-144,60,-257
1747908413132.812,218568,1747908413113.875,-135,65,-249
1747908413152.625,218196,1747908413133.719,-117,86,-253
1747908413172.5,217920,1747908413153.594,-113,108,-244
1747908413192.375,217671,1747908413173.406,-135,71,-256
1747908413212.219,217353,1747908413193.312,-153,79,-289
1747908413232.031,217201,1747908413213.125,-161,72,-277
1747908413252.063,217588,1747908413232.969,-116,70,-234
1747908413271.781,218228,1747908413252.969,-69,67,-169
1747908413291.625,218773,1747908413272.688,-33,67,-128
1747908413311.438,218981,1747908413292.531,-5,64,-90
1747908413331.281,219115,1747908413312.406,17,64,-49
1747908413351.156,219397,1747908413332.187,43,51,-8
1747908413371.0,219743,1747908413352.063,60,50,18
1747908413390.844,220110,1747908413371.906,83,56,33
1747908413410.719,220469,1747908413391.781,96,54,51
1747908413430.562,220647,1747908413411.625,110,63,51
1747908413450.469,220613,1747908413431.469,127,60,80
1747908413470.281,220276,1747908413451.344,148,57,92
1747908413490.156,219875,1747908413471.25,158,51,86
1747908413510.062,219740,1747908413491.125,133,49,55
1747908413529.938,219642,1747908413510.969,108,51,15
1747908413549.781,219314,1747908413530.844,73,76,-25
1747908413569.656,218922,1747908413550.719,31,63,-52
1747908413589.531,218711,1747908413570.5618,-28,38,-97
1747908413609.375,218461,1747908413590.438,-78,46,-161
1747908413629.219,218675,1747908413610.281,-168,31,-217
1747908413649.187,218924,1747908413630.187,-248,23,-404
1747908413668.969,218856,1747908413650.0,-266,64,-513
1747908413688.844,218656,1747908413669.906,-296,65,-496
1747908413708.688,218485,1747908413689.781,-226,79,-404
1747908413728.563,218396,1747908413709.625,-117,87,-288
1747908413748.469,218316,1747908413729.5,-82,81,-256
1747908413768.281,218129,1747908413749.375,-105,78,-294
1747908413788.156,217894,1747908413769.219,-143,86,-301
1747908413808.031,217671,1747908413789.094,-160,96,-320
1747908413827.906,217468,1747908413808.937,-81,99,-251
1747908413847.75,217459,1747908413828.813,-13,91,-177
1747908413867.625,217497,1747908413848.719,9,76,-153
1747908413887.5,217456,1747908413868.531,-7,76,-157
1747908413907.375,217463,1747908413888.406,-26,66,-146
1747908413927.219,217500,1747908413908.281,-4,56,-114
1747908413947.063,217602,1747908413928.125,35,56,-58
1747908413966.938,217769,1747908413948.0,60,47,-13
1747908413986.937,217974,1747908413967.875,63,48,9
1747908414006.656,218214,1747908413987.844,55,54,15
1747908414026.531,218480,1747908414007.594,67,55,19
1747908414046.406,218609,1747908414027.438,76,70,30
1747908414066.25,218637,1747908414047.344,79,66,38
1747908414086.094,218591,1747908414067.156,99,67,45
1747908414105.969,218520,1747908414087.031,100,64,47
1747908414125.813,218444,1747908414106.875,102,55,47
1747908414145.688,218316,1747908414126.719,73,60,-7
1747908414165.5,218042,1747908414146.625,44,72,-45
1747908414185.406,217589,1747908414166.437,39,48,-57
1747908414205.25,217145,1747908414186.281,19,16,-64
1747908414225.094,216959,1747908414206.156,-22,-1,-114
1747908414244.937,216819,1747908414226.031,-77,0,-209
1747908414264.781,216797,1747908414245.875,-144,-5,-288
1747908414284.625,216873,1747908414265.719,-186,-1,-330
1747908414304.531,216975,1747908414285.531,-161,17,-357
1747908414324.375,217002,1747908414305.437,-167,45,-384
1747908414344.219,216958,1747908414325.312,-157,73,-433
1747908414364.125,216939,1747908414345.125,-152,103,-433
1747908414384.094,217017,1747908414365.031,-104,92,-384
1747908414403.813,217119,1747908414385.0,-84,91,-347
1747908414423.687,217282,1747908414404.75,-79,76,-320
1747908414443.531,217494,1747908414424.594,-100,67,-305
1747908414463.406,217711,1747908414444.438,-99,71,-286
1747908414483.219,218096,1747908414464.313,-84,56,-256
1747908414503.062,218663,1747908414484.156,-64,48,-222
1747908414522.937,219460,1747908414503.969,-40,33,-170
1747908414542.781,220217,1747908414523.875,-24,35,-122
1747908414562.625,220874,1747908414543.719,-4,44,-87
1747908414582.469,221411,1747908414563.562,22,43,-56
1747908414602.344,221822,1747908414583.375,41,40,-7
1747908414622.219,222138,1747908414603.25,65,41,32
1747908414642.031,222392,1747908414623.188,79,46,58
1747908414661.906,222544,1747908414643.0,96,54,74
1747908414681.75,222576,1747908414662.812,105,57,64
1747908414701.594,222445,1747908414682.625,103,49,64
1747908414721.469,222224,1747908414702.5,105,48,64
1747908414741.313,221895,1747908414722.406,116,51,54
1747908414761.188,221506,1747908414742.188,103,51,48
1747908414781.031,220978,1747908414762.094,88,55,26
1747908414800.844,220353,1747908414781.938,47,62,-10
1747908414820.719,219631,1747908414801.781,9,30,-57
1747908414840.594,219109,1747908414821.625,-43,15,-100
1747908414860.406,218772,1747908414841.469,-82,-13,-136
1747908414880.25,218648,1747908414861.312,-125,-31,-201
1747908414900.094,218806,1747908414881.156,-148,-45,-265
1747908414919.938,219193,1747908414901.031,-197,-37,-351
1747908414939.813,219470,1747908414920.844,-232,-10,-417
1747908414959.625,219640,1747908414940.75,-223,22,-439
1747908414979.469,219709,1747908414960.562,-172,60,-417
1747908414999.344,219743,1747908414980.375,-112,78,-393
1747908415019.219,219813,1747908415000.281,-109,76,-377
1747908415039.062,219925,1747908415020.125,-95,68,-360
1747908415058.937,220081,1747908415040.0,-91,56,-345
1747908415078.781,220262,1747908415059.875,-86,56,-310
1747908415098.656,220501,1747908415079.719,-92,50,-272
1747908415118.5,220708,1747908415099.562,-74,44,-244
1747908415138.312,220927,1747908415119.437,-65,33,-217
1747908415158.187,221172,1747908415139.25,-64,33,-185
1747908415178.094,221407,1747908415159.125,-49,27,-145
1747908415197.906,221775,1747908415178.969,-25,23,-79
1747908415217.75,222206,1747908415198.844,-1,24,-42
1747908415237.594,222635,1747908415218.719,30,35,-6
1747908415257.469,222959,1747908415238.5,48,35,11
1747908415277.344,223203,1747908415258.375,63,43,30
1747908415297.188,223338,1747908415278.25,85,46,47
1747908415317.0,223275,1747908415298.125,96,50,64
1747908415336.875,223041,1747908415317.938,107,51,71
1747908415356.719,222726,1747908415337.781,113,54,83
1747908415376.563,222354,1747908415357.625,112,44,78
1747908415396.406,221859,1747908415377.5,97,47,51
1747908415416.312,221292,1747908415397.406,83,61,19
1747908415436.125,220753,1747908415417.156,46,56,-8
1747908415455.938,220138,1747908415437.031,10,54,-52
1747908415475.813,219725,1747908415456.875,-21,41,-96
1747908415495.656,219551,1747908415476.719,-64,15,-160
1747908415515.531,219654,1747908415496.562,-106,-1,-225
1747908415535.312,219843,1747908415516.438,-152,-17,-272
1747908415555.188,220108,1747908415536.313,-165,-8,-317
1747908415575.031,220420,1747908415556.094,-154,-1,-337
1747908415594.906,220672,1747908415575.969,-151,15,-353
1747908415614.75,220882,1747908415595.813,-132,47,-370
1747908415634.625,221013,1747908415615.656,-129,65,-394
1747908415654.438,221038,1747908415635.562,-110,87,-394
1747908415674.312,221048,1747908415655.375,-95,84,-377
1747908415694.125,221136,1747908415675.219,-80,68,-354
1747908415714.0,221320,1747908415695.094,-76,55,-317
1747908415733.875,221607,1747908415714.906,-44,54,-281
1747908415753.781,221908,1747908415734.781,-48,54,-254
1747908415773.562,222226,1747908415754.625,-52,47,-239
1747908415793.437,222605,1747908415774.5,-48,38,-219
1747908415813.313,223058,1747908415794.375,-36,40,-185
1747908415833.188,223576,1747908415814.25,-8,32,-128
1747908415853.031,224033,1747908415834.094,-5,40,-114
1747908415872.906,224331,1747908415853.937,14,46,-89
1747908415892.75,224529,1747908415873.813,24,35,-63
1747908415912.625,224682,1747908415893.687,54,37,-33
1747908415932.437,224756,1747908415913.531,65,40,16
1747908415952.312,224683,1747908415933.406,76,46,38
1747908415972.188,224466,1747908415953.25,83,44,47
1747908415992.031,223980,1747908415973.187,92,40,39
1747908416011.906,223327,1747908415992.969,76,46,24
1747908416031.75,222691,1747908416012.812,74,48,33
1747908416051.625,222192,1747908416032.625,80,52,23
1747908416071.563,221845,1747908416052.531,88,44,12
1747908416091.313,221600,1747908416072.469,70,39,-17
1747908416111.187,221408,1747908416092.25,31,39,-49
1747908416131.031,221018,1747908416112.094,23,44,-81
1747908416150.906,220475,1747908416131.938,-1,27,-117
1747908416170.75,220310,1747908416151.813,-45,6,-177
1747908416190.656,220460,1747908416171.656,-90,3,-239
1747908416210.469,220728,1747908416191.531,-116,7,-288
1747908416230.344,220966,1747908416211.375,-104,12,-330
1747908416250.1882,221317,1747908416231.219,-108,6,-352
1747908416270.062,221692,1747908416251.094,-100,0,-381
1747908416289.906,222011,1747908416270.937,-105,14,-381
1747908416309.781,222269,1747908416290.813,-93,39,-372
1747908416329.594,222506,1747908416310.656,-89,51,-350
1747908416349.469,222774,1747908416330.5308,-89,62,-318
1747908416369.344,223032,1747908416350.375,-81,63,-299
1747908416389.187,223231,1747908416370.25,-84,71,-273
1747908416409.031,223290,1747908416390.063,-79,70,-257
1747908416428.875,223291,1747908416409.969,-84,67,-233
1747908416448.75,223246,1747908416429.75,-71,79,-207
1747908416468.656,223138,1747908416449.656,-71,76,-182
1747908416488.437,222990,1747908416469.563,-64,85,-175
1747908416508.313,222879,1747908416489.375,-72,72,-144
1747908416528.156,222846,1747908416509.219,-47,73,-113
1747908416548.0,222914,1747908416529.094,-20,82,-97
1747908416567.844,223006,1747908416548.906,16,67,-57
1747908416587.688,222981,1747908416568.781,35,57,-25
1747908416607.563,222765,1747908416588.625,43,38,-9
1747908416627.437,222397,1747908416608.469,49,41,-1
1747908416647.25,221970,1747908416628.375,60,41,4
1747908416667.125,221693,1747908416648.1882,70,43,8
1747908416687.0,221508,1747908416668.031,93,35,20
1747908416706.844,221519,1747908416687.937,88,32,3
1747908416726.656,221634,1747908416707.781,67,30,-4
1747908416746.531,221768,1747908416727.594,54,25,-5
1747908416766.406,221837,1747908416747.438,39,25,4
1747908416786.25,221782,1747908416767.313,7,35,-25
1747908416806.094,221770,1747908416787.187,-40,44,-100
1747908416825.937,221869,1747908416807.062,-88,39,-168
1747908416845.781,222159,1747908416826.844,-125,43,-208
1747908416865.656,222657,1747908416846.688,-109,46,-246
1747908416885.469,223211,1747908416866.594,-89,62,-269
1747908416905.312,223579,1747908416886.406,-93,43,-306
1747908416925.156,223744,1747908416906.25,-108,48,-346
1747908416945.031,223868,1747908416926.063,-101,54,-352
1747908416964.844,223943,1747908416945.938,-84,64,-369
1747908416984.688,224021,1747908416965.781,-81,76,-369
1747908417004.562,224128,1747908416985.625,-71,80,-367
1747908417024.406,224362,1747908417005.469,-69,72,-353
1747908417044.25,224760,1747908417025.313,-57,63,-337
1747908417064.094,225270,1747908417045.156,-56,51,-313
1747908417083.937,225812,1747908417065.031,-57,45,-292
1747908417103.781,226443,1747908417084.844,-55,35,-249
1747908417123.656,227002,1747908417104.688,-23,40,-198
1747908417143.469,227435,1747908417124.563,-2,41,-156
1747908417163.313,227689,1747908417144.375,12,46,-129
1747908417183.187,227892,1747908417164.219,1,39,-100
1747908417203.062,228045,1747908417184.125,24,40,-64
1747908417222.875,228170,1747908417203.969,28,62,-37
1747908417242.937,228209,1747908417223.813,44,51,-9
1747908417262.594,228259,1747908417243.719,56,54,3
1747908417282.437,228182,1747908417263.469,62,48,28
1747908417302.281,228076,1747908417283.344,60,56,35
1747908417322.125,227891,1747908417303.219,73,48,47
1747908417342.0,227741,1747908417323.062,75,55,48
1747908417361.875,227589,1747908417342.906,64,70,47
1747908417381.687,227519,1747908417362.75,59,79,23
1747908417401.531,227572,1747908417382.656,44,72,-1
1747908417421.438,227618,1747908417402.469,40,57,-8
1747908417441.281,227653,1747908417422.281,38,41,-13
1747908417461.094,227735,1747908417442.187,24,28,-49
1747908417481.0,227926,1747908417462.031,-8,6,-109
1747908417500.844,228026,1747908417481.906,-39,20,-178
1747908417520.688,228225,1747908417501.719,-64,17,-242
1747908417540.5,228428,1747908417521.594,-104,15,-305
1747908417560.375,228621,1747908417541.437,-117,19,-345
1747908417580.219,228823,1747908417561.281,-106,19,-370
1747908417600.125,228964,1747908417581.094,-122,19,-413
1747908417619.906,229010,1747908417600.969,-141,25,-431
1747908417639.781,229060,1747908417620.844,-132,33,-434
1747908417659.625,229224,1747908417640.688,-100,49,-398
1747908417679.5,229576,1747908417660.531,-70,40,-361
1747908417699.375,230044,1747908417680.406,-57,39,-317
1747908417719.25,230619,1747908417700.281,-69,37,-292
1747908417739.094,231204,1747908417720.156,-92,31,-288
1747908417758.969,231746,1747908417739.969,-109,19,-272
1747908417778.813,232267,1747908417759.906,-89,24,-221
1747908417798.687,232671,1747908417779.75,-56,26,-153
1747908417818.562,232940,1747908417799.625,-16,34,-92
1747908417838.406,233041,1747908417819.469,0,49,-57
1747908417858.281,232919,1747908417839.313,15,56,-32
1747908417878.156,232563,1747908417859.25,15,65,-17
1747908417898.031,232135,1747908417879.062,39,67,7
1747908417917.906,231630,1747908417898.938,76,78,32
1747908417937.844,231218,1747908417918.813,94,87,64
1747908417957.625,231040,1747908417938.687,111,96,71
1747908417977.469,231070,1747908417958.5,115,83,71
1747908417997.375,231021,1747908417978.375,118,78,55
1747908418017.188,230904,1747908417998.25,112,58,37
1747908418037.062,230719,1747908418018.156,87,48,8
1747908418056.937,230524,1747908418037.969,63,48,-17
1747908418076.813,230319,1747908418057.844,24,28,-32
1747908418096.656,230091,1747908418077.75,7,13,-64
1747908418116.531,229932,1747908418097.594,-21,1,-113
1747908418136.406,229887,1747908418117.4368,-50,-7,-170
1747908418156.25,230047,1747908418137.313,-77,-5,-225
1747908418176.125,230396,1747908418157.188,-95,-16,-256
1747908418196.0,230680,1747908418177.062,-104,-4,-282
1747908418215.875,230706,1747908418196.906,-113,16,-298
1747908418235.719,230483,1747908418216.781,-138,30,-337
1747908418255.594,230297,1747908418236.688,-162,35,-352
1747908418275.5,230273,1747908418256.531,-180,35,-378
1747908418295.344,230422,1747908418276.406,-158,32,-370
1747908418315.219,230738,1747908418296.25,-137,48,-337
1747908418335.063,230921,1747908418316.156,-125,51,-320
1747908418354.969,231073,1747908418336.0,-121,60,-297
1747908418374.844,231243,1747908418355.875,-129,44,-289
1747908418394.687,231566,1747908418375.781,-137,39,-286
1747908418414.563,232036,1747908418395.656,-117,33,-252
1747908418434.438,232458,1747908418415.469,-84,22,-212
1747908418454.312,232748,1747908418435.344,-71,21,-183
1747908418474.156,232890,1747908418455.25,-49,27,-148
1747908418494.063,232937,1747908418475.094,-29,35,-113
1747908418513.937,232908,1747908418494.969,-7,31,-89
1747908418533.812,232910,1747908418514.844,39,33,-50
1747908418553.688,232860,1747908418534.688,58,38,-25
1747908418573.531,232809,1747908418554.625,76,39,-1
1747908418593.406,232792,1747908418574.406,88,54,23
1747908418613.312,232778,1747908418594.312,99,50,43
1747908418633.125,232704,1747908418614.25,96,52,64
1747908418653.0,232576,1747908418634.063,99,48,57
1747908418672.875,232350,1747908418653.937,94,43,51
1747908418692.719,232066,1747908418673.781,95,48,35
1747908418712.562,231764,1747908418693.656,67,38,14
1747908418732.438,231495,1747908418713.531,41,35,-20
1747908418752.344,231365,1747908418733.344,16,31,-29
1747908418772.187,231361,1747908418753.281,-8,28,-79
1747908418792.062,231440,1747908418773.125,-60,23,-125
1747908418811.906,231445,1747908418792.969,-96,19,-177
1747908418831.813,231382,1747908418812.844,-132,16,-226
1747908418851.625,231320,1747908418832.719,-148,24,-277
1747908418871.531,231330,1747908418852.688,-157,28,-313
1747908418891.375,231325,1747908418872.438,-162,31,-320
1747908418911.25,231298,1747908418892.313,-152,28,-321
1747908418931.094,231317,1747908418912.187,-148,38,-330
1747908418950.969,231393,1747908418932.062,-152,48,-320
1747908418970.844,231539,1747908418951.875,-125,56,-329
1747908418990.719,231745,1747908418971.781,-121,69,-320
1747908419010.594,231915,1747908418991.625,-124,58,-305
1747908419030.437,232018,1747908419011.531,-105,52,-285
1747908419050.344,232126,1747908419031.375,-100,56,-261
1747908419070.188,232205,1747908419051.219,-92,59,-239
1747908419090.031,232328,1747908419071.125,-84,55,-213
1747908419109.906,232412,1747908419090.969,-72,52,-190
1747908419129.781,232477,1747908419110.844,-64,55,-167
1747908419149.656,232437,1747908419130.656,-36,64,-132
1747908419169.4692,232354,1747908419150.562,-16,65,-90
1747908419189.344,232134,1747908419170.437,-4,63,-64
1747908419209.219,231843,1747908419190.281,15,56,-49
1747908419229.094,231498,1747908419210.125,42,49,-20
1747908419248.938,231123,1747908419230.031,52,50,-9
1747908419268.781,230772,1747908419249.937,64,48,20
1747908419288.687,230465,1747908419269.687,76,47,28
1747908419308.563,230189,1747908419289.594,71,44,44
1747908419328.406,229860,1747908419309.469,80,39,38
1747908419348.281,229523,1747908419329.344,83,31,35
1747908419368.125,229147,1747908419349.188,60,24,22
1747908419388.0,228761,1747908419369.063,35,24,-10
1747908419407.875,228444,1747908419388.937,12,14,-36
1747908419427.7192,228328,1747908419408.812,-29,3,-63
1747908419447.594,228356,1747908419428.625,-69,3,-94
1747908419467.563,228470,1747908419448.531,-116,3,-150
1747908419487.313,228664,1747908419468.406,-164,1,-225
1747908419507.187,228987,1747908419488.25,-169,12,-256
1747908419527.031,229306,1747908419508.094,-164,11,-281
1747908419546.875,229527,1747908419527.906,-168,28,-296
1747908419566.781,229752,1747908419547.844,-161,34,-316
1747908419586.625,229963,1747908419567.687,-149,40,-305
1747908419606.5,230090,1747908419587.531,-156,43,-317
1747908419626.344,230186,1747908419607.406,-160,51,-337
1747908419646.219,230228,1747908419627.281,-148,55,-320
1747908419666.094,230244,1747908419647.125,-125,56,-301
1747908419685.969,230214,1747908419667.0,-127,53,-273
1747908419705.781,230198,1747908419686.875,-116,51,-244
1747908419725.656,230158,1747908419706.75,-113,47,-233
1747908419745.656,230132,1747908419726.562,-112,40,-221
1747908419765.406,230181,1747908419746.531,-96,30,-201
1747908419785.281,230298,1747908419766.344,-77,28,-164
1747908419805.125,230389,1747908419786.219,-50,17,-114
