Local: ,2025-05-22 00:00:00+02:00,tz_sec ,7200
Linux Epoch (ms):,1747864800000.0
PPG Timestamp,PPG,ADXL Timestamp,X,Y,Z
1747907674337.656,188055,1747907674318.75,-97,-34,-128
1747907674357.5,188207,1747907674338.563,-76,-23,-125
1747907674377.4058,188360,1747907674358.437,-87,-15,-121
1747907674397.25,188522,1747907674378.344,-92,-18,-124
1747907674417.094,188631,1747907674398.156,-77,-20,-120
1747907674436.969,188711,1747907674418.0,-72,-23,-125
1747907674456.844,188744,1747907674437.906,-80,-19,-125
1747907674476.656,188754,1747907674457.75,-74,-20,-123
1747907674496.531,188789,1747907674477.625,-79,-21,-121
1747907674516.375,188792,1747907674497.469,-84,-16,-129
1747907674536.25,188835,1747907674517.281,-75,-23,-125
1747907674556.094,188845,1747907674537.187,-83,-21,-104
1747907674575.969,188844,1747907674557.0,-76,-25,-118
1747907674595.813,188825,1747907674576.875,-72,-20,-128
1747907674615.688,188821,1747907674596.75,-77,-23,-126
1747907674635.531,188809,1747907674616.687,-85,-18,-128
1747907674655.406,188791,1747907674636.531,-80,-20,-128
1747907674675.25,188763,1747907674656.344,-81,-25,-128
1747907674695.125,188741,1747907674676.188,-80,-24,-126
1747907674715.031,188667,1747907674696.031,-75,-18,-122
1747907674734.812,188548,1747907674715.969,-76,-20,-128
1747907674754.687,188454,1747907674735.75,-73,-20,-124
1747907674774.531,188274,1747907674755.594,-76,-21,-128
1747907674794.375,188122,1747907674775.469,-89,-18,-125
1747907674814.25,187981,1747907674795.344,-77,-25,-127
1747907674834.094,187857,1747907674815.187,-87,-20,-127
1747907674854.0,187779,1747907674835.031,-80,-29,-125
1747907674873.813,187749,1747907674854.906,-73,-23,-122
1747907674893.687,187730,1747907674874.781,-82,-21,-122
1747907674913.562,187757,1747907674894.594,-77,-28,-137
1747907674933.406,187771,1747907674914.469,-88,-20,-125
1747907674953.219,187813,1747907674934.313,-76,-20,-137
1747907674973.094,187827,1747907674954.187,-73,-20,-122
1747907674992.937,187856,1747907674974.031,-73,-25,-128
1747907675012.812,187885,1747907674993.875,-87,-21,-128
1747907675032.625,187891,1747907675013.719,-68,-18,-127
1747907675052.5,187867,1747907675033.594,-84,-20,-125
1747907675072.344,187859,1747907675053.406,-89,-20,-128
1747907675092.219,187844,1747907675073.25,-74,-8,-125
1747907675112.031,187824,1747907675093.156,-85,-22,-121
1747907675131.875,187807,1747907675112.969,-74,-23,-121
1747907675151.75,187799,1747907675132.812,-79,-25,-112
1747907675171.594,187783,1747907675152.656,-89,-20,-125
1747907675191.437,187771,1747907675172.5,-80,-33,-125
1747907675211.281,187765,1747907675192.375,-83,-18,-126
1747907675231.125,187749,1747907675212.219,-74,-25,-128
1747907675251.0,187685,1747907675232.031,-82,-24,-128
1747907675270.812,187638,1747907675251.906,-84,-21,-126
1747907675290.656,187520,1747907675271.781,-84,-19,-120
1747907675310.531,187316,1747907675291.594,-79,-23,-127
1747907675330.406,187089,1747907675311.438,-84,-23,-125
1747907675350.25,186860,1747907675331.312,-77,-18,-122
1747907675370.094,186565,1747907675351.156,-77,-22,-122
1747907675389.937,186201,1747907675371.031,-76,-23,-122
1747907675409.781,185751,1747907675390.844,-85,-18,-122
1747907675429.625,185311,1747907675410.719,-88,-11,-125
1747907675449.469,184862,1747907675430.562,-85,-21,-122
1747907675469.312,184407,1747907675450.406,-77,-25,-126
1747907675489.188,184012,1747907675470.219,-74,-16,-127
1747907675509.063,183732,1747907675490.094,-80,-24,-122
1747907675528.8442,183703,1747907675509.937,-80,-33,-127
1747907675548.687,183886,1747907675529.812,-92,-17,-127
1747907675568.562,184193,1747907675549.625,-84,-16,-125
1747907675588.406,184600,1747907675569.469,-87,-16,-137
1747907675608.219,184982,1747907675589.344,-79,-26,-126
1747907675628.094,185310,1747907675609.1868,-80,-26,-128
1747907675647.969,185649,1747907675629.0,-80,-24,-128
1747907675667.844,186041,1747907675648.906,-89,-20,-125
1747907675687.6882,186483,1747907675668.781,-77,-21,-121
1747907675707.531,186879,1747907675688.594,-72,-25,-121
1747907675727.406,187222,1747907675708.469,-89,-24,-121
1747907675747.25,187510,1747907675728.313,-84,-23,-122
1747907675767.094,187764,1747907675748.156,-90,-13,-121
1747907675786.938,188025,1747907675768.0308,-79,-18,-121
1747907675806.781,188327,1747907675787.844,-68,-20,-128
1747907675826.656,188684,1747907675807.687,-81,-21,-120
1747907675846.469,189050,1747907675827.563,-96,-25,-122
1747907675866.344,189384,1747907675847.406,-90,-16,-128
1747907675886.219,189665,1747907675867.25,-79,-23,-125
1747907675906.0618,189939,1747907675887.156,-87,-23,-125
1747907675925.875,190174,1747907675906.969,-78,-31,-129
1747907675945.75,190416,1747907675926.844,-93,-26,-118
1747907675965.594,190671,1747907675946.687,-79,-24,-120
1747907675985.469,190951,1747907675966.531,-89,-26,-124
1747907676005.312,191243,1747907675986.406,-85,-20,-127
1747907676025.156,191496,1747907676006.25,-79,-24,-125
1747907676045.031,191769,1747907676026.125,-90,-28,-120
1747907676064.9058,192031,1747907676045.937,-77,-23,-121
1747907676084.719,192261,1747907676065.844,-88,-28,-125
1747907676104.562,192497,1747907676085.656,-82,-10,-127
1747907676124.5,192751,1747907676105.5,-89,-22,-125
1747907676144.313,192974,1747907676125.406,-72,-28,-125
1747907676164.125,193181,1747907676145.219,-88,-25,-127
1747907676184.0,193376,1747907676165.094,-80,-25,-122
1747907676203.875,193549,1747907676184.906,-97,-2,-122
1747907676223.75,193715,1747907676204.781,-88,-21,-125
1747907676243.625,193895,1747907676224.656,-80,-25,-125
1747907676263.406,194049,1747907676244.531,-90,-29,-100
1747907676283.281,194225,1747907676264.313,-82,-25,-127
1747907676303.125,194430,1747907676284.188,-87,-24,-125
1747907676322.969,194601,1747907676304.031,-80,-24,-127
1747907676342.844,194808,1747907676323.937,-87,-20,-120
1747907676362.75,194978,1747907676343.75,-80,-26,-121
1747907676382.5632,195162,1747907676363.656,-80,-24,-121
1747907676402.406,195280,1747907676383.5,-88,-26,-126
1747907676422.25,195376,1747907676403.344,-79,-25,-117
1747907676442.125,195455,1747907676423.187,-82,-25,-122
1747907676462.0,195533,1747907676443.063,-77,-21,-118
1747907676481.875,195605,1747907676462.9058,-80,-25,-121
1747907676501.688,195680,1747907676482.781,-78,-21,-112
1747907676521.531,195753,1747907676502.594,-89,-20,-122
1747907676541.406,195847,1747907676522.438,-73,-17,-121
1747907676561.25,195928,1747907676542.313,-90,-22,-122
1747907676581.094,195987,1747907676562.187,-74,-24,-124
1747907676600.969,196060,1747907676582.031,-89,-5,-114
1747907676620.812,196158,1747907676601.875,-85,-21,-124
1747907676640.656,196212,1747907676621.719,-88,-20,-125
1747907676660.531,196321,1747907676641.625,-79,-25,-116
1747907676680.406,196396,1747907676661.437,-89,-20,-122
1747907676700.281,196477,1747907676681.344,-89,-25,-128
1747907676720.094,196579,1747907676701.188,-84,-20,-125
1747907676739.969,196648,1747907676721.031,-77,-24,-122
1747907676759.813,196684,1747907676740.875,-79,-23,-121
1747907676779.687,196752,1747907676760.75,-97,-25,-121
1747907676799.656,196832,1747907676780.656,-92,-26,-124
1747907676819.406,196894,1747907676800.594,-89,-23,-121
1747907676839.281,196966,1747907676820.312,-83,-25,-125
1747907676859.125,197045,1747907676840.187,-90,-21,-122
1747907676878.969,197147,1747907676860.031,-85,-23,-125
1747907676898.813,197221,1747907676879.906,-84,-22,-116
1747907676918.781,197297,1747907676899.719,-72,-29,-124
1747907676938.531,197392,1747907676919.594,-76,-33,-116
1747907676958.375,197455,1747907676939.437,-77,-21,-128
1747907676978.219,197472,1747907676959.344,-82,-20,-127
1747907676998.063,197494,1747907676979.156,-87,-20,-112
1747907677017.938,197460,1747907676999.0,-87,-24,-122
1747907677037.75,197416,1747907677018.844,-80,-26,-108
1747907677057.625,197359,1747907677038.75,-87,-23,-125
1747907677077.469,197278,1747907677058.563,-77,-18,-125
1747907677097.344,197191,1747907677078.406,-85,-25,-121
1747907677117.188,197149,1747907677098.25,-80,-22,-125
1747907677137.031,197123,1747907677118.125,-85,-21,-122
1747907677156.906,197076,1747907677138.0,-74,-25,-122
1747907677176.75,197089,1747907677157.813,-79,-24,-122
1747907677196.594,197047,1747907677177.656,-84,-25,-121
1747907677216.437,197056,1747907677197.531,-81,-27,-128
1747907677236.344,197065,1747907677217.406,-90,-21,-125
1747907677256.25,197079,1747907677237.25,-79,-20,-126
1747907677276.031,197082,1747907677257.125,-80,-18,-128
1747907677295.875,197071,1747907677276.969,-93,-25,-121
1747907677315.75,197077,1747907677296.844,-88,-23,-121
1747907677335.594,197078,1747907677316.688,-77,-32,-129
1747907677355.469,197101,1747907677336.531,-89,-23,-122
1747907677375.313,197083,1747907677356.437,-80,-24,-122
1747907677395.219,197092,1747907677376.25,-77,-24,-124
1747907677415.062,197118,1747907677396.125,-80,-22,-122
1747907677434.906,197135,1747907677415.969,-80,-25,-121
1747907677454.75,197149,1747907677435.812,-84,-24,-121
1747907677474.656,197161,1747907677455.719,-74,-26,-125
1747907677494.5,197161,1747907677475.563,-77,-20,-128
1747907677514.344,197203,1747907677495.406,-84,-20,-128
1747907677534.219,197242,1747907677515.281,-89,-25,-122
1747907677554.062,197297,1747907677535.156,-64,-24,-124
1747907677573.937,197359,1747907677554.969,-79,-25,-127
1747907677593.781,197400,1747907677574.844,-88,-21,-126
1747907677613.625,197367,1747907677594.719,-77,-4,-128
1747907677633.5,197313,1747907677614.562,-79,-23,-124
1747907677653.375,197219,1747907677634.406,-80,-26,-125
1747907677673.156,197094,1747907677654.25,-80,-25,-107
1747907677693.031,196978,1747907677674.094,-84,-21,-121
1747907677712.875,196854,1747907677694.0,-77,-24,-122
1747907677732.75,196737,1747907677713.812,-87,-20,-125
1747907677752.594,196659,1747907677733.656,-83,-23,-121
1747907677772.438,196589,1747907677753.563,-85,-20,-128
1747907677792.313,196497,1747907677773.375,-84,-21,-121
1747907677812.156,196461,1747907677793.219,-80,-25,-125
1747907677832.031,196419,1747907677813.094,-90,-24,-122
1747907677851.844,196398,1747907677832.938,-80,-24,-125
1747907677871.719,196374,1747907677852.781,-81,-20,-121
1747907677891.563,196361,1747907677872.719,-84,-26,-121
1747907677911.437,196328,1747907677892.5,-74,-25,-120
1747907677931.25,196310,1747907677912.344,-77,-23,-121
1747907677951.094,196282,1747907677932.188,-65,-24,-124
1747907677970.969,196265,1747907677952.0,-85,-24,-121
1747907677990.844,196230,1747907677971.875,-88,-25,-125
1747907678010.656,196215,1747907677991.75,-77,-25,-113
1747907678030.5,196176,1747907678011.625,-88,-24,-121
1747907678050.344,196177,1747907678031.4382,-89,-25,-124
1747907678070.219,196169,1747907678051.281,-82,-24,-127
1747907678090.031,196192,1747907678071.125,-80,-23,-114
1747907678109.937,196206,1747907678091.0,-84,-21,-121
1747907678129.75,196241,1747907678110.875,-88,-20,-124
1747907678149.625,196250,1747907678130.688,-77,-20,-127
1747907678169.406,196264,1747907678150.531,-87,-21,-121
1747907678189.281,196280,1747907678170.375,-80,-23,-125
1747907678209.156,196333,1747907678190.219,-84,-25,-121
1747907678229.0,196351,1747907678210.063,-79,-24,-114
1747907678248.844,196370,1747907678229.906,-84,-23,-112
1747907678268.687,196383,1747907678249.781,-74,-24,-125
1747907678288.562,196348,1747907678269.625,-69,-20,-126
1747907678308.469,196242,1747907678289.469,-84,-25,-125
1747907678328.281,196089,1747907678309.375,-89,-25,-125
1747907678348.156,195938,1747907678329.25,-80,-5,-116
1747907678368.031,195805,1747907678349.094,-89,-23,-126
1747907678387.906,195660,1747907678368.969,-89,-22,-128
1747907678407.75,195510,1747907678388.781,-80,-17,-129
1747907678427.625,195385,1747907678408.687,-87,-23,-121
1747907678447.5,195288,1747907678428.562,-81,-25,-124
1747907678467.375,195231,1747907678448.5,-79,-24,-126
1747907678487.219,195195,1747907678468.281,-79,-26,-122
1747907678507.063,195133,1747907678488.156,-77,-24,-122
1747907678526.937,195101,1747907678508.0,-89,-23,-121
1747907678546.875,195041,1747907678527.844,-87,-25,-128
1747907678566.594,195014,1747907678547.781,-94,-25,-125
1747907678586.5,195000,1747907678567.563,-87,-20,-125
1747907678606.344,194955,1747907678587.437,-77,-17,-124
1747907678626.219,194941,1747907678607.281,-97,-26,-124
1747907678646.063,194894,1747907678627.125,-80,-25,-125
1747907678665.906,194898,1747907678647.0,-90,-24,-122
1747907678685.781,194877,1747907678666.812,-78,-33,-116
1747907678705.656,194882,1747907678686.719,-89,-23,-119
1747907678725.5,194863,1747907678706.594,-88,-24,-125
1747907678745.375,194859,1747907678726.438,-79,-24,-135
1747907678765.219,194884,1747907678746.281,-88,-25,-122
1747907678785.094,194902,1747907678766.125,-79,-28,-121
1747907678804.9368,194930,1747907678786.031,-87,-23,-126
1747907678824.781,194967,1747907678805.875,-77,-25,-121
1747907678844.656,195013,1747907678825.7192,-92,-17,-143
1747907678864.531,195034,1747907678845.625,-79,-25,-125
1747907678884.344,195060,1747907678865.437,-84,-23,-126
1747907678904.187,195104,1747907678885.313,-80,-23,-126
1747907678924.063,195148,1747907678905.094,-84,-16,-125
1747907678944.0,195202,1747907678925.0,-77,-24,-122
1747907678963.75,195259,1747907678944.906,-80,-21,-125
1747907678983.625,195307,1747907678964.719,-89,-24,-125
1747907679003.5,195340,1747907678984.5632,-85,-26,-127
1747907679023.375,195304,1747907679004.437,-89,-2,-122
1747907679043.219,195228,1747907679024.281,-76,-25,-122
1747907679063.094,195138,1747907679044.156,-77,-27,-121
1747907679082.938,195027,1747907679063.938,-82,-33,-129
1747907679102.781,194914,1747907679083.906,-80,-25,-124
1747907679122.625,194833,1747907679103.687,-82,-24,-122
1747907679142.5,194750,1747907679123.594,-85,-20,-128
1747907679162.375,194655,1747907679143.438,-78,-24,-124
1747907679182.281,194615,1747907679163.281,-87,-25,-121
1747907679202.063,194580,1747907679183.219,-90,-16,-122
1747907679221.937,194548,1747907679203.0,-72,-24,-122
1747907679241.781,194534,1747907679222.844,-85,-21,-117
1747907679261.656,194531,1747907679242.719,-76,-23,-125
1747907679281.5,194526,1747907679262.563,-88,-21,-121
1747907679301.375,194519,1747907679282.437,-90,-24,-121
1747907679321.219,194511,1747907679302.25,-80,-21,-112
1747907679341.094,194521,1747907679322.156,-80,-23,-122
1747907679360.906,194501,1747907679342.031,-80,-29,-126
1747907679380.781,194513,1747907679361.875,-90,-23,-122
1747907679400.656,194522,1747907679381.719,-76,-26,-122
1747907679420.531,194530,1747907679401.531,-80,-10,-129
1747907679440.375,194517,1747907679421.438,-79,-25,-122
1747907679460.219,194556,1747907679441.344,-78,-24,-121
1747907679480.094,194556,1747907679461.156,-79,-25,-116
1747907679500.0,194588,1747907679481.0,-87,-25,-125
1747907679519.813,194609,1747907679500.875,-80,-18,-125
1747907679539.688,194649,1747907679520.75,-77,-25,-125
1747907679559.562,194697,1747907679540.594,-77,-26,-121
1747907679579.406,194758,1747907679560.469,-80,-25,-121
1747907679599.25,194782,1747907679580.344,-93,-25,-114
1747907679619.188,194824,1747907679600.188,-81,-26,-125
1747907679639.0,194880,1747907679620.094,-81,-25,-125
1747907679658.844,194929,1747907679639.937,-89,-25,-118
1747907679678.719,194986,1747907679659.781,-74,-27,-124
1747907679698.563,195031,1747907679679.656,-91,-25,-121
1747907679718.437,195118,1747907679699.437,-77,-21,-125
1747907679738.281,195171,1747907679719.344,-85,-21,-121
1747907679758.156,195224,1747907679739.219,-93,-16,-127
1747907679778.031,195227,1747907679759.063,-84,-21,-123
1747907679797.875,195223,1747907679778.906,-84,-25,-125
1747907679817.719,195182,1747907679798.812,-74,-32,-129
1747907679837.594,195145,1747907679818.688,-80,-18,-118
1747907679857.438,195098,1747907679838.531,-82,-24,-118
1747907679877.313,195029,1747907679858.375,-76,-26,-128
1747907679897.156,194975,1747907679878.25,-88,-20,-122
1747907679917.0,194949,1747907679898.094,-77,-23,-122
1747907679936.875,194918,1747907679917.969,-89,-23,-121
1747907679956.75,194926,1747907679937.781,-80,-23,-121
1747907679976.562,194923,1747907679957.625,-85,-25,-122
1747907679996.437,194959,1747907679977.5,-80,-18,-127
1747907680016.313,194963,1747907679997.375,-90,-20,-118
1747907680036.25,194977,1747907680017.219,-73,-25,-125
1747907680056.031,195002,1747907680037.0942,-90,-25,-120
1747907680075.875,195019,1747907680057.0,-81,-20,-123
1747907680095.75,195039,1747907680076.813,-85,-17,-117
1747907680115.594,195053,1747907680096.656,-77,-26,-121
1747907680135.438,195071,1747907680116.531,-80,-20,-118
1747907680155.312,195092,1747907680136.375,-84,-23,-114
1747907680175.187,195115,1747907680156.25,-77,-23,-117
1747907680195.0632,195156,1747907680176.094,-80,-25,-121
1747907680214.875,195198,1747907680195.969,-90,-25,-114
1747907680234.75,195241,1747907680215.844,-80,-21,-125
1747907680254.594,195305,1747907680235.656,-82,-24,-122
1747907680274.5,195353,1747907680255.531,-85,-23,-126
1747907680294.313,195393,1747907680275.4058,-80,-22,-125
1747907680314.188,195440,1747907680295.281,-89,-25,-116
1747907680334.062,195507,1747907680315.125,-97,-20,-125
1747907680354.063,195591,1747907680334.969,-81,-24,-121
1747907680373.75,195631,1747907680354.969,-85,-25,-121
1747907680393.594,195730,1747907680374.687,-87,-29,-128
1747907680413.469,195809,1747907680394.531,-80,-18,-121
1747907680433.344,195838,1747907680414.406,-97,-30,-121
1747907680453.156,195930,1747907680434.25,-80,-29,-127
1747907680473.0,195997,1747907680454.094,-84,-23,-121
1747907680492.875,196081,1747907680473.937,-89,-16,-129
1747907680512.719,196161,1747907680493.781,-88,-20,-120
1747907680532.562,196232,1747907680513.625,-77,-20,-125
1747907680552.406,196294,1747907680533.5,-80,-22,-112
1747907680572.2808,196325,1747907680553.344,-82,-24,-118
1747907680592.125,196331,1747907680573.219,-88,-23,-121
1747907680611.969,196307,1747907680593.062,-80,-24,-127
1747907680631.844,196281,1747907680612.938,-80,-20,-125
1747907680651.656,196254,1747907680632.781,-87,-21,-124
1747907680671.562,196219,1747907680652.594,-80,-25,-122
1747907680691.469,196174,1747907680672.5,-89,-26,-121
1747907680711.25,196129,1747907680692.406,-88,-18,-125
1747907680731.125,196104,1747907680712.188,-90,-20,-121
1747907680750.969,196121,1747907680732.031,-89,-20,-122
1747907680770.812,196130,1747907680751.906,-81,-29,-121
1747907680790.656,196153,1747907680771.75,-88,-20,-121
1747907680810.594,196171,1747907680791.594,-80,-25,-122
1747907680830.375,196183,1747907680811.438,-78,-33,-116
1747907680850.25,196211,1747907680831.312,-85,-24,-125
1747907680870.094,196218,1747907680851.156,-80,-23,-121
1747907680889.937,196247,1747907680871.031,-89,-24,-125
1747907680909.813,196271,1747907680890.875,-77,-25,-122
1747907680929.656,196303,1747907680910.719,-87,-25,-121
1747907680949.469,196344,1747907680930.594,-81,-28,-128
1747907680969.344,196378,1747907680950.406,-88,-24,-125
1747907680989.188,196424,1747907680970.281,-90,-28,-122
1747907681009.063,196454,1747907680990.094,-89,-25,-118
1747907681028.906,196511,1747907681009.969,-80,-26,-117
1747907681048.719,196546,1747907681029.875,-87,-25,-121
1747907681068.594,196611,1747907681049.656,-87,-20,-121
1747907681088.469,196670,1747907681069.531,-80,-24,-120
1747907681108.281,196732,1747907681089.406,-79,-26,-121
1747907681128.187,196794,1747907681109.219,-77,-22,-121
1747907681148.062,196866,1747907681129.094,-79,-20,-121
1747907681167.906,196934,1747907681148.938,-95,-33,-128
1747907681187.75,197034,1747907681168.781,-79,-25,-122
1747907681207.594,197089,1747907681188.687,-77,-18,-125
1747907681227.469,197173,1747907681208.5,-76,-24,-136
1747907681247.344,197242,1747907681228.344,-84,-25,-121
1747907681267.156,197301,1747907681248.25,-89,-21,-122
1747907681287.062,197389,1747907681268.125,-80,-26,-128
1747907681306.906,197445,1747907681287.969,-89,-23,-120
1747907681326.75,197556,1747907681307.844,-81,-25,-126
1747907681346.594,197635,1747907681327.688,-89,-21,-126
1747907681366.469,197684,1747907681347.562,-80,-26,-124
1747907681386.312,197702,1747907681367.375,-95,-24,-121
1747907681406.187,197707,1747907681387.25,-80,-21,-118
1747907681426.031,197688,1747907681407.094,-90,-20,-121
1747907681445.875,197680,1747907681427.0,-76,-26,-122
1747907681465.719,197674,1747907681446.812,-89,-26,-121
1747907681485.594,197687,1747907681466.625,-88,-28,-126
1747907681505.406,197678,1747907681486.5,-81,-8,-126
1747907681525.281,197685,1747907681506.375,-80,-20,-128
1747907681545.187,197692,1747907681526.187,-81,-32,-121
1747907681565.0,197714,1747907681546.031,-77,-33,-100
1747907681584.812,197741,1747907681565.875,-84,-24,-127
1747907681604.688,197782,1747907681585.75,-80,-21,-121
1747907681624.531,197823,1747907681605.594,-87,-21,-125
1747907681644.406,197850,1747907681625.437,-80,-18,-122
1747907681664.219,197894,1747907681645.312,-88,-28,-121
1747907681684.062,197959,1747907681665.156,-79,-25,-121
1747907681703.938,197982,1747907681685.0,-85,-24,-122
1747907681723.781,198021,1747907681704.875,-85,-22,-121
1747907681743.625,198076,1747907681724.687,-88,-20,-124
1747907681763.5,198084,1747907681744.562,-81,-23,-120
1747907681783.313,198126,1747907681764.406,-85,-24,-113
1747907681803.188,198142,1747907681784.219,-77,-24,-112
1747907681823.0,198196,1747907681804.125,-93,-24,-116
1747907681842.875,198236,1747907681823.937,-89,-15,-121
1747907681862.719,198288,1747907681843.813,-82,-24,-128
1747907681882.625,198314,1747907681863.625,-89,-29,-121
1747907681902.406,198370,1747907681883.469,-84,-25,-114
1747907681922.406,198455,1747907681903.344,-84,-20,-125
1747907681942.125,198539,1747907681923.187,-80,-24,-121
1747907681962.0,198593,1747907681943.031,-87,-20,-125
1747907681981.813,198657,1747907681962.9058,-79,-25,-121
1747907682001.688,198738,1747907681982.781,-89,-20,-121
1747907682021.531,198821,1747907682002.625,-77,-24,-121
1747907682041.406,198866,1747907682022.469,-84,-24,-122
1747907682061.219,198955,1747907682042.313,-77,-24,-122
1747907682081.094,199033,1747907682062.156,-89,-22,-127
1747907682100.937,199110,1747907682082.031,-77,-25,-125
1747907682120.812,199197,1747907682101.875,-77,-23,-125
1747907682140.625,199295,1747907682121.719,-88,-23,-120
1747907682160.5,199361,1747907682141.563,-80,-17,-123
1747907682180.344,199428,1747907682161.437,-91,-24,-118
1747907682200.187,199461,1747907682181.25,-80,-26,-124
1747907682220.031,199499,1747907682201.125,-90,-20,-120
1747907682239.875,199479,1747907682220.938,-79,-29,-112
1747907682259.844,199487,1747907682240.875,-89,-20,-122
1747907682279.594,199461,1747907682260.656,-79,-23,-129
1747907682299.469,199457,1747907682280.531,-89,-25,-125
1747907682319.313,199449,1747907682300.406,-80,-22,-124
1747907682339.156,199492,1747907682320.25,-85,-24,-121
1747907682359.0,199513,1747907682340.125,-89,-25,-125
1747907682378.875,199544,1747907682359.937,-76,-33,-119
1747907682398.6868,199544,1747907682379.781,-76,-33,-119
1747907682438.281,149700,1747907682419.438,-87,-21,-125
1747907682458.125,149743,1747907682439.344,-88,-26,-126
1747907682478.0,149764,1747907682459.219,-79,-25,-122
1747907682497.844,149794,1747907682479.094,-84,-25,-125
1747907682517.688,149817,1747907682498.938,-82,-21,-116
1747907682537.563,149865,1747907682518.781,-81,-33,-114
1747907682557.406,149904,1747907682538.625,-85,-33,-121
1747907682577.281,149931,1747907682558.5,-84,-16,-127
1747907682597.156,149975,1747907682578.3132,-81,-28,-118
1747907682617.0,150008,1747907682598.219,-87,-29,-125
1747907682636.844,150045,1747907682618.094,-79,-25,-129
1747907682656.687,150094,1747907682637.938,-84,-33,-120
1747907682676.562,150142,1747907682657.781,-84,-27,-123
1747907682696.438,150198,1747907682677.656,-93,-25,-121
1747907682716.281,150245,1747907682697.469,-80,-33,-122
1747907682736.094,150288,1747907682717.375,-80,-29,-130
1747907682756.0,150344,1747907682737.188,-97,-29,-120
1747907682775.844,150403,1747907682757.063,-77,-25,-120
1747907682795.75,150470,1747907682776.937,-73,-32,-116
1747907682815.562,150524,1747907682796.781,-89,-26,-132
1747907682835.406,150571,1747907682816.625,-84,-33,-125
1747907682855.281,150649,1747907682836.469,-89,-33,-122
1747907682875.094,150704,1747907682856.344,-88,-25,-125
1747907682894.938,150768,1747907682876.219,-81,-26,-122
1747907682914.781,150817,1747907682896.031,-87,-29,-127
1747907682934.656,150886,1747907682915.875,-80,-25,-121
1747907682954.469,150966,1747907682935.719,-80,-27,-137
1747907682974.344,151024,1747907682955.594,-79,-25,-120
1747907682994.219,151076,1747907682975.406,-85,-25,-121
1747907683014.062,151113,1747907682995.281,-79,-33,-121
1747907683033.906,151163,1747907683015.125,-89,-25,-121
1747907683053.781,151163,1747907683035.0,-82,-26,-125
1747907683073.625,151154,1747907683054.844,-80,-24,-124
1747907683093.5,151152,1747907683074.687,-77,-26,-119
1747907683113.312,151157,1747907683094.563,-81,-29,-127
1747907683133.188,151157,1747907683114.438,-80,-29,-122
1747907683153.031,151163,1747907683134.25,-78,-25,-124
1747907683172.906,151183,1747907683154.094,-79,-28,-132
1747907683192.719,151189,1747907683174.0,-85,-27,-121
1747907683212.594,151206,1747907683193.813,-77,-25,-121
1747907683232.469,151229,1747907683213.687,-86,-33,-121
1747907683252.313,151266,1747907683233.531,-92,-33,-124
1747907683272.156,151298,1747907683253.406,-79,-26,-122
1747907683292.031,151332,1747907683273.281,-94,-26,-121
1747907683311.906,151370,1747907683293.094,-80,-27,-145
1747907683331.75,151388,1747907683312.969,-80,-29,-119
1747907683351.594,151429,1747907683332.844,-88,-25,-125
1747907683371.469,151451,1747907683352.688,-85,-29,-118
1747907683391.344,151490,1747907683372.531,-90,-25,-121
1747907683411.188,151514,1747907683392.406,-80,-29,-121
1747907683431.031,151553,1747907683412.25,-80,-29,-125
1747907683450.875,151599,1747907683432.125,-80,-27,-122
1747907683470.75,151626,1747907683451.969,-80,-25,-125
1747907683490.656,151666,1747907683471.844,-80,-23,-116
1747907683510.531,151715,1747907683491.719,-80,-29,-121
1747907683530.375,151746,1747907683511.625,-80,-25,-117
1747907683550.219,151812,1747907683531.4382,-80,-33,-124
1747907683570.125,151858,1747907683551.281,-89,-25,-125
1747907683589.906,151914,1747907683571.156,-81,-16,-121
1747907683609.75,151961,1747907683591.0,-80,-21,-122
1747907683629.625,152013,1747907683610.844,-81,-26,-129
1747907683649.469,152094,1747907683630.688,-80,-33,-114
1747907683669.313,152142,1747907683650.625,-90,-21,-121
1747907683689.188,152199,1747907683670.406,-80,-29,-116
1747907683709.062,152258,1747907683690.281,-79,-25,-121
1747907683728.937,152336,1747907683710.125,-87,-29,-116
1747907683748.781,152391,1747907683729.969,-80,-27,-121
1747907683768.625,152452,1747907683749.906,-80,-21,-120
1747907683788.469,152519,1747907683769.656,-84,-26,-121
1747907683808.344,152575,1747907683789.563,-79,-25,-121
1747907683828.188,152648,1747907683809.406,-90,-25,-122
1747907683848.031,152700,1747907683829.281,-81,-26,-129
1747907683867.906,152731,1747907683849.125,-84,-29,-121
1747907683887.781,152767,1747907683868.969,-80,-29,-120
1747907683907.594,152760,1747907683888.844,-88,-26,-121
1747907683927.469,152773,1747907683908.719,-72,-24,-121
1747907683947.313,152771,1747907683928.531,-89,-29,-114
1747907683967.156,152769,1747907683948.406,-80,-33,-121
1747907683987.0,152793,1747907683968.25,-90,-16,-115
1747907684006.875,152786,1747907683988.125,-82,-25,-122
1747907684026.719,152801,1747907684007.937,-88,-8,-121
1747907684046.594,152827,1747907684027.781,-89,-26,-129
1747907684066.437,152832,1747907684047.656,-80,-29,-129
1747907684086.281,152861,1747907684067.563,-92,-8,-133
1747907684106.156,152879,1747907684087.344,-80,-29,-120
1747907684126.0,152917,1747907684107.219,-92,-25,-119
1747907684145.812,152939,1747907684127.094,-84,-33,-118
1747907684165.687,152974,1747907684146.938,-93,-29,-125
1747907684185.563,153001,1747907684166.75,-88,-21,-121
1747907684205.406,153035,1747907684186.625,-78,-29,-116
1747907684225.25,153052,1747907684206.469,-89,-26,-121
1747907684245.094,153081,1747907684226.344,-82,-25,-121
1747907684264.937,153134,1747907684246.188,-96,-29,-124
1747907684284.813,153168,1747907684266.031,-89,-25,-122
1747907684304.688,153195,1747907684285.906,-90,-27,-122
1747907684324.5,153225,1747907684305.719,-78,-16,-127
1747907684344.375,153254,1747907684325.594,-90,-29,-129
1747907684364.219,153293,1747907684345.438,-92,-25,-132
1747907684384.094,153343,1747907684365.312,-85,-25,-120
1747907684403.937,153393,1747907684385.156,-80,-25,-121
1747907684423.781,153432,1747907684405.0,-90,-29,-121
1747907684443.656,153472,1747907684424.844,-81,-25,-122
1747907684463.531,153530,1747907684444.719,-77,-29,-117
1747907684483.375,153570,1747907684464.625,-82,-22,-125
1747907684503.219,153630,1747907684484.438,-89,-25,-125
1747907684523.156,153662,1747907684504.313,-77,-25,-121
1747907684542.969,153709,1747907684524.25,-82,-25,-127
1747907684562.813,153762,1747907684544.031,-85,-25,-121
1747907684582.687,153826,1747907684563.875,-85,-29,-122
1747907684602.562,153860,1747907684583.781,-80,-33,-116
1747907684622.406,153909,1747907684603.625,-80,-29,-125
1747907684642.281,153981,1747907684623.5,-84,-25,-116
1747907684662.125,154052,1747907684643.375,-98,-16,-121
1747907684682.0,154108,1747907684663.188,-84,-29,-118
1747907684701.813,154136,1747907684683.063,-93,-25,-118
1747907684721.688,154155,1747907684702.9368,-79,-32,-137
1747907684741.594,154186,1747907684722.781,-89,-25,-121
1747907684761.437,154195,1747907684742.656,-77,-25,-125
1747907684781.25,154180,1747907684762.5,-76,-25,-128
1747907684801.125,154185,1747907684782.375,-90,-29,-130
1747907684820.969,154177,1747907684802.219,-80,-25,-116
1747907684840.844,154183,1747907684822.063,-92,-25,-114
1747907684860.687,154197,1747907684841.906,-77,-22,-122
1747907684880.531,154193,1747907684861.812,-96,-26,-116
1747907684900.4058,154202,1747907684881.625,-87,-25,-122
1747907684920.281,154218,1747907684901.469,-79,-29,-116
1747907684940.094,154232,1747907684921.375,-80,-25,-122
1747907684959.938,154251,1747907684941.188,-80,-25,-125
1747907684979.875,154283,1747907684961.0,-80,-25,-129
1747907684999.687,154313,1747907684980.906,-89,-6,-125
1747907685019.531,154322,1747907685000.75,-77,-27,-113
1747907685039.375,154354,1747907685020.625,-98,-29,-122
1747907685059.25,154370,1747907685040.437,-89,-33,-112
1747907685079.094,154375,1747907685060.375,-84,-26,-121
1747907685098.937,154433,1747907685080.188,-78,-33,-126
1747907685118.812,154455,1747907685100.031,-79,-29,-125
1747907685138.688,154469,1747907685119.875,-88,-25,-122
1747907685158.563,154513,1747907685139.75,-81,-29,-116
1747907685178.375,154539,1747907685159.656,-92,-25,-119
1747907685198.25,154579,1747907685179.469,-79,-29,-129
1747907685218.094,154594,1747907685199.313,-85,-26,-116
1747907685237.969,154651,1747907685219.187,-84,-25,-122
1747907685257.812,154682,1747907685239.031,-93,-25,-119
1747907685277.656,154719,1747907685258.938,-84,-25,-122
1747907685297.531,154769,1747907685278.75,-74,-25,-127
1747907685317.375,154807,1747907685298.594,-82,-25,-122
1747907685337.219,154849,1747907685318.437,-72,-22,-132
1747907685357.094,154910,1747907685338.312,-89,-25,-122
1747907685376.969,154938,1747907685358.125,-77,-33,-125
1747907685396.813,155000,1747907685378.031,-77,-16,-128
1747907685416.656,155033,1747907685397.875,-83,-33,-121
1747907685436.5,155092,1747907685417.75,-71,-29,-121
1747907685456.375,155137,1747907685437.563,-89,-29,-116
1747907685476.219,155180,1747907685457.438,-93,-29,-129
1747907685496.094,155244,1747907685477.281,-92,-33,-122
1747907685515.938,155279,1747907685497.125,-79,-25,-131
1747907685535.781,155339,1747907685517.0,-81,-27,-121
1747907685555.656,155339,1747907685536.844,-79,-25,-121
1747907685575.5,155347,1747907685556.719,-97,-33,-118
1747907685595.469,155339,1747907685576.594,-89,-26,-124
1747907685615.187,155330,1747907685596.531,-89,-25,-121
1747907685635.062,155317,1747907685616.281,-77,-33,-136
1747907685654.938,155303,1747907685636.156,-82,-25,-121
1747907685674.781,155303,1747907685656.0,-97,-33,-124
1747907685694.625,155282,1747907685675.844,-80,-28,-121
1747907685714.469,155272,1747907685695.719,-83,-25,-124
1747907685734.344,155294,1747907685715.563,-89,-31,-113
1747907685754.188,155294,1747907685735.437,-80,-26,-116
1747907685774.031,155297,1747907685755.25,-77,-36,-122
1747907685793.875,155337,1747907685775.094,-89,-25,-127
1747907685813.812,155395,1747907685794.938,-77,-25,-121
1747907685833.563,155501,1747907685814.844,-89,-20,-134
1747907685853.438,155817,1747907685834.687,-82,-33,-132
1747907685873.312,156117,1747907685854.5,-97,-41,-142
1747907685893.156,156337,1747907685874.375,-111,-42,-142
1747907685913.0,156544,1747907685894.219,-109,-26,-174
1747907685932.906,156722,1747907685914.062,-120,-8,-178
1747907685952.719,156928,1747907685933.969,-135,15,-178
1747907685972.594,157178,1747907685953.781,-122,23,-188
1747907685992.4368,157499,1747907685973.656,-122,44,-201
1747907686012.313,157666,1747907685993.531,-129,44,-230
1747907686032.188,157403,1747907686013.375,-144,15,-287
1747907686052.031,157077,1747907686033.25,-149,-9,-325
1747907686071.875,156825,1747907686053.094,-109,-8,-337
1747907686091.719,156481,1747907686072.938,-33,-20,-314
1747907686111.594,156223,1747907686092.812,27,0,-313
1747907686131.469,156019,1747907686112.656,39,0,-290
1747907686151.312,155826,1747907686132.5632,38,19,-292
1747907686171.156,155460,1747907686152.375,-5,39,-276
1747907686191.031,154831,1747907686172.25,-21,14,-256
1747907686210.875,154338,1747907686192.094,-16,-9,-200
1747907686230.719,153995,1747907686211.969,1,-25,-144
1747907686250.594,153944,1747907686231.813,23,-49,-60
1747907686270.438,154221,1747907686251.625,59,-63,5
1747907686290.313,154642,1747907686271.531,73,-73,87
1747907686310.156,155106,1747907686291.344,108,-82,147
1747907686330.031,155600,1747907686311.219,118,-97,171
1747907686349.875,155874,1747907686331.094,136,-121,161
1747907686369.813,155834,1747907686350.969,115,-105,118
1747907686389.594,155898,1747907686370.938,65,-65,68
1747907686409.406,155820,1747907686390.656,14,-62,55
1747907686429.281,155279,1747907686410.469,-26,-61,92
1747907686449.125,154904,1747907686430.375,-65,38,140
1747907686468.969,154656,1747907686450.219,-122,205,123
1747907686488.875,154208,1747907686470.094,-169,415,14
1747907686508.687,153955,1747907686489.938,-245,384,-160
1747907686528.563,153711,1747907686509.7808,-245,275,-277
1747907686548.438,153541,1747907686529.656,-206,223,-303
1747907686568.312,153562,1747907686549.531,-164,195,-284
1747907686588.156,153713,1747907686569.375,-115,190,-272
1747907686608.0,153975,1747907686589.219,-92,179,-239
1747907686627.844,154555,1747907686609.094,-84,119,-234
1747907686647.719,155211,1747907686628.937,-96,55,-252
1747907686667.594,155634,1747907686648.781,-97,22,-253
1747907686687.469,156033,1747907686668.656,-66,0,-250
1747907686707.313,156409,1747907686688.531,-55,-17,-275
1747907686727.156,156786,1747907686708.375,-31,-29,-289
1747907686747.031,157145,1747907686728.25,-32,-26,-304
1747907686766.906,157553,1747907686748.125,-49,-28,-313
1747907686786.75,157922,1747907686767.969,-39,-26,-301
1747907686806.594,158320,1747907686787.812,-10,-24,-296
1747907686826.469,158764,1747907686807.687,-9,-29,-287
1747907686846.312,159286,1747907686827.531,9,-25,-276
1747907686866.156,159767,1747907686847.375,-9,-16,-248
1747907686886.031,160158,1747907686867.188,0,-28,-205
1747907686905.875,160447,1747907686887.062,27,-33,-144
1747907686925.75,160701,1747907686906.969,52,-37,-105
1747907686945.594,160955,1747907686926.813,51,-40,-68
1747907686965.438,161298,1747907686946.656,51,-57,-16
1747907686985.313,161515,1747907686966.5,48,-97,27
1747907687005.156,161631,1747907686986.375,35,-127,38
1747907687025.0,161764,1747907687006.313,31,-124,39
1747907687044.875,161911,1747907687026.063,38,-105,50
1747907687064.719,162040,1747907687045.937,28,-83,46
1747907687084.594,162453,1747907687065.812,0,-64,28
1747907687104.406,162940,1747907687085.656,-72,-34,-8
1747907687124.281,163341,1747907687105.5,-114,47,-49
1747907687144.125,163741,1747907687125.375,-128,159,-121
1747907687164.0,163996,1747907687145.187,-116,223,-210
1747907687183.844,163539,1747907687165.062,-79,243,-272
1747907687203.687,162737,1747907687184.906,-25,198,-337
1747907687223.563,162049,1747907687204.75,-12,153,-345
1747907687243.406,161390,1747907687224.656,-12,175,-333
1747907687263.25,160796,1747907687244.469,-25,191,-288
1747907687283.094,160211,1747907687264.344,-12,182,-262
1747907687302.937,159542,1747907687284.156,-36,159,-226
1747907687322.813,158232,1747907687304.031,-1,135,-221
1747907687342.688,157430,1747907687323.906,-109,70,-248
1747907687362.5,156877,1747907687343.75,-92,41,-246
1747907687382.375,156556,1747907687363.594,-45,46,-260
1747907687402.219,157119,1747907687383.438,16,70,-225
1747907687422.031,157645,1747907687403.281,-25,59,-189
1747907687441.906,156227,1747907687423.125,3,59,-160
1747907687461.75,159263,1747907687442.969,12,55,-178
1747907687481.594,160511,1747907687462.813,-32,7,-228
1747907687501.438,156784,1747907687482.687,-76,15,-176
1747907687521.281,162942,1747907687502.562,-40,12,44
1747907687541.156,164483,1747907687522.375,119,-14,31
1747907687561.062,171483,1747907687542.25,187,58,-92
1747907687580.844,189634,1747907687562.156,156,31,-152
1747907687600.719,217239,1747907687581.937,103,7,-105
1747907687620.563,229165,1747907687601.781,38,-29,-86
1747907687640.406,214067,1747907687621.625,-41,-49,-97
1747907687660.25,175780,1747907687641.469,-71,-29,-121
1747907687680.125,158563,1747907687661.344,-121,15,-100
1747907687699.938,156179,1747907687681.187,-129,47,-72
1747907687719.812,155239,1747907687701.031,-136,105,-140
1747907687739.656,152555,1747907687720.875,-121,147,-144
1747907687759.5,152068,1747907687740.781,-117,215,-194
1747907687779.406,151849,1747907687760.562,-164,271,-243
1747907687799.25,151503,1747907687780.469,-153,252,-228
1747907687819.094,151134,1747907687800.313,-153,219,-245
1747907687838.937,150560,1747907687820.188,-138,171,-196
1747907687858.813,149885,1747907687840.0,-122,153,-126
1747907687878.688,149976,1747907687859.906,-12,143,-77
1747907687898.5,150549,1747907687879.781,145,99,-68
1747907687918.344,152194,1747907687899.625,130,147,-48
1747907687938.219,153488,1747907687919.438,216,128,0
1747907687958.094,154388,1747907687939.281,289,121,-13
1747907687977.906,154992,1747907687959.156,289,47,-111
1747907687997.75,154873,1747907687979.063,204,-25,-233
1747907688017.625,153734,1747907687998.813,148,-79,-251
1747907688037.469,151255,1747907688018.687,140,-113,-153
1747907688057.313,149020,1747907688038.531,102,-105,-121
1747907688077.187,147383,1747907688058.438,79,-114,-135
1747907688097.0,146859,1747907688078.281,96,-71,-100
1747907688116.875,147609,1747907688098.094,79,-15,-65
1747907688136.781,147747,1747907688117.937,20,11,-16
1747907688156.563,147883,1747907688137.812,-25,56,-36
1747907688176.406,146816,1747907688157.625,-77,63,-86
1747907688196.25,144919,1747907688177.469,-113,85,-97
1747907688216.125,145051,1747907688197.313,-124,147,-161
1747907688235.969,145168,1747907688217.219,-163,207,-197
1747907688255.812,144938,1747907688237.031,-152,191,-201
1747907688275.687,144466,1747907688256.906,-151,168,-173
1747907688295.563,143756,1747907688276.75,-88,151,-159
1747907688315.375,143280,1747907688296.625,-66,139,-130
1747907688335.25,143089,1747907688316.437,-57,154,-138
1747907688355.094,142591,1747907688336.313,14,161,-154
1747907688374.969,142220,1747907688356.156,31,151,-169
1747907688394.813,141755,1747907688376.031,-34,135,-149
1747907688414.656,143748,1747907688395.875,-20,143,-125
1747907688434.531,142748,1747907688415.844,22,79,-121
1747907688454.406,141024,1747907688435.594,179,-49,-57
1747907688474.25,140481,1747907688455.469,287,-18,-48
1747907688494.094,141091,1747907688475.281,287,46,-158
1747907688513.969,142989,1747907688495.156,240,12,-264
1747907688533.812,143789,1747907688515.031,244,-17,-227
1747907688553.656,144614,1747907688534.906,192,-17,-132
1747907688573.5,145616,1747907688554.75,99,-13,-84
1747907688593.344,145881,1747907688574.562,-20,14,-52
1747907688613.219,145580,1747907688594.438,-125,24,-37
1747907688633.031,144786,1747907688614.281,-168,63,-50
1747907688652.938,145305,1747907688634.094,-110,60,-136
1747907688672.75,145571,1747907688654.0,-162,47,-205
1747907688692.625,144745,1747907688673.844,-193,63,-186
1747907688712.437,143844,1747907688693.719,-121,123,-168
1747907688732.281,142227,1747907688713.531,-127,183,-181
1747907688752.156,141921,1747907688733.375,192,7,-174
1747907688772.0,141931,1747907688753.219,102,209,-114
1747907688791.844,137813,1747907688773.062,-8,215,-220
1747907688811.687,132571,1747907688792.969,-96,159,-228
1747907688831.531,133173,1747907688812.781,-137,211,-89
1747907688851.375,136523,1747907688832.625,-77,118,-5
1747907688871.219,141539,1747907688852.437,39,91,35
1747907688891.062,144580,1747907688872.313,152,111,17
1747907688910.937,144265,1747907688892.188,199,102,-86
1747907688930.781,144055,1747907688912.0,131,79,-139
1747907688950.625,144656,1747907688931.875,49,76,-169
1747907688970.469,141316,1747907688951.719,6,54,-164
1747907688990.375,140298,1747907688971.563,-16,63,-161
1747907689010.187,139607,1747907688991.469,-72,89,-189
1747907689030.031,140491,1747907689011.281,-80,31,-229
1747907689049.875,140259,1747907689031.094,-248,-106,-192
1747907689069.75,139525,1747907689050.969,-4,-13,-166
1747907689089.594,138946,1747907689070.813,46,18,-150
1747907689109.438,139541,1747907689090.688,32,15,-143
1747907689129.281,139188,1747907689110.531,78,-15,-201
1747907689149.125,137639,1747907689130.344,-4,119,-220
1747907689169.0,138483,1747907689150.188,-17,293,-81
1747907689188.812,137077,1747907689170.063,-15,147,-66
1747907689208.688,136553,1747907689189.9058,-47,15,-65
1747907689228.563,138349,1747907689209.781,-56,95,-76
1747907689248.406,140222,1747907689229.625,-18,143,-146
1747907689268.219,140668,1747907689249.5,-43,89,-177
1747907689288.094,139775,1747907689269.281,-90,64,-177
1747907689307.969,137843,1747907689289.156,-112,52,-149
1747907689327.812,136734,1747907689309.031,-93,48,-193
1747907689347.656,134947,1747907689328.906,-93,28,-168
1747907689367.469,134105,1747907689348.719,-68,7,-148
1747907689387.313,133981,1747907689368.531,-40,39,-133
1747907689407.281,133709,1747907689388.344,-66,88,-127
1747907689427.031,133648,1747907689408.375,-71,79,-132
1747907689446.875,133658,1747907689428.094,-32,63,-158
1747907689466.75,133688,1747907689447.938,-20,48,-173
1747907689486.594,133778,1747907689467.812,-4,41,-155
1747907689506.438,134168,1747907689487.656,23,60,-134
1747907689526.281,134745,1747907689507.531,-1,69,-113
1747907689546.125,134882,1747907689527.344,-24,79,-122
1747907689566.0,135274,1747907689547.156,-29,111,-153
1747907689585.844,136303,1747907689567.094,-24,115,-164
1747907689605.687,136813,1747907689586.937,3,91,-144
1747907689625.562,136809,1747907689606.781,3,42,-145
1747907689645.438,136517,1747907689626.625,12,23,-132
1747907689665.281,136127,1747907689646.5,-24,43,-153
1747907689685.125,135725,1747907689666.375,-45,39,-168
1747907689705.031,135502,1747907689686.188,-55,51,-169
1747907689724.812,135835,1747907689706.094,-45,68,-183
1747907689744.688,136247,1747907689725.906,-40,51,-173
1747907689764.531,136787,1747907689745.781,-34,63,-148
1747907689784.375,137171,1747907689765.688,-35,31,-144
1747907689804.25,137351,1747907689785.469,-39,31,-153
1747907689824.125,137520,1747907689805.313,-50,24,-148
1747907689843.9382,137619,1747907689825.187,-24,5,-141
1747907689863.844,137764,1747907689845.031,-46,7,-138
1747907689883.719,137980,1747907689864.906,-66,-2,-161
1747907689903.531,138239,1747907689884.719,-56,-4,-160
1747907689923.375,138355,1747907689904.625,-56,0,-153
1747907689943.219,138331,1747907689924.469,-66,0,-158
1747907689963.094,138183,1747907689944.313,-60,3,-160
1747907689982.969,137899,1747907689964.156,-55,15,-193
1747907690002.781,137553,1747907689984.031,-53,13,-196
1747907690022.656,137136,1747907690003.875,-76,9,-189
1747907690042.531,136687,1747907690023.75,-63,15,-185
1747907690062.375,136289,1747907690043.625,-62,36,-168
1747907690082.219,135986,1747907690063.438,-65,31,-153
1747907690102.156,135756,1747907690083.281,-82,12,-145
1747907690121.969,135474,1747907690103.219,-80,7,-145
1747907690141.781,135130,1747907690123.031,-64,-7,-138
1747907690161.656,134804,1747907690142.875,-57,-9,-140
1747907690181.469,134537,1747907690162.75,-65,-17,-148
1747907690201.344,134302,1747907690182.562,-64,-17,-152
1747907690221.187,134112,1747907690202.437,-64,-18,-142
1747907690241.031,133943,1747907690222.281,-54,-25,-144
1747907690261.0,133991,1747907690242.125,-61,-17,-121
1747907690280.719,134128,1747907690261.937,-52,11,-124
1747907690300.594,134090,1747907690281.812,-74,-4,-127
1747907690320.437,133999,1747907690301.688,-68,3,-132
1747907690340.281,133873,1747907690321.531,-84,0,-154
1747907690360.156,133755,1747907690341.406,-104,-5,-173
1747907690380.0,133665,1747907690361.25,-85,-10,-169
1747907690399.844,133555,1747907690381.094,-74,-23,-140
1747907690419.719,133436,1747907690400.938,-64,-25,-130
1747907690439.625,133309,1747907690420.781,-54,-23,-125
1747907690459.438,133189,1747907690440.656,-56,-17,-133
1747907690479.219,133032,1747907690460.437,-55,-21,-125
1747907690499.094,132838,1747907690480.344,-61,-4,-132
1747907690518.937,132654,1747907690500.156,-64,15,-150
1747907690538.8132,132495,1747907690520.0,-84,11,-154
1747907690558.656,132315,1747907690539.875,-79,-9,-145
1747907690578.5,132134,1747907690559.687,-58,-1,-141
1747907690598.344,131923,1747907690579.563,-69,-9,-138
1747907690618.156,131693,1747907690599.406,-58,-9,-141
1747907690638.0,131514,1747907690619.219,-57,-9,-144
1747907690657.844,131284,1747907690639.094,-54,-9,-136
1747907690677.687,131043,1747907690658.937,-73,-9,-129
1747907690697.594,130748,1747907690678.844,-71,-15,-137
1747907690717.438,130484,1747907690698.656,-58,-10,-137
1747907690737.25,130177,1747907690718.5,-69,-5,-145
1747907690757.094,129911,1747907690738.344,-65,-9,-138
1747907690777.062,129647,1747907690758.156,-64,-10,-139
1747907690796.781,129415,1747907690778.125,-85,-9,-141
1747907690816.625,129170,1747907690797.875,-72,-13,-138
1747907690836.469,128951,1747907690817.687,-64,-13,-138
1747907690856.344,128772,1747907690837.562,-63,-18,-138
1747907690876.187,128589,1747907690857.406,-61,-9,-138
1747907690896.0,128419,1747907690877.25,-64,-13,-141
1747907690915.875,128231,1747907690897.125,-63,-13,-145
1747907690935.719,128079,1747907690916.969,-72,-7,-141
1747907690955.562,127929,1747907690936.812,-63,-13,-136
1747907690975.406,127760,1747907690956.656,-68,-5,-132
1747907690995.281,127614,1747907690976.531,-61,-10,-140
1747907691015.125,127472,1747907690996.344,-72,-13,-135
1747907691035.0,127319,1747907691016.281,-61,-11,-132
1747907691054.812,127160,1747907691036.094,-72,-9,-140
1747907691074.687,127026,1747907691055.938,-64,-8,-142
1747907691094.563,126880,1747907691075.781,-65,-13,-141
1747907691114.5,126765,1747907691095.625,-60,-9,-137
1747907691134.187,126650,1747907691115.563,-63,-7,-137
1747907691154.062,126533,1747907691135.313,-62,-6,-147
1747907691173.938,126443,1747907691155.125,-72,-9,-141
1747907691193.781,126345,1747907691175.0,-63,-17,-141
1747907691213.625,126253,1747907691194.875,-77,-6,-142
1747907691233.5,126170,1747907691214.719,-62,-9,-140
1747907691253.312,126058,1747907691234.5632,-72,-17,-136
1747907691273.1882,125999,1747907691254.375,-73,-9,-141
1747907691292.969,125923,1747907691274.25,-64,-9,-139
1747907691312.844,125843,1747907691294.094,-67,-9,-132
1747907691332.687,125737,1747907691313.906,-69,-9,-142
1747907691352.531,125641,1747907691333.781,-72,-9,-137
1747907691372.375,125438,1747907691353.594,-62,-7,-135
1747907691392.25,125223,1747907691373.469,-65,-16,-134
1747907691412.062,124987,1747907691393.312,-61,-10,-137
1747907691431.937,124776,1747907691413.156,-61,-13,-141
1747907691451.781,124567,1747907691433.031,-71,-8,-136
1747907691471.594,124369,1747907691452.844,-60,-16,-132
1747907691491.469,124152,1747907691472.656,-57,-9,-138
1747907691511.312,123969,1747907691492.563,-64,-10,-138
1747907691531.187,123787,1747907691512.406,-64,-6,-141
1747907691551.031,123651,1747907691532.281,-64,-10,-142
1747907691570.906,123510,1747907691552.094,-53,-10,-141
1747907691590.719,123373,1747907691571.906,-65,-2,-153
1747907691610.594,123250,1747907691591.813,-61,0,-146
1747907691630.406,123122,1747907691611.688,-57,-9,-141
1747907691650.25,123015,1747907691631.5,-77,-9,-130
1747907691670.125,122914,1747907691651.344,-72,-9,-138
1747907691689.969,122813,1747907691671.187,-73,-9,-132
1747907691709.812,122717,1747907691691.031,-64,-8,-134
1747907691729.688,122629,1747907691710.875,-65,-12,-145
1747907691749.531,122530,1747907691730.75,-63,-9,-141
1747907691769.406,122429,1747907691750.594,-81,-17,-137
1747907691789.375,122374,1747907691770.469,-72,-9,-138
1747907691809.094,122272,1747907691790.406,-73,-10,-134
1747907691828.938,122206,1747907691810.156,-68,-7,-140
1747907691848.813,122150,1747907691830.031,-63,-7,-136
1747907691868.625,122092,1747907691849.875,-64,-4,-146
1747907691888.469,122031,1747907691869.719,-74,-9,-136
1747907691908.344,121970,1747907691889.531,-62,-9,-149
1747907691928.188,121933,1747907691909.406,-69,-4,-147
1747907691948.0,121864,1747907691929.25,-64,-9,-141
1747907691967.875,121819,1747907691949.125,-60,-8,-141
1747907691987.719,121792,1747907691968.9382,-73,-9,-130
1747907692007.594,121771,1747907691988.812,-66,-5,-141
1747907692027.406,121722,1747907692008.687,-64,-8,-147
1747907692047.281,121647,1747907692028.625,-76,-9,-139
1747907692067.125,121581,1747907692048.344,-62,-5,-140
1747907692086.969,121445,1747907692068.188,-63,-8,-137
1747907692106.813,121287,1747907692088.062,-65,-9,-140
1747907692126.656,121110,1747907692107.906,-69,-9,-136
1747907692146.531,120940,1747907692127.75,-71,-9,-141
1747907692166.406,120785,1747907692147.594,-72,-9,-143
1747907692186.25,120607,1747907692167.469,-72,-9,-138
1747907692206.125,120472,1747907692187.3118,-63,-17,-148
1747907692225.969,120339,1747907692207.187,-64,-9,-141
1747907692245.844,120229,1747907692227.063,-60,-9,-143
1747907692265.688,120115,1747907692246.938,-72,-17,-146
1747907692285.563,120026,1747907692266.812,-66,-7,-142
1747907692305.437,119926,1747907692286.625,-63,-10,-136
1747907692325.312,119872,1747907692306.5,-72,-9,-153
1747907692345.156,119800,1747907692326.375,-60,-9,-140
1747907692364.969,119749,1747907692346.25,-64,-10,-141
1747907692384.844,119711,1747907692366.062,-74,-9,-135
1747907692404.687,119654,1747907692385.875,-65,-7,-143
1747907692424.5,119592,1747907692405.75,-68,-5,-136
1747907692444.375,119548,1747907692425.594,-61,-7,-141
1747907692464.313,119509,1747907692445.437,-61,-10,-138
1747907692484.094,119458,1747907692465.312,-61,-8,-144
1747907692503.937,119427,1747907692485.156,-61,-9,-141
1747907692523.781,119390,1747907692505.031,-72,-8,-133
1747907692543.625,119342,1747907692524.844,-72,-7,-134
1747907692563.5,119345,1747907692544.687,-64,-9,-145
1747907692583.312,119304,1747907692564.563,-64,-8,-138
1747907692603.156,119271,1747907692584.406,-64,-17,-143
1747907692623.0,119247,1747907692604.219,-64,-13,-145
1747907692642.844,119232,1747907692624.094,-72,-8,-137
1747907692662.719,119183,1747907692643.906,-64,-9,-144
1747907692682.5,119125,1747907692663.75,-71,-13,-142
1747907692702.344,119089,1747907692683.594,-61,-9,-133
1747907692722.219,119049,1747907692703.406,-73,-7,-130
1747907692742.094,119028,1747907692723.281,-71,-7,-141
1747907692761.875,119000,1747907692743.156,-65,-6,-138
1747907692781.75,119000,1747907692763.0,-72,-7,-141
1747907692801.594,118972,1747907692782.813,-61,-9,-137
1747907692821.5,118882,1747907692802.656,-69,0,-136
1747907692841.281,118788,1747907692822.5,-64,-17,-153
1747907692861.125,118663,1747907692842.375,-72,-9,-134
1747907692880.969,118533,1747907692862.219,-61,-13,-145
1747907692900.844,118410,1747907692882.031,-74,-5,-140
1747907692920.688,118268,1747907692901.906,-72,-8,-135
1747907692940.5,118160,1747907692921.75,-61,0,-145
1747907692960.375,118072,1747907692941.594,-63,-6,-142
1747907692980.25,118009,1747907692961.438,-63,-6,-141
1747907693000.063,117946,1747907692981.313,-71,0,-128
1747907693019.938,117891,1747907693001.156,-73,-7,-138
1747907693039.781,117815,1747907693021.0,-66,-5,-134
1747907693059.656,117779,1747907693040.844,-71,-7,-134
1747907693079.469,117711,1747907693060.719,-65,-9,-132
1747907693099.344,117678,1747907693080.594,-66,-9,-144
1747907693119.188,117637,1747907693100.406,-65,-8,-137
1747907693139.156,117583,1747907693120.25,-61,-12,-143
1747907693158.937,117542,1747907693140.219,-71,-8,-146
1747907693178.719,117506,1747907693159.938,-63,-7,-141
1747907693198.594,117449,1747907693179.812,-63,-5,-137
1747907693218.437,117424,1747907693199.625,-83,-15,-135
1747907693238.281,117388,1747907693219.531,-61,-10,-144
1747907693258.125,117359,1747907693239.375,-72,-9,-136
1747907693278.0,117333,1747907693259.187,-72,0,-144
1747907693297.844,117298,1747907693279.094,-65,-7,-143
1747907693317.656,117289,1747907693298.906,-62,-8,-142
1747907693337.5,117277,1747907693318.75,-68,-5,-128
1747907693357.469,117239,1747907693338.563,-69,-7,-134
1747907693377.188,117217,1747907693358.406,-64,-1,-145
1747907693397.063,117191,1747907693378.375,-68,-9,-141
1747907693416.906,117171,1747907693398.156,-61,-7,-138
1747907693436.75,117171,1747907693417.969,-60,-9,-137
1747907693456.625,117172,1747907693437.813,-65,-7,-141
1747907693476.562,117158,1747907693457.656,-57,0,-141
1747907693496.375,117138,1747907693477.688,-69,-9,-137
1747907693516.187,117128,1747907693497.375,-64,-8,-141
1747907693536.031,117118,1747907693517.25,-72,-8,-141
1747907693555.875,117118,1747907693537.125,-61,-13,-140
1747907693575.688,117089,1747907693556.969,-64,-5,-144
1747907693595.562,117049,1747907693576.813,-68,-13,-137
1747907693615.437,116992,1747907693596.625,-64,-15,-145
1747907693635.281,116904,1747907693616.5,-71,-7,-136
1747907693655.094,116814,1747907693636.375,-70,-8,-144
1747907693674.969,116723,1747907693656.187,-72,-7,-128
1747907693694.812,116652,1747907693676.031,-75,-9,-138
1747907693714.656,116586,1747907693695.875,-64,-10,-145
1747907693734.469,116503,1747907693715.719,-71,-7,-141
1747907693754.344,116446,1747907693735.594,-74,-4,-138
1747907693774.187,116404,1747907693755.406,-60,-2,-129
1747907693794.062,116354,1747907693775.25,-73,-6,-137
1747907693813.875,116305,1747907693795.125,-63,-10,-138
1747907693833.813,116285,1747907693814.969,-65,0,-141
1747907693853.625,116239,1747907693834.812,-74,-8,-144
1747907693873.469,116233,1747907693854.688,-70,-9,-148
1747907693893.281,116213,1747907693874.563,-85,-12,-140
1747907693913.156,116200,1747907693894.375,-61,-17,-144
1747907693933.0,116176,1747907693914.219,-60,-13,-144
1747907693952.844,116151,1747907693934.094,-66,-15,-152
1747907693972.687,116129,1747907693953.938,-71,0,-135
1747907693992.563,116070,1747907693973.813,-63,-9,-137
1747907694012.438,116046,1747907693993.625,-57,-11,-128
1747907694032.281,116025,1747907694013.5,-72,-13,-143
1747907694052.094,116008,1747907694033.344,-65,0,-138
1747907694071.969,115980,1747907694053.281,-70,-5,-134
1747907694091.813,116006,1747907694073.062,-61,-12,-136
1747907694111.688,115993,1747907694092.875,-73,-7,-136
1747907694131.5,115981,1747907694112.75,-65,0,-142
1747907694151.437,115967,1747907694132.625,-64,-13,-138
1747907694171.25,115974,1747907694152.531,-64,-8,-132
1747907694191.094,115963,1747907694172.312,-63,-9,-138
1747907694210.938,115969,1747907694192.187,-72,-6,-130
1747907694230.781,115971,1747907694212.031,-66,-13,-129
1747907694250.656,115955,1747907694231.844,-64,-9,-144
1747907694270.5,115941,1747907694251.719,-64,-7,-138
1747907694290.344,115926,1747907694271.562,-68,-17,-142
1747907694310.187,115903,1747907694291.437,-68,-13,-138
1747907694330.031,115900,1747907694311.25,-65,-9,-134
1747907694349.906,115886,1747907694331.094,-61,-7,-144
1747907694369.75,115899,1747907694350.969,-66,-9,-140
1747907694389.563,115884,1747907694370.812,-73,-13,-138
1747907694409.437,115865,1747907694390.625,-73,-10,-133
1747907694429.281,115785,1747907694410.5,-71,-9,-141
1747907694449.125,115733,1747907694430.344,-63,-8,-134
1747907694468.969,115663,1747907694450.219,-72,-8,-144
1747907694488.906,115612,1747907694470.031,-71,-7,-136
1747907694508.719,115559,1747907694489.969,-82,-7,-138
1747907694528.563,115529,1747907694509.75,-71,0,-137
1747907694548.375,115471,1747907694529.625,-65,-9,-138
1747907694568.219,115451,1747907694549.469,-77,-5,-140
1747907694588.094,115400,1747907694569.281,-64,-8,-143
1747907694607.937,115373,1747907694589.188,-64,-5,-143
1747907694627.781,115348,1747907694609.031,-78,-17,-146
1747907694647.625,115326,1747907694628.875,-60,-5,-137
1747907694667.5,115309,1747907694648.719,-73,-9,-145
1747907694687.344,115277,1747907694668.563,-61,-9,-145
1747907694707.187,115262,1747907694688.406,-72,-8,-138
1747907694727.031,115255,1747907694708.281,-73,-7,-138
1747907694746.906,115233,1747907694728.125,-70,-9,-141
1747907694766.781,115238,1747907694747.969,-77,-9,-136
1747907694786.594,115217,1747907694767.844,-64,-9,-141
1747907694806.469,115177,1747907694787.688,-68,-8,-140
1747907694826.344,115192,1747907694807.531,-72,-10,-138
1747907694846.187,115180,1747907694827.406,-72,-7,-141
1747907694866.031,115161,1747907694847.219,-64,-10,-146
1747907694885.906,115168,1747907694867.125,-60,-8,-138
1747907694905.75,115166,1747907694886.969,-63,-9,-136
1747907694925.625,115179,1747907694906.812,-61,-9,-138
1747907694945.437,115168,1747907694926.688,-61,-7,-136
1747907694965.312,115185,1747907694946.531,-77,-17,-144
1747907694985.156,115181,1747907694966.375,-64,-9,-137
1747907695005.0,115189,1747907694986.219,-72,-9,-137
1747907695024.844,115176,1747907695006.094,-63,-8,-145
1747907695044.687,115195,1747907695025.969,-69,-9,-141
1747907695064.563,115185,1747907695045.75,-64,-10,-138
1747907695084.406,115211,1747907695065.625,-72,-13,-142
1747907695104.25,115214,1747907695085.5,-60,-8,-144
1747907695124.094,115196,1747907695105.375,-77,-5,-138
1747907695143.937,115190,1747907695125.156,-58,-13,-153
1747907695163.8132,115154,1747907695145.031,-76,-9,-140
1747907695183.625,115110,1747907695164.906,-64,-8,-141
1747907695203.5,115089,1747907695184.719,-64,-1,-136
1747907695223.344,115041,1747907695204.531,-65,0,-147
1747907695243.219,115004,1747907695224.406,-69,-13,-136
1747907695263.031,114959,1747907695244.281,-64,-10,-136
1747907695282.875,114922,1747907695264.156,-72,-9,-130
1747907695302.75,114896,1747907695283.937,-64,-7,-143
1747907695322.594,114872,1747907695303.781,-69,-9,-138
1747907695342.438,114848,1747907695323.656,-72,-10,-136
1747907695362.281,114820,1747907695343.531,-61,-8,-145
1747907695382.156,114807,1747907695363.344,-73,-10,-137
1747907695402.0,114769,1747907695383.219,-64,-10,-134
1747907695421.875,114741,1747907695403.094,-61,-9,-140
1747907695441.719,114710,1747907695422.937,-72,-9,-134
1747907695461.563,114675,1747907695442.812,-64,-8,-138
1747907695481.437,114661,1747907695462.625,-61,-9,-137
1747907695501.281,114647,1747907695482.531,-72,-9,-132
1747907695521.094,114636,1747907695502.375,-61,0,-137
1747907695540.969,114628,1747907695522.187,-64,-4,-143
1747907695560.844,114607,1747907695542.062,-74,-9,-132
1747907695580.687,114590,1747907695561.938,-57,-6,-140
1747907695600.531,114592,1747907695581.75,-68,-8,-132
1747907695620.5,114580,1747907695601.594,-72,-10,-141
1747907695640.25,114572,1747907695621.469,-81,-1,-136
1747907695660.094,114569,1747907695641.313,-63,-9,-140
1747907695679.906,114559,1747907695661.156,-72,-7,-138
1747907695699.781,114563,1747907695681.0,-61,0,-138
1747907695719.656,114539,1747907695700.844,-64,-10,-140
1747907695739.5,114552,1747907695720.719,-74,-9,-138
1747907695759.344,114559,1747907695740.563,-61,-9,-144
1747907695779.219,114553,1747907695760.406,-72,-9,-135
1747907695799.031,114556,1747907695780.281,-64,-6,-138
1747907695818.906,114560,1747907695800.156,-65,-7,-138
1747907695838.75,114553,1747907695819.969,-60,-9,-138
1747907695858.562,114583,1747907695839.844,-68,-9,-141
1747907695878.438,114582,1747907695859.656,-64,-1,-142
1747907695898.344,114600,1747907695879.531,-76,-6,-140
1747907695918.125,114584,1747907695899.406,-58,-2,-136
1747907695938.0,114562,1747907695919.25,-61,-7,-138
1747907695957.938,114533,1747907695939.063,-71,-13,-133
1747907695977.719,114493,1747907695958.937,-79,-1,-148
1747907695997.531,114461,1747907695978.781,-63,-9,-149
1747907696017.406,114398,1747907695998.625,-71,-8,-136
1747907696037.25,114367,1747907696018.469,-61,-17,-119
1747907696057.125,114339,1747907696038.344,-64,-9,-140
1747907696076.938,114337,1747907696058.187,-72,-9,-138
1747907696096.781,114306,1747907696078.031,-61,-7,-144
1747907696116.656,114290,1747907696097.844,-74,-11,-141
1747907696136.5,114265,1747907696117.75,-64,-7,-141
1747907696156.344,114263,1747907696137.594,-72,-9,-138
1747907696176.188,114238,1747907696157.437,-56,-9,-143
1747907696196.062,114250,1747907696177.281,-64,-9,-138
1747907696215.937,114244,1747907696197.094,-68,-9,-135
1747907696235.844,114242,1747907696217.0,-61,-13,-141
1747907696255.594,114237,1747907696236.969,-79,-9,-136
1747907696275.469,114242,1747907696256.687,-64,-9,-144
1747907696295.375,114236,1747907696276.531,-76,-9,-137
1747907696315.125,114252,1747907696296.375,-69,-1,-144
1747907696335.0,114269,1747907696316.219,-69,-9,-135
1747907696354.844,114274,1747907696336.062,-62,-8,-140
1747907696374.687,114251,1747907696355.906,-58,-13,-142
1747907696394.531,114259,1747907696375.75,-72,-8,-133
1747907696414.344,114285,1747907696395.625,-64,-8,-142
1747907696434.219,114281,1747907696415.406,-61,-9,-144
1747907696454.063,114321,1747907696435.281,-61,-10,-134
1747907696473.906,114324,1747907696455.125,-76,-5,-140
1747907696493.75,114347,1747907696474.969,-80,-7,-142
1747907696513.562,114364,1747907696494.813,-64,-7,-136
1747907696533.406,114378,1747907696514.625,-57,-11,-148
1747907696553.281,114382,1747907696534.5,-64,-1,-138
1747907696573.094,114389,1747907696554.375,-76,-10,-140
1747907696592.937,114415,1747907696574.188,-37,-8,-138
1747907696612.813,114431,1747907696594.031,-74,-9,-140
1747907696632.656,114458,1747907696613.875,-64,-9,-141
1747907696652.469,114500,1747907696633.719,-80,-4,-148
1747907696672.312,114493,1747907696653.594,-61,-9,-140
1747907696692.156,114481,1747907696673.406,-61,-10,-136
1747907696712.031,114442,1747907696693.25,-76,-10,-145
1747907696731.875,114416,1747907696713.094,-63,-8,-137
1747907696751.688,114395,1747907696732.969,-73,-9,-136
1747907696771.562,114361,1747907696752.781,-74,-9,-141
1747907696791.437,114335,1747907696772.625,-70,-9,-138
1747907696811.219,114306,1747907696792.5,-72,-8,-140
1747907696831.094,114289,1747907696812.344,-58,-7,-139
1747907696850.937,114293,1747907696832.156,-71,-7,-126
1747907696870.781,114296,1747907696852.031,-71,-9,-140
1747907696890.625,114279,1747907696871.844,-73,-10,-136
1747907696910.5,114286,1747907696891.719,-73,-9,-138
1747907696930.344,114271,1747907696911.531,-68,-13,-141
1747907696950.187,114292,1747907696931.406,-63,-13,-143
1747907696970.031,114294,1747907696951.281,-64,-9,-140
1747907696989.906,114299,1747907696971.1558,-80,-1,-142
1747907697009.7808,114305,1747907696990.969,-62,-9,-136
1747907697029.625,114318,1747907697010.844,-72,-9,-137
1747907697049.469,114299,1747907697030.719,-72,-8,-145
1747907697069.344,114311,1747907697050.563,-63,-10,-145
1747907697089.188,114308,1747907697070.406,-74,-9,-137
1747907697109.062,114346,1747907697090.25,-63,-9,-136
1747907697128.906,114331,1747907697110.125,-65,-9,-134
1747907697148.75,114355,1747907697130.031,-71,-9,-134
1747907697168.625,114370,1747907697149.875,-76,-9,-138
1747907697188.5,114380,1747907697169.719,-61,-5,-144
1747907697208.312,114406,1747907697189.563,-76,-9,-134
1747907697228.187,114421,1747907697209.438,-64,-1,-143
1747907697248.031,114449,1747907697229.25,-72,-9,-137
1747907697267.906,114457,1747907697249.094,-51,-12,-133
1747907697287.75,114469,1747907697268.969,-71,-10,-135
1747907697307.625,114491,1747907697288.875,-63,-9,-140
1747907697327.469,114496,1747907697308.719,-77,-1,-143
1747907697347.375,114499,1747907697328.562,-68,-9,-140
1747907697367.188,114523,1747907697348.406,-76,-13,-145
1747907697387.062,114498,1747907697368.313,-72,-17,-120
1747907697406.938,114528,1747907697388.188,-61,-8,-141
1747907697426.813,114502,1747907697408.031,-73,-4,-136
1747907697446.625,114478,1747907697427.875,-62,-6,-141
1747907697466.531,114438,1747907697447.75,-69,-10,-138
1747907697486.375,114403,1747907697467.594,-68,-10,-138
1747907697506.281,114375,1747907697487.437,-66,-7,-136
1747907697526.125,114347,1747907697507.344,-72,-7,-134
1747907697545.969,114314,1747907697527.219,-71,-7,-137
1747907697565.875,114288,1747907697547.0632,-61,-7,-138
1747907697585.75,114285,1747907697566.937,-69,-9,-143
1747907697605.656,114254,1747907697586.844,-69,-8,-130
1747907697625.469,114253,1747907697606.688,-72,-8,-153
1747907697645.344,114241,1747907697626.563,-71,-9,-144
1747907697665.219,114233,1747907697646.406,-82,-7,-142
1747907697685.031,114239,1747907697666.281,-64,-9,-142
1747907697704.906,114221,1747907697686.125,-72,-9,-138
1747907697724.781,114225,1747907697706.0,-64,-17,-145
1747907697744.625,114214,1747907697725.844,-68,-8,-137
1747907697764.469,114221,1747907697745.719,-61,-10,-140
1747907697784.344,114226,1747907697765.594,-71,-12,-153
1747907697804.219,114226,1747907697785.375,-69,-9,-137
1747907697824.063,114218,1747907697805.281,-63,-20,-145
1747907697843.906,114210,1747907697825.125,-72,-8,-142
1747907697863.781,114216,1747907697845.0,-64,-7,-136
1747907697883.625,114181,1747907697864.875,-72,-9,-138
1747907697903.5,114179,1747907697884.719,-64,-9,-141
1747907697923.344,114186,1747907697904.562,-60,-9,-141
1747907697943.219,114206,1747907697924.469,-64,-9,-138
1747907697963.094,114222,1747907697944.281,-64,-9,-141
1747907697983.0,114226,1747907697964.188,-72,-4,-137
1747907698002.781,114239,1747907697984.062,-72,-13,-140
1747907698022.656,114241,1747907698003.875,-71,-11,-141
1747907698042.562,114247,1747907698023.719,-57,-9,-139
1747907698062.406,114278,1747907698043.594,-73,-1,-141
1747907698082.219,114281,1747907698063.469,-74,-7,-145
1747907698102.094,114276,1747907698083.312,-61,-6,-144
1747907698121.938,114282,1747907698103.156,-64,-17,-125
1747907698141.812,114271,1747907698123.063,-64,-9,-138
1747907698161.656,114255,1747907698142.906,-72,-9,-144
1747907698181.5,114195,1747907698162.75,-63,-13,-145
1747907698201.375,114143,1747907698182.594,-72,-9,-137
1747907698221.281,114096,1747907698202.469,-61,0,-140
1747907698241.094,114039,1747907698222.344,-64,-5,-140
1747907698260.969,114010,1747907698242.188,-71,-10,-138
1747907698280.813,113980,1747907698262.062,-68,-9,-142
1747907698300.687,113954,1747907698281.906,-64,-10,-144
1747907698320.469,113927,1747907698301.75,-64,-9,-135
1747907698340.375,113903,1747907698321.594,-72,-9,-136
1747907698360.219,113904,1747907698341.437,-65,-5,-137
1747907698380.094,113889,1747907698361.281,-61,0,-136
1747907698399.906,113865,1747907698381.125,-56,-8,-138
1747907698419.75,113881,1747907698401.031,-58,-5,-141
1747907698439.625,113842,1747907698420.844,-68,-5,-137
1747907698459.469,113822,1747907698440.687,-64,-1,-151
1747907698479.281,113821,1747907698460.5,-61,-13,-142
1747907698499.125,113803,1747907698480.406,-71,-7,-145
1747907698519.0,113813,1747907698500.219,-61,-9,-137
1747907698538.875,113799,1747907698520.062,-72,-7,-141
1747907698558.688,113813,1747907698539.969,-61,-6,-138
1747907698578.562,113808,1747907698559.813,-69,-10,-140
1747907698598.406,113800,1747907698579.594,-64,-13,-141
1747907698618.25,113781,1747907698599.469,-69,-7,-145
1747907698638.063,113789,1747907698619.312,-79,-9,-146
1747907698657.938,113770,1747907698639.187,-61,-9,-140
1747907698677.812,113785,1747907698659.031,-64,-9,-141
1747907698697.656,113799,1747907698678.875,-61,-9,-144
1747907698717.5,113805,1747907698698.719,-63,0,-138
1747907698737.313,113810,1747907698718.5618,-64,-6,-137
1747907698757.187,113839,1747907698738.406,-64,-7,-142
1747907698777.031,113868,1747907698758.25,-68,-5,-141
1747907698796.875,113872,1747907698778.125,-64,-1,-137
1747907698816.719,113879,1747907698797.969,-77,-5,-133
1747907698836.563,113882,1747907698817.781,-64,-7,-138
1747907698856.437,113867,1747907698837.688,-71,0,-145
1747907698876.281,113841,1747907698857.531,-62,-8,-138
1747907698896.125,113792,1747907698877.375,-71,-11,-133
1747907698916.0,113778,1747907698897.187,-68,-5,-142
1747907698935.875,113725,1747907698917.062,-63,-9,-145
1747907698955.719,113687,1747907698936.969,-66,-5,-145
1747907698975.563,113662,1747907698956.781,-80,-11,-136
1747907698995.438,113613,1747907698976.625,-77,-7,-143
1747907699015.281,113605,1747907698996.5,-61,-6,-146
1747907699035.156,113593,1747907699016.344,-61,-7,-144
1747907699055.0,113552,1747907699036.219,-61,0,-141
1747907699074.875,113555,1747907699056.062,-64,-8,-138
1747907699094.719,113531,1747907699075.937,-62,-10,-142
1747907699114.594,113526,1747907699095.781,-64,-7,-144
1747907699134.406,113538,1747907699115.656,-71,0,-146
1747907699154.281,113509,1747907699135.438,-61,-9,-151
1747907699174.156,113519,1747907699155.344,-63,-12,-145
1747907699194.0,113521,1747907699175.187,-71,-9,-128
1747907699213.969,113529,1747907699195.0632,-61,-11,-137
1747907699233.719,113509,1747907699214.969,-61,4,-144
1747907699253.594,113497,1747907699234.781,-73,-9,-141
1747907699273.438,113471,1747907699254.687,-63,-13,-138
1747907699293.281,113483,1747907699274.531,-65,-8,-138
1747907699313.156,113472,1747907699294.313,-63,-7,-147
1747907699333.063,113483,1747907699314.219,-72,2,-144
1747907699352.844,113486,1747907699334.125,-64,-13,-137
1747907699372.687,113467,1747907699353.937,-76,-9,-141
1747907699392.531,113468,1747907699373.75,-61,-11,-138
1747907699412.438,113491,1747907699393.594,-65,-13,-141
1747907699432.281,113492,1747907699413.5,-71,-7,-136
1747907699452.125,113510,1747907699433.344,-64,-7,-138
1747907699472.0,113511,1747907699453.188,-72,-17,-143
1747907699491.844,113516,1747907699473.063,-68,-9,-137
1747907699511.688,113530,1747907699492.906,-64,-9,-140
1747907699531.531,113554,1747907699512.75,-73,-10,-161
1747907699551.406,113566,1747907699532.594,-64,-7,-140
1747907699571.219,113560,1747907699552.469,-78,-16,-134
1747907699591.094,113559,1747907699572.313,-64,-13,-141
1747907699610.906,113534,1747907699592.156,-61,-7,-134
1747907699630.781,113520,1747907699612.0,-72,-9,-138
1747907699650.656,113499,1747907699631.844,-57,-9,-138
1747907699670.5,113499,1747907699651.719,-76,-7,-137
1747907699690.313,113484,1747907699671.531,-68,-13,-133
1747907699710.188,113445,1747907699691.406,-62,-13,-138
1747907699730.062,113415,1747907699711.25,-73,-10,-134
1747907699749.875,113396,1747907699731.125,-64,-13,-137
1747907699769.719,113374,1747907699750.969,-64,-6,-140
1747907699789.563,113321,1747907699770.812,-61,-8,-134
1747907699809.438,113279,1747907699790.625,-64,-25,-138
1747907699829.312,113274,1747907699810.5,-72,-5,-137
1747907699849.125,113266,1747907699830.375,-72,-10,-138
1747907699869.0,113257,1747907699850.219,-68,-10,-153
1747907699888.844,113258,1747907699870.062,-74,-8,-135
1747907699908.687,113238,1747907699889.906,-72,-5,-137
1747907699928.531,113235,1747907699909.781,-61,-7,-137
1747907699948.406,113221,1747907699929.656,-63,-10,-144
1747907699968.25,113200,1747907699949.437,-63,-9,-144
1747907699988.094,113187,1747907699969.312,-52,-11,-132
1747907700007.937,113175,1747907699989.156,-63,-17,-146
1747907700027.781,113179,1747907700009.063,-64,-9,-137
1747907700047.656,113171,1747907700028.8442,-64,-1,-138
1747907700067.531,113145,1747907700048.719,-60,-9,-134
1747907700087.344,113125,1747907700068.594,-49,-13,-137
1747907700107.219,113109,1747907700088.438,-72,-9,-144
1747907700127.188,113090,1747907700108.313,-64,-9,-142
1747907700146.938,113073,1747907700128.156,-77,-1,-136
1747907700166.781,113059,1747907700148.031,-72,-5,-140
1747907700186.625,113059,1747907700167.875,-62,-13,-141
1747907700206.5,113040,1747907700187.719,-64,-16,-134
1747907700226.375,113020,1747907700207.594,-71,-9,-138
1747907700246.188,113021,1747907700227.469,-60,-7,-138
1747907700266.062,113015,1747907700247.281,-63,-5,-144
1747907700285.906,112998,1747907700267.156,-61,-8,-136
1747907700305.781,112980,1747907700287.0,-77,-9,-136
1747907700325.594,112931,1747907700306.906,-64,-9,-145
1747907700345.469,112886,1747907700326.719,-77,-10,-137
1747907700365.312,112842,1747907700346.531,-64,-9,-132
1747907700385.187,112793,1747907700366.406,-68,0,-134
1747907700405.031,112737,1747907700386.25,-74,-9,-137
1747907700424.844,112690,1747907700406.125,-65,-9,-138
1747907700444.75,112643,1747907700425.906,-64,-9,-135
1747907700464.656,112591,1747907700445.781,-65,-9,-146
1747907700484.406,112562,1747907700465.656,-79,-1,-145
1747907700504.281,112531,1747907700485.5,-68,-7,-141
1747907700524.125,112531,1747907700505.344,-68,-8,-137
1747907700544.0,112515,1747907700525.188,-72,-17,-116
1747907700563.812,112497,1747907700545.063,-64,-9,-137
1747907700583.656,112485,1747907700564.9058,-61,-13,-136
1747907700603.5308,112456,1747907700584.75,-64,-9,-145
1747907700623.406,112445,1747907700604.594,-64,-9,-149
1747907700643.219,112411,1747907700624.438,-66,-9,-136
1747907700663.094,112367,1747907700644.344,-74,0,-140
1747907700682.938,112363,1747907700664.156,-60,-4,-138
1747907700702.812,112332,1747907700684.031,-73,-7,-132
1747907700722.656,112340,1747907700703.875,-64,-8,-138
1747907700742.5,112333,1747907700723.688,-61,-9,-143
1747907700762.344,112328,1747907700743.531,-61,-7,-143
1747907700782.219,112329,1747907700763.406,-72,-10,-141
1747907700802.062,112304,1747907700783.313,-70,-5,-142
1747907700821.937,112320,1747907700803.156,-53,-1,-137
1747907700841.813,112294,1747907700823.0,-68,-10,-134
1747907700861.656,112284,1747907700842.875,-65,-5,-147
1747907700881.5,112263,1747907700862.719,-74,-1,-144
1747907700901.375,112267,1747907700882.625,-72,-9,-140
1747907700921.25,112252,1747907700902.438,-64,-9,-141
1747907700941.125,112260,1747907700922.344,-72,-9,-132
1747907700960.969,112274,1747907700942.187,-64,-9,-143
1747907700980.812,112260,1747907700962.094,-63,-9,-140
1747907701000.719,112253,1747907700981.875,-77,-8,-136
1747907701020.594,112240,1747907701001.812,-76,-9,-145
1747907701040.437,112213,1747907701021.687,-66,-5,-141
1747907701060.312,112176,1747907701041.531,-72,-4,-137
1747907701080.219,112125,1747907701061.375,-72,-9,-141
1747907701100.063,112072,1747907701081.281,-66,-5,-141
1747907701119.937,112027,1747907701101.156,-73,-8,-137
1747907701139.781,111983,1747907701121.031,-61,0,-137
1747907701159.656,111928,1747907701140.844,-71,-5,-137
1747907701179.531,111900,1747907701160.75,-74,-10,-137
1747907701199.5,111887,1747907701180.594,-65,-7,-141
1747907701219.25,111887,1747907701200.5,-71,-1,-140
1747907701239.125,111868,1747907701220.313,-68,-9,-136
1747907701259.0,111845,1747907701240.187,-70,-10,-141
1747907701278.813,111857,1747907701260.062,-61,-17,-120
1747907701298.687,111821,1747907701279.938,-73,-7,-144
1747907701318.562,111801,1747907701299.75,-64,-9,-152
1747907701338.438,111790,1747907701319.625,-69,-13,-155
1747907701358.281,111747,1747907701339.469,-68,-5,-136
1747907701378.187,111743,1747907701359.375,-72,-8,-136
1747907701398.0,111724,1747907701379.25,-64,-9,-138
1747907701417.875,111714,1747907701399.063,-79,-9,-140
1747907701437.6882,111693,1747907701418.937,-64,-11,-133
1747907701457.562,111669,1747907701438.781,-72,-7,-145
1747907701477.406,111648,1747907701458.625,-63,-9,-140
1747907701497.281,111660,1747907701478.5,-64,-9,-138
1747907701517.094,111647,1747907701498.344,-68,0,-138
1747907701536.969,111641,1747907701518.187,-64,-9,-141
1747907701556.812,111667,1747907701538.031,-61,0,-141
1747907701576.687,111672,1747907701557.844,-72,-7,-141
1747907701596.531,111663,1747907701577.75,-72,-6,-138
1747907701616.406,111655,1747907701597.625,-64,-1,-143
1747907701636.25,111660,1747907701617.5,-68,-9,-140
1747907701656.094,111670,1747907701637.344,-72,-13,-140
1747907701675.906,111686,1747907701657.156,-71,-5,-145
1747907701695.781,111690,1747907701677.031,-64,-8,-140
1747907701715.625,111704,1747907701696.844,-58,-7,-145
1747907701735.469,111724,1747907701716.719,-72,-8,-138
1747907701755.312,111718,1747907701736.563,-64,-9,-138
1747907701775.125,111702,1747907701756.375,-71,-7,-136
1747907701795.0,111661,1747907701776.219,-66,-5,-139
1747907701814.844,111624,1747907701796.094,-73,-8,-137
1747907701834.687,111578,1747907701815.938,-58,-13,-141
1747907701854.562,111537,1747907701835.781,-71,-5,-130
1747907701874.469,111503,1747907701855.656,-65,-6,-138
1747907701894.313,111505,1747907701875.531,-56,-9,-144
1747907701914.125,111461,1747907701895.375,-77,-9,-141
1747907701933.969,111451,1747907701915.25,-72,-10,-138
1747907701953.844,111443,1747907701935.063,-61,12,-132
1747907701973.719,111428,1747907701954.875,-65,-8,-141
1747907701993.531,111411,1747907701974.781,-71,0,-144
1747907702013.406,111417,1747907701994.625,-72,-5,-145
1747907702033.281,111389,1747907702014.469,-68,-5,-143
1747907702053.125,111372,1747907702034.344,-64,-13,-136
1747907702072.969,111377,1747907702054.219,-68,-7,-143
1747907702092.844,111351,1747907702074.063,-69,-8,-145
1747907702112.687,111370,1747907702093.906,-64,-1,-147
1747907702132.531,111362,1747907702113.75,-61,-13,-132
1747907702152.531,111364,1747907702133.625,-71,-9,-133
1747907702172.25,111336,1747907702153.625,-64,-9,-129
1747907702192.125,111339,1747907702173.344,-65,0,-148
1747907702211.969,111328,1747907702193.156,-68,-9,-140
1747907702231.781,111340,1747907702213.062,-63,-21,-138
1747907702251.688,111358,1747907702232.906,-71,-9,-139
1747907702271.531,111358,1747907702252.781,-71,-9,-143
1747907702291.406,111357,1747907702272.594,-72,-13,-133
1747907702311.25,111353,1747907702292.469,-71,-9,-138
1747907702331.063,111388,1747907702312.344,-64,-9,-144
1747907702350.937,111401,1747907702332.156,-70,-9,-144
1747907702370.812,111428,1747907702352.0,-64,-5,-137
1747907702390.656,111427,1747907702371.875,-63,-13,-136
1747907702410.5,111443,1747907702391.781,-72,-7,-148
1747907702430.375,111473,1747907702411.562,-64,-10,-128
1747907702450.219,111501,1747907702431.438,-73,-9,-132
1747907702470.031,111529,1747907702451.313,-72,-9,-137
1747907702489.969,111537,1747907702471.125,-61,-7,-141
1747907702509.7808,111523,1747907702491.062,-74,-5,-143
1747907702529.625,111503,1747907702510.844,-70,-5,-148
1747907702549.469,111483,1747907702530.688,-72,-7,-138
1747907702569.313,111456,1747907702550.563,-65,-13,-137
1747907702589.188,111428,1747907702570.406,-64,-6,-141
1747907702609.031,111415,1747907702590.281,-72,-6,-138
1747907702628.906,111406,1747907702610.125,-72,-9,-143
1747907702648.813,111421,1747907702629.969,-71,-13,-144
1747907702668.594,111435,1747907702649.812,-71,8,-144
1747907702688.469,111467,1747907702669.656,-70,-7,-161
1747907702708.312,111488,1747907702689.531,-64,-5,-138
1747907702728.125,111534,1747907702709.375,-64,-5,-141
1747907702748.0,111554,1747907702729.219,-66,-7,-140
1747907702767.875,111584,1747907702749.094,-73,-9,-138
1747907702787.719,111583,1747907702768.937,-64,-9,-137
1747907702807.562,111593,1747907702788.781,-61,-9,-137
1747907702827.406,111614,1747907702808.625,-61,-11,-138
1747907702847.281,111629,1747907702828.469,-76,-7,-138
1747907702867.125,111652,1747907702848.344,-69,-5,-141
1747907702886.969,111663,1747907702868.219,-64,0,-138
1747907702906.812,111666,1747907702888.031,-77,-9,-144
1747907702926.688,111691,1747907702907.906,-65,-9,-137
1747907702946.563,111682,1747907702927.75,-63,0,-142
1747907702966.375,111705,1747907702947.656,-64,-1,-143
1747907702986.25,111725,1747907702967.438,-61,-7,-136
1747907703006.094,111733,1747907702987.313,-71,-7,-134
1747907703025.938,111735,1747907703007.156,-73,-12,-145
1747907703045.781,111775,1747907703027.031,-68,-5,-141
1747907703065.625,111795,1747907703046.875,-49,-17,-136
1747907703085.531,111804,1747907703066.719,-71,-8,-136
1747907703105.375,111813,1747907703086.594,-72,-7,-136
1747907703125.219,111832,1747907703106.469,-71,-9,-132
1747907703145.094,111857,1747907703126.281,-65,-13,-141
1747907703164.937,111857,1747907703146.156,-68,-9,-137
1747907703184.781,111868,1747907703166.0308,-73,-9,-142
1747907703204.656,111895,1747907703185.875,-66,-4,-140
1747907703224.531,111906,1747907703205.719,-61,-7,-140
1747907703244.375,111911,1747907703225.625,-80,-5,-132
1747907703264.219,111947,1747907703245.438,-61,-5,-145
1747907703284.125,111926,1747907703265.281,-74,-9,-141
1747907703303.906,111892,1747907703285.125,-77,-1,-136
1747907703323.781,111865,1747907703305.0,-76,-5,-139
1747907703343.656,111832,1747907703324.844,-63,-5,-140
1747907703363.469,111806,1747907703344.719,-72,-13,-120
1747907703383.313,111756,1747907703364.625,-73,-9,-140
1747907703403.188,111726,1747907703384.375,-64,-9,-136
1747907703423.031,111710,1747907703404.281,-69,-9,-145
1747907703442.906,111691,1747907703424.094,-72,-7,-137
1747907703462.75,111673,1747907703443.969,-72,-4,-161
1747907703482.594,111652,1747907703463.844,-63,-9,-138
1747907703502.469,111657,1747907703483.687,-72,-5,-144
1747907703522.281,111649,1747907703503.531,-64,-9,-138
1747907703542.281,111635,1747907703523.375,-72,-9,-137
1747907703562.031,111648,1747907703543.344,-67,-7,-141
1747907703581.875,111649,1747907703563.094,-61,0,-140
1747907703601.844,111639,1747907703582.969,-68,-5,-140
1747907703621.562,111623,1747907703602.906,-77,-13,-141
1747907703641.438,111622,1747907703622.656,-81,-13,-138
1747907703661.281,111616,1747907703642.5,-65,-9,-143
1747907703681.125,111630,1747907703662.375,-72,-13,-136
1747907703700.969,111630,1747907703682.219,-64,-17,-127
1747907703720.844,111633,1747907703702.063,-64,-7,-137
1747907703740.719,111646,1747907703721.937,-77,-9,-134
1747907703760.531,111664,1747907703741.781,-64,-9,-141
1747907703780.406,111711,1747907703761.625,-68,-9,-134
1747907703800.281,111719,1747907703781.469,-70,-9,-141
1747907703820.125,111746,1747907703801.344,-70,-7,-145
1747907703839.938,111790,1747907703821.187,-64,-9,-145
1747907703859.844,111807,1747907703841.063,-65,-9,-140
1747907703879.687,111846,1747907703860.906,-63,-9,-142
1747907703899.594,111866,1747907703880.781,-72,-9,-134
1747907703919.406,111897,1747907703900.625,-64,-9,-153
1747907703939.281,111922,1747907703920.5,-64,-10,-145
1747907703959.125,111966,1747907703940.344,-71,-10,-144
1747907703978.969,112019,1747907703960.219,-79,-8,-136
1747907703998.813,112052,1747907703980.062,-68,-13,-141
1747907704018.75,112080,1747907703999.937,-64,-7,-146
1747907704038.531,112080,1747907704019.781,-72,-8,-137
1747907704058.406,112049,1747907704039.594,-63,-13,-136
1747907704078.219,112034,1747907704059.469,-64,-7,-137
1747907704098.094,112001,1747907704079.344,-69,-6,-130
1747907704117.969,111964,1747907704099.156,-61,0,-140
1747907704137.781,111953,1747907704119.031,-71,-8,-134
1747907704157.656,111921,1747907704138.875,-64,-10,-141
1747907704177.531,111937,1747907704158.75,-70,-6,-138
1747907704197.375,111922,1747907704178.594,-74,-8,-138
1747907704217.25,111931,1747907704198.438,-72,-9,-138
1747907704237.062,111936,1747907704218.281,-73,-9,-134
1747907704256.969,111943,1747907704238.187,-58,-7,-140
1747907704276.781,111940,1747907704258.0,-74,-9,-145
1747907704296.6868,111929,1747907704277.844,-65,-8,-143
1747907704316.5,111933,1747907704297.75,-65,-13,-137
1747907704336.344,111939,1747907704317.594,-76,-12,-135
1747907704356.188,111941,1747907704337.375,-64,-13,-151
1747907704376.062,111941,1747907704357.281,-74,-17,-144
1747907704395.906,111951,1747907704377.125,-73,-7,-144
1747907704415.75,111970,1747907704397.0,-63,-13,-143
1747907704435.594,111961,1747907704416.844,-64,-9,-128
1747907704455.469,111974,1747907704436.687,-77,-9,-139
1747907704475.281,111968,1747907704456.563,-65,-10,-140
1747907704495.156,111962,1747907704476.375,-72,-9,-135
1747907704515.0,111947,1747907704496.25,-77,-10,-137
1747907704534.844,111888,1747907704516.062,-64,-12,-134
1747907704554.688,111845,1747907704535.937,-74,-9,-140
1747907704574.625,111813,1747907704555.781,-73,-9,-133
1747907704594.438,111763,1747907704575.688,-80,-9,-138
1747907704614.281,111710,1747907704595.469,-64,-9,-142
1747907704634.094,111677,1747907704615.344,-64,-8,-137
1747907704653.969,111655,1747907704635.219,-65,-9,-140
1747907704673.844,111632,1747907704655.031,-64,-13,-148
1747907704693.719,111640,1747907704674.906,-63,-10,-143
1747907704713.531,111647,1747907704694.781,-80,-1,-143
1747907704733.406,111673,1747907704714.656,-61,-8,-138
1747907704753.25,111688,1747907704734.469,-69,-5,-140
1747907704773.125,111706,1747907704754.313,-63,-10,-153
1747907704792.969,111712,1747907704774.187,-64,-7,-138
1747907704812.813,111702,1747907704794.094,-77,-16,-138
1747907704832.687,111632,1747907704813.875,-63,-10,-138
1747907704852.562,111591,1747907704833.75,-68,-10,-142
1747907704872.375,111547,1747907704853.625,-64,-8,-141
1747907704892.25,111505,1747907704873.469,-65,-5,-135
1747907704912.125,111444,1747907704893.344,-63,-13,-135
1747907704932.0,111353,1747907704913.188,-72,-7,-134
1747907704951.844,111256,1747907704933.063,-73,-9,-140
1747907704971.75,111172,1747907704952.969,-61,-10,-137
1747907704991.562,111116,1747907704972.812,-72,-10,-136
1747907705011.437,111099,1747907704992.625,-60,-13,-139
1747907705031.281,111087,1747907705012.5,-64,-7,-144
1747907705051.156,111132,1747907705032.375,-65,-1,-142
1747907705071.031,111197,1747907705052.25,-64,-9,-136
1747907705090.906,111239,1747907705072.125,-71,-5,-135
1747907705110.75,111285,1747907705091.969,-74,-9,-132
1747907705130.625,111333,1747907705111.844,-73,-11,-137
1747907705150.469,111388,1747907705131.687,-63,-1,-151
1747907705170.344,111411,1747907705151.563,-57,-9,-145
1747907705190.187,111472,1747907705171.438,-62,-10,-137
1747907705210.063,111524,1747907705191.281,-61,-9,-143
1747907705229.938,111586,1747907705211.125,-61,-12,-140
1747907705249.781,111636,1747907705231.0,-68,-10,-140
1747907705269.625,111682,1747907705250.844,-65,-9,-136
1747907705289.5,111722,1747907705270.719,-73,-9,-136
1747907705309.5,111775,1747907705290.562,-61,-13,-133
1747907705329.312,111806,1747907705310.563,-69,-9,-130
1747907705349.062,111856,1747907705330.313,-72,-7,-153
1747907705368.969,111909,1747907705350.156,-62,-8,-136
1747907705388.813,111963,1747907705370.0,-65,-11,-137
1747907705408.687,112038,1747907705389.906,-72,-9,-135
1747907705428.531,112116,1747907705409.781,-66,-5,-138
1747907705448.375,112154,1747907705429.625,-60,-21,-145
1747907705468.281,112199,1747907705449.437,-64,-9,-134
1747907705488.125,112229,1747907705469.344,-64,-8,-136
1747907705508.0,112281,1747907705489.188,-63,-14,-161
1747907705527.875,112321,1747907705509.094,-61,-9,-140
1747907705547.75,112383,1747907705528.937,-61,-8,-160
1747907705567.625,112461,1747907705548.812,-60,-7,-140
1747907705587.469,112486,1747907705568.719,-62,-9,-138
1747907705607.344,112520,1747907705588.531,-66,-7,-151
1747907705627.219,112525,1747907705608.406,-72,-13,-133
1747907705647.094,112522,1747907705628.281,-73,-9,-137
1747907705666.937,112530,1747907705648.281,-77,-1,-136
1747907705686.812,112523,1747907705668.0,-66,-5,-137
1747907705706.688,112521,1747907705687.906,-65,-5,-140
1747907705726.562,112532,1747907705707.75,-60,-10,-145
1747907705746.406,112560,1747907705727.656,-65,0,-144
1747907705766.281,112559,1747907705747.469,-60,0,-132
1747907705786.125,112537,1747907705767.344,-56,-7,-138
1747907705805.969,112512,1747907705787.187,-61,-9,-141
1747907705825.875,112493,1747907705807.031,-73,-9,-134
1747907705845.719,112502,1747907705826.938,-60,-4,-153
1747907705865.563,112495,1747907705846.781,-71,-7,-145
1747907705885.406,112450,1747907705866.625,-61,0,-141
1747907705905.281,112431,1747907705886.5,-76,-9,-132
1747907705925.156,112409,1747907705906.344,-72,-9,-141
1747907705945.031,112386,1747907705926.219,-63,-5,-140
1747907705964.844,112364,1747907705946.094,-63,-9,-138
1747907705984.719,112343,1747907705965.937,-74,-8,-134
1747907706004.594,112330,1747907705985.813,-65,-7,-132
1747907706024.469,112337,1747907706005.656,-68,-5,-136
1747907706044.313,112337,1747907706025.562,-64,-9,-138
1747907706064.188,112371,1747907706045.437,-78,-5,-134
1747907706084.094,112384,1747907706065.25,-66,-8,-136
1747907706103.937,112365,1747907706085.156,-74,-13,-137
1747907706123.813,112357,1747907706105.031,-41,0,-138
1747907706143.687,112373,1747907706124.906,-72,-7,-136
1747907706163.625,112397,1747907706144.75,-88,-9,-134
1747907706183.406,112426,1747907706164.625,-68,-1,-144
1747907706203.281,112457,1747907706184.5,-74,-7,-136
1747907706223.156,112455,1747907706204.406,-72,-12,-132
1747907706243.031,112467,1747907706224.219,-70,-9,-131
1747907706262.938,112497,1747907706244.125,-74,-5,-141
1747907706282.75,112513,1747907706264.0,-70,-9,-136
1747907706302.656,112526,1747907706283.844,-68,-9,-141
1747907706322.562,112540,1747907706303.719,-64,-10,-142
1747907706342.406,112561,1747907706323.594,-61,-7,-143
1747907706362.25,112559,1747907706343.594,-74,-9,-140
1747907706382.125,112570,1747907706363.312,-77,-9,-128
1747907706402.0,112571,1747907706383.188,-58,-9,-129
1747907706421.875,112548,1747907706403.094,-65,-10,-134
1747907706441.719,112500,1747907706422.969,-72,-9,-140
1747907706461.594,112465,1747907706442.781,-61,-7,-141
1747907706481.5,112422,1747907706462.688,-61,-6,-137
1747907706501.312,112389,1747907706482.563,-81,-9,-136
1747907706521.188,112358,1747907706502.437,-73,-13,-137
1747907706541.094,112318,1747907706522.25,-72,-11,-129
1747907706561.062,112311,1747907706542.125,-64,-8,-134
1747907706580.781,112295,1747907706562.0,-64,-5,-146
1747907706600.656,112261,1747907706581.875,-67,-9,-141
1747907706620.531,112265,1747907706601.719,-72,-9,-140
1747907706640.406,112246,1747907706621.594,-66,-17,-136
1747907706660.25,112248,1747907706641.531,-68,-6,-143
1747907706680.094,112263,1747907706661.344,-73,-9,-134
1747907706699.969,112288,1747907706681.156,-64,-12,-145
1747907706719.844,112307,1747907706701.031,-63,-9,-140
1747907706739.687,112333,1747907706720.938,-76,-5,-130
1747907706759.563,112361,1747907706740.781,-64,-9,-136
1747907706779.438,112370,1747907706760.656,-66,-12,-137
1747907706799.312,112374,1747907706780.469,-72,-7,-141
1747907706819.156,112381,1747907706800.375,-68,-9,-141
1747907706839.031,112373,1747907706820.25,-64,-13,-142
1747907706858.875,112403,1747907706840.094,-72,-6,-138
1747907706878.75,112429,1747907706859.937,-72,-7,-143
1747907706898.625,112481,1747907706879.813,-68,-9,-137
1747907706918.469,112528,1747907706899.719,-64,-13,-142
1747907706938.344,112578,1747907706919.531,-64,-10,-141
1747907706958.188,112623,1747907706939.437,-69,-13,-143
1747907706978.062,112671,1747907706959.281,-63,0,-137
1747907706997.937,112723,1747907706979.156,-77,-9,-138
1747907707017.781,112729,1747907706999.0,-65,-10,-137
1747907707037.656,112753,1747907707018.875,-72,-9,-153
1747907707057.5,112776,1747907707038.75,-63,-5,-140
1747907707077.344,112783,1747907707058.594,-65,-5,-141
1747907707097.219,112819,1747907707078.438,-72,-8,-141
1747907707117.094,112839,1747907707098.312,-61,-8,-140
1747907707136.906,112809,1747907707118.187,-66,-8,-144
1747907707156.781,112808,1747907707138.0,-71,-9,-138
1747907707176.625,112779,1747907707157.844,-64,-9,-138
1747907707196.469,112762,1747907707177.7192,-77,-9,-138
1747907707216.3442,112727,1747907707197.562,-66,-13,-142
1747907707236.187,112680,1747907707217.438,-63,-9,-132
1747907707256.031,112651,1747907707237.25,-84,-7,-142
1747907707275.906,112618,1747907707257.094,-61,-9,-136
1747907707295.719,112594,1747907707277.0,-61,-16,-138
1747907707315.594,112589,1747907707296.844,-80,-17,-141
1747907707335.469,112572,1747907707316.656,-64,-9,-138
1747907707355.313,112553,1747907707336.531,-64,-9,-144
1747907707375.125,112553,1747907707356.375,-72,-8,-153
1747907707395.0,112540,1747907707376.25,-59,-9,-139
1747907707414.844,112557,1747907707396.031,-69,-8,-141
1747907707434.719,112569,1747907707415.906,-67,-7,-133
1747907707454.563,112583,1747907707435.781,-75,-10,-138
1747907707474.406,112583,1747907707455.656,-65,-8,-138
1747907707494.281,112573,1747907707475.469,-65,-9,-133
1747907707514.156,112564,1747907707495.344,-76,-9,-136
1747907707533.969,112563,1747907707515.219,-64,-13,-138
1747907707553.844,112557,1747907707535.062,-65,-1,-136
1747907707573.688,112584,1747907707554.875,-72,-9,-137
1747907707593.531,112591,1747907707574.75,-71,-10,-133
1747907707613.344,112595,1747907707594.625,-68,-9,-135
1747907707633.219,112600,1747907707614.469,-64,-9,-140
1747907707653.094,112604,1747907707634.281,-81,2,-144
1747907707672.937,112616,1747907707654.125,-64,0,-136
1747907707692.75,112642,1747907707674.0,-63,-5,-138
1747907707712.625,112670,1747907707693.875,-72,-8,-136
1747907707732.469,112712,1747907707713.656,-66,-7,-145
1747907707752.344,112733,1747907707733.562,-79,-4,-136
1747907707772.156,112767,1747907707753.406,-73,-5,-140
1747907707792.031,112780,1747907707773.25,-63,0,-132
1747907707811.875,112797,1747907707793.094,-61,-6,-141
1747907707831.75,112831,1747907707812.937,-57,-8,-142
1747907707851.594,112831,1747907707832.844,-74,-10,-137
1747907707871.437,112811,1747907707852.688,-63,-13,-146
1747907707891.313,112783,1747907707872.5,-74,-1,-141
1747907707911.281,112727,1747907707892.375,-74,-5,-143
1747907707931.0,112658,1747907707912.344,-64,-9,-140
1747907707950.875,112594,1747907707932.094,-64,-9,-140
1747907707970.719,112525,1747907707951.938,-64,-9,-144
1747907707990.563,112460,1747907707971.781,-73,-1,-144
1747907708010.562,112413,1747907707991.656,-61,-9,-140
1747907708030.281,112382,1747907708011.656,-69,-9,-138
1747907708050.156,112337,1747907708031.344,-72,-17,-129
1747907708070.0,112322,1747907708051.219,-72,-9,-141
1747907708089.844,112299,1747907708071.062,-63,0,-140
1747907708109.688,112277,1747907708090.937,-73,0,-137
1747907708129.562,112290,1747907708110.75,-72,-4,-130
1747907708149.5,112263,1747907708130.656,-72,-8,-140
1747907708169.281,112273,1747907708150.594,-74,-7,-143
1747907708189.156,112250,1747907708170.375,-79,-7,-141
1747907708209.0,112240,1747907708190.219,-64,-9,-136
1747907708228.875,112201,1747907708210.094,-62,-9,-137
1747907708248.688,112172,1747907708229.938,-73,-9,-138
1747907708268.563,112164,1747907708249.8118,-72,-11,-137
1747907708288.437,112148,1747907708269.625,-64,-8,-145
1747907708308.312,112168,1747907708289.5,-64,-9,-140
1747907708328.125,112186,1747907708309.375,-58,-8,-143
1747907708347.969,112204,1747907708329.219,-63,-10,-144
1747907708367.813,112208,1747907708349.031,-64,-8,-135
1747907708387.687,112205,1747907708368.875,-73,-9,-131
1747907708407.531,112211,1747907708388.75,-73,-9,-141
1747907708427.375,112216,1747907708408.625,-64,-5,-146
1747907708447.219,112222,1747907708428.437,-71,-5,-145
1747907708467.094,112227,1747907708448.281,-64,-9,-141
1747907708486.969,112256,1747907708468.156,-64,-13,-141
1747907708506.781,112263,1747907708488.063,-63,-7,-140
1747907708526.625,112287,1747907708507.844,-58,-7,-140
1747907708546.469,112315,1747907708527.719,-66,-6,-145
1747907708566.344,112320,1747907708547.563,-64,-9,-132
1747907708586.1868,112297,1747907708567.438,-71,-13,-134
1747907708606.0,112282,1747907708587.219,-64,-13,-141
1747907708625.875,112224,1747907708607.094,-64,-12,-138
1747907708645.75,112157,1747907708626.969,-72,-11,-138
1747907708665.594,112100,1747907708646.844,-50,-5,-140
1747907708685.469,112029,1747907708666.656,-76,-5,-133
1747907708705.438,111962,1747907708686.531,-63,-11,-138
1747907708725.188,111894,1747907708706.406,-61,-2,-129
1747907708745.031,111831,1747907708726.25,-74,-9,-130
1747907708764.875,111779,1747907708746.125,-64,-11,-137
1747907708784.75,111737,1747907708765.969,-77,-9,-129
1747907708804.625,111700,1747907708785.812,-61,-9,-137
1747907708824.437,111679,1747907708805.687,-76,-9,-132
1747907708844.312,111651,1747907708825.5,-63,-7,-137
1747907708864.188,111635,1747907708845.375,-77,0,-142
1747907708884.031,111604,1747907708865.281,-64,-5,-140
1747907708903.875,111571,1747907708885.094,-73,-13,-137
1747907708923.719,111559,1747907708904.938,-61,-9,-138
1747907708943.625,111529,1747907708924.813,-79,-8,-138
1747907708963.469,111515,1747907708944.656,-63,-9,-145
1747907708983.281,111504,1747907708964.531,-64,-10,-144
1747907709003.156,111518,1747907708984.375,-81,-7,-143
1747907709023.094,111512,1747907709004.25,-60,-9,-138
1747907709042.906,111500,1747907709024.125,-61,-1,-141
1747907709062.719,111487,1747907709043.937,-66,-17,-146
1747907709082.594,111472,1747907709063.781,-60,-13,-136
1747907709102.437,111494,1747907709083.656,-65,-9,-133
1747907709122.281,111483,1747907709103.5,-73,-7,-139
1747907709142.125,111521,1747907709123.375,-60,-10,-136
1747907709161.969,111555,1747907709143.219,-63,-12,-128
1747907709181.844,111571,1747907709163.063,-73,-5,-134
1747907709201.687,111590,1747907709182.906,-68,-5,-142
1747907709221.531,111609,1747907709202.75,-58,-7,-138
1747907709241.406,111602,1747907709222.625,-71,-6,-141
1747907709261.281,111621,1747907709242.5,-73,0,-138
1747907709281.125,111640,1747907709262.375,-62,-9,-138
1747907709300.969,111673,1747907709282.219,-72,-9,-138
1747907709320.813,111703,1747907709302.062,-65,-10,-136
1747907709340.688,111713,1747907709321.906,-81,-7,-144
1747907709360.562,111710,1747907709341.75,-64,-9,-135
1747907709380.375,111638,1747907709361.625,-71,-13,-135
1747907709400.219,111583,1747907709381.469,-72,-17,-137
1747907709420.094,111497,1747907709401.312,-64,0,-136
1747907709439.937,111448,1747907709421.156,-72,-8,-128
1747907709459.781,111388,1747907709441.031,-76,-10,-148
1747907709479.656,111337,1747907709460.844,-60,-7,-147
1747907709499.469,111297,1747907709480.719,-71,-16,-134
1747907709519.344,111252,1747907709500.562,-61,-9,-137
1747907709539.156,111208,1747907709520.438,-74,-7,-136
1747907709559.0,111194,1747907709540.25,-64,-6,-138
1747907709578.875,111195,1747907709560.063,-71,-7,-137
1747907709598.75,111172,1747907709579.937,-72,-7,-140
1747907709618.562,111174,1747907709599.812,-64,-9,-138
1747907709638.406,111172,1747907709619.656,-72,-9,-141
1747907709658.281,111174,1747907709639.5,-65,-13,-143
1747907709678.094,111160,1747907709659.344,-71,-5,-143
1747907709697.938,111155,1747907709679.156,-61,-8,-140
1747907709717.812,111154,1747907709699.031,-71,-9,-137
1747907709737.656,111143,1747907709718.844,-66,-17,-157
1747907709757.5,111100,1747907709738.719,-73,-9,-135
1747907709777.344,111099,1747907709758.562,-63,-7,-141
1747907709797.156,111092,1747907709778.437,-72,-9,-127
1747907709817.031,111119,1747907709798.25,-65,-9,-140
1747907709836.844,111124,1747907709818.094,-64,-9,-141
1747907709856.719,111149,1747907709837.938,-75,-9,-136
1747907709876.563,111175,1747907709857.781,-61,-8,-136
1747907709896.406,111197,1747907709877.625,-73,-7,-130
1747907709916.281,111185,1747907709897.5,-61,-10,-144
1747907709936.188,111184,1747907709917.344,-76,-7,-132
1747907709955.969,111188,1747907709937.281,-76,-9,-141
1747907709975.813,111192,1747907709957.031,-64,-13,-141
1747907709995.687,111228,1747907709976.906,-63,-8,-137
1747907710015.562,111275,1747907709996.781,-81,-10,-139
1747907710035.375,111307,1747907710016.625,-64,-8,-144
1747907710055.219,111354,1747907710036.469,-71,-13,-143
1747907710075.063,111384,1747907710056.281,-74,-17,-144
1747907710094.937,111406,1747907710076.125,-64,-10,-149
1747907710114.75,111403,1747907710096.0,-64,-10,-140
1747907710134.625,111382,1747907710115.844,-72,-9,-145
1747907710154.469,111353,1747907710135.687,-68,-5,-140
1747907710174.312,111296,1747907710155.531,-69,-9,-138
1747907710194.187,111245,1747907710175.406,-68,-9,-141
1747907710214.031,111191,1747907710195.312,-66,-9,-140
1747907710233.875,111130,1747907710215.094,-72,-7,-134
1747907710253.75,111089,1747907710234.937,-61,-9,-136
1747907710273.594,111041,1747907710254.844,-66,-6,-138
1747907710293.469,110993,1747907710274.719,-69,-7,-134
1747907710313.344,110972,1747907710294.562,-63,-1,-144
1747907710333.188,110967,1747907710314.406,-74,-6,-137
1747907710353.031,110952,1747907710334.281,-41,-5,-141
1747907710372.906,110974,1747907710354.125,-63,-9,-137
1747907710392.875,110960,1747907710373.969,-64,-21,-137
1747907710412.625,110977,1747907710393.844,-64,-2,-141
1747907710432.437,110981,1747907710413.687,-71,-9,-137
1747907710452.312,110990,1747907710433.563,-59,-16,-142
1747907710472.156,110988,1747907710453.375,-63,-16,-136
1747907710492.031,110989,1747907710473.25,-64,-11,-138
1747907710511.844,110982,1747907710493.094,-73,-9,-140
1747907710531.719,111002,1747907710512.969,-72,-7,-144
1747907710551.562,111021,1747907710532.781,-72,-5,-142
1747907710571.438,111051,1747907710552.625,-64,-9,-138
1747907710591.25,111044,1747907710572.531,-76,-9,-137
1747907710611.125,111065,1747907710592.344,-64,-9,-134
1747907710631.0,111066,1747907710612.188,-57,-13,-137
1747907710650.844,111104,1747907710632.063,-66,-1,-138
1747907710670.719,111145,1747907710651.906,-63,-9,-143
1747907710690.5,111168,1747907710671.844,-68,-9,-141
1747907710710.375,111196,1747907710691.562,-70,-5,-132
1747907710730.219,111220,1747907710711.469,-65,-9,-140
1747907710750.063,111257,1747907710731.313,-81,-1,-135
1747907710769.906,111283,1747907710751.156,-65,-9,-136
1747907710789.781,111303,1747907710770.969,-71,-11,-146
1747907710809.625,111331,1747907710790.844,-63,-16,-136
1747907710829.469,111343,1747907710810.719,-65,-9,-136
1747907710849.313,111333,1747907710830.562,-61,-7,-138
1747907710869.1558,111288,1747907710850.375,-66,-9,-136
1747907710889.031,111238,1747907710870.25,-71,-5,-140
1747907710908.844,111175,1747907710890.094,-61,0,-138
1747907710928.719,111107,1747907710910.031,-68,-9,-138
1747907710948.563,111042,1747907710929.75,-61,-9,-145
1747907710968.406,110952,1747907710949.625,-66,-5,-138
1747907710988.281,110904,1747907710969.5,-74,-2,-133
1747907711008.094,110874,1747907710989.344,-61,-10,-135
1747907711027.938,110828,1747907711009.156,-57,-7,-138
1747907711047.781,110830,1747907711029.0,-64,-7,-143
1747907711067.625,110824,1747907711048.875,-69,-9,-138
1747907711087.437,110836,1747907711068.719,-81,-1,-144
1747907711107.312,110837,1747907711088.531,-60,-7,-136
1747907711127.188,110829,1747907711108.406,-72,-9,-141
1747907711147.063,110816,1747907711128.25,-72,-16,-145
1747907711166.875,110792,1747907711148.125,-63,-9,-138
1747907711186.687,110748,1747907711167.969,-73,-8,-137
1747907711206.563,110687,1747907711187.781,-61,-9,-138
1747907711226.438,110624,1747907711207.625,-69,-13,-134
1747907711246.25,110601,1747907711227.5,-74,-5,-144
1747907711266.125,110569,1747907711247.344,-68,-7,-136
1747907711285.969,110538,1747907711267.188,-65,-8,-141
1747907711305.813,110546,1747907711287.031,-64,-7,-130
1747907711325.656,110551,1747907711306.875,-72,-1,-141
1747907711345.531,110558,1747907711326.781,-65,-10,-134
1747907711365.375,110574,1747907711346.594,-80,-9,-141
1747907711385.25,110601,1747907711366.469,-66,-12,-141
1747907711405.063,110625,1747907711386.312,-73,-5,-138
1747907711424.937,110642,1747907711406.156,-77,-9,-143
1747907711444.812,110649,1747907711426.0,-73,-9,-141
1747907711464.625,110683,1747907711445.844,-64,-9,-143
1747907711484.469,110716,1747907711465.719,-72,-15,-157
1747907711504.344,110773,1747907711485.562,-63,-9,-138
1747907711524.187,110836,1747907711505.438,-73,-9,-137
1747907711544.062,110871,1747907711525.25,-63,-9,-144
1747907711563.875,110894,1747907711545.125,-61,-9,-138
1747907711583.75,110883,1747907711564.969,-71,-9,-141
1747907711603.594,110843,1747907711584.906,-67,-7,-140
1747907711623.469,110764,1747907711604.656,-71,-13,-142
1747907711643.312,110693,1747907711624.531,-63,-6,-138
1747907711663.156,110627,1747907711644.406,-63,-10,-144
1747907711683.125,110556,1747907711664.219,-71,-7,-135
1747907711702.875,110523,1747907711684.219,-72,-8,-138
1747907711722.719,110457,1747907711703.938,-64,-8,-136
1747907711742.656,110441,1747907711723.844,-61,-10,-138
1747907711762.438,110419,1747907711743.656,-77,-1,-132
1747907711782.312,110416,1747907711763.5,-64,-10,-135
1747907711802.125,110426,1747907711783.406,-71,-8,-137
1747907711822.0,110430,1747907711803.219,-61,-13,-125
1747907711841.875,110438,1747907711823.125,-72,-9,-136
1747907711861.688,110453,1747907711842.937,-72,-9,-137
1747907711881.531,110474,1747907711862.781,-64,-9,-145
1747907711901.375,110506,1747907711882.625,-64,-10,-138
1747907711921.219,110528,1747907711902.438,-68,-11,-134
1747907711941.094,110531,1747907711922.281,-63,-17,-145
1747907711960.938,110561,1747907711942.156,-61,-13,-134
1747907711980.781,110553,1747907711962.0,-72,-9,-132
1747907712000.625,110537,1747907711981.844,-65,-13,-136
1747907712020.594,110531,1747907712001.688,-74,-11,-132
1747907712040.344,110532,1747907712021.656,-77,-6,-141
1747907712060.156,110541,1747907712041.406,-68,-5,-138
1747907712080.094,110578,1747907712061.219,-64,-9,-138
1747907712099.875,110609,1747907712081.094,-65,-1,-149
1747907712119.719,110640,1747907712100.969,-77,-9,-136
1747907712139.531,110714,1747907712120.781,-65,-10,-137
1747907712159.406,110795,1747907712140.625,-74,-13,-129
1747907712179.25,110897,1747907712160.469,-63,-7,-140
1747907712199.094,111006,1747907712180.313,-72,-9,-154
1747907712218.9382,111135,1747907712200.156,-77,-9,-144
1747907712238.781,111277,1747907712220.031,-64,-10,-142
1747907712258.656,111399,1747907712239.875,-70,-10,-140
1747907712278.531,111485,1747907712259.75,-68,-6,-144
1747907712298.344,111590,1747907712279.594,-64,-8,-137
1747907712318.188,111645,1747907712299.437,-74,-10,-132
1747907712338.062,111688,1747907712319.25,-64,-7,-141
1747907712357.969,111707,1747907712339.125,-72,-9,-136
1747907712377.719,111717,1747907712359.031,-72,-13,-138
1747907712397.594,111735,1747907712378.812,-77,-9,-133
1747907712417.438,111745,1747907712398.656,-73,-9,-143
1747907712437.281,111731,1747907712418.5,-77,-1,-137
1747907712457.125,111745,1747907712438.375,-63,-12,-141
1747907712477.0,111720,1747907712458.25,-65,-10,-142
1747907712496.844,111719,1747907712478.062,-61,-17,-145
1747907712516.719,111735,1747907712497.937,-63,-9,-135
1747907712536.562,111749,1747907712517.781,-64,-9,-150
1747907712556.438,111786,1747907712537.656,-65,-4,-141
1747907712576.313,111816,1747907712557.5,-77,-4,-136
1747907712596.219,111838,1747907712577.375,-58,-7,-144
1747907712616.0,111854,1747907712597.313,-64,-5,-137
1747907712635.875,111885,1747907712617.094,-72,-7,-137
1747907712655.719,111869,1747907712636.937,-64,-10,-138
1747907712675.594,111857,1747907712656.781,-77,-8,-130
1747907712695.437,111859,1747907712676.656,-61,-9,-137
1747907712715.281,111827,1747907712696.531,-64,-8,-143
1747907712735.156,111822,1747907712716.3442,-73,-13,-140
1747907712755.031,111786,1747907712736.219,-64,-10,-137
1747907712774.812,111772,1747907712756.094,-72,-8,-143
1747907712794.687,111741,1747907712775.938,-63,-5,-141
1747907712814.531,111726,1747907712795.781,-79,-7,-140
1747907712834.406,111719,1747907712815.594,-68,-9,-135
1747907712854.219,111693,1747907712835.469,-77,-13,-134
1747907712874.094,111690,1747907712855.344,-73,-5,-143
1747907712893.937,111679,1747907712875.156,-61,-13,-145
1747907712913.781,111691,1747907712895.031,-70,-10,-136
1747907712933.656,111693,1747907712914.875,-64,-9,-130
1747907712953.469,111691,1747907712934.75,-74,-9,-130
1747907712973.312,111687,1747907712954.531,-63,-9,-138
1747907712993.187,111695,1747907712974.406,-72,-9,-137
1747907713013.031,111716,1747907712994.25,-72,-7,-135
1747907713032.875,111741,1747907713014.125,-71,-9,-134
1747907713052.7192,111750,1747907713033.937,-68,-2,-141
1747907713072.625,111742,1747907713053.781,-66,-15,-153
1747907713092.438,111689,1747907713073.719,-68,-10,-137
1747907713112.281,111606,1747907713093.5,-53,0,-149
1747907713132.125,111522,1747907713113.344,-64,-12,-142
1747907713152.0,111438,1747907713133.188,-77,-11,-138
1747907713171.844,111326,1747907713153.031,-68,-4,-143
1747907713191.688,111262,1747907713172.906,-72,-9,-138
1747907713211.531,111175,1747907713192.75,-77,-1,-145
1747907713231.406,111120,1747907713212.594,-66,-9,-137
1747907713251.25,111079,1747907713232.469,-74,-5,-136
1747907713271.094,111048,1747907713252.344,-68,-5,-138
1747907713290.938,111024,1747907713272.187,-77,-8,-142
1747907713310.812,111027,1747907713292.0,-68,-9,-133
1747907713330.625,111028,1747907713311.844,-64,-9,-133
1747907713350.469,111015,1747907713331.719,-78,-5,-137
1747907713370.375,110998,1747907713351.562,-67,-9,-136
1747907713390.156,110988,1747907713371.375,-68,-8,-136
1747907713410.031,110974,1747907713391.219,-65,-9,-144
1747907713429.844,110950,1747907713411.094,-66,-9,-133
1747907713449.687,110922,1747907713431.0,-65,-6,-138
1747907713469.563,110911,1747907713450.781,-67,-9,-140
1747907713489.406,110874,1747907713470.625,-65,-12,-134
1747907713509.25,110890,1747907713490.469,-68,-1,-126
1747907713529.094,110891,1747907713510.375,-64,-10,-133
1747907713548.938,110855,1747907713530.188,-63,-13,-142
1747907713568.813,110835,1747907713550.031,-79,-8,-141
1747907713588.625,110819,1747907713569.844,-64,-13,-145
1747907713608.531,110811,1747907713589.719,-69,-12,-136
1747907713628.344,110853,1747907713609.625,-64,-9,-144
1747907713648.219,110879,1747907713629.406,-72,-8,-137
1747907713668.031,110938,1747907713649.312,-64,-10,-138
1747907713687.906,111003,1747907713669.156,-74,-6,-132
1747907713707.75,111054,1747907713689.0,-68,-10,-138
1747907713727.625,111123,1747907713708.844,-74,-13,-145
1747907713747.469,111173,1747907713728.719,-64,-9,-151
1747907713767.313,111233,1747907713748.531,-64,-9,-137
1747907713787.156,111263,1747907713768.375,-65,-1,-143
1747907713807.031,111251,1747907713788.25,-74,-7,-142
1747907713826.844,111204,1747907713808.094,-64,-9,-141
1747907713846.719,111147,1747907713827.9368,-77,-4,-146
1747907713866.562,111077,1747907713847.781,-65,-10,-140
1747907713886.406,111019,1747907713867.594,-64,-9,-151
1747907713906.25,110965,1747907713887.5,-63,-9,-137
1747907713926.125,110902,1747907713907.375,-72,-11,-138
1747907713945.969,110828,1747907713927.187,-73,-7,-145
1747907713965.844,110790,1747907713947.063,-72,-9,-142
1747907713985.656,110745,1747907713966.906,-64,-9,-141
1747907714005.5,110708,1747907713986.812,-80,-1,-140
1747907714025.4058,110704,1747907714006.594,-64,0,-138
1747907714045.25,110696,1747907714026.469,-68,-5,-137
1747907714065.094,110697,1747907714046.313,-64,-10,-138
1747907714084.938,110689,1747907714066.188,-63,-9,-140
1747907714104.813,110658,1747907714086.031,-74,-10,-136
1747907714124.687,110646,1747907714105.875,-56,-7,-138
1747907714144.531,110628,1747907714125.75,-64,-10,-134
1747907714164.406,110619,1747907714145.625,-73,-13,-137
1747907714184.25,110618,1747907714165.469,-67,-4,-145
1747907714204.125,110639,1747907714185.312,-77,-6,-137
1747907714223.937,110617,1747907714205.188,-64,-13,-134
1747907714243.812,110630,1747907714225.031,-64,-8,-132
1747907714263.656,110639,1747907714244.875,-74,-9,-136
1747907714283.531,110652,1747907714264.719,-70,-9,-129
1747907714303.375,110684,1747907714284.688,-64,-9,-135
1747907714323.25,110706,1747907714304.469,-72,-9,-137
1747907714343.094,110727,1747907714324.313,-66,-5,-132
1747907714362.969,110731,1747907714344.187,-65,-9,-144
1747907714382.875,110741,1747907714364.031,-64,-13,-134
1747907714402.687,110756,1747907714383.938,-68,-7,-145
1747907714422.531,110789,1747907714403.719,-76,-11,-147
1747907714442.406,110806,1747907714423.563,-63,-7,-137
1747907714462.219,110851,1747907714443.469,-65,-13,-144
1747907714482.094,110901,1747907714463.281,-76,-8,-136
1747907714501.969,110926,1747907714483.156,-65,-9,-136
1747907714521.781,110905,1747907714503.031,-76,-17,-137
1747907714541.656,110871,1747907714522.875,-64,-10,-146
1747907714561.469,110818,1747907714542.719,-62,-9,-134
1747907714581.312,110735,1747907714562.531,-72,-7,-128
1747907714601.187,110647,1747907714582.406,-66,-9,-138
1747907714621.031,110585,1747907714602.25,-72,-12,-132
1747907714640.875,110497,1747907714622.094,-61,-9,-138
1747907714660.75,110453,1747907714641.906,-63,-8,-130
1747907714680.594,110404,1747907714661.813,-73,-9,-138
1747907714700.469,110379,1747907714681.6558,-74,-9,-138
1747907714720.281,110338,1747907714701.531,-65,-9,-140
1747907714740.156,110356,1747907714721.375,-71,-6,-137
1747907714760.0,110323,1747907714741.219,-61,-9,-135
1747907714779.875,110328,1747907714761.094,-74,-9,-136
1747907714799.688,110338,1747907714780.937,-71,-13,-138
1747907714819.563,110315,1747907714800.781,-68,-10,-136
1747907714839.406,110304,1747907714820.594,-71,-9,-145
1747907714859.25,110295,1747907714840.469,-64,-17,-148
1747907714879.094,110308,1747907714860.344,-61,-12,-134
1747907714898.969,110319,1747907714880.187,-72,-10,-144
1747907714918.813,110321,1747907714900.031,-64,-6,-153
1747907714938.687,110334,1747907714919.906,-77,-9,-138
1747907714958.469,110339,1747907714939.75,-61,-9,-138
1747907714978.344,110357,1747907714959.563,-65,-17,-148
1747907714998.188,110381,1747907714979.406,-69,-13,-141
1747907715018.0308,110399,1747907714999.25,-64,-9,-142
1747907715037.875,110423,1747907715019.125,-59,-9,-141
1747907715057.781,110453,1747907715038.969,-76,-13,-138
1747907715077.594,110482,1747907715058.844,-68,-8,-141
1747907715097.438,110514,1747907715078.656,-77,-9,-137
1747907715117.281,110556,1747907715098.5,-76,-9,-141
1747907715137.125,110583,1747907715118.375,-65,-17,-140
1747907715156.969,110622,1747907715138.188,-74,-11,-131
1747907715176.844,110641,1747907715158.062,-68,-7,-139
1747907715196.656,110693,1747907715177.937,-80,-9,-144
1747907715216.531,110696,1747907715197.75,-72,-9,-133
1747907715236.375,110691,1747907715217.594,-74,-5,-136
1747907715256.25,110646,1747907715237.437,-65,-9,-145
1747907715276.125,110584,1747907715257.281,-65,-9,-130
1747907715295.906,110511,1747907715277.188,-65,-1,-135
1747907715315.781,110413,1747907715297.0,-73,-13,-143
1747907715335.625,110342,1747907715316.844,-64,-7,-138
1747907715355.469,110297,1747907715336.687,-73,-9,-134
1747907715375.313,110249,1747907715356.562,-64,-13,-137
1747907715395.219,110221,1747907715376.375,-61,-10,-138
1747907715415.031,110203,1747907715396.281,-64,-9,-144
1747907715434.875,110195,1747907715416.125,-72,-4,-138
1747907715454.719,110184,1747907715435.969,-72,-9,-134
1747907715474.562,110175,1747907715455.812,-72,-10,-136
1747907715494.437,110179,1747907715475.656,-66,-12,-145
1747907715514.281,110182,1747907715495.5,-73,-11,-138
1747907715534.094,110184,1747907715515.344,-66,-25,-140
1747907715553.969,110165,1747907715535.187,-69,-10,-130
1747907715573.812,110176,1747907715555.031,-63,-11,-137
1747907715593.687,110197,1747907715574.875,-68,-9,-153
1747907715613.5,110212,1747907715594.75,-63,-15,-130
1747907715633.344,110239,1747907715614.562,-77,-8,-126
1747907715653.219,110272,1747907715634.437,-60,-13,-137
1747907715673.094,110302,1747907715654.281,-64,-10,-134
1747907715692.906,110328,1747907715674.156,-74,-9,-132
1747907715712.781,110355,1747907715694.0,-63,-7,-136
1747907715732.625,110387,1747907715713.844,-80,-9,-130
1747907715752.469,110431,1747907715733.687,-68,-9,-142
1747907715772.312,110481,1747907715753.563,-76,-4,-140
1747907715792.156,110531,1747907715773.375,-64,-11,-147
1747907715812.031,110592,1747907715793.219,-66,-17,-149
1747907715831.906,110651,1747907715813.094,-73,-13,-141
1747907715851.687,110698,1747907715832.969,-72,-4,-139
1747907715871.562,110748,1747907715852.813,-72,-8,-137
1747907715891.406,110804,1747907715872.5942,-64,-5,-137
1747907715911.281,110855,1747907715892.5,-68,-8,-142
1747907715931.094,110881,1747907715912.312,-64,-9,-149
1747907715950.937,110907,1747907715932.219,-65,-9,-143
1747907715970.781,110923,1747907715952.0,-64,-9,-136
1747907715990.656,110878,1747907715971.844,-77,0,-142
1747907716010.469,110808,1747907715991.687,-72,-9,-138
1747907716030.312,110743,1747907716011.563,-70,-13,-137
1747907716050.156,110687,1747907716031.375,-68,-9,-133
1747907716070.031,110634,1747907716051.219,-64,-5,-141
1747907716089.875,110607,1747907716071.094,-68,-9,-137
1747907716109.688,110582,1747907716090.937,-68,-4,-153
1747907716129.531,110547,1747907716110.75,-64,-7,-142
1747907716149.406,110551,1747907716130.594,-73,-9,-137
1747907716169.219,110548,1747907716150.469,-68,-7,-136
1747907716189.125,110547,1747907716170.312,-64,-10,-137
1747907716208.906,110544,1747907716190.156,-64,-4,-145
1747907716228.781,110562,1747907716209.969,-65,-11,-137
1747907716248.625,110582,1747907716229.844,-57,-13,-137
1747907716268.469,110580,1747907716249.687,-76,-5,-132
1747907716288.313,110608,1747907716269.531,-66,-13,-141
1747907716308.156,110617,1747907716289.375,-77,-10,-136
1747907716328.031,110633,1747907716309.344,-67,-7,-141
1747907716347.844,110663,1747907716329.094,-64,-11,-133
1747907716367.688,110688,1747907716348.937,-64,-9,-138
1747907716387.563,110705,1747907716368.75,-64,-17,-137
1747907716407.406,110736,1747907716388.625,-68,-13,-138
1747907716427.187,110769,1747907716408.469,-64,-7,-139
1747907716447.094,110819,1747907716428.313,-65,-15,-145
1747907716466.906,110856,1747907716448.156,-64,-9,-132
1747907716486.7808,110889,1747907716468.0,-64,-7,-136
1747907716506.625,110965,1747907716487.844,-67,-9,-136
1747907716526.5,111005,1747907716507.75,-69,-9,-136
1747907716546.313,111051,1747907716527.531,-64,-2,-135
1747907716566.281,111115,1747907716547.406,-74,-8,-130
1747907716585.969,111134,1747907716567.25,-63,-2,-141
1747907716605.844,111234,1747907716587.094,-79,-9,-129
1747907716625.688,111276,1747907716606.906,-76,-9,-137
1747907716645.531,111332,1747907716626.75,-64,-5,-134
1747907716665.344,111370,1747907716646.625,-64,-13,-138
1747907716685.219,111375,1747907716666.469,-76,-9,-136
1747907716705.062,111342,1747907716686.313,-71,-9,-132
1747907716724.938,111269,1747907716706.156,-64,-13,-141
1747907716744.781,111206,1747907716726.0,-74,-9,-137
1747907716764.625,111144,1747907716745.906,-48,-13,-138
1747907716784.469,111074,1747907716765.688,-73,-9,-138
1747907716804.344,111032,1747907716785.531,-65,-9,-133
1747907716824.188,110992,1747907716805.437,-72,-13,-138
1747907716844.031,110950,1747907716825.25,-64,-7,-134
1747907716863.844,110934,1747907716845.094,-76,-9,-138
1747907716883.719,110921,1747907716864.938,-66,-6,-136
1747907716903.594,110891,1747907716884.7808,-68,-9,-134
1747907716923.406,110903,1747907716904.656,-65,-8,-138
1747907716943.25,110895,1747907716924.469,-63,0,-137
1747907716963.094,110881,1747907716944.344,-72,-9,-143
1747907716982.969,110874,1747907716964.188,-61,-9,-138
1747907717002.781,110880,1747907716984.031,-72,-11,-137
1747907717022.625,110879,1747907717003.875,-69,-7,-138
1747907717042.469,110877,1747907717023.6868,-68,0,-141
1747907717062.344,110879,1747907717043.531,-74,-9,-137
1747907717082.156,110875,1747907717063.406,-76,-4,-138
1747907717102.0,110895,1747907717083.312,-67,-5,-141
1747907717121.906,110909,1747907717103.094,-73,-6,-138
1747907717141.719,110935,1747907717122.969,-66,-8,-141
1747907717161.531,110951,1747907717142.781,-57,0,-136
1747907717181.5,110990,1747907717162.656,-69,-9,-137
1747907717201.219,111015,1747907717182.594,-69,-9,-135
1747907717221.094,111065,1747907717202.312,-72,-9,-117
1747907717240.937,111088,1747907717222.219,-68,-9,-134
1747907717260.781,111141,1747907717242.031,-61,-7,-135
1747907717280.656,111172,1747907717261.844,-77,-7,-133
1747907717300.5,111196,1747907717281.687,-72,-7,-137
1747907717320.375,111233,1747907717301.562,-64,-5,-133
1747907717340.187,111291,1747907717321.5,-66,-9,-138
1747907717360.063,111334,1747907717341.219,-64,-13,-148
1747907717379.906,111370,1747907717361.125,-68,-10,-136
1747907717399.75,111378,1747907717380.969,-77,-7,-133
1747907717419.625,111356,1747907717400.844,-68,-13,-138
1747907717439.5,111298,1747907717420.719,-61,-4,-139
1747907717459.375,111209,1747907717440.562,-76,-7,-143
1747907717479.219,111136,1747907717460.437,-68,-13,-136
1747907717499.062,111083,1747907717480.281,-56,-7,-143
1747907717519.063,111031,1747907717500.156,-74,-9,-140
1747907717538.844,110991,1747907717520.156,-77,-5,-138
1747907717558.656,110944,1747907717539.875,-69,0,-145
1747907717578.531,110899,1747907717559.75,-62,-7,-136
1747907717598.406,110879,1747907717579.594,-61,-1,-145
1747907717618.281,110853,1747907717599.469,-72,-7,-128
1747907717638.094,110859,1747907717619.375,-63,-4,-140
1747907717657.969,110860,1747907717639.219,-77,-7,-141
1747907717677.812,110868,1747907717659.094,-63,-7,-137
1747907717697.687,110876,1747907717678.906,-63,-5,-139
1747907717717.5,110883,1747907717698.781,-80,-8,-132
1747907717737.375,110887,1747907717718.594,-66,-9,-130
1747907717757.312,110911,1747907717738.437,-64,-9,-143
1747907717777.125,110919,1747907717758.375,-77,-8,-138
1747907717796.906,110930,1747907717778.156,-66,-9,-142
1747907717816.781,110953,1747907717798.0,-72,-6,-137
1747907717836.625,110974,1747907717817.844,-81,0,-141
1747907717856.5,110999,1747907717837.719,-64,-17,-141
1747907717876.312,111028,1747907717857.563,-77,-5,-134
1747907717896.188,111046,1747907717877.437,-68,-17,-141
1747907717916.063,111076,1747907717897.281,-68,-10,-141
1747907717935.906,111129,1747907717917.094,-73,-7,-148
1747907717955.719,111172,1747907717936.969,-66,-13,-145
1747907717975.656,111182,1747907717956.813,-64,-9,-139
1747907717995.438,111221,1747907717976.656,-69,-1,-137
1747907718015.312,111251,1747907717996.531,-66,-9,-134
1747907718035.156,111296,1747907718016.375,-64,-13,-137
1747907718055.0,111333,1747907718036.25,-77,-10,-136
1747907718074.875,111377,1747907718056.062,-61,-10,-144
1747907718094.75,111438,1747907718075.937,-62,-9,-137
1747907718114.562,111440,1747907718095.813,-65,-8,-137
1747907718134.406,111410,1747907718115.625,-75,-8,-138
1747907718154.281,111372,1747907718135.469,-65,-10,-138
1747907718174.125,111296,1747907718155.344,-67,-10,-137
1747907718194.0,111234,1747907718175.219,-73,-8,-134
1747907718213.812,111174,1747907718195.094,-68,-9,-139
1747907718233.656,111098,1747907718214.875,-80,0,-137
1747907718253.531,111059,1747907718234.75,-68,-9,-138
1747907718273.375,111027,1747907718254.625,-64,-13,-134
1747907718293.219,111001,1747907718274.437,-73,-13,-153
1747907718313.094,110970,1747907718294.313,-76,-7,-139
1747907718332.938,110971,1747907718314.156,-64,1,-140
1747907718352.813,110983,1747907718334.0,-72,-5,-137
1747907718372.625,111008,1747907718353.875,-64,-11,-140
1747907718392.469,111032,1747907718373.688,-73,-7,-137
1747907718412.344,111038,1747907718393.563,-61,-9,-137
1747907718432.219,111053,1747907718413.406,-66,-9,-136
1747907718452.031,111058,1747907718433.281,-80,-10,-132
1747907718471.906,111075,1747907718453.125,-61,-1,-140
1747907718491.781,111088,1747907718472.969,-63,-9,-138
1747907718511.625,111088,1747907718492.844,-61,-9,-130
1747907718531.469,111101,1747907718512.687,-73,-9,-137
1747907718551.437,111114,1747907718532.531,-63,-9,-132
1747907718571.156,111152,1747907718552.375,-81,-1,-136
1747907718591.031,111196,1747907718572.219,-68,-13,-133
1747907718610.844,111235,1747907718592.094,-65,-9,-136
1747907718630.719,111284,1747907718611.969,-73,-16,-153
1747907718650.594,111305,1747907718631.781,-72,-9,-144
1747907718670.437,111370,1747907718651.656,-65,-9,-141
1747907718690.281,111391,1747907718671.531,-71,-5,-136
1747907718710.156,111454,1747907718691.406,-66,-9,-138
1747907718730.0,111501,1747907718711.25,-74,-7,-143
1747907718749.875,111548,1747907718731.094,-79,-7,-133
1747907718769.719,111585,1747907718750.906,-64,-10,-151
1747907718789.563,111650,1747907718770.875,-63,-6,-136
1747907718809.406,111703,1747907718790.625,-77,0,-137
1747907718829.312,111762,1747907718810.5,-64,-9,-138
1747907718849.094,111831,1747907718830.375,-68,-13,-138
1747907718868.969,111830,1747907718850.188,-65,-9,-135
1747907718888.906,111817,1747907718870.094,-66,-4,-138
1747907718908.687,111779,1747907718889.906,-65,1,-138
1747907718928.531,111738,1747907718909.781,-79,-9,-133
1747907718948.406,111711,1747907718929.625,-63,-13,-134
1747907718968.25,111680,1747907718949.437,-68,-13,-120
1747907718988.125,111644,1747907718969.375,-71,-9,-138
1747907719007.937,111632,1747907718989.188,-64,-9,-141
1747907719027.812,111648,1747907719009.063,-71,-5,-141
1747907719047.719,111691,1747907719028.906,-69,-8,-141
1747907719067.594,111725,1747907719048.781,-66,-13,-138
1747907719087.375,111759,1747907719068.688,-68,-10,-143
1747907719107.25,111810,1747907719088.469,-65,-11,-138
1747907719127.125,111833,1747907719108.313,-64,-8,-137
1747907719146.969,111846,1747907719128.187,-76,-9,-137
1747907719166.812,111881,1747907719148.031,-64,-15,-149
1747907719186.687,111890,1747907719167.906,-62,-13,-137
1747907719206.531,111916,1747907719187.75,-72,-11,-143
1747907719226.406,111950,1747907719207.594,-65,-9,-141
1747907719246.25,111961,1747907719227.469,-52,-8,-138
1747907719266.094,111988,1747907719247.344,-73,-9,-140
1747907719285.937,112005,1747907719267.125,-64,-7,-143
1747907719305.813,112047,1747907719287.0,-73,-1,-136
1747907719325.656,112076,1747907719306.875,-73,-9,-138
1747907719345.5,112105,1747907719326.75,-65,-14,-144
1747907719365.375,112152,1747907719346.563,-63,-9,-136
1747907719385.25,112180,1747907719366.438,-64,-9,-130
1747907719405.063,112233,1747907719386.312,-73,-9,-128
1747907719424.937,112258,1747907719406.156,-66,-9,-137
1747907719444.781,112304,1747907719426.0,-71,-7,-142
1747907719464.656,112349,1747907719445.875,-65,-7,-138
1747907719484.5,112395,1747907719465.719,-65,-9,-137
1747907719504.469,112438,1747907719485.594,-66,-5,-134
1747907719524.219,112478,1747907719505.531,-69,-15,-153
1747907719544.094,112532,1747907719525.281,-64,-12,-144
1747907719563.906,112590,1747907719545.156,-63,-10,-140
1747907719583.781,112660,1747907719565.0,-81,-5,-136
1747907719603.656,112707,1747907719584.844,-68,-7,-138
1747907719623.5,112746,1747907719604.719,-68,-9,-141
1747907719643.344,112736,1747907719624.594,-76,-17,-132
1747907719663.188,112677,1747907719644.437,-74,-9,-143
1747907719683.031,112636,1747907719664.25,-73,-5,-129
1747907719702.906,112567,1747907719684.125,-73,-7,-128
1747907719722.844,112513,1747907719703.969,-67,-9,-133
1747907719742.563,112496,1747907719723.813,-69,-1,-143
1747907719762.438,112460,1747907719743.719,-64,-10,-141
1747907719782.312,112454,1747907719763.5,-66,-9,-145
1747907719802.125,112454,1747907719783.375,-80,-9,-135
1747907719822.0,112469,1747907719803.219,-65,0,-141
1747907719841.938,112460,1747907719823.062,-64,-8,-138
1747907719861.75,112480,1747907719843.0,-80,-9,-140
1747907719881.531,112490,1747907719862.781,-70,-9,-146
1747907719901.375,112512,1747907719882.625,-63,-13,-135
1747907719921.219,112533,1747907719902.438,-81,-15,-129
1747907719941.094,112535,1747907719922.281,-61,-7,-135
1747907719960.938,112534,1747907719942.156,-77,-8,-135
1747907719980.75,112565,1747907719962.0,-64,-13,-145
1747907720000.625,112535,1747907719981.844,-73,-9,-140
1747907720020.469,112546,1747907720001.719,-60,-9,-143
1747907720040.344,112598,1747907720021.531,-71,-9,-128
1747907720060.219,112619,1747907720041.406,-64,-11,-141
1747907720080.031,112660,1747907720061.281,-64,-4,-136
1747907720099.906,112715,1747907720081.156,-66,-5,-134
1747907720119.75,112751,1747907720100.969,-71,-5,-138
1747907720139.594,112793,1747907720120.844,-66,-9,-140
1747907720159.437,112832,1747907720140.656,-71,-9,-141
1747907720179.312,112879,1747907720160.531,-74,-9,-142
1747907720199.188,112917,1747907720180.375,-61,-10,-136
1747907720219.0,112947,1747907720200.25,-76,-9,-136
1747907720238.875,113014,1747907720220.094,-72,-9,-137
1747907720258.719,113048,1747907720239.938,-80,-10,-140
1747907720278.594,113107,1747907720259.7808,-72,-7,-136
1747907720298.406,113161,1747907720279.625,-50,-9,-136
1747907720318.281,113213,1747907720299.469,-66,-17,-143
1747907720338.125,113259,1747907720319.313,-71,0,-141
1747907720357.969,113286,1747907720339.188,-63,-13,-134
1747907720377.813,113276,1747907720359.062,-74,-9,-145
1747907720397.688,113263,1747907720378.906,-63,-13,-138
1747907720417.531,113215,1747907720398.75,-61,-7,-141
1747907720437.437,113177,1747907720418.625,-77,-10,-136
1747907720457.25,113129,1747907720438.5,-76,-8,-140
1747907720477.094,113093,1747907720458.344,-68,-6,-137
1747907720496.969,113063,1747907720478.156,-61,-8,-140
1747907720516.844,113043,1747907720498.0,-64,-13,-148
1747907720536.688,113045,1747907720517.906,-64,-10,-141
1747907720556.563,113060,1747907720537.75,-72,-1,-138
1747907720576.406,113069,1747907720557.625,-63,-10,-137
1747907720596.25,113077,1747907720577.5,-71,-4,-137
1747907720616.094,113109,1747907720597.344,-64,-9,-137
1747907720636.063,113151,1747907720617.188,-74,-8,-137
1747907720655.813,113159,1747907720637.0,-64,-1,-140
1747907720675.687,113176,1747907720656.906,-65,-12,-140
1747907720695.531,113204,1747907720676.75,-63,-15,-142
1747907720715.375,113213,1747907720696.594,-72,-21,-134
1747907720735.25,113238,1747907720716.406,-73,0,-142
1747907720755.094,113266,1747907720736.312,-63,-7,-143
1747907720774.937,113306,1747907720756.156,-65,-5,-144
1747907720794.812,113331,1747907720776.031,-76,-9,-134
1747907720814.656,113350,1747907720795.875,-69,-5,-138
1747907720834.531,113388,1747907720815.719,-63,-7,-140
1747907720854.375,113427,1747907720835.594,-63,-8,-138
1747907720874.25,113480,1747907720855.469,-73,-13,-136
1747907720894.094,113520,1747907720875.313,-69,-6,-140
1747907720913.969,113608,1747907720895.156,-64,-9,-144
1747907720933.812,113651,1747907720915.031,-60,-10,-134
1747907720953.656,113714,1747907720934.875,-69,-11,-136
1747907720973.531,113770,1747907720954.719,-63,-11,-134
1747907720993.375,113795,1747907720974.625,-61,-12,-138
1747907721013.2192,113858,1747907720994.469,-63,-7,-136
1747907721033.062,113920,1747907721014.313,-65,-9,-144
1747907721052.906,113981,1747907721034.156,-61,-9,-141
1747907721072.781,114040,1747907721054.031,-66,-10,-138
1747907721092.625,114056,1747907721073.875,-73,-15,-138
1747907721112.469,114045,1747907721093.719,-68,-13,-141
1747907721132.344,114005,1747907721113.563,-73,-9,-137
1747907721152.219,113974,1747907721133.406,-64,-11,-132
1747907721172.0,113897,1747907721153.312,-78,-8,-132
1747907721191.844,113891,1747907721173.125,-66,-10,-137
1747907721211.719,113854,1747907721192.906,-71,-11,-137
1747907721231.594,113855,1747907721212.75,-74,-5,-143
1747907721251.406,113833,1747907721232.656,-63,-9,-137
1747907721271.25,113836,1747907721252.5,-64,-13,-137
1747907721291.094,113850,1747907721272.312,-66,-7,-143
1747907721310.969,113852,1747907721292.156,-71,-9,-137
1747907721330.812,113890,1747907721312.031,-75,-13,-138
1747907721350.688,113914,1747907721331.937,-72,-8,-146
1747907721370.531,113931,1747907721351.75,-60,-7,-137
1747907721390.406,113955,1747907721371.594,-68,-17,-152
1747907721410.219,113964,1747907721391.469,-74,-13,-144
1747907721430.063,113995,1747907721411.344,-64,-9,-143
1747907721449.938,114017,1747907721431.156,-66,-13,-145
1747907721469.812,114046,1747907721451.0,-77,-7,-138
1747907721489.625,114045,1747907721470.844,-60,1,-136
1747907721509.5,114082,1747907721490.75,-66,-7,-136
1747907721529.344,114085,1747907721510.594,-72,-9,-139
1747907721549.188,114113,1747907721530.406,-64,-9,-144
1747907721569.062,114149,1747907721550.281,-80,-12,-134
1747907721588.906,114170,1747907721570.188,-77,-8,-143
1747907721608.75,114206,1747907721589.969,-72,-9,-136
1747907721628.625,114231,1747907721609.812,-65,-8,-136
1747907721648.438,114298,1747907721629.687,-65,-13,-137
1747907721668.281,114313,1747907721649.531,-56,-10,-138
1747907721688.188,114354,1747907721669.375,-64,-10,-132
1747907721708.031,114400,1747907721689.25,-57,-16,-141
1747907721727.844,114455,1747907721709.094,-64,-2,-136
1747907721747.719,114498,1747907721728.937,-74,-9,-136
1747907721767.562,114575,1747907721748.813,-73,-8,-138
1747907721787.438,114651,1747907721768.656,-65,-7,-132
1747907721807.281,114714,1747907721788.5,-71,-9,-137
1747907721827.125,114709,1747907721808.406,-65,-4,-141
1747907721847.0,114691,1747907721828.188,-68,-9,-138
1747907721866.875,114649,1747907721848.094,-64,-7,-138
1747907721886.719,114589,1747907721867.937,-76,-5,-137
1747907721906.563,114540,1747907721887.781,-65,-9,-140
1747907721926.562,114528,1747907721907.625,-76,-8,-137
1747907721946.281,114502,1747907721927.594,-63,-7,-138
1747907721966.125,114463,1747907721947.344,-64,-10,-143
1747907721985.969,114446,1747907721967.25,-74,-10,-138
1747907722005.8442,114464,1747907721987.062,-81,0,-140
1747907722025.719,114467,1747907722006.938,-63,-7,-144
1747907722045.563,114473,1747907722026.781,-65,-9,-130
1747907722065.406,114495,1747907722046.656,-69,-13,-141
1747907722085.25,114534,1747907722066.469,-63,-13,-141
1747907722105.125,114544,1747907722086.313,-72,-10,-130
1747907722125.0,114588,1747907722106.188,-66,-8,-144
1747907722144.844,114642,1747907722126.062,-63,-13,-136
1747907722164.688,114663,1747907722145.906,-61,-9,-140
1747907722184.562,114683,1747907722165.781,-76,-9,-134
1747907722204.406,114719,1747907722185.594,-60,-9,-143
1747907722224.25,114751,1747907722205.5,-72,-6,-143
1747907722244.125,114776,1747907722225.281,-65,-9,-148
1747907722264.0,114834,1747907722245.187,-64,-9,-141
1747907722283.844,114859,1747907722265.094,-61,0,-130
1747907722303.719,114895,1747907722284.938,-74,-11,-137
1747907722323.594,114937,1747907722304.781,-72,-9,-138
1747907722343.437,114986,1747907722324.656,-55,0,-138
1747907722363.312,115034,1747907722344.531,-63,-15,-137
1747907722383.281,115085,1747907722364.406,-65,-16,-138
1747907722403.063,115134,1747907722384.25,-77,-1,-140
1747907722422.937,115179,1747907722404.125,-72,-7,-141
1747907722442.75,115240,1747907722424.0,-64,-13,-142
1747907722462.656,115288,1747907722443.844,-64,-13,-128
1747907722482.5,115349,1747907722463.75,-64,-9,-141
1747907722502.375,115403,1747907722483.594,-64,-8,-144
1747907722522.219,115470,1747907722503.438,-73,-9,-153
1747907722542.062,115516,1747907722523.281,-63,-13,-153
1747907722561.969,115518,1747907722543.125,-72,-13,-133
1747907722581.813,115495,1747907722563.062,-78,-6,-129
1747907722601.625,115459,1747907722582.844,-72,-7,-133
1747907722621.469,115404,1747907722602.75,-69,-5,-141
1747907722641.344,115377,1747907722622.531,-64,-5,-143
1747907722661.219,115310,1747907722642.406,-62,-11,-133
1747907722681.031,115291,1747907722662.281,-57,-5,-161
1747907722700.937,115266,1747907722682.156,-71,-11,-145
1747907722720.781,115270,1747907722702.0,-73,-9,-136
1747907722740.656,115263,1747907722721.875,-56,-4,-141
1747907722760.5,115280,1747907722741.75,-77,-6,-137
1747907722780.406,115297,1747907722761.563,-57,-13,-136
1747907722800.219,115321,1747907722781.4382,-74,4,-145
1747907722820.094,115367,1747907722801.312,-63,-13,-136
1747907722839.938,115386,1747907722821.187,-61,-1,-140
1747907722859.812,115421,1747907722841.031,-80,-13,-130
1747907722879.687,115439,1747907722860.875,-68,-13,-138
1747907722899.531,115453,1747907722880.75,-63,-8,-136
1747907722919.375,115479,1747907722900.687,-66,-5,-138
1747907722939.25,115515,1747907722920.469,-73,-7,-138
1747907722959.094,115536,1747907722940.313,-79,-9,-137
1747907722978.969,115565,1747907722960.156,-72,-9,-138
1747907722998.875,115601,1747907722980.062,-72,-9,-145
1747907723018.687,115644,1747907722999.969,-66,-13,-140
1747907723038.562,115693,1747907723019.75,-69,-9,-138
1747907723058.406,115731,1747907723039.625,-72,-7,-134
1747907723078.25,115798,1747907723059.5,-81,-4,-128
1747907723098.156,115836,1747907723079.375,-61,-13,-142
1747907723118.0,115872,1747907723099.219,-64,-8,-138
1747907723137.875,115939,1747907723119.063,-73,-13,-142
1747907723157.719,115959,1747907723138.969,-74,-9,-137
1747907723177.563,116018,1747907723158.812,-64,-8,-138
1747907723197.437,116068,1747907723178.625,-69,0,-135
1747907723217.312,116139,1747907723198.531,-61,-9,-138
1747907723237.125,116179,1747907723218.344,-61,-9,-144
1747907723257.0,116236,1747907723238.219,-64,-10,-144
1747907723276.844,116221,1747907723258.0618,-77,-7,-136
1747907723296.6868,116204,1747907723277.906,-74,-13,-137
1747907723316.531,116170,1747907723297.813,-65,-9,-141
1747907723336.406,116111,1747907723317.656,-64,-8,-136
1747907723356.25,116082,1747907723337.437,-72,-9,-136
1747907723376.125,116051,1747907723357.312,-64,-10,-137
1747907723396.0,116022,1747907723377.188,-64,-10,-134
1747907723415.813,115999,1747907723397.094,-65,-9,-134
1747907723435.656,115986,1747907723416.844,-61,-10,-136
1747907723455.5,115975,1747907723436.719,-64,-10,-142
1747907723475.344,115992,1747907723456.563,-77,-5,-137
1747907723495.219,116002,1747907723476.438,-71,-9,-136
1747907723515.063,116034,1747907723496.312,-72,-8,-136
1747907723534.938,116046,1747907723516.156,-64,-17,-119
1747907723554.781,116067,1747907723536.0,-65,-9,-136
1747907723574.625,116083,1747907723555.875,-65,-7,-153
1747907723594.531,116109,1747907723575.688,-72,-13,-145
1747907723614.375,116126,1747907723595.594,-74,-10,-136
1747907723634.25,116150,1747907723615.437,-61,-12,-145
1747907723654.062,116156,1747907723635.344,-62,-13,-141
1747907723673.938,116163,1747907723655.156,-75,-5,-136
1747907723693.781,116185,1747907723675.0,-65,-10,-133
1747907723713.625,116219,1747907723694.844,-78,-6,-136
1747907723733.5,116249,1747907723714.719,-77,-6,-136
1747907723753.344,116288,1747907723734.5632,-72,-9,-141
1747907723773.219,116312,1747907723754.406,-64,-10,-141
1747907723793.063,116334,1747907723774.281,-63,-9,-132
1747907723812.906,116369,1747907723794.156,-64,-9,-133
1747907723832.781,116409,1747907723814.0,-72,-8,-142
1747907723852.625,116452,1747907723833.844,-68,-8,-136
1747907723872.469,116473,1747907723853.687,-72,-1,-135
1747907723892.344,116528,1747907723873.594,-64,-9,-138
1747907723912.187,116573,1747907723893.406,-64,-7,-136
1747907723932.062,116619,1747907723913.281,-76,-9,-132
1747907723951.906,116664,1747907723933.125,-61,-13,-138
1747907723971.75,116653,1747907723953.031,-69,-11,-141
1747907723991.625,116629,1747907723972.812,-64,-10,-140
1747907724011.469,116573,1747907723992.688,-64,-8,-138
1747907724031.281,116521,1747907724012.531,-77,-10,-133
1747907724051.156,116459,1747907724032.375,-73,-17,-153
1747907724071.0,116407,1747907724052.219,-64,-7,-140
1747907724090.875,116385,1747907724072.094,-65,-12,-137
1747907724110.719,116346,1747907724091.906,-68,-10,-136
1747907724130.594,116308,1747907724111.844,-77,-9,-140
1747907724150.438,116255,1747907724131.656,-64,-5,-137
1747907724170.312,116246,1747907724151.5,-64,-10,-141
1747907724190.187,116221,1747907724171.406,-73,-5,-145
1747907724210.031,116228,1747907724191.25,-72,0,-140
1747907724229.906,116260,1747907724211.125,-65,-10,-145
1747907724249.781,116298,1747907724230.969,-72,-17,-134
1747907724269.656,116336,1747907724250.875,-72,-8,-128
1747907724289.531,116383,1747907724270.75,-73,-9,-141
1747907724309.406,116416,1747907724290.594,-64,-9,-140
1747907724329.281,116428,1747907724310.469,-76,-7,-136
1747907724349.125,116450,1747907724330.344,-71,-7,-136
1747907724368.969,116468,1747907724350.219,-61,-9,-136
1747907724388.844,116497,1747907724370.156,-74,-4,-140
1747907724408.75,116566,1747907724389.906,-65,-9,-136
1747907724428.594,116604,1747907724409.781,-68,-7,-137
1747907724448.438,116656,1747907724429.688,-62,-9,-135
1747907724468.344,116690,1747907724449.531,-72,-13,-137
1747907724488.187,116741,1747907724469.406,-60,-13,-136
1747907724508.031,116783,1747907724489.25,-64,-13,-141
1747907724527.906,116862,1747907724509.094,-62,-9,-143
1747907724547.781,116898,1747907724528.969,-49,-9,-138
1747907724567.687,116958,1747907724548.844,-61,-13,-138
1747907724587.5,117032,1747907724568.781,-66,-13,-137
1747907724607.375,117075,1747907724588.563,-73,-1,-144
1747907724627.25,117160,1747907724608.437,-65,-10,-138
1747907724647.125,117181,1747907724628.312,-73,-13,-141
1747907724667.0,117200,1747907724648.1882,-75,-9,-130
1747907724686.875,117170,1747907724668.063,-64,-13,-134
1747907724706.75,117087,1747907724687.969,-65,0,-144
1747907724726.625,117050,1747907724707.844,-72,-7,-136
1747907724746.5,116980,1747907724727.719,-77,-6,-136
1747907724766.344,116935,1747907724747.563,-76,-7,-136
1747907724786.25,116898,1747907724767.406,-61,-10,-137
1747907724806.094,116886,1747907724787.312,-72,-9,-138
1747907724825.969,116883,1747907724807.188,-72,-9,-140
1747907724845.844,116894,1747907724827.031,-66,1,-136
1747907724865.844,116919,1747907724846.937,-69,-10,-137
1747907724885.562,116936,1747907724866.906,-71,-8,-137
1747907724905.531,116941,1747907724886.656,-64,-8,-138
1747907724925.344,116947,1747907724906.625,-72,-7,-144
1747907724945.219,116942,1747907724926.406,-73,-10,-141
1747907724965.062,116955,1747907724946.25,-65,-10,-149
1747907724984.937,116958,1747907724966.125,-65,-11,-134
1747907725004.813,116978,1747907724986.0,-63,-4,-144
1747907725024.688,117007,1747907725005.8442,-72,-9,-141
1747907725044.531,117035,1747907725025.75,-72,-5,-139
1747907725064.406,117032,1747907725045.594,-64,-4,-132
1747907725084.281,117056,1747907725065.5,-74,-10,-136
1747907725104.156,117107,1747907725085.375,-67,-10,-141
1747907725124.0,117152,1747907725105.281,-66,-9,-145
1747907725143.875,117175,1747907725125.063,-76,-9,-134
1747907725163.75,117218,1747907725144.969,-68,-7,-137
1747907725183.594,117248,1747907725164.844,-51,-8,-136
1747907725203.469,117280,1747907725184.687,-72,-8,-128
1747907725223.312,117303,1747907725204.531,-71,-13,-141
1747907725243.219,117323,1747907725224.406,-64,-10,-133
1747907725263.063,117378,1747907725244.281,-73,-9,-134
1747907725282.938,117411,1747907725264.156,-57,-8,-145
1747907725302.812,117476,1747907725284.0,-72,-9,-138
1747907725322.781,117528,1747907725303.906,-72,-8,-145
1747907725342.531,117527,1747907725323.719,-77,-1,-146
1747907725362.406,117536,1747907725343.625,-68,-11,-140
1747907725382.281,117467,1747907725363.469,-64,-12,-137
1747907725402.125,117418,1747907725383.344,-79,-17,-119
1747907725422.0,117327,1747907725403.25,-64,-10,-134
1747907725441.844,117277,1747907725423.094,-64,-13,-130
1747907725461.75,117229,1747907725442.938,-72,-8,-137
1747907725481.625,117204,1747907725462.813,-71,-7,-138
1747907725501.438,117169,1747907725482.687,-64,-7,-130
1747907725521.344,117174,1747907725502.562,-68,-9,-137
1747907725541.187,117159,1747907725522.406,-72,-9,-137
1747907725561.062,117152,1747907725542.281,-64,-4,-144
1747907725580.906,117163,1747907725562.156,-65,-10,-140
1747907725600.906,117166,1747907725582.0,-76,-9,-132
1747907725620.719,117174,1747907725602.0,-63,-13,-142
1747907725640.562,117170,1747907725621.75,-61,-12,-136
1747907725660.406,117182,1747907725641.625,-69,-9,-136
1747907725680.25,117188,1747907725661.469,-65,-13,-137
1747907725700.125,117216,1747907725681.312,-64,-9,-136
1747907725719.969,117233,1747907725701.188,-72,-8,-133
1747907725739.844,117252,1747907725721.063,-72,-17,-144
1747907725759.719,117262,1747907725740.906,-68,-7,-137
1747907725779.562,117274,1747907725760.781,-64,-13,-133
1747907725799.406,117314,1747907725780.625,-73,-10,-145
1747907725819.219,117346,1747907725800.469,-65,-7,-138
1747907725839.063,117377,1747907725820.312,-66,-9,-140
1747907725858.938,117420,1747907725840.125,-71,-9,-134
1747907725878.781,117462,1747907725860.0,-65,-5,-138
1747907725898.562,117502,1747907725879.844,-65,-7,-138
1747907725918.437,117562,1747907725899.688,-73,-7,-133
1747907725938.344,117590,1747907725919.531,-77,-9,-143
1747907725958.156,117659,1747907725939.437,-69,-9,-138
1747907725978.0,117685,1747907725959.187,-64,-7,-138
1747907725997.844,117735,1747907725979.063,-68,-7,-137
1747907726017.688,117773,1747907725998.906,-81,0,-144
1747907726037.563,117794,1747907726018.75,-64,-5,-144
1747907726057.344,117798,1747907726038.625,-73,-9,-138
1747907726077.219,117760,1747907726058.469,-69,-17,-134
1747907726097.125,117710,1747907726078.3132,-71,-10,-143
1747907726116.906,117672,1747907726098.156,-68,-1,-137
1747907726136.75,117605,1747907726117.969,-64,-9,-144
1747907726156.719,117563,1747907726137.844,-62,-10,-130
1747907726176.437,117523,1747907726157.688,-68,-1,-141
1747907726196.312,117489,1747907726177.594,-64,-9,-141
1747907726216.125,117461,1747907726197.406,-64,-8,-144
1747907726235.969,117442,1747907726217.219,-66,-4,-129
1747907726255.8442,117431,1747907726237.062,-76,-7,-136
1747907726275.812,117436,1747907726256.906,-65,-5,-137
1747907726295.531,117433,1747907726276.875,-77,-9,-141
1747907726315.375,117447,1747907726296.594,-74,-8,-136
1747907726335.219,117433,1747907726316.437,-62,-8,-138
1747907726355.062,117440,1747907726336.281,-64,-14,-143
1747907726374.906,117452,1747907726356.125,-61,-17,-144
1747907726394.75,117502,1747907726376.0,-74,-10,-137
1747907726414.594,117522,1747907726395.812,-65,0,-153
1747907726434.438,117540,1747907726415.656,-66,-7,-137
1747907726454.281,117576,1747907726435.531,-65,-16,-138
1747907726474.125,117621,1747907726455.313,-64,-9,-129
1747907726494.0,117654,1747907726475.25,-79,-9,-136
1747907726513.844,117692,1747907726495.094,-72,-5,-132
1747907726533.719,117691,1747907726515.031,-79,0,-136
1747907726553.562,117724,1747907726534.813,-79,-9,-138
1747907726573.406,117752,1747907726554.625,-63,-9,-145
1747907726593.281,117782,1747907726574.5,-65,-9,-133
1747907726613.156,117791,1747907726594.344,-73,-9,-141
1747907726633.031,117824,1747907726614.219,-64,-4,-143
1747907726652.906,117865,1747907726634.094,-68,-7,-135
1747907726672.75,117913,1747907726653.969,-64,0,-136
1747907726692.625,117946,1747907726673.844,-77,-13,-137
1747907726712.469,117993,1747907726693.719,-65,-7,-136
1747907726732.344,118027,1747907726713.563,-72,-9,-141
1747907726752.219,118025,1747907726733.406,-77,-7,-148
1747907726772.094,118016,1747907726753.281,-72,-10,-138
1747907726791.937,117970,1747907726773.156,-71,-9,-130
1747907726811.812,117913,1747907726793.0,-74,-15,-135
1747907726831.656,117816,1747907726812.875,-63,-9,-138
1747907726851.531,117752,1747907726832.75,-64,-9,-134
1747907726871.375,117665,1747907726852.625,-67,-9,-144
1747907726891.25,117599,1747907726872.438,-73,-10,-136
1747907726911.094,117531,1747907726892.313,-64,-9,-140
1747907726930.969,117479,1747907726912.156,-67,-9,-141
1747907726950.812,117433,1747907726932.031,-61,-10,-138
1747907726970.656,117411,1747907726951.875,-64,-4,-137
1747907726990.531,117389,1747907726971.719,-72,-7,-135
1747907727010.438,117413,1747907726991.594,-70,-9,-136
1747907727030.219,117393,1747907727011.531,-64,-10,-135
1747907727050.094,117400,1747907727031.281,-58,-9,-145
1747907727069.937,117371,1747907727051.188,-64,-9,-138
1747907727089.813,117369,1747907727071.031,-65,-8,-134
1747907727109.656,117362,1747907727090.875,-74,-9,-141
1747907727129.531,117356,1747907727110.719,-65,-13,-147
1747907727149.375,117351,1747907727130.594,-72,-1,-146
1747907727169.25,117344,1747907727150.469,-72,-9,-141
1747907727189.063,117353,1747907727170.344,-68,-9,-142
1747907727208.937,117375,1747907727190.156,-64,-9,-145
1747907727228.844,117375,1747907727210.031,-73,-6,-141
1747907727248.656,117373,1747907727229.906,-68,-7,-141
1747907727268.5,117404,1747907727249.75,-77,-7,-132
1747907727288.375,117433,1747907727269.594,-69,-9,-140
1747907727308.219,117434,1747907727289.469,-66,-9,-138
1747907727328.062,117468,1747907727309.281,-73,-13,-138
1747907727347.906,117462,1747907727329.156,-64,-7,-138
1747907727367.75,117496,1747907727348.969,-59,-9,-136
1747907727387.625,117516,1747907727368.812,-77,-9,-136
1747907727407.469,117547,1747907727388.688,-64,-10,-138
1747907727427.281,117583,1747907727408.563,-72,-5,-143
1747907727447.156,117610,1747907727428.375,-68,-10,-142
1747907727467.062,117612,1747907727448.219,-65,-6,-142
1747907727486.875,117578,1747907727468.094,-74,-2,-144
1747907727506.719,117504,1747907727487.938,-74,-9,-132
1747907727526.531,117425,1747907727507.812,-66,-17,-142
1747907727546.406,117331,1747907727527.625,-64,-11,-132
1747907727566.25,117270,1747907727547.5,-65,-7,-140
1747907727586.062,117216,1747907727567.313,-73,-10,-137
1747907727605.937,117183,1747907727587.156,-64,-13,-144
1747907727625.781,117157,1747907727607.031,-66,-7,-138
1747907727645.594,117140,1747907727626.844,-66,-13,-141
1747907727665.437,117119,1747907727646.656,-74,-7,-130
1747907727685.281,117133,1747907727666.563,-77,-6,-141
1747907727705.125,117151,1747907727686.344,-64,-7,-140
1747907727725.0,117159,1747907727706.219,-66,-9,-149
1747907727744.813,117169,1747907727726.062,-77,-13,-138
1747907727764.656,117163,1747907727745.906,-49,-5,-137
1747907727784.531,117182,1747907727765.75,-72,-6,-132
1747907727804.375,117165,1747907727785.594,-64,-9,-134
1747907727824.219,117188,1747907727805.469,-72,-9,-122
1747907727844.063,117207,1747907727825.344,-68,-9,-137
1747907727863.937,117222,1747907727845.125,-72,-9,-142
1747907727883.781,117240,1747907727865.0,-64,-5,-145
1747907727903.625,117245,1747907727884.844,-61,-13,-137
1747907727923.5,117275,1747907727904.719,-65,-7,-138
1747907727943.312,117298,1747907727924.594,-66,-7,-138
1747907727963.187,117331,1747907727944.406,-63,-9,-141
1747907727983.0,117361,1747907727964.25,-77,-9,-137
1747907728002.844,117413,1747907727984.094,-65,-9,-138
1747907728022.688,117445,1747907728003.906,-71,-9,-138
1747907728042.531,117484,1747907728023.75,-68,-9,-138
1747907728062.406,117527,1747907728043.594,-72,-9,-130
1747907728082.25,117591,1747907728063.469,-64,-9,-127
1747907728102.063,117635,1747907728083.312,-77,-17,-132
1747907728121.906,117663,1747907728103.125,-64,-9,-136
1747907728141.75,117693,1747907728123.0,-75,-13,-137
1747907728161.562,117717,1747907728142.813,-65,-17,-140
1747907728181.438,117693,1747907728162.688,-76,-9,-138
1747907728201.281,117654,1747907728182.469,-64,-13,-145
1747907728221.125,117607,1747907728202.344,-65,-9,-143
1747907728240.969,117543,1747907728222.188,-69,-13,-138
1747907728260.812,117469,1747907728242.094,-77,-10,-132
1747907728280.656,117413,1747907728261.906,-68,-9,-136
1747907728300.531,117366,1747907728281.75,-73,-9,-138
1747907728320.344,117346,1747907728301.562,-66,-8,-140
1747907728340.187,117306,1747907728321.438,-74,-8,-141
1747907728360.156,117290,1747907728341.281,-61,-6,-144
1747907728379.938,117283,1747907728361.219,-64,-13,-136
1747907728399.75,117316,1747907728381.031,-64,-12,-137
1747907728419.687,117311,1747907728400.875,-65,-9,-141
1747907728439.469,117341,1747907728420.688,-65,-1,-153
1747907728459.344,117311,1747907728440.562,-66,-9,-142
1747907728479.188,117338,1747907728460.406,-65,-6,-141
1747907728499.0,117339,1747907728480.281,-72,-17,-120
1747907728518.875,117328,1747907728500.063,-64,-11,-141
1747907728538.719,117347,1747907728519.938,-64,-6,-142
1747907728558.563,117364,1747907728539.781,-62,-9,-152
1747907728578.406,117375,1747907728559.625,-72,-10,-134
1747907728598.25,117408,1747907728579.469,-73,-9,-138
1747907728618.125,117427,1747907728599.344,-61,-7,-134
1747907728638.0,117454,1747907728619.188,-72,-5,-134
1747907728657.781,117482,1747907728639.062,-64,-9,-138
1747907728677.656,117530,1747907728658.875,-64,-5,-138
1747907728697.5,117563,1747907728678.719,-66,-10,-138
1747907728717.344,117587,1747907728698.594,-53,-8,-136
1747907728737.188,117632,1747907728718.406,-72,-7,-132
1747907728757.063,117651,1747907728738.281,-68,-5,-144
1747907728776.906,117693,1747907728758.125,-75,-1,-136
1747907728796.781,117740,1747907728778.0,-68,-9,-138
1747907728816.625,117796,1747907728797.844,-61,0,-151
1747907728836.469,117819,1747907728817.687,-64,-13,-116
1747907728856.313,117800,1747907728837.562,-76,-13,-144
1747907728876.187,117754,1747907728857.406,-63,-9,-133
1747907728896.0,117663,1747907728877.25,-76,-7,-136
1747907728915.875,117614,1747907728897.125,-74,-9,-137
1747907728935.75,117508,1747907728916.937,-72,-7,-137
1747907728955.625,117460,1747907728936.812,-64,-9,-136
1747907728975.469,117406,1747907728956.719,-64,-5,-140
1747907728995.313,117355,1747907728976.562,-73,-7,-136
1747907729015.188,117323,1747907728996.406,-64,-10,-137
1747907729035.062,117271,1747907729016.25,-68,-9,-136
1747907729054.875,117250,1747907729036.125,-64,-8,-137
1747907729074.75,117249,1747907729055.969,-72,-7,-141
1747907729094.594,117228,1747907729075.844,-65,0,-138
1747907729114.469,117242,1747907729095.687,-65,-3,-140
1747907729134.312,117234,1747907729115.563,-65,-9,-141
1747907729154.187,117228,1747907729135.406,-72,-9,-137
1747907729174.031,117238,1747907729155.25,-65,-1,-135
1747907729193.906,117251,1747907729175.094,-68,-8,-136
1747907729213.75,117242,1747907729195.0,-71,-5,-137
1747907729233.625,117263,1747907729214.844,-76,-12,-129
1747907729253.5,117263,1747907729234.688,-77,-9,-135
1747907729273.344,117279,1747907729254.562,-74,-20,-145
1747907729293.187,117297,1747907729274.437,-74,-9,-137
1747907729313.031,117323,1747907729294.25,-61,-15,-138
1747907729332.906,117359,1747907729314.125,-61,0,-129
1747907729352.781,117370,1747907729333.9692,-73,-10,-141
1747907729372.75,117393,1747907729353.875,-68,-10,-138
1747907729392.469,117440,1747907729373.781,-63,-5,-151
1747907729412.375,117478,1747907729393.563,-64,-9,-141
1747907729432.25,117511,1747907729413.469,-62,-9,-132
1747907729452.063,117550,1747907729433.344,-81,-15,-133
1747907729471.969,117586,1747907729453.156,-66,-9,-140
1747907729491.812,117652,1747907729473.0,-64,-7,-139
1747907729511.688,117706,1747907729492.906,-72,-9,-135
1747907729531.531,117740,1747907729512.75,-73,-7,-136
1747907729551.375,117760,1747907729532.594,-65,-10,-134
1747907729571.25,117723,1747907729552.469,-74,-10,-153
1747907729591.094,117652,1747907729572.313,-65,-11,-145
1747907729610.938,117573,1747907729592.156,-72,-9,-136
1747907729630.781,117496,1747907729611.969,-68,-7,-137
1747907729650.656,117426,1747907729631.875,-64,-5,-138
1747907729670.531,117379,1747907729651.719,-69,-7,-135
1747907729690.375,117336,1747907729671.625,-72,-10,-138
1747907729710.25,117275,1747907729691.437,-72,-11,-137
1747907729730.094,117283,1747907729711.344,-68,-9,-142
1747907729749.969,117267,1747907729731.156,-76,-5,-136
1747907729769.844,117252,1747907729751.062,-77,-8,-138
1747907729789.656,117241,1747907729770.937,-68,-8,-140
1747907729809.531,117235,1747907729790.75,-72,-15,-130
1747907729829.437,117237,1747907729810.594,-64,-9,-138
1747907729849.219,117237,1747907729830.469,-77,-1,-146
1747907729869.094,117237,1747907729850.281,-71,-7,-138
1747907729888.969,117235,1747907729870.156,-61,-15,-137
1747907729908.844,117241,1747907729890.031,-64,-13,-108
1747907729928.656,117249,1747907729909.969,-64,-11,-138
1747907729948.531,117236,1747907729929.75,-64,-10,-138
1747907729968.406,117244,1747907729949.594,-71,-13,-141
1747907729988.281,117271,1747907729969.469,-68,-5,-138
1747907730008.125,117275,1747907729989.344,-64,-13,-143
1747907730027.969,117297,1747907730009.187,-61,-8,-134
1747907730047.844,117324,1747907730029.031,-74,-7,-130
1747907730067.687,117340,1747907730048.906,-63,-9,-141
1747907730087.562,117375,1747907730068.781,-63,-9,-142
1747907730107.438,117398,1747907730088.625,-71,-9,-132
1747907730127.281,117427,1747907730108.469,-72,-17,-151
1747907730147.125,117445,1747907730128.375,-66,-10,-139
1747907730167.031,117467,1747907730148.25,-73,-9,-135
1747907730186.875,117498,1747907730168.063,-80,-9,-137
1747907730206.75,117545,1747907730187.906,-76,-8,-138
1747907730226.625,117573,1747907730207.812,-73,-13,-136
1747907730246.437,117560,1747907730227.688,-81,-13,-138
1747907730266.313,117495,1747907730247.531,-66,-7,-138
1747907730286.156,117408,1747907730267.375,-72,-7,-135
1747907730306.0,117322,1747907730287.25,-72,-7,-128
1747907730325.875,117226,1747907730307.094,-64,-9,-132
1747907730345.75,117167,1747907730326.938,-68,-6,-139
1747907730365.625,117081,1747907730346.844,-64,-10,-144
1747907730385.469,117044,1747907730366.687,-63,-9,-141
1747907730405.312,117024,1747907730386.563,-71,-9,-141
1747907730425.187,117030,1747907730406.406,-57,0,-141
1747907730445.031,117054,1747907730426.25,-64,-7,-134
1747907730464.875,117046,1747907730446.125,-66,-5,-137
1747907730484.75,117055,1747907730465.969,-72,-6,-145
1747907730504.594,117065,1747907730485.813,-61,-10,-141
1747907730524.437,117079,1747907730505.656,-81,-9,-141
1747907730544.281,117132,1747907730525.5,-63,-8,-135
1747907730564.125,117189,1747907730545.406,-77,-16,-130
1747907730584.0,117260,1747907730565.187,-64,-1,-144
1747907730603.844,117294,1747907730585.031,-71,-13,-141
1747907730623.688,117319,1747907730604.875,-68,-8,-141
1747907730643.531,117354,1747907730624.75,-73,-8,-153
1747907730663.375,117389,1747907730644.594,-64,-5,-137
1747907730683.25,117431,1747907730664.469,-66,-10,-138
1747907730703.125,117471,1747907730684.313,-77,-9,-134
1747907730722.938,117528,1747907730704.187,-72,-13,-141
1747907730742.781,117540,1747907730724.0,-64,-9,-138
1747907730762.656,117582,1747907730743.844,-75,-10,-141
1747907730782.5,117648,1747907730763.75,-63,-8,-140
1747907730802.313,117675,1747907730783.563,-64,-13,-138
1747907730822.156,117712,1747907730803.406,-64,-9,-138
1747907730842.0,117772,1747907730823.25,-74,-12,-140
1747907730861.875,117825,1747907730843.062,-68,-9,-135
1747907730881.687,117854,1747907730862.938,-71,0,-135
1747907730901.531,117911,1747907730882.781,-76,-6,-138
1747907730921.375,117952,1747907730902.594,-62,-17,-144
1747907730941.219,117943,1747907730922.469,-64,-9,-138
1747907730961.031,117910,1747907730942.313,-74,-7,-141
1747907730980.906,117840,1747907730962.156,-64,-9,-128
1747907731000.781,117770,1747907730981.9692,-64,-16,-143
1747907731020.594,117676,1747907731001.875,-82,-7,-134
1747907731040.437,117586,1747907731021.75,-64,-8,-138
1747907731060.281,117503,1747907731041.531,-73,-9,-136
1747907731080.125,117424,1747907731061.344,-63,-11,-139
1747907731100.0,117354,1747907731081.187,-72,-8,-134
1747907731119.937,117302,1747907731101.062,-64,-13,-141
1747907731139.656,117258,1747907731121.031,-77,-9,-142
1747907731159.531,117248,1747907731140.719,-63,-12,-144
1747907731179.375,117272,1747907731160.594,-66,0,-138
1747907731199.219,117238,1747907731180.437,-64,0,-134
1747907731219.031,117243,1747907731200.312,-64,-7,-136
1747907731238.906,117249,1747907731220.125,-68,-7,-140
1747907731258.75,117221,1747907731239.969,-60,-8,-140
1747907731278.594,117233,1747907731259.844,-77,-9,-133
1747907731298.438,117231,1747907731279.656,-64,-9,-134
1747907731318.281,117246,1747907731299.5,-65,-8,-130
1747907731338.125,117245,1747907731319.375,-77,-9,-134
1747907731358.0,117264,1747907731339.219,-62,-13,-137
1747907731377.813,117255,1747907731359.1868,-64,-7,-138
1747907731397.688,117231,1747907731378.906,-77,-7,-138
1747907731417.531,117196,1747907731398.75,-65,-10,-144
1747907731437.375,117137,1747907731418.563,-58,-9,-147
1747907731457.219,117090,1747907731438.438,-62,-13,-134
1747907731477.031,117029,1747907731458.312,-71,-13,-137
1747907731496.938,116977,1747907731478.125,-66,-10,-141
1747907731516.75,116921,1747907731498.031,-77,-10,-132
1747907731536.562,116879,1747907731517.844,-64,-14,-143
1747907731556.438,116856,1747907731537.688,-76,-9,-130
1747907731576.344,116799,1747907731557.5,-65,-14,-144
1747907731596.1558,116809,1747907731577.344,-64,-1,-152
1747907731615.969,116798,1747907731597.188,-68,-8,-147
1747907731635.812,116788,1747907731617.063,-71,-9,-136
1747907731655.688,116760,1747907731636.906,-66,-6,-129
1747907731675.531,116698,1747907731656.75,-79,-11,-137
1747907731695.375,116623,1747907731676.594,-65,-9,-138
1747907731715.25,116520,1747907731696.469,-77,-9,-134
1747907731735.125,116419,1747907731716.3442,-73,0,-141
1747907731755.0,116333,1747907731736.187,-64,-9,-138
1747907731774.844,116250,1747907731756.062,-68,-13,-138
1747907731794.812,116174,1747907731775.938,-64,-13,-138
1747907731814.625,116114,1747907731795.906,-71,-8,-138
1747907731834.438,116079,1747907731815.656,-66,-12,-148
1747907731854.25,116056,1747907731835.469,-64,-13,-137
1747907731874.094,116018,1747907731855.375,-81,-13,-134
1747907731893.969,116010,1747907731875.1882,-61,-13,-138
1747907731913.8132,116010,1747907731895.031,-77,-9,-130
1747907731933.656,115997,1747907731914.906,-64,-13,-143
1747907731953.625,115979,1747907731934.75,-76,-9,-135
1747907731973.344,115977,1747907731954.563,-68,-1,-145
1747907731993.219,115957,1747907731974.406,-63,-8,-136
1747907732013.031,115950,1747907731994.281,-67,-7,-142
1747907732032.906,115932,1747907732014.156,-64,-10,-140
1747907732052.781,115918,1747907732034.031,-61,-8,-141
1747907732072.625,115934,1747907732053.844,-76,-9,-137
1747907732092.438,115937,1747907732073.656,-61,-13,-143
1747907732112.313,115929,1747907732093.531,-68,-8,-136
1747907732132.25,115941,1747907732113.375,-76,-9,-130
1747907732152.062,115945,1747907732133.344,-69,-9,-137
1747907732171.875,115962,1747907732153.094,-64,0,-148
1747907732191.688,115981,1747907732172.937,-71,-9,-132
1747907732211.531,115991,1747907732192.75,-64,-2,-128
1747907732231.406,116051,1747907732212.562,-66,-9,-144
1747907732251.281,116089,1747907732232.5,-68,-6,-137
1747907732271.094,116138,1747907732252.344,-68,-13,-137
1747907732291.0308,116200,1747907732272.187,-61,-9,-138
1747907732310.844,116227,1747907732292.062,-63,-1,-136
1747907732330.719,116251,1747907732311.906,-65,-11,-144
1747907732350.531,116260,1747907732331.813,-76,-8,-144
1747907732370.406,116235,1747907732351.594,-64,-9,-138
1747907732390.25,116176,1747907732371.5,-70,-13,-141
1747907732410.125,116109,1747907732391.313,-76,-9,-141
1747907732429.9368,116073,1747907732411.188,-64,-5,-137
1747907732449.813,116031,1747907732431.0,-64,-9,-138
1747907732469.719,116012,1747907732450.875,-65,-8,-140
1747907732489.531,115991,1747907732470.781,-64,-9,-134
1747907732509.344,115949,1747907732490.594,-65,-8,-140
1747907732529.25,115976,1747907732510.438,-58,-6,-141
1747907732549.094,116010,1747907732530.312,-68,-9,-136
1747907732568.969,116038,1747907732550.156,-74,-4,-141
1747907732588.781,116077,1747907732570.0632,-63,-8,-144
1747907732608.656,116134,1747907732589.844,-72,-25,-151
1747907732628.531,116175,1747907732609.719,-63,-9,-130
1747907732648.406,116228,1747907732629.594,-69,-7,-138
1747907732668.25,116278,1747907732649.469,-64,-16,-136
1747907732688.094,116304,1747907732669.313,-79,-6,-138
1747907732707.969,116294,1747907732689.156,-74,-9,-141
1747907732727.813,116280,1747907732709.031,-66,-7,-136
1747907732747.656,116296,1747907732728.875,-64,-13,-137
1747907732767.531,116301,1747907732748.75,-72,-9,-145
1747907732787.406,116330,1747907732768.656,-64,-9,-138
1747907732807.281,116341,1747907732788.5,-74,-5,-138
1747907732827.125,116374,1747907732808.375,-76,-10,-141
1747907732847.0,116403,1747907732828.188,-71,-13,-138
1747907732866.875,116458,1747907732848.063,-77,-9,-138
1747907732886.719,116535,1747907732867.906,-64,-7,-136
1747907732906.594,116582,1747907732887.781,-64,-7,-141
1747907732926.437,116595,1747907732907.656,-63,-9,-137
1747907732946.312,116624,1747907732927.5,-57,-12,-134
1747907732966.125,116668,1747907732947.406,-73,-7,-140
1747907732986.0,116701,1747907732967.25,-60,-8,-138
1747907733005.875,116717,1747907732987.094,-64,-1,-144
1747907733025.75,116717,1747907733006.969,-64,-11,-144
1747907733045.594,116713,1747907733026.813,-61,-8,-138
1747907733065.469,116654,1747907733046.656,-65,-5,-129
1747907733085.344,116573,1747907733066.531,-71,-8,-138
1747907733105.187,116472,1747907733086.406,-61,-8,-132
1747907733125.031,116386,1747907733106.375,-65,0,-137
1747907733144.906,116280,1747907733126.125,-64,-9,-149
1747907733164.781,116226,1747907733145.969,-60,-9,-138
1747907733184.625,116159,1747907733165.844,-65,-8,-135
1747907733204.563,116136,1747907733185.656,-73,-8,-141
1747907733224.375,116121,1747907733205.656,-64,-8,-140
1747907733244.219,116095,1747907733225.406,-63,0,-148
1747907733264.062,116081,1747907733245.281,-61,0,-144
1747907733283.906,116071,1747907733265.156,-66,-13,-136
1747907733303.781,116043,1747907733285.031,-58,-9,-138
1747907733323.656,116033,1747907733304.844,-75,-9,-137
1747907733343.531,116002,1747907733324.75,-64,-1,-146
1747907733363.375,115999,1747907733344.563,-63,-7,-143
1747907733383.219,116002,1747907733364.5,-64,-5,-140
1747907733403.094,115990,1747907733384.312,-60,-8,-145
1747907733422.969,115984,1747907733404.156,-68,-5,-141
1747907733442.781,115976,1747907733424.063,-63,-6,-145
1747907733462.656,115980,1747907733443.875,-68,-9,-144
1747907733482.531,115988,1747907733463.719,-73,-9,-136
1747907733502.375,115993,1747907733483.594,-72,-14,-141
1747907733522.219,116005,1747907733503.5,-72,-7,-136
1747907733542.094,116020,1747907733523.344,-71,-9,-136
1747907733561.938,116028,1747907733543.156,-61,-9,-133
1747907733581.813,116061,1747907733563.0,-72,-6,-133
1747907733601.719,116105,1747907733582.875,-61,-10,-140
1747907733621.5,116135,1747907733602.813,-76,-7,-137
1747907733641.375,116177,1747907733622.5942,-63,-5,-137
1747907733661.25,116195,1747907733642.469,-71,-8,-144
1747907733681.062,116211,1747907733662.312,-65,-1,-155
1747907733700.969,116252,1747907733682.188,-77,-9,-138
1747907733720.813,116275,1747907733702.0,-61,-9,-141
1747907733740.656,116247,1747907733721.906,-63,-9,-125
1747907733760.469,116223,1747907733741.781,-67,-9,-138
1747907733780.344,116118,1747907733761.594,-74,-10,-134
1747907733800.219,116006,1747907733781.4382,-74,-9,-145
1747907733820.0632,115904,1747907733801.281,-64,-9,-141
1747907733839.969,115811,1747907733821.156,-72,-10,-135
1747907733859.781,115718,1747907733841.0,-71,-13,-145
1747907733879.625,115669,1747907733860.813,-76,-7,-144
1747907733899.469,115629,1747907733880.688,-64,-10,-143
1747907733919.313,115582,1747907733900.5,-64,-7,-143
1747907733939.156,115564,1747907733920.406,-75,-8,-138
1747907733959.0,115554,1747907733940.313,-57,-5,-134
1747907733978.875,115553,1747907733960.094,-74,-9,-148
1747907733998.688,115544,1747907733979.969,-65,0,-145
1747907734018.563,115542,1747907733999.781,-73,-1,-144
1747907734038.437,115561,1747907734019.656,-64,-13,-144
1747907734058.281,115587,1747907734039.5,-57,-21,-141
1747907734078.125,115596,1747907734059.344,-71,-9,-128
1747907734097.969,115627,1747907734079.25,-72,-10,-146
1747907734117.813,115624,1747907734099.031,-66,-8,-141
1747907734137.656,115629,1747907734118.844,-64,-9,-151
1747907734157.531,115618,1747907734138.75,-61,-14,-136
1747907734177.406,115635,1747907734158.594,-73,-9,-136
1747907734197.219,115649,1747907734178.469,-82,-8,-136
1747907734217.062,115682,1747907734198.281,-61,-8,-136
1747907734236.906,115716,1747907734218.156,-77,-9,-138
1747907734256.75,115751,1747907734238.0,-65,-9,-136
1747907734276.625,115798,1747907734257.812,-64,-13,-141
1747907734296.438,115834,1747907734277.687,-62,-8,-143
1747907734316.312,115889,1747907734297.531,-71,-9,-134
1747907734336.125,115934,1747907734317.375,-64,-13,-142
1747907734355.969,115993,1747907734337.219,-73,-1,-138
1747907734375.844,116043,1747907734357.062,-66,-9,-140
1747907734395.688,116066,1747907734376.906,-62,-13,-138
1747907734415.531,116102,1747907734396.781,-68,-13,-129
1747907734435.406,116112,1747907734416.656,-73,-9,-137
1747907734455.25,116151,1747907734436.469,-76,-7,-144
1747907734475.125,116144,1747907734456.312,-76,-9,-141
1747907734494.937,116131,1747907734476.187,-65,-8,-132
1747907734514.844,116089,1747907734496.031,-66,-6,-143
1747907734534.656,116033,1747907734515.906,-66,-7,-136
1747907734554.5,115956,1747907734535.75,-73,-9,-140
1747907734574.344,115864,1747907734555.594,-61,-8,-136
1747907734594.219,115797,1747907734575.438,-61,-13,-136
1747907734614.062,115715,1747907734595.281,-61,-9,-145
1747907734633.875,115652,1747907734615.125,-64,-9,-136
1747907734653.719,115594,1747907734634.969,-64,-10,-136
1747907734673.594,115576,1747907734654.844,-72,-9,-133
1747907734693.437,115571,1747907734674.656,-65,-12,-136
1747907734713.312,115566,1747907734694.5,-68,-7,-142
1747907734733.125,115577,1747907734714.375,-72,-13,-138
1747907734753.0,115572,1747907734734.25,-65,-9,-135
1747907734772.906,115572,1747907734754.094,-61,-9,-143
1747907734792.719,115540,1747907734773.969,-79,-13,-136
1747907734812.563,115513,1747907734793.813,-74,-9,-145
1747907734832.438,115515,1747907734813.656,-61,-9,-143
1747907734852.281,115490,1747907734833.5,-69,-10,-138
1747907734872.125,115508,1747907734853.375,-74,-9,-137
1747907734891.969,115521,1747907734873.188,-74,-7,-143
1747907734911.844,115511,1747907734893.094,-64,-13,-138
1747907734931.688,115527,1747907734912.906,-72,-5,-138
1747907734951.562,115549,1747907734932.781,-63,-8,-140
1747907734971.375,115586,1747907734952.656,-68,-6,-141
1747907734991.281,115623,1747907734972.5,-73,-8,-148
1747907735011.156,115662,1747907734992.375,-66,-9,-140
1747907735031.031,115691,1747907735012.219,-64,-5,-133
1747907735050.844,115716,1747907735032.094,-80,-9,-135
1747907735070.719,115735,1747907735051.969,-76,-9,-140
1747907735090.563,115775,1747907735071.781,-66,-8,-145
1747907735110.437,115818,1747907735091.656,-68,-9,-141
1747907735130.281,115856,1747907735111.531,-64,-5,-136
1747907735150.156,115910,1747907735131.375,-64,-5,-136
1747907735170.0,115926,1747907735151.219,-69,-9,-132
1747907735189.875,115922,1747907735171.094,-73,-13,-144
1747907735209.719,115885,1747907735190.906,-66,-9,-143
1747907735229.594,115805,1747907735210.781,-68,-7,-140
1747907735249.406,115735,1747907735230.625,-64,-7,-133
1747907735269.281,115659,1747907735250.5,-71,-6,-136
1747907735289.094,115581,1747907735270.375,-72,-10,-137
1747907735309.0,115500,1747907735290.219,-72,-5,-138
1747907735328.813,115453,1747907735310.0,-64,-9,-149
1747907735348.719,115424,1747907735329.875,-62,-17,-151
1747907735368.531,115388,1747907735349.781,-81,-17,-136
1747907735388.375,115350,1747907735369.625,-69,-9,-136
1747907735408.281,115349,1747907735389.469,-63,0,-141
1747907735428.094,115354,1747907735409.312,-64,3,-144
1747907735447.938,115351,1747907735429.187,-72,-9,-137
1747907735467.812,115374,1747907735449.063,-72,-10,-136
1747907735487.656,115379,1747907735468.875,-64,-8,-153
1747907735507.531,115383,1747907735488.719,-69,-8,-138
1747907735527.344,115380,1747907735508.594,-69,-9,-143
1747907735547.219,115384,1747907735528.469,-65,-9,-138
1747907735567.125,115386,1747907735548.313,-77,-9,-136
1747907735586.969,115402,1747907735568.188,-77,-13,-138
1747907735606.813,115413,1747907735588.031,-53,-9,-137
1747907735626.688,115452,1747907735607.875,-67,-9,-142
1747907735646.531,115459,1747907735627.75,-77,-7,-141
1747907735666.406,115491,1747907735647.594,-74,-2,-137
1747907735686.219,115533,1747907735667.469,-63,-13,-136
1747907735706.094,115569,1747907735687.344,-77,-8,-141
1747907735725.937,115599,1747907735707.156,-61,-5,-138
1747907735745.938,115648,1747907735727.031,-65,-5,-140
1747907735765.656,115682,1747907735746.875,-73,-5,-141
1747907735785.5,115729,1747907735766.75,-61,-11,-145
1747907735805.406,115754,1747907735786.594,-63,-7,-138
1747907735825.25,115803,1747907735806.438,-66,-9,-133
1747907735845.062,115857,1747907735826.313,-71,-9,-142
1747907735864.938,115923,1747907735846.1558,-72,-8,-141
1747907735884.7808,115965,1747907735866.0,-64,-7,-153
1747907735904.656,115984,1747907735885.875,-72,-8,-138
1747907735924.469,115973,1747907735905.719,-76,-7,-138
1747907735944.344,115957,1747907735925.563,-65,-9,-130
1747907735964.188,115881,1747907735945.406,-64,-9,-136
1747907735984.062,115824,1747907735965.25,-65,-10,-153
1747907736003.906,115753,1747907735985.156,-64,-7,-146
1747907736023.75,115718,1747907736005.0,-72,-9,-132
1747907736043.625,115671,1747907736024.812,-66,-9,-141
1747907736063.5,115647,1747907736044.719,-64,-9,-138
1747907736083.344,115626,1747907736064.563,-77,-9,-143
1747907736103.187,115623,1747907736084.438,-65,-8,-136
1747907736123.063,115647,1747907736104.25,-66,-9,-138
1747907736142.938,115667,1747907736124.125,-72,-13,-137
1747907736162.781,115681,1747907736144.0,-77,-4,-151
1747907736182.656,115730,1747907736163.875,-64,-9,-140
1747907736202.5,115760,1747907736183.719,-61,-8,-138
1747907736222.375,115771,1747907736203.562,-64,-8,-145
1747907736242.219,115786,1747907736223.437,-63,-9,-134
1747907736262.031,115801,1747907736243.313,-61,-1,-144
1747907736281.906,115818,1747907736263.094,-64,-13,-138
1747907736301.781,115847,1747907736282.969,-64,-9,-134
1747907736321.594,115890,1747907736302.844,-74,-8,-141
1747907736341.469,115933,1747907736322.687,-72,-7,-137
1747907736361.312,115999,1747907736342.531,-72,-9,-137
1747907736381.156,116040,1747907736362.375,-61,-10,-142
1747907736401.031,116094,1747907736382.219,-64,-10,-138
1747907736420.844,116143,1747907736402.125,-76,-8,-136
1747907736440.687,116191,1747907736421.938,-56,-10,-138
1747907736460.562,116243,1747907736441.75,-72,-9,-136
1747907736480.406,116313,1747907736461.625,-78,-7,-136
1747907736500.25,116362,1747907736481.5,-62,-1,-133
1747907736520.125,116397,1747907736501.344,-64,-9,-140
1747907736539.969,116463,1747907736521.219,-72,-9,-144
1747907736559.844,116508,1747907736541.0308,-71,-7,-136
1747907736579.688,116584,1747907736560.906,-65,-9,-141
1747907736599.5,116660,1747907736580.719,-64,-8,-137
1747907736619.375,116719,1747907736600.625,-64,-7,-140
1747907736639.219,116781,1747907736620.438,-63,-8,-137
1747907736659.031,116780,1747907736640.281,-76,-9,-143
1747907736678.906,116748,1747907736660.156,-63,-9,-138
1747907736698.781,116718,1747907736680.0,-72,-10,-130
1747907736718.625,116658,1747907736699.844,-58,-5,-136
1747907736738.469,116613,1747907736719.688,-77,-11,-140
1747907736758.344,116597,1747907736739.562,-53,-15,-136
1747907736778.188,116557,1747907736759.406,-64,-9,-138
1747907736798.062,116551,1747907736779.219,-64,-10,-151
1747907736817.906,116549,1747907736799.094,-66,-9,-151
1747907736837.75,116556,1747907736818.969,-63,8,-144
1747907736857.594,116563,1747907736838.812,-72,-9,-138
1747907736877.437,116589,1747907736858.687,-65,-5,-140
1747907736897.25,116600,1747907736878.5,-73,-9,-129
1747907736917.125,116644,1747907736898.344,-64,-9,-138
1747907736936.938,116664,1747907736918.219,-60,-10,-137
1747907736956.813,116689,1747907736938.0,-64,-11,-134
1747907736976.656,116704,1747907736957.906,-65,-12,-141
1747907736996.5,116738,1747907736977.719,-64,-17,-149
1747907737016.375,116770,1747907736997.563,-63,-8,-141
1747907737036.219,116797,1747907737017.437,-76,-9,-132
1747907737056.031,116833,1747907737037.281,-65,-5,-141
1747907737075.875,116863,1747907737057.125,-77,-8,-147
1747907737095.75,116901,1747907737076.938,-65,-13,-143
1747907737115.594,116932,1747907737096.844,-68,-2,-137
1747907737135.438,116990,1747907737116.656,-63,-6,-143
1747907737155.281,117026,1747907737136.531,-64,-1,-149
1747907737175.156,117067,1747907737156.344,-73,8,-152
1747907737195.0,117103,1747907737176.219,-61,-9,-138
1747907737214.844,117142,1747907737196.094,-65,-16,-138
1747907737234.688,117176,1747907737215.906,-71,-8,-132
1747907737254.562,117214,1747907737235.781,-65,-9,-136
1747907737274.406,117282,1747907737255.594,-68,-9,-137
1747907737294.25,117315,1747907737275.469,-71,-9,-138
1747907737314.094,117380,1747907737295.344,-63,-9,-140
1747907737333.937,117414,1747907737315.187,-64,-6,-144
1747907737353.844,117472,1747907737335.0,-63,-7,-138
1747907737373.688,117534,1747907737354.906,-64,-5,-138
1747907737393.531,117559,1747907737374.781,-76,-6,-137
1747907737413.406,117556,1747907737394.594,-67,-10,-148
1747907737433.281,117525,1747907737414.469,-73,-9,-134
1747907737453.125,117461,1747907737434.344,-64,-5,-137
1747907737473.0,117403,1747907737454.219,-64,-9,-137
1747907737492.844,117351,1747907737474.094,-64,-7,-140
1747907737512.719,117303,1747907737493.906,-65,-17,-141
1747907737532.562,117288,1747907737513.781,-69,-9,-137
1747907737552.438,117268,1747907737533.687,-64,-9,-127
1747907737572.313,117259,1747907737553.5,-72,-9,-153
1747907737592.187,117256,1747907737573.406,-73,-5,-137
1747907737612.031,117275,1747907737593.25,-64,-13,-147
1747907737631.906,117291,1747907737613.125,-63,-9,-137
1747907737651.781,117296,1747907737632.969,-74,-5,-132
1747907737671.656,117297,1747907737652.875,-68,-4,-142
1747907737691.5,117325,1747907737672.75,-77,-9,-132
1747907737711.406,117347,1747907737692.594,-77,-10,-136
1747907737731.25,117365,1747907737712.469,-63,-8,-129
1747907737751.125,117387,1747907737732.344,-73,0,-136
1747907737771.0,117406,1747907737752.188,-64,-9,-133
1747907737790.844,117415,1747907737772.063,-64,-9,-138
1747907737810.719,117456,1747907737791.906,-62,-7,-137
1747907737830.562,117479,1747907737811.812,-74,-7,-137
1747907737850.406,117514,1747907737831.656,-65,3,-138
1747907737870.281,117551,1747907737851.5,-64,-9,-138
1747907737890.156,117571,1747907737871.344,-72,-7,-138
1747907737910.0,117611,1747907737891.219,-64,-8,-146
1747907737929.844,117631,1747907737911.094,-75,-9,-138
1747907737949.719,117685,1747907737930.969,-76,-11,-139
1747907737969.563,117714,1747907737950.812,-63,-13,-140
1747907737989.438,117754,1747907737970.656,-65,-10,-144
1747907738009.281,117800,1747907737990.531,-72,-8,-145
1747907738029.125,117829,1747907738010.375,-63,0,-142
1747907738049.0,117864,1747907738030.188,-66,-9,-143
1747907738068.844,117908,1747907738050.062,-69,-9,-137
1747907738088.687,117939,1747907738069.906,-77,-8,-138
1747907738108.531,117939,1747907738089.813,-74,-9,-144
1747907738128.406,117914,1747907738109.594,-80,-9,-138
1747907738148.281,117866,1747907738129.469,-61,-13,-143
1747907738168.125,117827,1747907738149.344,-64,-9,-141
1747907738187.969,117770,1747907738169.219,-81,-13,-136
1747907738207.844,117735,1747907738189.063,-79,-10,-141
1747907738227.719,117703,1747907738208.937,-66,-7,-141
1747907738247.563,117686,1747907738228.75,-65,-15,-143
1747907738267.437,117695,1747907738248.656,-66,-9,-137
1747907738287.281,117684,1747907738268.5,-66,-8,-135
1747907738307.156,117678,1747907738288.375,-77,-7,-145
1747907738327.0,117714,1747907738308.219,-62,-9,-136
1747907738346.875,117738,1747907738328.094,-71,0,-134
1747907738366.719,117760,1747907738347.969,-77,-7,-136
1747907738386.594,117779,1747907738367.781,-74,-9,-141
1747907738406.4382,117794,1747907738387.656,-64,0,-141
1747907738426.312,117798,1747907738407.531,-57,-13,-141
1747907738446.187,117820,1747907738427.375,-63,-7,-139
1747907738466.031,117849,1747907738447.25,-73,-11,-136
1747907738485.875,117888,1747907738467.094,-72,-1,-138
1747907738505.719,117916,1747907738486.969,-74,-10,-138
1747907738525.594,117969,1747907738506.813,-57,-13,-141
1747907738545.469,117993,1747907738526.625,-62,-13,-133
1747907738565.406,118021,1747907738546.531,-73,-9,-137
1747907738585.156,118072,1747907738566.406,-73,-1,-141
1747907738605.031,118138,1747907738586.219,-64,-9,-143
1747907738624.875,118156,1747907738606.094,-72,-5,-134
1747907738644.719,118184,1747907738625.938,-63,-15,-153
1747907738664.594,118217,1747907738645.781,-64,-13,-145
1747907738684.438,118250,1747907738665.625,-64,-13,-146
1747907738704.312,118295,1747907738685.5,-63,-11,-144
1747907738724.156,118350,1747907738705.375,-61,-9,-136
1747907738744.0,118389,1747907738725.25,-65,-9,-138
1747907738763.875,118456,1747907738745.062,-64,-13,-141
1747907738783.719,118485,1747907738764.969,-64,-9,-143
1747907738803.562,118466,1747907738784.813,-66,-7,-145
1747907738823.406,118424,1747907738804.656,-69,-9,-130
1747907738843.281,118376,1747907738824.5,-66,-9,-138
1747907738863.094,118316,1747907738844.344,-61,-6,-141
1747907738882.937,118271,1747907738864.188,-73,-8,-137
1747907738902.844,118222,1747907738884.063,-66,-9,-140
1747907738922.625,118202,1747907738903.875,-77,-1,-141
1747907738942.5,118175,1747907738923.687,-61,0,-136
1747907738962.344,118156,1747907738943.562,-77,-9,-138
1747907738982.156,118171,1747907738963.406,-64,0,-133
1747907739002.0,118175,1747907738983.25,-74,-5,-135
1747907739021.844,118210,1747907739003.062,-64,-7,-132
1747907739041.688,118236,1747907739022.906,-71,-7,-136
1747907739061.531,118240,1747907739042.813,-69,-9,-143
1747907739081.375,118267,1747907739062.594,-64,-10,-145
1747907739101.25,118295,1747907739082.5,-76,-10,-136
1747907739121.094,118324,1747907739102.312,-74,-9,-134
1747907739140.906,118367,1747907739122.187,-66,-5,-144
1747907739160.75,118396,1747907739141.969,-69,-1,-138
1747907739180.625,118410,1747907739161.844,-64,-13,-137
1747907739200.469,118454,1747907739181.688,-57,-13,-130
1747907739220.281,118508,1747907739201.531,-68,-9,-141
1747907739240.125,118562,1747907739221.375,-73,-6,-132
1747907739259.969,118610,1747907739241.188,-80,-25,-134
1747907739279.844,118649,1747907739261.031,-72,-8,-137
1747907739299.656,118719,1747907739280.906,-61,-7,-128
1747907739319.563,118774,1747907739300.781,-61,-10,-161
1747907739339.406,118798,1747907739320.625,-64,-9,-137
1747907739359.25,118864,1747907739340.469,-72,-13,-134
1747907739379.062,118927,1747907739360.313,-73,-9,-136
1747907739398.938,118973,1747907739380.187,-64,-7,-132
1747907739418.781,119051,1747907739400.031,-61,-8,-134
1747907739438.656,119104,1747907739419.844,-68,-11,-137
1747907739458.5,119167,1747907739439.719,-64,-13,-134
1747907739478.313,119192,1747907739459.563,-68,-13,-137
1747907739498.188,119197,1747907739479.406,-64,-9,-136
1747907739518.062,119159,1747907739499.25,-69,-8,-134
1747907739537.875,119134,1747907739519.125,-37,-15,-136
1747907739557.75,119134,1747907739538.969,-75,-11,-144
1747907739577.563,119106,1747907739558.812,-72,-7,-137
1747907739597.438,119087,1747907739578.656,-79,-17,-137
1747907739617.281,119093,1747907739598.5,-66,-10,-132
1747907739637.094,119104,1747907739618.375,-62,-7,-136
1747907739656.969,119095,1747907739638.188,-66,-14,-153
1747907739676.844,119118,1747907739658.031,-73,-5,-139
1747907739696.656,119148,1747907739677.906,-68,-7,-143
1747907739716.5,119159,1747907739697.75,-72,-7,-130
1747907739736.375,119201,1747907739717.594,-62,-10,-137
1747907739756.219,119224,1747907739737.469,-71,-14,-141
1747907739776.031,119249,1747907739757.281,-58,-9,-137
1747907739795.906,119280,1747907739777.156,-77,-13,-130
1747907739815.719,119331,1747907739796.969,-64,-6,-141
1747907739835.594,119370,1747907739816.813,-71,0,-141
1747907739855.438,119405,1747907739836.687,-74,-5,-136
1747907739875.25,119441,1747907739856.531,-71,-10,-144
1747907739895.125,119481,1747907739876.344,-66,-5,-140
1747907739915.0,119507,1747907739896.219,-65,-6,-130
1747907739934.844,119560,1747907739916.063,-72,-9,-145
1747907739954.688,119590,1747907739935.906,-64,0,-140
1747907739974.5,119650,1747907739955.719,-69,-13,-137
1747907739994.375,119701,1747907739975.594,-64,-9,-149
1747907740014.25,119741,1747907739995.469,-64,-9,-134
1747907740034.063,119811,1747907740015.312,-72,-13,-133
1747907740053.938,119851,1747907740035.156,-61,-8,-142
1747907740073.781,119902,1747907740055.0,-63,-9,-133
1747907740093.625,119954,1747907740074.844,-77,-11,-130
1747907740113.437,120003,1747907740094.719,-53,-9,-137
1747907740133.344,120068,1747907740114.562,-74,-8,-138
1747907740153.188,120159,1747907740134.437,-69,-9,-143
1747907740173.031,120207,1747907740154.25,-58,-5,-146
1747907740192.875,120249,1747907740174.094,-72,-7,-134
1747907740212.719,120220,1747907740194.0,-61,0,-140
1747907740232.594,120210,1747907740213.812,-77,-9,-133
1747907740252.469,120179,1747907740233.687,-72,-7,-132
1747907740272.281,120157,1747907740253.563,-64,-3,-141
1747907740292.188,120125,1747907740273.406,-74,-6,-138
1747907740312.031,120117,1747907740293.25,-77,-9,-132
1747907740331.906,120126,1747907740313.125,-72,-13,-144
1747907740351.75,120133,1747907740332.969,-63,-6,-141
1747907740371.594,120135,1747907740352.844,-69,-7,-136
1747907740391.469,120164,1747907740372.656,-65,-7,-142
1747907740411.344,120168,1747907740392.531,-66,-10,-136
1747907740431.187,120218,1747907740412.438,-62,-9,-146
1747907740451.062,120239,1747907740432.281,-63,-13,-138
1747907740470.938,120281,1747907740452.125,-64,-9,-136
1747907740490.781,120324,1747907740472.0,-73,-7,-137
1747907740510.625,120356,1747907740491.844,-66,-13,-136
1747907740530.469,120377,1747907740511.688,-64,-10,-145
1747907740550.344,120429,1747907740531.563,-68,-13,-133
1747907740570.188,120438,1747907740551.406,-64,-13,-151
1747907740590.062,120480,1747907740571.281,-66,-9,-138
1747907740609.906,120503,1747907740591.125,-72,-12,-141
1747907740629.75,120546,1747907740611.0,-68,-9,-145
1747907740649.625,120550,1747907740630.812,-68,-5,-137
1747907740669.438,120603,1747907740650.719,-66,-9,-121
1747907740689.312,120659,1747907740670.563,-73,0,-137
1747907740709.187,120691,1747907740690.375,-65,-9,-134
1747907740729.063,120749,1747907740710.281,-69,-8,-137
1747907740748.906,120792,1747907740730.125,-62,-13,-140
1747907740768.75,120842,1747907740750.0,-61,-9,-140
1747907740788.656,120883,1747907740769.844,-64,-13,-144
1747907740808.531,120934,1747907740789.719,-76,-9,-130
1747907740828.344,120952,1747907740809.625,-77,-7,-132
1747907740848.219,121006,1747907740829.406,-64,-10,-130
1747907740868.219,121067,1747907740849.313,-63,-8,-140
1747907740887.938,121105,1747907740869.281,-63,-9,-144
1747907740907.813,121133,1747907740889.0,-64,-8,-144
1747907740927.656,121138,1747907740908.875,-71,-7,-138
1747907740947.531,121123,1747907740928.75,-64,-1,-153
1747907740967.406,121086,1747907740948.594,-63,-9,-152
1747907740987.25,121039,1747907740968.5,-64,-9,-144
1747907741007.094,120983,1747907740988.312,-68,-21,-145
1747907741026.969,120947,1747907741008.156,-64,-9,-136
1747907741046.844,120947,1747907741028.031,-64,-7,-134
1747907741066.656,120926,1747907741047.906,-68,-5,-149
1747907741086.531,120939,1747907741067.719,-65,-9,-136
1747907741106.406,120949,1747907741087.594,-72,-7,-136
1747907741126.25,120972,1747907741107.469,-65,-9,-141
1747907741146.094,120977,1747907741127.344,-60,-5,-141
1747907741165.938,120993,1747907741147.156,-68,-4,-138
1747907741185.844,120998,1747907741167.031,-49,-7,-138
1747907741205.719,121014,1747907741186.906,-69,-9,-136
1747907741225.5,121042,1747907741206.75,-72,-9,-138
1747907741245.406,121055,1747907741226.594,-64,-1,-137
1747907741265.25,121086,1747907741246.469,-66,-8,-136
1747907741285.125,121093,1747907741266.313,-37,-13,-133
1747907741304.969,121099,1747907741286.219,-63,-7,-139
1747907741324.938,121147,1747907741306.031,-74,-5,-142
1747907741344.719,121170,1747907741325.937,-72,-1,-144
1747907741364.562,121198,1747907741345.781,-76,-6,-136
1747907741384.406,121229,1747907741365.625,-73,-9,-140
1747907741404.281,121244,1747907741385.469,-64,-17,-112
1747907741424.125,121272,1747907741405.344,-72,-8,-137
1747907741443.969,121333,1747907741425.187,-63,-9,-140
1747907741463.844,121372,1747907741445.0632,-69,-7,-141
1747907741483.75,121417,1747907741464.938,-66,-6,-145
1747907741503.625,121472,1747907741484.844,-73,-4,-140
1747907741523.438,121515,1747907741504.687,-74,-5,-132
1747907741543.281,121542,1747907741524.531,-61,-6,-146
1747907741563.125,121593,1747907741544.438,-71,-7,-128
1747907741583.031,121634,1747907741564.219,-64,-8,-136
1747907741602.844,121687,1747907741584.094,-62,-12,-138
1747907741622.687,121709,1747907741603.937,-64,-10,-136
1747907741642.562,121699,1747907741623.75,-66,-9,-145
1747907741662.438,121692,1747907741643.656,-48,-15,-138
1747907741682.281,121660,1747907741663.5,-60,-3,-138
1747907741702.125,121638,1747907741683.344,-66,-9,-138
1747907741721.969,121606,1747907741703.188,-77,0,-138
1747907741741.844,121601,1747907741723.031,-65,-1,-133
1747907741761.719,121591,1747907741742.906,-73,-10,-138
1747907741781.531,121575,1747907741762.781,-64,-7,-138
1747907741801.406,121577,1747907741782.625,-73,-5,-129
1747907741821.281,121588,1747907741802.5,-73,-9,-138
1747907741841.125,121616,1747907741822.375,-61,-9,-138
1747907741860.969,121616,1747907741842.344,-72,-6,-137
1747907741880.906,121646,1747907741862.062,-63,-13,-140
1747907741900.719,121676,1747907741881.969,-73,-9,-138
1747907741920.563,121695,1747907741901.781,-68,-8,-138
1747907741940.406,121733,1747907741921.625,-65,-9,-141
1747907741960.344,121746,1747907741941.5,-65,-9,-128
1747907741980.156,121777,1747907741961.313,-69,-13,-138
1747907742000.0,121818,1747907741981.219,-74,-10,-137
1747907742019.875,121864,1747907742001.094,-65,-13,-135
1747907742039.75,121895,1747907742020.937,-72,-9,-141
1747907742059.594,121927,1747907742040.781,-66,-10,-133
1747907742079.437,121982,1747907742060.656,-64,-21,-146
1747907742099.281,122020,1747907742080.5308,-64,-9,-134
1747907742119.1558,122057,1747907742100.375,-73,-9,-136
1747907742139.0,122110,1747907742120.219,-63,-9,-165
1747907742158.844,122148,1747907742140.063,-65,-9,-137
1747907742178.688,122185,1747907742159.969,-76,-5,-132
1747907742198.594,122215,1747907742179.75,-61,-9,-132
1747907742218.469,122254,1747907742199.625,-61,-8,-136
1747907742238.281,122312,1747907742219.531,-64,-10,-141
1747907742258.125,122366,1747907742239.375,-66,-7,-145
1747907742278.0,122414,1747907742259.219,-63,-7,-136
1747907742297.844,122439,1747907742279.031,-68,-8,-137
1747907742317.687,122439,1747907742298.938,-62,-1,-134
1747907742337.562,122422,1747907742318.813,-61,-5,-141
1747907742357.406,122375,1747907742338.625,-57,0,-136
1747907742377.281,122337,1747907742358.5,-72,-7,-133
1747907742397.219,122326,1747907742378.375,-74,-7,-138
1747907742417.0,122289,1747907742398.219,-77,15,-148
1747907742436.875,122273,1747907742418.094,-64,-9,-143
1747907742456.75,122266,1747907742437.937,-72,-7,-132
1747907742476.562,122257,1747907742457.844,-77,-13,-125
1747907742496.437,122276,1747907742477.75,-65,-7,-134
1747907742516.281,122296,1747907742497.5,-74,-8,-136
1747907742536.156,122320,1747907742517.375,-76,-7,-149
1747907742556.0,122333,1747907742537.219,-66,-5,-134
1747907742575.875,122367,1747907742557.125,-61,-10,-138
1747907742595.719,122386,1747907742576.938,-69,-7,-136
1747907742615.594,122423,1747907742596.812,-74,-7,-134
1747907742635.406,122401,1747907742616.656,-72,-9,-136
1747907742655.281,122371,1747907742636.469,-58,-13,-130
1747907742675.125,122361,1747907742656.344,-68,-9,-136
1747907742694.969,122375,1747907742676.281,-63,-7,-142
1747907742714.844,122368,1747907742696.031,-77,0,-142
1747907742734.656,122386,1747907742715.937,-68,-6,-146
1747907742754.531,122425,1747907742735.719,-71,-2,-136
1747907742774.406,122478,1747907742755.594,-68,-13,-132
1747907742794.25,122506,1747907742775.469,-65,-13,-136
1747907742814.094,122562,1747907742795.312,-63,-9,-124
1747907742833.937,122614,1747907742815.187,-68,-5,-141
1747907742853.781,122641,1747907742835.0,-64,-5,-141
1747907742873.656,122667,1747907742854.844,-68,-8,-143
1747907742893.469,122710,1747907742874.719,-68,-13,-140
1747907742913.375,122750,1747907742894.531,-60,-9,-137
1747907742933.187,122822,1747907742914.406,-66,-9,-145
1747907742953.031,122859,1747907742934.25,-66,-9,-143
1747907742972.844,122871,1747907742954.125,-64,-13,-137
1747907742992.688,122871,1747907742973.937,-65,-8,-140
1747907743012.594,122839,1747907742993.75,-64,-9,-133
1747907743032.375,122794,1747907743013.656,-76,-11,-141
1747907743052.219,122744,1747907743033.469,-68,-11,-141
1747907743072.031,122691,1747907743053.313,-64,-6,-137
1747907743091.906,122676,1747907743073.125,-77,-1,-136
1747907743111.75,122645,1747907743092.969,-73,-9,-138
1747907743131.594,122635,1747907743112.813,-64,-8,-145
1747907743151.437,122628,1747907743132.688,-72,-13,-140
1747907743171.281,122653,1747907743152.5,-73,0,-138
1747907743191.125,122637,1747907743172.312,-64,-9,-151
1747907743210.938,122645,1747907743192.187,-74,0,-152
1747907743230.781,122668,1747907743212.031,-65,-9,-137
1747907743250.625,122676,1747907743231.875,-64,-10,-137
1747907743270.469,122677,1747907743251.688,-76,-7,-136
1747907743290.344,122716,1747907743271.531,-66,-7,-141
1747907743310.156,122723,1747907743291.406,-73,-9,-138
1747907743330.0,122727,1747907743311.188,-64,-7,-145
1747907743349.844,122719,1747907743331.094,-77,-9,-140
1747907743369.656,122766,1747907743350.937,-61,-14,-137
1747907743389.5,122765,1747907743370.719,-71,-13,-141
1747907743409.375,122777,1747907743390.594,-64,-17,-141
1747907743429.187,122800,1747907743410.438,-80,-1,-141
1747907743449.063,122832,1747907743430.25,-64,-7,-138
1747907743468.844,122871,1747907743450.125,-74,-5,-137
1747907743488.688,122919,1747907743469.937,-66,-7,-144
1747907743508.562,122947,1747907743489.75,-66,-9,-137
1747907743528.406,122971,1747907743509.625,-76,-10,-132
1747907743548.219,123014,1747907743529.531,-64,-9,-136
1747907743568.063,123043,1747907743549.312,-61,-7,-141
1747907743587.9058,123087,1747907743569.125,-66,-7,-138
1747907743607.75,123120,1747907743588.969,-81,-9,-134
1747907743627.719,123167,1747907743608.813,-64,-9,-138
1747907743647.438,123207,1747907743628.812,-77,-9,-132
1747907743667.281,123209,1747907743648.5,-72,-8,-141
1747907743687.125,123209,1747907743668.344,-74,-7,-132
1747907743706.969,123165,1747907743688.219,-64,0,-144
1747907743726.8118,123133,1747907743708.031,-69,-13,-134
1747907743746.594,123067,1747907743727.906,-66,-7,-140
1747907743766.469,123022,1747907743747.687,-74,12,-146
1747907743786.313,122987,1747907743767.531,-63,0,-138
1747907743806.125,122969,1747907743787.375,-65,-12,-134
1747907743825.969,122943,1747907743807.219,-72,-9,-137
1747907743845.813,122930,1747907743827.031,-63,-9,-141
1747907743865.625,122927,1747907743846.875,-73,-8,-140
1747907743885.438,122945,1747907743866.719,-61,-9,-134
1747907743905.281,122945,1747907743886.531,-72,-12,-143
1747907743925.125,122953,1747907743906.344,-68,0,-140
1747907743944.969,122946,1747907743926.188,-63,-10,-138
1747907743964.813,122963,1747907743946.062,-64,-7,-143
1747907743984.625,122966,1747907743965.906,-42,-9,-140
1747907744004.469,122979,1747907743985.719,-77,-5,-137
1747907744024.437,122995,1747907744005.531,-65,-10,-142
1747907744044.188,122995,1747907744025.4058,-77,-1,-144
1747907744064.0,123031,1747907744045.25,-63,-9,-140
1747907744083.844,123024,1747907744065.094,-73,-9,-132
1747907744103.687,123047,1747907744084.906,-60,-16,-145
1747907744123.531,123060,1747907744104.781,-64,-8,-144
1747907744143.344,123084,1747907744124.594,-64,-9,-141
1747907744163.188,123102,1747907744144.437,-64,-9,-135
1747907744183.063,123130,1747907744164.281,-76,-10,-140
1747907744202.906,123150,1747907744184.125,-64,-7,-130
1747907744222.719,123172,1747907744204.0,-58,-7,-136
1747907744242.625,123203,1747907744223.844,-63,-10,-138
1747907744262.438,123223,1747907744243.656,-67,-9,-143
1747907744282.312,123253,1747907744263.531,-77,-5,-135
1747907744302.125,123288,1747907744283.375,-65,-7,-139
1747907744322.0,123304,1747907744303.25,-65,-15,-136
1747907744341.844,123321,1747907744323.031,-63,-9,-148
1747907744361.688,123318,1747907744342.906,-63,-9,-138
1747907744381.531,123308,1747907744362.781,-72,-17,-144
1747907744401.375,123245,1747907744382.625,-65,-13,-141
1747907744421.219,123167,1747907744402.438,-63,-8,-136
1747907744441.063,123101,1747907744422.281,-77,-8,-145
1747907744460.938,123012,1747907744442.156,-71,-7,-138
1747907744480.75,122964,1747907744462.031,-66,-10,-141
1747907744500.625,122908,1747907744481.844,-65,-5,-140
1747907744520.5,122873,1747907744501.688,-66,-9,-137
1747907744540.344,122838,1747907744521.562,-68,-8,-138
1747907744560.187,122820,1747907744541.406,-61,-9,-134
1747907744580.062,122799,1747907744561.281,-64,-8,-140
1747907744599.906,122791,1747907744581.125,-77,0,-143
1747907744619.75,122767,1747907744600.969,-72,-5,-142
1747907744639.594,122752,1747907744620.844,-65,-9,-136
1747907744659.437,122759,1747907744640.656,-77,-10,-144
1747907744679.281,122744,1747907744660.5,-66,-13,-141
1747907744699.156,122729,1747907744680.375,-77,-10,-142
1747907744718.969,122725,1747907744700.219,-64,-9,-141
1747907744738.812,122710,1747907744720.031,-65,-7,-138
1747907744758.656,122695,1747907744739.875,-72,-10,-126
1747907744778.5,122675,1747907744759.719,-64,-7,-128
1747907744798.344,122681,1747907744779.562,-76,-9,-143
1747907744818.188,122678,1747907744799.437,-60,-13,-138
1747907744838.062,122724,1747907744819.281,-77,-8,-138
1747907744857.937,122720,1747907744839.125,-68,0,-137
1747907744877.75,122721,1747907744858.969,-64,-10,-141
1747907744897.594,122722,1747907744878.844,-74,-9,-136
1747907744917.5,122728,1747907744898.6868,-63,-9,-136
1747907744937.3118,122720,1747907744918.594,-68,-11,-135
1747907744957.156,122750,1747907744938.375,-63,-7,-134
1747907744977.0,122783,1747907744958.25,-61,-7,-141
1747907744996.875,122816,1747907744978.094,-77,-2,-144
1747907745016.719,122835,1747907744997.937,-64,-8,-141
1747907745036.562,122828,1747907745017.781,-76,-9,-138
1747907745056.406,122786,1747907745037.656,-72,-9,-149
1747907745076.281,122725,1747907745057.469,-64,-9,-143
1747907745096.125,122648,1747907745077.344,-64,0,-148
1747907745115.969,122572,1747907745097.219,-71,-10,-161
1747907745135.812,122504,1747907745117.031,-65,-13,-145
1747907745155.688,122457,1747907745136.906,-77,-9,-141
1747907745175.531,122424,1747907745156.75,-64,-8,-141
1747907745195.375,122356,1747907745176.625,-66,-13,-140
1747907745215.219,122329,1747907745196.5,-63,-7,-142
1747907745235.094,122298,1747907745216.313,-53,-13,-138
1747907745255.0,122272,1747907745236.156,-64,-4,-146
1747907745274.781,122291,1747907745256.062,-66,-9,-142
1747907745294.656,122268,1747907745275.906,-64,-9,-142
1747907745314.5,122266,1747907745295.719,-61,-10,-138
1747907745334.344,122267,1747907745315.594,-71,-15,-145
1747907745354.188,122254,1747907745335.437,-61,-9,-133
1747907745374.031,122255,1747907745355.281,-71,-9,-135
1747907745393.906,122252,1747907745375.094,-73,-3,-141
1747907745413.75,122237,1747907745394.969,-64,-13,-137
1747907745433.594,122228,1747907745414.812,-64,-5,-141
1747907745453.469,122227,1747907745434.719,-72,-16,-145
1747907745473.312,122227,1747907745454.531,-68,-4,-142
1747907745493.125,122222,1747907745474.344,-68,-9,-138
1747907745513.0,122227,1747907745494.219,-63,0,-141
1747907745532.844,122216,1747907745514.094,-66,-9,-142
1747907745552.687,122252,1747907745533.906,-72,-9,-136
1747907745572.531,122291,1747907745553.75,-50,-5,-137
1747907745592.406,122333,1747907745573.594,-75,-5,-138
1747907745612.219,122360,1747907745593.469,-64,-7,-138
1747907745632.063,122367,1747907745613.281,-66,-5,-141
1747907745651.906,122363,1747907745633.156,-64,-9,-145
1747907745671.781,122354,1747907745653.0,-72,-13,-140
1747907745691.594,122350,1747907745672.844,-64,-9,-141
1747907745711.438,122362,1747907745692.687,-77,-12,-138
1747907745731.25,122358,1747907745712.5,-62,-21,-144
1747907745751.125,122307,1747907745732.344,-65,-9,-141
1747907745770.937,122254,1747907745752.219,-65,-10,-142
1747907745790.781,122145,1747907745772.063,-73,-8,-144
1747907745810.656,122032,1747907745791.844,-64,-13,-133
1747907745830.469,121901,1747907745811.719,-73,0,-136
1747907745850.312,121781,1747907745831.531,-64,-11,-151
1747907745870.156,121673,1747907745851.406,-76,-10,-136
1747907745890.0,121576,1747907745871.25,-71,-7,-138
1747907745909.844,121492,1747907745891.094,-65,-7,-141
1747907745929.688,121438,1747907745910.906,-80,-10,-142
1747907745949.5,121404,1747907745930.75,-58,-7,-147
1747907745969.375,121373,1747907745950.594,-77,0,-136
1747907745989.219,121354,1747907745970.438,-64,-7,-136
1747907746009.063,121318,1747907745990.312,-64,-7,-138
1747907746028.906,121286,1747907746010.156,-61,-7,-139
1747907746048.844,121320,1747907746029.938,-76,-9,-141
1747907746068.594,121334,1747907746049.844,-61,-4,-149
1747907746088.469,121405,1747907746069.687,-66,-9,-144
1747907746108.281,121480,1747907746089.531,-74,-13,-137
1747907746128.125,121583,1747907746109.375,-64,-9,-136
1747907746148.0,121660,1747907746129.188,-72,-12,-132
1747907746167.813,121751,1747907746149.094,-76,-9,-137
1747907746187.656,121815,1747907746168.906,-72,-7,-136
1747907746207.531,121925,1747907746188.781,-72,-7,-137
1747907746227.375,121985,1747907746208.594,-61,-7,-137
1747907746247.25,122060,1747907746228.406,-72,-9,-135
1747907746267.063,122099,1747907746248.312,-72,-9,-145
1747907746286.906,122129,1747907746268.156,-74,-7,-136
1747907746306.781,122138,1747907746288.0,-64,-9,-141
1747907746326.625,122156,1747907746307.875,-61,-9,-144
1747907746346.469,122148,1747907746327.719,-72,-9,-142
1747907746366.313,122147,1747907746347.562,-72,-5,-140
1747907746386.219,122141,1747907746367.375,-72,-5,-140
1747907746406.031,122123,1747907746387.25,-74,-2,-141
1747907746425.875,122098,1747907746407.094,-64,-10,-141
1747907746445.719,122065,1747907746426.969,-61,-1,-148
1747907746465.563,121956,1747907746446.75,-64,-15,-145
1747907746485.437,121821,1747907746466.656,-68,-10,-141
1747907746505.25,121679,1747907746486.5,-63,-1,-148
1747907746525.125,121534,1747907746506.375,-74,-6,-144
1747907746544.969,121375,1747907746526.187,-64,-7,-138
1747907746564.813,121224,1747907746546.031,-64,-5,-143
1747907746584.656,121112,1747907746565.906,-63,-8,-136
1747907746604.5,120992,1747907746585.75,-72,-7,-135
1747907746624.344,120893,1747907746605.594,-57,-9,-138
1747907746644.219,120791,1747907746625.437,-74,-10,-135
1747907746664.062,120717,1747907746645.281,-64,-13,-137
1747907746683.875,120663,1747907746665.156,-56,-5,-144
1747907746703.75,120581,1747907746684.938,-72,-8,-139
1747907746723.594,120515,1747907746704.844,-61,-8,-138
1747907746743.438,120450,1747907746724.656,-66,-1,-133
1747907746763.281,120390,1747907746744.5,-71,-5,-145
1747907746783.125,120338,1747907746764.344,-64,-7,-144
1747907746802.969,120292,1747907746784.188,-61,-9,-145
1747907746822.844,120226,1747907746804.031,-65,-9,-136
1747907746842.656,120174,1747907746823.937,-63,-10,-144
1747907746862.5,120122,1747907746843.75,-64,-8,-132
1747907746882.375,120081,1747907746863.563,-73,-9,-134
1747907746902.219,120026,1747907746883.438,-72,-7,-141
1747907746922.031,119985,1747907746903.281,-80,-5,-141
1747907746941.937,119952,1747907746923.156,-64,-7,-136
1747907746961.75,119928,1747907746943.0,-64,-9,-138
1747907746981.625,119920,1747907746962.844,-59,-8,-143
1747907747001.469,119937,1747907746982.687,-72,-7,-136
1747907747021.313,119911,1747907747002.562,-56,-7,-141
1747907747041.25,119910,1747907747022.375,-76,0,-130
1747907747061.0,119905,1747907747042.313,-76,-2,-148
1747907747080.844,119916,1747907747062.094,-71,-3,-159
1747907747100.719,119917,1747907747081.969,-61,-7,-138
1747907747120.563,119948,1747907747101.75,-72,0,-137
1747907747140.406,119938,1747907747121.625,-71,-9,-145
1747907747160.219,119924,1747907747141.5,-61,-8,-138
1747907747180.125,119840,1747907747161.344,-73,-8,-140
1747907747199.938,119725,1747907747181.219,-66,-8,-137
1747907747219.812,119587,1747907747201.0,-74,-9,-129
1747907747239.594,119451,1747907747220.875,-66,-7,-136
1747907747259.469,119312,1747907747240.688,-72,-8,-136
1747907747279.344,119160,1747907747260.531,-64,-7,-135
1747907747299.156,119068,1747907747280.375,-58,-9,-145
1747907747319.0,118978,1747907747300.219,-58,-9,-144
1747907747338.844,118903,1747907747320.125,-61,-10,-145
1747907747358.687,118838,1747907747339.906,-74,-1,-136
1747907747378.563,118786,1747907747359.75,-63,-5,-144
1747907747398.375,118753,1747907747379.625,-65,-9,-137
1747907747418.187,118726,1747907747399.469,-72,-13,-128
1747907747438.062,118694,1747907747419.281,-61,-8,-138
1747907747457.875,118664,1747907747439.094,-61,0,-151
1747907747477.75,118627,1747907747458.937,-65,-7,-152
1747907747497.563,118603,1747907747478.844,-64,-9,-138
1747907747517.406,118580,1747907747498.688,-77,-9,-136
1747907747537.281,118555,1747907747518.5,-58,-10,-136
1747907747557.094,118532,1747907747538.344,-61,-9,-141
1747907747576.906,118531,1747907747558.156,-68,-11,-149
1747907747596.781,118534,1747907747578.0,-72,-5,-141
1747907747616.594,118528,1747907747597.844,-64,-13,-137
1747907747636.437,118544,1747907747617.688,-49,-13,-143
1747907747656.25,118563,1747907747637.5,-71,-9,-135
1747907747676.094,118586,1747907747657.344,-64,-9,-137
1747907747695.938,118592,1747907747677.187,-64,0,-144
1747907747715.812,118617,1747907747697.031,-60,-9,-138
1747907747735.656,118648,1747907747716.875,-74,-5,-137
1747907747755.469,118677,1747907747736.719,-64,-8,-153
1747907747775.313,118708,1747907747756.531,-74,-9,-138
1747907747795.156,118712,1747907747776.375,-64,-1,-161
1747907747815.031,118743,1747907747796.281,-76,-6,-137
1747907747834.844,118762,1747907747816.094,-61,-9,-142
1747907747854.688,118811,1747907747835.938,-61,0,-134
1747907747874.563,118794,1747907747855.75,-72,-8,-141
1747907747894.5,118767,1747907747875.594,-64,-7,-134
1747907747914.187,118709,1747907747895.531,-64,-12,-153
1747907747934.031,118607,1747907747915.281,-65,-11,-144
1747907747953.906,118505,1747907747935.125,-63,-9,-132
1747907747973.75,118429,1747907747954.969,-81,-18,-138
1747907747993.562,118366,1747907747974.781,-72,-7,-138
1747907748013.5,118281,1747907747994.688,-80,-9,-137
1747907748033.25,118228,1747907748014.469,-61,-4,-149
1747907748053.125,118190,1747907748034.344,-68,-9,-136
1747907748072.906,118148,1747907748054.187,-74,-7,-141
1747907748092.781,118132,1747907748074.0,-63,-9,-132
1747907748112.625,118126,1747907748093.844,-71,-10,-134
1747907748132.469,118119,1747907748113.688,-61,-8,-134
1747907748152.344,118108,1747907748133.531,-64,-9,-137
1747907748172.156,118126,1747907748153.375,-63,-9,-141
1747907748192.0,118129,1747907748173.219,-74,-7,-141
1747907748211.844,118125,1747907748193.094,-63,-9,-144
1747907748231.719,118113,1747907748212.9058,-77,-5,-138
1747907748251.531,118103,1747907748232.781,-68,-8,-144
1747907748271.375,118105,1747907748252.594,-61,-6,-157
1747907748291.219,118082,1747907748272.438,-74,-9,-141
1747907748311.062,118092,1747907748292.313,-65,-12,-144
1747907748330.906,118132,1747907748312.156,-64,-6,-141
1747907748350.75,118139,1747907748331.969,-70,-9,-138
1747907748370.594,118177,1747907748351.8118,-71,-9,-127
1747907748390.469,118189,1747907748371.719,-67,-9,-138
1747907748410.281,118218,1747907748391.531,-64,-8,-140
1747907748430.125,118222,1747907748411.375,-71,-9,-145
1747907748450.0,118257,1747907748431.187,-59,-8,-136
1747907748469.812,118266,1747907748451.094,-73,0,-136
1747907748489.656,118275,1747907748470.906,-74,-8,-143
1747907748509.531,118309,1747907748490.75,-64,-6,-142
1747907748529.344,118333,1747907748510.594,-64,-6,-136
1747907748549.188,118375,1747907748530.406,-72,-9,-144
1747907748569.094,118428,1747907748550.281,-61,-9,-140
1747907748588.875,118449,1747907748570.188,-62,-9,-139
1747907748608.719,118420,1747907748589.938,-61,-13,-142
1747907748628.656,118342,1747907748609.781,-77,-13,-133
1747907748648.406,118259,1747907748629.625,-65,-1,-141
1747907748668.219,118168,1747907748649.5,-72,-9,-140
1747907748688.062,118071,1747907748669.281,-66,-9,-138
1747907748707.938,117985,1747907748689.125,-68,-16,-136
1747907748727.781,117926,1747907748709.0,-72,-5,-144
1747907748747.5942,117869,1747907748728.875,-71,-5,-140
1747907748767.437,117858,1747907748748.688,-65,-11,-144
1747907748787.281,117815,1747907748768.5,-69,-10,-126
1747907748807.125,117807,1747907748788.375,-73,-7,-136
1747907748826.969,117770,1747907748808.219,-57,-9,-137
1747907748846.844,117758,1747907748828.094,-72,-9,-141
1747907748866.687,117783,1747907748847.875,-61,-8,-141
1747907748886.563,117775,1747907748867.75,-64,-1,-137
1747907748906.375,117775,1747907748887.594,-68,-7,-137
1747907748926.219,117768,1747907748907.469,-62,-17,-145
1747907748946.062,117760,1747907748927.281,-72,-13,-138
1747907748965.906,117768,1747907748947.156,-72,-6,-141
1747907748985.719,117752,1747907748967.0,-64,-1,-145
1747907749005.594,117767,1747907748986.844,-61,-13,-143
1747907749025.438,117769,1747907749006.687,-72,-13,-141
1747907749045.312,117776,1747907749026.5,-60,-8,-161
1747907749065.125,117798,1747907749046.375,-73,-8,-136
1747907749084.969,117813,1747907749066.25,-63,-8,-137
1747907749104.844,117869,1747907749086.062,-74,-7,-137
1747907749124.687,117908,1747907749105.906,-65,-9,-146
1747907749144.531,117949,1747907749125.719,-64,-9,-147
1747907749164.375,117967,1747907749145.594,-50,-13,-137
1747907749184.25,117996,1747907749165.437,-62,-5,-133
1747907749204.094,118040,1747907749185.312,-76,0,-138
1747907749223.937,118076,1747907749205.156,-63,-9,-145
1747907749243.781,118148,1747907749225.031,-72,-7,-134
1747907749263.594,118213,1747907749244.844,-66,-15,-138
1747907749283.469,118271,1747907749264.687,-72,-5,-142
1747907749303.313,118330,1747907749284.531,-59,-7,-142
1747907749323.156,118331,1747907749304.375,-72,-17,-144
1747907749343.031,118323,1747907749324.219,-77,-8,-142
1747907749362.844,118275,1747907749344.063,-76,-7,-136
1747907749382.719,118236,1747907749363.937,-77,-6,-153
1747907749402.531,118180,1747907749383.781,-76,-6,-135
1747907749422.375,118150,1747907749403.625,-64,-9,-132
1747907749442.25,118144,1747907749423.469,-65,-9,-134
1747907749462.125,118137,1747907749443.3442,-74,-6,-137
1747907749481.938,118100,1747907749463.156,-61,-9,-149
1747907749501.781,118115,1747907749483.031,-60,-9,-136
1747907749521.687,118127,1747907749502.844,-66,-9,-141
1747907749541.5,118157,1747907749522.781,-76,-9,-137
1747907749561.344,118160,1747907749542.562,-73,-8,-134
1747907749581.187,118185,1747907749562.406,-65,-9,-137
1747907749601.031,118196,1747907749582.281,-77,-4,-138
1747907749620.938,118205,1747907749602.125,-64,-12,-141
1747907749640.75,118216,1747907749621.969,-61,-9,-137
1747907749660.594,118238,1747907749641.844,-76,-13,-140
1747907749680.469,118276,1747907749661.688,-64,-4,-141
1747907749700.312,118282,1747907749681.531,-77,-5,-128
1747907749720.156,118303,1747907749701.375,-61,-9,-147
1747907749740.063,118336,1747907749721.25,-73,-8,-134
1747907749759.844,118356,1747907749741.062,-64,-1,-152
1747907749779.719,118385,1747907749760.938,-66,-10,-134
1747907749799.531,118422,1747907749780.781,-71,-12,-142
1747907749819.375,118472,1747907749800.625,-63,-9,-143
1747907749839.25,118521,1747907749820.469,-64,-9,-140
1747907749859.156,118564,1747907749840.344,-64,-12,-137
1747907749878.937,118608,1747907749860.188,-68,-11,-143
1747907749898.813,118650,1747907749880.031,-66,-8,-137
1747907749918.656,118698,1747907749899.875,-73,-9,-136
1747907749938.531,118746,1747907749919.75,-68,-10,-143
1747907749958.344,118805,1747907749939.594,-61,-9,-139
1747907749978.219,118808,1747907749959.469,-73,-10,-138
1747907749998.063,118806,1747907749979.281,-64,-7,-141
1747907750017.969,118759,1747907749999.156,-74,-4,-142
1747907750037.781,118695,1747907750019.0,-64,-13,-134
1747907750057.625,118648,1747907750038.875,-63,-8,-145
1747907750077.5,118596,1747907750058.719,-74,-9,-130
1747907750097.375,118534,1747907750078.594,-64,-17,-138
1747907750117.219,118511,1747907750098.437,-61,-8,-140
1747907750137.062,118465,1747907750118.313,-77,-9,-132
1747907750156.906,118435,1747907750138.125,-66,-10,-148
1747907750176.781,118449,1747907750157.969,-56,-10,-133
1747907750196.594,118454,1747907750177.844,-76,-7,-132
1747907750216.469,118459,1747907750197.719,-77,-5,-144
1747907750236.312,118485,1747907750217.5,-64,-1,-141
1747907750256.188,118494,1747907750237.406,-63,-9,-138
1747907750276.031,118468,1747907750257.25,-53,-13,-136
1747907750295.875,118463,1747907750277.062,-71,-9,-140
1747907750315.844,118476,1747907750296.938,-73,-9,-142
1747907750335.562,118456,1747907750316.781,-77,-1,-144
1747907750355.406,118477,1747907750336.625,-64,-10,-143
1747907750375.219,118464,1747907750356.469,-73,-8,-130
1747907750395.094,118462,1747907750376.312,-63,-12,-145
1747907750414.937,118480,1747907750396.188,-69,-5,-136
1747907750434.781,118487,1747907750416.0308,-63,-8,-138
1747907750454.625,118525,1747907750435.844,-69,-7,-142
1747907750474.5,118540,1747907750455.719,-69,-6,-145
1747907750494.344,118549,1747907750475.563,-71,-7,-133
1747907750514.187,118576,1747907750495.406,-65,-9,-138
1747907750534.0,118617,1747907750515.25,-66,-9,-138
1747907750553.875,118632,1747907750535.094,-65,-10,-133
1747907750573.75,118681,1747907750554.969,-66,-1,-140
1747907750593.594,118721,1747907750574.813,-61,-7,-136
1747907750613.437,118762,1747907750594.656,-77,0,-134
1747907750633.281,118778,1747907750614.531,-72,-8,-143
1747907750653.281,118744,1747907750634.344,-65,-8,-137
1747907750673.0,118673,1747907750654.219,-73,-2,-140
1747907750692.844,118606,1747907750674.094,-68,-13,-132
1747907750712.688,118528,1747907750693.938,-61,-5,-137
1747907750732.563,118480,1747907750713.781,-71,-15,-136
1747907750752.437,118430,1747907750733.625,-77,-9,-136
1747907750772.219,118402,1747907750753.5,-72,-10,-130
1747907750792.094,118369,1747907750773.344,-61,-8,-136
1747907750811.969,118365,1747907750793.187,-64,-10,-135
1747907750831.813,118337,1747907750813.062,-65,-9,-144
1747907750851.656,118344,1747907750832.875,-69,-7,-144
1747907750871.531,118376,1747907750852.719,-66,-9,-140
1747907750891.375,118378,1747907750872.5942,-63,-9,-142
1747907750911.25,118384,1747907750892.406,-61,-1,-148
1747907750931.062,118410,1747907750912.312,-61,-9,-138
1747907750950.969,118424,1747907750932.125,-61,-10,-137
1747907750970.813,118440,1747907750952.0,-74,-9,-136
1747907750990.75,118438,1747907750971.875,-77,-9,-130
1747907751010.531,118451,1747907750991.75,-65,12,-136
1747907751030.375,118460,1747907751011.625,-73,-7,-132
1747907751050.219,118483,1747907751031.4382,-72,-13,-136
1747907751070.094,118502,1747907751051.312,-68,-17,-141
1747907751089.938,118531,1747907751071.156,-61,-8,-135
1747907751109.812,118541,1747907751091.031,-66,-8,-145
1747907751129.656,118513,1747907751110.844,-64,-13,-145
1747907751149.531,118516,1747907751130.719,-61,-9,-136
1747907751169.406,118496,1747907751150.594,-73,-13,-142
1747907751189.219,118521,1747907751170.437,-63,-13,-133
1747907751209.062,118548,1747907751190.313,-72,-9,-140
1747907751228.937,118591,1747907751210.156,-63,-9,-138
1747907751248.781,118634,1747907751230.0,-69,-7,-138
1747907751268.625,118661,1747907751249.875,-76,-9,-137
1747907751288.469,118660,1747907751269.687,-64,-11,-138
1747907751308.344,118620,1747907751289.531,-64,-9,-143
1747907751328.156,118548,1747907751309.375,-64,-5,-136
1747907751348.031,118516,1747907751329.25,-49,-1,-128
1747907751367.875,118469,1747907751349.094,-69,-7,-137
1747907751387.75,118433,1747907751368.938,-64,-10,-133
1747907751407.594,118419,1747907751388.813,-77,-9,-140
1747907751427.438,118380,1747907751408.687,-63,-9,-134
1747907751447.2808,118366,1747907751428.531,-77,-12,-133
1747907751467.125,118351,1747907751448.344,-63,-7,-141
1747907751486.969,118372,1747907751468.219,-65,0,-142
1747907751506.844,118380,1747907751488.063,-73,-6,-138
1747907751526.688,118398,1747907751507.937,-69,0,-140
1747907751546.562,118430,1747907751527.719,-63,0,-141
1747907751566.406,118449,1747907751547.594,-65,-7,-145
1747907751586.25,118489,1747907751567.469,-76,-9,-137
1747907751606.094,118511,1747907751587.312,-63,-13,-138
1747907751625.938,118535,1747907751607.156,-64,-9,-137
1747907751645.812,118571,1747907751627.0,-72,-7,-144
1747907751665.656,118588,1747907751646.875,-61,-9,-141
1747907751685.5,118610,1747907751666.75,-64,-10,-137
1747907751705.375,118617,1747907751686.562,-70,-9,-137
1747907751725.219,118645,1747907751706.469,-57,-9,-138
1747907751745.062,118667,1747907751726.3132,-72,-1,-135
1747907751764.937,118722,1747907751746.156,-72,-9,-137
1747907751784.781,118745,1747907751766.031,-71,-5,-140
1747907751804.656,118779,1747907751785.844,-64,-8,-145
1747907751824.5,118813,1747907751805.719,-79,-9,-132
1747907751844.344,118857,1747907751825.594,-72,-9,-146
1747907751864.219,118917,1747907751845.406,-72,-7,-137
1747907751884.063,118945,1747907751865.281,-69,-13,-145
1747907751903.875,118924,1747907751885.125,-62,-7,-149
1747907751923.75,118881,1747907751904.969,-69,0,-137
1747907751943.625,118814,1747907751924.813,-62,-9,-138
1747907751963.469,118740,1747907751944.719,-69,-13,-145
1747907751983.281,118696,1747907751964.531,-62,-8,-149
1747907752003.156,118629,1747907751984.375,-64,-9,-138
1747907752023.0,118604,1747907752004.25,-64,-8,-130
1747907752042.875,118593,1747907752024.094,-66,-13,-143
1747907752062.781,118582,1747907752043.969,-61,-9,-140
1747907752082.562,118579,1747907752063.781,-66,-8,-137
1747907752102.437,118546,1747907752083.625,-72,-7,-136
1747907752122.281,118581,1747907752103.5308,-64,-9,-140
1747907752142.125,118613,1747907752123.375,-72,-9,-132
1747907752162.0,118617,1747907752143.219,-72,-8,-141
1747907752181.844,118638,1747907752163.063,-63,-9,-145
1747907752201.719,118668,1747907752183.0,-76,-7,-130
1747907752221.563,118656,1747907752202.812,-73,-13,-130
1747907752241.406,118681,1747907752222.656,-63,-9,-141
1747907752261.281,118702,1747907752242.5,-77,-12,-132
1747907752281.219,118720,1747907752262.344,-69,-7,-141
1747907752301.0,118755,1747907752282.281,-72,-13,-134
1747907752320.844,118773,1747907752302.062,-61,-9,-144
1747907752340.719,118827,1747907752321.906,-72,-9,-134
1747907752360.562,118840,1747907752341.781,-81,-11,-130
1747907752380.406,118875,1747907752361.625,-65,-5,-144
1747907752400.281,118920,1747907752381.469,-64,-8,-141
1747907752420.125,118963,1747907752401.344,-64,-1,-146
1747907752440.0,119009,1747907752421.219,-66,-6,-132
1747907752459.812,119058,1747907752441.063,-68,-5,-138
1747907752479.656,119093,1747907752460.938,-63,-8,-153
1747907752499.531,119104,1747907752480.719,-69,-9,-138
1747907752519.375,119108,1747907752500.594,-63,-11,-137
1747907752539.219,119053,1747907752520.469,-65,-13,-145
1747907752559.094,118980,1747907752540.313,-74,-11,-137
1747907752578.938,118921,1747907752560.187,-69,-10,-138
1747907752598.813,118858,1747907752580.0,-71,-11,-138
1747907752618.625,118832,1747907752599.844,-61,0,-143
1747907752638.5,118787,1747907752619.719,-67,-11,-140
1747907752658.344,118731,1747907752639.563,-72,-7,-137
1747907752678.219,118746,1747907752659.406,-69,-10,-122
1747907752698.031,118724,1747907752679.281,-73,-17,-135
1747907752717.937,118730,1747907752699.156,-61,0,-139
1747907752737.781,118758,1747907752719.0,-77,-6,-137
1747907752757.656,118767,1747907752738.844,-64,-1,-143
1747907752777.469,118813,1747907752758.719,-64,-9,-142
1747907752797.312,118827,1747907752778.594,-64,-13,-134
1747907752817.187,118817,1747907752798.406,-73,-16,-145
1747907752837.063,118825,1747907752818.281,-63,-13,-138
1747907752856.875,118819,1747907752838.156,-64,-10,-137
1747907752876.75,118857,1747907752857.969,-68,-9,-132
1747907752896.594,118870,1747907752877.844,-65,-6,-142
1747907752916.437,118915,1747907752897.656,-65,-9,-132
1747907752936.281,118923,1747907752917.625,-76,-5,-136
1747907752956.125,118933,1747907752937.375,-73,-9,-136
1747907752975.969,118974,1747907752957.219,-63,-9,-136
1747907752995.844,119000,1747907752977.031,-58,-1,-141
1747907753015.656,119038,1747907752996.906,-65,-9,-141
1747907753035.5,119075,1747907753016.75,-71,-13,-137
1747907753055.344,119127,1747907753036.562,-58,-6,-136
1747907753075.219,119155,1747907753056.406,-61,-10,-144
1747907753095.031,119216,1747907753076.313,-64,-9,-144
1747907753114.875,119231,1747907753096.125,-63,-15,-130
1747907753134.75,119225,1747907753115.937,-77,-8,-134
1747907753154.625,119201,1747907753135.844,-66,-12,-145
1747907753174.469,119131,1747907753155.688,-61,-9,-143
1747907753194.313,119066,1747907753175.563,-72,-8,-137
1747907753214.156,119019,1747907753195.375,-64,-9,-138
1747907753234.031,118992,1747907753215.219,-80,-10,-137
1747907753253.875,118954,1747907753235.125,-66,-4,-143
1747907753273.6868,118910,1747907753254.969,-66,-9,-138
1747907753293.563,118906,1747907753274.75,-64,-8,-137
1747907753313.406,118908,1747907753294.594,-66,-9,-148
1747907753333.25,118922,1747907753314.469,-64,-9,-138
1747907753353.094,118950,1747907753334.344,-78,-13,-141
1747907753372.906,118957,1747907753354.156,-39,-6,-141
1747907753392.781,118978,1747907753373.969,-76,-10,-135
1747907753412.625,118978,1747907753393.844,-69,-8,-141
1747907753432.437,118990,1747907753413.719,-64,-1,-144
1747907753452.312,118993,1747907753433.563,-64,-9,-137
1747907753472.156,119000,1747907753453.375,-69,-9,-137
1747907753492.031,118995,1747907753473.219,-61,-10,-161
1747907753511.875,119023,1747907753493.094,-64,-5,-142
1747907753531.687,119051,1747907753512.938,-73,-5,-137
1747907753551.562,119075,1747907753532.75,-64,-13,-133
1747907753571.438,119105,1747907753552.625,-72,-13,-137
1747907753591.25,119125,1747907753572.531,-63,-10,-142
1747907753611.094,119161,1747907753592.344,-61,-5,-138
1747907753630.969,119208,1747907753612.188,-71,-5,-144
1747907753650.812,119234,1747907753632.031,-63,-5,-138
1747907753670.656,119237,1747907753651.906,-68,-7,-144
1747907753690.5,119307,1747907753671.75,-64,-9,-136
1747907753710.344,119357,1747907753691.594,-66,-13,-137
1747907753730.219,119376,1747907753711.406,-63,-9,-145
1747907753750.031,119433,1747907753731.281,-65,-7,-140
1747907753769.875,119427,1747907753751.125,-72,-17,-145
1747907753789.75,119381,1747907753770.969,-63,-8,-135
1747907753809.594,119342,1747907753790.813,-71,-9,-135
1747907753829.406,119279,1747907753810.656,-68,-12,-161
1747907753849.281,119225,1747907753830.5,-64,-13,-142
1747907753869.094,119160,1747907753850.344,-63,-9,-133
1747907753888.969,119121,1747907753870.187,-63,-9,-140
1747907753908.844,119092,1747907753890.031,-69,-13,-136
1747907753928.625,119076,1747907753909.906,-74,-9,-134
1747907753948.5,119066,1747907753929.688,-70,-10,-133
1747907753968.406,119094,1747907753949.531,-74,-9,-137
1747907753988.219,119082,1747907753969.469,-72,-8,-136
1747907754008.031,119124,1747907753989.25,-72,-9,-136
1747907754027.875,119125,1747907754009.094,-74,-5,-141
1747907754047.719,119138,1747907754028.906,-65,-5,-145
1747907754067.563,119151,1747907754048.812,-79,-10,-135
1747907754087.406,119170,1747907754068.625,-61,-13,-138
1747907754107.25,119176,1747907754088.5,-58,-17,-136
1747907754127.125,119214,1747907754108.344,-69,-8,-136
1747907754146.969,119222,1747907754128.187,-64,-13,-141
1747907754166.812,119246,1747907754148.031,-65,-9,-144
1747907754186.687,119280,1747907754167.875,-64,-13,-151
1747907754206.531,119300,1747907754187.75,-63,-11,-141
1747907754226.406,119331,1747907754207.656,-71,-13,-138
1747907754246.25,119346,1747907754227.469,-63,-8,-142
1747907754266.094,119391,1747907754247.313,-64,-8,-134
1747907754285.969,119423,1747907754267.156,-72,-9,-136
1747907754305.875,119458,1747907754287.031,-60,-9,-136
1747907754325.656,119497,1747907754306.937,-66,-9,-137
1747907754345.531,119533,1747907754326.781,-69,-8,-138
1747907754365.406,119574,1747907754346.625,-77,-5,-138
1747907754385.25,119637,1747907754366.469,-67,-13,-129
1747907754405.094,119652,1747907754386.344,-74,-8,-137
1747907754424.937,119653,1747907754406.187,-66,-5,-142
1747907754444.812,119632,1747907754426.031,-77,-8,-146
1747907754464.688,119594,1747907754445.875,-61,-11,-136
1747907754484.5,119520,1747907754465.719,-72,-11,-137
1747907754504.375,119461,1747907754485.625,-65,-15,-136
1747907754524.25,119404,1747907754505.469,-72,-7,-137
1747907754544.062,119374,1747907754525.344,-68,-10,-141
1747907754563.906,119318,1747907754545.125,-64,-9,-137
1747907754583.75,119279,1747907754565.0,-72,-7,-132
1747907754603.594,119276,1747907754584.812,-71,-9,-132
1747907754623.5,119240,1747907754604.656,-57,-9,-138
1747907754643.312,119243,1747907754624.563,-63,-9,-138
1747907754663.156,119241,1747907754644.406,-64,-10,-129
1747907754683.031,119242,1747907754664.219,-71,-1,-141
1747907754702.844,119265,1747907754684.062,-66,-13,-153
1747907754722.687,119289,1747907754703.906,-61,-9,-137
1747907754742.531,119318,1747907754723.813,-68,-17,-141
1747907754762.375,119328,1747907754743.625,-64,-9,-138
1747907754782.219,119328,1747907754763.437,-72,4,-145
1747907754802.062,119358,1747907754783.281,-76,-7,-138
1747907754821.875,119391,1747907754803.156,-64,-10,-138
1747907754841.75,119442,1747907754822.969,-77,-10,-153
1747907754861.625,119454,1747907754842.812,-73,-7,-137
1747907754881.469,119480,1747907754862.656,-65,-8,-141
1747907754901.312,119533,1747907754882.531,-64,-9,-132
1747907754921.187,119564,1747907754902.375,-71,-13,-138
1747907754941.0,119581,1747907754922.25,-61,-15,-138
1747907754960.875,119623,1747907754942.094,-65,-7,-136
1747907754980.687,119648,1747907754961.969,-64,-13,-138
1747907755000.562,119663,1747907754981.781,-64,-8,-136
1747907755020.406,119707,1747907755001.625,-72,-9,-137
1747907755040.281,119731,1747907755021.437,-63,-6,-148
1747907755060.0942,119805,1747907755041.344,-65,-10,-141
1747907755079.969,119815,1747907755061.188,-62,-9,-136
1747907755099.844,119832,1747907755081.031,-61,-9,-140
1747907755119.688,119802,1747907755100.937,-79,-1,-143
1747907755139.563,119752,1747907755120.75,-65,-10,-148
1747907755159.437,119657,1747907755140.625,-76,-9,-138
1747907755179.281,119605,1747907755160.5,-65,0,-136
1747907755199.188,119516,1747907755180.375,-72,-9,-141
1747907755219.0,119475,1747907755200.219,-74,-13,-137
1747907755238.875,119444,1747907755220.062,-69,-9,-136
1747907755258.75,119416,1747907755239.969,-64,-9,-137
1747907755278.625,119392,1747907755259.813,-66,-8,-138
1747907755298.469,119368,1747907755279.719,-73,-5,-138
1747907755318.3442,119383,1747907755299.531,-64,-8,-137
1747907755338.187,119361,1747907755319.406,-72,-9,-138
1747907755358.063,119361,1747907755339.25,-64,-8,-148
1747907755377.906,119354,1747907755359.125,-72,-7,-136
1747907755397.812,119364,1747907755379.0,-68,-7,-137
1747907755417.656,119382,1747907755398.875,-72,-13,-137
1747907755437.5,119381,1747907755418.719,-68,-9,-133
1747907755457.375,119412,1747907755438.594,-64,-17,-138
1747907755477.25,119391,1747907755458.437,-65,-9,-138
1747907755497.187,119419,1747907755478.281,-69,-13,-136
1747907755516.937,119433,1747907755498.219,-72,-8,-129
1747907755536.813,119443,1747907755518.0308,-58,-7,-137
1747907755556.688,119465,1747907755537.906,-64,-5,-133
1747907755576.562,119475,1747907755557.781,-72,-9,-128
1747907755596.406,119507,1747907755577.625,-64,-13,-138
1747907755616.281,119526,1747907755597.5,-61,-9,-136
1747907755636.156,119550,1747907755617.375,-76,-4,-137
1747907755656.031,119577,1747907755637.25,-72,-8,-143
1747907755675.844,119638,1747907755657.094,-60,0,-132
1747907755695.719,119650,1747907755676.969,-77,0,-140
1747907755715.594,119690,1747907755696.781,-64,-9,-147
1747907755735.437,119736,1747907755716.656,-64,-9,-141
1747907755755.281,119765,1747907755736.5,-72,-7,-133
1747907755775.125,119786,1747907755756.375,-71,-9,-130
1747907755794.969,119837,1747907755776.187,-79,-5,-135
1747907755814.844,119888,1747907755796.031,-64,-9,-137
1747907755834.656,119913,1747907755815.906,-66,-11,-137
1747907755854.531,119906,1747907755835.781,-64,-26,-128
1747907755874.406,119859,1747907755855.625,-66,-10,-138
1747907755894.25,119807,1747907755875.469,-61,-12,-141
1747907755914.094,119742,1747907755895.312,-61,-12,-153
1747907755933.969,119688,1747907755915.219,-61,-9,-140
1747907755953.813,119639,1747907755935.031,-70,-9,-141
1747907755973.688,119589,1747907755954.875,-61,-7,-138
1747907755993.531,119575,1747907755974.75,-65,-9,-142
1747907756013.344,119543,1747907755994.625,-64,-7,-137
1747907756033.219,119517,1747907756014.438,-72,-13,-138
1747907756053.094,119525,1747907756034.281,-64,-7,-138
1747907756072.906,119540,1747907756054.156,-80,-9,-138
1747907756092.781,119527,1747907756073.969,-64,-8,-135
1747907756112.625,119555,1747907756093.844,-61,0,-134
1747907756132.469,119556,1747907756113.719,-45,-10,-138
1747907756152.344,119560,1747907756133.531,-66,-8,-145
1747907756172.125,119575,1747907756153.375,-68,-9,-141
1747907756192.0,119591,1747907756173.219,-72,-17,-138
1747907756211.844,119594,1747907756193.063,-69,-5,-138
1747907756231.688,119626,1747907756212.938,-69,-9,-137
1747907756251.531,119642,1747907756232.75,-64,-10,-153
1747907756271.375,119665,1747907756252.594,-64,-13,-148
1747907756291.25,119685,1747907756272.469,-68,-11,-138
1747907756311.094,119709,1747907756292.313,-69,-8,-137
1747907756330.938,119722,1747907756312.156,-61,-9,-137
1747907756350.781,119736,1747907756332.031,-73,-9,-136
1747907756370.625,119765,1747907756351.844,-50,-9,-137
1747907756390.5,119790,1747907756371.719,-71,-9,-137
1747907756410.312,119810,1747907756391.594,-64,-13,-142
1747907756430.188,119835,1747907756411.406,-71,-6,-138
1747907756450.063,119874,1747907756431.281,-77,-14,-141
1747907756469.906,119900,1747907756451.125,-31,-10,-135
1747907756489.75,119940,1747907756471.0,-79,-6,-137
1747907756509.594,119988,1747907756490.813,-64,-8,-141
1747907756529.438,120028,1747907756510.656,-64,-1,-152
1747907756549.312,120068,1747907756530.531,-67,-9,-140
1747907756569.094,120093,1747907756550.375,-74,-9,-134
1747907756588.969,120145,1747907756570.188,-64,-8,-161
1747907756608.844,120203,1747907756590.031,-65,-7,-141
1747907756628.688,120233,1747907756609.906,-74,-8,-134
1747907756648.531,120245,1747907756629.75,-68,-17,-135
1747907756668.375,120238,1747907756649.625,-73,-9,-133
1747907756688.219,120214,1747907756669.438,-68,-8,-138
1747907756708.094,120155,1747907756689.312,-55,-13,-140
1747907756727.937,120086,1747907756709.156,-81,-7,-137
1747907756747.781,120030,1747907756729.031,-73,-5,-147
1747907756767.625,119997,1747907756748.844,-65,-1,-139
1747907756787.5,119978,1747907756768.719,-64,-5,-136
1747907756807.313,119963,1747907756788.594,-57,-7,-135
1747907756827.187,119968,1747907756808.438,-64,-9,-141
1747907756847.031,119965,1747907756828.25,-79,-9,-134
1747907756866.875,119953,1747907756848.094,-80,-7,-143
1747907756886.719,119952,1747907756867.969,-60,-4,-142
1747907756906.563,119961,1747907756887.844,-74,-10,-136
1747907756926.406,119985,1747907756907.625,-63,-14,-153
1747907756946.281,119979,1747907756927.469,-64,-7,-137
1747907756966.125,120004,1747907756947.344,-76,-9,-140
1747907756985.969,119995,1747907756967.187,-63,-8,-146
1747907757005.812,120033,1747907756987.062,-65,-12,-143
1747907757025.687,120047,1747907757006.875,-72,-13,-133
1747907757045.531,120063,1747907757026.75,-61,-9,-134
1747907757065.344,120067,1747907757046.625,-66,-15,-138
1747907757085.219,120099,1747907757066.437,-68,-6,-140
1747907757105.062,120124,1747907757086.25,-62,-1,-144
1747907757124.937,120147,1747907757106.125,-71,-7,-136
1747907757144.781,120175,1747907757126.0,-69,-10,-138
1747907757164.625,120205,1747907757145.844,-64,-5,-141
1747907757184.5,120247,1747907757165.687,-73,-8,-132
1747907757204.344,120272,1747907757185.531,-64,-8,-145
1747907757224.156,120319,1747907757205.375,-66,-13,-147
1747907757244.031,120343,1747907757225.25,-63,-10,-134
1747907757263.875,120389,1747907757245.125,-68,-16,-136
1747907757283.75,120410,1747907757264.937,-70,-6,-141
1747907757303.594,120454,1747907757284.844,-63,-14,-136
1747907757323.438,120489,1747907757304.688,-64,-13,-136
1747907757343.281,120517,1747907757324.5,-68,-10,-144
1747907757363.156,120557,1747907757344.375,-63,-8,-133
1747907757383.0,120589,1747907757364.219,-65,-8,-133
1747907757402.844,120635,1747907757384.094,-61,-11,-130
1747907757422.688,120694,1747907757403.937,-63,-13,-140
1747907757442.563,120678,1747907757423.781,-68,-1,-138
1747907757462.375,120639,1747907757443.656,-73,0,-137
1747907757482.25,120600,1747907757463.469,-41,-13,-134
1747907757502.094,120558,1747907757483.313,-74,-5,-130
1747907757522.063,120532,1747907757503.156,-68,0,-140
1747907757541.781,120506,1747907757523.0,-81,-5,-144
1747907757561.625,120481,1747907757542.875,-73,-7,-138
1747907757581.469,120469,1747907757562.656,-63,-7,-151
1747907757601.344,120468,1747907757582.531,-72,-16,-145
1747907757621.188,120476,1747907757602.406,-64,-9,-141
1747907757641.031,120495,1747907757622.281,-72,-9,-130
1747907757660.906,120486,1747907757642.094,-74,-5,-136
1747907757680.781,120491,1747907757662.0,-57,-9,-143
1747907757700.594,120498,1747907757681.844,-64,0,-148
1747907757720.469,120510,1747907757701.719,-76,-9,-138
1747907757740.312,120512,1747907757721.531,-69,-10,-138
1747907757760.156,120523,1747907757741.375,-63,-7,-141
1747907757779.969,120515,1747907757761.25,-64,-5,-140
1747907757799.844,120519,1747907757781.094,-68,-9,-143
1747907757819.719,120539,1747907757800.906,-49,-13,-138
1747907757839.562,120546,1747907757820.781,-61,-8,-137
1747907757859.5,120558,1747907757840.656,-80,-13,-133
1747907757879.219,120602,1747907757860.469,-64,-1,-145
1747907757899.094,120607,1747907757880.312,-72,-9,-138
1747907757918.937,120637,1747907757900.188,-77,-7,-139
1747907757938.781,120659,1747907757920.031,-63,-15,-153
1747907757958.656,120689,1747907757939.875,-72,-7,-134
1747907757978.5,120732,1747907757959.719,-68,-13,-134
1747907757998.375,120769,1747907757979.562,-64,-11,-136
1747907758018.219,120821,1747907757999.406,-63,-10,-149
1747907758038.031,120843,1747907758019.313,-61,-13,-143
1747907758057.906,120898,1747907758039.156,-60,-10,-138
1747907758077.75,120936,1747907758058.969,-71,-8,-130
1747907758097.625,120979,1747907758078.813,-74,-11,-137
1747907758117.469,121001,1747907758098.688,-71,3,-136
1747907758137.375,121062,1747907758118.562,-74,-10,-129
1747907758157.188,121126,1747907758138.562,-55,-17,-140
1747907758177.062,121174,1747907758158.25,-72,-9,-145
1747907758196.937,121226,1747907758178.156,-69,-18,-139
1747907758216.719,121230,1747907758197.969,-69,-1,-137
1747907758236.594,121199,1747907758217.812,-68,-5,-135
1747907758256.469,121152,1747907758237.687,-66,-6,-141
1747907758276.281,121099,1747907758257.531,-63,-13,-117
1747907758296.156,121043,1747907758277.438,-61,-6,-141
1747907758316.0,121001,1747907758297.219,-72,-13,-137
1747907758335.875,120974,1747907758317.094,-66,-9,-145
1747907758355.75,120955,1747907758336.937,-71,-9,-133
1747907758375.594,120944,1747907758356.813,-63,-13,-138
1747907758395.469,120931,1747907758376.688,-72,-8,-137
1747907758415.344,120949,1747907758396.531,-68,-9,-142
1747907758435.187,120957,1747907758416.437,-79,-9,-140
1747907758455.062,120957,1747907758436.25,-64,-9,-138
1747907758474.906,120959,1747907758456.156,-66,-9,-144
1747907758494.781,120945,1747907758476.0,-56,-7,-133
1747907758514.625,120955,1747907758495.844,-68,-8,-141
1747907758534.469,120980,1747907758515.719,-71,-9,-137
1747907758554.344,120978,1747907758535.563,-56,-5,-131
1747907758574.219,120995,1747907758555.406,-74,-7,-136
1747907758594.063,121006,1747907758575.281,-65,-1,-148
1747907758613.906,121021,1747907758595.094,-69,-4,-145
1747907758633.781,121052,1747907758614.969,-71,-11,-140
1747907758653.625,121068,1747907758634.875,-51,-13,-142
1747907758673.5,121090,1747907758654.719,-74,-13,-130
1747907758693.3442,121110,1747907758674.562,-72,-10,-136
1747907758713.219,121156,1747907758694.406,-61,-13,-144
1747907758733.063,121175,1747907758714.344,-66,-10,-138
1747907758752.906,121194,1747907758734.125,-61,-9,-136
1747907758772.75,121223,1747907758753.969,-80,-7,-134
1747907758792.625,121250,1747907758773.781,-65,-9,-141
1747907758812.563,121294,1747907758793.719,-72,-9,-145
1747907758832.344,121330,1747907758813.656,-72,-7,-145
1747907758852.219,121372,1747907758833.406,-76,-7,-132
1747907758872.094,121419,1747907758853.313,-74,-8,-137
1747907758891.937,121447,1747907758873.188,-82,-5,-141
1747907758911.813,121491,1747907758893.0308,-64,-13,-141
1747907758931.6558,121546,1747907758912.844,-72,-13,-141
1747907758951.531,121601,1747907758932.719,-79,-1,-142
1747907758971.375,121637,1747907758952.625,-71,-13,-138
1747907758991.25,121659,1747907758972.469,-62,-9,-141
1747907759011.094,121641,1747907758992.312,-64,-15,-132
1747907759030.969,121596,1747907759012.156,-77,-10,-137
1747907759050.781,121549,1747907759032.031,-73,-8,-137
1747907759070.656,121509,1747907759051.906,-62,-6,-144
1747907759090.531,121431,1747907759071.719,-63,-8,-136
1747907759110.375,121396,1747907759091.594,-74,-9,-133
1747907759130.219,121371,1747907759111.469,-76,-9,-133
1747907759150.094,121323,1747907759131.313,-61,-13,-138
1747907759169.938,121300,1747907759151.156,-66,-10,-137
1747907759189.781,121303,1747907759171.0,-68,-8,-136
1747907759209.719,121307,1747907759190.875,-64,-13,-138
1747907759229.469,121317,1747907759210.813,-76,-8,-136
1747907759249.344,121315,1747907759230.531,-73,-9,-143
1747907759269.188,121320,1747907759250.406,-64,-13,-132
1747907759289.031,121335,1747907759270.25,-77,-1,-145
1747907759308.875,121347,1747907759290.094,-64,-9,-136
1747907759328.75,121358,1747907759309.969,-72,-11,-126
1747907759348.594,121338,1747907759329.813,-63,-17,-138
1747907759368.438,121349,1747907759349.625,-68,-9,-134
1747907759388.25,121344,1747907759369.531,-57,-17,-138
1747907759408.125,121343,1747907759389.344,-64,-8,-143
1747907759428.0,121349,1747907759409.219,-72,-7,-138
1747907759447.844,121347,1747907759429.031,-61,-9,-141
1747907759467.656,121380,1747907759448.937,-73,0,-134
1747907759487.531,121395,1747907759468.75,-74,-10,-142
1747907759507.375,121428,1747907759488.594,-64,-8,-141
1747907759527.25,121494,1747907759508.438,-72,0,-137
1747907759547.094,121536,1747907759528.312,-76,-7,-140
1747907759566.906,121596,1747907759548.156,-65,0,-137
1747907759586.75,121632,1747907759567.969,-72,-5,-141
1747907759606.719,121669,1747907759587.813,-65,-9,-138
1747907759626.406,121712,1747907759607.656,-81,-1,-140
1747907759646.281,121762,1747907759627.531,-67,0,-137
1747907759666.125,121826,1747907759647.312,-61,-8,-141
1747907759685.969,121867,1747907759667.188,-64,-16,-136
1747907759705.812,121893,1747907759687.031,-65,-9,-137
1747907759725.656,121934,1747907759706.937,-68,-6,-145
1747907759745.531,121979,1747907759726.75,-65,-9,-138
1747907759765.375,122023,1747907759746.594,-64,-9,-134
1747907759785.187,122038,1747907759766.469,-68,-10,-143
1747907759805.031,122010,1747907759786.281,-60,-9,-130
1747907759824.906,121979,1747907759806.125,-64,-9,-133
1747907759844.75,121911,1747907759825.969,-71,-9,-132
1747907759864.562,121843,1747907759845.813,-65,-1,-141
1747907759884.406,121766,1747907759865.688,-71,-9,-138
1747907759904.25,121717,1747907759885.5,-74,-7,-144
1747907759924.125,121661,1747907759905.344,-64,-12,-137
1747907759943.969,121626,1747907759925.219,-70,-10,-138
1747907759963.781,121580,1747907759945.031,-64,-17,-144
1747907759983.656,121542,1747907759964.844,-66,-9,-134
1747907760003.5,121492,1747907759984.719,-61,-5,-142
1747907760023.344,121493,1747907760004.562,-76,-9,-149
1747907760043.187,121476,1747907760024.406,-64,-9,-136
1747907760063.0,121462,1747907760044.25,-64,-8,-138
1747907760082.875,121467,1747907760064.063,-72,0,-134
1747907760102.75,121455,1747907760083.937,-76,-10,-138
1747907760122.531,121441,1747907760103.812,-64,-13,-132
1747907760142.406,121442,1747907760123.656,-65,-13,-141
1747907760162.312,121423,1747907760143.469,-64,-5,-142
1747907760182.125,121411,1747907760163.406,-80,-8,-132
1747907760201.938,121391,1747907760183.187,-65,-8,-136
1747907760221.812,121388,1747907760203.031,-72,-9,-136
1747907760241.656,121396,1747907760222.875,-66,-17,-142
1747907760261.5,121420,1747907760242.688,-64,-13,-146
1747907760281.344,121408,1747907760262.563,-64,-9,-135
1747907760301.188,121422,1747907760282.469,-68,3,-138
1747907760321.156,121442,1747907760302.25,-74,-5,-141
1747907760340.906,121447,1747907760322.125,-71,-1,-144
1747907760360.719,121440,1747907760341.969,-64,-7,-144
1747907760380.688,121462,1747907760361.812,-73,-13,-136
1747907760400.4058,121472,1747907760381.656,-65,-2,-140
1747907760420.281,121496,1747907760401.563,-72,-10,-137
1747907760440.125,121526,1747907760421.375,-71,-9,-141
1747907760459.938,121552,1747907760441.25,-64,-13,-141
1747907760479.813,121561,1747907760461.031,-72,-13,-132
1747907760499.781,121574,1747907760480.844,-64,-13,-149
1747907760519.5,121602,1747907760500.844,-64,-9,-139
1747907760539.3118,121644,1747907760520.563,-73,-13,-145
1747907760559.156,121674,1747907760540.406,-74,-6,-138
1747907760579.0,121686,1747907760560.25,-64,0,-138
1747907760598.844,121655,1747907760580.094,-68,-9,-138
1747907760618.719,121608,1747907760599.938,-72,-8,-137
1747907760638.531,121562,1747907760619.781,-61,-4,-145
1747907760658.375,121474,1747907760639.625,-64,-8,-139
1747907760678.25,121400,1747907760659.469,-64,-13,-126
1747907760698.094,121347,1747907760679.312,-72,-9,-130
1747907760717.937,121284,1747907760699.156,-68,-9,-135
1747907760737.75,121249,1747907760719.0,-68,-9,-137
1747907760757.625,121207,1747907760738.844,-64,0,-145
1747907760777.438,121170,1747907760758.687,-68,-8,-137
1747907760797.281,121167,1747907760778.563,-76,-7,-129
1747907760817.156,121161,1747907760798.375,-64,-10,-138
1747907760837.0,121147,1747907760818.188,-64,-5,-143
1747907760856.813,121151,1747907760838.094,-66,-5,-141
1747907760876.688,121141,1747907760857.937,-67,-13,-139
1747907760896.531,121151,1747907760877.75,-56,-17,-135
1747907760916.406,121140,1747907760897.625,-56,-16,-142
1747907760936.219,121125,1747907760917.469,-63,-7,-136
1747907760956.094,121136,1747907760937.3118,-72,-1,-143
1747907760975.937,121149,1747907760957.156,-68,-1,-144
1747907760995.812,121138,1747907760977.0,-61,-8,-138
1747907761015.625,121128,1747907760996.875,-74,-5,-137
1747907761035.469,121127,1747907761016.719,-61,-7,-137
1747907761055.344,121144,1747907761036.562,-64,0,-138
1747907761075.187,121154,1747907761056.438,-75,-5,-136
1747907761095.031,121139,1747907761076.25,-68,-9,-137
1747907761114.906,121176,1747907761096.094,-65,-9,-148
1747907761134.75,121188,1747907761115.969,-72,-7,-133
1747907761154.625,121214,1747907761135.781,-63,-13,-138
1747907761174.469,121228,1747907761155.688,-64,-13,-138
1747907761194.281,121250,1747907761175.531,-61,-9,-138
1747907761214.156,121280,1747907761195.344,-65,-11,-144
1747907761234.031,121289,1747907761215.25,-77,-13,-132
1747907761253.875,121324,1747907761235.063,-56,-7,-141
1747907761273.6868,121354,1747907761254.938,-64,-7,-141
1747907761293.656,121380,1747907761274.781,-64,-5,-136
1747907761313.406,121402,1747907761294.625,-74,-2,-143
1747907761333.281,121426,1747907761314.469,-63,-9,-137
1747907761353.062,121439,1747907761334.344,-73,-9,-137
1747907761372.937,121428,1747907761354.156,-64,-7,-137
1747907761392.781,121367,1747907761374.031,-72,-9,-135
1747907761412.625,121317,1747907761393.844,-63,-9,-137
1747907761432.469,121235,1747907761413.719,-72,-5,-136
1747907761452.344,121186,1747907761433.594,-64,-6,-138
1747907761472.188,121127,1747907761453.375,-68,-5,-138
1747907761492.063,121097,1747907761473.25,-72,-9,-141
1747907761511.844,121060,1747907761493.094,-64,-7,-137
1747907761531.719,121028,1747907761512.969,-72,-5,-136
1747907761551.562,121041,1747907761532.781,-68,-9,-131
1747907761571.406,121024,1747907761552.625,-64,-9,-138
1747907761591.219,121024,1747907761572.5,-60,0,-136
1747907761611.094,121019,1747907761592.312,-64,-9,-130
1747907761630.937,121021,1747907761612.156,-76,-9,-136
1747907761650.812,121032,1747907761632.0,-74,-17,-132
1747907761670.625,121015,1747907761651.875,-66,-7,-134
1747907761690.469,121033,1747907761671.75,-72,-9,-135
1747907761710.312,121038,1747907761691.5,-64,-9,-145
1747907761730.187,121036,1747907761711.375,-64,-9,-137
1747907761750.031,121062,1747907761731.25,-73,-1,-153
1747907761769.875,121072,1747907761751.156,-72,-6,-138
1747907761789.719,121069,1747907761770.969,-65,-6,-145
1747907761809.562,121087,1747907761790.781,-71,-13,-136
1747907761829.469,121108,1747907761810.656,-80,-6,-137
1747907761849.281,121127,1747907761830.594,-78,-9,-132
1747907761869.125,121167,1747907761850.344,-64,-9,-132
1747907761889.0,121187,1747907761870.187,-72,-9,-146
1747907761908.844,121223,1747907761890.031,-57,-18,-147
1747907761928.625,121257,1747907761909.906,-50,-9,-138
1747907761948.5,121288,1747907761929.719,-72,-11,-138
1747907761968.344,121288,1747907761949.562,-64,-9,-130
1747907761988.187,121332,1747907761969.406,-68,-17,-129
1747907762008.031,121370,1747907761989.313,-76,-8,-134
1747907762027.875,121418,1747907762009.125,-61,-5,-140
1747907762047.719,121447,1747907762028.937,-73,-9,-146
1747907762067.594,121504,1747907762048.781,-72,-9,-138
1747907762087.469,121521,1747907762068.656,-72,-13,-144
1747907762107.281,121519,1747907762088.563,-74,-7,-144
1747907762127.125,121472,1747907762108.375,-71,-8,-138
1747907762146.969,121405,1747907762128.312,-64,-7,-148
1747907762166.812,121293,1747907762148.062,-64,-7,-138
1747907762186.656,121206,1747907762167.875,-72,-9,-133
1747907762206.531,121180,1747907762187.844,-57,-4,-141
1747907762226.375,121150,1747907762207.594,-72,-7,-140
1747907762246.219,121139,1747907762227.437,-71,-11,-139
1747907762266.062,121141,1747907762247.344,-65,-17,-144
1747907762285.937,121130,1747907762267.125,-68,-9,-140
1747907762305.813,121126,1747907762287.0,-64,-11,-144
1747907762325.656,121146,1747907762306.875,-61,-9,-137
1747907762345.531,121174,1747907762326.75,-65,-8,-137
1747907762365.375,121177,1747907762346.625,-71,-7,-137
1747907762385.25,121188,1747907762366.438,-63,-13,-145
1747907762405.063,121213,1747907762386.312,-64,-10,-138
1747907762424.937,121204,1747907762406.156,-68,-9,-135
1747907762444.781,121227,1747907762426.0,-77,-9,-141
1747907762464.688,121221,1747907762445.875,-73,0,-136
1747907762484.469,121241,1747907762465.75,-61,-7,-132
1747907762504.344,121239,1747907762485.594,-63,-17,-144
1747907762524.219,121260,1747907762505.406,-65,-9,-143
1747907762544.062,121287,1747907762525.25,-57,-9,-136
1747907762563.938,121286,1747907762545.156,-64,-9,-133
1747907762583.781,121327,1747907762565.031,-72,-9,-144
1747907762603.656,121334,1747907762584.844,-64,-3,-146
1747907762623.531,121374,1747907762604.75,-64,-7,-143
1747907762643.344,121395,1747907762624.563,-60,-9,-141
1747907762663.219,121434,1747907762644.437,-63,-8,-150
1747907762683.094,121466,1747907762664.3118,-64,-10,-140
1747907762702.9368,121504,1747907762684.156,-68,-1,-144
1747907762722.781,121532,1747907762704.0,-64,-13,-128
1747907762742.625,121553,1747907762723.875,-64,-11,-138
1747907762762.469,121583,1747907762743.719,-66,-9,-137
1747907762782.344,121607,1747907762763.531,-76,-8,-132
1747907762802.187,121656,1747907762783.406,-61,-13,-133
1747907762822.0,121688,1747907762803.281,-61,-13,-140
1747907762841.875,121700,1747907762823.062,-73,-10,-142
1747907762861.844,121699,1747907762842.937,-68,-9,-140
1747907762881.625,121643,1747907762862.938,-75,-9,-136
1747907762901.437,121575,1747907762882.656,-73,-12,-143
1747907762921.281,121514,1747907762902.5,-77,-9,-136
1747907762941.156,121496,1747907762922.344,-61,-13,-137
1747907762960.969,121447,1747907762942.219,-69,-8,-138
1747907762980.844,121430,1747907762962.094,-68,-9,-140
1747907763000.719,121384,1747907762981.906,-64,-17,-144
1747907763020.563,121354,1747907763001.781,-73,-10,-135
1747907763040.406,121362,1747907763021.656,-74,-6,-142
1747907763060.25,121343,1747907763041.5,-64,-5,-144
1747907763080.125,121353,1747907763061.344,-72,0,-136
1747907763100.0,121347,1747907763081.187,-63,-9,-136
1747907763119.813,121342,1747907763101.094,-64,-13,-138
1747907763139.687,121343,1747907763120.938,-74,-9,-133
1747907763159.531,121353,1747907763140.75,-64,-10,-141
1747907763179.406,121362,1747907763160.594,-64,0,-137
1747907763199.281,121354,1747907763180.469,-65,-9,-135
1747907763219.125,121346,1747907763200.375,-64,-7,-140
1747907763238.969,121367,1747907763220.188,-76,-5,-138
1747907763258.844,121369,1747907763240.031,-68,-8,-141
1747907763278.656,121358,1747907763259.937,-61,-13,-138
1747907763298.531,121398,1747907763279.781,-72,-10,-141
1747907763318.375,121400,1747907763299.594,-61,-9,-135
1747907763338.25,121446,1747907763319.469,-64,-17,-144
1747907763358.094,121437,1747907763339.313,-60,-9,-137
1747907763377.938,121468,1747907763359.1868,-64,-8,-141
1747907763397.812,121499,1747907763379.031,-69,-12,-145
1747907763417.687,121522,1747907763398.875,-63,-15,-141
1747907763437.5,121556,1747907763418.75,-63,-8,-140
1747907763457.344,121589,1747907763438.594,-69,-7,-148
1747907763477.219,121632,1747907763458.406,-64,-9,-134
1747907763497.094,121652,1747907763478.313,-68,-9,-141
1747907763516.906,121722,1747907763498.25,-64,-10,-138
1747907763536.781,121743,1747907763518.0308,-71,-12,-134
1747907763556.625,121776,1747907763537.875,-66,-9,-140
1747907763576.5,121814,1747907763557.687,-61,-2,-134
1747907763596.437,121796,1747907763577.625,-63,-5,-141
1747907763616.188,121759,1747907763597.531,-72,-13,-136
1747907763636.063,121718,1747907763617.25,-74,-7,-133
1747907763656.0,121661,1747907763637.125,-77,0,-138
1747907763675.781,121600,1747907763656.969,-65,-1,-141
1747907763695.594,121544,1747907763676.844,-73,-9,-133
1747907763715.469,121503,1747907763696.656,-76,-9,-132
1747907763735.313,121466,1747907763716.531,-73,-17,-129
1747907763755.187,121446,1747907763736.375,-61,-5,-134
1747907763775.0,121434,1747907763756.25,-65,-7,-138
1747907763794.875,121414,1747907763776.063,-61,-7,-144
1747907763814.75,121418,1747907763795.969,-74,-9,-132
1747907763834.563,121421,1747907763815.781,-62,-13,-134
1747907763854.406,121405,1747907763835.656,-72,-13,-135
1747907763874.281,121382,1747907763855.469,-68,-13,-138
1747907763894.125,121382,1747907763875.313,-62,-7,-145
1747907763914.0,121392,1747907763895.219,-63,0,-137
1747907763933.844,121381,1747907763915.094,-68,-9,-138
1747907763953.687,121385,1747907763934.906,-57,-5,-141
1747907763973.531,121398,1747907763954.75,-76,-13,-133
1747907763993.438,121392,1747907763974.5942,-72,-9,-134
1747907764013.2192,121420,1747907763994.469,-69,-1,-137
1747907764033.094,121421,1747907764014.313,-68,-9,-134
1747907764052.969,121399,1747907764034.156,-74,-7,-146
1747907764072.813,121417,1747907764054.0,-64,-17,-127
1747907764092.656,121428,1747907764073.937,-64,-8,-138
1747907764112.5,121459,1747907764093.75,-63,-10,-144
1747907764132.375,121479,1747907764113.531,-72,-9,-141
1747907764152.281,121506,1747907764133.469,-61,-14,-138
1747907764172.125,121531,1747907764153.375,-62,-7,-141
1747907764192.0,121552,1747907764173.219,-71,-9,-136
1747907764211.875,121552,1747907764193.063,-73,-9,-136
1747907764231.75,121598,1747907764212.969,-74,-7,-137
1747907764251.594,121618,1747907764232.812,-61,0,-141
1747907764271.437,121636,1747907764252.656,-72,-9,-138
1747907764291.312,121647,1747907764272.531,-67,-13,-141
1747907764311.188,121653,1747907764292.375,-65,-13,-138
1747907764331.031,121606,1747907764312.25,-72,-9,-134
1747907764350.906,121561,1747907764332.094,-77,-13,-137
1747907764370.781,121515,1747907764351.969,-73,-9,-138
1747907764390.625,121452,1747907764371.844,-65,-7,-137
1747907764410.469,121393,1747907764391.719,-68,-1,-134
1747907764430.344,121344,1747907764411.531,-77,-8,-132
1747907764450.219,121321,1747907764431.406,-72,-5,-138
1747907764470.031,121293,1747907764451.281,-63,-9,-145
1747907764489.906,121292,1747907764471.094,-64,-9,-137
1747907764509.75,121274,1747907764490.969,-61,-9,-146
1747907764529.625,121260,1747907764510.844,-71,-9,-138
1747907764549.469,121248,1747907764530.688,-72,-13,-136
1747907764569.313,121248,1747907764550.563,-65,-9,-141
1747907764589.188,121252,1747907764570.344,-53,-7,-144
1747907764609.062,121254,1747907764590.25,-72,-10,-145
1747907764628.906,121247,1747907764610.156,-65,-7,-140
1747907764648.75,121243,1747907764629.969,-74,-1,-136
1747907764668.594,121243,1747907764649.812,-64,-13,-137
1747907764688.469,121251,1747907764669.687,-63,-13,-133
1747907764708.312,121251,1747907764689.531,-64,-6,-137
1747907764728.156,121260,1747907764709.406,-73,-5,-138
1747907764748.031,121290,1747907764729.344,-73,-13,-138
1747907764767.906,121278,1747907764749.125,-71,-10,-137
1747907764787.75,121301,1747907764769.0,-68,-12,-138
1747907764807.625,121321,1747907764788.844,-69,-17,-129
1747907764827.469,121338,1747907764808.688,-66,-9,-138
1747907764847.344,121341,1747907764828.562,-74,-13,-133
1747907764867.188,121364,1747907764848.406,-64,-9,-143
1747907764887.062,121387,1747907764868.281,-64,-13,-134
1747907764906.938,121396,1747907764888.125,-72,-10,-135
1747907764926.813,121413,1747907764908.0,-72,-9,-143
1747907764946.625,121436,1747907764927.844,-71,-7,-141
1747907764966.5,121462,1747907764947.719,-68,-9,-136
1747907764986.375,121426,1747907764967.531,-72,-9,-144
1747907765006.219,121385,1747907764987.437,-60,-13,-141
1747907765026.031,121304,1747907765007.281,-72,-9,-134
1747907765045.906,121226,1747907765027.125,-60,-10,-138
1747907765065.75,121134,1747907765046.969,-62,-9,-128
1747907765085.625,121059,1747907765066.844,-65,-1,-136
1747907765105.469,121000,1747907765086.687,-64,-9,-138
1747907765125.313,120957,1747907765106.562,-61,-8,-136
1747907765145.187,120906,1747907765126.469,-64,-1,-141
1747907765165.062,120868,1747907765146.25,-64,-13,-132
1747907765184.875,120850,1747907765166.125,-74,-1,-145
1747907765204.75,120840,1747907765186.0,-73,-8,-130
1747907765224.625,120813,1747907765205.812,-63,0,-140
1747907765244.5,120786,1747907765225.688,-66,-5,-143
1747907765264.344,120763,1747907765245.563,-74,-5,-138
1747907765284.219,120763,1747907765265.4368,-76,-7,-132
1747907765304.062,120752,1747907765285.312,-77,-10,-140
1747907765323.937,120753,1747907765305.125,-73,-9,-141
1747907765343.906,120740,1747907765325.0,-77,-9,-135
1747907765363.688,120754,1747907765345.0,-71,-8,-141
1747907765383.5,120757,1747907765364.687,-63,-8,-143
1747907765403.344,120764,1747907765384.563,-68,-9,-137
1747907765423.156,120774,1747907765404.406,-63,-15,-132
1747907765443.0,120779,1747907765424.25,-72,-9,-138
1747907765462.875,120789,1747907765444.094,-63,-15,-133
1747907765482.75,120794,1747907765463.937,-61,0,-147
1747907765502.594,120798,1747907765483.844,-71,-9,-132
1747907765522.438,120820,1747907765503.688,-72,-6,-135
1747907765542.281,120815,1747907765523.469,-68,-8,-128
1747907765562.156,120825,1747907765543.375,-65,-13,-138
1747907765582.0,120841,1747907765563.219,-64,-9,-140
1747907765601.844,120845,1747907765583.156,-68,-7,-135
1747907765621.719,120858,1747907765602.906,-65,-9,-141
1747907765641.563,120878,1747907765622.812,-76,-4,-135
1747907765661.437,120860,1747907765642.625,-65,-9,-136
1747907765681.344,120856,1747907765662.5,-74,-7,-134
1747907765701.156,120815,1747907765682.406,-64,-9,-134
1747907765721.0,120735,1747907765702.187,-66,-9,-135
1747907765740.844,120653,1747907765722.062,-75,0,-138
1747907765760.687,120563,1747907765741.9382,-84,-8,-136
1747907765780.531,120464,1747907765761.75,-72,-7,-141
1747907765800.375,120400,1747907765781.625,-66,-6,-142
1747907765820.25,120351,1747907765801.469,-64,3,-148
1747907765840.094,120306,1747907765821.344,-64,-8,-142
1747907765859.969,120265,1747907765841.156,-72,-9,-134
1747907765879.844,120219,1747907765861.031,-73,-6,-165
1747907765899.688,120199,1747907765880.875,-64,-6,-138
1747907765919.531,120176,1747907765900.75,-61,-10,-145
1747907765939.406,120140,1747907765920.594,-72,-7,-132
1747907765959.281,120142,1747907765940.469,-77,-5,-141
1747907765979.125,120132,1747907765960.344,-71,-13,-136
1747907765998.969,120122,1747907765980.187,-57,-11,-134
1747907766018.812,120109,1747907766000.031,-72,-7,-141
1747907766038.656,120104,1747907766019.875,-71,-9,-141
1747907766058.563,120086,1747907766039.75,-72,-1,-141
1747907766078.375,120067,1747907766059.656,-68,-7,-145
1747907766098.25,120057,1747907766079.437,-65,-9,-145
1747907766118.125,120057,1747907766099.313,-64,-13,-137
1747907766138.031,120051,1747907766119.188,-77,-8,-137
1747907766157.813,120055,1747907766139.0,-73,-1,-140
1747907766177.687,120033,1747907766158.906,-61,-13,-144
1747907766197.531,120027,1747907766178.75,-72,-13,-136
1747907766217.406,119973,1747907766198.563,-63,-17,-134
1747907766237.219,119923,1747907766218.437,-63,-9,-137
1747907766257.063,119901,1747907766238.281,-61,-9,-142
1747907766276.937,119911,1747907766258.156,-68,-9,-143
1747907766296.812,119933,1747907766277.969,-64,-9,-141
1747907766316.625,119945,1747907766297.875,-65,-9,-142
1747907766336.5,120000,1747907766317.719,-72,-9,-138
1747907766356.375,120037,1747907766337.562,-76,-8,-138
1747907766376.219,120098,1747907766357.438,-64,-8,-137
1747907766396.063,120104,1747907766377.313,-72,-9,-141
1747907766415.906,120100,1747907766397.125,-64,-9,-136
1747907766435.781,120086,1747907766417.0,-61,-9,-140
1747907766455.625,120024,1747907766436.844,-61,-8,-141
1747907766475.5,119972,1747907766456.688,-76,-9,-143
1747907766495.344,119875,1747907766476.531,-66,9,-151
1747907766515.219,119812,1747907766496.406,-64,-9,-136
1747907766535.062,119706,1747907766516.25,-61,-9,-137
1747907766554.906,119657,1747907766536.156,-64,-17,-128
1747907766574.75,119600,1747907766555.969,-65,-9,-140
1747907766594.625,119568,1747907766575.844,-61,-16,-132
1747907766614.5,119543,1747907766595.687,-68,-9,-141
1747907766634.312,119564,1747907766615.563,-72,-6,-137
1747907766654.187,119581,1747907766635.406,-72,-9,-142
1747907766674.063,119612,1747907766655.281,-64,-9,-144
1747907766693.906,119622,1747907766675.156,-61,-10,-137
1747907766713.75,119661,1747907766694.969,-70,-8,-133
1747907766733.625,119685,1747907766714.844,-72,-9,-136
1747907766753.469,119674,1747907766734.688,-72,-9,-138
1747907766773.313,119683,1747907766754.5,-72,-9,-141
1747907766793.156,119697,1747907766774.406,-64,-13,-153
1747907766813.031,119716,1747907766794.25,-64,-7,-137
1747907766832.875,119714,1747907766814.094,-72,0,-133
1747907766852.781,119731,1747907766833.9692,-72,-9,-140
1747907766872.625,119738,1747907766853.844,-65,-8,-145
1747907766892.469,119760,1747907766873.688,-71,0,-129
1747907766912.438,119764,1747907766893.531,-69,-13,-138
1747907766932.188,119800,1747907766913.375,-72,-1,-147
1747907766952.031,119832,1747907766933.281,-73,-7,-136
1747907766972.0,119856,1747907766953.125,-69,-10,-136
1747907766991.719,119885,1747907766972.938,-64,-1,-145
1747907767011.625,119900,1747907766992.906,-64,-9,-148
1747907767031.4382,119926,1747907767012.687,-63,-10,-138
1747907767051.281,119937,1747907767032.531,-72,-9,-129
1747907767071.156,119973,1747907767052.375,-65,-13,-138
1747907767091.125,120015,1747907767072.219,-64,-6,-141
1747907767110.875,120054,1747907767092.156,-72,-10,-137
1747907767130.688,120109,1747907767111.937,-69,-9,-141
1747907767150.531,120164,1747907767131.781,-61,-9,-138
1747907767170.406,120179,1747907767151.594,-81,-17,-134
1747907767190.219,120178,1747907767171.469,-64,-10,-138
1747907767210.063,120141,1747907767191.344,-72,-9,-141
1747907767229.938,120105,1747907767211.156,-68,-13,-144
1747907767249.781,120051,1747907767231.0,-74,-9,-130
1747907767269.594,119998,1747907767250.844,-72,-9,-138
1747907767289.438,119954,1747907767270.688,-65,-9,-136
1747907767309.438,119921,1747907767290.531,-64,-9,-143
1747907767329.156,119883,1747907767310.406,-77,-1,-138
1747907767349.031,119852,1747907767330.344,-63,-5,-138
1747907767368.875,119844,1747907767350.125,-61,-9,-132
1747907767388.719,119838,1747907767369.969,-69,-9,-130
1747907767408.594,119842,1747907767389.812,-65,-9,-143
1747907767428.437,119838,1747907767409.688,-71,-7,-136
1747907767448.344,119842,1747907767429.531,-60,-5,-144
1747907767468.156,119854,1747907767449.375,-66,-9,-153
1747907767488.031,119851,1747907767469.219,-79,-13,-133
1747907767507.844,119845,1747907767489.062,-65,-14,-143
1747907767527.719,119850,1747907767508.969,-64,-7,-142
1747907767547.563,119860,1747907767528.813,-71,-8,-140
1747907767567.438,119871,1747907767548.656,-66,-17,-144
1747907767587.281,119880,1747907767568.5,-66,-7,-143
1747907767607.125,119888,1747907767588.375,-64,-7,-138
1747907767627.0,119910,1747907767608.219,-64,-13,-153
1747907767646.844,119929,1747907767628.062,-69,-6,-136
1747907767666.688,119952,1747907767647.937,-73,0,-140
1747907767686.531,119976,1747907767667.781,-72,0,-139
1747907767706.406,120005,1747907767687.594,-64,-12,-136
1747907767726.25,120018,1747907767707.469,-64,-11,-133
1747907767746.094,120057,1747907767727.312,-61,-9,-133
1747907767765.969,120098,1747907767747.187,-65,-10,-144
1747907767785.812,120116,1747907767767.031,-64,-13,-143
1747907767805.656,120162,1747907767786.906,-68,-4,-138
1747907767825.5,120201,1747907767806.75,-62,-9,-143
1747907767845.344,120215,1747907767826.594,-84,-9,-137
1747907767865.2192,120243,1747907767846.375,-65,-13,-152
1747907767885.062,120283,1747907767866.281,-72,-9,-136
1747907767904.938,120321,1747907767886.125,-64,-17,-143
1747907767924.781,120354,1747907767906.031,-64,-9,-137
1747907767944.625,120399,1747907767925.844,-76,-9,-142
1747907767964.5,120403,1747907767945.688,-64,-10,-145
1747907767984.344,120377,1747907767965.594,-77,-13,-132
1747907768004.156,120329,1747907767985.437,-64,-9,-137
1747907768024.031,120284,1747907768005.25,-68,-7,-143
1747907768043.906,120225,1747907768025.094,-66,-9,-138
1747907768063.75,120176,1747907768044.969,-63,-7,-138
1747907768083.594,120134,1747907768064.813,-65,-7,-138
1747907768103.438,120112,1747907768084.656,-64,-8,-138
1747907768123.281,120085,1747907768104.531,-80,-5,-134
1747907768143.156,120082,1747907768124.344,-68,-1,-137
1747907768163.0,120057,1747907768144.219,-61,-7,-134
1747907768182.844,120073,1747907768164.062,-49,-10,-137
1747907768202.688,120067,1747907768183.937,-65,-7,-141
1747907768222.656,120064,1747907768203.75,-69,-9,-130
1747907768242.375,120064,1747907768223.625,-81,-2,-142
1747907768262.25,120056,1747907768243.469,-71,-9,-132
1747907768282.094,120071,1747907768263.281,-72,-9,-134
1747907768301.969,120079,1747907768283.187,-63,-8,-136
1747907768321.781,120093,1747907768303.031,-72,-8,-138
1747907768341.656,120091,1747907768322.906,-74,-9,-137
1747907768361.531,120100,1747907768342.719,-68,-8,-144
1747907768381.406,120109,1747907768362.594,-79,-7,-134
1747907768401.187,120125,1747907768382.469,-78,-9,-137
1747907768421.062,120133,1747907768402.281,-57,-8,-137
1747907768440.938,120150,1747907768422.125,-64,-8,-141
1747907768460.781,120153,1747907768442.0,-79,-9,-136
1747907768480.594,120189,1747907768461.844,-61,1,-136
1747907768500.531,120210,1747907768481.719,-65,0,-138
1747907768520.312,120256,1747907768501.531,-41,-16,-145
1747907768540.156,120291,1747907768521.375,-65,-9,-135
1747907768559.969,120343,1747907768541.25,-71,-9,-136
1747907768579.844,120371,1747907768561.094,-81,-17,-137
1747907768599.719,120388,1747907768580.938,-77,-13,-138
1747907768619.562,120407,1747907768600.781,-64,-5,-138
1747907768639.375,120433,1747907768620.625,-69,-8,-145
1747907768659.25,120473,1747907768640.5,-65,-13,-131
1747907768679.094,120506,1747907768660.312,-51,-25,-135
1747907768698.937,120530,1747907768680.188,-64,-13,-144
1747907768718.781,120536,1747907768700.031,-78,-8,-137
1747907768738.656,120505,1747907768719.875,-65,-9,-136
1747907768758.5,120482,1747907768739.687,-64,-12,-132
1747907768778.375,120452,1747907768759.563,-64,-7,-141
1747907768798.187,120387,1747907768779.438,-64,-13,-141
1747907768818.063,120372,1747907768799.25,-67,-1,-145
1747907768838.031,120320,1747907768819.125,-64,-8,-132
1747907768857.781,120299,1747907768839.125,-76,-9,-144
1747907768877.625,120292,1747907768858.875,-63,-9,-135
1747907768897.563,120275,1747907768878.75,-64,-9,-143
1747907768917.375,120295,1747907768898.594,-65,-1,-140
1747907768937.219,120306,1747907768918.437,-66,-6,-137
1747907768957.031,120332,1747907768938.313,-66,-7,-139
1747907768976.938,120342,1747907768958.156,-64,-13,-116
1747907768996.781,120353,1747907768978.062,-64,-10,-136
1747907769016.656,120363,1747907768997.844,-75,-9,-134
1747907769036.469,120373,1747907769017.719,-64,-9,-147
1747907769056.344,120389,1747907769037.563,-64,-8,-140
1747907769076.156,120419,1747907769057.406,-73,-9,-141
1747907769096.063,120444,1747907769077.312,-73,0,-136
1747907769115.875,120467,1747907769097.125,-81,-9,-136
1747907769135.719,120489,1747907769116.969,-61,-9,-125
1747907769155.625,120513,1747907769136.813,-64,-5,-142
1747907769175.469,120552,1747907769156.687,-66,-9,-132
1747907769195.312,120565,1747907769176.625,-66,-7,-137
1747907769215.156,120615,1747907769196.406,-72,-9,-141
1747907769235.0,120625,1747907769216.25,-74,-7,-136
1747907769254.875,120645,1747907769236.094,-49,-8,-140
1747907769274.719,120697,1747907769255.937,-64,-9,-135
1747907769294.562,120725,1747907769275.781,-65,-17,-145
1747907769314.406,120769,1747907769295.625,-76,-9,-148
1747907769334.281,120811,1747907769315.5,-65,-9,-136
1747907769354.125,120837,1747907769335.344,-73,-9,-134
1747907769373.969,120882,1747907769355.219,-74,-9,-141
1747907769393.844,120915,1747907769375.063,-64,-10,-140
1747907769413.687,120951,1747907769394.938,-65,-13,-138
1747907769433.563,120958,1747907769414.75,-64,-10,-141
1747907769453.406,120940,1747907769434.625,-65,-9,-137
1747907769473.25,120913,1747907769454.469,-71,-8,-138
1747907769493.125,120860,1747907769474.313,-64,-8,-134
1747907769512.969,120817,1747907769494.188,-66,-10,-141
1747907769532.813,120756,1747907769514.031,-68,-7,-144
1747907769552.687,120726,1747907769533.875,-72,0,-143
1747907769572.531,120706,1747907769553.781,-72,-9,-140
1747907769592.406,120683,1747907769573.594,-64,-1,-141
1747907769612.25,120658,1747907769593.469,-65,-7,-138
1747907769632.125,120658,1747907769613.312,-63,-1,-144
1747907769651.969,120638,1747907769633.156,-73,-4,-143
1747907769671.812,120648,1747907769653.031,-61,-9,-143
1747907769691.625,120642,1747907769672.875,-56,-17,-141
1747907769711.5,120643,1747907769692.687,-65,-7,-130
1747907769731.344,120670,1747907769712.562,-68,-5,-140
1747907769751.156,120683,1747907769732.406,-77,-9,-130
1747907769771.0,120698,1747907769752.25,-77,-9,-134
1747907769790.906,120706,1747907769772.094,-65,-8,-138
1747907769810.719,120710,1747907769791.969,-72,-7,-138
1747907769830.594,120731,1747907769811.812,-63,-9,-140
1747907769850.406,120745,1747907769831.656,-69,-8,-140
1747907769870.25,120779,1747907769851.5,-65,-13,-143
1747907769890.125,120811,1747907769871.312,-64,-12,-141
1747907769909.969,120841,1747907769891.156,-69,-9,-135
1747907769929.781,120875,1747907769911.031,-52,-5,-138
1747907769949.625,120905,1747907769930.875,-69,-9,-141
1747907769969.5,120928,1747907769950.7192,-64,-13,-138
1747907769989.344,120956,1747907769970.562,-68,-1,-136
1747907770009.156,120969,1747907769990.406,-63,-13,-137
1747907770029.0,120993,1747907770010.25,-48,-17,-141
1747907770048.875,121029,1747907770030.094,-64,-8,-145
1747907770068.719,121065,1747907770049.937,-71,-9,-144
1747907770088.563,121085,1747907770069.812,-64,-5,-142
1747907770108.406,121105,1747907770089.688,-64,-13,-133
1747907770128.25,121152,1747907770109.469,-76,-8,-134
1747907770148.094,121197,1747907770129.313,-64,-9,-145
1747907770167.969,121219,1747907770149.156,-72,-7,-136
1747907770187.813,121206,1747907770169.031,-68,-13,-133
1747907770207.656,121181,1747907770188.844,-60,-10,-141
1747907770227.5,121110,1747907770208.719,-61,-8,-137
1747907770247.344,121032,1747907770228.594,-76,-10,-136
1747907770267.156,120976,1747907770248.406,-57,0,-141
1747907770287.031,120910,1747907770268.219,-69,-9,-141
1747907770306.875,120870,1747907770288.094,-64,-5,-136
1747907770326.75,120801,1747907770307.938,-66,-9,-135
1747907770346.594,120772,1747907770327.844,-72,-6,-138
1747907770366.438,120731,1747907770347.656,-71,-9,-140
1747907770386.312,120706,1747907770367.531,-64,-10,-145
1747907770406.219,120676,1747907770387.375,-64,-8,-136
1747907770426.031,120679,1747907770407.281,-61,0,-136
1747907770445.906,120651,1747907770427.125,-68,-2,-140
1747907770465.781,120638,1747907770446.969,-61,-6,-140
1747907770485.625,120631,1747907770466.844,-76,-9,-138
1747907770505.469,120607,1747907770486.719,-73,-13,-138
1747907770525.469,120620,1747907770506.562,-74,-9,-140
1747907770545.219,120620,1747907770526.563,-69,-9,-129
1747907770565.094,120615,1747907770546.281,-71,-9,-141
1747907770584.938,120624,1747907770566.156,-64,-9,-142
1747907770604.781,120623,1747907770586.031,-65,-13,-132
1747907770624.656,120631,1747907770605.875,-72,-5,-141
1747907770644.531,120644,1747907770625.75,-64,-5,-140
1747907770664.375,120652,1747907770645.625,-68,-17,-136
1747907770684.25,120679,1747907770665.469,-71,0,-141
1747907770704.094,120689,1747907770685.312,-66,-9,-145
1747907770723.937,120704,1747907770705.188,-77,-8,-161
1747907770743.812,120742,1747907770725.031,-64,-13,-138
1747907770763.656,120779,1747907770744.875,-64,-5,-142
1747907770783.531,120792,1747907770764.719,-76,-9,-137
1747907770803.375,120829,1747907770784.625,-72,-11,-138
1747907770823.25,120841,1747907770804.469,-71,-7,-133
1747907770843.094,120856,1747907770824.313,-65,-9,-134
1747907770862.969,120875,1747907770844.156,-65,-11,-130
1747907770882.812,120886,1747907770864.062,-72,-13,-141
1747907770902.687,120892,1747907770883.906,-65,7,-151
1747907770922.594,120901,1747907770903.75,-65,-9,-137
1747907770942.406,120915,1747907770923.656,-48,-9,-143
1747907770962.25,120903,1747907770943.5,-68,-5,-141
1747907770982.187,120858,1747907770963.344,-77,-7,-133
1747907771001.969,120802,1747907770983.188,-77,-1,-148
1747907771021.844,120725,1747907771003.031,-64,-11,-143
1747907771041.688,120639,1747907771022.906,-84,-7,-135
1747907771061.562,120563,1747907771042.813,-75,-13,-120
1747907771081.437,120506,1747907771062.6882,-64,-15,-136
1747907771101.281,120445,1747907771082.5,-64,-10,-132
1747907771121.156,120418,1747907771102.406,-73,-9,-137
1747907771141.031,120383,1747907771122.25,-64,-9,-132
1747907771160.875,120378,1747907771142.125,-66,0,-143
1747907771180.781,120355,1747907771161.969,-65,-11,-136
1747907771200.625,120357,1747907771181.844,-61,-7,-138
1747907771220.469,120328,1747907771201.75,-64,-5,-143
1747907771240.375,120318,1747907771221.531,-77,-9,-141
1747907771260.219,120296,1747907771241.438,-73,-10,-140
1747907771280.063,120305,1747907771261.281,-65,-5,-142
1747907771299.937,120300,1747907771281.156,-64,0,-151
1747907771319.812,120299,1747907771301.031,-71,-8,-145
1747907771339.688,120291,1747907771320.875,-73,-5,-137
1747907771359.594,120297,1747907771340.75,-68,-9,-135
1747907771379.406,120299,1747907771360.656,-76,-4,-146
1747907771399.281,120305,1747907771380.469,-64,-17,-148
1747907771419.156,120309,1747907771400.375,-61,-9,-138
1747907771438.969,120316,1747907771420.25,-64,-9,-138
1747907771458.875,120318,1747907771440.062,-76,-8,-161
1747907771478.719,120348,1747907771459.938,-73,-9,-137
1747907771498.562,120355,1747907771479.781,-75,0,-136
1747907771518.406,120367,1747907771499.656,-64,-5,-138
1747907771538.313,120399,1747907771519.5,-68,-5,-141
1747907771558.156,120416,1747907771539.375,-72,-9,-136
1747907771578.062,120442,1747907771559.281,-68,-7,-137
1747907771597.906,120468,1747907771579.125,-66,-8,-136
1747907771617.75,120494,1747907771598.937,-68,-9,-135
1747907771637.625,120531,1747907771618.812,-78,-15,-130
1747907771657.5,120556,1747907771638.688,-61,-13,-137
1747907771677.344,120580,1747907771658.594,-58,-8,-136
1747907771697.219,120620,1747907771678.406,-76,-8,-141
1747907771717.094,120659,1747907771698.25,-68,-13,-149
1747907771736.969,120662,1747907771718.156,-57,-8,-147
1747907771756.813,120635,1747907771738.031,-74,-8,-137
1747907771776.688,120565,1747907771757.875,-72,-8,-137
1747907771796.531,120511,1747907771777.75,-64,-4,-141
1747907771816.406,120441,1747907771797.594,-64,-7,-133
1747907771836.25,120383,1747907771817.5,-64,-9,-132
1747907771856.125,120335,1747907771837.312,-74,-9,-135
1747907771876.0,120290,1747907771857.187,-73,-5,-138
1747907771895.812,120265,1747907771877.063,-74,-9,-137
1747907771915.719,120251,1747907771896.906,-65,-8,-147
1747907771935.563,120230,1747907771916.781,-68,-9,-134
1747907771955.438,120219,1747907771936.656,-74,-9,-134
1747907771975.312,120206,1747907771956.531,-68,-8,-140
1747907771995.219,120215,1747907771976.438,-77,-7,-140
1747907772015.031,120198,1747907771996.281,-76,-9,-138
1747907772034.906,120218,1747907772016.094,-71,-5,-138
1747907772054.75,120201,1747907772036.0,-68,-9,-139
1747907772074.625,120193,1747907772055.844,-71,0,-141
1747907772094.5,120191,1747907772075.688,-74,-7,-140
1747907772114.375,120177,1747907772095.562,-63,0,-136
1747907772134.219,120197,1747907772115.437,-81,-13,-137
1747907772154.156,120180,1747907772135.313,-72,-8,-142
1747907772174.0,120200,1747907772155.219,-71,-6,-146
1747907772193.844,120219,1747907772175.031,-61,-13,-112
1747907772213.719,120205,1747907772195.0,-76,-9,-138
1747907772233.562,120230,1747907772214.813,-65,0,-138
1747907772253.469,120262,1747907772234.656,-65,-8,-137
1747907772273.344,120279,1747907772254.531,-64,-9,-141
1747907772293.187,120301,1747907772274.406,-72,-9,-140
1747907772313.062,120324,1747907772294.281,-72,-7,-138
1747907772332.906,120339,1747907772314.125,-66,-8,-141
1747907772352.781,120374,1747907772334.0,-74,-6,-140
1747907772372.625,120402,1747907772353.844,-63,-13,-138
1747907772392.469,120425,1747907772373.688,-68,-9,-136
1747907772412.312,120474,1747907772393.5,-77,-9,-135
1747907772432.188,120496,1747907772413.375,-59,-12,-143
1747907772452.031,120505,1747907772433.25,-64,-7,-137
1747907772471.875,120542,1747907772453.125,-72,0,-138
1747907772491.75,120522,1747907772472.969,-73,-9,-137
1747907772511.656,120501,1747907772492.813,-64,-2,-144
1747907772531.4382,120453,1747907772512.656,-64,-2,-139
1747907772551.312,120408,1747907772532.531,-66,-9,-138
1747907772571.187,120354,1747907772552.406,-61,-8,-129
1747907772591.031,120288,1747907772572.25,-72,-5,-132
1747907772610.969,120261,1747907772592.125,-65,-9,-143
1747907772630.719,120215,1747907772611.969,-64,-14,-129
1747907772650.625,120205,1747907772631.875,-64,-8,-136
1747907772670.469,120202,1747907772651.688,-64,-9,-134
1747907772690.313,120180,1747907772671.531,-74,-9,-136
1747907772710.156,120205,1747907772691.406,-65,-13,-137
1747907772730.094,120208,1747907772711.219,-64,-5,-136
1747907772749.906,120194,1747907772731.188,-64,-14,-144
1747907772769.719,120191,1747907772750.969,-73,-7,-134
1747907772789.594,120185,1747907772770.812,-61,-9,-142
1747907772809.438,120182,1747907772790.656,-65,-13,-143
1747907772829.312,120171,1747907772810.531,-77,-7,-136
1747907772849.125,120157,1747907772830.406,-61,-7,-137
1747907772869.0,120159,1747907772850.25,-68,-13,-140
1747907772888.875,120159,1747907772870.094,-64,-8,-136
1747907772908.75,120174,1747907772889.906,-73,-11,-137
1747907772928.594,120186,1747907772909.813,-74,-10,-161
1747907772948.438,120221,1747907772929.688,-64,-6,-136
1747907772968.313,120221,1747907772949.5,-77,-9,-137
1747907772988.156,120249,1747907772969.375,-64,-10,-141
1747907773008.0,120265,1747907772989.219,-64,-8,-136
1747907773027.844,120291,1747907773009.094,-64,-13,-137
1747907773047.719,120314,1747907773028.937,-68,-9,-144
1747907773067.594,120342,1747907773048.781,-75,-8,-137
1747907773087.375,120383,1747907773068.656,-76,-8,-134
1747907773107.281,120387,1747907773088.5,-64,-9,-136
1747907773127.125,120420,1747907773108.375,-63,-5,-141
1747907773147.0,120459,1747907773128.187,-41,-9,-138
1747907773166.844,120496,1747907773148.062,-64,-10,-136
1747907773186.812,120511,1747907773167.938,-65,-6,-138
1747907773206.563,120501,1747907773187.75,-81,22,-144
1747907773226.438,120462,1747907773207.656,-63,-13,-143
1747907773246.281,120409,1747907773227.531,-68,-11,-140
1747907773266.156,120364,1747907773247.375,-63,-13,-130
1747907773286.0,120292,1747907773267.313,-63,-9,-138
1747907773305.875,120265,1747907773287.031,-65,-10,-145
1747907773325.7192,120206,1747907773306.969,-61,-9,-146
1747907773345.562,120184,1747907773326.781,-72,-9,-141
1747907773365.406,120162,1747907773346.625,-64,-11,-137
1747907773385.281,120156,1747907773366.5,-64,-5,-137
1747907773405.125,120173,1747907773386.344,-74,-5,-135
1747907773424.969,120152,1747907773406.219,-77,-10,-132
1747907773444.844,120143,1747907773426.031,-68,-13,-138
1747907773464.688,120141,1747907773445.906,-65,-9,-147
1747907773484.531,120156,1747907773465.875,-73,-7,-137
1747907773504.406,120143,1747907773485.625,-72,-13,-148
1747907773524.25,120170,1747907773505.469,-65,-17,-137
1747907773544.125,120166,1747907773525.344,-69,0,-138
1747907773564.0,120179,1747907773545.187,-64,-13,-130
1747907773583.813,120182,1747907773565.094,-81,-1,-145
1747907773603.687,120188,1747907773584.875,-65,-9,-135
1747907773623.531,120201,1747907773604.75,-63,0,-138
1747907773643.375,120218,1747907773624.625,-61,-10,-142
1747907773663.25,120219,1747907773644.469,-73,-7,-141
1747907773683.094,120230,1747907773664.3118,-71,-9,-138
1747907773702.9368,120251,1747907773684.188,-61,-9,-137
1747907773722.812,120249,1747907773704.031,-74,-9,-138
1747907773742.656,120296,1747907773723.906,-64,-8,-144
1747907773762.5,120311,1747907773743.719,-72,-8,-138
1747907773782.344,120341,1747907773763.531,-68,-5,-138
1747907773802.187,120363,1747907773783.438,-66,-13,-136
1747907773822.063,120397,1747907773803.313,-72,-13,-137
1747907773841.938,120434,1747907773823.125,-71,0,-138
1747907773861.7808,120479,1747907773843.0,-72,0,-137
1747907773881.625,120503,1747907773862.844,-64,-9,-136
1747907773901.5,120529,1747907773882.719,-63,-7,-138
1747907773921.438,120529,1747907773902.562,-69,-9,-141
1747907773941.219,120479,1747907773922.437,-65,-4,-141
1747907773961.031,120437,1747907773942.281,-77,-8,-136
1747907773980.906,120377,1747907773962.125,-64,-5,-138
1747907774000.75,120312,1747907773982.0,-68,-13,-136
1747907774020.625,120255,1747907774001.844,-71,-13,-138
1747907774040.437,120204,1747907774021.687,-72,-9,-138
1747907774060.312,120168,1747907774041.531,-64,-7,-137
1747907774080.156,120156,1747907774061.375,-72,-13,-132
1747907774100.031,120142,1747907774081.219,-68,-8,-137
1747907774119.875,120109,1747907774101.125,-66,-10,-143
1747907774139.844,120102,1747907774120.969,-63,-8,-139
1747907774159.562,120093,1747907774140.906,-77,-10,-141
1747907774179.4382,120101,1747907774160.625,-64,-10,-152
1747907774199.281,120099,1747907774180.5,-70,-13,-144
1747907774219.156,120105,1747907774200.375,-63,-17,-145
1747907774239.0,120113,1747907774220.219,-70,-10,-132
1747907774258.844,120106,1747907774240.063,-72,-8,-141
1747907774278.656,120110,1747907774259.906,-64,-13,-146
1747907774298.5,120117,1747907774279.75,-61,-5,-142
1747907774318.375,120113,1747907774299.625,-65,-9,-129
1747907774338.281,120119,1747907774319.469,-64,-6,-140
1747907774358.094,120117,1747907774339.344,-64,-5,-141
1747907774377.938,120154,1747907774359.1868,-65,-17,-129
1747907774397.812,120169,1747907774379.062,-64,-13,-141
1747907774417.687,120195,1747907774398.906,-64,-9,-142
1747907774437.5,120207,1747907774418.75,-76,-5,-132
1747907774457.344,120232,1747907774438.594,-65,-13,-137
1747907774477.281,120235,1747907774458.437,-61,-9,-140
1747907774497.094,120256,1747907774478.375,-68,-9,-135
1747907774516.906,120287,1747907774498.156,-71,-9,-147
1747907774536.781,120307,1747907774518.0,-74,-9,-141
1747907774556.625,120325,1747907774537.844,-65,-13,-144
1747907774576.5,120351,1747907774557.687,-72,-11,-135
1747907774596.344,120377,1747907774577.531,-61,-17,-145
1747907774616.188,120398,1747907774597.406,-64,-17,-134
1747907774636.063,120408,1747907774617.25,-76,-9,-138
1747907774655.906,120381,1747907774637.125,-64,-5,-137
1747907774675.781,120349,1747907774656.969,-69,-9,-147
1747907774695.594,120278,1747907774676.844,-64,-5,-136
1747907774715.469,120213,1747907774696.687,-64,-7,-137
1747907774735.344,120157,1747907774716.531,-64,-9,-138
1747907774755.187,120087,1747907774736.406,-77,-9,-140
1747907774775.031,120052,1747907774756.281,-71,0,-144
1747907774794.906,120021,1747907774776.125,-57,-8,-138
1747907774814.781,119999,1747907774795.969,-77,-8,-133
1747907774834.625,119972,1747907774815.812,-69,-9,-141
1747907774854.5,119939,1747907774835.6882,-72,-1,-136
1747907774874.344,119935,1747907774855.563,-66,-7,-136
1747907774894.219,119935,1747907774875.406,-50,-10,-138
1747907774914.062,119921,1747907774895.281,-64,-9,-145
1747907774934.0,119936,1747907774915.188,-68,-13,-140
1747907774953.781,119947,1747907774934.969,-79,-1,-143
1747907774973.625,119950,1747907774954.844,-74,-9,-142
1747907774993.469,119962,1747907774974.719,-61,-10,-140
1747907775013.344,119949,1747907774994.562,-68,-13,-119
1747907775033.219,119955,1747907775014.375,-61,-11,-151
1747907775053.063,119939,1747907775034.25,-64,-9,-133
1747907775072.906,119956,1747907775054.125,-76,-10,-145
1747907775092.781,119971,1747907775073.969,-72,-5,-141
1747907775112.625,119991,1747907775093.844,-64,-13,-138
1747907775132.5,119999,1747907775113.688,-63,-5,-142
1747907775152.344,120038,1747907775133.562,-76,-8,-138
1747907775172.188,120054,1747907775153.406,-73,-9,-141
1747907775192.031,120077,1747907775173.281,-76,-9,-138
1747907775211.906,120092,1747907775193.125,-63,-10,-134
1747907775231.75,120113,1747907775213.062,-60,-6,-136
1747907775251.656,120138,1747907775232.844,-72,-5,-135
1747907775271.4692,120173,1747907775252.719,-67,-7,-139
1747907775291.312,120214,1747907775272.531,-49,-10,-140
1747907775311.188,120235,1747907775292.344,-64,-13,-148
1747907775331.031,120266,1747907775312.25,-61,-17,-145
1747907775350.906,120312,1747907775332.094,-64,-1,-139
1747907775370.75,120331,1747907775351.969,-61,-13,-134
1747907775390.625,120338,1747907775371.844,-77,-6,-136
1747907775410.469,120312,1747907775391.687,-64,-8,-136
1747907775430.344,120268,1747907775411.531,-74,-5,-137
1747907775450.219,120220,1747907775431.438,-72,-7,-136
1747907775470.062,120149,1747907775451.406,-72,-8,-134
1747907775489.938,120093,1747907775471.187,-72,-5,-144
1747907775509.7808,120024,1747907775491.0,-63,-8,-145
1747907775529.656,119983,1747907775510.844,-72,-8,-140
1747907775549.5,119941,1747907775530.75,-76,-9,-138
1747907775569.406,119907,1747907775550.594,-72,-7,-129
1747907775589.25,119915,1747907775570.437,-75,-9,-143
1747907775609.094,119899,1747907775590.344,-65,-9,-138
1747907775628.969,119887,1747907775610.188,-67,-10,-143
1747907775648.969,119912,1747907775630.063,-66,-13,-143
1747907775668.688,119908,1747907775650.031,-77,-10,-133
1747907775688.562,119900,1747907775669.75,-72,-17,-141
1747907775708.406,119899,1747907775689.656,-68,-10,-142
1747907775728.25,119901,1747907775709.5,-64,-9,-159
1747907775748.125,119896,1747907775729.344,-65,-12,-144
1747907775768.0,119902,1747907775749.156,-61,-12,-145
1747907775787.812,119909,1747907775769.063,-63,-6,-157
1747907775807.719,119908,1747907775788.938,-61,-10,-136
1747907775827.594,119921,1747907775808.781,-74,-7,-142
1747907775847.438,119947,1747907775828.656,-64,-5,-136
1747907775867.281,119953,1747907775848.531,-66,-10,-135
1747907775887.156,119976,1747907775868.375,-71,-6,-136
1747907775906.969,119982,1747907775888.2192,-68,-9,-140
1747907775926.844,119997,1747907775908.062,-76,-7,-139
1747907775946.719,120021,1747907775927.937,-64,-7,-145
1747907775966.531,120025,1747907775947.844,-57,-25,-133
1747907775986.406,120065,1747907775967.625,-72,-9,-138
1747907776006.313,120066,1747907775987.469,-64,-13,-138
1747907776026.125,120086,1747907776007.375,-81,-1,-137
1747907776046.0,120131,1747907776027.219,-68,-13,-144
1747907776065.875,120167,1747907776047.094,-68,-4,-137
1747907776085.719,120185,1747907776066.937,-70,-17,-130
1747907776105.594,120213,1747907776086.812,-71,-9,-135
1747907776125.437,120206,1747907776106.719,-73,-9,-136
1747907776145.281,120186,1747907776126.5,-66,-10,-129
1747907776165.156,120134,1747907776146.406,-73,-10,-135
1747907776185.0,120080,1747907776166.219,-65,0,-145
1747907776204.844,120025,1747907776186.094,-68,-9,-141
1747907776224.719,119962,1747907776205.906,-71,-12,-132
1747907776244.562,119914,1747907776225.781,-64,-9,-138
1747907776264.406,119886,1747907776245.625,-71,-13,-136
1747907776284.25,119832,1747907776265.531,-73,-5,-138
1747907776304.125,119826,1747907776285.312,-59,-13,-138
1747907776323.969,119813,1747907776305.188,-61,-9,-132
1747907776343.813,119817,1747907776325.031,-73,-7,-141
1747907776363.656,119835,1747907776344.906,-52,-7,-138
1747907776383.531,119830,1747907776364.75,-65,-9,-138
1747907776403.437,119830,1747907776384.563,-64,-17,-144
1747907776423.219,119856,1747907776404.469,-64,-2,-146
1747907776443.094,119854,1747907776424.312,-73,-7,-141
1747907776462.938,119850,1747907776444.156,-64,-13,-141
1747907776482.812,119855,1747907776464.031,-61,-7,-130
1747907776502.719,119858,1747907776483.875,-66,-9,-133
1747907776522.5,119869,1747907776503.844,-67,-9,-129
1747907776542.375,119886,1747907776523.6868,-80,-9,-136
1747907776562.25,119876,1747907776543.469,-66,-9,-138
1747907776582.062,119901,1747907776563.313,-65,-8,-137
1747907776601.938,119928,1747907776583.156,-73,-13,-136
1747907776621.906,119939,1747907776603.0,-64,-13,-145
1747907776641.719,119975,1747907776623.0,-71,-8,-133
1747907776661.531,119994,1747907776642.75,-73,-13,-138
1747907776681.406,119996,1747907776662.656,-72,-9,-134
1747907776701.25,120028,1747907776682.469,-65,-13,-143
1747907776721.094,120043,1747907776702.312,-72,-7,-141
1747907776740.937,120047,1747907776722.188,-72,-9,-138
1747907776760.781,120082,1747907776742.0,-64,-25,-137
1747907776780.656,120102,1747907776761.875,-72,-9,-144
1747907776800.5,120142,1747907776781.719,-80,-8,-141
1747907776820.344,120174,1747907776801.594,-63,-9,-128
1747907776840.187,120180,1747907776821.469,-69,-10,-136
1747907776860.063,120136,1747907776841.25,-65,-17,-148
1747907776879.938,120091,1747907776861.156,-63,-10,-129
1747907776899.781,120011,1747907776881.031,-64,-4,-139
1747907776919.625,119947,1747907776900.875,-66,-15,-134
1747907776939.469,119869,1747907776920.719,-57,-9,-143
1747907776959.375,119809,1747907776940.531,-68,-9,-141
1747907776979.156,119738,1747907776960.437,-77,-5,-140
1747907776999.031,119706,1747907776980.25,-65,-9,-133
1747907777018.906,119676,1747907777000.125,-64,-10,-141
1747907777038.75,119665,1747907777020.0,-41,-10,-140
1747907777058.625,119648,1747907777039.844,-64,-5,-135
1747907777078.469,119657,1747907777059.719,-72,-10,-138
1747907777098.344,119639,1747907777079.563,-64,-1,-145
1747907777118.219,119629,1747907777099.406,-72,-7,-143
1747907777138.0,119641,1747907777119.281,-64,-15,-140
1747907777157.875,119617,1747907777139.125,-73,-13,-145
1747907777177.75,119617,1747907777158.969,-72,-9,-135
1747907777197.594,119611,1747907777178.844,-78,-13,-135
1747907777217.438,119609,1747907777198.656,-72,-10,-132
1747907777237.313,119589,1747907777218.5618,-63,-10,-136
1747907777257.187,119616,1747907777238.375,-64,-9,-136
1747907777277.031,119612,1747907777258.313,-64,-9,-147
1747907777296.875,119623,1747907777278.094,-61,-9,-136
1747907777316.75,119630,1747907777298.0,-74,-13,-137
1747907777336.594,119651,1747907777317.812,-75,-9,-138
1747907777356.5,119674,1747907777337.656,-61,-9,-138
1747907777376.281,119706,1747907777357.563,-80,-9,-137
1747907777396.156,119720,1747907777377.375,-64,-8,-143
1747907777416.063,119738,1747907777397.219,-72,-9,-130
1747907777435.844,119777,1747907777417.062,-71,-1,-147
1747907777455.719,119800,1747907777436.938,-65,-11,-135
1747907777475.563,119825,1747907777456.813,-70,-6,-141
1747907777495.438,119863,1747907777476.594,-68,-17,-138
1747907777515.281,119876,1747907777496.469,-72,-7,-136
1747907777535.156,119913,1747907777516.344,-63,-7,-140
1747907777555.0,119935,1747907777536.188,-68,-7,-145
1747907777574.844,119928,1747907777556.062,-63,-8,-140
1747907777594.75,119894,1747907777575.906,-73,0,-137
1747907777614.562,119825,1747907777595.844,-74,-13,-136
1747907777634.437,119747,1747907777615.688,-65,-13,-141
1747907777654.281,119684,1747907777635.469,-66,-9,-133
1747907777674.156,119598,1747907777655.375,-80,-9,-134
1747907777694.031,119551,1747907777675.219,-71,-5,-134
1747907777713.906,119492,1747907777695.156,-80,-11,-135
1747907777733.75,119458,1747907777714.969,-63,-13,-131
1747907777753.625,119425,1747907777734.844,-76,-9,-136
1747907777773.469,119389,1747907777754.719,-64,0,-137
1747907777793.344,119383,1747907777774.563,-66,-11,-132
1747907777813.188,119371,1747907777794.438,-65,-8,-135
1747907777833.063,119352,1747907777814.281,-63,-8,-144
1747907777852.906,119345,1747907777834.125,-64,-9,-138
1747907777872.75,119319,1747907777854.0,-62,-13,-136
1747907777892.625,119273,1747907777873.844,-67,-9,-136
1747907777912.5,119238,1747907777893.687,-68,-11,-141
1747907777932.313,119217,1747907777913.562,-73,-9,-136
1747907777952.187,119199,1747907777933.469,-74,-8,-132
1747907777972.062,119188,1747907777953.281,-79,-7,-140
1747907777991.906,119189,1747907777973.125,-67,-9,-141
1747907778011.75,119212,1747907777993.0,-71,-9,-141
1747907778031.656,119239,1747907778012.812,-64,-11,-147
1747907778051.469,119275,1747907778032.719,-64,-9,-149
1747907778071.312,119283,1747907778052.531,-76,-13,-132
1747907778091.156,119316,1747907778072.375,-76,-9,-137
1747907778111.031,119329,1747907778092.281,-65,-17,-144
1747907778130.906,119358,1747907778112.094,-76,-11,-145
1747907778150.75,119398,1747907778131.969,-64,-8,-141
1747907778170.594,119413,1747907778151.813,-64,-17,-145
1747907778190.469,119442,1747907778171.719,-66,-9,-137
1747907778210.312,119473,1747907778191.531,-73,-9,-132
1747907778230.187,119488,1747907778211.406,-68,-16,-153
1747907778250.031,119530,1747907778231.25,-68,-11,-137
1747907778269.875,119570,1747907778251.125,-72,-9,-138
1747907778289.75,119595,1747907778270.937,-64,-10,-142
1747907778309.594,119614,1747907778290.813,-69,-8,-130
1747907778329.437,119608,1747907778310.656,-63,-13,-137
1747907778349.313,119582,1747907778330.5308,-64,-15,-137
1747907778369.1558,119503,1747907778350.344,-71,-9,-138
1747907778389.031,119437,1747907778370.25,-78,-7,-138
1747907778408.875,119362,1747907778390.094,-63,-16,-142
1747907778428.781,119306,1747907778409.969,-64,-9,-137
1747907778448.594,119235,1747907778429.844,-68,-8,-130
1747907778468.469,119188,1747907778449.656,-73,-9,-141
1747907778488.281,119146,1747907778469.531,-69,-6,-141
1747907778508.156,119116,1747907778489.406,-71,5,-144
1747907778528.031,119115,1747907778509.219,-64,-9,-134
1747907778547.875,119108,1747907778529.125,-66,-10,-137
1747907778567.75,119095,1747907778548.969,-72,-13,-129
1747907778587.594,119095,1747907778568.875,-66,-9,-138
1747907778607.469,119103,1747907778588.687,-66,-9,-151
1747907778627.344,119084,1747907778608.5,-75,-11,-153
1747907778647.156,119095,1747907778628.406,-71,-9,-134
1747907778667.062,119090,1747907778648.281,-65,-10,-141
1747907778686.875,119092,1747907778668.156,-63,-7,-138
1747907778706.781,119084,1747907778687.969,-77,-9,-141
1747907778726.594,119086,1747907778707.844,-68,-9,-143
1747907778746.469,119084,1747907778727.688,-68,-6,-140
1747907778766.344,119095,1747907778747.531,-64,-9,-134
1747907778786.188,119108,1747907778767.375,-64,-10,-139
1747907778806.031,119144,1747907778787.25,-66,-8,-129
1747907778825.906,119148,1747907778807.156,-73,-9,-132
1747907778845.75,119165,1747907778826.969,-64,-13,-141
1747907778865.625,119179,1747907778846.844,-72,-8,-138
1747907778885.5,119210,1747907778866.687,-69,-5,-141
1747907778905.312,119226,1747907778886.563,-72,-2,-140
1747907778925.219,119261,1747907778906.375,-73,-13,-134
1747907778945.0632,119287,1747907778926.281,-63,-12,-136
1747907778964.906,119318,1747907778946.125,-63,-9,-130
1747907778984.781,119350,1747907778965.969,-77,-7,-133
1747907779004.625,119364,1747907778985.844,-65,-9,-140
1747907779024.5,119423,1747907779005.781,-80,-9,-141
1747907779044.344,119439,1747907779025.562,-72,-7,-133
1747907779064.188,119488,1747907779045.437,-64,-7,-130
1747907779084.062,119486,1747907779065.25,-65,-15,-144
1747907779103.906,119456,1747907779085.125,-65,-13,-142
1747907779123.781,119381,1747907779104.969,-61,-9,-138
1747907779143.625,119305,1747907779124.8118,-61,-13,-144
1747907779163.469,119246,1747907779144.687,-64,-13,-138
1747907779183.312,119155,1747907779164.563,-74,-9,-136
1747907779203.156,119107,1747907779184.344,-64,-15,-148
1747907779223.031,119048,1747907779204.25,-69,-10,-138
1747907779242.875,119021,1747907779224.094,-68,-17,-145
1747907779262.75,118983,1747907779243.938,-72,-16,-132
1747907779282.562,118956,1747907779263.844,-74,-5,-137
1747907779302.438,118947,1747907779283.6558,-61,-9,-153
1747907779322.313,118934,1747907779303.5,-61,-5,-143
1747907779342.156,118950,1747907779323.375,-77,-9,-132
1747907779362.0,118924,1747907779343.219,-63,-9,-134
1747907779381.844,118886,1747907779363.063,-71,-9,-134
1747907779401.719,118875,1747907779382.906,-72,-9,-134
1747907779421.594,118906,1747907779402.781,-68,-13,-135
1747907779441.406,118923,1747907779422.625,-65,-13,-141
1747907779461.281,118906,1747907779442.531,-70,-7,-144
1747907779481.156,118919,1747907779462.344,-77,-1,-130
1747907779501.031,118922,1747907779482.219,-59,-13,-138
1747907779520.844,118938,1747907779502.094,-61,-9,-141
1747907779540.719,118966,1747907779521.906,-75,-9,-136
1747907779560.688,118990,1747907779541.781,-74,-13,-141
1747907779580.438,119028,1747907779561.656,-64,-1,-143
1747907779600.25,119066,1747907779581.5,-73,-8,-144
1747907779620.094,119096,1747907779601.375,-76,-9,-144
1747907779639.969,119104,1747907779621.188,-64,-15,-143
1747907779659.844,119107,1747907779641.031,-64,-11,-145
1747907779679.688,119128,1747907779660.906,-73,-6,-138
1747907779699.531,119143,1747907779680.781,-68,-13,-144
1747907779719.406,119163,1747907779700.594,-65,-13,-130
1747907779739.25,119205,1747907779720.469,-72,-13,-137
1747907779759.094,119267,1747907779740.375,-76,-13,-149
1747907779779.031,119335,1747907779760.219,-72,-10,-141
1747907779798.812,119360,1747907779780.125,-76,-9,-137
1747907779818.688,119358,1747907779799.875,-69,-8,-133
1747907779838.625,119348,1747907779819.75,-68,-9,-129
1747907779858.406,119301,1747907779839.719,-68,0,-136
1747907779878.25,119267,1747907779859.469,-64,-5,-148
1747907779898.125,119214,1747907779879.344,-72,-9,-136
1747907779917.969,119160,1747907779899.187,-81,-12,-133
1747907779937.844,119115,1747907779919.094,-80,-10,-135
1747907779957.719,119085,1747907779938.906,-64,-9,-133
1747907779977.594,119068,1747907779958.813,-73,-1,-138
1747907779997.438,119075,1747907779978.687,-66,-9,-137
1747907780017.313,119097,1747907779998.562,-72,-9,-128
1747907780037.187,119088,1747907780018.406,-65,-9,-132
1747907780057.062,119102,1747907780038.25,-64,-7,-137
1747907780076.875,119128,1747907780058.125,-73,-8,-132
1747907780096.75,119113,1747907780078.0,-65,0,-139
1747907780116.656,119129,1747907780097.812,-76,-13,-132
1747907780136.469,119134,1747907780117.719,-73,-9,-142
1747907780156.344,119117,1747907780137.594,-68,-8,-144
1747907780176.188,119157,1747907780157.406,-68,-5,-147
1747907780196.094,119175,1747907780177.344,-62,-7,-136
1747907780215.937,119169,1747907780197.125,-77,-9,-130
1747907780235.781,119191,1747907780217.0,-73,-9,-136
1747907780255.625,119181,1747907780236.875,-77,-10,-132
1747907780275.469,119179,1747907780256.719,-72,-9,-137
1747907780295.375,119198,1747907780276.563,-68,-9,-137
1747907780315.187,119203,1747907780296.438,-80,-17,-140
1747907780335.063,119216,1747907780316.312,-74,-9,-142
1747907780354.938,119238,1747907780336.125,-76,-12,-141
1747907780374.781,119272,1747907780356.0,-61,0,-161
1747907780394.656,119284,1747907780375.844,-61,-9,-136
1747907780414.5,119299,1747907780395.75,-68,-13,-137
1747907780434.344,119292,1747907780415.562,-77,-9,-130
1747907780454.219,119328,1747907780435.437,-74,-11,-141
1747907780474.031,119363,1747907780455.281,-64,-5,-137
1747907780493.938,119385,1747907780475.156,-68,-9,-132
1747907780513.781,119430,1747907780495.0,-68,-9,-137
1747907780533.6558,119490,1747907780514.844,-68,-12,-137
1747907780553.5,119526,1747907780534.75,-64,-7,-145
1747907780573.406,119522,1747907780554.594,-65,-9,-133
1747907780593.219,119484,1747907780574.469,-76,-13,-130
1747907780613.094,119425,1747907780594.281,-64,-9,-139
1747907780633.0,119363,1747907780614.156,-65,-7,-134
1747907780652.812,119302,1747907780634.031,-69,12,-144
1747907780672.656,119234,1747907780653.875,-76,-11,-132
1747907780692.531,119179,1747907780673.719,-73,-9,-136
1747907780712.375,119132,1747907780693.625,-63,-17,-124
1747907780732.219,119115,1747907780713.5,-64,-8,-137
1747907780752.063,119088,1747907780733.281,-69,-11,-137
1747907780771.938,119060,1747907780753.125,-64,-9,-141
1747907780791.781,119059,1747907780773.0,-68,-13,-142
1747907780811.687,119070,1747907780792.875,-67,-5,-148
1747907780831.5,119088,1747907780812.719,-68,-9,-138
1747907780851.375,119112,1747907780832.562,-72,-10,-132
1747907780871.188,119123,1747907780852.406,-64,-13,-151
1747907780891.062,119119,1747907780872.281,-76,-11,-141
1747907780910.906,119117,1747907780892.125,-77,-13,-137
1747907780930.781,119113,1747907780911.969,-77,-17,-135
1747907780950.656,119125,1747907780931.844,-65,-13,-144
1747907780970.5,119134,1747907780951.75,-68,-9,-142
1747907780990.344,119143,1747907780971.563,-64,-8,-141
1747907781010.281,119158,1747907780991.406,-65,-9,-145
1747907781030.125,119177,1747907781011.375,-69,-11,-138
1747907781049.969,119199,1747907781031.156,-64,-4,-134
1747907781069.844,119221,1747907781051.031,-66,-9,-132
1747907781089.688,119249,1747907781070.906,-77,-9,-137
1747907781109.531,119274,1747907781090.75,-66,-9,-132
1747907781129.406,119298,1747907781110.656,-64,-9,-132
1747907781149.25,119356,1747907781130.469,-64,-9,-134
1747907781169.094,119379,1747907781150.4058,-77,-6,-138
1747907781188.938,119402,1747907781170.156,-72,-15,-138
1747907781208.781,119430,1747907781190.0,-65,-9,-145
1747907781228.656,119458,1747907781209.844,-65,-13,-136
1747907781248.531,119492,1747907781229.719,-77,-8,-134
1747907781268.406,119515,1747907781249.594,-67,-5,-143
1747907781288.219,119500,1747907781269.437,-65,-9,-141
1747907781308.094,119451,1747907781289.281,-68,-9,-138
1747907781327.969,119412,1747907781309.188,-66,-13,-137
1747907781347.781,119347,1747907781329.0,-68,-13,-145
1747907781367.625,119270,1747907781348.875,-64,-9,-136
1747907781387.5,119232,1747907781368.719,-80,-17,-128
1747907781407.375,119190,1747907781388.594,-65,-7,-142
1747907781427.187,119159,1747907781408.406,-71,-9,-130
1747907781447.031,119131,1747907781428.281,-77,-9,-145
1747907781466.906,119126,1747907781448.094,-63,-13,-132
1747907781486.75,119115,1747907781468.0,-65,-10,-136
1747907781506.594,119135,1747907781487.813,-72,-9,-138
1747907781526.469,119147,1747907781507.688,-68,-10,-132
1747907781546.313,119144,1747907781527.531,-66,-9,-138
1747907781566.188,119172,1747907781547.375,-65,-9,-136
1747907781586.031,119173,1747907781567.281,-66,-9,-141
1747907781605.875,119165,1747907781587.156,-66,-7,-144
1747907781625.75,119183,1747907781606.9692,-73,-2,-138
1747907781645.625,119181,1747907781626.844,-74,-13,-138
1747907781665.469,119198,1747907781646.687,-52,-5,-144
1747907781685.437,119190,1747907781666.563,-73,-13,-133
1747907781705.313,119232,1747907781686.5,-67,-18,-138
1747907781725.063,119244,1747907781706.281,-71,19,-143
1747907781744.906,119253,1747907781726.156,-68,-15,-135
1747907781764.75,119268,1747907781746.0,-79,-13,-134
1747907781784.625,119308,1747907781765.8132,-65,-16,-144
1747907781804.5,119338,1747907781785.719,-77,-13,-137
1747907781824.313,119370,1747907781805.562,-66,-10,-137
1747907781844.219,119388,1747907781825.438,-74,-7,-141
1747907781864.062,119428,1747907781845.281,-66,-13,-140
1747907781883.906,119459,1747907781865.125,-64,-9,-133
1747907781903.75,119500,1747907781885.0,-77,-9,-138
1747907781923.625,119544,1747907781904.844,-64,-15,-130
1747907781943.469,119584,1747907781924.688,-71,-13,-138
1747907781963.344,119598,1747907781944.531,-65,-8,-137
1747907781983.156,119604,1747907781964.406,-72,-11,-134
1747907782003.0,119581,1747907781984.375,-72,-9,-137
1747907782022.875,119536,1747907782004.094,-65,-13,-136
1747907782042.75,119465,1747907782023.938,-74,-9,-137
1747907782062.563,119425,1747907782043.781,-75,-21,-144
1747907782082.438,119369,1747907782063.687,-74,-7,-138
1747907782102.312,119345,1747907782083.531,-64,-9,-148
1747907782122.156,119307,1747907782103.375,-68,-1,-128
1747907782142.0,119290,1747907782123.25,-64,-10,-137
1747907782161.844,119267,1747907782143.094,-64,-7,-134
1747907782181.719,119264,1747907782162.906,-74,-7,-141
1747907782201.594,119275,1747907782182.781,-71,-7,-140
1747907782221.406,119277,1747907782202.688,-68,-13,-136
1747907782241.281,119295,1747907782222.5,-68,-10,-138
1747907782261.188,119279,1747907782242.375,-74,-9,-138
1747907782281.031,119305,1747907782262.219,-66,-13,-148
1747907782300.875,119292,1747907782282.094,-73,-15,-139
1747907782320.75,119304,1747907782301.969,-71,-13,-141
1747907782340.625,119315,1747907782321.812,-84,-10,-137
1747907782360.5,119330,1747907782341.687,-68,-15,-136
1747907782380.312,119321,1747907782361.563,-66,-13,-137
1747907782400.188,119326,1747907782381.438,-64,-6,-143
1747907782420.063,119344,1747907782401.281,-73,-8,-144
1747907782439.937,119359,1747907782421.094,-76,-13,-141
1747907782459.75,119376,1747907782441.0,-76,-17,-144
1747907782479.625,119390,1747907782460.875,-75,-5,-136
1747907782499.5,119421,1747907782480.687,-64,-7,-137
1747907782519.375,119463,1747907782500.594,-69,-9,-145
1747907782539.219,119465,1747907782520.438,-72,-10,-140
1747907782559.094,119510,1747907782540.313,-64,-13,-138
1747907782578.938,119529,1747907782560.156,-66,-9,-138
1747907782598.813,119567,1747907782580.0,-63,-15,-135
1747907782618.625,119598,1747907782599.906,-77,-9,-137
1747907782638.531,119559,1747907782619.75,-53,0,-142
1747907782658.375,119548,1747907782639.594,-68,-9,-138
1747907782678.25,119491,1747907782659.469,-79,-9,-130
1747907782698.094,119415,1747907782679.312,-68,-4,-141
1747907782717.969,119324,1747907782699.188,-72,-13,-133
1747907782737.813,119266,1747907782719.031,-49,-9,-136
1747907782757.688,119207,1747907782738.875,-67,-12,-136
1747907782777.5,119155,1747907782758.75,-65,-9,-140
1747907782797.344,119113,1747907782778.563,-73,-21,-145
1747907782817.219,119069,1747907782798.438,-74,-11,-132
1747907782837.063,119065,1747907782818.281,-73,-8,-135
1747907782856.906,119050,1747907782838.125,-73,-15,-131
1747907782876.781,119045,1747907782858.0,-64,-11,-138
1747907782896.625,119049,1747907782877.844,-73,-9,-134
1747907782916.5,119062,1747907782897.719,-77,-7,-142
1747907782936.344,119077,1747907782917.562,-68,-9,-137
1747907782956.187,119073,1747907782937.437,-77,-9,-130
1747907782976.062,119081,1747907782957.313,-72,-7,-138
1747907782995.938,119080,1747907782977.125,-77,-9,-136
1747907783015.75,119081,1747907782997.0,-66,-13,-134
1747907783035.625,119109,1747907783016.844,-72,-9,-130
1747907783055.5,119103,1747907783036.719,-72,-10,-138
1747907783075.375,119125,1747907783056.531,-64,-13,-137
1747907783095.219,119140,1747907783076.437,-68,-9,-142
1747907783115.094,119170,1747907783096.312,-72,-9,-138
1747907783134.937,119189,1747907783116.156,-66,-6,-144
1747907783154.812,119207,1747907783136.0,-75,-9,-136
1747907783174.625,119232,1747907783155.875,-77,0,-134
1747907783194.5,119255,1747907783175.75,-77,-1,-135
1747907783214.375,119279,1747907783195.5618,-68,-9,-128
1747907783234.219,119315,1747907783215.438,-79,-13,-138
1747907783254.062,119350,1747907783235.281,-66,-10,-137
1747907783273.938,119379,1747907783255.156,-69,0,-138
1747907783293.781,119412,1747907783275.0,-74,-8,-138
1747907783313.656,119397,1747907783294.875,-70,-10,-136
1747907783333.469,119332,1747907783314.719,-77,-12,-137
1747907783353.344,119272,1747907783334.594,-68,-7,-141
1747907783373.188,119188,1747907783354.406,-63,-10,-130
1747907783393.062,119115,1747907783374.281,-65,-9,-132
1747907783412.875,119034,1747907783394.125,-79,-9,-134
1747907783432.75,118960,1747907783413.969,-74,-13,-138
1747907783452.625,118913,1747907783433.781,-72,-10,-135
1747907783472.469,118872,1747907783453.719,-89,-13,-136
1747907783492.312,118841,1747907783473.563,-64,-5,-137
1747907783512.219,118831,1747907783493.438,-66,-6,-140
1747907783532.063,118820,1747907783513.281,-73,-16,-136
1747907783551.938,118813,1747907783533.156,-69,-12,-138
1747907783571.75,118816,1747907783553.0,-80,-8,-136
1747907783591.625,118816,1747907783572.844,-64,-9,-128
1747907783611.5,118792,1747907783592.688,-66,-13,-133
1747907783631.344,118796,1747907783612.562,-72,-10,-136
1747907783651.187,118789,1747907783632.469,-68,-8,-140
1747907783671.062,118803,1747907783652.313,-76,-12,-130
1747907783690.938,118797,1747907783672.125,-64,-13,-132
1747907783710.781,118802,1747907783692.0,-67,-7,-138
1747907783730.625,118797,1747907783711.844,-78,-10,-138
1747907783750.5,118798,1747907783731.719,-69,-10,-144
1747907783770.375,118816,1747907783751.594,-77,-9,-136
1747907783790.25,118826,1747907783771.437,-64,-13,-133
1747907783810.063,118835,1747907783791.312,-61,-7,-143
1747907783829.937,118861,1747907783811.125,-68,-6,-146
1747907783849.938,118889,1747907783831.0,-68,-8,-141
1747907783869.688,118906,1747907783850.875,-81,-1,-128
1747907783889.5,118930,1747907783870.75,-64,-9,-130
1747907783909.375,118956,1747907783890.625,-76,-12,-132
1747907783929.219,118964,1747907783910.438,-79,-16,-136
1747907783949.094,119006,1747907783930.281,-71,-13,-130
1747907783968.906,119042,1747907783950.187,-77,-11,-138
1747907783988.781,119046,1747907783970.031,-68,-7,-144
1747907784008.656,119004,1747907783989.844,-73,-10,-134
1747907784028.5,118969,1747907784009.719,-76,-10,-136
1747907784048.344,118902,1747907784029.594,-64,-9,-138
1747907784068.219,118831,1747907784049.437,-74,-8,-136
1747907784088.062,118770,1747907784069.281,-76,-9,-141
1747907784107.937,118733,1747907784089.125,-64,-7,-141
1747907784127.781,118671,1747907784109.031,-73,-8,-137
1747907784147.625,118634,1747907784128.906,-61,-5,-139
1747907784167.5,118617,1747907784148.719,-70,-10,-132
1747907784187.344,118598,1747907784168.563,-76,-8,-136
1747907784207.187,118589,1747907784188.438,-77,-2,-136
1747907784227.063,118590,1747907784208.312,-69,-13,-134
1747907784246.906,118583,1747907784228.125,-71,-9,-145
1747907784266.781,118599,1747907784248.0,-72,-9,-128
1747907784286.625,118597,1747907784267.875,-65,-13,-133
1747907784306.469,118584,1747907784287.688,-81,-3,-148
1747907784326.344,118597,1747907784307.562,-76,-9,-145
1747907784346.187,118586,1747907784327.406,-64,-11,-138
1747907784366.031,118594,1747907784347.25,-72,-10,-133
1747907784385.875,118594,1747907784367.156,-75,-8,-137
1747907784405.75,118600,1747907784386.969,-69,-9,-137
1747907784425.563,118619,1747907784406.812,-80,-5,-136
1747907784445.406,118640,1747907784426.625,-70,-8,-138
1747907784465.25,118660,1747907784446.5,-66,-12,-134
1747907784485.125,118684,1747907784466.3442,-64,-17,-141
1747907784505.0,118688,1747907784486.187,-68,-9,-136
1747907784524.812,118746,1747907784506.062,-79,-8,-132
1747907784544.656,118758,1747907784525.906,-50,-9,-144
1747907784564.531,118791,1747907784545.75,-71,-15,-136
1747907784584.375,118824,1747907784565.594,-64,-9,-132
1747907784604.188,118865,1747907784585.469,-72,-9,-134
1747907784624.062,118878,1747907784605.313,-66,-9,-133
1747907784643.937,118945,1747907784625.156,-77,-17,-138
1747907784663.781,118975,1747907784645.0,-65,-13,-137
1747907784683.625,119003,1747907784664.875,-66,-9,-137
1747907784703.5,118985,1747907784684.719,-68,-9,-137
1747907784723.344,118950,1747907784704.563,-64,-9,-134
1747907784743.219,118902,1747907784724.438,-66,-5,-141
1747907784763.031,118844,1747907784744.281,-65,-9,-146
1747907784782.906,118818,1747907784764.156,-79,-9,-140
1747907784802.75,118793,1747907784783.969,-66,-10,-133
1747907784822.625,118779,1747907784803.813,-76,-9,-141
1747907784842.469,118769,1747907784823.688,-71,-11,-139
1747907784862.344,118752,1747907784843.5618,-64,-7,-137
1747907784882.156,118761,1747907784863.406,-80,-9,-140
1747907784902.031,118786,1747907784883.25,-71,0,-140
1747907784921.906,118802,1747907784903.094,-71,-7,-141
1747907784941.719,118803,1747907784922.969,-73,-1,-125
1747907784961.594,118842,1747907784942.781,-74,-10,-134
1747907784981.437,118867,1747907784962.656,-68,-9,-134
1747907785001.281,118888,1747907784982.5,-72,-5,-130
1747907785021.156,118898,1747907785002.375,-77,-9,-133
1747907785041.0,118918,1747907785022.219,-68,-13,-145
1747907785060.844,118933,1747907785042.062,-77,-13,-134
1747907785080.719,118948,1747907785061.906,-74,-9,-138
1747907785100.531,118977,1747907785081.75,-74,-13,-141
1747907785120.375,119000,1747907785101.594,-73,-17,-141
1747907785140.25,119032,1747907785121.437,-64,-9,-134
1747907785160.094,119055,1747907785141.344,-80,-9,-132
1747907785179.969,119085,1747907785161.156,-67,-9,-147
1747907785199.813,119122,1747907785181.031,-64,0,-140
1747907785219.656,119155,1747907785200.906,-89,-18,-138
1747907785239.531,119194,1747907785220.75,-65,-6,-141
1747907785259.406,119244,1747907785240.625,-65,-7,-136
1747907785279.219,119280,1747907785260.406,-74,-8,-137
1747907785299.063,119303,1747907785280.281,-65,-11,-130
1747907785318.906,119353,1747907785300.156,-79,-9,-130
1747907785338.75,119397,1747907785319.969,-64,-7,-130
1747907785358.625,119441,1747907785339.844,-80,-8,-130
1747907785378.469,119473,1747907785359.688,-64,-13,-141
1747907785398.344,119482,1747907785379.531,-65,-13,-142
1747907785418.187,119438,1747907785399.406,-66,-7,-136
1747907785438.0,119414,1747907785419.25,-79,-9,-136
1747907785457.875,119386,1747907785439.063,-73,-17,-146
1747907785477.719,119348,1747907785458.9692,-76,-9,-141
1747907785497.656,119329,1747907785478.812,-65,0,-144
1747907785517.437,119306,1747907785498.688,-72,-9,-151
1747907785537.312,119331,1747907785518.5,-64,-9,-133
1747907785557.156,119325,1747907785538.406,-81,-11,-136
1747907785577.0,119329,1747907785558.219,-68,-13,-140
1747907785596.875,119349,1747907785578.094,-76,-10,-137
1747907785616.687,119357,1747907785597.938,-61,-17,-136
1747907785636.563,119363,1747907785617.75,-72,-9,-126
1747907785656.406,119390,1747907785637.625,-64,-13,-134
1747907785676.25,119392,1747907785657.5,-74,-11,-128
1747907785696.094,119430,1747907785677.313,-72,-9,-136
1747907785715.937,119443,1747907785697.156,-64,-13,-147
1747907785735.781,119472,1747907785717.031,-80,-7,-130
1747907785755.688,119501,1747907785736.875,-77,-13,-136
1747907785775.5,119530,1747907785756.75,-66,-6,-130
1747907785795.406,119560,1747907785776.563,-77,-9,-130
1747907785815.281,119582,1747907785796.469,-74,-8,-140
1747907785835.094,119619,1747907785816.375,-80,-8,-137
1747907785854.938,119664,1747907785836.156,-73,-6,-132
1747907785874.8118,119698,1747907785856.031,-65,-16,-137
1747907785894.656,119734,1747907785875.906,-80,-13,-134
1747907785914.5,119780,1747907785895.781,-66,-9,-141
1747907785934.375,119800,1747907785915.594,-64,-12,-138
1747907785954.25,119847,1747907785935.437,-72,-17,-140
1747907785974.094,119879,1747907785955.313,-72,-9,-138
1747907785993.938,119932,1747907785975.156,-68,-8,-133
1747907786013.813,119966,1747907785995.0,-77,-12,-145
1747907786033.687,119994,1747907786014.875,-68,-11,-140
1747907786053.5,120063,1747907786034.75,-65,-9,-128
1747907786073.375,120066,1747907786054.625,-74,-8,-136
1747907786093.219,120069,1747907786074.437,-66,-13,-137
1747907786113.094,120048,1747907786094.312,-65,-13,-136
1747907786132.937,120025,1747907786114.156,-81,-9,-137
1747907786152.781,119991,1747907786134.031,-68,-5,-134
1747907786172.625,119976,1747907786153.875,-77,-7,-135
1747907786192.5,119980,1747907786173.719,-64,7,-139
1747907786212.344,119973,1747907786193.562,-64,-9,-141
1747907786232.187,119980,1747907786213.438,-52,-12,-138
1747907786252.063,119999,1747907786233.25,-74,-9,-134
1747907786271.906,120006,1747907786253.125,-67,-12,-132
1747907786291.719,120041,1747907786272.969,-83,-13,-138
1747907786311.594,120065,1747907786292.844,-69,-9,-136
1747907786331.437,120086,1747907786312.6882,-77,-9,-137
1747907786351.3132,120136,1747907786332.531,-74,-17,-141
1747907786371.156,120168,1747907786352.406,-66,-9,-139
1747907786391.0,120191,1747907786372.281,-65,-8,-141
1747907786410.875,120225,1747907786392.063,-73,-11,-144
1747907786430.813,120228,1747907786411.938,-64,-13,-143
1747907786450.563,120263,1747907786431.844,-61,-9,-153
1747907786470.438,120289,1747907786451.687,-75,-9,-133
1747907786490.312,120321,1747907786471.5,-72,-9,-134
1747907786510.156,120361,1747907786491.375,-64,-9,-136
1747907786530.0,120401,1747907786511.25,-71,-8,-136
1747907786549.875,120447,1747907786531.094,-66,-6,-138
1747907786569.719,120486,1747907786550.937,-72,-7,-138
1747907786589.625,120526,1747907786570.813,-63,-13,-128
1747907786609.438,120579,1747907786590.688,-76,-13,-142
1747907786629.313,120620,1747907786610.531,-57,-13,-140
1747907786649.156,120668,1747907786630.406,-80,-8,-136
1747907786669.031,120721,1747907786650.219,-73,-9,-135
1747907786688.875,120771,1747907786670.094,-72,-2,-150
1747907786708.75,120805,1747907786689.969,-64,-9,-134
1747907786728.594,120813,1747907786709.812,-68,-9,-131
1747907786748.469,120829,1747907786729.688,-74,-9,-132
1747907786768.344,120795,1747907786749.563,-76,-13,-132
1747907786788.188,120754,1747907786769.437,-68,-10,-138
1747907786808.063,120734,1747907786789.25,-73,-9,-133
1747907786827.9368,120700,1747907786809.125,-80,-9,-134
1747907786847.75,120690,1747907786829.0,-84,-9,-129
1747907786867.625,120665,1747907786848.844,-73,-9,-132
1747907786887.5,120649,1747907786868.719,-77,-9,-130
1747907786907.406,120647,1747907786888.562,-77,-25,-135
1747907786927.187,120670,1747907786908.406,-68,-9,-144
1747907786947.063,120695,1747907786928.313,-66,-8,-138
1747907786966.906,120706,1747907786948.125,-81,-17,-136
1747907786986.75,120730,1747907786967.969,-65,-8,-136
1747907787006.594,120746,1747907786987.844,-74,-6,-138
1747907787026.469,120765,1747907787007.688,-68,-17,-143
1747907787046.313,120769,1747907787027.5,-68,-12,-137
1747907787066.188,120802,1747907787047.375,-73,-9,-136
1747907787086.031,120815,1747907787067.25,-72,-10,-128
1747907787105.875,120842,1747907787087.125,-76,-9,-133
1747907787125.75,120860,1747907787106.938,-73,-13,-130
1747907787145.625,120861,1747907787126.844,-77,-15,-136
1747907787165.437,120901,1747907787146.656,-65,-11,-149
1747907787185.25,120905,1747907787166.531,-76,-9,-136
1747907787205.125,120935,1747907787186.344,-64,-12,-137
1747907787224.969,120951,1747907787206.219,-71,-5,-138
1747907787244.844,120991,1747907787226.031,-64,-5,-143
1747907787264.687,121023,1747907787245.906,-81,-11,-133
1747907787284.562,121055,1747907787265.719,-69,-13,-137
1747907787304.375,121084,1747907787285.625,-69,-4,-145
1747907787324.219,121107,1747907787305.406,-69,-13,-145
1747907787344.063,121159,1747907787325.281,-68,-13,-143
1747907787363.906,121170,1747907787345.125,-66,-17,-140
1747907787383.75,121181,1747907787364.938,-73,-10,-133
1747907787403.625,121170,1747907787384.813,-73,-7,-142
1747907787423.406,121122,1747907787404.687,-66,-9,-128
1747907787443.281,121075,1747907787424.5,-77,-13,-136
1747907787463.125,121048,1747907787444.313,-65,-9,-129
1747907787482.969,120994,1747907787464.188,-80,-11,-138
1747907787502.844,120965,1747907787484.062,-66,-9,-134
1747907787522.656,120958,1747907787503.906,-64,-9,-137
1747907787542.531,120935,1747907787523.719,-72,-13,-136
1747907787562.5,120917,1747907787543.625,-76,-11,-132
1747907787582.281,120931,1747907787563.562,-80,-9,-129
1747907787602.094,120935,1747907787583.312,-73,-7,-144
1747907787621.938,120956,1747907787603.156,-66,-13,-138
1747907787641.781,120954,1747907787623.0,-85,-7,-137
1747907787661.625,120984,1747907787642.875,-68,-9,-139
1747907787681.5,121002,1747907787662.719,-66,-9,-132
1747907787701.344,121031,1747907787682.531,-69,-16,-132
1747907787721.187,121032,1747907787702.437,-64,-10,-144
1747907787741.031,121052,1747907787722.25,-77,-9,-144
1747907787760.875,121069,1747907787742.094,-68,-12,-128
1747907787780.75,121071,1747907787761.937,-65,-13,-132
1747907787800.594,121100,1747907787781.844,-79,-13,-144
1747907787820.406,121142,1747907787801.719,-68,-12,-136
1747907787840.312,121143,1747907787821.531,-66,-12,-132
1747907787860.156,121176,1747907787841.375,-68,-9,-132
1747907787880.031,121198,1747907787861.219,-73,-12,-133
1747907787899.906,121217,1747907787881.094,-74,-13,-129
1747907787919.719,121255,1747907787901.031,-80,-8,-139
1747907787939.531,121297,1747907787920.75,-79,-7,-132
1747907787959.438,121322,1747907787940.562,-68,-9,-147
1747907787979.219,121358,1747907787960.5,-65,-17,-138
1747907787999.156,121409,1747907787980.281,-79,-10,-137
1747907788018.937,121447,1747907788000.125,-66,-4,-141
1747907788038.781,121420,1747907788020.0,-68,-17,-132
1747907788058.625,121378,1747907788039.844,-65,-13,-132
1747907788078.469,121344,1747907788059.75,-77,-13,-132
1747907788098.312,121282,1747907788079.531,-66,-7,-128
1747907788118.156,121229,1747907788099.375,-77,-9,-142
1747907788138.0,121190,1747907788119.25,-67,-9,-140
1747907788157.844,121153,1747907788139.156,-68,-13,-147
1747907788177.7192,121109,1747907788158.937,-64,-8,-143
1747907788197.562,121079,1747907788178.781,-67,-17,-133
1747907788217.406,121077,1747907788198.625,-66,-11,-132
1747907788237.344,121053,1747907788218.469,-71,-9,-134
1747907788257.063,121025,1747907788238.437,-79,-6,-134
1747907788276.937,121063,1747907788258.156,-70,-9,-146
1747907788296.781,121065,1747907788278.0,-66,-13,-137
1747907788316.594,121077,1747907788297.844,-64,-6,-141
1747907788336.469,121080,1747907788317.687,-65,-13,-145
1747907788356.375,121075,1747907788337.531,-74,-13,-138
1747907788376.156,121077,1747907788357.375,-76,-8,-145
1747907788396.0,121081,1747907788377.219,-65,-14,-138
1747907788415.844,121082,1747907788397.094,-76,-9,-137
1747907788435.688,121084,1747907788416.937,-80,-9,-120
1747907788455.562,121084,1747907788436.75,-73,-8,-134
1747907788475.344,121101,1747907788456.625,-64,-17,-136
1747907788495.219,121126,1747907788476.469,-68,-5,-137
1747907788515.094,121134,1747907788496.281,-72,-10,-134
1747907788534.938,121156,1747907788516.187,-61,-10,-136
1747907788554.781,121161,1747907788536.0,-81,-7,-136
1747907788574.625,121209,1747907788555.875,-77,-9,-130
1747907788594.5,121207,1747907788575.7192,-65,-9,-141
1747907788614.344,121247,1747907788595.562,-72,-9,-145
1747907788634.187,121260,1747907788615.406,-69,-13,-136
1747907788654.031,121275,1747907788635.313,-64,0,-137
1747907788673.906,121303,1747907788655.094,-68,-9,-132
1747907788693.813,121340,1747907788674.969,-75,-11,-136
1747907788713.594,121320,1747907788694.844,-66,-8,-129
1747907788733.437,121286,1747907788714.688,-64,-9,-135
1747907788753.312,121226,1747907788734.531,-77,-9,-132
1747907788773.156,121156,1747907788754.375,-65,-9,-132
1747907788793.031,121111,1747907788774.25,-77,-15,-137
1747907788812.844,121100,1747907788794.125,-77,-5,-144
1747907788832.75,121056,1747907788814.031,-67,-7,-132
1747907788852.594,121032,1747907788833.813,-64,-9,-139
1747907788872.438,121048,1747907788853.656,-72,-9,-140
1747907788892.281,121035,1747907788873.531,-65,-15,-138
1747907788912.25,121022,1747907788893.375,-64,-13,-139
1747907788932.062,121025,1747907788913.313,-79,-15,-137
1747907788951.844,121045,1747907788933.094,-79,-13,-144
1747907788971.688,121063,1747907788952.9368,-65,-9,-135
1747907788991.562,121096,1747907788972.75,-81,-9,-138
1747907789011.437,121130,1747907788992.625,-77,-10,-144
1747907789031.25,121208,1747907789012.5,-72,-8,-137
1747907789051.125,121259,1747907789032.375,-64,-17,-137
1747907789071.031,121329,1747907789052.156,-72,-13,-136
1747907789090.812,121358,1747907789072.063,-68,-8,-136
1747907789110.656,121354,1747907789091.906,-72,-10,-145
1747907789130.5,121365,1747907789111.75,-64,-17,-130
1747907789150.375,121388,1747907789131.594,-71,-10,-137
1747907789170.219,121401,1747907789151.469,-63,-9,-130
1747907789190.094,121428,1747907789171.281,-77,-8,-133
1747907789209.906,121447,1747907789191.188,-70,-10,-140
1747907789229.781,121458,1747907789211.0,-64,-13,-144
1747907789249.719,121472,1747907789230.844,-64,-5,-133
1747907789269.5,121444,1747907789250.813,-76,-4,-129
1747907789289.3118,121445,1747907789270.563,-68,-9,-137
1747907789309.188,121434,1747907789290.406,-64,-9,-144
1747907789329.031,121428,1747907789310.25,-81,-13,-137
1747907789348.906,121375,1747907789330.094,-64,-10,-140
1747907789368.719,121344,1747907789349.969,-68,-15,-132
1747907789388.562,121281,1747907789369.813,-72,0,-138
1747907789408.438,121222,1747907789389.656,-64,-10,-136
1747907789428.281,121136,1747907789409.5,-69,-13,-133
1747907789448.125,121078,1747907789429.344,-65,-13,-153
1747907789467.969,121001,1747907789449.219,-64,-13,-134
1747907789487.813,120926,1747907789469.063,-72,-9,-128
1747907789507.688,120879,1747907789488.906,-58,-9,-138
1747907789527.5,120809,1747907789508.719,-65,-9,-136
1747907789547.344,120790,1747907789528.594,-64,-10,-132
1747907789567.219,120737,1747907789548.406,-72,-8,-140
1747907789587.063,120717,1747907789568.281,-76,-9,-138
1747907789606.906,120715,1747907789588.125,-64,-9,-141
1747907789626.75,120718,1747907789607.969,-74,-9,-141
1747907789646.594,120697,1747907789627.813,-76,-7,-143
1747907789666.437,120699,1747907789647.688,-65,-12,-148
1747907789686.25,120674,1747907789667.5,-72,-9,-143
1747907789706.125,120680,1747907789687.375,-64,-9,-141
1747907789725.969,120675,1747907789707.187,-72,-15,-132
1747907789745.844,120678,1747907789727.031,-64,-9,-139
1747907789765.656,120661,1747907789746.906,-77,-9,-145
1747907789785.5,120641,1747907789766.75,-80,-9,-128
1747907789805.375,120655,1747907789786.562,-66,-5,-141
1747907789825.219,120655,1747907789806.469,-74,-6,-129
1747907789845.031,120649,1747907789826.281,-66,-9,-133
1747907789864.906,120666,1747907789846.125,-64,-9,-134
1747907789884.719,120690,1747907789865.969,-63,-10,-138
1747907789904.594,120686,1747907789885.781,-73,-9,-137
1747907789924.469,120715,1747907789905.688,-68,-9,-136
1747907789944.281,120723,1747907789925.531,-69,0,-138
1747907789964.156,120719,1747907789945.375,-64,-10,-152
1747907789984.0,120741,1747907789965.25,-64,-9,-136
1747907790003.875,120760,1747907789985.094,-83,-5,-140
1747907790023.813,120769,1747907790004.938,-68,-13,-136
1747907790043.563,120777,1747907790024.875,-69,-13,-136
1747907790063.406,120745,1747907790044.625,-65,-13,-145
1747907790083.281,120694,1747907790064.5,-72,0,-139
1747907790103.094,120638,1747907790084.344,-50,-13,-138
1747907790122.969,120566,1747907790104.156,-61,-8,-131
1747907790142.813,120514,1747907790124.062,-64,-9,-144
1747907790162.688,120448,1747907790143.875,-72,-9,-141
1747907790182.5,120379,1747907790163.8132,-74,-9,-140
1747907790202.375,120327,1747907790183.594,-77,-13,-136
1747907790222.219,120301,1747907790203.469,-64,-13,-137
1747907790242.094,120295,1747907790223.281,-68,-7,-131
1747907790262.0,120293,1747907790243.156,-64,-9,-136
1747907790281.812,120306,1747907790263.094,-66,-9,-145
1747907790301.656,120293,1747907790282.844,-63,-13,-136
1747907790321.5,120266,1747907790302.7192,-63,-9,-137
1747907790341.3442,120247,1747907790322.562,-77,-7,-137
1747907790361.187,120245,1747907790342.438,-64,-9,-130
1747907790381.062,120223,1747907790362.25,-77,-10,-138
1747907790400.906,120205,1747907790382.125,-72,3,-140
1747907790420.75,120200,1747907790402.0,-67,-17,-134
1747907790440.594,120164,1747907790421.844,-61,-13,-133
1747907790460.469,120149,1747907790441.656,-72,-7,-127
1747907790480.313,120172,1747907790461.531,-68,-9,-140
1747907790500.156,120179,1747907790481.406,-64,-10,-138
1747907790520.0,120178,1747907790501.281,-73,-10,-132
1747907790539.875,120173,1747907790521.094,-72,-9,-138
1747907790559.687,120196,1747907790540.938,-66,-13,-130
1747907790579.531,120200,1747907790560.75,-67,-7,-134
1747907790599.438,120204,1747907790580.625,-80,-7,-141
1747907790619.25,120219,1747907790600.5,-79,-11,-130
1747907790639.125,120242,1747907790620.313,-63,-9,-137
1747907790658.937,120242,1747907790640.188,-66,-5,-138
1747907790678.813,120255,1747907790660.062,-68,-25,-136
1747907790698.688,120230,1747907790679.906,-71,-13,-135
1747907790718.531,120210,1747907790699.75,-72,-10,-136
1747907790738.344,120133,1747907790719.594,-72,-17,-135
1747907790758.219,120064,1747907790739.438,-68,-5,-133
1747907790778.063,119992,1747907790759.312,-68,-4,-128
1747907790797.937,119926,1747907790779.156,-63,-8,-161
1747907790817.875,119895,1747907790799.031,-71,-7,-130
1747907790837.625,119873,1747907790818.844,-63,-20,-137
1747907790857.5,119841,1747907790838.719,-66,-5,-135
1747907790877.344,119857,1747907790858.562,-73,-13,-138
1747907790897.187,119855,1747907790878.438,-63,-7,-138
1747907790917.031,119850,1747907790898.281,-61,-8,-133
1747907790936.906,119854,1747907790918.094,-64,-9,-132
1747907790956.75,119855,1747907790938.0,-72,-9,-144
1747907790976.625,119838,1747907790957.812,-64,-1,-136
1747907790996.469,119825,1747907790977.719,-78,-10,-132
1747907791016.344,119808,1747907790997.563,-49,-10,-138
1747907791036.219,119810,1747907791017.406,-64,-12,-134
1747907791056.031,119805,1747907791037.281,-66,-7,-145
1747907791075.906,119805,1747907791057.125,-68,-1,-145
1747907791095.75,119804,1747907791076.969,-65,-10,-139
1747907791115.625,119805,1747907791096.875,-83,-9,-139
1747907791135.469,119816,1747907791116.687,-64,-13,-129
1747907791155.312,119811,1747907791136.563,-76,-12,-129
1747907791175.156,119826,1747907791156.406,-64,-13,-135
1747907791195.031,119856,1747907791176.219,-73,-5,-136
1747907791214.844,119867,1747907791196.125,-72,-9,-137
1747907791234.688,119874,1747907791215.937,-66,-7,-137
1747907791254.562,119894,1747907791235.781,-66,-9,-140
1747907791274.437,119910,1747907791255.656,-68,-13,-137
1747907791294.25,119940,1747907791275.5,-72,-7,-138
1747907791314.125,119983,1747907791295.375,-71,-9,-136
1747907791334.0,119956,1747907791315.187,-77,-7,-144
1747907791353.844,119943,1747907791335.188,-61,-11,-145
1747907791373.688,119893,1747907791354.938,-64,-8,-136
1747907791393.594,119833,1747907791374.781,-77,0,-130
1747907791413.375,119766,1747907791394.594,-77,-1,-151
1747907791433.25,119709,1747907791414.438,-68,-9,-136
1747907791453.094,119661,1747907791434.313,-65,-9,-142
1747907791472.906,119608,1747907791454.156,-64,-17,-129
1747907791492.781,119577,1747907791473.969,-75,-11,-128
1747907791512.625,119566,1747907791493.875,-76,-11,-137
1747907791532.5,119560,1747907791513.719,-65,0,-144
1747907791552.344,119569,1747907791533.563,-72,-13,-137
1747907791572.156,119567,1747907791553.406,-63,-8,-136
1747907791592.031,119540,1747907791573.25,-72,-9,-136
1747907791611.875,119550,1747907791593.094,-65,-9,-147
1747907791631.719,119533,1747907791612.938,-69,-12,-148
1747907791651.563,119532,1747907791632.812,-64,-8,-134
1747907791671.469,119530,1747907791652.625,-72,-13,-137
1747907791691.312,119539,1747907791672.5,-68,-11,-142
1747907791711.125,119529,1747907791692.375,-68,-17,-136
1747907791731.031,119523,1747907791712.219,-64,-9,-137
1747907791750.844,119510,1747907791732.062,-81,-1,-135
1747907791770.719,119532,1747907791751.906,-73,-9,-134
1747907791790.531,119549,1747907791771.781,-72,-13,-138
1747907791810.406,119561,1747907791791.625,-64,-17,-124
1747907791830.281,119585,1747907791811.531,-64,-13,-141
1747907791850.094,119596,1747907791831.344,-76,-9,-142
1747907791869.969,119635,1747907791851.156,-66,-9,-141
1747907791889.812,119669,1747907791871.063,-64,-5,-140
1747907791909.719,119679,1747907791890.875,-72,-13,-138
1747907791929.531,119689,1747907791910.781,-80,-6,-137
1747907791949.375,119729,1747907791930.594,-79,-9,-137
1747907791969.219,119764,1747907791950.469,-68,-8,-138
1747907791989.094,119797,1747907791970.313,-62,-9,-140
1747907792008.938,119801,1747907791990.125,-72,-11,-136
1747907792028.781,119800,1747907792010.0,-63,-17,-137
1747907792048.625,119732,1747907792029.875,-73,-10,-145
1747907792068.469,119684,1747907792049.688,-65,-9,-134
1747907792088.344,119624,1747907792069.563,-49,-6,-140
1747907792108.156,119571,1747907792089.406,-72,-9,-126
1747907792128.031,119530,1747907792109.281,-72,-9,-135
1747907792147.906,119504,1747907792129.094,-68,-9,-132
1747907792167.75,119476,1747907792148.969,-76,-10,-136
1747907792187.563,119480,1747907792168.781,-63,-9,-132
1747907792207.438,119473,1747907792188.656,-61,-9,-145
1747907792227.281,119483,1747907792208.5,-74,-9,-137
1747907792247.187,119469,1747907792228.375,-68,0,-148
1747907792267.0,119490,1747907792248.281,-74,-5,-141
1747907792286.844,119490,1747907792268.094,-77,-9,-132
1747907792306.688,119492,1747907792287.906,-72,-5,-137
1747907792326.625,119498,1747907792307.781,-72,-8,-137
1747907792346.406,119513,1747907792327.688,-66,-13,-136
1747907792366.25,119510,1747907792347.5,-64,-14,-138
1747907792386.125,119501,1747907792367.312,-65,-13,-135
1747907792405.969,119534,1747907792387.219,-68,-10,-137
1747907792425.781,119531,1747907792407.063,-60,0,-143
1747907792445.656,119565,1747907792426.875,-72,-7,-134
1747907792465.5,119582,1747907792446.719,-75,-13,-126
1747907792485.375,119614,1747907792466.562,-76,-4,-136
1747907792505.219,119638,1747907792486.438,-64,-9,-138
1747907792525.031,119673,1747907792506.313,-66,-9,-138
1747907792544.906,119714,1747907792526.094,-72,-9,-137
1747907792564.781,119736,1747907792545.969,-67,-9,-141
1747907792584.625,119786,1747907792565.844,-72,-9,-138
1747907792604.437,119833,1747907792585.719,-64,-8,-138
1747907792624.312,119858,1747907792605.531,-74,-7,-133
1747907792644.156,119892,1747907792625.375,-72,-9,-138
1747907792664.0,119920,1747907792645.219,-72,-9,-132
1747907792683.844,119904,1747907792665.062,-73,-8,-133
1747907792703.687,119889,1747907792684.906,-72,-13,-136
1747907792723.563,119846,1747907792704.781,-68,-9,-147
1747907792743.438,119796,1747907792724.656,-66,-13,-132
1747907792763.25,119750,1747907792744.5,-56,-8,-141
1747907792783.125,119716,1747907792764.344,-73,-5,-137
1747907792803.031,119684,1747907792784.156,-64,-10,-151
1747907792822.875,119659,1747907792804.062,-66,-2,-131
1747907792842.719,119643,1747907792823.937,-66,-9,-137
1747907792862.562,119658,1747907792843.781,-77,-11,-130
1747907792882.406,119671,1747907792863.625,-63,-13,-132
1747907792902.281,119675,1747907792883.469,-65,-9,-143
1747907792922.0632,119681,1747907792903.344,-72,-9,-135
1747907792941.937,119689,1747907792923.156,-64,-13,-138
1747907792961.812,119688,1747907792943.0,-71,-9,-137
1747907792981.656,119708,1747907792962.875,-65,-9,-134
1747907793001.5,119721,1747907792982.75,-81,-10,-132
1747907793021.344,119733,1747907793002.562,-66,-13,-149
1747907793041.187,119744,1747907793022.406,-65,-8,-142
1747907793061.062,119769,1747907793042.281,-64,-13,-137
1747907793080.875,119781,1747907793062.156,-66,-7,-138
1747907793100.75,119822,1747907793082.0,-72,-1,-141
1747907793120.625,119826,1747907793101.8118,-64,-9,-141
1747907793140.5,119853,1747907793121.688,-66,-1,-144
1747907793160.312,119891,1747907793141.5,-63,-4,-144
1747907793180.188,119919,1747907793161.406,-68,-9,-140
1747907793200.063,119943,1747907793181.25,-73,-7,-134
1747907793219.937,119970,1747907793201.125,-68,-9,-128
1747907793239.781,120024,1747907793221.0,-64,-10,-140
1747907793259.625,120059,1747907793240.875,-64,-6,-137
1747907793279.531,120092,1747907793260.687,-71,-7,-134
1747907793299.406,120142,1747907793280.594,-69,-7,-130
1747907793319.219,120199,1747907793300.469,-77,-9,-138
1747907793339.094,120218,1747907793320.312,-61,-11,-140
1747907793358.969,120209,1747907793340.187,-65,-13,-138
1747907793378.844,120180,1747907793360.031,-68,-13,-138
1747907793398.656,120121,1747907793379.906,-66,-9,-144
1747907793418.531,120084,1747907793399.719,-77,-8,-134
1747907793438.406,120032,1747907793419.594,-41,-13,-140
1747907793458.281,120005,1747907793439.469,-73,-9,-129
1747907793478.219,119978,1747907793459.344,-73,-13,-141
1747907793497.969,119937,1747907793479.219,-71,-1,-143
1747907793517.938,119901,1747907793499.031,-72,-10,-134
1747907793537.719,119893,1747907793519.0,-68,-13,-133
1747907793557.562,119886,1747907793538.781,-68,-13,-106
1747907793577.437,119889,1747907793558.625,-66,-10,-137
1747907793597.313,119896,1747907793578.531,-63,-10,-138
1747907793617.188,119902,1747907793598.375,-71,-8,-145
1747907793637.031,119900,1747907793618.281,-68,-13,-138
1747907793656.906,119911,1747907793638.094,-63,-13,-143
1747907793676.781,119914,1747907793658.0,-61,-7,-141
1747907793696.625,119931,1747907793677.844,-72,-8,-137
1747907793716.469,119957,1747907793697.719,-66,-9,-141
1747907793736.344,119964,1747907793717.531,-77,-10,-129
1747907793756.219,119978,1747907793737.437,-68,-7,-136
1747907793776.063,119982,1747907793757.281,-80,-10,-135
1747907793795.906,119995,1747907793777.156,-64,-14,-144
1747907793815.781,120017,1747907793797.0,-61,-7,-137
1747907793835.656,120033,1747907793816.844,-64,1,-132
1747907793855.5,120063,1747907793836.75,-84,-9,-134
1747907793875.375,120084,1747907793856.594,-66,-8,-140
1747907793895.25,120122,1747907793876.438,-67,-13,-146
1747907793915.125,120149,1747907793896.313,-72,-9,-135
1747907793934.969,120171,1747907793916.187,-74,-13,-136
1747907793954.844,120192,1747907793936.062,-61,-11,-145
1747907793974.719,120225,1747907793955.906,-73,-9,-135
1747907793994.594,120229,1747907793975.781,-64,-13,-138
1747907794014.438,120216,1747907793995.656,-77,-9,-143
1747907794034.281,120199,1747907794015.531,-74,-7,-136
1747907794054.156,120122,1747907794035.375,-66,-9,-138
1747907794074.063,120066,1747907794055.219,-61,-9,-136
1747907794093.906,120010,1747907794075.125,-64,-6,-141
1747907794113.75,119972,1747907794095.031,-68,-9,-140
1747907794133.656,119946,1747907794114.813,-75,-9,-141
1747907794153.531,119910,1747907794134.719,-64,-13,-133
1747907794173.344,119886,1747907794154.594,-61,-12,-143
1747907794193.219,119891,1747907794174.469,-66,-8,-142
1747907794213.062,119896,1747907794194.281,-66,-9,-141
1747907794232.937,119902,1747907794214.156,-65,3,-137
1747907794252.813,119898,1747907794234.031,-72,-9,-143
1747907794272.656,119911,1747907794253.875,-64,-12,-151
1747907794292.531,119905,1747907794273.719,-74,-9,-135
1747907794312.406,119909,1747907794293.594,-66,-13,-149
1747907794332.219,119910,1747907794313.469,-72,-9,-137
1747907794352.125,119898,1747907794333.312,-63,-9,-137
1747907794371.969,119916,1747907794353.156,-64,-13,-138
1747907794391.844,119928,1747907794373.031,-64,-11,-134
1747907794411.688,119934,1747907794392.906,-64,-9,-134
1747907794431.563,119943,1747907794412.75,-77,-13,-130
1747907794451.406,119964,1747907794432.625,-64,-7,-134
1747907794471.281,119991,1747907794452.469,-81,-13,-133
1747907794491.25,120024,1747907794472.344,-71,-13,-138
1747907794510.969,120043,1747907794492.312,-77,-9,-146
1747907794530.844,120057,1747907794512.062,-66,-8,-141
1747907794550.75,120108,1747907794531.938,-72,-9,-134
1747907794570.5618,120147,1747907794551.813,-81,-17,-136
1747907794590.438,120169,1747907794571.656,-77,-10,-144
1747907794610.313,120199,1747907794591.5,-64,-9,-138
1747907794630.156,120241,1747907794611.375,-68,-2,-140
1747907794650.0,120268,1747907794631.219,-63,-9,-136
1747907794669.844,120246,1747907794651.063,-74,-9,-134
1747907794689.688,120197,1747907794670.906,-68,-13,-144
1747907794709.563,120139,1747907794690.781,-74,-8,-140
1747907794729.375,120065,1747907794710.625,-64,-10,-140
1747907794749.25,120027,1747907794730.469,-63,-9,-141
1747907794769.125,119971,1747907794750.281,-66,-9,-143
1747907794788.969,119930,1747907794770.187,-77,-17,-137
1747907794808.812,119897,1747907794790.062,-64,-10,-141
1747907794828.656,119885,1747907794809.875,-76,-13,-128
1747907794848.5,119872,1747907794829.719,-70,-13,-138
1747907794868.375,119887,1747907794849.562,-64,-10,-136
1747907794888.188,119879,1747907794869.469,-68,-8,-140
1747907794908.062,119895,1747907794889.313,-82,-17,-132
1747907794927.937,119882,1747907794909.125,-77,-9,-136
1747907794947.781,119867,1747907794929.0,-88,-13,-140
1747907794967.594,119870,1747907794948.844,-64,-17,-140
1747907794987.469,119874,1747907794968.719,-72,-7,-135
1747907795007.312,119890,1747907794988.531,-74,-13,-130
1747907795027.188,119904,1747907795008.375,-68,-6,-161
1747907795047.031,119923,1747907795028.281,-72,-9,-138
1747907795066.875,119945,1747907795048.125,-73,-9,-132
1747907795086.75,119954,1747907795067.938,-63,-6,-138
1747907795106.594,119981,1747907795087.844,-64,-8,-130
1747907795126.438,120009,1747907795107.687,-72,-8,-134
1747907795146.281,120023,1747907795127.531,-55,-13,-134
1747907795166.156,120038,1747907795147.344,-66,-8,-136
1747907795186.0,120050,1747907795167.219,-76,0,-130
1747907795205.812,120088,1747907795187.063,-73,-9,-137
1747907795225.656,120117,1747907795206.875,-63,-9,-137
1747907795245.5,120154,1747907795226.75,-69,-15,-141
1747907795265.406,120178,1747907795246.562,-72,-10,-136
1747907795285.187,120223,1747907795266.438,-65,-4,-141
1747907795305.031,120260,1747907795286.313,-72,-17,-143
1747907795324.969,120308,1747907795306.125,-73,-10,-124
1747907795344.75,120314,1747907795325.937,-66,-1,-143
1747907795364.594,120299,1747907795345.844,-77,-9,-127
1747907795384.437,120267,1747907795365.688,-64,-7,-136
1747907795404.281,120230,1747907795385.5,-77,-5,-138
1747907795424.125,120175,1747907795405.375,-65,-9,-132
1747907795444.0,120137,1747907795425.219,-76,-9,-137
1747907795463.812,120110,1747907795445.094,-76,-13,-137
1747907795483.656,120088,1747907795464.875,-73,-13,-136
1747907795503.594,120097,1747907795484.75,-77,-10,-140
1747907795523.406,120075,1747907795504.656,-80,-9,-140
1747907795543.219,120071,1747907795524.437,-67,-7,-136
1747907795563.062,120090,1747907795544.313,-73,-8,-132
1747907795582.906,120109,1747907795564.125,-69,-11,-140
1747907795602.75,120101,1747907795583.9692,-68,-4,-141
1747907795622.5942,120117,1747907795603.844,-77,-9,-141
1747907795642.437,120135,1747907795623.688,-64,-17,-142
1747907795662.312,120174,1747907795643.531,-63,-13,-136
1747907795682.156,120202,1747907795663.375,-74,-10,-138
1747907795701.969,120206,1747907795683.219,-64,-10,-128
1747907795721.844,120226,1747907795703.094,-73,-8,-138
1747907795741.687,120252,1747907795722.906,-66,-8,-136
1747907795761.531,120267,1747907795742.813,-77,-13,-136
1747907795781.406,120285,1747907795762.594,-65,-13,-145
1747907795801.219,120288,1747907795782.5,-61,-9,-136
1747907795821.094,120330,1747907795802.313,-72,-9,-138
1747907795841.031,120369,1747907795822.188,-74,-9,-142
1747907795860.813,120411,1747907795842.094,-82,-9,-140
1747907795880.656,120439,1747907795861.875,-77,-11,-136
1747907795900.5,120464,1747907795881.719,-72,-9,-133
1747907795920.344,120494,1747907795901.594,-65,-12,-143
1747907795940.187,120543,1747907795921.438,-64,-10,-143
1747907795960.0,120576,1747907795941.281,-72,-13,-140
1747907795979.875,120612,1747907795961.094,-64,-17,-134
1747907795999.75,120659,1747907795980.937,-76,-10,-141
1747907796019.562,120695,1747907796000.813,-64,-13,-141
1747907796039.406,120732,1747907796020.656,-77,-8,-128
1747907796059.281,120732,1747907796040.469,-74,-9,-141
1747907796079.125,120723,1747907796060.344,-66,-15,-128
1747907796098.969,120667,1747907796080.25,-66,-9,-138
1747907796118.812,120641,1747907796100.063,-66,-8,-130
1747907796138.656,120597,1747907796119.875,-76,-8,-137
1747907796158.5,120579,1747907796139.75,-65,-13,-140
1747907796178.375,120528,1747907796159.594,-63,-13,-140
1747907796198.25,120520,1747907796179.4382,-73,-7,-128
1747907796218.062,120538,1747907796199.25,-76,-13,-153
1747907796237.906,120530,1747907796219.125,-69,-9,-144
1747907796257.75,120564,1747907796238.969,-63,-15,-138
1747907796277.594,120573,1747907796258.844,-65,-8,-143
1747907796297.437,120605,1747907796278.656,-64,-9,-130
1747907796317.313,120619,1747907796298.5,-74,-8,-141
1747907796337.156,120632,1747907796318.3442,-74,-7,-136
1747907796357.0,120653,1747907796338.219,-73,-8,-137
1747907796376.875,120663,1747907796358.094,-66,-9,-136
1747907796396.719,120677,1747907796377.938,-68,-13,-133
1747907796416.594,120713,1747907796397.812,-65,-10,-137
1747907796436.438,120724,1747907796417.719,-71,-7,-141
1747907796456.281,120746,1747907796437.5,-63,-8,-133
1747907796476.125,120751,1747907796457.344,-73,-13,-126
1747907796495.969,120808,1747907796477.188,-72,-10,-136
1747907796515.8132,120820,1747907796497.062,-66,-9,-138
1747907796535.719,120836,1747907796516.906,-62,-9,-142
1747907796555.531,120873,1747907796536.719,-76,-9,-132
1747907796575.375,120886,1747907796556.594,-72,-9,-137
1747907796595.188,120945,1747907796576.469,-71,-5,-153
1747907796615.063,120971,1747907796596.281,-64,-13,-138
1747907796634.906,121020,1747907796616.125,-80,-9,-136
1747907796654.75,121049,1747907796635.969,-77,0,-147
1747907796674.594,121089,1747907796655.781,-68,-9,-143
1747907796694.438,121141,1747907796675.719,-68,-10,-138
1747907796714.281,121168,1747907796695.5,-64,-9,-136
1747907796734.156,121222,1747907796715.375,-65,-9,-141
1747907796753.969,121223,1747907796735.219,-61,-9,-135
1747907796773.844,121241,1747907796755.063,-68,-9,-147
1747907796793.719,121185,1747907796774.906,-64,-10,-140
1747907796813.531,121165,1747907796794.75,-71,-9,-136
1747907796833.406,121098,1747907796814.625,-65,-10,-141
1747907796853.344,121053,1747907796834.5,-64,-7,-133
1747907796873.156,121026,1747907796854.406,-71,-12,-132
1747907796893.0,120996,1747907796874.187,-68,-9,-142
1747907796912.812,120989,1747907796894.063,-65,-9,-140
1747907796932.687,120975,1747907796913.906,-66,-13,-136
1747907796952.531,120987,1747907796933.75,-66,-5,-141
1747907796972.406,120995,1747907796953.594,-64,-7,-141
1747907796992.219,121003,1747907796973.5,-68,-17,-144
1747907797012.094,121026,1747907796993.344,-64,-9,-133
1747907797031.938,121039,1747907797013.125,-68,-11,-130
1747907797051.813,121048,1747907797033.031,-66,-16,-145
1747907797071.687,121055,1747907797052.875,-73,-11,-134
1747907797091.469,121067,1747907797072.719,-71,-1,-144
1747907797111.344,121077,1747907797092.563,-77,-7,-144
1747907797131.188,121091,1747907797112.406,-64,-7,-141
1747907797151.031,121103,1747907797132.281,-77,-10,-140
1747907797170.906,121114,1747907797152.125,-68,-13,-130
1747907797190.781,121118,1747907797171.969,-66,-9,-133
1747907797210.625,121138,1747907797191.875,-73,-5,-144
1747907797230.469,121173,1747907797211.687,-64,-7,-137
1747907797250.313,121186,1747907797231.594,-68,-9,-137
1747907797270.187,121215,1747907797251.375,-65,-9,-137
1747907797290.031,121247,1747907797271.25,-72,-9,-137
1747907797309.875,121258,1747907797291.094,-70,-9,-137
1747907797329.719,121280,1747907797310.969,-64,-8,-143
1747907797349.5942,121296,1747907797330.812,-66,-10,-132
1747907797369.437,121335,1747907797350.625,-71,-9,-136
1747907797389.313,121370,1747907797370.5,-67,-16,-161
1747907797409.125,121393,1747907797390.375,-68,-13,-142
1747907797428.969,121428,1747907797410.219,-64,-5,-144
1747907797448.844,121458,1747907797430.031,-79,-10,-136
1747907797468.687,121479,1747907797449.906,-74,-10,-136
1747907797488.5,121471,1747907797469.781,-68,-9,-128
1747907797508.375,121440,1747907797489.594,-59,-13,-130
1747907797528.25,121391,1747907797509.469,-69,-9,-136
1747907797548.094,121348,1747907797529.313,-77,-1,-143
1747907797567.906,121315,1747907797549.156,-68,-2,-134
1747907797587.75,121275,1747907797569.0,-76,-10,-138
1747907797607.625,121234,1747907797588.844,-65,-10,-136
1747907797627.5,121236,1747907797608.687,-68,-10,-140
1747907797647.312,121241,1747907797628.563,-64,-11,-133
1747907797667.156,121240,1747907797648.406,-80,-17,-144
1747907797687.031,121241,1747907797668.219,-65,-11,-136
1747907797706.844,121244,1747907797688.094,-61,-9,-128
1747907797726.687,121243,1747907797707.938,-64,-13,-153
1747907797746.562,121265,1747907797727.813,-64,-13,-143
1747907797766.406,121258,1747907797747.625,-61,-5,-144
1747907797786.281,121278,1747907797767.5,-72,-9,-136
1747907797806.125,121293,1747907797787.344,-64,-11,-137
1747907797825.969,121292,1747907797807.25,-64,-10,-139
1747907797845.844,121311,1747907797827.031,-57,-15,-137
1747907797865.688,121303,1747907797846.906,-68,-9,-140
1747907797885.531,121313,1747907797866.781,-77,-9,-134
1747907797905.375,121346,1747907797886.625,-66,-5,-138
1747907797925.25,121344,1747907797906.4382,-61,-9,-138
1747907797945.094,121361,1747907797926.312,-49,-9,-134
1747907797964.906,121380,1747907797946.156,-72,-13,-137
1747907797984.781,121376,1747907797966.0,-64,-10,-140
1747907798004.625,121420,1747907797985.875,-73,-9,-138
1747907798024.5,121440,1747907798005.688,-77,-8,-141
1747907798044.344,121460,1747907798025.531,-66,-13,-148
1747907798064.188,121494,1747907798045.437,-66,-16,-132
1747907798084.062,121519,1747907798065.25,-72,-13,-139
1747907798103.875,121551,1747907798085.125,-64,-7,-138
1747907798123.719,121585,1747907798104.938,-68,-10,-141
1747907798143.563,121615,1747907798124.8118,-64,-9,-137
1747907798163.437,121623,1747907798144.625,-64,-13,-137
1747907798183.281,121621,1747907798164.5,-52,-9,-148
1747907798203.125,121588,1747907798184.375,-73,-8,-141
1747907798222.969,121541,1747907798204.219,-65,-10,-138
1747907798242.813,121478,1747907798224.062,-65,-1,-138
1747907798262.687,121423,1747907798243.844,-69,-9,-145
1747907798282.531,121364,1747907798263.75,-45,-11,-141
1747907798302.375,121307,1747907798283.594,-61,-11,-149
1747907798322.219,121285,1747907798303.437,-65,-9,-136
1747907798342.094,121251,1747907798323.312,-73,-1,-143
1747907798361.937,121242,1747907798343.156,-72,-5,-133
1747907798381.75,121233,1747907798363.0,-64,-7,-132
1747907798401.625,121227,1747907798382.844,-72,-12,-145
1747907798421.5,121206,1747907798402.719,-73,-13,-137
1747907798441.344,121214,1747907798422.563,-76,-16,-140
1747907798461.1868,121178,1747907798442.406,-65,-9,-138
1747907798481.031,121182,1747907798462.219,-72,-9,-137
1747907798500.875,121177,1747907798482.125,-66,-10,-140
1747907798520.75,121164,1747907798501.937,-65,-9,-128
1747907798540.562,121167,1747907798521.813,-76,-10,-137
1747907798560.406,121168,1747907798541.656,-68,-10,-138
1747907798580.281,121157,1747907798561.5,-69,-1,-138
1747907798600.125,121157,1747907798581.375,-68,-9,-137
1747907798619.937,121155,1747907798601.187,-53,-13,-133
1747907798639.812,121144,1747907798621.031,-68,-11,-137
1747907798659.656,121124,1747907798640.844,-69,-13,-143
1747907798679.5,121144,1747907798660.687,-64,-25,-138
1747907798699.344,121153,1747907798680.594,-63,-9,-132
1747907798719.187,121159,1747907798700.438,-71,-7,-144
1747907798739.031,121178,1747907798720.25,-66,-8,-153
1747907798758.906,121188,1747907798740.125,-72,-10,-137
1747907798778.719,121233,1747907798759.969,-63,-7,-144
1747907798798.594,121241,1747907798779.812,-75,-9,-140
1747907798818.437,121251,1747907798799.656,-65,-9,-136
1747907798838.281,121303,1747907798819.469,-65,-5,-126
1747907798858.094,121301,1747907798839.344,-77,-9,-134
1747907798877.969,121301,1747907798859.219,-68,-5,-135
1747907798897.812,121264,1747907798879.062,-77,-10,-134
1747907798917.687,121192,1747907798898.906,-64,-9,-138
1747907798937.5,121155,1747907798918.719,-71,-13,-135
1747907798957.344,121075,1747907798938.594,-80,-9,-141
1747907798977.219,121015,1747907798958.437,-68,-10,-141
1747907798997.062,120974,1747907798978.281,-73,-13,-134
1747907799016.906,120924,1747907798998.125,-68,-17,-145
1747907799036.75,120894,1747907799018.0,-74,-9,-137
1747907799056.594,120879,1747907799037.812,-68,-5,-140
1747907799076.469,120861,1747907799057.687,-63,-10,-161
1747907799096.312,120861,1747907799077.531,-64,-5,-136
1747907799116.156,120833,1747907799097.406,-74,-10,-130
1747907799136.0,120830,1747907799117.219,-63,-5,-138
1747907799155.844,120817,1747907799137.062,-76,-10,-134
1747907799175.719,120828,1747907799156.906,-73,-9,-137
1747907799195.531,120803,1747907799176.781,-65,-8,-133
1747907799215.438,120818,1747907799196.594,-65,-7,-138
1747907799235.25,120820,1747907799216.469,-73,-9,-132
1747907799255.094,120816,1747907799236.312,-66,-8,-142
1747907799274.906,120824,1747907799256.188,-77,-13,-132
1747907799294.75,120820,1747907799276.031,-77,-7,-129
1747907799314.625,120829,1747907799295.844,-65,-8,-137
1747907799334.438,120874,1747907799315.656,-72,-13,-141
1747907799354.281,120890,1747907799335.469,-69,-17,-146
1747907799374.156,120911,1747907799355.375,-72,-9,-134
1747907799393.969,120915,1747907799375.219,-52,-7,-137
1747907799413.844,120954,1747907799395.062,-72,-9,-128
1747907799433.656,120973,1747907799414.906,-68,-9,-137
1747907799453.5,121005,1747907799434.75,-73,-13,-136
1747907799473.375,121029,1747907799454.594,-64,-14,-140
1747907799493.25,121060,1747907799474.438,-74,-9,-136
1747907799513.031,121102,1747907799494.312,-75,-9,-140
1747907799532.906,121136,1747907799514.125,-65,-8,-133
1747907799552.875,121159,1747907799533.969,-72,-9,-138
1747907799572.594,121142,1747907799553.969,-79,0,-141
1747907799592.469,121106,1747907799573.688,-68,-9,-143
1747907799612.313,121091,1747907799593.5618,-64,-9,-132
1747907799632.156,121026,1747907799613.406,-73,-14,-137
1747907799652.031,120985,1747907799633.25,-76,-10,-143
1747907799671.875,120961,1747907799653.094,-64,-10,-141
1747907799691.719,120914,1747907799672.969,-73,-17,-140
1747907799711.563,120900,1747907799692.812,-69,-9,-137
1747907799731.437,120841,1747907799712.656,-64,-10,-139
1747907799751.281,120845,1747907799732.5,-71,-7,-128
1747907799771.094,120850,1747907799752.344,-65,-9,-137
1747907799790.969,120866,1747907799772.187,-65,-13,-139
1747907799810.781,120894,1747907799792.094,-64,-5,-136
1747907799830.656,120903,1747907799811.875,-77,-12,-136
1747907799850.469,120912,1747907799831.719,-64,-13,-133
1747907799870.313,120895,1747907799851.562,-68,-13,-137
1747907799890.188,120909,1747907799871.406,-65,-13,-137
1747907799910.031,120906,1747907799891.25,-52,-13,-136
1747907799929.875,120940,1747907799911.125,-68,-13,-145
1747907799949.719,120936,1747907799930.969,-68,-10,-141
1747907799969.563,120935,1747907799950.781,-64,-18,-141
1747907799989.438,120957,1747907799970.594,-72,-7,-141
1747907800009.25,120964,1747907799990.469,-68,-9,-141
1747907800029.062,120981,1747907800010.344,-66,-8,-139
1747907800048.938,121010,1747907800030.156,-66,-13,-136
1747907800068.781,121030,1747907800050.0,-64,-9,-138
1747907800088.594,121058,1747907800069.844,-68,-13,-132
1747907800108.469,121072,1747907800089.688,-72,-11,-132
1747907800128.281,121102,1747907800109.531,-64,-15,-134
1747907800148.125,121110,1747907800129.375,-64,-10,-138
1747907800167.969,121147,1747907800149.187,-65,-13,-141
1747907800187.813,121179,1747907800169.062,-66,-10,-144
1747907800207.656,121189,1747907800188.875,-76,-13,-133
1747907800227.531,121233,1747907800208.719,-61,-17,-147
1747907800247.375,121256,1747907800228.594,-60,-11,-137
1747907800267.219,121233,1747907800248.437,-64,-13,-141
1747907800287.062,121188,1747907800268.281,-66,-9,-137
1747907800306.937,121098,1747907800288.156,-72,-13,-138
1747907800326.813,121025,1747907800308.0,-68,-13,-140
1747907800346.625,120963,1747907800327.9368,-78,-13,-138
1747907800366.5,120896,1747907800347.687,-63,-1,-144
1747907800386.344,120851,1747907800367.563,-65,-9,-135
1747907800406.187,120812,1747907800387.406,-77,-9,-136
1747907800426.031,120771,1747907800407.25,-64,-17,-145
1747907800445.875,120744,1747907800427.125,-61,-6,-136
1747907800465.719,120747,1747907800446.969,-64,-9,-132
1747907800485.594,120727,1747907800466.813,-76,-4,-140
1747907800505.406,120712,1747907800486.688,-66,-9,-138
1747907800525.219,120690,1747907800506.5,-74,-9,-142
1747907800545.125,120715,1747907800526.312,-66,-9,-141
1747907800564.969,120702,1747907800546.156,-64,-13,-147
1747907800584.781,120681,1747907800566.094,-61,-13,-137
1747907800604.656,120682,1747907800585.906,-72,-11,-145
1747907800624.531,120682,1747907800605.719,-77,-9,-145
1747907800644.375,120670,1747907800625.594,-56,-10,-140
1747907800664.219,120662,1747907800645.438,-64,-7,-135
1747907800684.062,120666,1747907800665.313,-65,-16,-134
1747907800703.938,120665,1747907800685.156,-68,-1,-143
1747907800723.781,120683,1747907800705.0,-70,-10,-141
1747907800743.594,120706,1747907800724.844,-52,-13,-141
1747907800763.469,120702,1747907800744.719,-74,-9,-129
1747907800783.313,120709,1747907800764.531,-65,-9,-134
1747907800803.156,120744,1747907800784.406,-66,-10,-144
1747907800823.0,120740,1747907800804.25,-68,-9,-130
1747907800842.844,120773,1747907800824.094,-72,-9,-136
1747907800862.687,120761,1747907800843.9382,-71,-11,-132
1747907800882.5632,120778,1747907800863.75,-64,-13,-138
1747907800902.375,120783,1747907800883.625,-65,-9,-135
1747907800922.25,120800,1747907800903.5,-71,-13,-130
1747907800942.125,120777,1747907800923.313,-77,-8,-136
1747907800961.969,120729,1747907800943.188,-77,-10,-141
1747907800981.781,120663,1747907800963.0,-52,-5,-145
1747907801001.688,120599,1747907800982.906,-79,-10,-137
1747907801021.5,120518,1747907801002.75,-77,0,-132
1747907801041.375,120443,1747907801022.594,-65,-1,-133
1747907801061.219,120383,1747907801042.469,-65,-9,-137
1747907801081.063,120356,1747907801062.3118,-63,-1,-148
1747907801100.937,120312,1747907801082.125,-74,-9,-130
1747907801120.781,120286,1747907801101.969,-72,-13,-137
1747907801140.625,120271,1747907801121.844,-65,-1,-147
1747907801160.438,120263,1747907801141.687,-64,-8,-136
1747907801180.281,120272,1747907801161.5,-66,-8,-138
1747907801200.125,120268,1747907801181.344,-80,-9,-133
1747907801219.969,120277,1747907801201.188,-66,-8,-138
1747907801239.813,120272,1747907801221.031,-72,-9,-137
1747907801259.625,120286,1747907801240.875,-64,-13,-138
1747907801279.5,120286,1747907801260.719,-64,-8,-144
1747907801299.406,120295,1747907801280.594,-73,-13,-144
1747907801319.156,120308,1747907801300.438,-76,-1,-137
1747907801339.031,120306,1747907801320.25,-63,-9,-141
1747907801358.844,120304,1747907801340.062,-65,-8,-134
1747907801378.719,120315,1747907801359.937,-77,-13,-122
1747907801398.531,120325,1747907801379.844,-66,-9,-133
1747907801418.375,120390,1747907801399.656,-80,-10,-140
1747907801438.25,120383,1747907801419.438,-75,-9,-151
1747907801458.125,120407,1747907801439.281,-63,-13,-137
1747907801477.906,120442,1747907801459.219,-72,-10,-141
1747907801497.781,120483,1747907801479.0,-77,-10,-130
1747907801517.625,120493,1747907801498.813,-64,-12,-151
1747907801537.469,120527,1747907801518.687,-64,-7,-143
1747907801557.313,120555,1747907801538.531,-73,1,-141
1747907801577.187,120585,1747907801558.406,-64,-9,-141
1747907801597.0,120621,1747907801578.375,-61,-5,-137
1747907801616.875,120634,1747907801598.094,-63,-12,-141
1747907801636.781,120617,1747907801617.937,-62,-9,-149
1747907801656.563,120611,1747907801637.812,-71,-1,-143
1747907801676.437,120553,1747907801657.625,-69,-9,-138
1747907801696.281,120505,1747907801677.469,-74,-17,-148
1747907801716.125,120456,1747907801697.344,-73,-17,-130
1747907801735.969,120392,1747907801717.187,-73,-7,-138
1747907801755.781,120353,1747907801737.031,-65,-13,-134
1747907801775.656,120319,1747907801756.875,-72,-10,-144
1747907801795.531,120299,1747907801776.719,-72,-9,-134
1747907801815.344,120264,1747907801796.594,-64,-9,-137
1747907801835.188,120283,1747907801816.437,-63,-7,-137
1747907801855.062,120273,1747907801836.25,-64,-13,-138
1747907801874.906,120277,1747907801856.125,-66,-9,-134
1747907801894.719,120271,1747907801875.969,-72,0,-137
1747907801914.625,120307,1747907801895.812,-65,-11,-141
1747907801934.438,120299,1747907801915.687,-61,-9,-144
1747907801954.312,120304,1747907801935.531,-68,-8,-141
1747907801974.125,120314,1747907801955.344,-72,-7,-143
1747907801994.0,120324,1747907801975.219,-74,-3,-141
1747907802013.875,120344,1747907801995.031,-71,-6,-145
1747907802033.719,120348,1747907802014.906,-65,-6,-151
1747907802053.531,120362,1747907802034.781,-64,-17,-114
1747907802073.406,120386,1747907802054.625,-65,-13,-134
1747907802093.25,120415,1747907802074.469,-72,-8,-138
1747907802113.125,120420,1747907802094.344,-71,-7,-145
1747907802132.937,120444,1747907802114.188,-68,-13,-136
1747907802152.812,120467,1747907802134.031,-64,-7,-137
1747907802172.688,120505,1747907802153.875,-68,-8,-137
1747907802192.531,120531,1747907802173.75,-66,-12,-138
1747907802212.344,120563,1747907802193.562,-64,-8,-140
1747907802232.187,120606,1747907802213.438,-65,-13,-134
1747907802252.125,120624,1747907802233.281,-66,-11,-144
1747907802271.906,120660,1747907802253.187,-72,-8,-133
1747907802291.719,120696,1747907802272.969,-64,-7,-139
1747907802311.562,120722,1747907802292.844,-84,-10,-137
1747907802331.437,120778,1747907802312.656,-65,-1,-141
1747907802351.3132,120780,1747907802332.5,-65,-9,-137
1747907802371.125,120739,1747907802352.375,-73,-9,-136
1747907802391.0,120701,1747907802372.219,-76,-17,-137
1747907802410.844,120642,1747907802392.063,-65,-10,-140
1747907802430.687,120590,1747907802411.938,-73,3,-137
1747907802450.531,120517,1747907802431.781,-72,-9,-144
1747907802470.375,120484,1747907802451.625,-80,-8,-138
1747907802490.2192,120441,1747907802471.437,-72,-7,-152
1747907802510.094,120407,1747907802491.313,-64,-5,-130
1747907802529.938,120394,1747907802511.188,-73,-10,-134
1747907802549.75,120378,1747907802530.969,-64,-10,-147
1747907802569.625,120372,1747907802550.844,-73,-7,-136
1747907802589.531,120396,1747907802570.688,-76,-8,-141
1747907802609.344,120389,1747907802590.625,-62,-13,-140
1747907802629.188,120381,1747907802610.406,-63,-8,-137
1747907802649.125,120386,1747907802630.219,-65,-7,-137
1747907802668.906,120379,1747907802650.125,-69,-1,-149
1747907802688.75,120379,1747907802669.969,-72,-10,-136
1747907802708.594,120374,1747907802689.844,-74,-9,-132
1747907802728.469,120376,1747907802709.656,-74,-17,-127
1747907802748.312,120377,1747907802729.594,-68,-9,-140
1747907802768.156,120385,1747907802749.375,-64,-11,-137
1747907802788.0,120395,1747907802769.219,-74,-9,-143
1747907802807.875,120396,1747907802789.062,-68,-9,-136
1747907802827.719,120426,1747907802808.937,-65,-9,-145
1747907802847.594,120450,1747907802828.813,-74,-4,-138
1747907802867.4368,120454,1747907802848.688,-70,-8,-141
1747907802887.281,120483,1747907802868.625,-65,-9,-138
1747907802907.156,120502,1747907802888.344,-76,-9,-134
1747907802927.031,120531,1747907802908.25,-71,-9,-134
1747907802946.844,120566,1747907802928.094,-76,-9,-134
1747907802966.75,120597,1747907802947.906,-65,-9,-136
1747907802986.594,120629,1747907802967.812,-52,-13,-138
1747907803006.469,120658,1747907802987.687,-66,-6,-140
1747907803026.406,120687,1747907803007.531,-64,-10,-138
1747907803046.219,120723,1747907803027.438,-55,-17,-148
1747907803066.063,120720,1747907803047.25,-76,-2,-136
1747907803085.906,120703,1747907803067.125,-68,-9,-130
1747907803105.75,120641,1747907803086.969,-66,-13,-133
1747907803125.625,120574,1747907803106.813,-61,-10,-132
1747907803145.5,120494,1747907803126.719,-65,-9,-140
1747907803165.344,120452,1747907803146.562,-74,-7,-134
1747907803185.187,120398,1747907803166.531,-77,-7,-136
1747907803205.062,120367,1747907803186.25,-73,-8,-137
1747907803224.906,120321,1747907803206.094,-66,-13,-147
1747907803244.781,120308,1747907803226.0,-77,-9,-135
1747907803264.719,120286,1747907803245.844,-76,-9,-141
1747907803284.531,120289,1747907803265.8132,-72,0,-139
1747907803304.375,120292,1747907803285.563,-73,-7,-144
1747907803324.219,120295,1747907803305.437,-64,-9,-133
1747907803344.063,120315,1747907803325.312,-81,-10,-140
1747907803363.937,120308,1747907803345.125,-73,-10,-137
1747907803383.812,120294,1747907803365.031,-65,0,-144
1747907803403.656,120303,1747907803384.875,-64,-17,-144
1747907803423.563,120306,1747907803404.75,-68,-13,-141
1747907803443.375,120308,1747907803424.625,-66,-16,-141
1747907803463.219,120255,1747907803444.469,-65,-15,-136
1747907803483.094,120235,1747907803464.281,-64,-7,-141
1747907803502.938,120227,1747907803484.219,-65,-8,-148
1747907803522.812,120218,1747907803504.031,-75,-7,-136
1747907803542.719,120198,1747907803523.906,-66,-10,-140
1747907803562.531,120195,1747907803543.75,-74,-13,-134
1747907803582.406,120234,1747907803563.656,-64,-13,-135
1747907803602.281,120236,1747907803583.469,-68,-17,-137
1747907803622.125,120265,1747907803603.344,-64,-9,-144
1747907803641.969,120281,1747907803623.188,-64,-7,-141
1747907803661.844,120297,1747907803643.062,-79,-7,-138
1747907803681.688,120322,1747907803662.969,-68,-8,-135
1747907803701.562,120371,1747907803682.75,-65,-7,-137
1747907803721.375,120377,1747907803702.625,-66,-8,-141
1747907803741.25,120387,1747907803722.469,-73,3,-129
1747907803761.125,120399,1747907803742.344,-79,-10,-130
1747907803781.0,120328,1747907803762.219,-65,-13,-142
1747907803800.812,120267,1747907803782.063,-63,-4,-154
1747907803820.688,120216,1747907803801.938,-64,-9,-141
1747907803840.563,120140,1747907803821.75,-85,-7,-144
1747907803860.437,120091,1747907803841.625,-77,-9,-137
1747907803880.25,120043,1747907803861.5,-75,-9,-138
1747907803900.094,119993,1747907803881.344,-61,-9,-138
1747907803920.0,119974,1747907803901.187,-64,-8,-139
1747907803939.844,119959,1747907803921.062,-72,-9,-130
1747907803959.687,119949,1747907803940.938,-65,-15,-140
1747907803979.594,119929,1747907803960.813,-81,-8,-135
1747907803999.563,119918,1747907803980.656,-69,-13,-136
1747907804019.281,119903,1747907804000.5,-84,-4,-141
1747907804039.156,119895,1747907804020.344,-63,-10,-139
1747907804059.0,119878,1747907804040.25,-66,-5,-137
1747907804078.875,119866,1747907804060.063,-64,1,-137
1747907804098.75,119880,1747907804079.937,-65,-13,-135
1747907804118.562,119858,1747907804099.844,-72,-15,-142
1747907804138.437,119859,1747907804119.688,-72,-17,-145
1747907804158.344,119847,1747907804139.531,-66,-13,-141
1747907804178.188,119852,1747907804159.375,-68,-1,-137
1747907804198.031,119874,1747907804179.25,-71,-8,-145
1747907804217.937,119898,1747907804199.125,-72,-9,-136
1747907804237.75,119907,1747907804219.0,-62,-9,-128
1747907804257.625,119936,1747907804238.812,-74,-10,-134
1747907804277.469,119958,1747907804258.687,-72,-13,-138
1747907804297.312,119970,1747907804278.563,-62,-17,-146
1747907804317.187,119983,1747907804298.375,-56,-10,-134
1747907804337.094,120031,1747907804318.25,-66,-13,-135
1747907804356.906,120039,1747907804338.187,-68,-11,-138
1747907804376.781,120046,1747907804358.031,-77,-1,-138
1747907804396.625,120073,1747907804377.844,-73,-9,-135
1747907804416.5,120083,1747907804397.719,-52,-10,-140
1747907804436.313,120056,1747907804417.562,-66,-10,-141
1747907804456.281,119993,1747907804437.437,-77,-14,-134
1747907804476.031,119929,1747907804457.25,-71,-1,-146
1747907804495.906,119872,1747907804477.125,-64,-7,-137
1747907804515.719,119807,1747907804496.938,-72,-9,-136
1747907804535.563,119720,1747907804516.812,-74,-15,-153
1747907804555.437,119669,1747907804536.625,-72,-9,-130
1747907804575.281,119605,1747907804556.5,-69,-9,-144
1747907804595.125,119553,1747907804576.344,-72,-9,-136
1747907804615.0,119528,1747907804596.25,-65,-5,-136
1747907804634.844,119497,1747907804616.062,-66,-5,-153
1747907804654.719,119475,1747907804636.0,-68,-9,-140
1747907804674.562,119447,1747907804655.781,-64,-9,-137
1747907804694.406,119442,1747907804675.687,-75,-9,-132
1747907804714.281,119418,1747907804695.469,-68,-13,-133
1747907804734.219,119408,1747907804715.344,-64,-8,-143
1747907804753.969,119379,1747907804735.25,-72,-9,-137
1747907804773.875,119381,1747907804755.063,-66,-13,-136
1747907804793.75,119363,1747907804774.937,-77,-9,-138
1747907804813.594,119365,1747907804794.812,-65,-13,-130
1747907804833.437,119365,1747907804814.656,-64,-16,-138
1747907804853.313,119352,1747907804834.531,-65,-13,-132
1747907804873.188,119360,1747907804854.375,-75,-17,-134
1747907804893.062,119352,1747907804874.25,-73,-12,-138
1747907804912.875,119367,1747907804894.125,-68,-9,-141
1747907804932.781,119372,1747907804914.0,-73,-7,-129
1747907804952.625,119377,1747907804933.875,-69,-8,-141
1747907804972.5,119401,1747907804953.687,-64,-12,-134
1747907804992.375,119407,1747907804973.531,-64,-8,-136
1747907805012.219,119414,1747907804993.469,-80,-13,-137
1747907805032.063,119449,1747907805013.312,-71,-10,-134
1747907805051.938,119481,1747907805033.125,-65,-13,-138
1747907805071.875,119533,1747907805053.0,-61,-13,-133
1747907805091.687,119547,1747907805072.969,-77,-6,-140
1747907805111.5,119571,1747907805092.688,-76,-8,-138
1747907805131.375,119532,1747907805112.562,-66,-13,-132
1747907805151.187,119476,1747907805132.469,-81,-17,-141
1747907805171.031,119416,1747907805152.281,-64,-10,-141
1747907805190.906,119372,1747907805172.094,-63,-9,-138
1747907805210.75,119314,1747907805192.0,-68,-17,-136
1747907805230.594,119267,1747907805211.812,-77,-10,-134
1747907805250.437,119232,1747907805231.688,-64,-13,-138
1747907805270.281,119216,1747907805251.469,-63,-7,-136
1747907805290.156,119205,1747907805271.313,-65,-10,-145
1747907805309.969,119212,1747907805291.25,-72,-9,-132
1747907805329.844,119209,1747907805311.062,-64,-8,-134
1747907805349.719,119207,1747907805330.906,-75,-9,-138
1747907805369.531,119213,1747907805350.75,-62,-9,-147
1747907805389.344,119222,1747907805370.594,-66,-7,-136
1747907805409.344,119224,1747907805390.469,-66,-13,-139
1747907805429.125,119242,1747907805410.375,-79,-9,-151
1747907805448.937,119236,1747907805430.156,-72,-9,-135
1747907805468.781,119257,1747907805450.031,-74,-13,-132
1747907805488.625,119273,1747907805469.906,-81,-12,-140
1747907805508.5,119288,1747907805489.719,-65,-9,-137
1747907805528.375,119299,1747907805509.594,-79,-9,-137
1747907805548.187,119309,1747907805529.438,-78,-17,-143
1747907805568.063,119339,1747907805549.2808,-66,-9,-138
1747907805587.9058,119341,1747907805569.125,-56,-10,-132
1747907805607.781,119373,1747907805589.0,-77,-9,-127
1747907805627.625,119395,1747907805608.844,-72,-13,-138
1747907805647.469,119421,1747907805628.719,-64,-11,-136
1747907805667.375,119453,1747907805648.594,-63,-7,-136
1747907805687.219,119484,1747907805668.437,-74,-9,-137
1747907805707.094,119510,1747907805688.313,-72,-9,-141
1747907805726.969,119561,1747907805708.188,-72,-13,-137
1747907805746.844,119561,1747907805728.031,-77,-13,-136
1747907805766.687,119546,1747907805747.906,-74,-5,-133
1747907805786.531,119470,1747907805767.75,-72,-2,-138
1747907805806.438,119423,1747907805787.625,-63,-11,-138
1747907805826.25,119348,1747907805807.625,-57,-13,-144
1747907805846.125,119291,1747907805827.312,-72,-9,-137
1747907805865.969,119255,1747907805847.219,-76,-12,-137
1747907805885.844,119220,1747907805867.063,-69,-5,-137
1747907805905.688,119197,1747907805886.906,-64,-8,-141
1747907805925.531,119188,1747907805906.781,-65,-15,-137
1747907805945.406,119195,1747907805926.625,-71,-9,-126
1747907805965.281,119195,1747907805946.563,-71,-8,-136
1747907805985.125,119186,1747907805966.3442,-64,-20,-142
1747907806005.0,119182,1747907805986.187,-68,-17,-145
1747907806024.844,119188,1747907806006.062,-67,-9,-141
1747907806044.719,119198,1747907806025.938,-68,-10,-136
1747907806064.563,119215,1747907806045.813,-79,-9,-133
1747907806084.406,119220,1747907806065.625,-68,-12,-141
1747907806104.25,119228,1747907806085.5,-68,-9,-144
1747907806124.125,119239,1747907806105.375,-68,-11,-137
1747907806144.0,119234,1747907806125.219,-66,-9,-135
1747907806163.844,119253,1747907806145.062,-77,-9,-143
1747907806183.688,119270,1747907806164.906,-64,-7,-141
1747907806203.562,119291,1747907806184.781,-76,-9,-137
1747907806223.437,119302,1747907806204.594,-52,-11,-147
1747907806243.281,119335,1747907806224.5,-64,-13,-147
1747907806263.156,119346,1747907806244.375,-61,-13,-138
1747907806283.0,119384,1747907806264.25,-65,-4,-145
1747907806302.875,119400,1747907806284.063,-77,-13,-131
1747907806322.75,119435,1747907806303.938,-77,-9,-134
1747907806342.594,119461,1747907806323.812,-76,-9,-136
1747907806362.469,119487,1747907806343.656,-64,-9,-137
1747907806382.312,119491,1747907806363.5,-65,-9,-137
1747907806402.219,119469,1747907806383.406,-77,-11,-138
1747907806422.0632,119417,1747907806403.25,-66,-13,-130
1747907806441.906,119334,1747907806423.156,-65,-15,-136
1747907806461.781,119266,1747907806442.969,-73,-9,-136
1747907806481.656,119177,1747907806462.844,-76,-9,-134
1747907806501.469,119139,1747907806482.75,-68,-10,-138
1747907806521.313,119088,1747907806502.562,-61,-8,-138
1747907806541.187,119045,1747907806522.406,-64,-13,-142
1747907806561.062,119000,1747907806542.281,-73,-9,-138
1747907806580.875,118994,1747907806562.125,-58,-8,-141
1747907806600.719,119001,1747907806582.0,-76,-5,-132
1747907806620.594,118990,1747907806601.781,-72,-17,-142
1747907806640.4368,118982,1747907806621.656,-72,-17,-132
1747907806660.25,118984,1747907806641.5,-68,-9,-137
1747907806680.125,118985,1747907806661.344,-71,-10,-153
1747907806699.969,118983,1747907806681.187,-60,-8,-128
1747907806719.812,118992,1747907806701.031,-71,-9,-128
1747907806739.656,118999,1747907806720.906,-71,-10,-138
1747907806759.5,118983,1747907806740.75,-64,-9,-138
1747907806779.344,118995,1747907806760.562,-64,-9,-122
1747907806799.219,118985,1747907806780.406,-66,-5,-134
1747907806819.031,119007,1747907806800.281,-76,-9,-140
1747907806838.875,118999,1747907806820.125,-65,-7,-141
1747907806858.75,118996,1747907806839.938,-65,-10,-144
1747907806878.594,119003,1747907806859.812,-66,-8,-138
1747907806898.438,119004,1747907806879.656,-66,-9,-141
1747907806918.281,119058,1747907806899.5,-68,-11,-146
1747907806938.125,119077,1747907806919.344,-64,-13,-133
1747907806957.969,119106,1747907806939.188,-76,-17,-145
1747907806977.844,119129,1747907806959.031,-73,-9,-142
1747907806997.625,119165,1747907806978.906,-66,-9,-141
1747907807017.5,119200,1747907806998.719,-64,-9,-128
1747907807037.375,119232,1747907807018.563,-72,-9,-132
1747907807057.219,119217,1747907807038.437,-68,-7,-136
1747907807077.063,119190,1747907807058.312,-66,-10,-142
1747907807096.906,119124,1747907807078.125,-73,-9,-137
1747907807116.75,119075,1747907807098.0,-66,-9,-145
1747907807136.625,118994,1747907807117.813,-65,-10,-134
1747907807156.4382,118939,1747907807137.687,-66,-8,-142
1747907807176.312,118892,1747907807157.531,-80,-6,-137
1747907807196.187,118851,1747907807177.344,-68,-13,-149
1747907807216.031,118830,1747907807197.219,-67,-13,-139
1747907807235.844,118821,1747907807217.094,-69,-7,-144
1747907807255.719,118838,1747907807236.937,-73,-9,-143
1747907807275.562,118837,1747907807256.75,-76,-9,-141
1747907807295.437,118861,1747907807276.625,-72,-17,-142
1747907807315.281,118865,1747907807296.5,-78,-13,-141
1747907807335.125,118885,1747907807316.375,-72,-13,-138
1747907807355.0,118914,1747907807336.1868,-66,-13,-128
1747907807374.844,118929,1747907807356.063,-64,-13,-138
1747907807394.656,118955,1747907807375.906,-64,-10,-142
1747907807414.531,118957,1747907807395.781,-65,-9,-138
1747907807434.375,118986,1747907807415.625,-76,-9,-136
1747907807454.25,118995,1747907807435.469,-72,-10,-138
1747907807474.062,118993,1747907807455.281,-64,-10,-147
1747907807493.969,119013,1747907807475.125,-62,-17,-145
1747907807513.781,119051,1747907807495.0,-68,-9,-142
1747907807533.625,119075,1747907807514.812,-71,-8,-149
1747907807553.437,119114,1747907807534.719,-62,-10,-138
1747907807573.312,119143,1747907807554.563,-89,-6,-138
1747907807593.188,119170,1747907807574.406,-75,-9,-137
1747907807613.031,119200,1747907807594.25,-63,-9,-137
1747907807632.844,119251,1747907807614.094,-76,-19,-135
1747907807652.719,119332,1747907807633.938,-65,-20,-138
1747907807672.531,119332,1747907807653.781,-65,-20,-138
1747907807712.125,84554,1747907807693.469,-76,-1,-137
1747907807731.938,84567,1747907807713.344,-80,-1,-137
1747907807751.781,84567,1747907807733.188,-65,-1,-136
1747907807771.656,84539,1747907807753.0,-73,-1,-140
1747907807791.5,84508,1747907807772.875,-70,-1,-137
1747907807811.344,84466,1747907807792.719,-66,-1,-130
1747907807831.219,84420,1747907807812.531,-66,-1,-143
1747907807851.062,84397,1747907807832.406,-56,-1,-141
1747907807870.938,84370,1747907807852.25,-72,-1,-140
1747907807890.75,84364,1747907807872.125,-64,-1,-143
1747907807910.594,84346,1747907807891.937,-65,-5,-141
1747907807930.469,84348,1747907807911.813,-72,-1,-138
1747907807950.312,84348,1747907807931.688,-66,-1,-137
1747907807970.125,84356,1747907807951.531,-64,-17,-135
1747907807990.0,84381,1747907807971.344,-65,-1,-136
1747907808009.844,84377,1747907807991.188,-80,-1,-137
1747907808029.687,84387,1747907808011.031,-68,-1,-136
1747907808049.531,84407,1747907808030.906,-63,-1,-132
1747907808069.375,84407,1747907808050.75,-77,-1,-140
1747907808089.25,84409,1747907808070.625,-67,-1,-137
1747907808109.094,84417,1747907808090.469,-66,-1,-132
1747907808128.906,84424,1747907808110.313,-76,-2,-129
1747907808148.781,84433,1747907808130.156,-63,-1,-132
1747907808168.719,84427,1747907808149.969,-66,-1,-143
1747907808188.438,84442,1747907808169.906,-83,-1,-141
1747907808208.312,84460,1747907808189.656,-77,-2,-144
1747907808228.125,84457,1747907808209.531,-76,-1,-136
1747907808247.969,84470,1747907808229.344,-63,-1,-141
1747907808267.844,84488,1747907808249.187,-66,-1,-141
1747907808287.719,84502,1747907808269.031,-72,-1,-140
1747907808307.531,84522,1747907808288.938,-76,-9,-148
1747907808327.406,84537,1747907808308.719,-68,-1,-142
1747907808347.219,84564,1747907808328.594,-77,-1,-137
1747907808367.063,84595,1747907808348.437,-69,-1,-132
1747907808386.875,84600,1747907808368.281,-74,-1,-136
1747907808406.75,84623,1747907808388.125,-68,-2,-143
1747907808426.625,84599,1747907808408.062,-64,-1,-138
1747907808446.469,84560,1747907808427.844,-63,-2,-143
1747907808466.313,84522,1747907808447.719,-74,-1,-136
1747907808486.156,84511,1747907808467.531,-65,-1,-132
1747907808506.156,84479,1747907808487.344,-72,-2,-135
1747907808525.844,84456,1747907808507.344,-71,-1,-136
1747907808545.688,84430,1747907808527.062,-65,7,-143
1747907808565.531,84431,1747907808546.906,-63,-1,-138
1747907808585.406,84442,1747907808566.75,-64,-1,-144
1747907808605.281,84446,1747907808586.625,-69,-1,-136
1747907808625.094,84462,1747907808606.5,-68,-1,-132
1747907808644.969,84464,1747907808626.312,-74,-7,-146
1747907808664.844,84481,1747907808646.156,-68,-1,-145
1747907808684.656,84479,1747907808666.0308,-57,-1,-144
1747907808704.531,84488,1747907808685.875,-64,-1,-136
1747907808724.375,84496,1747907808705.75,-80,-1,-135
1747907808744.219,84499,1747907808725.563,-69,-1,-141
1747907808764.094,84492,1747907808745.531,-64,-1,-138
1747907808783.937,84503,1747907808765.312,-66,-1,-136
1747907808803.813,84510,1747907808785.156,-72,-1,-143
1747907808823.688,84505,1747907808805.0,-70,-1,-141
1747907808843.594,84528,1747907808824.906,-65,-1,-139
1747907808863.375,84524,1747907808844.781,-77,-1,-137
1747907808883.25,84520,1747907808864.594,-65,-1,-143
1747907808903.094,84559,1747907808884.437,-66,-1,-141
1747907808922.937,84559,1747907808904.313,-72,-2,-137
1747907808942.75,84576,1747907808924.125,-74,-1,-137
1747907808962.594,84610,1747907808944.0,-74,-1,-144
1747907808982.469,84631,1747907808963.844,-68,-17,-140
1747907809002.313,84661,1747907808983.687,-72,-1,-133
1747907809022.156,84694,1747907809003.531,-76,-1,-144
1747907809042.0,84717,1747907809023.375,-61,-1,-144
1747907809061.875,84749,1747907809043.187,-64,-1,-149
1747907809081.688,84760,1747907809063.062,-65,-1,-143
1747907809101.562,84747,1747907809082.875,-66,-1,-144
1747907809121.375,84716,1747907809102.781,-80,-1,-136
1747907809141.25,84670,1747907809122.5942,-64,-1,-143
1747907809161.125,84611,1747907809142.437,-74,-1,-141
1747907809181.031,84537,1747907809162.312,-76,-1,-144
1747907809200.781,84489,1747907809182.25,-78,-1,-137
1747907809220.656,84428,1747907809202.0,-72,-1,-140
1747907809240.531,84394,1747907809221.906,-77,-2,-137
1747907809260.344,84336,1747907809241.75,-65,-2,-137
1747907809280.188,84304,1747907809261.563,-65,-1,-138
1747907809300.031,84289,1747907809281.375,-63,-1,-144
1747907809319.875,84266,1747907809301.25,-65,9,-144
1747907809339.781,84268,1747907809321.125,-78,-1,-138
1747907809359.5632,84273,1747907809340.969,-69,-1,-142
1747907809379.469,84268,1747907809360.781,-76,-1,-128
1747907809399.312,84264,1747907809380.656,-65,-5,-137
1747907809419.156,84249,1747907809400.531,-77,-1,-136
1747907809438.969,84255,1747907809420.406,-72,-1,-141
1747907809458.844,84251,1747907809440.187,-77,-1,-141
1747907809478.687,84249,1747907809460.063,-68,-1,-141
1747907809498.531,84231,1747907809479.906,-65,-1,-136
1747907809518.469,84238,1747907809499.75,-71,-1,-136
1747907809538.188,84220,1747907809519.656,-71,7,-136
1747907809558.063,84237,1747907809539.406,-66,-3,-137
1747907809577.9368,84229,1747907809559.281,-68,-1,-138
1747907809597.75,84241,1747907809579.125,-81,-1,-143
1747907809617.594,84240,1747907809598.937,-64,-1,-140
1747907809637.469,84254,1747907809618.812,-64,-1,-136
1747907809657.312,84271,1747907809638.688,-80,-13,-141
1747907809677.125,84285,1747907809658.531,-77,-2,-136
1747907809696.969,84286,1747907809678.375,-77,-1,-140
1747907809716.844,84318,1747907809698.187,-65,-1,-130
1747907809736.719,84343,1747907809718.031,-79,-1,-135
1747907809756.5,84366,1747907809737.875,-68,-1,-146
1747907809776.375,84392,1747907809757.812,-65,-1,-139
1747907809796.25,84388,1747907809777.562,-71,-1,-144
1747907809816.063,84387,1747907809797.437,-66,-1,-140
1747907809835.938,84339,1747907809817.313,-65,-1,-136
1747907809855.781,84300,1747907809837.156,-73,-1,-137
1747907809875.625,84224,1747907809856.9692,-74,-1,-153
1747907809895.5,84200,1747907809876.844,-76,-2,-134
1747907809915.344,84155,1747907809896.719,-74,-1,-143
1747907809935.187,84133,1747907809916.563,-68,-1,-135
1747907809955.031,84117,1747907809936.375,-65,-1,-141
1747907809974.938,84109,1747907809956.25,-66,-1,-135
1747907809994.781,84114,1747907809976.125,-69,-9,-143
1747907810014.656,84120,1747907809996.0,-77,-1,-137
1747907810034.531,84138,1747907810015.844,-68,-1,-138
1747907810054.375,84139,1747907810035.687,-66,-1,-144
1747907810074.219,84147,1747907810055.594,-68,-1,-145
1747907810094.063,84160,1747907810075.469,-72,-1,-142
1747907810113.937,84169,1747907810095.281,-65,-1,-136
1747907810133.812,84190,1747907810115.156,-64,-1,-137
1747907810153.656,84207,1747907810135.031,-72,-1,-136
1747907810173.563,84229,1747907810154.875,-57,-1,-137
1747907810193.437,84244,1747907810174.75,-72,-1,-138
1747907810213.312,84249,1747907810194.656,-68,-1,-137
1747907810233.125,84272,1747907810214.469,-80,-3,-138
1747907810253.031,84292,1747907810234.375,-64,-1,-135
1747907810272.875,84310,1747907810254.313,-61,-1,-144
1747907810292.75,84337,1747907810274.063,-77,-1,-133
1747907810312.563,84358,1747907810293.937,-68,-1,-141
1747907810332.438,84378,1747907810313.781,-73,-1,-137
1747907810352.344,84398,1747907810333.625,-65,-1,-140
1747907810372.156,84408,1747907810353.5,-73,-13,-140
1747907810392.0,84434,1747907810373.344,-64,-5,-120
1747907810411.875,84456,1747907810393.25,-63,-1,-145
1747907810431.719,84466,1747907810413.094,-81,-1,-144
1747907810451.562,84502,1747907810432.906,-64,-1,-145
1747907810471.437,84535,1747907810452.781,-79,-1,-139
1747907810491.313,84563,1747907810472.656,-77,-1,-140
1747907810511.125,84587,1747907810492.5,-68,-1,-141
1747907810530.969,84613,1747907810512.344,-72,-1,-141
1747907810550.812,84616,1747907810532.219,-72,7,-142
1747907810570.656,84611,1747907810552.031,-77,-1,-144
1747907810590.531,84550,1747907810571.875,-73,-1,-137
1747907810610.375,84522,1747907810591.75,-64,-1,-138
1747907810630.187,84457,1747907810611.594,-71,-1,-137
1747907810650.031,84435,1747907810631.406,-73,-1,-144
1747907810669.906,84395,1747907810651.281,-69,0,-142
1747907810689.75,84391,1747907810671.125,-64,-1,-140
1747907810709.625,84375,1747907810690.969,-72,-1,-135
1747907810729.469,84362,1747907810710.844,-73,-1,-128
1747907810749.312,84374,1747907810730.687,-76,-1,-138
1747907810769.125,84368,1747907810750.531,-67,-1,-137
1747907810789.0,84381,1747907810770.312,-71,-1,-149
1747907810808.812,84380,1747907810790.219,-68,-1,-142
1747907810828.75,84372,1747907810810.031,-66,-1,-143
1747907810848.531,84373,1747907810829.937,-70,-1,-138
1747907810868.406,84378,1747907810849.719,-64,-1,-141
1747907810888.188,84386,1747907810869.594,-74,-1,-140
1747907810908.062,84383,1747907810889.406,-68,-1,-138
1747907810927.937,84393,1747907810909.281,-66,-1,-137
1747907810947.781,84402,1747907810929.156,-61,-1,-139
1747907810967.594,84404,1747907810949.0,-77,-1,-140
1747907810987.469,84422,1747907810968.781,-64,-1,-141
1747907811007.312,84443,1747907810988.688,-65,14,-134
1747907811027.188,84480,1747907811008.5,-72,-1,-145
1747907811047.0,84485,1747907811028.406,-73,-2,-145
1747907811066.844,84519,1747907811048.187,-76,-1,-135
1747907811086.719,84543,1747907811068.031,-72,-1,-138
1747907811106.531,84581,1747907811087.9058,-70,-1,-138
1747907811126.375,84595,1747907811107.75,-68,-1,-151
1747907811146.25,84616,1747907811127.625,-65,-1,-141
1747907811166.094,84650,1747907811147.438,-64,-1,-141
1747907811185.937,84671,1747907811167.281,-74,-2,-136
1747907811205.781,84681,1747907811187.156,-73,-1,-137
1747907811225.625,84704,1747907811207.031,-72,-1,-140
1747907811245.469,84723,1747907811226.8118,-66,-1,-143
1747907811265.375,84753,1747907811246.719,-66,-1,-134
1747907811285.156,84759,1747907811266.594,-64,-1,-140
1747907811305.0,84761,1747907811286.406,-65,-1,-135
1747907811324.906,84710,1747907811306.187,-64,-5,-136
1747907811344.688,84680,1747907811326.062,-69,-1,-133
1747907811364.562,84628,1747907811345.906,-77,-1,-136
1747907811384.375,84576,1747907811365.75,-74,-1,-138
1747907811404.219,84542,1747907811385.594,-64,-13,-133
1747907811424.094,84511,1747907811405.406,-67,-1,-144
1747907811443.906,84478,1747907811425.281,-77,-1,-144
1747907811463.75,84457,1747907811445.125,-77,-1,-140
1747907811483.625,84456,1747907811464.969,-63,-1,-136
1747907811503.438,84443,1747907811484.844,-76,-1,-138
1747907811523.313,84447,1747907811504.656,-60,-1,-146
1747907811543.156,84455,1747907811524.531,-62,-1,-136
1747907811562.969,84449,1747907811544.344,-64,-1,-144
1747907811582.844,84476,1747907811564.188,-70,-1,-141
1747907811602.688,84466,1747907811584.0,-66,-1,-141
1747907811622.5,84489,1747907811603.906,-73,-1,-137
1747907811642.375,84479,1747907811623.688,-63,-1,-133
1747907811662.219,84496,1747907811643.563,-68,-1,-145
1747907811682.062,84504,1747907811663.406,-72,6,-134
1747907811701.875,84507,1747907811683.281,-77,-1,-132
1747907811721.719,84512,1747907811703.125,-72,-1,-139
1747907811741.562,84532,1747907811722.938,-71,-2,-161
1747907811761.437,84548,1747907811742.75,-64,-1,-141
1747907811781.25,84570,1747907811762.656,-64,-1,-136
1747907811801.094,84573,1747907811782.5,-63,-1,-146
1747907811820.969,84597,1747907811802.313,-66,7,-143
1747907811840.812,84611,1747907811822.156,-66,-1,-143
1747907811860.656,84635,1747907811842.031,-63,-1,-136
1747907811880.563,84645,1747907811861.875,-73,-1,-136
1747907811900.375,84664,1747907811881.75,-72,-1,-141
1747907811920.25,84689,1747907811901.594,-66,-1,-140
1747907811940.094,84706,1747907811921.469,-68,-1,-136
1747907811959.938,84742,1747907811941.281,-80,-1,-139
1747907811979.781,84758,1747907811961.156,-77,-1,-132
1747907811999.656,84761,1747907811980.969,-66,-1,-139
1747907812019.531,84753,1747907812000.875,-77,-1,-144
1747907812039.375,84712,1747907812020.75,-65,-1,-138
1747907812059.188,84665,1747907812040.562,-74,-1,-138
1747907812079.063,84617,1747907812060.437,-66,-8,-153
1747907812098.937,84570,1747907812080.281,-71,-1,-138
1747907812118.75,84535,1747907812100.156,-65,-1,-133
1747907812138.625,84514,1747907812119.969,-72,-1,-136
1747907812158.5,84483,1747907812139.844,-66,-1,-146
1747907812178.344,84466,1747907812159.719,-64,-1,-156
1747907812198.187,84461,1747907812179.531,-68,-1,-135
1747907812218.031,84452,1747907812199.375,-65,-1,-136
1747907812237.938,84450,1747907812219.25,-77,-2,-143
1747907812257.75,84461,1747907812239.062,-64,-1,-143
1747907812277.562,84450,1747907812258.969,-79,-1,-136
1747907812297.406,84467,1747907812278.719,-56,-1,-144
1747907812317.25,84464,1747907812298.625,-68,-1,-148
1747907812337.125,84471,1747907812318.5,-66,-1,-136
1747907812356.938,84480,1747907812338.312,-77,-1,-144
1747907812376.781,84482,1747907812358.125,-64,-1,-145
1747907812396.625,84491,1747907812377.969,-64,-1,-144
1747907812416.469,84496,1747907812397.812,-72,-1,-145
1747907812436.313,84505,1747907812417.656,-68,-1,-144
1747907812456.156,84518,1747907812437.5,-64,-1,-141
1747907812476.031,84525,1747907812457.344,-72,-1,-136
1747907812495.875,84546,1747907812477.25,-77,-1,-136
1747907812515.688,84563,1747907812497.062,-66,-1,-137
1747907812535.531,84561,1747907812516.906,-63,-1,-136
1747907812555.375,84578,1747907812536.75,-79,-1,-130
1747907812575.219,84595,1747907812556.594,-68,-1,-138
1747907812595.062,84604,1747907812576.406,-63,5,-140
1747907812614.906,84617,1747907812596.281,-72,-1,-141
1747907812634.75,84627,1747907812616.125,-81,-1,-153
1747907812654.625,84654,1747907812635.938,-68,-1,-141
1747907812674.469,84669,1747907812655.813,-66,-1,-146
1747907812694.313,84697,1747907812675.687,-72,1,-141
1747907812714.156,84712,1747907812695.5,-77,-1,-141
1747907812734.031,84708,1747907812715.344,-66,-1,-144
1747907812753.875,84666,1747907812735.219,-76,-1,-144
1747907812773.719,84627,1747907812755.094,-64,-1,-140
1747907812793.563,84587,1747907812774.906,-65,-1,-138
1747907812813.438,84543,1747907812794.781,-77,-1,-137
1747907812833.312,84505,1747907812814.625,-64,-1,-141
1747907812853.125,84472,1747907812834.531,-61,-1,-143
1747907812873.0,84436,1747907812854.344,-64,-1,-136
1747907812892.875,84413,1747907812874.219,-72,-1,-134
1747907812912.719,84407,1747907812894.094,-72,-1,-137
1747907812932.531,84407,1747907812913.938,-72,-1,-147
1747907812952.406,84385,1747907812933.75,-64,-1,-136
1747907812972.281,84385,1747907812953.625,-67,-1,-137
1747907812992.125,84390,1747907812973.5,-72,-1,-137
1747907813012.0,84381,1747907812993.344,-65,-1,-136
1747907813031.844,84385,1747907813013.156,-64,-1,-138
1747907813051.688,84374,1747907813033.031,-65,-1,-136
1747907813071.563,84373,1747907813052.906,-64,-1,-142
1747907813091.375,84384,1747907813072.75,-77,-1,-144
1747907813111.25,84380,1747907813092.563,-74,-1,-141
1747907813131.094,84388,1747907813112.469,-73,-1,-133
1747907813150.969,84390,1747907813132.312,-66,-1,-138
1747907813170.813,84394,1747907813152.188,-72,-1,-138
1747907813190.656,84410,1747907813172.0,-73,-1,-135
1747907813210.5,84424,1747907813191.844,-58,-1,-137
1747907813230.375,84425,1747907813211.719,-64,-1,-142
1747907813250.25,84438,1747907813231.594,-63,-1,-145
1747907813270.062,84455,1747907813251.406,-77,-1,-140
1747907813289.937,84476,1747907813271.281,-76,-1,-134
1747907813309.75,84499,1747907813291.125,-53,-1,-139
1747907813329.625,84508,1747907813310.969,-76,-1,-143
1747907813349.469,84553,1747907813330.812,-61,-1,-142
1747907813369.312,84558,1747907813350.656,-71,-1,-138
1747907813389.187,84570,1747907813370.5,-64,-1,-140
1747907813409.0,84608,1747907813390.406,-62,-1,-137
1747907813428.875,84652,1747907813410.219,-72,-9,-142
1747907813448.719,84673,1747907813430.063,-65,-1,-143
1747907813468.594,84684,1747907813449.938,-62,-1,-141
1747907813488.437,84671,1747907813469.812,-64,-1,-144
1747907813508.313,84619,1747907813489.625,-77,-1,-136
1747907813528.156,84571,1747907813509.5,-66,-1,-141
1747907813548.031,84528,1747907813529.406,-63,-1,-141
1747907813567.875,84501,1747907813549.219,-72,-1,-141
1747907813587.688,84453,1747907813569.094,-65,-1,-143
1747907813607.594,84419,1747907813588.937,-68,-2,-140
1747907813627.469,84389,1747907813608.781,-64,-1,-141
1747907813647.281,84378,1747907813628.688,-61,-1,-140
1747907813667.156,84361,1747907813648.5,-74,-1,-140
1747907813687.031,84354,1747907813668.375,-74,-1,-144
1747907813706.906,84345,1747907813688.219,-65,-15,-140
1747907813726.719,84334,1747907813708.094,-72,-1,-144
1747907813746.594,84337,1747907813727.906,-66,-1,-141
1747907813766.438,84330,1747907813747.812,-64,-1,-152
1747907813786.313,84327,1747907813767.656,-64,-1,-148
1747907813806.125,84317,1747907813787.531,-68,-1,-145
1747907813826.0,84325,1747907813807.344,-61,-1,-143
1747907813845.906,84315,1747907813827.25,-72,-2,-135
1747907813865.75,84329,1747907813847.094,-73,-1,-141
1747907813885.594,84332,1747907813866.969,-68,-1,-143
1747907813905.469,84319,1747907813886.813,-65,-1,-137
1747907813925.313,84332,1747907813906.656,-73,-1,-133
1747907813945.188,84340,1747907813926.562,-81,-1,-138
1747907813965.031,84350,1747907813946.406,-72,-1,-138
1747907813984.875,84368,1747907813966.219,-72,-1,-142
1747907814004.75,84377,1747907813986.094,-75,3,-136
1747907814024.625,84403,1747907814005.969,-65,-1,-144
1747907814044.4692,84419,1747907814025.812,-89,-1,-138
1747907814064.344,84425,1747907814045.688,-68,-1,-139
1747907814084.187,84435,1747907814065.531,-66,-1,-148
1747907814104.063,84473,1747907814085.406,-63,-9,-141
1747907814123.875,84472,1747907814105.219,-68,-9,-137
1747907814143.75,84494,1747907814125.094,-69,-1,-141
1747907814163.625,84508,1747907814144.969,-64,-1,-144
1747907814183.5,84539,1747907814164.844,-67,-1,-137
1747907814203.3132,84550,1747907814184.687,-68,-1,-137
1747907814223.187,84549,1747907814204.531,-77,-1,-132
1747907814243.062,84500,1747907814224.406,-80,-1,-137
1747907814262.906,84467,1747907814244.281,-77,-1,-136
1747907814282.75,84417,1747907814264.094,-73,-1,-141
1747907814302.594,84374,1747907814283.937,-74,-1,-136
1747907814322.437,84331,1747907814303.781,-68,-1,-140
1747907814342.312,84282,1747907814323.656,-62,-3,-141
1747907814362.125,84256,1747907814343.5618,-63,-1,-143
1747907814382.031,84230,1747907814363.344,-77,-1,-141
1747907814401.906,84218,1747907814383.219,-66,-1,-139
1747907814421.75,84208,1747907814403.125,-68,-1,-136
1747907814441.594,84200,1747907814422.906,-72,-2,-133
1747907814461.438,84189,1747907814442.781,-74,-1,-136
1747907814481.313,84200,1747907814462.625,-72,-1,-141
1747907814501.156,84186,1747907814482.531,-76,-1,-132
1747907814521.031,84192,1747907814502.375,-64,-1,-141
1747907814540.875,84185,1747907814522.219,-65,-1,-136
1747907814560.75,84195,1747907814542.062,-66,-1,-144
1747907814580.625,84186,1747907814561.938,-77,-1,-144
1747907814600.437,84187,1747907814581.844,-64,-1,-145
1747907814620.313,84179,1747907814601.687,-62,-1,-136
1747907814640.156,84190,1747907814621.531,-64,-1,-135
1747907814660.031,84180,1747907814641.375,-64,-1,-137
1747907814679.844,84184,1747907814661.219,-69,-1,-138
1747907814699.75,84192,1747907814681.062,-73,-1,-135
1747907814719.594,84199,1747907814700.969,-72,-1,-141
1747907814739.469,84225,1747907814720.813,-70,-1,-137
1747907814759.312,84226,1747907814740.656,-66,-1,-141
1747907814779.156,84258,1747907814760.531,-71,0,-136
1747907814799.031,84265,1747907814780.344,-77,-1,-137
1747907814818.906,84282,1747907814800.219,-72,-1,-136
1747907814838.719,84305,1747907814820.125,-77,-1,-124
1747907814858.594,84327,1747907814839.969,-74,-1,-144
1747907814878.469,84363,1747907814859.812,-65,-1,-138
1747907814898.313,84366,1747907814879.687,-74,-1,-145
1747907814918.156,84378,1747907814899.531,-66,-1,-137
1747907814938.031,84360,1747907814919.344,-76,-1,-144
1747907814957.875,84324,1747907814939.25,-64,-1,-138
1747907814977.75,84276,1747907814959.094,-68,-1,-138
1747907814997.563,84241,1747907814978.969,-71,-1,-141
1747907815017.406,84203,1747907814998.75,-76,-1,-138
1747907815037.281,84153,1747907815018.625,-69,-1,-138
1747907815057.125,84137,1747907815038.469,-64,-1,-141
1747907815077.0,84103,1747907815058.375,-79,-2,-135
1747907815096.844,84087,1747907815078.219,-72,-1,-143
1747907815116.687,84086,1747907815098.063,-56,-1,-136
1747907815136.563,84077,1747907815117.906,-73,-1,-134
1747907815156.406,84076,1747907815137.75,-64,-13,-138
1747907815176.25,84065,1747907815157.594,-68,-1,-144
1747907815196.125,84088,1747907815177.469,-73,-2,-139
1747907815215.937,84101,1747907815197.313,-52,-1,-137
1747907815235.781,84093,1747907815217.156,-74,-1,-145
1747907815255.656,84086,1747907815237.0,-80,-1,-140
1747907815275.5,84082,1747907815256.844,-63,-1,-148
1747907815295.406,84094,1747907815276.688,-65,-1,-141
1747907815315.219,84082,1747907815296.625,-64,-1,-149
1747907815335.063,84094,1747907815316.437,-64,-1,-137
1747907815354.938,84098,1747907815336.281,-81,-1,-136
1747907815374.781,84112,1747907815356.156,-64,-1,-132
1747907815394.625,84121,1747907815376.0,-68,-1,-141
1747907815414.469,84117,1747907815395.812,-68,-2,-141
1747907815434.375,84126,1747907815415.687,-66,-1,-134
1747907815454.187,84160,1747907815435.5,-72,-9,-139
1747907815474.0,84175,1747907815455.406,-71,-1,-139
1747907815493.875,84200,1747907815475.25,-64,-1,-136
1747907815513.719,84208,1747907815495.094,-72,-3,-144
1747907815533.594,84224,1747907815514.906,-63,-1,-139
1747907815553.406,84250,1747907815534.75,-66,-1,-136
1747907815573.25,84278,1747907815554.625,-79,-1,-130
1747907815593.125,84292,1747907815574.469,-68,-1,-141
1747907815612.969,84310,1747907815594.375,-68,-1,-132
1747907815632.812,84317,1747907815614.188,-72,-1,-132
1747907815652.656,84293,1747907815634.063,-73,-1,-145
1747907815672.5,84261,1747907815653.875,-63,-1,-141
1747907815692.375,84211,1747907815673.656,-77,-1,-144
1747907815712.219,84157,1747907815693.562,-74,-1,-138
1747907815732.031,84115,1747907815713.406,-74,-1,-133
1747907815751.875,84086,1747907815733.219,-77,-1,-136
1747907815771.813,84042,1747907815753.125,-76,-1,-144
1747907815791.594,84021,1747907815772.937,-64,-4,-136
1747907815811.469,83990,1747907815792.781,-79,-1,-137
1747907815831.281,83982,1747907815812.656,-74,-1,-137
1747907815851.125,83962,1747907815832.438,-66,-1,-146
1747907815870.969,83958,1747907815852.344,-68,-1,-137
1747907815890.781,83983,1747907815872.156,-76,-1,-137
1747907815910.625,83999,1747907815891.969,-76,-1,-145
1747907815930.469,84004,1747907815911.844,-79,-1,-139
1747907815950.375,83985,1747907815931.688,-66,-1,-144
1747907815970.156,83993,1747907815951.594,-63,-1,-137
1747907815990.0,83990,1747907815971.375,-77,-1,-145
1747907816009.875,83994,1747907815991.219,-66,-1,-136
1747907816029.719,83998,1747907816011.063,-68,-1,-136
1747907816049.5,83981,1747907816030.906,-74,-1,-148
1747907816069.344,84015,1747907816050.812,-61,-2,-144
1747907816089.219,84013,1747907816070.5618,-77,-1,-132
1747907816109.062,84039,1747907816090.406,-64,-5,-141
1747907816128.906,84052,1747907816110.281,-69,-1,-138
1747907816148.781,84053,1747907816130.125,-77,-1,-133
1747907816168.594,84065,1747907816150.0,-77,-1,-148
1747907816188.469,84085,1747907816169.781,-72,-1,-120
1747907816208.312,84099,1747907816189.656,-65,-1,-145
1747907816228.094,84123,1747907816209.5,-66,-1,-137
1747907816247.969,84159,1747907816229.312,-76,-1,-143
1747907816267.813,84156,1747907816249.156,-66,-1,-146
1747907816287.656,84184,1747907816269.031,-74,-1,-138
1747907816307.469,84212,1747907816288.906,-65,-1,-132
1747907816327.344,84234,1747907816308.719,-68,-1,-137
1747907816347.219,84229,1747907816328.531,-68,-1,-138
1747907816367.031,84214,1747907816348.375,-74,-1,-141
1747907816386.844,84169,1747907816368.25,-65,-1,-143
1747907816406.687,84106,1747907816388.031,-49,-5,-138
1747907816426.531,84055,1747907816407.875,-76,-1,-141
1747907816446.406,84030,1747907816427.75,-64,-1,-144
1747907816466.219,83992,1747907816447.594,-64,-1,-137
1747907816486.063,83961,1747907816467.438,-72,-1,-139
1747907816505.906,83939,1747907816487.281,-64,-1,-138
1747907816525.781,83921,1747907816507.125,-76,-2,-145
1747907816545.625,83907,1747907816526.969,-63,-1,-137
1747907816565.438,83912,1747907816546.844,-71,-1,-141
1747907816585.312,83895,1747907816566.625,-63,-1,-137
1747907816605.187,83895,1747907816586.531,-64,-1,-141
1747907816625.0,83918,1747907816606.375,-74,-1,-147
1747907816644.844,83906,1747907816626.219,-67,-1,-137
1747907816664.719,83912,1747907816646.063,-62,-1,-132
1747907816684.562,83905,1747907816665.938,-63,-1,-137
1747907816704.406,83898,1747907816685.75,-73,-1,-144
1747907816724.25,83907,1747907816705.625,-74,-1,-138
1747907816744.094,83929,1747907816725.469,-65,-1,-144
1747907816763.937,83916,1747907816745.313,-80,-1,-144
1747907816783.844,83914,1747907816765.156,-74,-1,-142
1747907816803.594,83915,1747907816785.0,-64,-9,-145
1747907816823.469,83932,1747907816804.812,-72,-1,-135
1747907816843.281,83941,1747907816824.687,-71,-1,-141
1747907816863.156,83977,1747907816844.5,-64,-1,-128
1747907816882.969,84000,1747907816864.344,-71,-1,-137
1747907816902.812,84028,1747907816884.187,-68,-5,-128
1747907816922.688,84053,1747907816904.062,-68,-1,-144
1747907816942.531,84077,1747907816923.875,-64,-1,-144
1747907816962.344,84089,1747907816943.719,-80,-1,-135
1747907816982.187,84120,1747907816963.563,-71,7,-142
1747907817002.156,84138,1747907816983.406,-63,-1,-137
1747907817021.938,84175,1747907817003.344,-80,-1,-135
1747907817041.75,84205,1747907817023.125,-76,-1,-138
1747907817061.625,84253,1747907817042.969,-64,-1,-136
1747907817081.437,84263,1747907817062.844,-66,-1,-138
1747907817101.406,84247,1747907817082.687,-65,-1,-140
1747907817121.125,84221,1747907817102.594,-76,-1,-138
1747907817141.0,84179,1747907817122.344,-72,-5,-144
1747907817160.875,84118,1747907817142.188,-72,-1,-132
1747907817180.687,84083,1747907817162.062,-68,-2,-136
1747907817200.531,84055,1747907817181.906,-77,-1,-128
1747907817220.375,84032,1747907817201.781,-77,-1,-138
1747907817240.25,83989,1747907817221.594,-72,-1,-140
1747907817260.094,83982,1747907817241.531,-72,-1,-148
1747907817279.938,83934,1747907817261.344,-73,-1,-137
1747907817299.813,83924,1747907817281.187,-65,-1,-130
1747907817319.687,83932,1747907817301.0,-65,-1,-136
1747907817339.594,83941,1747907817320.906,-76,-1,-140
1747907817359.375,83959,1747907817340.844,-78,12,-137
1747907817379.25,83974,1747907817360.594,-74,7,-140
1747907817399.094,83990,1747907817380.469,-61,-1,-141
1747907817418.969,83976,1747907817400.344,-85,-1,-139
1747907817438.812,83995,1747907817420.156,-65,-1,-149
1747907817458.688,84016,1747907817440.094,-64,-1,-141
1747907817478.563,84025,1747907817459.875,-80,6,-141
1747907817498.562,84041,1747907817479.75,-77,-1,-135
1747907817518.25,84046,1747907817499.656,-64,-20,-136
1747907817538.156,84051,1747907817519.5,-69,-5,-132
1747907817558.031,84052,1747907817539.344,-69,-1,-137
1747907817577.875,84080,1747907817559.25,-81,-1,-148
1747907817597.719,84097,1747907817579.094,-65,-1,-143
1747907817617.594,84119,1747907817598.937,-66,-1,-141
1747907817637.438,84139,1747907817618.75,-73,-1,-137
1747907817657.312,84168,1747907817638.656,-77,-1,-144
1747907817677.156,84179,1747907817658.531,-72,-1,-143
1747907817697.0,84216,1747907817678.375,-64,-1,-138
1747907817716.875,84246,1747907817698.219,-64,-1,-145
1747907817736.75,84258,1747907817718.094,-77,-1,-145
1747907817756.594,84269,1747907817737.969,-64,-1,-138
1747907817776.437,84279,1747907817757.812,-72,-1,-142
1747907817796.313,84323,1747907817777.656,-61,-1,-136
1747907817816.188,84350,1747907817797.531,-69,7,-136
1747907817836.031,84353,1747907817817.406,-74,-1,-146
1747907817855.875,84366,1747907817837.219,-68,-1,-144
1747907817875.781,84328,1747907817857.094,-77,-1,-145
1747907817895.625,84290,1747907817876.969,-82,-1,-137
1747907817915.469,84238,1747907817896.844,-65,-1,-141
1747907817935.344,84190,1747907817916.656,-63,-1,-132
1747907817955.219,84166,1747907817936.531,-74,-1,-141
1747907817975.063,84145,1747907817956.406,-74,-1,-144
1747907817994.906,84136,1747907817976.25,-66,-9,-142
1747907818014.781,84116,1747907817996.094,-63,-1,-141
1747907818034.625,84111,1747907818015.969,-66,-1,-144
1747907818054.5,84108,1747907818035.844,-81,-1,-137
1747907818074.469,84107,1747907818055.687,-74,15,-138
1747907818094.187,84098,1747907818075.656,-71,-1,-142
1747907818114.062,84125,1747907818095.375,-72,-1,-142
1747907818133.938,84139,1747907818115.281,-77,-1,-138
1747907818153.781,84128,1747907818135.156,-89,-1,-144
1747907818173.656,84139,1747907818154.969,-67,-1,-148
1747907818193.562,84145,1747907818174.875,-68,-1,-141
1747907818213.375,84159,1747907818194.719,-68,-17,-137
1747907818233.25,84147,1747907818214.594,-72,-1,-145
1747907818253.094,84145,1747907818234.469,-67,-1,-140
1747907818272.969,84164,1747907818254.281,-61,-2,-161
1747907818292.813,84173,1747907818274.187,-68,-1,-133
1747907818312.656,84204,1747907818294.031,-72,0,-145
1747907818332.531,84210,1747907818313.844,-68,-1,-141
1747907818352.375,84226,1747907818333.75,-74,-1,-143
1747907818372.219,84246,1747907818353.563,-49,-1,-136
1747907818392.063,84267,1747907818373.406,-60,-1,-143
1747907818411.938,84293,1747907818393.281,-74,-1,-141
1747907818431.844,84293,1747907818413.125,-74,-1,-141
1747907818451.656,84322,1747907818432.969,-69,-1,-144
1747907818471.469,84342,1747907818452.875,-64,-1,-141
1747907818491.313,84379,1747907818472.656,-53,-1,-141
1747907818511.188,84410,1747907818492.531,-72,-1,-137
1747907818531.0618,84422,1747907818512.406,-61,-1,-137
1747907818550.906,84454,1747907818532.25,-81,-1,-136
1747907818570.781,84488,1747907818552.125,-72,-1,-139
1747907818590.625,84491,1747907818572.0,-68,-1,-138
1747907818610.5,84489,1747907818591.813,-62,-9,-143
1747907818630.344,84459,1747907818611.688,-63,-1,-135
1747907818650.188,84430,1747907818631.562,-77,-1,-132
1747907818670.063,84398,1747907818651.375,-71,-1,-144
1747907818689.937,84360,1747907818671.25,-74,-1,-139
1747907818709.75,84351,1747907818691.156,-66,-2,-141
1747907818729.625,84337,1747907818710.938,-71,-1,-143
1747907818749.469,84327,1747907818730.812,-66,-1,-145
1747907818769.313,84336,1747907818750.813,-81,7,-136
1747907818789.156,84332,1747907818770.531,-72,-1,-141
1747907818809.031,84363,1747907818790.375,-63,-1,-144
1747907818828.875,84361,1747907818810.219,-60,-1,-138
1747907818848.75,84387,1747907818830.062,-60,-1,-137
1747907818868.562,84397,1747907818849.969,-66,-1,-143
1747907818888.437,84408,1747907818869.781,-65,14,-138
1747907818908.438,84436,1747907818889.656,-64,-1,-136
1747907818928.156,84450,1747907818909.625,-79,-1,-143
1747907818947.969,84461,1747907818929.312,-63,-9,-125
1747907818967.812,84483,1747907818949.188,-65,-1,-143
1747907818987.656,84519,1747907818969.031,-73,-1,-133
1747907819007.531,84547,1747907818988.875,-72,-1,-145
1747907819027.344,84564,1747907819008.719,-66,-1,-144
1747907819047.188,84577,1747907819028.594,-73,-1,-136
1747907819067.062,84604,1747907819048.375,-76,-1,-138
1747907819086.937,84611,1747907819068.219,-72,-1,-136
1747907819106.75,84634,1747907819088.094,-72,-1,-136
1747907819126.594,84641,1747907819107.937,-76,-1,-138
1747907819146.5,84679,1747907819127.781,-64,-1,-144
1747907819166.312,84707,1747907819147.688,-57,0,-136
1747907819186.188,84734,1747907819167.5,-76,-1,-132
1747907819206.031,84755,1747907819187.406,-72,-1,-141
1747907819225.875,84802,1747907819207.281,-73,15,-141
1747907819245.875,84812,1747907819227.063,-66,-1,-135
1747907819265.594,84836,1747907819247.062,-77,-1,-142
1747907819285.438,84889,1747907819266.781,-64,-5,-118
1747907819305.281,84902,1747907819286.688,-80,-1,-137
1747907819325.125,84923,1747907819306.5,-75,-1,-144
1747907819345.0,84923,1747907819326.313,-64,-1,-145
1747907819364.813,84908,1747907819346.187,-65,-1,-141
1747907819384.656,84887,1747907819366.0,-68,-2,-139
1747907819404.531,84870,1747907819385.844,-74,-1,-138
1747907819424.375,84837,1747907819405.75,-73,-1,-141
1747907819444.156,84818,1747907819425.563,-64,-1,-136
1747907819464.063,84798,1747907819445.344,-71,-1,-137
1747907819483.906,84794,1747907819465.25,-73,-1,-148
1747907819503.75,84810,1747907819485.125,-58,-1,-140
1747907819523.562,84805,1747907819504.938,-66,-1,-138
1747907819543.406,84819,1747907819524.812,-73,-1,-138
1747907819563.25,84838,1747907819544.625,-77,-1,-136
1747907819583.125,84852,1747907819564.469,-65,-1,-141
1747907819602.906,84878,1747907819584.344,-68,-1,-140
1747907819622.781,84882,1747907819604.156,-74,-5,-153
1747907819642.719,84890,1747907819623.969,-66,-1,-145
1747907819662.469,84904,1747907819643.844,-64,-8,-135
1747907819682.313,84937,1747907819663.656,-76,-1,-142
1747907819702.156,84945,1747907819683.531,-68,-1,-137
1747907819722.0,84963,1747907819703.375,-66,-1,-141
1747907819741.844,84955,1747907819723.187,-66,-1,-141
1747907819761.719,84976,1747907819743.031,-68,-1,-138
1747907819781.5,84999,1747907819762.906,-68,-1,-141
1747907819801.344,85030,1747907819782.688,-65,-1,-141
1747907819821.219,85039,1747907819802.563,-77,-1,-136
1747907819841.031,85065,1747907819822.437,-65,-2,-136
1747907819860.875,85079,1747907819842.25,-79,-1,-135
1747907819880.75,85109,1747907819862.062,-68,-1,-144
1747907819900.562,85142,1747907819881.906,-72,-17,-139
1747907819920.406,85153,1747907819901.781,-64,-1,-141
1747907819940.25,85178,1747907819921.625,-66,-1,-141
1747907819960.094,85207,1747907819941.469,-73,-1,-145
1747907819979.938,85221,1747907819961.313,-64,-1,-143
1747907819999.8118,85252,1747907819981.156,-72,-1,-136
1747907820019.656,85273,1747907820001.031,-71,-1,-138
1747907820039.5,85280,1747907820020.844,-66,-1,-139
1747907820059.344,85282,1747907820040.719,-75,-2,-132
1747907820079.187,85258,1747907820060.563,-63,-1,-137
1747907820099.094,85242,1747907820080.406,-74,-1,-141
1747907820118.875,85220,1747907820100.312,-68,-1,-136
1747907820138.719,85188,1747907820120.094,-67,-1,-138
1747907820158.594,85166,1747907820139.937,-64,-1,-138
1747907820178.406,85167,1747907820159.813,-66,-1,-136
1747907820198.281,85144,1747907820179.625,-72,-1,-144
1747907820218.125,85133,1747907820199.5,-88,-1,-141
1747907820237.969,85137,1747907820219.312,-64,1,-144
1747907820257.812,85149,1747907820239.188,-66,-1,-137
1747907820277.625,85153,1747907820259.031,-81,-1,-138
1747907820297.5,85164,1747907820278.8442,-79,-1,-128
1747907820317.375,85166,1747907820298.75,-68,-1,-137
1747907820337.219,85183,1747907820318.594,-65,-1,-138
1747907820357.031,85191,1747907820338.406,-72,-1,-141
1747907820376.906,85215,1747907820358.25,-74,-1,-136
1747907820396.75,85209,1747907820378.125,-66,-1,-138
1747907820416.594,85232,1747907820397.969,-72,-1,-136
1747907820436.531,85234,1747907820417.813,-76,-1,-140
1747907820456.25,85249,1747907820437.719,-77,-1,-137
1747907820476.094,85272,1747907820457.469,-66,-1,-137
1747907820495.969,85282,1747907820477.312,-72,-1,-137
1747907820515.8132,85290,1747907820497.187,-64,-1,-137
1747907820535.656,85312,1747907820517.0,-74,-1,-140
1747907820555.531,85330,1747907820536.875,-69,7,-144
1747907820575.375,85360,1747907820556.719,-77,-7,-144
1747907820595.219,85381,1747907820576.594,-63,-1,-136
1747907820615.031,85405,1747907820596.437,-53,-1,-137
1747907820634.906,85420,1747907820616.25,-72,-1,-132
1747907820654.781,85441,1747907820636.125,-66,-1,-133
1747907820674.594,85455,1747907820656.0,-71,-1,-135
1747907820694.469,85510,1747907820675.906,-71,-1,-132
1747907820714.313,85537,1747907820695.656,-74,-1,-143
1747907820734.156,85525,1747907820715.531,-65,-1,-138
1747907820754.0,85509,1747907820735.375,-72,-1,-139
1747907820773.844,85493,1747907820755.187,-68,-1,-137
1747907820793.719,85459,1747907820775.062,-69,-1,-137
1747907820813.594,85424,1747907820794.906,-68,-2,-141
1747907820833.437,85410,1747907820814.781,-70,-1,-137
1747907820853.281,85374,1747907820834.656,-89,-1,-132
1747907820873.125,85368,1747907820854.437,-64,-1,-145
1747907820892.969,85357,1747907820874.312,-64,-1,-148
1747907820912.812,85367,1747907820894.188,-72,-5,-136
1747907820932.687,85357,1747907820914.062,-76,-2,-141
1747907820952.5,85371,1747907820933.844,-63,-5,-143
1747907820972.375,85384,1747907820953.687,-64,-1,-132
1747907820992.219,85399,1747907820973.594,-64,-1,-139
1747907821012.062,85398,1747907820993.469,-64,-1,-143
1747907821031.938,85407,1747907821013.344,-69,-1,-144
1747907821051.813,85433,1747907821033.156,-75,-1,-138
1747907821071.625,85434,1747907821053.0,-64,-1,-130
1747907821091.5,85443,1747907821072.875,-68,-1,-138
1747907821111.438,85446,1747907821092.688,-74,-1,-141
1747907821131.188,85477,1747907821112.625,-68,-1,-141
1747907821151.031,85469,1747907821132.437,-65,-1,-141
1747907821170.906,85476,1747907821152.281,-72,-1,-135
1747907821190.75,85501,1747907821172.094,-65,7,-141
1747907821210.625,85488,1747907821191.937,-80,-1,-141
1747907821230.469,85523,1747907821211.844,-72,-1,-139
1747907821250.313,85524,1747907821231.688,-66,-17,-138
1747907821270.156,85547,1747907821251.5,-68,-1,-138
1747907821289.969,85565,1747907821271.375,-72,-1,-141
1747907821309.844,85567,1747907821291.187,-63,-1,-128
1747907821329.688,85605,1747907821311.062,-74,-1,-141
1747907821349.531,85618,1747907821330.906,-77,-1,-141
1747907821369.406,85644,1747907821350.719,-77,7,-143
1747907821389.25,85663,1747907821370.625,-73,-1,-136
1747907821409.063,85654,1747907821390.469,-72,-1,-146
1747907821428.938,85626,1747907821410.219,-65,7,-139
1747907821448.875,85582,1747907821430.156,-64,-1,-135
1747907821468.625,85546,1747907821450.063,-64,-1,-141
1747907821488.437,85494,1747907821469.812,-65,-1,-140
1747907821508.313,85460,1747907821489.625,-68,-1,-137
1747907821528.156,85432,1747907821509.5,-73,-1,-141
1747907821548.031,85398,1747907821529.375,-74,-1,-141
1747907821567.844,85376,1747907821549.25,-64,-1,-145
1747907821587.688,85378,1747907821569.062,-65,-13,-148
1747907821607.563,85368,1747907821588.937,-77,-1,-136
1747907821627.4058,85367,1747907821608.813,-64,-1,-134
1747907821647.25,85362,1747907821628.625,-77,-1,-128
1747907821667.094,85373,1747907821648.438,-76,-1,-137
1747907821686.938,85387,1747907821668.281,-65,-1,-137
1747907821706.813,85403,1747907821688.25,-72,7,-136
1747907821726.625,85423,1747907821708.0,-76,-1,-144
1747907821746.5,85419,1747907821727.844,-66,-1,-136
1747907821766.344,85432,1747907821747.719,-76,-1,-137
1747907821786.313,85422,1747907821767.562,-72,-1,-145
1747907821806.031,85418,1747907821787.531,-69,-1,-140
1747907821825.875,85422,1747907821807.281,-64,-1,-137
1747907821845.719,85437,1747907821827.094,-71,-1,-138
1747907821865.594,85442,1747907821846.937,-64,-9,-138
1747907821885.406,85462,1747907821866.781,-68,-1,-144
1747907821905.281,85484,1747907821886.625,-72,-1,-142
1747907821925.125,85502,1747907821906.469,-66,-5,-149
1747907821945.0,85543,1747907821926.344,-65,-1,-136
1747907821964.844,85567,1747907821946.219,-76,-1,-142
1747907821984.688,85614,1747907821966.063,-78,-1,-128
1747907822004.562,85645,1747907821985.906,-64,-1,-138
1747907822024.406,85701,1747907822005.75,-63,-1,-138
1747907822044.25,85727,1747907822025.687,-76,-1,-137
1747907822064.125,85801,1747907822045.469,-66,-1,-141
1747907822083.9692,85865,1747907822065.344,-55,7,-129
1747907822103.812,85847,1747907822085.156,-69,-1,-149
1747907822123.75,85816,1747907822105.031,-72,-9,-152
1747907822143.5,85774,1747907822124.937,-70,-1,-146
1747907822163.375,85734,1747907822144.719,-57,-3,-143
1747907822183.25,85671,1747907822164.594,-63,-1,-136
1747907822203.094,85647,1747907822184.438,-81,-1,-136
1747907822222.906,85611,1747907822204.281,-72,-1,-143
1747907822242.813,85587,1747907822224.094,-72,-1,-141
1747907822262.656,85569,1747907822243.969,-76,-17,-140
1747907822282.531,85564,1747907822263.844,-66,-1,-140
1747907822302.344,85543,1747907822283.719,-68,-1,-132
1747907822322.219,85549,1747907822303.562,-79,-1,-145
1747907822342.062,85540,1747907822323.438,-80,-1,-149
1747907822361.937,85518,1747907822343.281,-64,15,-137
1747907822381.75,85500,1747907822363.125,-73,-1,-135
1747907822401.625,85488,1747907822382.937,-78,-1,-141
1747907822421.469,85479,1747907822402.812,-72,-1,-144
1747907822441.344,85460,1747907822422.688,-61,-1,-132
1747907822461.1868,85448,1747907822442.531,-64,-1,-138
1747907822481.031,85449,1747907822462.344,-64,-1,-133
1747907822500.906,85434,1747907822482.25,-64,-3,-143
1747907822520.781,85444,1747907822502.063,-64,-1,-146
1747907822540.594,85448,1747907822521.969,-57,-9,-141
1747907822560.437,85456,1747907822541.781,-69,-1,-145
1747907822580.313,85465,1747907822561.656,-66,-1,-141
1747907822600.156,85462,1747907822581.5,-73,-1,-143
1747907822620.0,85458,1747907822601.375,-77,-1,-138
1747907822639.844,85453,1747907822621.188,-71,-1,-138
1747907822659.75,85456,1747907822641.0,-65,-9,-161
1747907822679.594,85471,1747907822660.937,-65,-1,-137
1747907822699.406,85484,1747907822680.781,-73,-1,-144
1747907822719.281,85491,1747907822700.625,-65,-1,-140
1747907822739.125,85512,1747907822720.5,-64,-1,-141
1747907822759.0,85509,1747907822740.375,-64,-1,-145
1747907822778.813,85538,1747907822760.281,-68,-1,-143
1747907822798.687,85511,1747907822780.031,-77,-1,-136
1747907822818.562,85477,1747907822799.906,-74,-1,-144
1747907822838.406,85410,1747907822819.75,-71,-1,-138
1747907822858.219,85348,1747907822839.625,-66,-1,-141
1747907822878.094,85285,1747907822859.406,-68,-2,-129
1747907822897.969,85214,1747907822879.281,-76,-1,-138
1747907822917.813,85146,1747907822899.156,-66,-1,-141
1747907822937.656,85110,1747907822919.0,-73,-1,-136
1747907822957.5,85070,1747907822938.875,-69,-2,-144
1747907822977.344,85018,1747907822958.719,-68,-1,-136
1747907822997.25,85002,1747907822978.563,-64,-9,-136
1747907823017.063,84978,1747907822998.437,-71,-1,-141
1747907823036.938,84949,1747907823018.281,-68,-1,-145
1747907823056.812,84928,1747907823038.156,-65,-1,-141
1747907823076.656,84896,1747907823058.0,-72,-1,-137
1747907823096.5,84893,1747907823077.875,-71,-1,-134
1747907823116.375,84880,1747907823097.719,-64,-1,-140
1747907823136.219,84865,1747907823117.594,-72,-1,-134
1747907823156.094,84852,1747907823137.438,-80,-1,-130
1747907823175.906,84833,1747907823157.312,-69,-1,-141
1747907823195.781,84812,1747907823177.094,-58,-1,-144
1747907823215.594,84802,1747907823196.969,-64,-1,-143
1747907823235.469,84787,1747907823216.813,-76,-1,-132
1747907823255.312,84776,1747907823236.656,-72,-1,-141
1747907823275.156,84763,1747907823256.531,-65,-1,-137
1747907823295.031,84765,1747907823276.375,-74,-1,-141
1747907823314.9058,84769,1747907823296.25,-64,-1,-138
1747907823334.719,84765,1747907823316.094,-81,-5,-128
1747907823354.594,84757,1747907823335.969,-71,-1,-141
1747907823374.406,84765,1747907823355.812,-79,-1,-144
1747907823394.313,84773,1747907823375.594,-65,11,-146
1747907823414.125,84757,1747907823395.5,-64,-1,-136
1747907823434.031,84773,1747907823415.344,-77,-1,-143
1747907823453.813,84784,1747907823435.219,-74,-1,-134
1747907823473.688,84780,1747907823455.062,-66,-1,-134
1747907823493.5,84749,1747907823474.875,-61,-1,-143
1747907823513.375,84725,1747907823494.75,-77,-1,-141
1747907823533.219,84671,1747907823514.594,-66,-1,-145
1747907823553.094,84590,1747907823534.406,-72,-1,-140
1747907823572.906,84514,1747907823554.281,-73,-1,-137
1747907823592.75,84435,1747907823574.125,-65,-1,-141
1747907823612.625,84367,1747907823593.9382,-65,8,-141
1747907823632.469,84317,1747907823613.812,-72,-1,-142
1747907823652.344,84260,1747907823633.656,-64,-1,-141
1747907823672.156,84233,1747907823653.531,-71,-1,-119
1747907823692.0,84215,1747907823673.406,-77,-1,-130
1747907823711.844,84186,1747907823693.188,-64,-1,-137
1747907823731.719,84166,1747907823713.062,-67,-1,-145
1747907823751.563,84155,1747907823732.937,-74,-1,-143
1747907823771.4692,84138,1747907823752.75,-65,-1,-141
1747907823791.25,84114,1747907823772.656,-64,-3,-143
1747907823811.156,84097,1747907823792.438,-70,-1,-140
1747907823830.969,84083,1747907823812.344,-77,-1,-138
1747907823850.844,84071,1747907823832.156,-74,-1,-136
1747907823870.719,84051,1747907823852.031,-72,-1,-139
1747907823890.562,84043,1747907823871.938,-64,-1,-144
1747907823910.406,84036,1747907823891.781,-69,-1,-144
1747907823930.344,84027,1747907823911.594,-61,-1,-135
1747907823950.094,84032,1747907823931.469,-66,-10,-136
1747907823969.937,84035,1747907823951.313,-65,-1,-144
1747907823989.781,84046,1747907823971.1558,-74,-1,-136
1747907824009.625,84043,1747907823991.0,-68,-1,-150
1747907824029.469,84053,1747907824010.844,-77,-1,-143
1747907824049.312,84054,1747907824030.688,-64,-1,-137
1747907824069.125,84060,1747907824050.531,-64,-1,-145
1747907824089.0,84077,1747907824070.344,-64,-1,-130
1747907824108.844,84081,1747907824090.219,-65,7,-136
1747907824128.719,84075,1747907824110.063,-74,-1,-133
1747907824148.531,84065,1747907824129.906,-77,-1,-133
1747907824168.375,84074,1747907824149.719,-64,-1,-136
1747907824188.25,84057,1747907824169.594,-80,-1,-141
1747907824208.094,83998,1747907824189.469,-72,-1,-141
1747907824227.937,83914,1747907824209.313,-65,-1,-133
1747907824247.781,83833,1747907824229.156,-73,-1,-141
1747907824267.625,83723,1747907824249.0,-57,-1,-142
1747907824287.469,83633,1747907824268.844,-65,14,-140
1747907824307.313,83542,1747907824288.656,-69,-1,-138
1747907824327.156,83478,1747907824308.531,-68,-1,-141
1747907824347.0,83428,1747907824328.375,-61,-9,-125
1747907824366.875,83383,1747907824348.219,-63,-1,-135
1747907824386.688,83348,1747907824368.062,-74,-1,-141
1747907824406.531,83318,1747907824387.906,-73,-1,-153
1747907824426.406,83303,1747907824407.719,-61,-1,-136
1747907824446.219,83297,1747907824427.594,-72,-1,-136
1747907824466.094,83262,1747907824447.437,-68,-1,-143
1747907824485.938,83268,1747907824467.312,-69,-1,-136
1747907824505.781,83233,1747907824487.156,-76,-1,-130
1747907824525.656,83195,1747907824506.969,-72,-1,-141
1747907824545.531,83173,1747907824526.813,-69,-1,-136
1747907824565.313,83155,1747907824546.844,-69,-1,-135
1747907824585.188,83132,1747907824566.5,-68,-1,-140
1747907824605.031,83102,1747907824586.406,-80,-1,-140
1747907824624.875,83106,1747907824606.25,-79,-1,-142
1747907824644.687,83095,1747907824626.094,-64,-1,-138
1747907824664.531,83091,1747907824645.906,-60,-1,-141
1747907824684.406,83096,1747907824665.719,-72,-5,-136
1747907824704.344,83090,1747907824685.594,-76,-1,-140
1747907824724.031,83095,1747907824705.469,-64,-8,-144
1747907824743.906,83105,1747907824725.25,-74,-1,-136
1747907824763.75,83113,1747907824745.125,-73,-1,-136
1747907824783.594,83131,1747907824764.969,-78,-1,-141
1747907824803.406,83143,1747907824784.781,-58,-1,-141
1747907824823.281,83159,1747907824804.656,-72,-1,-141
1747907824843.094,83156,1747907824824.469,-68,-1,-138
1747907824862.938,83178,1747907824844.312,-65,3,-133
1747907824882.812,83210,1747907824864.156,-74,-1,-144
1747907824902.594,83216,1747907824884.031,-65,-1,-137
1747907824922.437,83232,1747907824903.781,-65,-1,-147
1747907824942.281,83227,1747907824923.656,-64,-1,-141
1747907824962.125,83199,1747907824943.469,-70,-9,-145
1747907824981.906,83145,1747907824963.281,-64,-1,-141
1747907825001.75,83066,1747907824983.125,-68,-1,-137
1747907825021.594,82995,1747907825003.0,-68,-2,-132
1747907825041.469,82930,1747907825022.812,-66,-1,-141
1747907825061.281,82875,1747907825042.656,-72,-1,-136
1747907825081.125,82842,1747907825062.5,-71,-1,-141
1747907825101.0,82807,1747907825082.344,-72,-1,-145
1747907825120.812,82783,1747907825102.188,-65,-1,-144
1747907825140.656,82751,1747907825122.031,-72,-1,-141
1747907825160.5,82745,1747907825141.875,-68,-1,-140
1747907825180.344,82737,1747907825161.688,-58,-1,-140
1747907825200.281,82747,1747907825181.563,-68,-2,-135
1747907825220.125,82740,1747907825201.5,-68,-2,-137
1747907825239.875,82745,1747907825221.25,-58,-12,-143
1747907825259.719,82757,1747907825241.094,-65,-1,-137
1747907825279.562,82754,1747907825260.938,-77,-1,-136
1747907825299.437,82760,1747907825280.75,-64,-1,-125
1747907825319.25,82752,1747907825300.625,-65,-1,-132
1747907825339.094,82767,1747907825320.437,-76,-1,-141
1747907825358.906,82770,1747907825340.312,-66,-1,-145
1747907825378.781,82786,1747907825360.125,-66,-1,-138
1747907825398.594,82794,1747907825380.0,-64,-1,-141
1747907825418.469,82817,1747907825399.812,-64,-1,-138
1747907825438.313,82836,1747907825419.687,-64,-1,-137
1747907825458.125,82844,1747907825439.531,-69,-1,-139
1747907825477.969,82875,1747907825459.344,-64,-1,-141
1747907825497.844,82887,1747907825479.156,-64,-1,-144
1747907825517.656,82916,1747907825499.031,-66,-1,-136
1747907825537.5,82935,1747907825518.844,-64,-2,-135
1747907825557.313,82954,1747907825538.719,-77,-1,-136
1747907825577.156,82986,1747907825558.531,-69,-1,-144
1747907825597.0,83006,1747907825578.375,-65,-1,-138
1747907825616.844,83016,1747907825598.187,-73,-1,-147
1747907825636.688,83043,1747907825618.062,-64,-1,-136
1747907825656.625,83088,1747907825637.906,-73,-1,-136
1747907825676.344,83112,1747907825657.719,-74,0,-146
1747907825696.219,83117,1747907825677.563,-68,-1,-144
1747907825716.063,83118,1747907825697.437,-65,-1,-148
1747907825735.875,83048,1747907825717.281,-80,-1,-138
1747907825755.75,83008,1747907825737.094,-50,-1,-146
1747907825775.594,82953,1747907825756.938,-64,-1,-144
1747907825795.406,82899,1747907825776.844,-80,-1,-138
1747907825815.219,82861,1747907825796.625,-64,-1,-140
1747907825835.094,82821,1747907825816.406,-69,-1,-141
1747907825854.906,82803,1747907825836.313,-65,-1,-140
1747907825874.781,82794,1747907825856.125,-68,-1,-140
1747907825894.562,82785,1747907825875.969,-72,-1,-136
1747907825914.406,82789,1747907825895.812,-68,1,-139
1747907825934.281,82796,1747907825915.625,-64,-1,-138
1747907825954.094,82788,1747907825935.5,-61,-1,-139
1747907825973.937,82787,1747907825955.313,-74,-1,-130
1747907825993.781,82822,1747907825975.188,-65,-1,-140
1747907826013.625,82800,1747907825994.969,-65,-1,-140
1747907826033.469,82808,1747907826014.812,-72,-1,-136
1747907826053.313,82807,1747907826034.656,-77,-1,-130
1747907826073.125,82815,1747907826054.531,-77,-1,-135
1747907826092.969,82823,1747907826074.313,-64,7,-138
1747907826112.844,82835,1747907826094.187,-68,-1,-138
1747907826132.656,82835,1747907826114.031,-80,-1,-141
1747907826152.5,82837,1747907826133.875,-77,-1,-136
1747907826172.469,82869,1747907826153.719,-76,-1,-136
1747907826192.156,82883,1747907826173.563,-65,-15,-135
1747907826212.031,82909,1747907826193.375,-72,-1,-144
1747907826231.844,82923,1747907826213.187,-64,-1,-136
1747907826251.656,82969,1747907826233.063,-81,-5,-120
1747907826271.531,83000,1747907826252.875,-72,-1,-141
1747907826291.375,83029,1747907826272.719,-62,-1,-141
1747907826311.188,83049,1747907826292.594,-64,-1,-136
1747907826331.031,83069,1747907826312.437,-77,-1,-138
1747907826350.844,83105,1747907826332.219,-64,-1,-145
1747907826370.719,83129,1747907826352.094,-77,-1,-142
1747907826390.594,83165,1747907826371.938,-75,-1,-139
1747907826410.438,83178,1747907826391.781,-66,-1,-137
1747907826430.219,83201,1747907826411.562,-65,-1,-138
1747907826450.063,83182,1747907826431.406,-68,-1,-141
1747907826469.937,83152,1747907826451.281,-68,-1,-137
1747907826489.75,83106,1747907826471.125,-72,-1,-144
1747907826509.594,83087,1747907826490.969,-69,-1,-146
1747907826529.438,83030,1747907826510.812,-64,-1,-140
1747907826549.312,83013,1747907826530.656,-79,-1,-138
1747907826569.094,82999,1747907826550.531,-76,-1,-141
1747907826588.969,82991,1747907826570.312,-72,-2,-161
1747907826608.813,82988,1747907826590.156,-66,-1,-138
1747907826628.656,82991,1747907826610.031,-58,-1,-128
1747907826648.5,83013,1747907826629.875,-64,-1,-139
1747907826668.344,83016,1747907826649.719,-76,-1,-134
1747907826688.188,83027,1747907826669.562,-72,-1,-137
1747907826708.063,83046,1747907826689.406,-79,-1,-138
1747907826727.937,83051,1747907826709.25,-66,-1,-141
1747907826747.719,83053,1747907826729.156,-66,-1,-141
1747907826767.594,83073,1747907826748.906,-71,-3,-140
1747907826787.438,83081,1747907826768.781,-72,-1,-140
1747907826807.25,83110,1747907826788.625,-65,-1,-140
1747907826827.063,83119,1747907826808.469,-73,-1,-145
1747907826846.906,83138,1747907826828.25,-68,-1,-138
1747907826866.719,83140,1747907826848.094,-64,-7,-137
1747907826886.594,83187,1747907826867.937,-65,-1,-133
1747907826906.375,83210,1747907826887.781,-71,-1,-140
1747907826926.219,83237,1747907826907.562,-64,-1,-145
1747907826946.062,83262,1747907826927.438,-71,-1,-144
1747907826965.937,83305,1747907826947.2808,-68,-1,-139
1747907826985.687,83320,1747907826967.156,-64,-2,-138
1747907827005.594,83359,1747907826986.937,-74,-1,-135
1747907827025.344,83370,1747907827006.844,-65,-13,-141
1747907827045.187,83412,1747907827026.563,-66,-1,-138
1747907827065.062,83430,1747907827046.406,-66,-1,-140
1747907827084.844,83492,1747907827066.281,-76,-1,-141
1747907827104.688,83512,1747907827086.031,-65,-1,-137
1747907827124.531,83527,1747907827105.875,-68,-1,-137
1747907827144.375,83529,1747907827125.75,-77,-1,-140
1747907827164.344,83526,1747907827145.594,-68,-1,-146
1747907827184.031,83490,1747907827165.375,-61,-20,-132
1747907827203.906,83446,1747907827185.25,-75,-4,-145
1747907827223.719,83418,1747907827205.094,-64,-1,-132
1747907827243.562,83387,1747907827224.969,-68,-1,-140
1747907827263.406,83372,1747907827244.781,-65,-1,-143
1747907827283.25,83363,1747907827264.594,-71,-1,-135
1747907827303.063,83354,1747907827284.437,-76,-1,-143
1747907827322.906,83361,1747907827304.281,-63,-1,-141
1747907827342.812,83378,1747907827324.156,-72,-1,-141
1747907827362.594,83380,1747907827344.031,-68,-1,-144
1747907827382.437,83399,1747907827363.812,-72,-1,-144
1747907827402.313,83408,1747907827383.656,-65,-1,-136
1747907827422.125,83436,1747907827403.531,-81,-1,-143
1747907827441.969,83444,1747907827423.344,-61,-1,-146
1747907827461.812,83468,1747907827443.188,-61,-1,-148
1747907827481.656,83495,1747907827463.0,-72,-7,-148
1747907827501.469,83498,1747907827482.875,-63,-1,-138
1747907827521.344,83515,1747907827502.719,-76,-1,-133
1747907827541.156,83541,1747907827522.531,-63,-1,-132
1747907827561.031,83546,1747907827542.344,-71,-1,-140
1747907827580.844,83581,1747907827562.219,-69,-1,-136
1747907827600.688,83600,1747907827582.031,-65,-1,-137
1747907827620.531,83619,1747907827601.875,-73,-1,-137
1747907827640.344,83646,1747907827621.75,-72,-1,-142
1747907827660.187,83671,1747907827641.563,-64,-1,-137
1747907827680.0,83704,1747907827661.406,-73,-1,-136
1747907827699.844,83746,1747907827681.25,-62,-1,-140
1747907827719.719,83783,1747907827701.062,-64,-1,-141
1747907827739.531,83823,1747907827720.938,-68,-1,-144
1747907827759.344,83847,1747907827740.75,-67,-12,-136
1747907827779.219,83879,1747907827760.531,-69,-1,-141
1747907827799.063,83922,1747907827780.375,-76,-1,-141
1747907827818.906,83955,1747907827800.25,-72,-9,-126
1747907827838.719,83964,1747907827820.094,-69,-1,-141
1747907827858.562,83969,1747907827839.938,-77,-1,-141
1747907827878.438,83928,1747907827859.781,-64,-1,-144
1747907827898.25,83884,1747907827879.625,-72,-1,-141
1747907827918.063,83850,1747907827899.469,-64,-1,-141
1747907827937.906,83815,1747907827919.375,-65,-1,-145
1747907827957.781,83775,1747907827939.094,-66,-1,-145
1747907827977.656,83768,1747907827958.9692,-68,-1,-141
1747907827997.438,83765,1747907827978.844,-64,-1,-142
1747907828017.281,83762,1747907827998.656,-65,-1,-144
1747907828037.0942,83760,1747907828018.5,-45,-1,-133
1747907828056.969,83781,1747907828038.313,-64,-1,-137
1747907828076.844,83791,1747907828058.187,-61,-1,-140
1747907828096.625,83800,1747907828078.0,-72,-1,-144
1747907828116.469,83829,1747907828097.812,-64,-1,-142
1747907828136.344,83845,1747907828117.688,-64,-1,-138
1747907828156.187,83857,1747907828137.531,-73,-1,-145
1747907828176.0,83867,1747907828157.406,-72,-1,-138
1747907828195.844,83897,1747907828177.219,-61,-1,-143
1747907828215.688,83916,1747907828197.031,-73,-1,-134
1747907828235.562,83930,1747907828216.938,-66,-1,-136
1747907828255.375,83938,1747907828236.75,-64,-1,-138
1747907828275.25,83964,1747907828256.594,-73,-1,-141
1747907828295.156,83994,1747907828276.437,-73,-1,-141
1747907828314.969,84009,1747907828296.375,-76,-1,-145
1747907828334.781,84034,1747907828316.156,-68,-1,-138
1747907828354.656,84075,1747907828335.969,-72,-1,-141
1747907828374.5,84088,1747907828355.844,-65,-5,-146
1747907828394.344,84118,1747907828375.688,-72,-1,-140
1747907828414.219,84139,1747907828395.563,-65,-1,-136
1747907828434.031,84174,1747907828415.375,-68,-17,-135
1747907828453.875,84193,1747907828435.25,-73,-1,-141
1747907828473.75,84230,1747907828455.094,-68,-1,-139
1747907828493.562,84255,1747907828474.969,-73,-1,-153
1747907828513.437,84271,1747907828494.75,-68,-1,-141
1747907828533.281,84309,1747907828514.625,-69,-1,-148
1747907828553.125,84361,1747907828534.469,-70,-1,-140
1747907828572.969,84347,1747907828554.312,-72,-1,-138
1747907828592.781,84348,1747907828574.219,-77,-1,-145
1747907828612.656,84338,1747907828594.0,-72,-1,-145
1747907828632.5,84306,1747907828613.844,-74,-1,-138
1747907828652.344,84251,1747907828633.75,-72,-1,-137
1747907828672.156,84223,1747907828653.563,-73,-3,-138
1747907828692.031,84184,1747907828673.375,-65,-2,-131
1747907828711.812,84146,1747907828693.188,-64,-9,-137
1747907828731.688,84138,1747907828713.0,-72,-1,-141
1747907828751.5,84121,1747907828732.875,-72,-1,-144
1747907828771.313,84126,1747907828752.687,-77,-1,-133
1747907828791.156,84145,1747907828772.531,-63,-1,-137
1747907828811.0,84146,1747907828792.375,-72,-1,-140
1747907828830.844,84168,1747907828812.219,-68,-1,-153
1747907828850.688,84176,1747907828832.031,-64,-1,-145
1747907828870.563,84195,1747907828851.844,-64,-1,-144
1747907828890.344,84197,1747907828871.781,-64,-1,-146
1747907828910.187,84213,1747907828891.594,-64,14,-139
1747907828930.0,84255,1747907828911.406,-64,-1,-138
1747907828949.844,84245,1747907828931.219,-66,-1,-143
1747907828969.719,84263,1747907828951.062,-79,-1,-136
1747907828989.531,84267,1747907828970.938,-65,-1,-144
1747907829009.375,84290,1747907828990.75,-66,-1,-138
1747907829029.187,84315,1747907829010.562,-77,-1,-136
1747907829049.063,84332,1747907829030.375,-82,-1,-143
1747907829068.906,84379,1747907829050.25,-64,-1,-145
1747907829088.719,84402,1747907829070.094,-64,-1,-142
1747907829108.562,84437,1747907829089.938,-69,-2,-136
1747907829128.406,84464,1747907829109.781,-61,-1,-134
1747907829148.219,84495,1747907829129.594,-66,-1,-137
1747907829168.063,84525,1747907829149.437,-64,-1,-143
1747907829187.875,84557,1747907829169.281,-68,-1,-138
1747907829207.719,84583,1747907829189.094,-66,-1,-136
1747907829227.594,84609,1747907829208.906,-64,-1,-141
1747907829247.469,84636,1747907829228.781,-65,7,-137
1747907829267.219,84670,1747907829248.688,-68,-1,-138
1747907829287.062,84695,1747907829268.438,-68,-1,-136
1747907829306.906,84677,1747907829288.25,-74,-1,-132
1747907829326.75,84667,1747907829308.094,-80,-9,-137
1747907829346.563,84632,1747907829327.9368,-76,-1,-137
1747907829366.406,84611,1747907829347.781,-65,-1,-141
1747907829386.25,84576,1747907829367.594,-69,-2,-144
1747907829406.094,84578,1747907829387.469,-66,-1,-136
1747907829425.906,84548,1747907829407.312,-72,-1,-136
1747907829445.75,84534,1747907829427.125,-73,-1,-136
1747907829465.625,84550,1747907829446.969,-66,-1,-144
1747907829485.469,84541,1747907829466.813,-77,-1,-131
1747907829505.25,84548,1747907829486.656,-66,-1,-137
1747907829525.125,84553,1747907829506.5,-64,-1,-140
1747907829544.969,84573,1747907829526.312,-69,-1,-142
1747907829564.813,84599,1747907829546.187,-74,-1,-138
1747907829584.625,84606,1747907829566.031,-74,-1,-138
1747907829604.5,84627,1747907829585.875,-64,-1,-141
1747907829624.344,84645,1747907829605.687,-68,-1,-142
1747907829644.188,84673,1747907829625.562,-71,-1,-136
1747907829664.031,84686,1747907829645.375,-66,-1,-141
1747907829683.844,84700,1747907829665.25,-64,-1,-136
1747907829703.656,84722,1747907829685.0,-68,-1,-136
1747907829723.5,84740,1747907829704.875,-68,-5,-132
1747907829743.344,84759,1747907829724.687,-73,-1,-144
1747907829763.156,84793,1747907829744.531,-74,-1,-143
1747907829783.031,84812,1747907829764.375,-66,-1,-144
1747907829802.844,84839,1747907829784.219,-68,-1,-141
1747907829822.719,84866,1747907829804.062,-66,-1,-144
1747907829842.531,84909,1747907829823.906,-66,-1,-141
1747907829862.375,84924,1747907829843.75,-73,-1,-141
1747907829882.219,84939,1747907829863.594,-79,-1,-139
1747907829902.062,84985,1747907829883.438,-79,-1,-141
1747907829921.906,85015,1747907829903.25,-64,-1,-138
1747907829941.719,85046,1747907829923.125,-80,-1,-133
1747907829961.594,85071,1747907829942.906,-64,-1,-145
1747907829981.531,85094,1747907829962.813,-64,-2,-143
1747907830001.281,85069,1747907829982.625,-76,3,-144
1747907830021.094,85033,1747907830002.469,-64,-1,-140
1747907830040.938,85008,1747907830022.312,-58,-1,-144
1747907830060.781,84962,1747907830042.125,-79,-1,-128
1747907830080.625,84943,1747907830062.0,-73,-1,-132
1747907830100.469,84928,1747907830081.844,-76,-1,-135
1747907830120.313,84909,1747907830101.75,-72,-1,-136
1747907830140.188,84914,1747907830121.531,-68,-1,-140
1747907830160.031,84908,1747907830141.375,-79,-1,-141
1747907830179.844,84931,1747907830161.25,-72,-1,-144
1747907830199.813,84941,1747907830181.062,-64,-1,-142
1747907830219.531,84956,1747907830201.0,-69,-1,-141
1747907830239.406,84954,1747907830220.75,-74,-1,-145
1747907830259.219,84979,1747907830240.594,-68,-1,-137
1747907830279.062,85013,1747907830260.406,-64,-1,-132
1747907830298.938,85011,1747907830280.25,-74,-1,-136
1747907830318.781,85029,1747907830300.125,-80,-1,-141
1747907830338.594,85036,1747907830320.0,-67,-8,-135
1747907830358.469,85063,1747907830339.844,-68,-1,-141
1747907830378.281,85085,1747907830359.656,-64,-1,-138
1747907830398.156,85101,1747907830379.5,-72,-1,-136
1747907830417.969,85105,1747907830399.312,-65,-1,-141
1747907830437.781,85135,1747907830419.188,-79,-1,-138
1747907830457.656,85168,1747907830438.969,-72,-1,-141
1747907830477.5,85178,1747907830458.875,-68,-1,-138
1747907830497.344,85220,1747907830478.719,-66,-2,-136
1747907830517.156,85247,1747907830498.531,-68,-1,-137
1747907830536.969,85262,1747907830518.344,-66,-1,-137
1747907830556.812,85309,1747907830538.219,-72,-1,-140
1747907830576.656,85344,1747907830558.0,-72,-1,-140
1747907830596.469,85354,1747907830577.875,-63,-1,-138
1747907830616.313,85403,1747907830597.656,-75,-1,-138
1747907830636.156,85442,1747907830617.531,-79,-1,-143
1747907830656.0,85466,1747907830637.375,-71,-1,-137
1747907830675.812,85487,1747907830657.188,-66,-5,-135
1747907830695.656,85479,1747907830677.062,-79,-1,-141
1747907830715.5,85462,1747907830696.875,-65,-1,-142
1747907830735.344,85420,1747907830716.687,-72,-1,-134
1747907830755.187,85393,1747907830736.563,-64,-1,-140
1747907830775.0,85368,1747907830756.375,-66,-1,-142
1747907830794.875,85320,1747907830776.187,-59,-1,-143
1747907830814.719,85308,1747907830796.062,-63,-1,-140
1747907830834.531,85299,1747907830815.906,-71,-1,-132
1747907830854.375,85278,1747907830835.75,-77,-1,-138
1747907830874.219,85280,1747907830855.594,-77,-1,-136
1747907830894.063,85281,1747907830875.437,-68,-9,-138
1747907830913.938,85283,1747907830895.281,-64,-1,-141
1747907830933.781,85281,1747907830915.125,-79,-1,-132
1747907830953.594,85305,1747907830934.969,-66,-17,-136
1747907830973.437,85316,1747907830954.781,-70,-1,-136
1747907830993.281,85319,1747907830974.625,-56,-1,-144
1747907831013.125,85340,1747907830994.5,-72,-1,-128
1747907831032.969,85345,1747907831014.313,-64,-1,-143
1747907831052.781,85350,1747907831034.156,-66,-1,-136
1747907831072.656,85369,1747907831054.094,-72,-1,-136
1747907831092.438,85380,1747907831073.875,-74,-1,-146
1747907831112.281,85385,1747907831093.687,-64,-1,-137
1747907831132.125,85406,1747907831113.5,-81,-5,-138
1747907831151.969,85410,1747907831133.344,-62,-9,-138
1747907831171.812,85434,1747907831153.188,-61,-1,-136
1747907831191.625,85452,1747907831173.031,-77,-4,-143
1747907831211.563,85477,1747907831192.844,-69,-1,-137
1747907831231.313,85494,1747907831212.688,-57,-15,-136
1747907831251.156,85506,1747907831232.5,-74,-1,-136
1747907831270.937,85530,1747907831252.4058,-72,-1,-136
1747907831290.813,85558,1747907831272.156,-62,-9,-135
1747907831310.656,85585,1747907831292.062,-64,-1,-137
1747907831330.5308,85599,1747907831311.844,-72,-9,-140
1747907831350.312,85628,1747907831331.719,-61,-1,-149
1747907831370.187,85667,1747907831351.562,-63,-1,-138
1747907831390.031,85677,1747907831371.406,-72,-1,-139
1747907831409.875,85670,1747907831391.25,-68,-1,-141
1747907831429.688,85642,1747907831411.063,-71,-1,-138
1747907831449.531,85590,1747907831430.938,-69,-1,-143
1747907831469.375,85561,1747907831450.7192,-77,-1,-141
1747907831489.344,85515,1747907831470.594,-66,-1,-136
1747907831509.063,85473,1747907831490.563,-63,-2,-140
1747907831528.906,85445,1747907831510.281,-61,-1,-141
1747907831548.75,85412,1747907831530.063,-69,-1,-143
1747907831568.562,85407,1747907831549.969,-64,-2,-143
1747907831588.406,85401,1747907831569.781,-73,-1,-141
1747907831608.219,85379,1747907831589.594,-61,7,-144
1747907831628.094,85387,1747907831609.438,-79,-2,-145
1747907831647.937,85399,1747907831629.281,-76,-1,-139
1747907831667.781,85433,1747907831649.125,-63,-1,-136
1747907831687.594,85454,1747907831668.969,-66,-1,-139
1747907831707.438,85452,1747907831688.781,-65,-1,-141
1747907831727.281,85449,1747907831708.625,-64,-1,-137
1747907831747.125,85453,1747907831728.5,-64,-1,-141
1747907831767.031,85471,1747907831748.344,-64,-1,-136
1747907831786.781,85462,1747907831768.25,-72,-1,-137
1747907831806.625,85475,1747907831788.0,-74,-1,-141
1747907831826.5,85473,1747907831807.844,-72,-1,-142
1747907831846.344,85482,1747907831827.688,-56,-1,-136
1747907831866.156,85502,1747907831847.562,-74,-1,-136
1747907831886.0,85525,1747907831867.375,-74,-1,-132
1747907831905.844,85548,1747907831887.219,-75,-7,-128
1747907831925.687,85557,1747907831907.063,-68,-1,-136
1747907831945.531,85570,1747907831926.906,-72,-1,-134
1747907831965.344,85592,1747907831946.719,-64,-1,-129
1747907831985.219,85616,1747907831966.562,-64,-1,-140
1747907832005.031,85636,1747907831986.438,-72,-1,-127
1747907832024.844,85660,1747907832006.25,-79,-1,-134
1747907832044.719,85681,1747907832026.063,-63,-1,-144
1747907832064.5,85690,1747907832045.906,-77,-1,-136
1747907832084.375,85717,1747907832065.719,-67,-1,-136
1747907832104.156,85748,1747907832085.594,-68,-1,-141
1747907832124.0,85769,1747907832105.406,-64,-1,-139
1747907832143.812,85778,1747907832125.1882,-64,-1,-137
1747907832163.687,85757,1747907832145.0,-64,-1,-136
1747907832183.531,85718,1747907832164.844,-73,24,-140
1747907832203.344,85671,1747907832184.75,-71,-1,-141
1747907832223.187,85633,1747907832204.563,-64,-1,-143
1747907832243.031,85596,1747907832224.406,-74,-5,-132
1747907832262.875,85563,1747907832244.25,-71,-1,-138
1747907832282.688,85531,1747907832264.094,-65,-1,-138
1747907832302.563,85515,1747907832283.906,-75,-1,-136
1747907832322.406,85500,1747907832303.75,-67,-1,-143
1747907832342.25,85511,1747907832323.594,-73,-1,-138
1747907832362.062,85505,1747907832343.469,-70,-1,-141
1747907832381.938,85509,1747907832363.281,-63,-1,-138
1747907832401.75,85513,1747907832383.125,-66,-1,-137
1747907832421.594,85510,1747907832402.938,-72,-1,-143
1747907832441.406,85523,1747907832422.813,-63,-2,-135
1747907832461.25,85518,1747907832442.687,-65,-1,-140
1747907832481.094,85512,1747907832462.437,-64,-1,-143
1747907832500.938,85516,1747907832482.281,-64,-1,-141
1747907832520.781,85533,1747907832502.156,-77,-13,-144
1747907832540.594,85524,1747907832522.0,-68,-1,-144
1747907832560.406,85535,1747907832541.812,-61,-1,-135
1747907832580.281,85528,1747907832561.625,-68,-1,-129
1747907832600.125,85535,1747907832581.469,-64,-1,-141
1747907832619.906,85540,1747907832601.3132,-72,-1,-129
1747907832639.781,85568,1747907832621.125,-78,-1,-128
1747907832659.594,85568,1747907832640.969,-74,-1,-137
1747907832679.4382,85597,1747907832660.781,-66,-1,-141
1747907832699.25,85609,1747907832680.656,-68,-1,-144
1747907832719.125,85630,1747907832700.469,-71,-1,-137
1747907832738.969,85653,1747907832720.313,-56,-1,-148
1747907832758.781,85669,1747907832740.156,-66,15,-143
1747907832778.625,85700,1747907832760.0,-76,-1,-137
1747907832798.438,85712,1747907832779.844,-67,15,-145
1747907832818.312,85731,1747907832799.656,-68,-1,-141
1747907832838.125,85749,1747907832819.5,-77,-1,-136
1747907832858.0,85745,1747907832839.344,-66,-9,-112
1747907832877.844,85736,1747907832859.156,-64,-1,-141
1747907832897.656,85696,1747907832879.0,-61,0,-147
1747907832917.531,85663,1747907832898.875,-77,7,-144
1747907832937.344,85630,1747907832918.75,-63,-1,-138
1747907832957.187,85593,1747907832938.531,-71,-1,-140
1747907832977.0,85568,1747907832958.344,-72,-1,-141
1747907832996.875,85554,1747907832978.219,-65,-1,-144
1747907833016.687,85549,1747907832998.063,-68,-1,-144
1747907833036.531,85522,1747907833017.906,-66,-1,-144
1747907833056.375,85540,1747907833037.75,-76,-1,-136
1747907833076.219,85549,1747907833057.594,-63,-1,-144
1747907833096.063,85549,1747907833077.406,-80,-1,-141
1747907833115.906,85560,1747907833097.281,-68,-1,-137
1747907833135.719,85565,1747907833117.094,-64,1,-143
1747907833155.562,85580,1747907833136.937,-73,-1,-138
1747907833175.406,85588,1747907833156.812,-66,-1,-143
1747907833195.25,85606,1747907833176.594,-64,-1,-128
1747907833215.062,85594,1747907833196.438,-73,-1,-138
1747907833234.906,85584,1747907833216.281,-74,-1,-136
1747907833254.75,85625,1747907833236.187,-65,-1,-144
1747907833274.594,85615,1747907833255.969,-64,-1,-136
1747907833294.406,85628,1747907833275.812,-80,-1,-144
1747907833314.25,85656,1747907833295.594,-81,-1,-136
1747907833334.094,85665,1747907833315.469,-69,-1,-136
1747907833353.937,85680,1747907833335.281,-77,-1,-140
1747907833373.781,85704,1747907833355.156,-80,-1,-137
1747907833393.656,85730,1747907833375.0,-65,-1,-138
1747907833413.469,85746,1747907833394.813,-68,1,-132
1747907833433.344,85778,1747907833414.656,-69,-1,-142
1747907833453.156,85790,1747907833434.531,-65,-9,-136
1747907833473.0,85817,1747907833454.375,-65,-4,-141
1747907833492.844,85834,1747907833474.219,-64,-2,-132
1747907833512.656,85885,1747907833494.031,-71,-1,-136
1747907833532.531,85895,1747907833513.875,-67,-1,-149
1747907833552.375,85913,1747907833533.719,-68,-1,-138
1747907833572.25,85904,1747907833553.562,-66,-1,-134
1747907833592.062,85868,1747907833573.469,-68,-1,-138
1747907833611.906,85820,1747907833593.281,-73,-1,-140
1747907833631.719,85776,1747907833613.094,-65,-1,-141
1747907833651.594,85738,1747907833632.937,-72,12,-141
1747907833671.5,85702,1747907833652.781,-64,-1,-148
1747907833691.312,85686,1747907833672.719,-72,-1,-138
1747907833711.125,85661,1747907833692.5,-68,-1,-137
1747907833731.125,85645,1747907833712.344,-76,-1,-139
1747907833750.844,85632,1747907833732.219,-61,-13,-138
1747907833770.688,85638,1747907833752.031,-72,-1,-141
1747907833790.5,85628,1747907833771.906,-72,-1,-132
1747907833810.344,85647,1747907833791.688,-72,-1,-124
1747907833830.219,85651,1747907833811.625,-66,-1,-137
1747907833850.063,85664,1747907833831.437,-65,-1,-144
1747907833869.875,85665,1747907833851.25,-71,-1,-145
1747907833889.719,85677,1747907833871.063,-64,-1,-136
1747907833909.562,85679,1747907833890.938,-79,-1,-135
1747907833929.406,85680,1747907833910.781,-64,-1,-146
1747907833949.219,85695,1747907833930.625,-64,-1,-141
1747907833969.094,85704,1747907833950.438,-68,-1,-134
1747907833988.937,85700,1747907833970.281,-64,7,-143
1747907834008.75,85731,1747907833990.156,-65,-1,-143
1747907834028.594,85743,1747907834009.937,-57,-1,-141
1747907834048.406,85745,1747907834029.812,-63,7,-139
1747907834068.25,85781,1747907834049.594,-72,-1,-144
1747907834088.094,85795,1747907834069.438,-72,-17,-143
1747907834107.906,85826,1747907834089.281,-64,-1,-141
1747907834127.719,85839,1747907834109.156,-73,-1,-141
1747907834147.594,85862,1747907834128.906,-66,-1,-144
1747907834167.406,85884,1747907834148.813,-76,-1,-143
1747907834187.25,85914,1747907834168.625,-79,-1,-136
1747907834207.031,85933,1747907834188.531,-64,-1,-141
1747907834226.906,85962,1747907834208.281,-66,-1,-140
1747907834246.719,85995,1747907834228.125,-73,-1,-145
1747907834266.563,86001,1747907834247.906,-73,-9,-141
1747907834286.406,85996,1747907834267.75,-79,-1,-138
1747907834306.219,85966,1747907834287.594,-82,-1,-136
1747907834326.094,85923,1747907834307.437,-61,-2,-138
1747907834346.031,85883,1747907834327.312,-64,-1,-141
1747907834365.781,85823,1747907834347.156,-56,-8,-144
1747907834385.656,85782,1747907834367.0,-74,-1,-138
1747907834405.5,85760,1747907834386.844,-73,-1,-136
1747907834425.344,85733,1747907834406.687,-66,-1,-144
1747907834445.188,85719,1747907834426.562,-77,-1,-132
1747907834465.031,85701,1747907834446.406,-66,-1,-138
1747907834484.906,85710,1747907834466.219,-66,-1,-145
1747907834504.75,85710,1747907834486.094,-64,-1,-141
1747907834524.594,85711,1747907834505.969,-74,-1,-136
1747907834544.406,85719,1747907834525.781,-64,-1,-141
1747907834564.281,85719,1747907834545.594,-64,-1,-141
1747907834584.094,85737,1747907834565.469,-71,-1,-141
1747907834603.969,85738,1747907834585.281,-72,-1,-143
1747907834623.781,85736,1747907834605.156,-72,-1,-138
1747907834643.625,85745,1747907834625.0,-61,-1,-153
1747907834663.5,85754,1747907834644.844,-76,-1,-136
1747907834683.344,85763,1747907834664.719,-74,-1,-137
1747907834703.188,85773,1747907834684.562,-65,-1,-132
1747907834723.031,85782,1747907834704.406,-76,-1,-144
1747907834742.875,85807,1747907834724.25,-68,-1,-135
1747907834762.719,85833,1747907834744.094,-65,-2,-151
1747907834782.562,85853,1747907834763.969,-64,-1,-142
1747907834802.406,85868,1747907834783.781,-66,-1,-144
1747907834822.2808,85900,1747907834803.625,-60,-1,-153
1747907834842.156,85916,1747907834823.5,-72,-1,-145
1747907834862.0,85941,1747907834843.344,-77,7,-140
1747907834881.813,85956,1747907834863.25,-78,-1,-137
1747907834901.688,86001,1747907834883.031,-63,-1,-136
1747907834921.531,86008,1747907834902.875,-72,-1,-133
1747907834941.375,86040,1747907834922.719,-74,-1,-144
1747907834961.219,86076,1747907834942.625,-64,-1,-136
1747907834981.063,86094,1747907834962.406,-76,-1,-137
1747907835000.938,86106,1747907834982.25,-68,-1,-141
1747907835020.781,86095,1747907835002.125,-73,-1,-143
1747907835040.625,86059,1747907835022.0,-65,-1,-144
1747907835060.469,86016,1747907835041.812,-66,-1,-144
1747907835080.313,85962,1747907835061.719,-64,-1,-140
1747907835100.188,85949,1747907835081.531,-76,-1,-122
1747907835120.031,85912,1747907835101.406,-64,-5,-145
1747907835139.875,85883,1747907835121.25,-65,-2,-145
1747907835159.719,85865,1747907835141.062,-61,-1,-145
1747907835179.594,85855,1747907835160.906,-72,-1,-141
1747907835199.437,85846,1747907835180.781,-68,-1,-141
1747907835219.281,85845,1747907835200.625,-72,-1,-136
1747907835239.125,85854,1747907835220.469,-64,-1,-137
1747907835258.938,85846,1747907835240.312,-74,-1,-138
1747907835278.781,85853,1747907835260.156,-62,-1,-145
1747907835298.656,85849,1747907835280.0,-68,-1,-137
1747907835318.5,85866,1747907835299.875,-64,-1,-143
1747907835338.375,85877,1747907835319.687,-73,7,-138
1747907835358.313,85886,1747907835339.562,-64,-1,-133
1747907835378.031,85886,1747907835359.406,-72,0,-140
1747907835397.906,85890,1747907835379.25,-65,-1,-141
1747907835417.75,85912,1747907835399.125,-64,-1,-136
1747907835437.563,85918,1747907835418.937,-64,-1,-129
1747907835457.438,85901,1747907835438.812,-65,-1,-147
1747907835477.281,85936,1747907835458.656,-65,-1,-142
1747907835497.156,85934,1747907835478.469,-65,-1,-151
1747907835516.969,85948,1747907835498.344,-68,-2,-144
1747907835536.813,85979,1747907835518.219,-68,-1,-136
1747907835556.688,85996,1747907835538.0,-76,-1,-144
1747907835576.531,86014,1747907835557.875,-67,-1,-141
1747907835596.344,86038,1747907835577.719,-65,-1,-141
1747907835616.188,86060,1747907835597.531,-68,-1,-138
1747907835636.063,86073,1747907835617.406,-64,-1,-137
1747907835655.875,86082,1747907835637.25,-72,-1,-143
1747907835675.75,86110,1747907835657.094,-64,-1,-141
1747907835695.5618,86119,1747907835676.969,-65,-1,-141
1747907835715.406,86151,1747907835696.719,-69,-1,-140
1747907835735.25,86169,1747907835716.625,-66,-1,-137
1747907835755.094,86152,1747907835736.469,-72,-1,-134
1747907835774.906,86108,1747907835756.313,-68,-9,-133
1747907835794.75,86079,1747907835776.094,-65,-1,-137
1747907835814.563,86036,1747907835795.969,-66,-2,-136
1747907835834.438,85987,1747907835815.781,-65,-1,-144
1747907835854.281,85952,1747907835835.656,-73,-1,-130
1747907835874.094,85924,1747907835855.469,-71,-1,-133
1747907835893.969,85892,1747907835875.281,-61,-1,-136
1747907835913.8132,85875,1747907835895.187,-72,-1,-135
1747907835933.594,85853,1747907835915.031,-77,-1,-132
1747907835953.406,85866,1747907835934.813,-77,-1,-138
1747907835973.281,85868,1747907835954.625,-65,-1,-144
1747907835993.125,85858,1747907835974.469,-73,-1,-139
1747907836012.938,85856,1747907835994.312,-65,-1,-141
1747907836032.75,85864,1747907836014.156,-66,-1,-144
1747907836052.625,85863,1747907836033.969,-76,-4,-144
1747907836072.437,85855,1747907836053.813,-77,-1,-138
1747907836092.281,85867,1747907836073.656,-64,-1,-141
1747907836112.094,85855,1747907836093.5,-76,-1,-129
1747907836131.938,85857,1747907836113.281,-73,-1,-141
1747907836151.781,85860,1747907836133.156,-64,-1,-135
1747907836171.625,85874,1747907836153.0,-73,-1,-136
1747907836191.437,85874,1747907836172.813,-74,-1,-134
1747907836211.25,85888,1747907836192.687,-77,-1,-136
1747907836231.125,85905,1747907836212.5,-66,-2,-133
1747907836251.0,85924,1747907836232.344,-68,-1,-136
1747907836270.812,85930,1747907836252.219,-64,-1,-138
1747907836290.625,85963,1747907836272.031,-73,-1,-135
1747907836310.469,85976,1747907836291.844,-64,-1,-149
1747907836330.313,85999,1747907836311.687,-81,-1,-137
1747907836350.156,86016,1747907836331.5,-64,-1,-140
1747907836369.969,86035,1747907836351.375,-79,-1,-136
1747907836389.812,86062,1747907836371.188,-65,-5,-146
1747907836409.656,86067,1747907836391.0,-68,-1,-141
1747907836429.469,86091,1747907836410.875,-68,-1,-135
1747907836449.313,86089,1747907836430.687,-68,-1,-138
1747907836469.156,86063,1747907836450.531,-68,-1,-138
1747907836489.0,86034,1747907836470.375,-73,-1,-133
1747907836508.844,85986,1747907836490.2192,-57,-1,-145
1747907836528.688,85942,1747907836510.031,-76,-1,-136
1747907836548.5,85908,1747907836529.906,-80,-1,-135
1747907836568.3442,85887,1747907836549.719,-68,-1,-146
1747907836588.219,85853,1747907836569.594,-64,-1,-144
1747907836608.031,85849,1747907836589.406,-97,-1,-141
1747907836627.875,85818,1747907836609.25,-65,-1,-138
1747907836647.719,85816,1747907836629.094,-70,-1,-136
1747907836667.562,85810,1747907836648.938,-64,1,-140
1747907836687.437,85804,1747907836668.781,-71,-1,-136
1747907836707.219,85811,1747907836688.625,-65,-1,-132
1747907836727.063,85817,1747907836708.437,-79,-1,-128
1747907836746.938,85826,1747907836728.281,-77,-1,-138
1747907836766.75,85811,1747907836748.125,-64,-1,-141
1747907836786.562,85818,1747907836767.969,-68,-2,-138
1747907836806.438,85823,1747907836787.781,-68,-1,-144
1747907836826.25,85826,1747907836807.625,-71,-1,-136
1747907836846.125,85828,1747907836827.469,-77,-1,-140
1747907836865.937,85829,1747907836847.313,-61,-1,-136
1747907836885.781,85828,1747907836867.156,-64,-1,-139
1747907836905.625,85837,1747907836887.0,-77,-2,-137
1747907836925.469,85844,1747907836906.812,-64,-1,-140
1747907836945.312,85867,1747907836926.688,-66,-1,-140
1747907836965.156,85884,1747907836946.531,-65,-1,-137
1747907836984.969,85879,1747907836966.375,-68,-1,-136
1747907837004.844,85891,1747907836986.187,-72,-1,-119
1747907837024.656,85907,1747907837006.062,-65,-1,-137
1747907837044.4692,85937,1747907837025.906,-77,-1,-136
1747907837064.312,85948,1747907837045.688,-69,-1,-141
1747907837084.187,85974,1747907837065.5,-68,-1,-144
1747907837104.031,85970,1747907837085.406,-68,-1,-136
1747907837123.844,85953,1747907837105.281,-66,-1,-125
1747907837143.687,85935,1747907837125.031,-74,-1,-130
1747907837163.531,85900,1747907837144.906,-78,-1,-138
1747907837183.375,85869,1747907837164.719,-68,7,-141
1747907837203.188,85841,1747907837184.594,-81,-1,-135
1747907837223.031,85801,1747907837204.406,-57,7,-138
1747907837242.906,85767,1747907837224.25,-84,-1,-137
1747907837262.719,85748,1747907837244.125,-77,-1,-133
1747907837282.562,85735,1747907837263.937,-73,-1,-136
1747907837302.406,85727,1747907837283.781,-80,-1,-135
1747907837322.25,85725,1747907837303.594,-68,-1,-136
1747907837342.062,85725,1747907837323.438,-73,-2,-145
1747907837361.937,85721,1747907837343.25,-66,-11,-141
1747907837381.719,85720,1747907837363.125,-80,-1,-141
1747907837401.594,85716,1747907837382.906,-80,-1,-143
1747907837421.438,85729,1747907837402.812,-80,-1,-136
1747907837441.281,85727,1747907837422.625,-69,-1,-137
1747907837461.094,85728,1747907837442.5,-72,-1,-141
1747907837480.937,85741,1747907837462.281,-69,-1,-133
1747907837500.781,85730,1747907837482.156,-77,-1,-136
1747907837520.656,85729,1747907837502.0,-77,-3,-142
1747907837540.469,85733,1747907837521.844,-66,-1,-135
1747907837560.312,85730,1747907837541.688,-89,-2,-134
1747907837580.188,85735,1747907837561.5,-68,-1,-137
1747907837600.0,85754,1747907837581.375,-73,-1,-140
1747907837619.844,85736,1747907837601.219,-78,-5,-141
1747907837639.687,85750,1747907837621.094,-66,-2,-141
1747907837659.531,85765,1747907837640.875,-57,-1,-141
1747907837679.375,85771,1747907837660.719,-80,-1,-129
1747907837699.219,85781,1747907837680.594,-69,-1,-143
1747907837719.031,85821,1747907837700.438,-71,-1,-143
1747907837738.875,85800,1747907837720.219,-68,-2,-132
1747907837758.719,85817,1747907837740.094,-77,-1,-132
1747907837778.563,85789,1747907837759.937,-65,-1,-135
1747907837798.375,85734,1747907837779.781,-72,-1,-128
1747907837818.219,85690,1747907837799.625,-71,-2,-136
1747907837838.062,85642,1747907837819.406,-64,-5,-139
1747907837857.906,85589,1747907837839.25,-65,-5,-144
1747907837877.719,85552,1747907837859.125,-68,-1,-148
1747907837897.563,85525,1747907837878.906,-73,-1,-135
1747907837917.438,85505,1747907837898.781,-68,-1,-140
1747907837937.25,85480,1747907837918.625,-66,-1,-136
1747907837957.094,85491,1747907837938.469,-66,-4,-121
1747907837976.969,85482,1747907837958.312,-74,-1,-134
1747907837996.75,85489,1747907837978.125,-66,-8,-140
1747907838016.625,85494,1747907837997.937,-68,-1,-136
1747907838036.437,85523,1747907838017.813,-68,-1,-131
1747907838056.281,85488,1747907838037.719,-79,-2,-138
1747907838076.156,85519,1747907838057.594,-68,-1,-130
1747907838096.0,85516,1747907838077.344,-80,-1,-136
1747907838115.875,85526,1747907838097.219,-68,-1,-136
1747907838135.656,85522,1747907838117.031,-74,-1,-136
1747907838155.625,85529,1747907838136.844,-66,-1,-142
1747907838175.344,85540,1747907838156.75,-65,-7,-144
1747907838195.219,85548,1747907838176.562,-73,-1,-137
1747907838215.031,85544,1747907838196.438,-77,-1,-136
1747907838234.875,85570,1747907838216.219,-77,8,-138
1747907838254.719,85583,1747907838236.063,-72,-1,-133
1747907838274.563,85603,1747907838255.906,-77,-1,-144
1747907838294.375,85621,1747907838275.75,-66,-2,-161
1747907838314.219,85634,1747907838295.594,-74,-1,-136
1747907838334.062,85653,1747907838315.438,-79,-1,-143
1747907838353.937,85682,1747907838335.312,-64,-1,-145
1747907838373.75,85696,1747907838355.156,-64,-1,-138
1747907838393.594,85711,1747907838375.0,-69,-1,-141
1747907838413.437,85685,1747907838394.813,-65,-1,-138
1747907838433.375,85643,1747907838414.656,-80,-1,-138
1747907838453.125,85603,1747907838434.594,-68,-1,-137
1747907838472.938,85554,1747907838454.344,-68,-2,-141
1747907838492.781,85507,1747907838474.156,-68,-1,-141
1747907838512.656,85460,1747907838494.0,-63,-2,-135
1747907838532.5,85438,1747907838513.844,-74,-1,-144
1747907838552.313,85418,1747907838533.687,-68,-1,-133
1747907838572.125,85428,1747907838553.5,-64,-4,-147
1747907838592.0,85400,1747907838573.375,-64,-2,-135
1747907838611.844,85411,1747907838593.188,-68,-1,-133
1747907838631.625,85405,1747907838613.031,-77,-1,-132
1747907838651.531,85393,1747907838632.875,-66,-1,-141
1747907838671.344,85406,1747907838652.719,-66,-1,-137
1747907838691.188,85409,1747907838672.563,-69,-1,-136
1747907838711.031,85416,1747907838692.406,-68,-1,-143
1747907838730.844,85416,1747907838712.25,-70,-1,-133
1747907838750.719,85440,1747907838732.062,-78,-1,-137
1747907838770.531,85441,1747907838751.937,-77,-1,-136
1747907838790.375,85440,1747907838771.75,-68,-1,-136
1747907838810.187,85462,1747907838791.625,-63,-1,-138
1747907838830.062,85474,1747907838811.406,-65,-1,-141
1747907838849.906,85479,1747907838831.281,-66,11,-143
1747907838869.75,85500,1747907838851.094,-77,-1,-142
1747907838889.563,85507,1747907838870.938,-65,-1,-141
1747907838909.406,85547,1747907838890.781,-66,-9,-128
1747907838929.312,85539,1747907838910.594,-66,-1,-132
1747907838949.094,85577,1747907838930.469,-80,-13,-140
1747907838968.906,85598,1747907838950.312,-68,-1,-144
1747907838988.781,85615,1747907838970.125,-63,-1,-136
1747907839008.594,85626,1747907838989.969,-65,-1,-144
1747907839028.469,85662,1747907839009.813,-68,-1,-138
1747907839048.281,85670,1747907839029.656,-72,-1,-141
1747907839068.188,85671,1747907839049.469,-65,-1,-142
1747907839087.969,85624,1747907839069.313,-73,-1,-144
1747907839107.812,85576,1747907839089.156,-72,-2,-136
1747907839127.625,85539,1747907839109.031,-55,-1,-136
1747907839147.469,85485,1747907839128.844,-79,-1,-135
1747907839167.406,85444,1747907839148.6868,-72,-1,-141
1747907839187.156,85402,1747907839168.5,-68,-9,-144
1747907839207.031,85378,1747907839188.375,-71,-1,-140
1747907839226.844,85350,1747907839208.219,-76,-1,-137
1747907839246.688,85331,1747907839228.031,-77,-1,-128
1747907839266.563,85331,1747907839247.906,-82,-1,-137
1747907839286.375,85338,1747907839267.781,-74,-1,-137
1747907839306.219,85336,1747907839287.625,-66,-1,-132
1747907839326.062,85326,1747907839307.406,-65,-1,-137
1747907839345.875,85314,1747907839327.25,-74,-1,-143
1747907839365.75,85326,1747907839347.125,-65,-1,-136
1747907839385.562,85338,1747907839366.9382,-66,-1,-141
1747907839405.375,85350,1747907839386.75,-77,-1,-132
1747907839425.25,85347,1747907839406.625,-72,-1,-138
1747907839445.094,85355,1747907839426.469,-72,-1,-141
1747907839464.906,85341,1747907839446.312,-64,-1,-141
1747907839484.75,85347,1747907839466.125,-68,-1,-143
1747907839504.594,85352,1747907839485.969,-49,-1,-142
1747907839524.437,85382,1747907839505.812,-72,-1,-144
1747907839544.25,85387,1747907839525.625,-72,-1,-140
1747907839564.063,85400,1747907839545.469,-73,-9,-137
1747907839583.937,85413,1747907839565.25,-68,-1,-145
1747907839603.75,85433,1747907839585.156,-73,-1,-137
1747907839623.594,85452,1747907839604.969,-77,-1,-141
1747907839643.406,85468,1747907839624.781,-73,-1,-139
1747907839663.281,85488,1747907839644.625,-73,-1,-144
1747907839683.094,85519,1747907839664.469,-65,-1,-143
1747907839702.969,85542,1747907839684.313,-76,-2,-135
1747907839722.875,85559,1747907839704.219,-70,-2,-136
1747907839742.625,85578,1747907839724.062,-80,-1,-141
1747907839762.469,85609,1747907839743.844,-74,-1,-138
1747907839782.281,85648,1747907839763.656,-61,-1,-136
1747907839802.094,85650,1747907839783.469,-73,-1,-141
1747907839821.937,85627,1747907839803.344,-58,-1,-149
1747907839841.75,85594,1747907839823.125,-72,-1,-141
1747907839861.594,85558,1747907839842.969,-73,-1,-161
1747907839881.438,85504,1747907839862.781,-64,-1,-134
1747907839901.219,85444,1747907839882.656,-61,-1,-137
1747907839921.062,85403,1747907839902.5,-74,-1,-134
1747907839940.906,85358,1747907839922.25,-77,-1,-141
1747907839960.719,85337,1747907839942.125,-72,-1,-138
1747907839980.531,85304,1747907839961.937,-63,7,-141
1747907840000.344,85286,1747907839981.75,-76,-1,-137
1747907840020.187,85266,1747907840001.563,-61,-1,-145
1747907840040.031,85261,1747907840021.375,-68,-1,-141
1747907840059.875,85250,1747907840041.219,-64,-1,-136
1747907840079.688,85258,1747907840061.094,-65,2,-140
1747907840099.531,85247,1747907840080.906,-68,-1,-133
1747907840119.344,85250,1747907840100.75,-86,-1,-132
1747907840139.219,85257,1747907840120.563,-64,-1,-116
1747907840159.0,85253,1747907840140.406,-65,-1,-146
1747907840178.844,85231,1747907840160.219,-72,-1,-144
1747907840198.688,85243,1747907840180.063,-76,-1,-144
1747907840218.5,85249,1747907840199.875,-66,-1,-134
1747907840238.312,85253,1747907840219.719,-77,-1,-136
1747907840258.156,85260,1747907840239.531,-55,-1,-135
1747907840278.031,85260,1747907840259.375,-74,-2,-132
1747907840297.844,85257,1747907840279.219,-64,-1,-141
1747907840317.687,85278,1747907840299.031,-73,-1,-142
1747907840337.5,85296,1747907840318.906,-64,-1,-145
1747907840357.344,85326,1747907840338.687,-77,-1,-138
1747907840377.156,85348,1747907840358.531,-64,-1,-138
1747907840397.031,85358,1747907840378.375,-77,-1,-136
1747907840416.844,85389,1747907840398.219,-64,-7,-138
1747907840436.687,85400,1747907840418.063,-65,-1,-132
1747907840456.531,85438,1747907840437.875,-68,-1,-134
1747907840476.344,85449,1747907840457.719,-79,-1,-130
1747907840496.188,85501,1747907840477.562,-66,-1,-144
1747907840516.031,85506,1747907840497.406,-72,-1,-136
1747907840535.875,85531,1747907840517.25,-74,-1,-143
1747907840555.719,85558,1747907840537.0942,-65,-1,-145
1747907840575.531,85587,1747907840556.937,-64,-1,-135
1747907840595.375,85626,1747907840576.75,-76,-1,-145
1747907840615.2192,85640,1747907840596.625,-64,-2,-137
1747907840635.062,85629,1747907840616.406,-64,-1,-141
1747907840654.938,85602,1747907840636.281,-69,-1,-142
1747907840674.875,85563,1747907840656.156,-74,-1,-141
1747907840694.594,85512,1747907840675.969,-62,0,-141
1747907840714.469,85477,1747907840695.813,-61,-1,-137
1747907840734.312,85431,1747907840715.656,-61,-1,-143
1747907840754.125,85401,1747907840735.531,-77,-1,-131
1747907840774.0,85381,1747907840755.375,-77,-1,-140
1747907840793.813,85347,1747907840775.219,-65,-2,-141
1747907840813.687,85344,1747907840795.0,-71,-1,-145
1747907840833.5,85326,1747907840814.875,-66,-1,-137
1747907840853.344,85340,1747907840834.719,-73,-1,-139
1747907840873.188,85330,1747907840854.594,-64,-1,-138
1747907840893.0308,85334,1747907840874.406,-69,-2,-141
1747907840912.875,85337,1747907840894.219,-60,-1,-141
1747907840932.687,85325,1747907840914.062,-64,-1,-143
1747907840952.531,85348,1747907840933.875,-72,-2,-143
1747907840972.375,85356,1747907840953.75,-49,7,-140
1747907840992.188,85358,1747907840973.563,-73,-1,-137
1747907841012.062,85371,1747907840993.438,-68,-1,-137
1747907841031.875,85381,1747907841013.2192,-73,8,-140
1747907841051.719,85377,1747907841033.094,-66,-1,-141
1747907841071.531,85408,1747907841052.906,-66,-1,-138
1747907841091.3442,85422,1747907841072.75,-74,-1,-145
1747907841111.187,85435,1747907841092.563,-71,-1,-145
1747907841131.0,85454,1747907841112.406,-61,-1,-136
1747907841150.875,85476,1747907841132.187,-68,-1,-140
1747907841170.688,85507,1747907841152.062,-72,-1,-137
1747907841190.5,85513,1747907841171.875,-65,7,-136
1747907841210.375,85556,1747907841191.75,-81,-1,-139
1747907841230.219,85574,1747907841211.563,-74,-1,-132
1747907841250.0,85596,1747907841231.406,-68,-1,-138
1747907841269.875,85613,1747907841251.281,-63,-2,-149
1747907841289.688,85651,1747907841271.063,-64,-1,-141
1747907841309.562,85689,1747907841290.875,-65,-1,-143
1747907841329.406,85696,1747907841310.781,-64,-1,-144
1747907841349.219,85725,1747907841330.594,-68,-1,-144
1747907841369.063,85749,1747907841350.406,-74,-1,-128
1747907841388.906,85788,1747907841370.281,-67,-1,-141
1747907841408.75,85827,1747907841390.094,-79,-1,-139
1747907841428.531,85832,1747907841409.938,-65,-1,-141
1747907841448.406,85842,1747907841429.75,-73,-1,-137
1747907841468.25,85832,1747907841449.625,-76,-1,-132
1747907841488.094,85799,1747907841469.5,-72,-1,-136
1747907841507.937,85777,1747907841489.313,-77,-1,-135
1747907841527.75,85732,1747907841509.125,-76,-1,-135
1747907841547.625,85705,1747907841528.937,-68,-1,-144
1747907841567.438,85685,1747907841548.844,-66,-1,-140
1747907841587.25,85658,1747907841568.656,-50,-1,-144
1747907841607.125,85662,1747907841588.5,-68,-1,-144
1747907841626.937,85649,1747907841608.344,-64,-1,-138
1747907841646.813,85662,1747907841628.156,-83,-1,-138
1747907841666.625,85662,1747907841648.031,-64,14,-137
1747907841686.438,85663,1747907841667.813,-64,-1,-144
1747907841706.281,85689,1747907841687.656,-64,-4,-145
1747907841726.156,85681,1747907841707.5,-73,-1,-135
1747907841745.969,85717,1747907841727.344,-61,-1,-140
1747907841765.8132,85733,1747907841747.187,-65,-1,-136
1747907841785.687,85730,1747907841767.031,-67,-1,-136
1747907841805.5,85747,1747907841786.844,-71,-1,-144
1747907841825.375,85756,1747907841806.719,-65,-2,-138
1747907841845.156,85760,1747907841826.562,-74,-1,-143
1747907841865.0,85791,1747907841846.375,-72,-1,-137
1747907841884.875,85811,1747907841866.219,-77,-3,-139
1747907841904.687,85823,1747907841886.094,-61,-1,-141
1747907841924.5,85842,1747907841905.937,-63,-2,-137
1747907841944.375,85863,1747907841925.719,-63,-1,-141
1747907841964.188,85902,1747907841945.594,-61,-1,-140
1747907841984.031,85927,1747907841965.375,-65,-1,-145
1747907842003.906,85948,1747907841985.219,-68,-1,-147
1747907842023.6868,85973,1747907842005.094,-53,-1,-144
1747907842043.563,86014,1747907842024.906,-64,-1,-145
1747907842063.406,86044,1747907842044.75,-74,-1,-141
1747907842083.25,86064,1747907842064.625,-73,-1,-140
1747907842103.062,86098,1747907842084.469,-77,-1,-141
1747907842122.937,86129,1747907842104.281,-68,-1,-136
1747907842142.781,86151,1747907842124.125,-66,-1,-145
1747907842162.625,86190,1747907842143.969,-76,-1,-138
1747907842182.437,86217,1747907842163.8132,-68,-1,-138
1747907842202.312,86252,1747907842183.594,-72,-1,-144
1747907842222.156,86292,1747907842203.5,-63,-5,-141
1747907842242.0,86317,1747907842223.344,-64,-1,-143
1747907842261.813,86339,1747907842243.187,-73,15,-133
1747907842281.656,86346,1747907842263.0,-77,-1,-138
1747907842301.5,86342,1747907842282.875,-69,-1,-144
1747907842321.344,86313,1747907842302.687,-64,-1,-129
1747907842341.219,86293,1747907842322.625,-67,-1,-138
1747907842361.0,86274,1747907842342.406,-72,-17,-136
1747907842380.8442,86266,1747907842362.188,-64,-1,-143
1747907842400.687,86285,1747907842382.063,-72,-1,-141
1747907842420.531,86266,1747907842401.875,-69,-1,-138
1747907842440.344,86288,1747907842421.844,-72,-1,-138
1747907842460.219,86289,1747907842441.531,-64,-1,-148
1747907842480.094,86309,1747907842461.406,-61,-1,-148
1747907842499.906,86315,1747907842481.281,-64,7,-141
1747907842519.719,86350,1747907842501.125,-72,-1,-136
1747907842539.563,86379,1747907842520.937,-57,-1,-140
1747907842559.438,86390,1747907842540.781,-68,-1,-135
1747907842579.25,86413,1747907842560.625,-72,-1,-136
1747907842599.094,86434,1747907842580.469,-80,-1,-140
1747907842618.938,86441,1747907842600.312,-72,-1,-143
1747907842638.781,86460,1747907842620.125,-63,-1,-138
1747907842658.6558,86488,1747907842640.0,-72,-4,-145
1747907842678.469,86500,1747907842659.844,-63,-1,-140
1747907842698.312,86531,1747907842679.688,-77,-1,-138
1747907842718.188,86549,1747907842699.531,-63,14,-141
1747907842738.0,86572,1747907842719.375,-73,-1,-140
1747907842757.812,86603,1747907842739.25,-68,-1,-145
1747907842777.687,86625,1747907842759.063,-71,-1,-138
1747907842797.531,86657,1747907842778.875,-64,-1,-138
1747907842817.375,86695,1747907842798.719,-64,-1,-144
1747907842837.219,86719,1747907842818.562,-64,-1,-141
1747907842857.031,86746,1747907842838.438,-62,-1,-137
1747907842876.906,86771,1747907842858.25,-81,-1,-138
1747907842896.781,86808,1747907842878.094,-74,-1,-145
1747907842916.594,86834,1747907842897.969,-64,-1,-144
1747907842936.406,86857,1747907842917.813,-77,1,-138
1747907842956.281,86892,1747907842937.625,-68,-1,-145
1747907842976.125,86922,1747907842957.469,-76,-1,-135
1747907842995.969,86956,1747907842977.344,-68,-1,-128
1747907843015.8132,86994,1747907842997.156,-64,-1,-142
1747907843035.625,87022,1747907843017.0,-68,-1,-141
1747907843055.5,87059,1747907843036.844,-77,-1,-138
1747907843075.344,87076,1747907843056.688,-76,-1,-142
1747907843095.156,87079,1747907843076.562,-71,-1,-141
1747907843115.031,87079,1747907843096.375,-81,-1,-132
1747907843134.875,87059,1747907843116.219,-74,-1,-135
1747907843154.719,87050,1747907843136.063,-74,-1,-138
1747907843174.531,87050,1747907843155.937,-65,-1,-141
1747907843194.375,87050,1747907843175.781,-63,-1,-138
1747907843214.25,87052,1747907843195.625,-68,-1,-136
1747907843234.125,87055,1747907843215.469,-64,-1,-140
1747907843253.937,87074,1747907843235.344,-66,-1,-139
1747907843273.813,87093,1747907843255.187,-80,-2,-143
1747907843293.688,87099,1747907843275.031,-68,-1,-137
1747907843313.531,87122,1747907843294.906,-61,-1,-145
1747907843333.375,87150,1747907843314.719,-77,-1,-130
1747907843353.25,87164,1747907843334.625,-68,-1,-141
1747907843373.094,87184,1747907843354.437,-73,-1,-144
1747907843392.969,87198,1747907843374.406,-63,-1,-141
1747907843412.781,87228,1747907843394.188,-72,-1,-142
1747907843432.656,87238,1747907843414.031,-65,-1,-137
1747907843452.5,87261,1747907843433.844,-68,-1,-141
1747907843472.5,87287,1747907843453.719,-72,-1,-145
1747907843492.188,87298,1747907843473.688,-69,-1,-141
1747907843512.062,87304,1747907843493.406,-64,-1,-140
1747907843531.906,87338,1747907843513.281,-64,-1,-140
1747907843551.75,87347,1747907843533.125,-81,-1,-141
1747907843571.594,87382,1747907843552.969,-77,7,-141
1747907843591.437,87388,1747907843572.844,-77,-1,-138
1747907843611.281,87415,1747907843592.656,-61,-7,-141
1747907843631.156,87446,1747907843612.5,-64,-1,-137
1747907843651.0,87475,1747907843632.375,-73,-1,-137
1747907843670.813,87498,1747907843652.188,-68,-1,-132
1747907843690.687,87522,1747907843672.031,-76,-1,-141
1747907843710.5,87543,1747907843691.906,-63,-1,-140
1747907843730.375,87561,1747907843711.719,-65,-1,-143
1747907843750.1882,87568,1747907843731.531,-66,-1,-141
1747907843770.031,87586,1747907843751.344,-65,-1,-141
1747907843789.875,87621,1747907843771.188,-72,-1,-143
1747907843809.719,87644,1747907843791.063,-73,-1,-141
1747907843829.531,87665,1747907843810.906,-72,-1,-141
1747907843849.375,87669,1747907843830.719,-64,-1,-140
1747907843869.344,87669,1747907843850.594,-68,-1,-143
1747907843889.062,87660,1747907843870.438,-49,-6,-141
1747907843909.0,87635,1747907843890.25,-68,-9,-141
1747907843928.75,87636,1747907843910.219,-68,-1,-145
1747907843948.594,87618,1747907843929.9368,-64,-1,-120
1747907843968.437,87633,1747907843949.844,-66,-1,-137
1747907843988.25,87644,1747907843969.625,-68,-1,-136
1747907844008.0618,87660,1747907843989.438,-64,-1,-144
1747907844027.938,87680,1747907844009.25,-64,-1,-136
1747907844047.75,87696,1747907844029.125,-66,-1,-137
1747907844067.625,87717,1747907844049.0,-72,-1,-141
1747907844087.437,87744,1747907844068.813,-69,-1,-141
1747907844107.312,87771,1747907844088.625,-77,-1,-145
1747907844127.125,87789,1747907844108.469,-64,-3,-141
1747907844146.938,87794,1747907844128.312,-65,-1,-138
1747907844166.75,87822,1747907844148.156,-63,-1,-141
1747907844186.594,87848,1747907844167.969,-73,-1,-141
1747907844206.531,87866,1747907844187.813,-68,-1,-136
1747907844226.281,87894,1747907844207.656,-80,-1,-128
1747907844246.094,87920,1747907844227.469,-64,-13,-141
1747907844265.938,87940,1747907844247.344,-72,-1,-138
1747907844285.781,87955,1747907844267.156,-64,-1,-149
1747907844305.656,87982,1747907844286.969,-69,-1,-143
1747907844325.469,88003,1747907844306.844,-72,-1,-137
1747907844345.313,88042,1747907844326.75,-65,-1,-141
1747907844365.156,88074,1747907844346.563,-65,-1,-141
1747907844385.0,88108,1747907844366.375,-74,-1,-138
1747907844404.875,88128,1747907844386.219,-65,-1,-136
1747907844424.813,88169,1747907844406.094,-61,-1,-136
1747907844444.531,88202,1747907844426.0,-77,7,-132
1747907844464.406,88233,1747907844445.75,-71,-3,-143
1747907844484.25,88264,1747907844465.594,-68,-1,-146
1747907844504.031,88300,1747907844485.469,-89,-2,-141
1747907844523.875,88337,1747907844505.25,-61,-1,-141
1747907844543.75,88343,1747907844525.094,-72,-1,-137
1747907844563.594,88347,1747907844544.938,-77,-2,-146
1747907844583.406,88343,1747907844564.813,-64,7,-142
1747907844603.25,88336,1747907844584.625,-74,-1,-140
1747907844623.094,88306,1747907844604.469,-68,-1,-145
1747907844642.938,88311,1747907844624.312,-68,-1,-138
1747907844662.781,88289,1747907844644.156,-64,-2,-137
1747907844682.594,88286,1747907844664.0,-65,-1,-149
1747907844702.469,88285,1747907844683.781,-73,-1,-138
1747907844722.281,88302,1747907844703.687,-72,-1,-138
1747907844742.125,88317,1747907844723.469,-68,-1,-139
1747907844761.969,88336,1747907844743.344,-77,-1,-140
1747907844781.781,88358,1747907844763.156,-76,-1,-138
1747907844801.656,88389,1747907844783.0,-65,-1,-141
1747907844821.5,88403,1747907844802.875,-64,-1,-144
1747907844841.313,88425,1747907844822.719,-77,-1,-148
1747907844861.156,88432,1747907844842.5,-76,-1,-142
1747907844881.0,88452,1747907844862.375,-74,-1,-153
1747907844900.844,88460,1747907844882.187,-74,-9,-136
1747907844920.656,88485,1747907844902.062,-71,-1,-141
1747907844940.5,88492,1747907844921.875,-71,-1,-145
1747907844960.344,88513,1747907844941.719,-66,-1,-140
1747907844980.187,88529,1747907844961.563,-64,-1,-143
1747907845000.0,88536,1747907844981.406,-71,-1,-141
1747907845019.844,88569,1747907845001.25,-65,-1,-142
1747907845039.688,88575,1747907845021.063,-77,-1,-135
1747907845059.531,88605,1747907845040.906,-64,-1,-141
1747907845079.406,88638,1747907845060.719,-72,-1,-143
1747907845099.219,88655,1747907845080.594,-73,-1,-137
1747907845119.063,88685,1747907845100.406,-83,-1,-135
1747907845138.906,88712,1747907845120.25,-65,-1,-137
1747907845158.719,88736,1747907845140.094,-73,-1,-145
1747907845178.562,88777,1747907845159.969,-66,-25,-129
1747907845198.375,88795,1747907845179.75,-65,-1,-138
1747907845218.219,88818,1747907845199.562,-71,-1,-132
1747907845238.063,88837,1747907845219.438,-60,-1,-128
1747907845257.875,88846,1747907845239.281,-68,-1,-137
1747907845277.719,88829,1747907845259.094,-64,-1,-141
1747907845297.563,88811,1747907845278.937,-73,-1,-140
1747907845317.406,88797,1747907845298.75,-63,-1,-141
1747907845337.219,88784,1747907845318.625,-65,-1,-144
1747907845357.062,88754,1747907845338.438,-72,-1,-141
1747907845376.906,88723,1747907845358.281,-65,-1,-141
1747907845396.75,88721,1747907845378.125,-64,-1,-141
1747907845416.625,88714,1747907845397.969,-72,-1,-138
1747907845436.562,88706,1747907845417.875,-78,-1,-136
1747907845456.281,88723,1747907845437.656,-62,-8,-144
1747907845476.156,88739,1747907845457.469,-65,-1,-137
1747907845496.0,88752,1747907845477.375,-64,-1,-142
1747907845515.8132,88763,1747907845497.187,-74,-1,-124
1747907845535.812,88768,1747907845517.031,-73,-1,-143
1747907845555.531,88767,1747907845536.875,-66,-16,-144
1747907845575.406,88794,1747907845556.719,-72,-1,-141
1747907845595.219,88786,1747907845576.625,-68,-1,-143
1747907845615.125,88795,1747907845596.406,-63,-1,-141
1747907845634.937,88799,1747907845616.313,-66,-1,-145
1747907845654.812,88815,1747907845636.156,-64,-1,-136
1747907845674.625,88823,1747907845656.0,-72,-1,-137
1747907845694.5,88816,1747907845675.812,-61,-1,-139
1747907845714.344,88820,1747907845695.688,-63,-1,-145
1747907845734.1868,88849,1747907845715.563,-72,-1,-144
1747907845754.031,88858,1747907845735.406,-65,-1,-140
1747907845774.0,88878,1747907845755.25,-63,-1,-141
1747907845793.75,88899,1747907845775.094,-72,-7,-136
1747907845813.625,88923,1747907845794.938,-79,-1,-142
1747907845833.437,88953,1747907845814.813,-65,-1,-144
1747907845853.281,88962,1747907845834.625,-71,-1,-152
1747907845873.156,88974,1747907845854.5,-68,-1,-141
1747907845893.0,88996,1747907845874.344,-77,-1,-144
1747907845912.812,89030,1747907845894.188,-65,-1,-149
1747907845932.656,89040,1747907845914.062,-76,-1,-145
1747907845952.563,89061,1747907845933.844,-68,-1,-141
1747907845972.406,89064,1747907845953.781,-74,-1,-144
1747907845992.219,89060,1747907845973.594,-72,-1,-138
1747907846012.062,89024,1747907845993.438,-73,-1,-136
1747907846031.906,88977,1747907846013.25,-64,-1,-141
1747907846051.781,88949,1747907846033.125,-72,-1,-137
1747907846071.594,88905,1747907846053.0,-64,-1,-141
1747907846091.437,88869,1747907846072.781,-66,-1,-134
1747907846111.281,88839,1747907846092.656,-66,-2,-137
1747907846131.156,88813,1747907846112.469,-65,-1,-129
1747907846151.094,88796,1747907846132.312,-68,-1,-137
1747907846170.844,88778,1747907846152.344,-79,-1,-140
1747907846190.719,88771,1747907846172.031,-63,-1,-128
1747907846210.562,88765,1747907846191.937,-64,-1,-141
1747907846230.406,88764,1747907846211.781,-61,7,-137
1747907846250.25,88766,1747907846231.625,-72,-1,-145
1747907846270.094,88758,1747907846251.469,-72,-1,-148
1747907846290.0,88732,1747907846271.313,-68,-1,-138
1747907846309.844,88739,1747907846291.187,-66,-1,-143
1747907846329.656,88723,1747907846311.062,-64,-1,-138
1747907846349.5,88720,1747907846330.844,-74,-1,-135
1747907846369.344,88709,1747907846350.688,-74,-1,-144
1747907846389.187,88719,1747907846370.563,-64,-1,-137
1747907846409.0,88695,1747907846390.406,-64,7,-141
1747907846428.844,88703,1747907846410.219,-61,-1,-138
1747907846448.688,88692,1747907846430.031,-64,-1,-140
1747907846468.531,88687,1747907846449.906,-81,-1,-137
1747907846488.344,88687,1747907846469.719,-63,-1,-140
1747907846508.188,88696,1747907846489.562,-61,-1,-142
1747907846528.063,88699,1747907846509.406,-74,-1,-108
1747907846547.906,88702,1747907846529.25,-64,-1,-144
1747907846567.75,88702,1747907846549.094,-64,-1,-137
1747907846587.594,88713,1747907846568.969,-65,-1,-144
1747907846607.438,88711,1747907846588.781,-72,-1,-139
1747907846627.281,88727,1747907846608.625,-68,-1,-139
1747907846647.125,88739,1747907846628.594,-64,-1,-141
1747907846666.969,88738,1747907846648.313,-61,-1,-136
1747907846686.844,88758,1747907846668.187,-64,-1,-141
1747907846706.656,88747,1747907846688.0,-74,-3,-145
1747907846726.5,88714,1747907846707.844,-66,-1,-142
1747907846746.312,88685,1747907846727.719,-35,-1,-135
1747907846766.156,88625,1747907846747.5,-61,-1,-134
1747907846786.031,88595,1747907846767.375,-63,-2,-139
1747907846805.844,88538,1747907846787.187,-80,-9,-137
1747907846825.656,88484,1747907846807.031,-64,-1,-143
1747907846845.469,88444,1747907846826.875,-68,-1,-142
1747907846865.312,88416,1747907846846.688,-64,-1,-144
1747907846885.187,88384,1747907846866.531,-73,-1,-143
1747907846904.969,88362,1747907846886.375,-66,-1,-141
1747907846924.813,88357,1747907846906.281,-77,-1,-135
1747907846944.656,88335,1747907846926.031,-77,-1,-136
1747907846964.469,88331,1747907846945.844,-64,-1,-141
1747907846984.312,88309,1747907846965.656,-79,-1,-137
1747907847004.125,88326,1747907846985.5,-66,-1,-144
1747907847023.969,88284,1747907847005.312,-64,-1,-136
1747907847043.781,88287,1747907847025.156,-80,-1,-132
1747907847063.75,88272,1747907847044.969,-65,-1,-140
1747907847083.437,88251,1747907847064.844,-65,0,-138
1747907847103.281,88244,1747907847084.656,-64,-1,-141
1747907847123.125,88234,1747907847104.469,-72,-1,-136
1747907847142.969,88225,1747907847124.344,-81,-1,-125
1747907847162.781,88216,1747907847144.188,-77,-1,-145
1747907847182.625,88210,1747907847164.0,-65,-1,-144
1747907847202.469,88210,1747907847183.844,-63,-1,-144
1747907847222.344,88208,1747907847203.687,-74,-1,-142
1747907847242.156,88204,1747907847223.531,-71,-1,-141
1747907847261.969,88212,1747907847243.344,-63,-1,-141
1747907847281.844,88218,1747907847263.188,-73,-1,-137
1747907847301.656,88216,1747907847283.062,-72,-1,-144
1747907847321.531,88212,1747907847302.875,-76,-1,-138
1747907847341.3442,88224,1747907847322.75,-68,-1,-136
1747907847361.156,88221,1747907847342.563,-67,-1,-134
1747907847381.031,88233,1747907847362.375,-72,-1,-136
1747907847400.844,88249,1747907847382.25,-77,7,-144
1747907847420.656,88240,1747907847402.031,-72,-17,-138
1747907847440.656,88204,1747907847421.875,-77,7,-141
1747907847460.375,88153,1747907847441.875,-77,-1,-136
1747907847480.219,88101,1747907847461.594,-64,-2,-144
1747907847500.0,88058,1747907847481.406,-64,-1,-141
1747907847519.844,88026,1747907847501.219,-77,-1,-146
1747907847539.688,87961,1747907847521.156,-76,-1,-141
1747907847559.562,87913,1747907847540.906,-64,-1,-144
1747907847579.375,87852,1747907847560.719,-66,-1,-136
1747907847599.188,87841,1747907847580.562,-79,-1,-136
1747907847619.063,87814,1747907847600.406,-68,-1,-147
1747907847638.875,87778,1747907847620.25,-63,-1,-141
1747907847658.719,87781,1747907847640.094,-72,-2,-145
1747907847678.656,87745,1747907847659.938,-77,-1,-148
1747907847698.375,87747,1747907847679.75,-72,0,-144
1747907847718.25,87726,1747907847699.594,-61,-1,-140
1747907847738.094,87723,1747907847719.469,-64,-1,-144
1747907847757.875,87734,1747907847739.281,-72,-1,-128
1747907847777.719,87696,1747907847759.094,-65,-1,-138
1747907847797.563,87682,1747907847778.937,-72,-1,-138
1747907847817.438,87667,1747907847798.781,-72,-1,-149
1747907847837.281,87634,1747907847818.656,-64,-1,-132
1747907847857.094,87623,1747907847838.5,-77,-1,-132
1747907847876.969,87619,1747907847858.313,-64,-1,-138
1747907847896.813,87616,1747907847878.156,-77,-1,-143
1747907847916.656,87605,1747907847898.031,-72,-2,-143
1747907847936.469,87599,1747907847917.844,-71,7,-141
1747907847956.312,87602,1747907847937.656,-75,-1,-137
1747907847976.156,87595,1747907847957.5,-65,7,-138
1747907847996.0,87607,1747907847977.344,-75,-1,-134
1747907848015.8132,87597,1747907847997.156,-72,-1,-141
1747907848035.656,87585,1747907848017.0,-81,-1,-146
1747907848055.5,87607,1747907848036.875,-64,-1,-141
1747907848075.375,87604,1747907848056.719,-65,-1,-137
1747907848095.156,87623,1747907848076.562,-74,-1,-145
1747907848115.031,87592,1747907848096.375,-66,-1,-137
1747907848134.875,87556,1747907848116.219,-62,-1,-140
1747907848154.719,87482,1747907848136.094,-64,-1,-138
1747907848174.531,87414,1747907848155.937,-72,-1,-136
1747907848194.375,87365,1747907848175.75,-68,-1,-138
1747907848214.25,87310,1747907848195.594,-61,-1,-136
1747907848234.156,87258,1747907848215.469,-73,-1,-140
1747907848253.906,87204,1747907848235.344,-79,-1,-138
1747907848273.781,87178,1747907848255.156,-62,-1,-143
1747907848293.625,87151,1747907848275.0,-64,-1,-141
1747907848313.469,87136,1747907848294.844,-81,-1,-140
1747907848333.312,87123,1747907848314.688,-71,-1,-138
1747907848353.156,87117,1747907848334.5,-60,-1,-141
1747907848373.0,87095,1747907848354.344,-73,-9,-145
1747907848392.844,87090,1747907848374.187,-73,-1,-141
1747907848412.688,87065,1747907848394.063,-64,-1,-140
1747907848432.531,87065,1747907848413.875,-64,-1,-144
1747907848452.375,87049,1747907848433.719,-64,-1,-142
1747907848472.219,87039,1747907848453.594,-72,-1,-136
1747907848492.063,87038,1747907848473.5,-74,-1,-136
1747907848511.906,87030,1747907848493.25,-72,-1,-138
1747907848531.75,87026,1747907848513.094,-66,-1,-140
1747907848551.594,87009,1747907848532.938,-61,-1,-141
1747907848571.438,87010,1747907848552.781,-76,-1,-141
1747907848591.219,87004,1747907848572.656,-68,-1,-140
1747907848611.094,87011,1747907848592.438,-66,-2,-144
1747907848631.0,87001,1747907848612.313,-66,-1,-144
1747907848650.75,87015,1747907848632.156,-56,-7,-142
1747907848670.594,87025,1747907848651.969,-61,-1,-141
1747907848690.406,87008,1747907848671.844,-62,-2,-141
1747907848710.25,87022,1747907848691.625,-64,-1,-132
1747907848730.094,87039,1747907848711.5,-58,-1,-141
1747907848749.937,87057,1747907848731.281,-77,-1,-147
1747907848769.75,87065,1747907848751.125,-64,-1,-151
1747907848789.594,87065,1747907848770.969,-63,-1,-138
1747907848809.438,87028,1747907848790.781,-69,-1,-141
1747907848829.281,86994,1747907848810.656,-68,-1,-145
1747907848849.094,86915,1747907848830.5,-72,-1,-133
1747907848868.969,86852,1747907848850.281,-68,-1,-141
1747907848888.75,86792,1747907848870.125,-72,-3,-145
1747907848908.594,86729,1747907848889.969,-66,-1,-144
1747907848928.406,86695,1747907848909.813,-61,-1,-138
1747907848948.25,86664,1747907848929.625,-64,-1,-139
1747907848968.125,86624,1747907848949.437,-61,-1,-138
1747907848987.938,86598,1747907848969.281,-68,-17,-141
1747907849007.75,86578,1747907848989.156,-64,-1,-141
1747907849027.562,86553,1747907849008.969,-76,-1,-141
1747907849047.406,86547,1747907849028.781,-66,-1,-136
1747907849067.25,86538,1747907849048.594,-71,-1,-141
1747907849087.094,86526,1747907849068.437,-64,-1,-144
1747907849106.906,86508,1747907849088.406,-72,-1,-136
1747907849126.781,86479,1747907849108.125,-73,-1,-136
1747907849146.594,86492,1747907849128.0,-69,-1,-133
1747907849166.469,86486,1747907849147.812,-63,-1,-138
1747907849186.281,86459,1747907849167.687,-74,-1,-137
1747907849206.125,86459,1747907849187.5,-82,-1,-144
1747907849225.969,86469,1747907849207.313,-77,-4,-140
1747907849245.875,86439,1747907849227.219,-80,-1,-138
1747907849265.656,86450,1747907849247.031,-68,-7,-145
1747907849285.5,86445,1747907849266.875,-63,-1,-141
1747907849305.375,86443,1747907849286.719,-68,-1,-144
1747907849325.219,86450,1747907849306.594,-77,-1,-136
1747907849345.031,86458,1747907849326.437,-64,-1,-148
1747907849364.906,86462,1747907849346.281,-68,-1,-141
1747907849384.75,86462,1747907849366.125,-63,-1,-136
1747907849404.594,86470,1747907849385.938,-61,-1,-141
1747907849424.469,86483,1747907849405.844,-64,-1,-143
1747907849444.25,86493,1747907849425.687,-79,-1,-136
1747907849464.125,86505,1747907849445.469,-61,-1,-145
1747907849483.969,86490,1747907849465.406,-64,-1,-153
1747907849503.812,86429,1747907849485.188,-66,-1,-141
1747907849523.625,86369,1747907849505.0,-65,-1,-144
1747907849543.469,86308,1747907849524.844,-71,-1,-134
1747907849563.375,86252,1747907849544.687,-74,-1,-136
1747907849583.156,86183,1747907849564.594,-80,-1,-138
1747907849602.969,86136,1747907849584.375,-65,-1,-140
1747907849622.812,86087,1747907849604.188,-76,-2,-136
1747907849642.656,86061,1747907849624.031,-64,-1,-137
1747907849662.5,86024,1747907849643.875,-72,-5,-112
1747907849682.344,86005,1747907849663.719,-69,-1,-141
1747907849702.156,85988,1747907849683.594,-68,-1,-135
1747907849722.031,85970,1747907849703.375,-79,-1,-144
1747907849741.906,85958,1747907849723.25,-72,-1,-140
1747907849761.719,85948,1747907849743.094,-66,-1,-139
1747907849781.531,85931,1747907849763.0,-77,-1,-136
1747907849801.406,85924,1747907849782.75,-64,-1,-134
1747907849821.219,85907,1747907849802.594,-74,-1,-138
1747907849841.094,85893,1747907849822.437,-65,-5,-138
1747907849860.906,85887,1747907849842.312,-65,-1,-141
1747907849880.75,85877,1747907849862.094,-89,-1,-148
1747907849900.594,85878,1747907849881.938,-65,-1,-142
1747907849920.469,85878,1747907849901.813,-61,-1,-145
1747907849940.25,85887,1747907849921.625,-64,-9,-151
1747907849960.125,85879,1747907849941.469,-72,-1,-144
1747907849979.969,85890,1747907849961.313,-80,-1,-143
1747907849999.844,85898,1747907849981.156,-77,-1,-127
1747907850019.656,85914,1747907850001.031,-65,7,-143
1747907850039.469,85913,1747907850020.844,-61,-1,-141
1747907850059.344,85927,1747907850040.719,-73,-1,-136
1747907850079.187,85939,1747907850060.531,-64,-1,-138
1747907850098.969,85949,1747907850080.406,-61,-1,-144
1747907850118.844,85975,1747907850100.188,-71,-1,-140
1747907850138.813,86013,1747907850120.062,-67,-1,-141
1747907850158.563,86011,1747907850140.031,-75,-1,-136
1747907850178.406,85989,1747907850159.75,-63,-1,-141
1747907850198.25,85956,1747907850179.625,-61,-1,-143
1747907850218.062,85905,1747907850199.469,-89,-2,-141
1747907850237.938,85849,1747907850219.281,-63,-1,-143
1747907850257.781,85790,1747907850239.156,-64,-1,-138
1747907850277.594,85730,1747907850258.969,-64,-1,-147
1747907850297.437,85674,1747907850278.813,-74,-1,-141
1747907850317.281,85639,1747907850298.656,-73,-1,-137
1747907850337.156,85613,1747907850318.5,-64,-1,-129
1747907850356.9692,85594,1747907850338.375,-61,-1,-136
1747907850376.812,85570,1747907850358.219,-65,-1,-137
1747907850396.656,85560,1747907850378.156,-64,-2,-136
1747907850416.531,85560,1747907850397.875,-61,-1,-138
1747907850436.344,85566,1747907850417.75,-64,-1,-140
1747907850456.187,85565,1747907850437.531,-80,-1,-141
1747907850476.031,85577,1747907850457.406,-64,-1,-144
1747907850495.875,85583,1747907850477.219,-68,-1,-141
1747907850515.719,85583,1747907850497.062,-64,-1,-138
1747907850535.656,85586,1747907850516.906,-65,-1,-138
1747907850555.406,85594,1747907850536.75,-65,-13,-140
1747907850575.25,85580,1747907850556.594,-73,-1,-136
1747907850595.094,85593,1747907850576.469,-74,-1,-137
1747907850614.906,85603,1747907850596.344,-66,-1,-156
1747907850634.7808,85608,1747907850616.156,-68,-1,-145
1747907850654.594,85624,1747907850635.969,-65,-1,-136
1747907850674.437,85655,1747907850655.813,-72,-1,-145
1747907850694.281,85663,1747907850675.625,-63,-1,-138
1747907850714.094,85684,1747907850695.5,-73,-2,-141
1747907850733.969,85719,1747907850715.312,-61,-1,-137
1747907850753.844,85734,1747907850735.188,-72,-1,-135
1747907850773.625,85772,1747907850755.031,-71,-1,-141
1747907850793.469,85799,1747907850774.812,-65,3,-144
1747907850813.375,85841,1747907850794.687,-77,-1,-137
1747907850833.188,85870,1747907850814.563,-76,-1,-141
1747907850852.969,85902,1747907850834.375,-64,-1,-142
1747907850872.844,85909,1747907850854.188,-72,-1,-142
1747907850892.688,85892,1747907850874.031,-64,-1,-140
1747907850912.531,85869,1747907850893.875,-66,-1,-140
1747907850932.344,85815,1747907850913.719,-77,-1,-138
1747907850952.187,85781,1747907850933.563,-61,-1,-161
1747907850972.031,85757,1747907850953.406,-64,-1,-138
1747907850991.875,85740,1747907850973.25,-68,-1,-137
1747907851011.719,85735,1747907850993.062,-66,-1,-141
1747907851031.563,85720,1747907851012.938,-76,-1,-134
1747907851051.375,85730,1747907851032.75,-71,-1,-136
1747907851071.219,85738,1747907851052.563,-61,-1,-133
1747907851091.125,85753,1747907851072.437,-72,-1,-139
1747907851110.875,85771,1747907851092.344,-64,-1,-134
1747907851130.719,85785,1747907851112.094,-66,-1,-143
1747907851150.594,85804,1747907851131.938,-64,-1,-141
1747907851170.406,85821,1747907851151.781,-73,-1,-142
1747907851190.25,85837,1747907851171.625,-78,-1,-134
1747907851210.063,85846,1747907851191.437,-61,-1,-144
1747907851229.906,85868,1747907851211.313,-72,-7,-131
1747907851249.781,85881,1747907851231.125,-72,-1,-136
1747907851269.594,85897,1747907851251.0,-65,-1,-137
1747907851289.438,85917,1747907851270.812,-64,-1,-134
1747907851309.281,85936,1747907851290.656,-71,-1,-133
1747907851329.125,85953,1747907851310.5,-65,-1,-136
1747907851348.937,85988,1747907851330.313,-72,-1,-136
1747907851368.812,86005,1747907851350.156,-59,-1,-141
1747907851388.656,86041,1747907851370.031,-72,-1,-137
1747907851408.469,86070,1747907851389.844,-80,-1,-140
1747907851428.313,86099,1747907851409.656,-71,-1,-140
1747907851448.125,86130,1747907851429.531,-64,-1,-141
1747907851467.969,86161,1747907851449.313,-73,-1,-137
1747907851487.813,86191,1747907851469.156,-77,-1,-138
1747907851507.625,86230,1747907851489.031,-71,-1,-141
1747907851527.438,86271,1747907851508.844,-63,-1,-137
1747907851547.281,86291,1747907851528.656,-64,7,-143
1747907851567.125,86298,1747907851548.469,-64,-5,-136
1747907851586.969,86269,1747907851568.375,-66,-2,-135
1747907851606.75,86246,1747907851588.156,-64,-1,-142
1747907851626.625,86204,1747907851608.0,-64,-1,-137
1747907851646.4692,86142,1747907851627.813,-76,-1,-140
1747907851666.281,86099,1747907851647.656,-66,-1,-145
1747907851686.125,86046,1747907851667.469,-64,-1,-137
1747907851706.031,86016,1747907851687.3118,-63,-1,-140
1747907851725.75,85979,1747907851707.219,-68,-1,-141
1747907851745.594,85927,1747907851726.938,-68,-1,-141
1747907851765.4368,85908,1747907851746.813,-64,-1,-146
1747907851785.219,85880,1747907851766.625,-64,15,-136
1747907851805.094,85857,1747907851786.437,-77,-1,-142
1747907851824.906,85833,1747907851806.281,-63,-1,-137
1747907851844.75,85830,1747907851826.125,-64,-1,-137
1747907851864.562,85798,1747907851845.938,-64,-1,-141
1747907851884.406,85799,1747907851865.813,-65,-1,-141
1747907851904.25,85767,1747907851885.625,-73,-1,-141
1747907851924.094,85760,1747907851905.437,-73,-1,-136
1747907851943.938,85723,1747907851925.281,-66,-1,-144
1747907851963.75,85722,1747907851945.188,-72,-1,-141
1747907851983.594,85721,1747907851965.0,-73,-1,-137
1747907852003.438,85704,1747907851984.844,-65,-1,-144
1747907852023.313,85706,1747907852004.625,-68,-1,-141
1747907852043.156,85713,1747907852024.531,-72,-1,-143
1747907852062.969,85713,1747907852044.375,-62,-1,-141
1747907852082.812,85719,1747907852064.156,-77,-1,-138
1747907852102.656,85714,1747907852084.031,-73,-1,-138
1747907852122.469,85727,1747907852103.844,-81,-1,-144
1747907852142.313,85732,1747907852123.688,-64,-1,-144
1747907852162.156,85743,1747907852143.531,-64,-1,-144
1747907852181.969,85742,1747907852163.344,-71,-6,-145
1747907852201.813,85747,1747907852183.156,-66,-1,-143
1747907852221.625,85770,1747907852203.062,-72,-1,-141
1747907852241.5,85787,1747907852222.812,-61,-1,-143
1747907852261.344,85773,1747907852242.688,-76,-1,-136
1747907852281.156,85759,1747907852262.563,-74,-1,-138
1747907852301.0,85705,1747907852282.375,-65,-1,-134
1747907852320.813,85649,1747907852302.187,-64,-1,-136
1747907852340.656,85609,1747907852322.0,-76,-1,-137
1747907852360.5,85576,1747907852341.844,-73,-1,-142
1747907852380.312,85535,1747907852361.688,-71,-1,-144
1747907852400.156,85507,1747907852381.531,-64,-5,-135
1747907852420.0,85472,1747907852401.375,-77,-1,-136
1747907852439.844,85469,1747907852421.187,-61,-1,-143
1747907852459.656,85446,1747907852441.031,-60,-1,-143
1747907852479.5,85437,1747907852460.906,-64,-1,-136
1747907852499.312,85441,1747907852480.719,-68,-1,-136
1747907852519.188,85445,1747907852500.531,-63,-1,-137
1747907852539.031,85456,1747907852520.375,-69,-1,-142
1747907852558.875,85441,1747907852540.219,-61,-1,-143
1747907852578.687,85433,1747907852560.063,-72,-1,-142
1747907852598.531,85453,1747907852579.875,-64,-1,-133
1747907852618.375,85442,1747907852599.719,-72,-1,-140
1747907852638.188,85436,1747907852619.562,-65,-1,-141
1747907852658.062,85445,1747907852639.406,-58,-1,-140
1747907852677.875,85445,1747907852659.25,-61,-1,-140
1747907852697.719,85449,1747907852679.062,-68,-1,-140
1747907852717.531,85445,1747907852698.906,-66,-1,-136
1747907852737.375,85457,1747907852718.75,-77,-1,-136
1747907852757.25,85468,1747907852738.531,-64,-1,-141
1747907852777.062,85473,1747907852758.469,-64,-1,-140
1747907852796.906,85488,1747907852778.281,-72,-5,-145
1747907852816.844,85497,1747907852798.125,-74,-1,-146
1747907852836.625,85516,1747907852817.938,-69,-12,-143
1747907852856.5,85535,1747907852837.813,-70,-1,-144
1747907852876.312,85539,1747907852857.719,-74,-1,-130
1747907852896.156,85576,1747907852877.562,-65,-1,-138
1747907852916.0,85584,1747907852897.469,-68,-1,-138
1747907852935.906,85617,1747907852917.25,-77,-1,-144
1747907852955.719,85605,1747907852937.094,-61,-1,-141
1747907852975.563,85600,1747907852956.937,-68,-1,-138
1747907852995.531,85579,1747907852976.8118,-64,-1,-136
1747907853015.281,85517,1747907852996.75,-65,-2,-145
1747907853035.156,85475,1747907853016.5,-68,-1,-143
1747907853054.9368,85428,1747907853036.344,-64,-1,-141
1747907853074.813,85398,1747907853056.156,-69,-1,-143
1747907853094.656,85375,1747907853076.0,-72,-1,-145
1747907853114.5,85359,1747907853095.844,-64,-1,-138
1747907853134.344,85323,1747907853115.719,-71,-7,-135
1747907853154.187,85316,1747907853135.531,-65,-1,-138
1747907853174.063,85322,1747907853155.406,-61,-1,-141
1747907853193.906,85319,1747907853175.281,-63,-1,-144
1747907853213.719,85317,1747907853195.125,-76,-1,-132
1747907853233.531,85320,1747907853214.938,-66,-1,-136
1747907853253.406,85331,1747907853234.75,-63,-1,-137
1747907853273.25,85325,1747907853254.594,-77,-1,-140
1747907853293.063,85337,1747907853274.437,-64,-1,-137
1747907853312.906,85322,1747907853294.281,-62,-1,-143
1747907853332.781,85329,1747907853314.094,-65,-1,-135
1747907853352.594,85331,1747907853334.0,-69,-2,-136
1747907853372.438,85339,1747907853353.812,-72,-1,-143
1747907853392.375,85344,1747907853373.656,-66,-1,-138
1747907853412.125,85370,1747907853393.5,-64,-17,-153
1747907853432.0,85380,1747907853413.313,-65,-1,-137
1747907853451.813,85383,1747907853433.187,-64,-1,-138
1747907853471.625,85425,1747907853453.031,-68,-1,-144
1747907853491.5,85425,1747907853472.844,-71,-1,-137
1747907853511.344,85439,1747907853492.719,-72,-1,-138
1747907853531.187,85456,1747907853512.531,-63,-1,-144
1747907853551.031,85484,1747907853532.437,-72,-2,-135
1747907853570.875,85495,1747907853552.219,-65,-1,-137
1747907853590.75,85492,1747907853572.063,-75,-1,-141
1747907853610.687,85528,1747907853591.938,-69,-1,-143
1747907853630.406,85552,1747907853611.875,-64,-9,-143
1747907853650.25,85554,1747907853631.594,-73,-1,-143
1747907853670.125,85530,1747907853651.437,-72,-1,-141
1747907853690.0,85496,1747907853671.313,-81,-2,-135
1747907853709.812,85453,1747907853691.188,-69,-1,-138
1747907853729.656,85399,1747907853711.0,-64,-1,-133
1747907853749.5,85373,1747907853730.875,-74,-7,-141
1747907853769.344,85349,1747907853750.688,-64,-1,-144
1747907853789.156,85322,1747907853770.563,-63,-1,-137
1747907853809.0,85298,1747907853790.375,-69,-1,-132
1747907853828.875,85299,1747907853810.187,-63,-1,-153
1747907853848.719,85294,1747907853830.062,-64,-1,-148
1747907853868.562,85287,1747907853849.938,-74,-1,-141
1747907853888.406,85309,1747907853869.781,-64,-1,-137
1747907853908.281,85308,1747907853889.625,-69,-1,-143
1747907853928.125,85294,1747907853909.469,-73,-1,-141
1747907853947.969,85300,1747907853929.344,-64,-1,-139
1747907853967.812,85306,1747907853949.188,-68,-1,-139
1747907853987.656,85320,1747907853969.0,-69,-4,-143
1747907854007.5632,85311,1747907853988.875,-64,-1,-144
1747907854027.344,85330,1747907854008.719,-64,-7,-141
1747907854047.188,85329,1747907854028.563,-72,-1,-144
1747907854067.031,85352,1747907854048.406,-73,-1,-144
1747907854086.875,85343,1747907854068.188,-63,-1,-138
1747907854106.75,85353,1747907854088.062,-64,-1,-136
1747907854126.531,85366,1747907854107.969,-73,-1,-145
1747907854146.375,85392,1747907854127.719,-68,-1,-145
1747907854166.25,85414,1747907854147.594,-74,-1,-136
1747907854186.125,85425,1747907854167.469,-72,-1,-137
1747907854205.906,85454,1747907854187.344,-74,-1,-145
1747907854225.719,85472,1747907854207.094,-64,-2,-143
1747907854245.563,85493,1747907854226.938,-69,-1,-136
1747907854265.4368,85507,1747907854246.781,-74,-2,-145
1747907854285.25,85526,1747907854266.625,-68,-1,-144
1747907854305.063,85548,1747907854286.469,-68,-1,-141
1747907854324.906,85574,1747907854306.281,-61,-1,-136
1747907854344.75,85604,1747907854326.125,-64,-1,-141
1747907854364.594,85601,1747907854345.938,-75,-1,-143
1747907854384.469,85576,1747907854365.813,-73,-1,-138
1747907854404.281,85544,1747907854385.656,-68,-1,-142
1747907854424.156,85494,1747907854405.5,-66,-9,-136
1747907854444.0,85477,1747907854425.375,-72,-1,-143
1747907854463.781,85431,1747907854445.219,-65,-1,-146
1747907854483.656,85411,1747907854465.0,-61,-1,-144
1747907854503.531,85371,1747907854484.844,-72,-1,-137
1747907854523.344,85352,1747907854504.719,-72,-1,-141
1747907854543.187,85338,1747907854524.563,-69,-1,-138
1747907854563.031,85329,1747907854544.344,-68,-1,-141
1747907854582.875,85334,1747907854564.25,-80,-1,-141
1747907854602.75,85349,1747907854584.094,-63,-1,-143
1747907854622.531,85345,1747907854603.937,-71,-1,-134
1747907854642.406,85341,1747907854623.75,-82,-1,-139
1747907854662.25,85337,1747907854643.563,-63,-1,-137
1747907854682.125,85349,1747907854663.469,-66,-1,-145
1747907854701.906,85361,1747907854683.281,-68,3,-141
1747907854721.75,85381,1747907854703.125,-63,-1,-136
1747907854741.594,85394,1747907854722.969,-64,-1,-141
1747907854761.469,85406,1747907854742.813,-74,-1,-143
1747907854781.281,85412,1747907854762.625,-68,-1,-145
1747907854801.125,85425,1747907854782.5,-72,-1,-129
1747907854821.0,85435,1747907854802.375,-72,-1,-141
1747907854840.875,85454,1747907854822.188,-64,-1,-146
1747907854860.687,85467,1747907854842.062,-66,-1,-149
1747907854880.563,85484,1747907854861.906,-72,-1,-145
1747907854900.375,85514,1747907854881.75,-65,-1,-144
1747907854920.25,85537,1747907854901.594,-64,-1,-143
1747907854940.094,85571,1747907854921.438,-72,-4,-136
1747907854959.938,85598,1747907854941.344,-76,11,-140
1747907854979.781,85618,1747907854961.156,-68,-1,-144
1747907854999.625,85645,1747907854980.969,-71,7,-141
1747907855019.469,85683,1747907855000.844,-79,-1,-138
1747907855039.281,85696,1747907855020.656,-73,0,-144
1747907855059.156,85715,1747907855040.5,-74,-1,-141
1747907855079.0,85728,1747907855060.375,-66,-1,-144
1747907855098.844,85716,1747907855080.188,-63,-1,-128
1747907855118.719,85689,1747907855100.031,-64,-1,-136
1747907855138.531,85647,1747907855119.875,-56,-17,-129
1747907855158.375,85597,1747907855139.812,-63,-2,-145
1747907855178.219,85569,1747907855159.562,-68,-1,-136
1747907855198.031,85534,1747907855179.4382,-72,-1,-145
1747907855217.875,85518,1747907855199.219,-63,-1,-144
1747907855237.719,85501,1747907855219.094,-72,-1,-138
1747907855257.5632,85489,1747907855238.906,-69,-1,-140
1747907855277.375,85476,1747907855258.75,-64,-2,-141
1747907855297.312,85485,1747907855278.594,-64,-1,-139
1747907855317.062,85481,1747907855298.438,-64,-9,-142
1747907855336.937,85479,1747907855318.281,-64,-1,-141
1747907855356.781,85490,1747907855338.125,-68,-1,-140
1747907855376.594,85489,1747907855358.0,-72,-1,-148
1747907855396.437,85484,1747907855377.813,-60,-1,-141
1747907855416.281,85471,1747907855397.656,-61,-1,-138
1747907855436.125,85470,1747907855417.469,-68,-1,-149
1747907855455.969,85462,1747907855437.344,-64,-1,-142
1747907855475.875,85457,1747907855457.187,-64,-1,-141
1747907855495.656,85468,1747907855477.063,-80,-1,-136
1747907855515.531,85489,1747907855496.875,-65,-1,-140
1747907855535.281,85483,1747907855516.719,-64,-1,-141
1747907855555.156,85497,1747907855536.5,-72,-1,-144
1747907855575.031,85514,1747907855556.375,-61,-1,-141
1747907855594.812,85525,1747907855576.375,-57,-1,-144
1747907855614.656,85540,1747907855596.031,-65,-1,-138
1747907855634.469,85566,1747907855615.875,-75,-1,-143
1747907855654.313,85596,1747907855635.687,-73,-1,-137
1747907855674.156,85612,1747907855655.531,-68,-1,-139
1747907855694.0,85624,1747907855675.344,-62,-1,-145
1747907855713.812,85640,1747907855695.188,-65,-2,-153
1747907855733.656,85653,1747907855715.031,-77,-1,-137
1747907855753.531,85699,1747907855734.875,-68,-1,-140
1747907855773.344,85725,1747907855754.719,-64,-1,-137
1747907855793.187,85723,1747907855774.563,-76,-1,-144
1747907855813.0,85744,1747907855794.406,-68,-1,-140
1747907855832.844,85716,1747907855814.219,-65,-1,-141
1747907855852.813,85711,1747907855834.062,-79,-1,-140
1747907855872.5,85666,1747907855854.0,-67,-1,-136
1747907855892.375,85635,1747907855873.688,-63,-1,-136
1747907855912.219,85608,1747907855893.563,-63,-1,-143
1747907855932.062,85569,1747907855913.469,-81,-2,-142
1747907855951.906,85560,1747907855933.25,-64,-1,-143
1747907855971.719,85546,1747907855953.125,-65,7,-136
1747907855991.562,85525,1747907855972.906,-74,-2,-140
1747907856011.406,85523,1747907855992.781,-64,-1,-137
1747907856031.25,85505,1747907856012.625,-64,-1,-137
1747907856051.063,85516,1747907856032.437,-79,-1,-132
1747907856070.938,85515,1747907856052.281,-73,-1,-136
1747907856090.781,85516,1747907856072.156,-63,-1,-140
1747907856110.656,85499,1747907856092.0,-64,-1,-141
1747907856130.469,85498,1747907856111.844,-61,-2,-138
1747907856150.313,85479,1747907856131.719,-64,-1,-149
1747907856170.187,85485,1747907856151.5,-64,-1,-146
1747907856190.031,85494,1747907856171.375,-64,-1,-140
1747907856209.844,85499,1747907856191.219,-70,-1,-141
1747907856229.719,85495,1747907856211.031,-64,-2,-132
1747907856249.656,85505,1747907856230.937,-64,-1,-134
1747907856269.437,85501,1747907856250.781,-68,-4,-138
1747907856289.281,85518,1747907856270.625,-66,-1,-141
1747907856309.156,85537,1747907856290.5,-71,-1,-144
1747907856329.0,85552,1747907856310.344,-64,-1,-144
1747907856348.875,85556,1747907856330.219,-63,-1,-136
1747907856368.687,85580,1747907856350.094,-63,-1,-137
1747907856388.562,85579,1747907856369.875,-74,-1,-135
1747907856408.438,85602,1747907856389.719,-68,-1,-141
1747907856428.281,85607,1747907856409.594,-69,-1,-136
1747907856448.125,85614,1747907856429.469,-69,-1,-136
1747907856467.969,85637,1747907856449.313,-69,-1,-141
1747907856487.844,85659,1747907856469.156,-71,-1,-133
1747907856507.688,85673,1747907856489.031,-68,-1,-141
1747907856527.531,85671,1747907856508.875,-72,-1,-138
1747907856547.375,85645,1747907856528.719,-88,-1,-138
1747907856567.25,85624,1747907856548.563,-68,-1,-144
1747907856587.094,85615,1747907856568.437,-65,-1,-141
1747907856606.906,85570,1747907856588.281,-64,15,-141
1747907856626.781,85535,1747907856608.094,-73,-1,-140
1747907856646.625,85512,1747907856628.0,-74,-1,-141
1747907856666.531,85479,1747907856647.844,-64,-7,-143
1747907856686.375,85472,1747907856667.719,-63,-1,-138
1747907856706.219,85452,1747907856687.594,-61,-1,-141
1747907856726.094,85443,1747907856707.406,-64,-1,-128
1747907856745.938,85442,1747907856727.281,-64,-1,-141
1747907856765.75,85435,1747907856747.156,-72,-1,-141
1747907856785.625,85431,1747907856767.031,-66,-1,-143
1747907856805.469,85424,1747907856786.844,-76,-1,-143
1747907856825.344,85413,1747907856806.688,-63,-1,-141
1747907856845.188,85421,1747907856826.562,-65,-1,-138
1747907856865.125,85431,1747907856846.406,-74,-1,-139
1747907856884.906,85411,1747907856866.313,-72,-1,-137
1747907856904.75,85416,1747907856886.125,-65,-3,-136
1747907856924.594,85417,1747907856905.969,-72,-1,-136
1747907856944.438,85424,1747907856925.781,-65,-5,-143
1747907856964.313,85441,1747907856945.656,-61,-1,-145
1747907856984.219,85445,1747907856965.531,-72,-1,-138
1747907857004.0,85454,1747907856985.375,-64,-17,-138
1747907857023.844,85472,1747907857005.187,-69,-1,-137
1747907857043.688,85468,1747907857025.062,-68,-1,-138
1747907857063.531,85471,1747907857044.906,-72,-1,-144
1747907857083.344,85473,1747907857064.75,-76,-1,-141
1747907857103.187,85467,1747907857084.594,-81,15,-129
1747907857123.063,85497,1747907857104.469,-73,-1,-136
1747907857142.906,85518,1747907857124.25,-71,-1,-138
1747907857162.75,85540,1747907857144.094,-63,-1,-142
1747907857182.594,85579,1747907857163.969,-65,-1,-136
1747907857202.531,85606,1747907857183.781,-69,-1,-141
1747907857222.281,85623,1747907857203.719,-63,-1,-137
1747907857242.125,85619,1747907857223.469,-63,-4,-144
1747907857261.969,85597,1747907857243.313,-75,-1,-141
1747907857281.781,85565,1747907857263.156,-64,-5,-144
1747907857301.625,85518,1747907857282.969,-66,-1,-142
1747907857321.469,85466,1747907857302.812,-61,7,-138
1747907857341.281,85432,1747907857322.687,-74,-1,-138
1747907857361.156,85409,1747907857342.5,-66,-1,-138
1747907857380.969,85405,1747907857362.344,-64,-1,-136
1747907857400.844,85380,1747907857382.187,-64,-1,-145
1747907857420.656,85360,1747907857402.062,-64,-1,-141
1747907857440.531,85364,1747907857421.875,-72,-2,-136
1747907857460.344,85360,1747907857441.719,-68,-1,-143
1747907857480.187,85364,1747907857461.531,-72,-1,-136
1747907857500.031,85354,1747907857481.406,-77,7,-141
1747907857519.875,85366,1747907857501.25,-61,-1,-136
1747907857539.75,85365,1747907857521.063,-72,-1,-143
1747907857559.594,85393,1747907857540.938,-76,-1,-140
1747907857579.406,85379,1747907857560.781,-72,-1,-141
1747907857599.375,85381,1747907857580.656,-72,-1,-141
1747907857619.125,85376,1747907857600.469,-50,0,-138
1747907857639.0,85369,1747907857620.344,-74,-1,-141
1747907857658.844,85375,1747907857640.219,-72,-1,-148
1747907857678.688,85377,1747907857660.062,-63,10,-156
1747907857698.563,85388,1747907857679.906,-60,-2,-144
1747907857718.406,85378,1747907857699.781,-61,-2,-133
1747907857738.281,85390,1747907857719.594,-74,-1,-145
1747907857758.125,85419,1747907857739.5,-74,-1,-142
1747907857777.969,85431,1747907857759.281,-66,-1,-144
1747907857797.844,85447,1747907857779.125,-64,-11,-144
1747907857817.687,85484,1747907857799.063,-69,-1,-141
1747907857837.531,85494,1747907857818.906,-61,-1,-141
1747907857857.406,85519,1747907857838.719,-72,-1,-145
1747907857877.25,85530,1747907857858.562,-63,-5,-145
1747907857897.094,85562,1747907857878.469,-57,-1,-136
1747907857916.937,85595,1747907857898.313,-73,-1,-140
1747907857936.844,85599,1747907857918.156,-60,-1,-142
1747907857956.656,85615,1747907857938.0,-56,-7,-139
1747907857976.5,85571,1747907857957.875,-77,-1,-137
1747907857996.344,85534,1747907857977.75,-66,-1,-140
1747907858016.187,85485,1747907857997.563,-74,-2,-144
1747907858036.063,85444,1747907858017.375,-64,-1,-141
1747907858055.906,85407,1747907858037.25,-63,-1,-144
1747907858075.7192,85395,1747907858057.125,-63,-1,-144
1747907858095.594,85377,1747907858076.938,-72,-1,-138
1747907858115.437,85362,1747907858096.781,-66,-1,-145
1747907858135.313,85355,1747907858116.625,-73,-1,-143
1747907858155.125,85359,1747907858136.469,-72,-1,-141
1747907858175.0,85371,1747907858156.344,-61,-1,-136
1747907858194.844,85360,1747907858176.188,-79,-1,-134
1747907858214.719,85385,1747907858196.062,-71,-1,-134
1747907858234.5632,85380,1747907858215.937,-80,-1,-137
1747907858254.406,85385,1747907858235.75,-71,-1,-144
1747907858274.312,85371,1747907858255.625,-64,-1,-141
1747907858294.125,85376,1747907858275.5,-64,-5,-141
1747907858313.969,85379,1747907858295.344,-74,-1,-138
1747907858333.813,85396,1747907858315.156,-68,-1,-146
1747907858353.656,85409,1747907858335.031,-75,8,-136
1747907858373.531,85419,1747907858354.875,-73,-1,-143
1747907858393.344,85440,1747907858374.75,-61,-1,-138
1747907858413.219,85445,1747907858394.562,-64,-1,-130
1747907858433.063,85462,1747907858414.406,-63,-2,-142
1747907858452.9368,85470,1747907858434.281,-69,-1,-137
1747907858472.75,85499,1747907858454.094,-73,-1,-144
1747907858492.625,85508,1747907858473.969,-74,-1,-131
1747907858512.469,85533,1747907858493.812,-65,-1,-137
1747907858532.312,85553,1747907858513.719,-71,-1,-140
1747907858552.125,85560,1747907858533.563,-63,7,-140
1747907858572.0,85566,1747907858553.375,-84,-1,-140
1747907858591.875,85606,1747907858573.187,-64,-4,-138
1747907858611.75,85639,1747907858593.094,-64,-1,-141
1747907858631.531,85662,1747907858612.906,-72,-9,-136
1747907858651.375,85694,1747907858632.75,-64,-1,-138
1747907858671.25,85709,1747907858652.562,-61,-1,-144
1747907858691.094,85706,1747907858672.469,-64,-2,-144
1747907858710.938,85691,1747907858692.313,-73,-1,-146
1747907858730.781,85670,1747907858712.125,-64,-1,-145
1747907858750.656,85625,1747907858732.0,-75,-1,-132
1747907858770.5,85596,1747907858751.875,-68,-1,-139
1747907858790.344,85567,1747907858771.719,-64,-1,-141
1747907858810.187,85554,1747907858791.563,-72,-1,-137
1747907858830.062,85516,1747907858811.344,-68,-1,-141
1747907858849.875,85509,1747907858831.281,-64,-1,-143
1747907858869.75,85503,1747907858851.094,-79,-1,-144
1747907858889.594,85511,1747907858870.938,-68,-1,-132
1747907858909.437,85518,1747907858890.781,-58,-1,-128
1747907858929.312,85519,1747907858910.656,-64,-7,-145
1747907858949.188,85547,1747907858930.562,-66,-1,-144
1747907858969.0,85552,1747907858950.375,-64,-5,-142
1747907858988.844,85561,1747907858970.188,-77,-1,-144
1747907859008.719,85571,1747907858990.063,-76,-1,-143
1747907859028.563,85587,1747907859009.937,-64,-3,-135
1747907859048.406,85601,1747907859029.781,-72,-1,-140
1747907859068.25,85613,1747907859049.625,-66,-1,-137
1747907859088.125,85634,1747907859069.438,-58,-1,-132
1747907859108.0,85659,1747907859089.313,-64,-1,-141
1747907859127.813,85677,1747907859109.219,-61,-1,-142
1747907859147.688,85700,1747907859129.0,-64,-1,-141
1747907859167.531,85722,1747907859148.875,-61,-1,-145
1747907859187.406,85739,1747907859168.75,-66,-1,-132
1747907859207.219,85784,1747907859188.625,-68,-2,-138
1747907859227.188,85802,1747907859208.406,-63,-1,-141
1747907859246.969,85827,1747907859228.438,-80,-1,-144
1747907859266.812,85846,1747907859248.188,-61,-3,-140
1747907859286.625,85894,1747907859267.969,-69,-1,-141
1747907859306.469,85914,1747907859287.812,-73,-1,-136
1747907859326.344,85962,1747907859307.687,-70,-1,-143
1747907859346.219,86002,1747907859327.563,-65,-1,-146
1747907859366.031,86010,1747907859347.438,-62,-9,-141
1747907859385.938,86020,1747907859367.25,-75,-1,-136
1747907859405.781,86017,1747907859387.125,-69,-1,-143
1747907859425.625,85994,1747907859407.0,-61,-1,-145
1747907859445.469,85978,1747907859426.844,-67,-1,-149
1747907859465.281,85965,1747907859446.656,-66,-1,-140
1747907859485.156,85956,1747907859466.5,-77,-1,-138
1747907859505.031,85933,1747907859486.375,-68,-1,-140
1747907859524.812,85930,1747907859506.25,-71,-1,-145
1747907859544.687,85935,1747907859526.031,-72,-1,-140
1747907859564.656,85937,1747907859545.875,-68,-1,-138
1747907859584.375,85935,1747907859565.844,-63,-1,-143
1747907859604.188,85950,1747907859585.562,-72,-3,-142
1747907859624.031,85959,1747907859605.438,-74,-1,-139
1747907859643.906,85972,1747907859625.25,-64,-1,-141
1747907859663.75,85987,1747907859645.094,-63,-1,-139
1747907859683.594,85999,1747907859664.969,-69,-1,-144
1747907859703.438,86023,1747907859684.813,-64,-4,-144
1747907859723.281,86048,1747907859704.625,-64,-1,-141
1747907859743.125,86055,1747907859724.5,-57,-1,-145
1747907859763.0,86081,1747907859744.312,-69,-1,-130
1747907859782.813,86084,1747907859764.187,-74,-1,-138
1747907859802.656,86122,1747907859784.0,-65,-1,-141
1747907859822.5,86149,1747907859803.844,-64,-1,-143
1747907859842.344,86183,1747907859823.688,-74,-1,-141
1747907859862.156,86201,1747907859843.5618,-62,-1,-141
1747907859882.031,86222,1747907859863.375,-63,7,-143
1747907859901.875,86249,1747907859883.219,-71,-1,-144
1747907859921.719,86245,1747907859903.063,-63,-1,-137
1747907859941.562,86265,1747907859922.937,-77,6,-135
1747907859961.5,86293,1747907859942.75,-64,-1,-133
1747907859981.25,86322,1747907859962.594,-52,-8,-146
1747907860001.094,86371,1747907859982.438,-64,-1,-139
1747907860020.906,86398,1747907860002.281,-74,-1,-138
1747907860040.719,86436,1747907860022.125,-65,-5,-126
1747907860060.594,86468,1747907860042.0,-64,-2,-141
1747907860080.406,86488,1747907860061.812,-66,-1,-144
1747907860100.25,86470,1747907860081.625,-74,-1,-143
1747907860120.125,86466,1747907860101.5,-72,-1,-141
1747907860139.937,86437,1747907860121.344,-68,-1,-141
1747907860159.813,86425,1747907860141.125,-73,-1,-144
1747907860179.625,86411,1747907860161.0,-63,-1,-140
1747907860199.469,86391,1747907860180.844,-72,-1,-137
1747907860219.312,86392,1747907860200.656,-63,-1,-141
1747907860239.125,86402,1747907860220.5,-68,-1,-137
1747907860259.0,86403,1747907860240.344,-49,-1,-136
1747907860278.813,86420,1747907860260.187,-64,-1,-141
1747907860298.656,86436,1747907860280.031,-73,-1,-143
1747907860318.5,86455,1747907860299.844,-64,-1,-134
1747907860338.375,86471,1747907860319.719,-64,-1,-138
1747907860358.188,86482,1747907860339.562,-74,-1,-144
1747907860378.031,86489,1747907860359.375,-71,-4,-145
1747907860397.875,86517,1747907860379.25,-72,-1,-141
1747907860417.719,86542,1747907860399.031,-61,-1,-141
1747907860437.531,86556,1747907860418.906,-81,-2,-137
1747907860457.375,86588,1747907860438.781,-77,-1,-148
1747907860477.219,86618,1747907860458.563,-61,-1,-138
1747907860497.094,86657,1747907860478.438,-55,-1,-141
1747907860516.969,86670,1747907860498.281,-64,-1,-144
1747907860536.75,86708,1747907860518.187,-80,-1,-134
1747907860556.594,86746,1747907860537.937,-61,-1,-145
1747907860576.437,86776,1747907860557.781,-72,-1,-146
1747907860596.281,86811,1747907860577.656,-65,-1,-143
1747907860616.125,86837,1747907860597.5,-71,7,-139
1747907860635.938,86863,1747907860617.312,-75,-1,-148
1747907860655.813,86902,1747907860637.156,-70,-5,-131
1747907860675.656,86933,1747907860657.031,-78,-1,-134
1747907860695.469,86962,1747907860676.875,-60,-2,-144
1747907860715.344,86995,1747907860696.687,-64,-1,-128
1747907860735.188,87043,1747907860716.531,-74,-1,-135
1747907860755.031,87081,1747907860736.406,-76,-2,-136
1747907860774.844,87105,1747907860756.219,-64,-1,-141
1747907860794.719,87105,1747907860776.063,-64,-1,-144
1747907860814.531,87102,1747907860795.906,-68,-1,-141
1747907860834.406,87104,1747907860815.75,-81,-1,-141
1747907860854.219,87096,1747907860835.625,-74,-1,-141
1747907860874.062,87100,1747907860855.438,-72,-1,-138
1747907860893.937,87093,1747907860875.281,-64,-2,-134
1747907860913.844,87086,1747907860895.156,-64,-1,-141
1747907860933.594,87076,1747907860915.0,-64,-11,-143
1747907860953.469,87085,1747907860934.844,-72,-1,-141
1747907860973.312,87085,1747907860954.688,-64,-1,-136
1747907860993.187,87089,1747907860974.531,-64,-1,-143
1747907861013.0,87096,1747907860994.375,-61,-1,-138
1747907861032.844,87111,1747907861014.219,-69,-1,-151
1747907861052.7192,87121,1747907861034.031,-64,-1,-136
1747907861072.562,87145,1747907861053.906,-64,-1,-148
1747907861092.406,87163,1747907861073.781,-73,-1,-145
1747907861112.25,87194,1747907861093.594,-66,-5,-138
1747907861132.125,87204,1747907861113.437,-80,-1,-143
1747907861151.969,87238,1747907861133.313,-76,-1,-137
1747907861171.812,87247,1747907861153.125,-64,-1,-141
1747907861191.656,87271,1747907861173.0,-64,-1,-143
1747907861211.5,87300,1747907861192.844,-64,-1,-137
1747907861231.375,87317,1747907861212.719,-72,-1,-138
1747907861251.25,87329,1747907861232.594,-72,-1,-137
1747907861271.063,87369,1747907861252.437,-72,24,-136
1747907861290.938,87388,1747907861272.25,-68,-1,-136
1747907861310.781,87401,1747907861292.125,-75,-1,-141
1747907861330.625,87435,1747907861312.0,-66,-4,-144
1747907861350.469,87456,1747907861331.844,-61,-1,-134
1747907861370.313,87476,1747907861351.687,-64,-1,-144
1747907861390.188,87499,1747907861371.531,-74,-1,-138
1747907861410.062,87529,1747907861391.375,-74,-1,-146
1747907861429.844,87561,1747907861411.281,-64,-2,-136
1747907861449.719,87606,1747907861431.062,-76,-1,-140
1747907861469.563,87615,1747907861450.937,-80,-1,-137
1747907861489.438,87609,1747907861470.781,-77,-1,-141
1747907861509.25,87609,1747907861490.656,-73,-1,-149
1747907861529.125,87592,1747907861510.438,-72,-1,-141
1747907861548.969,87578,1747907861530.312,-80,-1,-141
1747907861568.813,87567,1747907861550.187,-69,-3,-143
1747907861588.687,87553,1747907861570.031,-60,-1,-137
1747907861608.5,87548,1747907861589.844,-72,-13,-138
1747907861628.344,87549,1747907861609.688,-71,-1,-140
1747907861648.219,87542,1747907861629.562,-72,-1,-143
1747907861668.063,87558,1747907861649.406,-66,16,-151
1747907861687.937,87569,1747907861669.281,-66,7,-136
1747907861707.781,87581,1747907861689.125,-66,-1,-134
1747907861727.656,87593,1747907861708.9692,-64,-1,-129
1747907861747.469,87612,1747907861728.875,-65,-1,-143
1747907861767.313,87650,1747907861748.688,-72,-1,-144
1747907861787.187,87645,1747907861768.531,-66,-1,-148
1747907861807.031,87645,1747907861788.344,-68,-1,-141
1747907861826.844,87674,1747907861808.219,-64,-1,-139
1747907861846.75,87698,1747907861828.062,-73,-1,-136
1747907861866.719,87704,1747907861847.938,-64,-1,-144
1747907861886.437,87729,1747907861867.906,-77,-1,-142
1747907861906.281,87747,1747907861887.625,-69,-1,-141
1747907861926.125,87765,1747907861907.5,-68,-1,-146
1747907861945.969,87791,1747907861927.313,-64,-1,-144
1747907861965.844,87818,1747907861947.156,-68,-1,-138
1747907861985.656,87846,1747907861967.062,-72,-1,-141
1747907862005.531,87869,1747907861986.906,-61,-4,-148
1747907862025.4058,87897,1747907862006.75,-65,-1,-141
1747907862045.25,87927,1747907862026.594,-63,-1,-141
1747907862065.094,87943,1747907862046.469,-74,-1,-144
1747907862084.969,87974,1747907862066.344,-74,-1,-144
1747907862104.844,87987,1747907862086.156,-64,-1,-140
1747907862124.719,88008,1747907862106.094,-61,-1,-141
1747907862144.531,88052,1747907862125.906,-77,-1,-144
1747907862164.375,88034,1747907862145.781,-68,-1,-140
1747907862184.25,88040,1747907862165.594,-68,-1,-139
1747907862204.187,88014,1747907862185.437,-66,7,-144
1747907862223.937,87996,1747907862205.406,-76,-1,-137
1747907862243.781,87984,1747907862225.156,-66,-1,-144
1747907862263.656,87971,1747907862245.0,-71,-1,-138
1747907862283.5,87948,1747907862264.875,-66,-1,-141
1747907862303.375,87939,1747907862284.719,-62,-1,-144
1747907862323.187,87941,1747907862304.594,-63,-1,-146
1747907862343.062,87945,1747907862324.375,-66,0,-142
1747907862362.938,87956,1747907862344.25,-74,-1,-141
1747907862382.781,87976,1747907862364.156,-72,-1,-137
1747907862402.625,87982,1747907862384.0,-60,-1,-153
1747907862422.531,87993,1747907862403.8442,-65,-1,-138
1747907862442.344,88001,1747907862423.687,-64,-17,-122
1747907862462.219,88026,1747907862443.531,-69,-1,-138
1747907862482.062,88028,1747907862463.438,-66,-1,-137
1747907862501.906,88021,1747907862483.25,-72,-1,-141
1747907862521.75,88032,1747907862503.094,-65,-1,-144
1747907862541.625,88054,1747907862522.969,-63,-1,-145
1747907862561.438,88058,1747907862542.844,-79,-1,-143
1747907862581.312,88074,1747907862562.625,-64,-5,-144
1747907862601.219,88081,1747907862582.531,-66,-1,-141
1747907862621.063,88109,1747907862602.437,-71,-1,-128
1747907862640.906,88126,1747907862622.281,-68,-1,-137
1747907862660.75,88138,1747907862642.094,-64,-1,-144
1747907862680.625,88172,1747907862661.938,-64,-1,-148
1747907862700.5,88187,1747907862681.844,-63,-1,-143
1747907862720.313,88200,1747907862701.687,-68,-1,-141
1747907862740.187,88228,1747907862721.531,-72,-9,-145
1747907862760.062,88250,1747907862741.375,-64,-1,-140
1747907862779.906,88294,1747907862761.25,-65,-1,-141
1747907862799.75,88314,1747907862781.094,-65,-1,-144
1747907862819.625,88343,1747907862800.969,-74,-1,-136
1747907862839.469,88348,1747907862820.813,-73,-1,-148
1747907862859.344,88336,1747907862840.656,-63,-1,-146
1747907862879.156,88330,1747907862860.531,-65,-1,-147
1747907862899.0,88298,1747907862880.375,-69,-1,-140
1747907862918.906,88284,1747907862900.188,-62,-1,-136
1747907862938.75,88262,1747907862920.125,-72,-1,-138
1747907862958.563,88254,1747907862939.969,-77,-1,-136
1747907862978.438,88252,1747907862959.781,-64,-1,-138
1747907862998.312,88238,1747907862979.688,-68,-1,-144
1747907863018.156,88222,1747907862999.5,-65,-9,-144
1747907863038.0,88223,1747907863019.375,-79,-1,-137
1747907863057.844,88232,1747907863039.219,-68,-1,-137
1747907863077.719,88238,1747907863059.062,-72,-1,-122
1747907863097.594,88238,1747907863078.875,-63,-1,-145
1747907863117.406,88244,1747907863098.781,-71,-1,-140
1747907863137.25,88252,1747907863118.625,-71,-1,-145
1747907863157.156,88252,1747907863138.469,-72,-1,-143
1747907863177.031,88267,1747907863158.344,-64,-1,-138
1747907863196.844,88254,1747907863178.219,-65,-1,-138
1747907863216.719,88272,1747907863198.031,-79,-1,-143
1747907863236.563,88264,1747907863217.937,-79,-1,-133
1747907863256.469,88288,1747907863237.75,-80,-1,-137
1747907863276.281,88296,1747907863257.656,-74,-1,-144
1747907863296.156,88312,1747907863277.5,-64,-1,-138
1747907863316.031,88326,1747907863297.344,-64,-1,-138
1747907863335.906,88343,1747907863317.219,-64,-1,-142
1747907863355.719,88343,1747907863337.094,-64,-5,-138
1747907863375.594,88379,1747907863356.906,-71,-1,-146
1747907863395.438,88389,1747907863376.781,-61,-1,-138
1747907863415.313,88407,1747907863396.656,-64,-8,-145
1747907863435.156,88420,1747907863416.5,-62,-1,-142
1747907863455.031,88449,1747907863436.344,-61,-1,-138
1747907863474.906,88458,1747907863456.25,-75,-1,-128
1747907863494.75,88499,1747907863476.094,-66,-1,-145
1747907863514.594,88524,1747907863495.938,-61,-1,-144
1747907863534.437,88537,1747907863515.844,-61,-1,-136
1747907863554.344,88543,1747907863535.656,-64,-1,-137
1747907863574.188,88505,1747907863555.562,-73,-1,-148
1747907863594.031,88476,1747907863575.375,-76,-1,-136
1747907863613.906,88435,1747907863595.25,-61,-1,-138
1747907863633.75,88421,1747907863615.125,-64,-1,-141
1747907863653.625,88401,1747907863634.969,-80,-2,-141
1747907863673.469,88382,1747907863654.844,-68,-1,-140
1747907863693.3442,88360,1747907863674.688,-77,-1,-141
1747907863713.25,88344,1747907863694.531,-64,-1,-144
1747907863733.063,88343,1747907863714.437,-65,-1,-137
1747907863752.938,88352,1747907863734.281,-73,15,-145
1747907863772.875,88345,1747907863754.125,-66,-1,-144
1747907863792.656,88351,1747907863774.031,-63,-8,-144
1747907863812.5,88343,1747907863793.875,-77,-5,-130
1747907863832.438,88360,1747907863813.75,-76,-1,-144
1747907863852.219,88359,1747907863833.594,-66,-13,-144
1747907863872.094,88372,1747907863853.438,-63,-1,-137
1747907863891.937,88362,1747907863873.344,-63,-1,-136
1747907863911.781,88373,1747907863893.156,-64,-1,-141
1747907863931.688,88382,1747907863913.0,-61,-1,-137
1747907863951.531,88371,1747907863932.906,-72,-1,-137
1747907863971.375,88374,1747907863952.719,-72,-1,-141
1747907863991.25,88379,1747907863972.594,-72,-1,-144
1747907864011.094,88382,1747907863992.4368,-75,-1,-140
1747907864030.969,88399,1747907864012.313,-60,-1,-141
1747907864050.812,88415,1747907864032.188,-64,-1,-136
1747907864070.656,88432,1747907864052.031,-73,-1,-139
1747907864090.531,88445,1747907864071.844,-66,-1,-141
1747907864110.406,88477,1747907864091.719,-65,-1,-136
1747907864130.25,88496,1747907864111.594,-73,-1,-141
1747907864150.125,88509,1747907864131.469,-68,-1,-145
1747907864170.0,88510,1747907864151.312,-76,-1,-137
1747907864189.844,88516,1747907864171.187,-64,-1,-144
1747907864209.687,88559,1747907864191.063,-64,-1,-136
1747907864229.562,88551,1747907864210.938,-64,-1,-137
1747907864249.438,88568,1747907864230.781,-76,-1,-132
1747907864269.281,88538,1747907864250.625,-72,-1,-136
1747907864289.156,88520,1747907864270.5,-68,-1,-136
1747907864309.0,88485,1747907864290.344,-64,-1,-141
1747907864328.875,88454,1747907864310.187,-68,-1,-141
1747907864348.813,88439,1747907864330.062,-77,-1,-132
1747907864368.531,88411,1747907864350.031,-64,-1,-141
1747907864388.406,88415,1747907864369.781,-64,-1,-143
1747907864408.281,88405,1747907864389.625,-64,-1,-144
1747907864428.125,88395,1747907864409.5,-65,-2,-145
1747907864447.938,88394,1747907864429.312,-64,-1,-137
1747907864467.875,88380,1747907864449.188,-68,-1,-137
1747907864487.687,88388,1747907864469.0,-72,-17,-148
1747907864507.5632,88373,1747907864488.906,-64,-9,-140
1747907864527.406,88374,1747907864508.75,-72,-1,-141
1747907864547.281,88372,1747907864528.594,-72,-1,-153
1747907864567.125,88373,1747907864548.469,-72,-1,-141
1747907864587.0,88374,1747907864568.312,-74,-1,-142
1747907864606.813,88366,1747907864588.187,-65,-1,-141
1747907864626.688,88360,1747907864608.063,-68,-1,-136
1747907864646.562,88366,1747907864627.906,-77,-1,-131
1747907864666.406,88372,1747907864647.75,-68,-1,-136
1747907864686.219,88372,1747907864667.625,-76,-1,-137
1747907864706.063,88376,1747907864687.469,-79,7,-137
1747907864725.937,88380,1747907864707.25,-61,-3,-140
1747907864745.781,88379,1747907864727.156,-65,-1,-145
1747907864765.625,88371,1747907864747.0,-71,-1,-136
1747907864785.469,88362,1747907864766.812,-61,-1,-144
1747907864805.406,88368,1747907864786.656,-65,-1,-148
1747907864825.156,88365,1747907864806.531,-80,-15,-136
1747907864845.0,88387,1747907864826.344,-71,-1,-140
1747907864864.813,88389,1747907864846.219,-64,-1,-141
1747907864884.688,88412,1747907864866.0,-64,-1,-153
1747907864904.531,88442,1747907864885.875,-72,-1,-136
1747907864924.375,88461,1747907864905.75,-77,-1,-137
1747907864944.219,88479,1747907864925.625,-68,-1,-141
1747907864964.063,88470,1747907864945.406,-77,-1,-137
1747907864983.906,88451,1747907864965.281,-64,-1,-145
1747907865003.75,88434,1747907864985.094,-65,-1,-144
1747907865023.656,88407,1747907865004.969,-69,7,-144
1747907865043.437,88355,1747907865024.875,-74,-1,-138
1747907865063.281,88338,1747907865044.625,-64,-1,-138
1747907865083.125,88321,1747907865064.5,-68,-1,-138
1747907865102.937,88289,1747907865084.344,-73,-4,-136
1747907865122.812,88266,1747907865104.156,-64,-1,-137
1747907865142.625,88264,1747907865124.031,-51,-1,-141
1747907865162.5,88264,1747907865143.844,-64,-3,-151
1747907865182.375,88270,1747907865163.687,-64,-1,-136
1747907865202.156,88269,1747907865183.594,-57,-1,-143
1747907865222.0,88265,1747907865203.344,-68,-1,-136
1747907865241.844,88249,1747907865223.219,-64,-1,-148
1747907865261.688,88255,1747907865243.062,-64,-1,-141
1747907865281.5,88268,1747907865262.875,-68,-1,-141
1747907865301.375,88285,1747907865282.719,-64,-1,-137
1747907865321.187,88280,1747907865302.563,-64,-1,-132
1747907865341.063,88297,1747907865322.406,-71,-1,-133
1747907865360.906,88302,1747907865342.281,-65,-1,-136
1747907865380.75,88311,1747907865362.094,-64,-1,-137
1747907865400.625,88327,1747907865381.938,-64,-2,-143
1747907865420.469,88327,1747907865401.813,-72,-1,-141
1747907865440.281,88334,1747907865421.656,-52,-1,-135
1747907865460.156,88338,1747907865441.5,-71,-1,-135
1747907865480.0,88347,1747907865461.375,-72,-1,-141
1747907865499.844,88365,1747907865481.219,-64,-1,-144
1747907865519.687,88352,1747907865501.062,-76,-1,-137
1747907865539.5,88371,1747907865520.875,-50,-1,-136
1747907865559.375,88381,1747907865540.719,-77,-1,-137
1747907865579.219,88411,1747907865560.563,-66,-1,-144
1747907865599.094,88416,1747907865580.438,-73,-1,-138
1747907865618.938,88427,1747907865600.312,-76,-1,-132
1747907865638.781,88469,1747907865620.156,-64,-1,-138
1747907865658.6558,88461,1747907865640.0,-64,-1,-146
1747907865678.469,88474,1747907865659.844,-64,-1,-144
1747907865698.344,88440,1747907865679.688,-63,-1,-146
1747907865718.188,88407,1747907865699.531,-64,-1,-140
1747907865738.063,88371,1747907865719.406,-72,6,-138
1747907865757.969,88326,1747907865739.219,-62,-1,-138
1747907865777.719,88278,1747907865759.094,-60,-9,-133
1747907865797.563,88236,1747907865778.906,-68,-1,-138
1747907865817.375,88200,1747907865798.781,-64,-1,-143
1747907865837.219,88190,1747907865818.594,-72,-1,-136
1747907865857.062,88159,1747907865838.469,-66,-1,-138
1747907865876.906,88147,1747907865858.25,-61,-1,-143
1747907865896.75,88168,1747907865878.094,-61,-1,-141
1747907865916.625,88164,1747907865897.969,-62,-1,-134
1747907865936.406,88159,1747907865917.844,-73,-1,-142
1747907865956.281,88159,1747907865937.625,-68,-1,-144
1747907865976.125,88152,1747907865957.469,-76,-1,-133
1747907865995.938,88159,1747907865977.281,-65,-1,-141
1747907866015.781,88161,1747907865997.156,-61,-1,-144
1747907866035.687,88166,1747907866017.0,-58,-1,-136
1747907866055.469,88159,1747907866036.906,-70,-1,-137
1747907866075.344,88146,1747907866056.688,-72,-1,-132
1747907866095.219,88149,1747907866076.594,-74,-1,-137
1747907866115.031,88135,1747907866096.375,-65,-1,-137
1747907866134.906,88151,1747907866116.219,-77,-1,-141
1747907866154.719,88150,1747907866136.125,-65,-2,-140
1747907866174.562,88148,1747907866155.937,-61,-5,-132
1747907866194.375,88161,1747907866175.781,-72,-1,-143
1747907866214.219,88174,1747907866195.5618,-65,-1,-141
1747907866234.094,88178,1747907866215.438,-64,-1,-144
1747907866253.906,88197,1747907866235.281,-64,-1,-137
1747907866273.75,88211,1747907866255.125,-64,-1,-143
1747907866293.594,88229,1747907866274.937,-65,-2,-138
1747907866313.438,88240,1747907866294.781,-65,-1,-147
1747907866333.281,88268,1747907866314.688,-68,-1,-145
1747907866353.094,88295,1747907866334.5,-69,7,-144
1747907866372.937,88311,1747907866354.25,-64,-1,-140
1747907866392.781,88316,1747907866374.156,-66,-1,-141
1747907866412.625,88294,1747907866394.0,-61,-1,-145
1747907866432.437,88255,1747907866413.844,-73,-1,-136
1747907866452.281,88211,1747907866433.656,-71,1,-146
1747907866472.125,88167,1747907866453.469,-64,-1,-138
1747907866491.969,88123,1747907866473.344,-62,-1,-139
1747907866511.813,88092,1747907866493.156,-72,-1,-132
1747907866531.687,88066,1747907866513.0,-68,-1,-142
1747907866551.531,88018,1747907866532.875,-76,-1,-138
1747907866571.375,88017,1747907866552.812,-64,-1,-141
1747907866591.219,88005,1747907866572.562,-72,-1,-141
1747907866611.031,87997,1747907866592.438,-72,-1,-140
1747907866630.906,87990,1747907866612.25,-65,-1,-141
1747907866650.75,87984,1747907866632.094,-77,-1,-145
1747907866670.563,87992,1747907866651.937,-72,-1,-142
1747907866690.438,87978,1747907866671.781,-66,-5,-142
1747907866710.281,87963,1747907866691.625,-64,-1,-144
1747907866730.094,87949,1747907866711.469,-64,-11,-137
1747907866749.937,87947,1747907866731.313,-72,-1,-144
1747907866769.781,87944,1747907866751.156,-66,-1,-136
1747907866789.625,87921,1747907866770.969,-65,-1,-139
1747907866809.469,87912,1747907866790.813,-64,-1,-143
1747907866829.312,87902,1747907866810.656,-74,-1,-135
1747907866849.125,87889,1747907866830.5308,-64,-2,-137
1747907866868.969,87901,1747907866850.344,-75,-1,-140
1747907866888.875,87912,1747907866870.156,-76,-1,-137
1747907866908.6558,87934,1747907866890.063,-69,7,-141
1747907866928.5,87958,1747907866909.875,-75,-1,-137
1747907866948.312,87967,1747907866929.719,-69,-1,-137
1747907866968.156,87988,1747907866949.531,-68,-1,-143
1747907866988.063,88004,1747907866969.375,-80,-1,-134
1747907867007.812,87993,1747907866989.313,-77,7,-136
1747907867027.687,88012,1747907867009.063,-73,-1,-136
1747907867047.563,88021,1747907867028.906,-76,-1,-132
1747907867067.375,88038,1747907867048.75,-73,17,-138
1747907867087.219,88057,1747907867068.562,-65,-1,-134
1747907867107.031,88046,1747907867088.438,-72,-1,-138
1747907867126.906,88046,1747907867108.25,-72,-9,-146
1747907867146.75,88020,1747907867128.094,-76,-1,-136
1747907867166.594,87987,1747907867147.969,-69,-1,-141
1747907867186.406,87948,1747907867167.781,-73,-1,-144
1747907867206.25,87896,1747907867187.594,-58,-1,-144
1747907867226.094,87864,1747907867207.469,-63,-1,-141
1747907867245.969,87825,1747907867227.281,-61,-1,-144
1747907867265.75,87810,1747907867247.156,-72,-1,-141
1747907867285.594,87778,1747907867266.937,-68,-1,-136
1747907867305.437,87764,1747907867286.781,-72,-1,-144
1747907867325.312,87751,1747907867306.6558,-64,-1,-138
1747907867345.094,87751,1747907867326.531,-68,-1,-137
1747907867364.938,87734,1747907867346.344,-73,-1,-137
1747907867384.7808,87722,1747907867366.156,-63,-1,-137
1747907867404.625,87716,1747907867385.969,-77,-9,-133
1747907867424.469,87721,1747907867405.844,-73,-1,-143
1747907867444.281,87683,1747907867425.687,-61,-1,-138
1747907867464.125,87677,1747907867445.469,-68,-1,-130
1747907867483.969,87653,1747907867465.344,-65,-1,-135
1747907867503.812,87638,1747907867485.156,-71,-1,-138
1747907867523.625,87627,1747907867505.0,-77,-1,-136
1747907867543.469,87614,1747907867524.844,-63,-1,-141
1747907867563.313,87630,1747907867544.687,-71,-2,-140
1747907867583.156,87610,1747907867564.531,-63,-1,-146
1747907867602.969,87624,1747907867584.375,-64,-1,-144
1747907867622.812,87646,1747907867604.188,-64,-1,-141
1747907867642.688,87660,1747907867624.0,-73,-1,-138
1747907867662.625,87656,1747907867643.875,-72,-1,-145
1747907867682.313,87665,1747907867663.719,-71,-15,-144
1747907867702.156,87677,1747907867683.531,-64,-1,-141
1747907867722.0,87681,1747907867703.375,-72,-1,-137
1747907867741.844,87687,1747907867723.156,-61,-13,-136
1747907867761.656,87696,1747907867743.031,-63,-1,-140
1747907867781.5,87691,1747907867762.875,-63,7,-144
1747907867801.344,87709,1747907867782.688,-67,-1,-152
1747907867821.187,87705,1747907867802.563,-64,-1,-140
1747907867841.031,87700,1747907867822.375,-73,-1,-137
1747907867860.813,87687,1747907867842.219,-56,-1,-137
1747907867880.688,87647,1747907867862.031,-65,-1,-145
1747907867900.5,87607,1747907867881.875,-71,-1,-138
1747907867920.344,87565,1747907867901.688,-70,-3,-146
1747907867940.156,87537,1747907867921.594,-65,-1,-144
1747907867960.0,87498,1747907867941.406,-89,-1,-139
1747907867979.875,87474,1747907867961.219,-69,-1,-141
1747907867999.687,87451,1747907867981.094,-79,-1,-138
1747907868019.531,87413,1747907868000.906,-63,1,-137
1747907868039.344,87415,1747907868020.75,-68,-1,-144
1747907868059.156,87423,1747907868040.562,-61,-1,-140
1747907868079.031,87392,1747907868060.375,-64,-1,-132
1747907868098.875,87404,1747907868080.219,-73,-1,-134
1747907868118.656,87385,1747907868100.063,-68,-1,-141
1747907868138.5,87395,1747907868119.875,-62,-1,-137
1747907868158.344,87384,1747907868139.719,-80,-1,-137
1747907868178.188,87358,1747907868159.562,-61,-1,-143
1747907868198.031,87345,1747907868179.375,-64,-1,-145
1747907868217.844,87314,1747907868199.219,-62,7,-144
1747907868237.687,87301,1747907868219.094,-74,-2,-135
1747907868257.531,87309,1747907868238.906,-63,-1,-141
1747907868277.344,87332,1747907868258.719,-69,-1,-140
1747907868297.188,87378,1747907868278.594,-67,-13,-140
1747907868317.031,87389,1747907868298.406,-61,-1,-141
1747907868336.906,87415,1747907868318.25,-73,7,-135
1747907868356.75,87430,1747907868338.094,-67,-9,-127
1747907868376.563,87448,1747907868357.937,-65,-1,-150
1747907868396.406,87444,1747907868377.75,-58,-1,-141
1747907868416.25,87469,1747907868397.594,-71,7,-144
1747907868436.094,87482,1747907868417.438,-68,-1,-141
1747907868455.906,87499,1747907868437.3118,-74,-1,-148
1747907868475.781,87519,1747907868457.156,-64,-1,-137
1747907868495.625,87525,1747907868476.969,-63,-1,-137
1747907868515.5,87543,1747907868496.813,-74,-1,-138
1747907868535.281,87515,1747907868516.656,-74,-1,-144
1747907868555.125,87494,1747907868536.469,-66,-13,-143
1747907868574.969,87444,1747907868556.312,-71,-1,-141
1747907868594.812,87401,1747907868576.188,-64,-1,-149
1747907868614.687,87329,1747907868596.031,-77,-1,-135
1747907868634.469,87287,1747907868615.844,-72,-1,-145
1747907868654.344,87256,1747907868635.656,-63,-1,-138
1747907868674.156,87214,1747907868655.531,-64,-1,-141
1747907868694.0,87174,1747907868675.375,-79,7,-134
1747907868713.875,87151,1747907868695.25,-68,-1,-137
1747907868733.687,87131,1747907868715.062,-73,-1,-137
1747907868753.563,87098,1747907868734.875,-61,-1,-141
1747907868773.438,87075,1747907868754.75,-63,-1,-143
1747907868793.219,87053,1747907868774.656,-61,-1,-144
1747907868813.062,87028,1747907868794.438,-71,-1,-141
1747907868833.0,87002,1747907868814.281,-64,-1,-141
1747907868852.781,86987,1747907868834.187,-78,-1,-148
1747907868872.5942,86954,1747907868854.0,-63,-1,-145
1747907868892.469,86933,1747907868873.813,-72,-1,-142
1747907868912.281,86897,1747907868893.687,-73,-1,-137
1747907868932.156,86892,1747907868913.5,-72,-1,-144
1747907868951.938,86857,1747907868933.375,-65,-1,-137
1747907868971.812,86836,1747907868953.188,-66,-5,-138
1747907868991.687,86809,1747907868973.0,-72,-1,-138
1747907869011.531,86799,1747907868992.906,-74,-1,-137
1747907869031.344,86801,1747907869012.75,-65,-1,-128
1747907869051.219,86784,1747907869032.562,-60,-1,-140
1747907869071.062,86797,1747907869052.438,-64,-1,-142
1747907869090.906,86804,1747907869072.25,-61,-1,-136
1747907869110.75,86801,1747907869092.125,-77,-1,-136
1747907869130.594,86799,1747907869111.969,-64,-1,-145
1747907869150.438,86803,1747907869131.781,-81,-1,-134
1747907869170.281,86791,1747907869151.656,-71,-1,-141
1747907869190.094,86794,1747907869171.5,-72,-1,-141
1747907869209.969,86811,1747907869191.312,-69,-1,-141
1747907869229.813,86771,1747907869211.1868,-77,-1,-140
1747907869249.656,86724,1747907869231.031,-56,-1,-142
1747907869269.531,86663,1747907869250.844,-73,-1,-145
1747907869289.3118,86580,1747907869270.719,-72,-1,-141
1747907869309.156,86512,1747907869290.5,-66,15,-144
1747907869329.0,86444,1747907869310.375,-72,-1,-141
1747907869348.844,86366,1747907869330.188,-77,-1,-136
1747907869368.625,86316,1747907869350.063,-68,-1,-145
1747907869388.5,86257,1747907869369.844,-64,-1,-143
1747907869408.344,86222,1747907869389.656,-61,-7,-141
1747907869428.188,86185,1747907869409.562,-61,-1,-141
1747907869448.0,86174,1747907869429.375,-64,-1,-141
1747907869467.812,86145,1747907869449.219,-74,-1,-138
1747907869487.687,86105,1747907869469.063,-73,-1,-143
1747907869507.531,86104,1747907869488.875,-66,-1,-136
1747907869527.344,86093,1747907869508.719,-57,-1,-143
1747907869547.219,86069,1747907869528.563,-73,-1,-137
1747907869567.031,86036,1747907869548.406,-65,-1,-138
1747907869586.906,86017,1747907869568.25,-73,-1,-144
1747907869606.75,85992,1747907869588.094,-64,-1,-138
1747907869626.563,85973,1747907869607.937,-80,-1,-136
1747907869646.406,85948,1747907869627.75,-64,-4,-145
1747907869666.25,85934,1747907869647.594,-69,-1,-141
1747907869686.094,85926,1747907869667.469,-68,-2,-141
1747907869705.906,85886,1747907869687.281,-61,-1,-141
1747907869725.781,85886,1747907869707.125,-73,-1,-138
1747907869745.594,85886,1747907869726.969,-74,-1,-143
1747907869765.469,85878,1747907869746.813,-61,-1,-137
1747907869785.312,85873,1747907869766.656,-71,-1,-138
1747907869805.125,85870,1747907869786.531,-73,-1,-136
1747907869825.0,85879,1747907869806.312,-66,-1,-143
1747907869844.844,85891,1747907869826.219,-64,-1,-141
1747907869864.656,85893,1747907869846.031,-66,-1,-143
1747907869884.531,85911,1747907869865.875,-72,-1,-138
1747907869904.375,85910,1747907869885.75,-80,-1,-141
1747907869924.219,85887,1747907869905.531,-60,-17,-144
1747907869944.031,85843,1747907869925.406,-64,-1,-140
1747907869963.875,85775,1747907869945.281,-58,-1,-142
1747907869983.75,85693,1747907869965.094,-64,-1,-144
1747907870003.594,85619,1747907869984.969,-61,-1,-146
1747907870023.438,85529,1747907870004.813,-71,-1,-135
1747907870043.281,85473,1747907870024.719,-66,-1,-145
1747907870063.125,85414,1747907870044.4692,-64,-7,-139
1747907870083.0,85374,1747907870064.344,-66,-1,-142
1747907870102.844,85323,1747907870084.219,-77,-1,-138
1747907870122.75,85302,1747907870104.063,-72,-1,-140
1747907870142.531,85269,1747907870124.0,-64,-1,-145
1747907870162.375,85245,1747907870143.75,-73,-1,-139
1747907870182.219,85233,1747907870163.562,-64,-1,-134
1747907870202.031,85203,1747907870183.438,-60,-1,-140
1747907870221.906,85166,1747907870203.219,-71,-1,-140
1747907870241.75,85143,1747907870223.094,-64,-1,-141
1747907870261.594,85130,1747907870242.937,-72,-7,-136
1747907870281.4382,85134,1747907870262.812,-73,-1,-142
1747907870301.25,85110,1747907870282.594,-64,-1,-147
1747907870321.125,85104,1747907870302.469,-74,-1,-132
1747907870340.969,85094,1747907870322.344,-65,-1,-144
1747907870360.781,85085,1747907870342.187,-65,-1,-135
1747907870380.625,85081,1747907870361.969,-74,-1,-139
1747907870400.5,85070,1747907870381.844,-77,-1,-141
1747907870420.312,85066,1747907870401.688,-68,-1,-141
1747907870440.156,85073,1747907870421.531,-63,-1,-141
1747907870460.031,85074,1747907870441.375,-66,-1,-144
1747907870479.844,85076,1747907870461.219,-80,-1,-140
1747907870499.719,85085,1747907870481.063,-69,-1,-141
1747907870519.625,85086,1747907870500.938,-69,-1,-138
1747907870539.375,85097,1747907870520.75,-60,-5,-136
1747907870559.25,85095,1747907870540.562,-82,-1,-138
1747907870579.094,85122,1747907870560.437,-76,7,-138
1747907870598.937,85138,1747907870580.281,-61,-1,-146
1747907870618.781,85132,1747907870600.156,-64,-1,-134
1747907870638.656,85090,1747907870620.0,-79,-1,-137
1747907870658.5,85028,1747907870639.844,-74,-1,-129
1747907870678.344,84938,1747907870659.75,-71,-1,-140
1747907870698.187,84861,1747907870679.563,-62,-1,-137
1747907870718.031,84775,1747907870699.406,-74,-1,-143
1747907870737.906,84702,1747907870719.219,-71,-1,-141
1747907870757.75,84656,1747907870739.125,-77,-1,-137
1747907870777.594,84623,1747907870758.969,-72,-1,-135
1747907870797.437,84581,1747907870778.781,-65,-1,-138
1747907870817.313,84557,1747907870798.656,-57,7,-142
1747907870837.219,84533,1747907870818.531,-64,-1,-136
1747907870857.031,84521,1747907870838.438,-72,-1,-144
1747907870876.812,84497,1747907870858.219,-56,-15,-145
1747907870896.687,84463,1747907870878.0,-61,-1,-141
1747907870916.563,84430,1747907870897.906,-63,-1,-134
1747907870936.375,84399,1747907870917.75,-63,-1,-136
1747907870956.25,84364,1747907870937.563,-68,-1,-140
1747907870976.062,84345,1747907870957.406,-65,-1,-136
1747907870995.938,84321,1747907870977.281,-77,-1,-137
1747907871015.781,84314,1747907870997.156,-69,-1,-141
1747907871035.625,84266,1747907871017.0,-73,-1,-141
1747907871055.469,84266,1747907871036.844,-74,-1,-144
1747907871075.344,84262,1747907871056.6558,-64,-1,-136
1747907871095.156,84243,1747907871076.562,-65,-1,-137
1747907871115.0,84229,1747907871096.344,-74,-1,-136
1747907871134.844,84228,1747907871116.219,-72,-1,-139
1747907871154.687,84243,1747907871136.125,-62,-1,-136
1747907871174.531,84232,1747907871155.906,-72,-1,-144
1747907871194.5,84239,1747907871175.781,-64,-1,-140
1747907871214.219,84260,1747907871195.5618,-53,0,-142
1747907871234.094,84263,1747907871215.406,-72,-1,-141
1747907871253.906,84256,1747907871235.281,-67,-9,-141
1747907871273.75,84262,1747907871255.125,-68,-1,-119
1747907871293.625,84251,1747907871275.0,-71,-1,-138
1747907871313.469,84197,1747907871294.812,-73,-1,-144
1747907871333.312,84135,1747907871314.656,-74,-1,-149
1747907871353.156,84047,1747907871334.531,-64,-1,-141
1747907871373.063,83964,1747907871354.344,-63,-1,-133
1747907871392.844,83883,1747907871374.25,-78,-1,-141
1747907871412.719,83806,1747907871394.031,-65,-1,-138
1747907871432.5,83756,1747907871413.906,-68,-1,-133
1747907871452.375,83723,1747907871433.719,-71,-1,-140
1747907871472.281,83672,1747907871453.562,-72,-1,-143
1747907871492.063,83625,1747907871473.437,-76,-1,-135
1747907871511.906,83597,1747907871493.281,-68,-1,-133
1747907871531.75,83580,1747907871513.125,-64,-1,-136
1747907871551.594,83575,1747907871532.969,-73,15,-137
1747907871571.469,83562,1747907871552.812,-76,-1,-138
1747907871591.281,83569,1747907871572.687,-68,-1,-137
1747907871611.125,83554,1747907871592.5,-64,-2,-141
1747907871631.0,83530,1747907871612.406,-71,7,-136
1747907871650.812,83515,1747907871632.187,-64,-1,-152
1747907871670.656,83504,1747907871652.031,-64,-1,-144
1747907871690.5,83487,1747907871671.875,-72,-1,-136
1747907871710.344,83481,1747907871691.688,-63,-1,-154
1747907871730.219,83474,1747907871711.531,-53,7,-135
1747907871750.063,83488,1747907871731.437,-64,-1,-136
1747907871769.906,83484,1747907871751.281,-69,-1,-141
1747907871789.781,83478,1747907871771.094,-71,-5,-135
1747907871809.656,83491,1747907871790.969,-74,-1,-137
1747907871829.437,83485,1747907871810.875,-68,-1,-137
1747907871849.313,83522,1747907871830.687,-72,-1,-146
1747907871869.188,83543,1747907871850.531,-64,-1,-137
1747907871889.062,83553,1747907871870.406,-69,16,-140
1747907871908.875,83555,1747907871890.25,-74,-1,-133
1747907871928.719,83587,1747907871910.094,-64,-1,-144
1747907871948.594,83610,1747907871929.906,-64,-5,-138
1747907871968.469,83609,1747907871949.875,-73,-1,-142
1747907871988.281,83577,1747907871969.656,-79,-1,-143
1747907872008.156,83508,1747907871989.531,-79,-1,-149
1747907872028.0,83391,1747907872009.375,-80,-1,-136
1747907872047.875,83286,1747907872029.219,-64,-1,-136
1747907872067.687,83197,1747907872049.094,-64,-1,-138
1747907872087.562,83096,1747907872068.938,-64,-1,-136
1747907872107.406,83032,1747907872088.781,-75,-1,-132
1747907872127.281,82970,1747907872108.594,-63,-1,-138
1747907872147.125,82906,1747907872128.5,-63,-1,-136
1747907872166.969,82847,1747907872148.313,-64,-1,-136
1747907872186.844,82795,1747907872168.156,-72,-1,-144
1747907872206.688,82762,1747907872188.031,-64,-1,-138
1747907872226.531,82734,1747907872207.906,-58,-10,-140
1747907872246.375,82716,1747907872227.75,-73,-1,-138
1747907872266.187,82709,1747907872247.563,-69,-1,-140
1747907872286.031,82683,1747907872267.406,-65,-9,-127
1747907872305.875,82649,1747907872287.25,-65,-1,-141
1747907872325.7192,82652,1747907872307.094,-68,7,-138
1747907872345.562,82608,1747907872326.938,-68,-1,-147
1747907872365.406,82601,1747907872346.781,-66,-1,-134
1747907872385.25,82586,1747907872366.625,-73,-1,-138
1747907872405.094,82572,1747907872386.5,-64,-1,-141
1747907872424.906,82553,1747907872406.281,-76,-1,-141
1747907872444.812,82564,1747907872426.125,-72,-1,-135
1747907872464.594,82558,1747907872445.969,-72,-1,-141
1747907872484.438,82576,1747907872465.812,-64,-1,-142
1747907872504.281,82581,1747907872485.656,-49,-1,-143
1747907872524.125,82583,1747907872505.5,-64,-1,-137
1747907872543.969,82594,1747907872525.344,-73,-1,-132
1747907872563.812,82609,1747907872545.187,-77,-1,-146
1747907872583.656,82638,1747907872565.062,-65,-1,-140
1747907872603.5,82669,1747907872584.875,-71,-1,-137
1747907872623.344,82687,1747907872604.719,-63,-3,-145
1747907872643.219,82657,1747907872624.563,-65,-1,-137
1747907872663.031,82588,1747907872644.406,-68,7,-138
1747907872682.875,82504,1747907872664.219,-77,-1,-133
1747907872702.719,82394,1747907872684.062,-72,-1,-141
1747907872722.562,82292,1747907872703.938,-64,-1,-144
1747907872742.406,82200,1747907872723.75,-73,-1,-146
1747907872762.313,82094,1747907872743.594,-72,-1,-137
1747907872782.094,82008,1747907872763.5,-71,-1,-136
1747907872801.938,81947,1747907872783.313,-64,-3,-140
1747907872821.781,81883,1747907872803.156,-77,-1,-141
1747907872841.594,81849,1747907872823.0,-65,-1,-140
1747907872861.438,81796,1747907872842.812,-64,-1,-141
1747907872881.313,81778,1747907872862.656,-76,-1,-133
1747907872901.125,81762,1747907872882.531,-69,-9,-148
1747907872920.969,81747,1747907872902.344,-65,-1,-141
1747907872940.812,81725,1747907872922.188,-61,-1,-135
1747907872960.6882,81709,1747907872942.062,-72,-1,-128
1747907872980.5,81691,1747907872961.875,-68,-1,-137
1747907873000.344,81667,1747907872981.75,-72,-1,-145
1747907873020.187,81657,1747907873001.656,-65,7,-141
1747907873040.062,81639,1747907873021.375,-64,-1,-144
1747907873059.875,81637,1747907873041.281,-64,-1,-142
1747907873079.688,81615,1747907873061.094,-79,-1,-140
1747907873099.562,81614,1747907873080.875,-64,-1,-141
1747907873119.375,81603,1747907873100.75,-76,-1,-145
1747907873139.25,81632,1747907873120.563,-61,-2,-141
1747907873159.156,81684,1747907873140.4368,-64,-1,-145
1747907873178.906,81703,1747907873160.281,-60,-8,-146
1747907873198.781,81719,1747907873180.125,-69,-1,-136
1747907873218.625,81716,1747907873200.0,-68,-1,-140
1747907873238.437,81717,1747907873219.812,-72,-1,-148
1747907873258.281,81721,1747907873239.656,-72,-1,-137
1747907873278.125,81724,1747907873259.469,-68,-1,-136
1747907873298.0,81649,1747907873279.344,-65,-1,-145
1747907873317.812,81544,1747907873299.219,-61,-2,-145
1747907873337.719,81438,1747907873319.0,-66,-1,-144
1747907873357.5,81306,1747907873338.906,-75,-1,-143
1747907873377.344,81205,1747907873358.687,-64,-1,-141
1747907873397.156,81117,1747907873378.531,-60,7,-138
1747907873417.0,81019,1747907873398.438,-64,-1,-136
1747907873436.875,80957,1747907873418.187,-68,-11,-138
1747907873456.719,80899,1747907873438.094,-60,-1,-143
1747907873476.562,80856,1747907873457.906,-72,-1,-136
1747907873496.344,80834,1747907873477.75,-63,7,-138
1747907873516.187,80806,1747907873497.563,-68,-1,-138
1747907873536.063,80802,1747907873517.406,-69,-1,-136
1747907873555.906,80790,1747907873537.25,-76,-1,-135
1747907873575.75,80771,1747907873557.125,-64,3,-141
1747907873595.594,80766,1747907873576.938,-68,-1,-148
1747907873615.437,80745,1747907873596.781,-65,-1,-138
1747907873635.281,80741,1747907873616.625,-64,7,-138
1747907873655.094,80716,1747907873636.5,-76,-1,-136
1747907873674.937,80714,1747907873656.281,-63,-1,-136
1747907873694.75,80689,1747907873676.156,-64,-2,-136
1747907873714.656,80681,1747907873695.938,-61,-9,-140
1747907873734.469,80690,1747907873715.875,-73,-1,-141
1747907873754.344,80688,1747907873735.656,-73,-3,-135
1747907873774.187,80690,1747907873755.531,-76,-1,-141
1747907873794.031,80699,1747907873775.375,-55,-1,-139
1747907873813.844,80703,1747907873795.187,-72,-1,-138
1747907873833.719,80721,1747907873815.094,-72,-1,-137
1747907873853.5308,80738,1747907873834.875,-64,-17,-141
1747907873873.375,80761,1747907873854.75,-64,-1,-138
1747907873893.219,80768,1747907873874.594,-64,-1,-142
1747907873913.063,80802,1747907873894.437,-72,-1,-153
1747907873932.906,80799,1747907873914.25,-69,-1,-145
1747907873952.75,80769,1747907873934.094,-63,-1,-139
1747907873972.594,80691,1747907873954.0,-63,-1,-144
1747907873992.4368,80576,1747907873973.813,-66,-1,-139
1747907874012.25,80489,1747907873993.625,-71,-1,-136
1747907874032.094,80381,1747907874013.437,-81,-1,-141
1747907874051.938,80299,1747907874033.281,-65,-1,-145
1747907874071.781,80229,1747907874053.156,-72,-1,-137
1747907874091.625,80186,1747907874072.969,-61,-1,-143
1747907874111.5,80157,1747907874092.812,-65,-1,-142
1747907874131.313,80127,1747907874112.656,-72,-3,-141
1747907874151.156,80115,1747907874132.5,-66,-1,-148
1747907874170.969,80135,1747907874152.344,-64,7,-143
1747907874190.812,80154,1747907874172.156,-76,-1,-153
1747907874210.656,80148,1747907874192.031,-65,-1,-137
1747907874230.469,80166,1747907874211.875,-74,-1,-139
1747907874250.344,80160,1747907874231.719,-69,-1,-145
1747907874270.187,80158,1747907874251.563,-72,-1,-137
1747907874290.062,80180,1747907874271.406,-58,-1,-137
1747907874309.875,80174,1747907874291.25,-65,-1,-135
1747907874329.719,80197,1747907874311.094,-76,-1,-138
1747907874349.562,80188,1747907874330.938,-72,-1,-138
1747907874369.406,80209,1747907874350.781,-64,-1,-141
1747907874389.25,80210,1747907874370.594,-73,-1,-135
1747907874409.063,80232,1747907874390.4368,-63,-1,-143
1747907874428.906,80245,1747907874410.281,-65,-1,-142
1747907874448.781,80282,1747907874430.125,-73,-1,-136
1747907874468.625,80295,1747907874449.969,-65,-1,-142
1747907874488.437,80332,1747907874469.844,-65,-1,-141
1747907874508.281,80367,1747907874489.656,-61,-1,-134
1747907874528.125,80400,1747907874509.469,-76,-5,-113
1747907874548.031,80440,1747907874529.344,-71,-1,-144
1747907874567.781,80456,1747907874549.188,-64,1,-143
1747907874587.625,80484,1747907874569.0,-64,-1,-144
1747907874607.469,80511,1747907874588.875,-74,-1,-145
1747907874627.313,80489,1747907874608.687,-66,-1,-139
1747907874647.187,80437,1747907874628.531,-76,-1,-137
1747907874667.031,80356,1747907874648.406,-77,3,-141
1747907874686.906,80275,1747907874668.25,-66,-1,-138
1747907874706.75,80195,1747907874688.125,-77,7,-145
1747907874726.562,80121,1747907874707.969,-72,-1,-145
1747907874746.406,80055,1747907874727.813,-36,-1,-137
1747907874766.25,80026,1747907874747.5942,-71,-1,-141
1747907874786.094,79990,1747907874767.469,-78,-1,-142
1747907874805.938,79986,1747907874787.281,-64,-9,-141
1747907874825.844,79986,1747907874807.156,-64,-1,-141
1747907874845.656,79972,1747907874827.031,-76,-11,-145
1747907874865.531,79976,1747907874846.844,-63,-5,-153
1747907874885.438,79984,1747907874866.719,-71,-1,-140
1747907874905.156,80019,1747907874886.531,-69,-10,-148
1747907874925.062,80020,1747907874906.375,-80,-1,-144
1747907874944.906,80023,1747907874926.25,-68,-1,-148
1747907874964.719,80020,1747907874946.094,-65,7,-136
1747907874984.5632,80044,1747907874965.937,-61,-1,-143
1747907875004.406,80039,1747907874985.75,-73,-1,-138
1747907875024.25,80062,1747907875005.594,-66,-1,-141
1747907875044.094,80072,1747907875025.438,-64,-1,-141
1747907875063.875,80071,1747907875045.281,-76,-1,-138
1747907875083.75,80100,1747907875065.125,-65,-1,-138
1747907875103.594,80113,1747907875084.969,-72,-1,-133
1747907875123.437,80137,1747907875104.813,-72,-1,-140
1747907875143.25,80177,1747907875124.625,-66,-9,-136
1747907875163.094,80197,1747907875144.469,-73,-1,-145
1747907875182.938,80225,1747907875164.3118,-64,-1,-138
1747907875202.781,80240,1747907875184.125,-74,-1,-132
1747907875222.625,80270,1747907875203.969,-64,-1,-144
1747907875242.406,80296,1747907875223.813,-64,-1,-141
1747907875262.281,80323,1747907875243.625,-73,-1,-143
1747907875282.125,80341,1747907875263.5,-71,-1,-137
1747907875301.938,80315,1747907875283.344,-68,-1,-146
1747907875321.781,80268,1747907875303.125,-68,-1,-136
1747907875341.625,80210,1747907875323.0,-64,-1,-133
1747907875361.5,80139,1747907875342.875,-64,-1,-148
1747907875381.344,80073,1747907875362.687,-65,-2,-143
1747907875401.25,80007,1747907875382.5632,-64,-1,-140
1747907875421.0,79965,1747907875402.344,-60,-3,-143
1747907875440.938,79943,1747907875422.219,-64,-1,-143
1747907875460.6882,79930,1747907875442.156,-66,-1,-143
1747907875480.563,79921,1747907875461.906,-61,-1,-132
1747907875500.406,79942,1747907875481.75,-68,-1,-141
1747907875520.25,79959,1747907875501.594,-57,-5,-141
1747907875540.094,79996,1747907875521.4692,-70,-1,-145
1747907875559.906,80009,1747907875541.312,-68,-1,-146
1747907875579.813,80027,1747907875561.125,-63,-1,-141
1747907875599.625,80053,1747907875581.031,-76,-1,-140
1747907875619.437,80088,1747907875600.844,-67,-1,-145
1747907875639.281,80098,1747907875620.625,-66,-1,-146
1747907875659.125,80128,1747907875640.5,-64,7,-144
1747907875679.0,80142,1747907875660.344,-74,-1,-130
1747907875698.812,80170,1747907875680.188,-72,-1,-141
1747907875718.687,80208,1747907875700.031,-64,-1,-140
1747907875738.5,80232,1747907875719.875,-72,-1,-134
1747907875758.344,80263,1747907875739.687,-73,-1,-140
1747907875778.219,80312,1747907875759.531,-62,-1,-137
1747907875798.031,80339,1747907875779.438,-71,-2,-143
1747907875817.875,80384,1747907875799.25,-65,-5,-145
1747907875837.781,80418,1747907875819.062,-65,-1,-136
1747907875857.594,80449,1747907875838.969,-63,-9,-143
1747907875877.437,80486,1747907875858.813,-72,-1,-157
1747907875897.25,80547,1747907875878.625,-64,-1,-138
1747907875917.094,80589,1747907875898.469,-66,-1,-140
1747907875936.938,80620,1747907875918.406,-71,-1,-141
1747907875956.813,80618,1747907875938.156,-68,-1,-143
1747907875976.656,80596,1747907875958.0,-65,-1,-147
1747907875996.469,80553,1747907875977.844,-70,-1,-145
1747907876016.344,80505,1747907875997.687,-79,-1,-138
1747907876036.188,80457,1747907876017.562,-45,-1,-137
1747907876056.0,80406,1747907876037.406,-72,-1,-135
1747907876075.875,80352,1747907876057.25,-73,-1,-141
1747907876095.719,80326,1747907876077.063,-73,10,-146
1747907876115.563,80312,1747907876096.875,-72,-1,-145
1747907876135.406,80305,1747907876116.75,-73,-1,-136
1747907876155.25,80325,1747907876136.625,-72,-2,-145
1747907876175.125,80335,1747907876156.469,-76,-1,-136
1747907876194.969,80348,1747907876176.312,-64,-1,-136
1747907876214.844,80377,1747907876196.187,-68,7,-136
1747907876234.656,80402,1747907876216.031,-65,-1,-138
1747907876254.531,80436,1747907876235.875,-79,-1,-141
1747907876274.375,80467,1747907876255.719,-52,-1,-138
1747907876294.25,80501,1747907876275.562,-61,-1,-148
1747907876314.125,80521,1747907876295.437,-65,-1,-145
1747907876333.906,80558,1747907876315.281,-72,-1,-138
1747907876353.781,80589,1747907876335.094,-73,-1,-138
1747907876373.625,80611,1747907876354.969,-45,-13,-139
1747907876393.469,80656,1747907876374.8118,-72,-1,-145
1747907876413.344,80689,1747907876394.625,-71,-1,-137
1747907876433.156,80717,1747907876414.5,-81,-1,-136
1747907876453.031,80740,1747907876434.375,-64,-1,-137
1747907876472.844,80794,1747907876454.219,-62,-1,-144
1747907876492.656,80808,1747907876474.031,-75,-2,-161
1747907876512.531,80859,1747907876493.844,-64,-1,-144
1747907876532.375,80897,1747907876513.75,-69,-1,-136
1747907876552.187,80924,1747907876533.594,-72,-1,-140
1747907876572.063,80972,1747907876553.406,-73,-1,-148
1747907876591.906,81017,1747907876573.281,-63,-1,-144
1747907876611.75,81064,1747907876593.094,-65,-1,-141
1747907876631.594,81064,1747907876613.0,-67,-1,-137
1747907876651.406,81045,1747907876632.812,-68,-1,-137
1747907876671.25,80977,1747907876652.625,-75,-2,-133
1747907876691.156,80907,1747907876672.469,-76,-1,-138
1747907876710.969,80833,1747907876692.313,-65,-1,-138
1747907876730.812,80762,1747907876712.219,-79,-1,-141
1747907876750.719,80713,1747907876732.031,-64,-1,-138
1747907876770.531,80679,1747907876751.875,-64,-9,-136
1747907876790.344,80648,1747907876771.75,-65,-1,-142
1747907876810.187,80654,1747907876791.594,-77,-1,-141
1747907876830.062,80640,1747907876811.406,-64,-1,-153
1747907876849.906,80649,1747907876831.25,-66,-1,-136
1747907876869.75,80660,1747907876851.094,-64,-1,-140
1747907876889.563,80670,1747907876871.0,-69,-1,-142
1747907876909.437,80677,1747907876890.781,-79,-1,-141
1747907876929.281,80691,1747907876910.656,-64,-1,-140
1747907876949.125,80698,1747907876930.5,-65,-1,-141
1747907876969.063,80719,1747907876950.344,-68,-1,-138
1747907876988.812,80731,1747907876970.313,-76,-1,-138
1747907877008.656,80762,1747907876990.0,-74,-1,-148
1747907877028.5,80773,1747907877009.875,-68,-1,-141
1747907877048.313,80795,1747907877029.719,-81,-1,-143
1747907877068.188,80816,1747907877049.531,-66,-1,-144
1747907877088.0,80825,1747907877069.375,-69,-1,-141
1747907877107.844,80852,1747907877089.188,-65,-2,-132
1747907877127.687,80883,1747907877109.062,-72,-1,-144
1747907877147.531,80894,1747907877128.937,-63,-1,-142
1747907877167.375,80931,1747907877148.719,-65,-1,-136
1747907877187.219,80947,1747907877168.563,-67,-1,-132
1747907877207.031,80982,1747907877188.438,-77,-1,-139
1747907877226.875,81004,1747907877208.25,-64,-1,-143
1747907877246.75,81043,1747907877228.094,-64,-2,-140
1747907877266.594,81065,1747907877247.937,-72,-1,-136
1747907877286.437,81100,1747907877267.781,-68,-1,-145
1747907877306.281,81142,1747907877287.656,-61,-1,-144
1747907877326.094,81170,1747907877307.469,-72,-1,-145
1747907877345.969,81182,1747907877327.312,-77,-1,-145
1747907877365.906,81142,1747907877347.156,-65,-1,-142
1747907877385.625,81063,1747907877367.0,-65,-10,-137
1747907877405.594,80988,1747907877386.844,-71,-1,-145
1747907877425.313,80898,1747907877406.812,-77,-1,-141
1747907877445.188,80844,1747907877426.531,-73,-1,-128
1747907877465.0,80773,1747907877446.438,-61,-1,-144
1747907877484.844,80755,1747907877466.188,-72,-1,-141
1747907877504.687,80719,1747907877486.063,-69,-1,-145
1747907877524.563,80705,1747907877505.937,-61,-1,-137
1747907877544.375,80695,1747907877525.75,-69,-1,-144
1747907877564.219,80700,1747907877545.563,-71,-1,-138
1747907877584.094,80694,1747907877565.438,-72,-1,-141
1747907877603.906,80705,1747907877585.312,-64,-1,-138
1747907877623.781,80720,1747907877605.125,-71,12,-144
1747907877643.625,80740,1747907877625.0,-65,-1,-144
1747907877663.5,80725,1747907877644.969,-57,-1,-142
1747907877683.406,80741,1747907877664.688,-65,-1,-140
1747907877703.219,80768,1747907877684.625,-65,-9,-129
1747907877723.063,80766,1747907877704.437,-60,-1,-137
1747907877743.031,80784,1747907877724.281,-64,-1,-132
1747907877762.781,80808,1747907877744.281,-71,-1,-141
1747907877782.625,80820,1747907877764.0,-75,-1,-145
1747907877802.5,80863,1747907877783.844,-71,7,-141
1747907877822.313,80890,1747907877803.688,-61,-1,-142
1747907877842.187,80929,1747907877823.5,-73,7,-145
1747907877862.031,80939,1747907877843.406,-64,-1,-141
1747907877881.906,80965,1747907877863.25,-65,-1,-136
1747907877901.75,81004,1747907877883.125,-68,-1,-137
1747907877921.594,81031,1747907877902.969,-68,-1,-141
1747907877941.469,81063,1747907877922.813,-64,-1,-140
1747907877961.313,81104,1747907877942.656,-64,-1,-143
1747907877981.188,81144,1747907877962.531,-69,-1,-138
1747907878001.031,81179,1747907877982.406,-60,-1,-141
1747907878020.875,81223,1747907878002.25,-63,-4,-143
1747907878040.687,81277,1747907878022.094,-61,-1,-136
1747907878060.531,81320,1747907878041.906,-65,-1,-136
1747907878080.406,81372,1747907878061.75,-64,-1,-132
1747907878100.25,81402,1747907878081.594,-66,-1,-144
1747907878120.062,81366,1747907878101.469,-64,-1,-132
1747907878139.906,81304,1747907878121.281,-77,-1,-144
1747907878159.75,81241,1747907878141.094,-77,-1,-144
1747907878179.625,81183,1747907878160.969,-61,-1,-141
1747907878199.406,81138,1747907878180.813,-73,-1,-137
1747907878219.25,81092,1747907878200.625,-64,-1,-146
1747907878239.094,81041,1747907878220.5,-58,7,-138
1747907878258.969,81026,1747907878240.312,-68,-1,-137
1747907878278.75,81028,1747907878260.156,-64,-1,-141
1747907878298.594,81041,1747907878279.969,-64,-1,-141
1747907878318.5,81064,1747907878299.813,-76,-1,-139
1747907878338.312,81078,1747907878319.719,-66,-1,-130
1747907878358.125,81107,1747907878339.5,-72,-1,-141
1747907878377.969,81130,1747907878359.344,-72,-1,-140
1747907878397.844,81158,1747907878379.188,-81,-1,-136
1747907878417.687,81182,1747907878399.031,-74,-1,-138
1747907878437.5,81218,1747907878418.906,-68,-1,-140
1747907878457.375,81229,1747907878438.719,-75,-5,-136
1747907878477.219,81260,1747907878458.594,-77,-1,-136
1747907878497.062,81280,1747907878478.406,-68,-1,-140
1747907878516.906,81311,1747907878498.281,-68,-1,-144
1747907878536.719,81322,1747907878518.125,-64,-1,-141
1747907878556.594,81342,1747907878537.937,-64,-1,-141
1747907878576.437,81367,1747907878557.781,-63,7,-140
1747907878596.281,81411,1747907878577.625,-68,-1,-141
1747907878616.094,81449,1747907878597.469,-71,-1,-141
1747907878635.938,81489,1747907878617.312,-64,-1,-143
1747907878655.813,81519,1747907878637.156,-66,-1,-140
1747907878675.656,81572,1747907878657.031,-79,-1,-141
1747907878695.5,81600,1747907878676.875,-72,-1,-140
1747907878715.406,81644,1747907878696.719,-66,-1,-141
1747907878735.219,81669,1747907878716.562,-77,-1,-141
1747907878755.063,81745,1747907878736.406,-72,7,-142
1747907878774.906,81769,1747907878756.313,-72,-1,-144
1747907878794.75,81806,1747907878776.125,-64,-4,-145
1747907878814.625,81851,1747907878795.969,-64,-1,-138
1747907878834.469,81884,1747907878815.844,-64,-1,-134
1747907878854.312,81875,1747907878835.6882,-74,-1,-136
1747907878874.187,81867,1747907878855.531,-74,-1,-143
1747907878894.031,81820,1747907878875.375,-68,-1,-142
1747907878913.906,81780,1747907878895.219,-65,-1,-143
1747907878933.75,81746,1747907878915.094,-64,-1,-137
1747907878953.656,81723,1747907878934.969,-64,-1,-145
1747907878973.437,81708,1747907878954.781,-70,-1,-148
1747907878993.344,81705,1747907878974.625,-72,-1,-141
1747907879013.2192,81729,1747907878994.531,-61,-1,-141
1747907879033.062,81722,1747907879014.406,-72,-1,-141
1747907879052.937,81744,1747907879034.281,-75,-1,-141
1747907879072.781,81762,1747907879054.125,-77,-1,-146
1747907879092.625,81795,1747907879073.969,-73,-1,-145
1747907879112.469,81823,1747907879093.844,-69,-1,-141
1747907879132.344,81849,1747907879113.656,-64,-5,-116
1747907879152.219,81878,1747907879133.531,-64,-1,-138
1747907879172.031,81902,1747907879153.437,-65,-9,-141
1747907879191.906,81923,1747907879173.25,-65,-1,-151
1747907879211.781,81945,1747907879193.125,-69,-2,-141
1747907879231.688,81974,1747907879212.969,-65,-1,-141
1747907879251.469,82012,1747907879232.906,-64,-1,-138
1747907879271.344,82047,1747907879252.656,-64,-1,-139
1747907879291.187,82080,1747907879272.5,-68,-1,-139
1747907879311.062,82135,1747907879292.375,-74,-1,-144
1747907879330.875,82176,1747907879312.281,-73,-1,-138
1747907879350.75,82227,1747907879332.094,-64,-1,-136
1747907879370.625,82272,1747907879351.969,-74,-1,-134
1747907879390.469,82302,1747907879371.781,-61,-1,-143
1747907879410.312,82336,1747907879391.687,-50,14,-144
1747907879430.188,82387,1747907879411.5,-63,-1,-142
1747907879450.063,82421,1747907879431.375,-68,-1,-133
1747907879469.906,82460,1747907879451.25,-65,-1,-138
1747907879489.719,82493,1747907879471.063,-69,-1,-143
1747907879509.563,82543,1747907879490.937,-78,-1,-151
1747907879529.438,82575,1747907879510.781,-64,-1,-145
1747907879549.312,82568,1747907879530.656,-64,-1,-143
1747907879569.125,82548,1747907879550.5,-71,-1,-141
1747907879589.0,82506,1747907879570.344,-64,-1,-146
1747907879608.844,82463,1747907879590.219,-69,-2,-136
1747907879628.719,82409,1747907879610.063,-64,-1,-137
1747907879648.562,82373,1747907879629.906,-73,7,-145
1747907879668.406,82348,1747907879649.781,-66,-1,-136
1747907879688.281,82354,1747907879669.625,-80,-1,-135
1747907879708.125,82350,1747907879689.5,-69,-3,-142
1747907879728.0,82345,1747907879709.344,-68,-1,-141
1747907879747.812,82365,1747907879729.156,-80,-5,-136
1747907879767.656,82383,1747907879749.0,-68,-1,-142
1747907879787.5,82410,1747907879768.875,-61,-1,-144
1747907879807.344,82434,1747907879788.719,-64,-1,-135
1747907879827.219,82470,1747907879808.594,-62,-1,-143
1747907879847.094,82485,1747907879828.438,-57,-13,-138
1747907879866.969,82512,1747907879848.312,-72,-1,-136
1747907879886.844,82529,1747907879868.156,-64,-1,-141
1747907879906.656,82544,1747907879888.063,-73,-1,-129
1747907879926.531,82571,1747907879907.938,-68,-1,-143
1747907879946.375,82601,1747907879927.75,-78,-1,-136
1747907879966.219,82642,1747907879947.594,-66,-1,-129
1747907879986.063,82656,1747907879967.438,-65,-1,-137
1747907880006.031,82682,1747907879987.313,-68,-1,-140
1747907880025.781,82736,1747907880007.25,-75,-1,-138
1747907880045.625,82771,1747907880026.969,-63,-1,-137
1747907880065.5,82821,1747907880046.844,-68,7,-138
1747907880085.344,82861,1747907880066.719,-65,-2,-143
1747907880105.219,82880,1747907880086.531,-66,-1,-137
1747907880125.094,82949,1747907880106.437,-58,-1,-142
1747907880144.906,82980,1747907880126.281,-66,-25,-147
1747907880164.781,83008,1747907880146.125,-63,-1,-144
1747907880184.625,83061,1747907880165.969,-77,-1,-144
1747907880204.469,83101,1747907880185.844,-77,-1,-136
1747907880224.344,83155,1747907880205.719,-66,-1,-137
1747907880244.188,83181,1747907880225.531,-74,-1,-138
1747907880264.062,83184,1747907880245.375,-72,-1,-141
1747907880283.875,83139,1747907880265.25,-63,-9,-146
1747907880303.719,83094,1747907880285.125,-68,-1,-140
1747907880323.594,83053,1747907880304.9368,-79,-1,-137
1747907880343.469,83016,1747907880324.781,-70,-1,-146
1747907880363.281,82964,1747907880344.688,-68,-1,-136
1747907880383.188,82937,1747907880364.5,-64,-1,-137
1747907880403.031,82916,1747907880384.344,-68,-1,-136
1747907880422.906,82899,1747907880404.25,-51,-1,-138
1747907880442.75,82905,1747907880424.094,-71,-1,-143
1747907880462.625,82922,1747907880444.0,-66,-1,-141
1747907880482.469,82938,1747907880463.812,-81,24,-145
1747907880502.313,82952,1747907880483.656,-68,-1,-148
1747907880522.156,82964,1747907880503.563,-66,-1,-143
1747907880542.0,82977,1747907880523.406,-63,-9,-134
1747907880561.875,82987,1747907880543.25,-72,-1,-138
1747907880581.719,82997,1747907880563.094,-72,-1,-140
1747907880601.594,82991,1747907880582.938,-61,-1,-144
1747907880621.437,83017,1747907880602.844,-64,-1,-136
1747907880641.281,83016,1747907880622.625,-73,-1,-144
1747907880661.125,83023,1747907880642.5,-70,-1,-142
1747907880680.969,83042,1747907880662.344,-65,-1,-137
1747907880700.844,83064,1747907880682.156,-64,-1,-141
1747907880720.656,83067,1747907880702.0,-64,-4,-144
1747907880740.469,83102,1747907880721.875,-64,-1,-144
1747907880760.344,83116,1747907880741.687,-71,-1,-139
1747907880780.156,83157,1747907880761.563,-77,-1,-142
1747907880800.0,83187,1747907880781.375,-73,-1,-141
1747907880819.844,83225,1747907880801.188,-64,-1,-143
1747907880839.719,83268,1747907880821.062,-77,-1,-135
1747907880859.531,83304,1747907880840.906,-64,-1,-137
1747907880879.375,83338,1747907880860.719,-61,-2,-161
1747907880899.25,83361,1747907880880.563,-72,-1,-139
1747907880919.094,83394,1747907880900.438,-68,-1,-128
1747907880938.906,83421,1747907880920.281,-71,-1,-141
1747907880958.75,83482,1747907880940.125,-76,-1,-138
1747907880978.625,83514,1747907880959.969,-64,-1,-141
1747907880998.469,83533,1747907880979.813,-61,-1,-138
1747907881018.344,83541,1747907880999.656,-76,-1,-136
1747907881038.125,83504,1747907881019.562,-79,-1,-131
1747907881058.0,83447,1747907881039.344,-74,-3,-135
1747907881077.844,83387,1747907881059.188,-72,-1,-136
1747907881097.656,83327,1747907881079.063,-81,-1,-141
1747907881117.5,83261,1747907881098.875,-64,-1,-135
1747907881137.344,83219,1747907881118.719,-66,-1,-136
1747907881157.188,83204,1747907881138.531,-76,-13,-138
1747907881177.062,83185,1747907881158.375,-68,-1,-141
1747907881196.844,83184,1747907881178.25,-64,-1,-141
1747907881216.719,83184,1747907881198.031,-71,-1,-132
1747907881236.563,83190,1747907881217.906,-77,-1,-141
1747907881256.406,83218,1747907881237.75,-71,7,-141
1747907881276.25,83217,1747907881257.719,-64,-1,-142
1747907881296.094,83251,1747907881277.438,-72,-1,-144
1747907881315.938,83267,1747907881297.281,-81,-1,-141
1747907881335.781,83281,1747907881317.125,-65,-1,-137
1747907881355.594,83288,1747907881337.0,-72,-1,-136
1747907881375.437,83294,1747907881356.781,-72,-1,-141
1747907881395.281,83311,1747907881376.656,-68,-4,-138
1747907881415.219,83322,1747907881396.4692,-66,-1,-142
1747907881434.938,83350,1747907881416.344,-68,-8,-141
1747907881454.875,83373,1747907881436.188,-63,-1,-144
1747907881474.625,83393,1747907881456.063,-66,-1,-143
1747907881494.469,83426,1747907881475.813,-74,-1,-145
1747907881514.313,83449,1747907881495.719,-72,-1,-140
1747907881534.125,83486,1747907881515.531,-63,-1,-138
1747907881554.0,83522,1747907881535.344,-77,-1,-149
1747907881573.875,83549,1747907881555.219,-66,-1,-141
1747907881593.687,83594,1747907881575.063,-67,-1,-145
1747907881613.531,83619,1747907881594.906,-75,-1,-144
1747907881633.406,83661,1747907881614.75,-73,-1,-148
1747907881653.219,83697,1747907881634.625,-65,-1,-140
1747907881673.094,83741,1747907881654.438,-72,-1,-144
1747907881692.906,83768,1747907881674.2808,-63,-1,-138
1747907881712.75,83807,1747907881694.125,-60,-1,-144
1747907881732.594,83852,1747907881713.969,-69,-1,-137
1747907881752.469,83883,1747907881733.813,-65,-1,-144
1747907881772.312,83907,1747907881753.688,-65,-1,-138
1747907881792.156,83894,1747907881773.469,-71,-1,-145
1747907881812.031,83866,1747907881793.375,-72,-1,-145
1747907881831.875,83806,1747907881813.219,-64,-1,-120
1747907881851.719,83764,1747907881833.063,-68,-1,-144
1747907881871.562,83709,1747907881852.937,-65,-1,-136
1747907881891.406,83673,1747907881872.781,-66,-1,-145
1747907881911.25,83633,1747907881892.594,-64,-1,-136
1747907881931.062,83627,1747907881912.438,-77,-1,-141
1747907881950.937,83609,1747907881932.313,-71,-1,-141
1747907881970.781,83608,1747907881952.156,-69,12,-144
1747907881990.625,83616,1747907881972.0,-68,-1,-139
1747907882010.469,83631,1747907881991.844,-64,-2,-141
1747907882030.344,83650,1747907882011.688,-77,-1,-133
1747907882050.156,83677,1747907882031.563,-72,-1,-136
1747907882070.0,83681,1747907882051.344,-64,-1,-149
1747907882089.844,83703,1747907882071.187,-63,-1,-141
1747907882109.656,83692,1747907882091.031,-79,-1,-142
1747907882129.531,83715,1747907882110.875,-72,-1,-140
1747907882149.375,83728,1747907882130.719,-64,-1,-144
1747907882169.25,83738,1747907882150.594,-64,-1,-136
1747907882189.063,83764,1747907882170.437,-77,-1,-135
1747907882208.906,83764,1747907882190.25,-71,-1,-141
1747907882228.719,83783,1747907882210.094,-74,-1,-136
1747907882248.594,83808,1747907882229.906,-65,-1,-136
1747907882268.406,83831,1747907882249.8118,-77,-1,-132
1747907882288.25,83861,1747907882269.594,-56,-1,-141
1747907882308.125,83874,1747907882289.469,-72,-1,-136
1747907882327.9368,83897,1747907882309.344,-77,-1,-138
1747907882347.781,83917,1747907882329.156,-64,-1,-144
1747907882367.656,83950,1747907882348.969,-66,-1,-136
1747907882387.469,83953,1747907882368.844,-65,-1,-141
1747907882407.344,83999,1747907882388.656,-72,-1,-144
1747907882427.187,84042,1747907882408.531,-74,-1,-144
1747907882447.0,84058,1747907882428.375,-66,-25,-141
1747907882466.844,84087,1747907882448.219,-64,-1,-141
1747907882486.719,84116,1747907882468.062,-73,-1,-141
1747907882506.531,84156,1747907882487.906,-61,-1,-144
1747907882526.375,84154,1747907882507.812,-61,-1,-141
1747907882546.25,84118,1747907882527.594,-77,-1,-137
1747907882566.094,84090,1747907882547.469,-66,-1,-144
1747907882585.938,84036,1747907882567.281,-61,-1,-141
1747907882605.719,83984,1747907882587.156,-63,-1,-138
1747907882625.625,83967,1747907882606.938,-81,-1,-136
1747907882645.469,83928,1747907882626.812,-72,-1,-136
1747907882665.313,83915,1747907882646.656,-61,7,-141
1747907882685.156,83902,1747907882666.5,-63,7,-142
1747907882705.0,83909,1747907882686.344,-73,-1,-141
1747907882724.844,83920,1747907882706.187,-64,-1,-159
1747907882744.719,83956,1747907882726.062,-64,-1,-138
1747907882764.531,83980,1747907882745.938,-71,-1,-137
1747907882784.375,83998,1747907882765.719,-61,-9,-144
1747907882804.25,84015,1747907882785.594,-73,-1,-141
1747907882824.094,84044,1747907882805.437,-65,-1,-150
1747907882843.906,84036,1747907882825.312,-64,-1,-144
1747907882863.781,84067,1747907882845.094,-64,-1,-136
1747907882883.625,84072,1747907882864.969,-61,-1,-142
1747907882903.469,84101,1747907882884.813,-64,-1,-138
1747907882923.313,84113,1747907882904.687,-69,-1,-137
1747907882943.125,84133,1747907882924.5,-77,-1,-141
1747907882963.0,84158,1747907882944.344,-63,-1,-137
1747907882982.844,84181,1747907882964.188,-72,-1,-141
1747907883002.656,84207,1747907882984.062,-80,-1,-132
1747907883022.531,84250,1747907883003.875,-61,7,-140
1747907883042.375,84280,1747907883023.75,-61,-1,-144
1747907883062.219,84313,1747907883043.563,-64,7,-144
1747907883082.062,84355,1747907883063.406,-64,-1,-142
1747907883101.906,84388,1747907883083.312,-74,-1,-146
1747907883121.75,84424,1747907883103.094,-76,-1,-143
1747907883141.625,84476,1747907883122.937,-64,-1,-140
1747907883161.437,84505,1747907883142.813,-65,-1,-143
1747907883181.281,84551,1747907883162.656,-79,-1,-132
1747907883201.125,84593,1747907883182.5,-69,-1,-144
1747907883221.0,84629,1747907883202.344,-65,-1,-136
1747907883240.875,84640,1747907883222.219,-72,-1,-138
1747907883260.687,84619,1747907883242.063,-64,-1,-140
1747907883280.531,84585,1747907883261.906,-64,-1,-136
1747907883300.375,84539,1747907883281.719,-80,-1,-143
1747907883320.219,84485,1747907883301.594,-65,-1,-137
1747907883340.062,84434,1747907883321.438,-72,-1,-140
1747907883359.937,84396,1747907883341.25,-68,-1,-137
1747907883379.844,84379,1747907883361.125,-63,-1,-140
1747907883399.625,84356,1747907883381.0,-60,-8,-143
1747907883419.438,84354,1747907883400.812,-72,-1,-135
1747907883439.281,84356,1747907883420.656,-74,-1,-136
1747907883459.125,84383,1747907883440.469,-72,-1,-122
1747907883478.969,84380,1747907883460.344,-66,-1,-136
1747907883498.781,84377,1747907883480.156,-72,-1,-138
1747907883518.656,84399,1747907883500.063,-64,-1,-145
1747907883538.5,84428,1747907883519.844,-74,-1,-149
1747907883558.344,84442,1747907883539.719,-78,-1,-144
1747907883578.156,84434,1747907883559.562,-64,-1,-143
1747907883598.031,84460,1747907883579.406,-71,-1,-132
1747907883617.844,84483,1747907883599.219,-76,-1,-143
1747907883637.719,84514,1747907883619.031,-66,-1,-144
1747907883657.562,84551,1747907883638.937,-64,-1,-140
1747907883677.375,84572,1747907883658.812,-58,-1,-129
1747907883697.219,84595,1747907883678.562,-73,-1,-140
1747907883717.062,84640,1747907883698.469,-65,-1,-137
1747907883736.969,84683,1747907883718.281,-77,-1,-144
1747907883756.781,84715,1747907883738.156,-68,-1,-136
1747907883776.625,84764,1747907883758.0,-82,-1,-136
1747907883796.5,84779,1747907883777.812,-73,-9,-142
1747907883816.344,84814,1747907883797.719,-68,-1,-138
1747907883836.156,84854,1747907883817.563,-74,-1,-136
1747907883856.0,84886,1747907883837.375,-64,-1,-144
1747907883875.844,84922,1747907883857.187,-72,-1,-138
1747907883895.719,84948,1747907883877.094,-72,-1,-141
1747907883915.531,84984,1747907883896.938,-65,-1,-137
1747907883935.406,85039,1747907883916.75,-64,-1,-144
1747907883955.281,85070,1747907883936.594,-76,-1,-142
1747907883975.125,85083,1747907883956.469,-74,-1,-136
1747907883995.0,85055,1747907883976.3132,-79,-1,-145
1747907884014.812,85014,1747907883996.219,-58,-1,-136
1747907884034.656,84952,1747907884016.0,-73,-1,-137
1747907884054.531,84893,1747907884035.875,-63,-1,-136
1747907884074.344,84812,1747907884055.719,-71,-1,-139
1747907884094.187,84791,1747907884075.563,-64,-1,-142
1747907884114.062,84749,1747907884095.406,-72,-1,-141
1747907884133.906,84744,1747907884115.25,-68,-9,-133
1747907884153.719,84722,1747907884135.094,-64,7,-140
1747907884173.563,84715,1747907884154.938,-73,-1,-137
1747907884193.437,84731,1747907884174.781,-64,-1,-144
1747907884213.281,84728,1747907884194.625,-61,-1,-146
1747907884233.125,84734,1747907884214.469,-64,-1,-144
1747907884252.969,84736,1747907884234.375,-72,-1,-139
1747907884272.812,84741,1747907884254.156,-68,-1,-140
1747907884292.719,84763,1747907884274.0,-66,-1,-145
1747907884312.5,84761,1747907884293.906,-72,-5,-141
1747907884332.375,84764,1747907884313.719,-64,-1,-141
1747907884352.188,84772,1747907884333.594,-42,-1,-143
1747907884372.062,84774,1747907884353.406,-64,-1,-141
1747907884391.906,84789,1747907884373.25,-65,-1,-143
1747907884411.719,84803,1747907884393.125,-64,-4,-135
1747907884431.594,84811,1747907884412.937,-75,-1,-143
1747907884451.437,84819,1747907884432.813,-64,7,-141
1747907884471.281,84850,1747907884452.656,-69,1,-151
1747907884491.094,84866,1747907884472.5,-77,-1,-138
1747907884510.938,84883,1747907884492.344,-72,-2,-141
1747907884530.781,84934,1747907884512.156,-64,-1,-136
1747907884550.656,84937,1747907884532.0,-75,-1,-130
1747907884570.469,84968,1747907884551.875,-66,-1,-141
1747907884590.312,84987,1747907884571.687,-64,-1,-139
1747907884610.219,85021,1747907884591.531,-74,-1,-141
1747907884630.031,85046,1747907884611.438,-63,-1,-143
1747907884649.875,85054,1747907884631.219,-72,-1,-136
1747907884669.75,85095,1747907884651.094,-76,-1,-141
1747907884689.563,85130,1747907884670.906,-67,-5,-140
1747907884709.438,85170,1747907884690.781,-79,-1,-141
1747907884729.344,85183,1747907884710.656,-65,-1,-141
1747907884749.094,85148,1747907884730.469,-64,-9,-141
1747907884768.937,85101,1747907884750.313,-72,-2,-135
1747907884788.781,85032,1747907884770.156,-66,-1,-138
1747907884808.594,84969,1747907884789.969,-73,-1,-136
1747907884828.469,84909,1747907884809.813,-77,-1,-143
1747907884848.281,84867,1747907884829.656,-72,-1,-138
1747907884868.156,84826,1747907884849.562,-63,-1,-141
1747907884888.0,84799,1747907884869.344,-73,-1,-143
1747907884907.813,84800,1747907884889.219,-77,-1,-138
1747907884927.687,84770,1747907884909.0,-65,-1,-146
1747907884947.531,84774,1747907884928.906,-76,-1,-140
1747907884967.375,84776,1747907884948.719,-55,-1,-136
1747907884987.188,84770,1747907884968.5618,-61,-7,-138
1747907885007.063,84769,1747907884988.406,-73,-1,-136
1747907885026.875,84754,1747907885008.25,-72,-3,-146
1747907885046.75,84736,1747907885028.094,-76,-1,-132
1747907885066.531,84747,1747907885047.937,-77,-1,-136
1747907885086.406,84733,1747907885067.75,-74,-1,-143
1747907885106.281,84730,1747907885087.625,-68,-1,-141
1747907885126.094,84723,1747907885107.469,-65,-1,-137
1747907885145.937,84715,1747907885127.313,-75,-1,-132
1747907885165.781,84715,1747907885147.125,-65,-1,-141
1747907885185.625,84720,1747907885167.0,-63,-1,-139
1747907885205.469,84728,1747907885186.812,-77,-1,-136
1747907885225.281,84736,1747907885206.688,-76,-1,-143
1747907885245.125,84752,1747907885226.531,-72,-1,-141
1747907885265.0,84769,1747907885246.344,-64,-1,-141
1747907885284.844,84798,1747907885266.219,-73,-1,-135
1747907885304.688,84812,1747907885286.031,-63,-1,-137
1747907885324.5,84838,1747907885305.906,-72,-1,-137
1747907885344.344,84842,1747907885325.688,-63,-1,-145
1747907885364.188,84873,1747907885345.562,-65,-10,-137
1747907885384.063,84887,1747907885365.406,-71,-1,-133
1747907885403.8442,84896,1747907885385.25,-66,-1,-142
1747907885423.719,84924,1747907885405.063,-63,-1,-129
1747907885443.594,84949,1747907885425.0,-71,-1,-138
1747907885463.406,84970,1747907885444.781,-74,-9,-138
1747907885483.25,84962,1747907885464.625,-64,-2,-145
1747907885503.094,84919,1747907885484.406,-64,-1,-138
1747907885522.937,84841,1747907885504.281,-64,-2,-152
1747907885542.813,84772,1747907885524.156,-66,-1,-141
1747907885562.625,84713,1747907885544.031,-72,-1,-130
1747907885582.469,84646,1747907885563.812,-72,-1,-137
1747907885602.312,84596,1747907885583.625,-73,-3,-145
1747907885622.125,84560,1747907885603.5,-65,-1,-141
1747907885641.969,84529,1747907885623.344,-45,-1,-143
1747907885661.813,84508,1747907885643.187,-73,-1,-139
1747907885681.6558,84495,1747907885663.0,-68,-1,-143
1747907885701.531,84503,1747907885682.844,-79,-1,-143
1747907885721.344,84497,1747907885702.719,-61,-1,-141
1747907885741.188,84518,1747907885722.562,-61,-1,-140
1747907885761.031,84522,1747907885742.406,-61,-4,-145
1747907885780.875,84526,1747907885762.25,-76,-1,-136
1747907885800.75,84537,1747907885782.125,-69,-1,-138
1747907885820.5618,84530,1747907885801.938,-71,-1,-141
1747907885840.406,84539,1747907885821.781,-68,-1,-143
1747907885860.25,84535,1747907885841.625,-65,-1,-133
1747907885880.125,84537,1747907885861.438,-64,-1,-137
1747907885899.937,84553,1747907885881.313,-66,-1,-137
1747907885919.781,84560,1747907885901.156,-57,-1,-136
1747907885939.656,84576,1747907885920.969,-74,-1,-142
1747907885959.5,84607,1747907885940.844,-75,-1,-143
1747907885979.312,84623,1747907885960.6882,-69,-1,-141
1747907885999.312,84652,1747907885980.531,-64,-1,-137
1747907886019.063,84672,1747907886000.437,-61,-15,-138
1747907886038.875,84683,1747907886020.219,-66,-25,-141
1747907886058.688,84725,1747907886040.125,-64,-1,-142
1747907886078.531,84737,1747907886059.906,-69,-1,-137
1747907886098.375,84764,1747907886079.75,-66,-1,-136
1747907886118.25,84790,1747907886099.5942,-64,-1,-144
1747907886138.031,84823,1747907886119.437,-63,-1,-144
1747907886157.906,84849,1747907886139.281,-76,-1,-138
1747907886177.75,84883,1747907886159.094,-68,-1,-137
1747907886197.594,84897,1747907886178.969,-80,-1,-132
1747907886217.438,84886,1747907886198.781,-65,-1,-143
1747907886237.25,84849,1747907886218.656,-69,-1,-142
1747907886257.094,84801,1747907886238.437,-84,-1,-145
1747907886276.937,84748,1747907886258.281,-76,-1,-145
1747907886296.844,84697,1747907886278.156,-71,-1,-138
1747907886316.625,84635,1747907886298.031,-64,-1,-138
1747907886336.469,84602,1747907886317.812,-69,-1,-142
1747907886356.344,84572,1747907886337.656,-65,-1,-141
1747907886376.187,84545,1747907886357.531,-66,-1,-144
1747907886396.0,84546,1747907886377.4058,-71,-1,-137
1747907886415.875,84545,1747907886397.219,-61,-1,-138
1747907886435.719,84551,1747907886417.062,-64,-1,-145
1747907886455.594,84565,1747907886436.906,-64,-1,-136
1747907886475.406,84583,1747907886456.813,-71,-1,-142
1747907886495.25,84591,1747907886476.625,-63,-1,-141
1747907886515.125,84599,1747907886496.469,-72,-1,-141
1747907886534.969,84626,1747907886516.344,-73,-1,-136
1747907886554.781,84629,1747907886536.156,-64,-1,-143
1747907886574.656,84658,1747907886556.031,-63,-1,-141
1747907886594.5,84656,1747907886575.844,-64,-1,-134
1747907886614.344,84670,1747907886595.687,-77,-2,-134
1747907886634.25,84674,1747907886615.594,-74,-1,-136
1747907886654.031,84694,1747907886635.406,-64,-8,-141
1747907886673.906,84717,1747907886655.219,-77,-1,-138
1747907886693.719,84752,1747907886675.094,-72,-1,-141
1747907886713.531,84782,1747907886694.937,-65,-1,-130
1747907886733.406,84828,1747907886714.781,-65,-2,-140
1747907886753.219,84833,1747907886734.625,-68,-1,-142
1747907886773.094,84877,1747907886754.437,-68,-1,-147
1747907886792.938,84923,1747907886774.312,-65,-1,-138
1747907886812.75,84967,1747907886794.156,-77,-1,-140
1747907886832.594,84996,1747907886813.969,-74,-1,-141
1747907886852.469,85040,1747907886833.781,-73,-1,-138
1747907886872.313,85077,1747907886853.687,-63,-1,-138
1747907886892.125,85111,1747907886873.5,-68,-1,-137
1747907886912.0,85142,1747907886893.312,-72,-1,-135
1747907886931.844,85182,1747907886913.188,-64,-1,-141
1747907886951.687,85196,1747907886933.031,-66,-1,-138
1747907886971.5,85187,1747907886952.906,-80,-1,-144
1747907886991.344,85135,1747907886972.719,-71,-1,-136
1747907887011.219,85071,1747907886992.563,-65,-1,-140
1747907887031.0618,85006,1747907887012.438,-66,-1,-137
1747907887050.875,84928,1747907887032.281,-69,-1,-114
1747907887070.75,84871,1747907887052.062,-64,-1,-143
1747907887090.563,84830,1747907887071.937,-64,-1,-144
1747907887110.437,84791,1747907887091.781,-72,-1,-144
1747907887130.25,84764,1747907887111.594,-71,-1,-141
1747907887150.094,84753,1747907887131.5,-74,-1,-138
1747907887169.938,84735,1747907887151.312,-75,-1,-138
1747907887189.813,84723,1747907887171.156,-72,-1,-144
1747907887209.625,84728,1747907887191.031,-77,-1,-138
1747907887229.469,84721,1747907887210.844,-64,-1,-144
1747907887249.312,84718,1747907887230.656,-64,-1,-136
1747907887269.156,84715,1747907887250.562,-89,-1,-140
1747907887289.0,84727,1747907887270.344,-68,-1,-140
1747907887308.844,84726,1747907887290.188,-74,-1,-141
1747907887328.687,84739,1747907887310.031,-80,-4,-138
1747907887348.531,84735,1747907887329.875,-71,-1,-135
1747907887368.375,84753,1747907887349.75,-77,-1,-136
1747907887388.188,84752,1747907887369.594,-65,-1,-145
1747907887408.062,84762,1747907887389.406,-72,-1,-130
1747907887427.937,84754,1747907887409.25,-64,-7,-141
1747907887447.781,84772,1747907887429.125,-66,-1,-139
1747907887467.625,84791,1747907887449.0,-65,-1,-141
1747907887487.469,84827,1747907887468.813,-72,-1,-141
1747907887507.344,84844,1747907887488.688,-65,-1,-143
1747907887527.219,84868,1747907887508.594,-78,-1,-138
1747907887547.031,84887,1747907887528.406,-68,-1,-144
1747907887566.937,84912,1747907887548.25,-67,-1,-142
1747907887586.781,84933,1747907887568.156,-66,-1,-141
1747907887606.656,84981,1747907887587.969,-41,-1,-145
1747907887626.5,85010,1747907887607.875,-62,-1,-132
1747907887646.344,85036,1747907887627.687,-68,-1,-136
1747907887666.219,85065,1747907887647.563,-81,-1,-136
1747907887686.094,85109,1747907887667.406,-74,-1,-141
1747907887705.938,85138,1747907887687.3118,-64,-1,-141
1747907887725.813,85151,1747907887707.125,-62,-1,-120
1747907887745.687,85117,1747907887727.063,-68,-1,-140
1747907887765.531,85061,1747907887746.906,-72,-1,-137
1747907887785.375,84996,1747907887766.781,-66,-1,-143
1747907887805.25,84943,1747907887786.594,-68,-1,-141
1747907887825.156,84875,1747907887806.469,-64,-1,-144
1747907887844.969,84825,1747907887826.344,-65,-1,-145
1747907887864.813,84793,1747907887846.187,-73,7,-138
1747907887884.656,84760,1747907887866.031,-80,-1,-136
1747907887904.562,84727,1747907887885.875,-64,-1,-142
1747907887924.406,84725,1747907887905.75,-64,-1,-138
1747907887944.25,84726,1747907887925.625,-64,-1,-133
1747907887964.125,84711,1747907887945.437,-73,-1,-141
1747907887984.031,84717,1747907887965.312,-72,-1,-136
1747907888003.844,84718,1747907887985.188,-52,-7,-137
1747907888023.656,84734,1747907888005.031,-64,-1,-145
1747907888043.531,84722,1747907888024.875,-74,-1,-138
1747907888063.406,84743,1747907888044.719,-65,-1,-143
1747907888083.25,84745,1747907888064.625,-74,-1,-139
1747907888103.062,84748,1747907888084.438,-77,-1,-146
1747907888122.937,84746,1747907888104.281,-69,-1,-136
1747907888142.813,84769,1747907888124.156,-74,-1,-136
1747907888162.656,84775,1747907888144.0,-73,-1,-141
1747907888182.5,84798,1747907888163.875,-73,-1,-152
1747907888202.375,84821,1747907888183.656,-68,-1,-137
1747907888222.25,84834,1747907888203.594,-71,-1,-120
1747907888242.125,84870,1747907888223.5,-77,-1,-133
1747907888262.062,84890,1747907888243.313,-66,-1,-133
1747907888281.781,84921,1747907888263.25,-71,-1,-136
1747907888301.656,84936,1747907888283.0,-60,-1,-135
1747907888321.563,84979,1747907888302.875,-77,-1,-136
1747907888341.375,84998,1747907888322.781,-89,-1,-141
1747907888361.25,85026,1747907888342.594,-70,-1,-141
1747907888381.094,85043,1747907888362.406,-64,-1,-141
1747907888400.938,85086,1747907888382.281,-64,-17,-144
1747907888420.781,85123,1747907888402.125,-71,-1,-139
1747907888440.625,85152,1747907888422.0,-76,-1,-137
1747907888460.5,85200,1747907888441.844,-74,-1,-128
1747907888480.375,85255,1747907888461.719,-64,-1,-141
1747907888500.1882,85286,1747907888481.594,-66,-1,-148
1747907888520.062,85268,1747907888501.406,-66,-1,-134
1747907888539.906,85251,1747907888521.281,-80,-1,-138
1747907888559.781,85195,1747907888541.125,-73,-1,-140
1747907888579.594,85145,1747907888560.969,-61,-1,-138
1747907888599.5,85078,1747907888580.781,-76,-1,-143
1747907888619.312,85022,1747907888600.719,-66,-1,-137
1747907888639.187,84976,1747907888620.531,-72,-1,-144
1747907888659.031,84945,1747907888640.406,-68,-1,-144
1747907888678.875,84927,1747907888660.219,-72,-1,-141
1747907888698.75,84919,1747907888680.063,-60,-1,-141
1747907888718.625,84904,1747907888699.969,-72,-1,-145
1747907888738.437,84908,1747907888719.812,-72,-1,-145
1747907888758.281,84918,1747907888739.625,-77,-1,-141
1747907888778.156,84913,1747907888759.5,-59,-1,-144
1747907888798.0,84917,1747907888779.344,-72,-1,-161
1747907888817.844,84929,1747907888799.219,-73,-1,-136
1747907888837.688,84912,1747907888819.031,-74,-1,-136
1747907888857.531,84927,1747907888838.906,-72,-1,-141
1747907888877.4058,84939,1747907888858.75,-65,-1,-145
1747907888897.219,84937,1747907888878.625,-65,-1,-141
1747907888917.094,84946,1747907888898.438,-64,-1,-140
1747907888936.938,84953,1747907888918.281,-68,-1,-141
1747907888956.781,84980,1747907888938.188,-75,-1,-144
1747907888976.625,84997,1747907888958.0,-64,-1,-142
1747907888996.469,85035,1747907888977.844,-61,-1,-141
1747907889016.344,85051,1747907888997.75,-74,-1,-141
1747907889036.219,85071,1747907889017.562,-73,-1,-141
1747907889056.031,85110,1747907889037.406,-64,-1,-141
1747907889075.875,85134,1747907889057.281,-64,-9,-145
1747907889095.75,85164,1747907889077.094,-64,-1,-141
1747907889115.594,85200,1747907889096.969,-72,-1,-141
1747907889135.438,85227,1747907889116.812,-64,-4,-145
1747907889155.312,85254,1747907889136.688,-74,-1,-137
1747907889175.156,85289,1747907889156.5,-72,-1,-128
1747907889195.031,85327,1747907889176.344,-77,-1,-138
1747907889214.844,85353,1747907889196.219,-74,-1,-144
1747907889234.688,85377,1747907889216.094,-64,-1,-147
1747907889254.562,85419,1747907889235.906,-63,-1,-142
1747907889274.406,85405,1747907889255.781,-66,-1,-144
1747907889294.313,85369,1747907889275.625,-74,-1,-132
1747907889314.125,85321,1747907889295.469,-68,-1,-143
1747907889333.9692,85265,1747907889315.344,-66,-1,-141
1747907889353.844,85203,1747907889335.188,-49,-1,-138
1747907889373.688,85157,1747907889355.062,-73,-1,-141
1747907889393.5,85129,1747907889374.906,-66,-1,-137
1747907889413.375,85089,1747907889394.75,-77,-1,-138
1747907889433.281,85076,1747907889414.594,-65,-1,-136
1747907889453.125,85071,1747907889434.469,-76,-1,-138
1747907889472.969,85065,1747907889454.312,-64,-1,-141
1747907889492.875,85058,1747907889474.188,-64,-1,-132
1747907889512.656,85077,1747907889494.031,-69,0,-140
1747907889532.531,85074,1747907889513.875,-74,-1,-143
1747907889552.344,85090,1747907889533.75,-64,-1,-143
1747907889572.188,85070,1747907889553.562,-71,-1,-140
1747907889592.031,85092,1747907889573.469,-64,-1,-145
1747907889611.906,85076,1747907889593.25,-72,-1,-141
1747907889631.75,85092,1747907889613.094,-64,-1,-145
1747907889651.563,85107,1747907889632.906,-68,-1,-146
1747907889671.406,85128,1747907889652.781,-78,-1,-138
1747907889691.281,85174,1747907889672.625,-65,7,-143
1747907889711.094,85222,1747907889692.469,-72,-1,-141
1747907889730.937,85272,1747907889712.344,-74,-1,-144
1747907889750.781,85301,1747907889732.156,-64,-1,-139
1747907889770.625,85341,1747907889752.0,-79,-1,-138
1747907889790.469,85383,1747907889771.844,-73,-1,-136
1747907889810.312,85415,1747907889791.688,-69,-1,-153
1747907889830.156,85447,1747907889811.531,-72,-1,-137
1747907889850.0,85490,1747907889831.375,-64,-1,-141
1747907889869.844,85537,1747907889851.219,-64,-1,-141
1747907889889.687,85568,1747907889871.063,-71,-1,-144
1747907889909.531,85601,1747907889890.906,-72,-1,-136
1747907889929.375,85643,1747907889910.719,-64,-1,-134
1747907889949.25,85671,1747907889930.562,-72,-1,-132
1747907889969.031,85705,1747907889950.5,-68,-1,-142
1747907889988.875,85722,1747907889970.25,-61,-1,-137
1747907890008.75,85704,1747907889990.094,-72,-1,-137
1747907890028.594,85647,1747907890009.969,-65,-1,-146
1747907890048.406,85596,1747907890029.781,-63,-1,-143
1747907890068.25,85525,1747907890049.594,-61,-1,-137
1747907890088.094,85455,1747907890069.5,-77,1,-144
1747907890107.969,85395,1747907890089.313,-64,-1,-137
1747907890127.781,85359,1747907890109.156,-69,-1,-144
1747907890147.625,85317,1747907890128.969,-64,-1,-128
1747907890167.469,85305,1747907890148.844,-63,-1,-143
1747907890187.3118,85275,1747907890168.688,-72,-1,-141
1747907890207.125,85257,1747907890188.5,-64,-1,-141
1747907890227.0,85251,1747907890208.344,-71,-1,-136
1747907890246.813,85250,1747907890228.187,-64,-1,-144
1747907890266.687,85227,1747907890248.031,-71,7,-139
1747907890286.5,85227,1747907890267.875,-74,-1,-135
1747907890306.344,85239,1747907890287.719,-72,-1,-144
1747907890326.156,85233,1747907890307.531,-64,-1,-140
1747907890346.125,85227,1747907890327.375,-76,-1,-143
1747907890365.875,85211,1747907890347.219,-56,-5,-136
1747907890385.687,85207,1747907890367.094,-66,-1,-136
1747907890405.531,85198,1747907890386.875,-74,-1,-144
1747907890425.375,85204,1747907890406.75,-66,-1,-127
1747907890445.219,85199,1747907890426.625,-74,-1,-143
1747907890465.0,85209,1747907890446.406,-74,-1,-140
1747907890484.875,85219,1747907890466.219,-66,-2,-145
1747907890504.719,85241,1747907890486.094,-68,-1,-143
1747907890524.563,85259,1747907890505.937,-81,-1,-141
1747907890544.375,85273,1747907890525.781,-76,14,-140
1747907890564.219,85308,1747907890545.563,-64,-1,-143
1747907890584.094,85331,1747907890565.438,-67,-1,-144
1747907890603.906,85350,1747907890585.281,-65,7,-139
1747907890623.75,85383,1747907890605.156,-73,-1,-135
1747907890643.563,85398,1747907890624.969,-49,-1,-141
1747907890663.437,85419,1747907890644.75,-72,7,-143
1747907890683.312,85448,1747907890664.656,-76,-1,-137
1747907890703.125,85480,1747907890684.5,-64,-1,-145
1747907890722.938,85501,1747907890704.344,-77,-1,-138
1747907890742.781,85473,1747907890724.156,-66,-1,-143
1747907890762.625,85428,1747907890744.0,-64,-1,-145
1747907890782.5,85367,1747907890763.844,-69,-1,-140
1747907890802.281,85307,1747907890783.719,-63,-1,-141
1747907890822.156,85234,1747907890803.5,-68,-1,-144
1747907890842.0,85181,1747907890823.312,-68,-1,-145
1747907890861.812,85133,1747907890843.219,-62,-1,-146
1747907890881.656,85113,1747907890863.063,-65,-1,-145
1747907890901.5,85077,1747907890882.844,-64,-1,-141
1747907890921.344,85072,1747907890902.687,-56,-9,-137
1747907890941.188,85047,1747907890922.531,-76,-1,-137
1747907890961.0,85053,1747907890942.406,-61,7,-141
1747907890980.844,85041,1747907890962.219,-63,-1,-137
1747907891000.719,85048,1747907890982.062,-72,-1,-141
1747907891020.563,85054,1747907891001.906,-77,-1,-146
1747907891040.375,85063,1747907891021.75,-65,-4,-153
1747907891060.219,85070,1747907891041.594,-65,-1,-142
1747907891080.062,85071,1747907891061.406,-61,-1,-138
1747907891099.938,85068,1747907891081.281,-73,-1,-136
1747907891119.781,85075,1747907891101.156,-76,-1,-136
1747907891139.594,85085,1747907891120.969,-63,-1,-137
1747907891159.469,85082,1747907891140.8132,-67,-2,-143
1747907891179.312,85102,1747907891160.687,-64,-1,-136
1747907891199.156,85101,1747907891180.531,-80,-1,-137
1747907891219.0,85131,1747907891200.375,-63,-1,-132
1747907891238.844,85139,1747907891220.188,-76,-1,-139
1747907891258.687,85184,1747907891240.063,-84,-1,-135
1747907891278.531,85208,1747907891259.906,-64,-2,-138
1747907891298.438,85228,1747907891279.75,-64,-1,-136
1747907891318.188,85266,1747907891299.562,-66,-2,-141
1747907891338.062,85306,1747907891319.375,-64,-1,-136
1747907891357.937,85325,1747907891339.25,-68,-1,-140
1747907891377.719,85366,1747907891359.125,-66,-1,-136
1747907891397.594,85387,1747907891378.937,-64,-2,-138
1747907891417.438,85438,1747907891398.813,-71,-1,-136
1747907891437.281,85462,1747907891418.625,-65,-9,-145
1747907891457.125,85478,1747907891438.5,-63,-1,-145
1747907891477.0,85497,1747907891458.344,-74,-1,-134
1747907891496.813,85482,1747907891478.187,-72,-1,-138
1747907891516.656,85447,1747907891498.031,-64,-1,-136
1747907891536.469,85382,1747907891517.875,-75,-1,-144
1747907891556.312,85337,1747907891537.719,-70,-1,-144
1747907891576.219,85285,1747907891557.531,-65,-1,-141
1747907891596.031,85226,1747907891577.437,-63,-1,-140
1747907891615.875,85202,1747907891597.25,-73,-1,-142
1747907891635.687,85181,1747907891617.094,-64,-1,-141
1747907891655.562,85147,1747907891636.906,-65,-1,-140
1747907891675.406,85118,1747907891656.781,-72,-1,-148
1747907891695.25,85122,1747907891676.594,-65,-1,-140
1747907891715.062,85116,1747907891696.469,-64,-1,-112
1747907891734.906,85106,1747907891716.281,-77,-1,-137
1747907891754.781,85119,1747907891736.125,-72,-1,-141
1747907891774.625,85134,1747907891755.969,-72,-1,-144
1747907891794.438,85129,1747907891775.812,-61,-1,-143
1747907891814.281,85156,1747907891795.656,-63,-2,-141
1747907891834.094,85167,1747907891815.469,-58,-1,-138
1747907891853.969,85177,1747907891835.281,-69,-1,-143
1747907891873.75,85182,1747907891855.187,-77,-1,-136
1747907891893.594,85189,1747907891875.0,-64,-1,-141
1747907891913.469,85202,1747907891894.813,-76,-1,-136
1747907891933.281,85227,1747907891914.656,-76,-1,-141
1747907891953.125,85225,1747907891934.5,-66,-1,-135
1747907891972.938,85245,1747907891954.375,-63,-1,-146
1747907891992.813,85290,1747907891974.156,-77,0,-132
1747907892012.687,85314,1747907891994.0,-65,-1,-136
1747907892032.531,85336,1747907892013.875,-52,-1,-146
1747907892052.344,85386,1747907892033.687,-66,7,-128
1747907892072.188,85416,1747907892053.531,-65,-1,-141
1747907892092.062,85451,1747907892073.406,-64,-1,-135
1747907892111.906,85475,1747907892093.313,-65,-1,-128
1747907892131.719,85510,1747907892113.125,-61,-1,-136
1747907892151.594,85541,1747907892132.906,-72,-1,-144
1747907892171.469,85572,1747907892152.812,-65,-1,-136
1747907892191.312,85596,1747907892172.656,-61,7,-141
1747907892211.125,85644,1747907892192.5,-77,-1,-141
1747907892230.969,85661,1747907892212.312,-69,-1,-143
1747907892250.813,85655,1747907892232.187,-64,-1,-141
1747907892270.688,85600,1747907892252.031,-81,-1,-137
1747907892290.5,85569,1747907892271.875,-64,-1,-143
1747907892310.344,85509,1747907892291.688,-68,-1,-138
1747907892330.219,85477,1747907892311.562,-68,-9,-144
1747907892350.063,85442,1747907892331.406,-65,-1,-136
1747907892369.875,85426,1747907892351.219,-72,-1,-141
1747907892389.719,85399,1747907892371.094,-74,-1,-128
1747907892409.594,85383,1747907892390.938,-76,-1,-136
1747907892429.406,85392,1747907892410.781,-74,-1,-146
1747907892449.219,85422,1747907892430.625,-67,-1,-140
1747907892469.094,85418,1747907892450.438,-64,-1,-136
1747907892488.937,85430,1747907892470.313,-73,-1,-145
1747907892508.781,85437,1747907892490.094,-73,-1,-137
1747907892528.625,85442,1747907892510.0,-74,-1,-138
1747907892548.438,85448,1747907892529.844,-64,-1,-141
1747907892568.281,85438,1747907892549.625,-64,-2,-141
1747907892588.25,85426,1747907892569.5,-63,-1,-143
1747907892608.0,85426,1747907892589.344,-52,3,-141
1747907892627.813,85427,1747907892609.1868,-72,-1,-140
1747907892647.656,85439,1747907892629.0,-65,-1,-138
1747907892667.5,85440,1747907892648.844,-77,-1,-126
1747907892687.344,85464,1747907892668.719,-65,-1,-144
1747907892707.156,85482,1747907892688.562,-65,-1,-141
1747907892727.0,85484,1747907892708.344,-69,-1,-145
1747907892746.844,85506,1747907892728.219,-72,-1,-141
1747907892766.656,85535,1747907892748.031,-65,7,-140
1747907892786.5,85558,1747907892767.875,-74,-1,-144
1747907892806.344,85576,1747907892787.75,-65,-1,-137
1747907892826.188,85600,1747907892807.562,-72,-1,-135
1747907892846.063,85629,1747907892827.406,-73,7,-142
1747907892865.875,85651,1747907892847.25,-66,-1,-136
1747907892885.687,85668,1747907892867.094,-57,-1,-136
1747907892905.531,85694,1747907892886.906,-64,-1,-140
1747907892925.375,85711,1747907892906.75,-72,-1,-141
1747907892945.219,85707,1747907892926.562,-80,-1,-143
1747907892965.062,85685,1747907892946.438,-66,-1,-142
1747907892984.906,85632,1747907892966.25,-72,-1,-141
1747907893004.781,85584,1747907892986.125,-71,-4,-145
1747907893024.625,85544,1747907893006.0,-66,-1,-138
1747907893044.4692,85504,1747907893025.812,-64,-1,-136
1747907893064.344,85473,1747907893045.656,-77,-1,-130
1747907893084.187,85443,1747907893065.531,-72,-1,-144
1747907893104.031,85434,1747907893085.406,-64,-1,-141
1747907893123.875,85416,1747907893105.25,-58,-1,-137
1747907893143.75,85421,1747907893125.094,-68,-1,-136
1747907893163.656,85427,1747907893144.969,-76,-1,-138
1747907893183.438,85427,1747907893164.781,-73,-1,-138
1747907893203.281,85451,1747907893184.656,-72,-1,-141
1747907893223.125,85439,1747907893204.5,-69,-1,-136
1747907893242.969,85449,1747907893224.313,-65,7,-144
1747907893262.812,85461,1747907893244.188,-68,-1,-136
1747907893282.656,85461,1747907893264.031,-77,-9,-153
1747907893302.531,85472,1747907893283.875,-67,-1,-137
1747907893322.375,85486,1747907893303.75,-62,-1,-136
1747907893342.25,85493,1747907893323.594,-77,-5,-136
1747907893362.188,85510,1747907893343.469,-79,-1,-138
1747907893381.938,85507,1747907893363.281,-78,-16,-132
1747907893401.813,85520,1747907893383.125,-79,-1,-140
1747907893421.6868,85556,1747907893403.063,-68,-1,-135
1747907893441.5,85576,1747907893422.875,-72,-1,-147
1747907893461.375,85607,1747907893442.75,-64,-1,-147
1747907893481.219,85619,1747907893462.562,-63,-1,-141
1747907893501.094,85646,1747907893482.438,-74,-2,-144
1747907893520.906,85671,1747907893502.281,-77,3,-141
1747907893540.75,85700,1747907893522.125,-66,-1,-136
1747907893560.625,85736,1747907893541.969,-57,-1,-143
1747907893580.469,85779,1747907893561.812,-68,-1,-137
1747907893600.312,85834,1747907893581.656,-64,-1,-137
1747907893620.156,85849,1747907893601.562,-66,-1,-140
1747907893640.0,85863,1747907893621.375,-64,-1,-140
1747907893659.875,85828,1747907893641.219,-80,-1,-138
1747907893679.688,85767,1747907893661.094,-73,-9,-130
1747907893699.531,85705,1747907893680.938,-73,-1,-144
1747907893719.375,85648,1747907893700.75,-71,15,-147
1747907893739.25,85603,1747907893720.594,-78,-1,-136
1747907893759.094,85573,1747907893740.469,-77,-1,-143
1747907893778.906,85550,1747907893760.281,-63,-1,-160
1747907893798.781,85523,1747907893780.125,-66,-1,-138
1747907893818.625,85517,1747907893799.969,-72,-1,-147
1747907893838.531,85512,1747907893819.812,-61,7,-138
1747907893858.281,85507,1747907893839.656,-76,-1,-137
1747907893878.125,85508,1747907893859.5,-72,-1,-138
1747907893898.0,85502,1747907893879.344,-65,-1,-141
1747907893917.813,85508,1747907893899.187,-61,7,-145
1747907893937.719,85491,1747907893919.031,-74,-1,-136
1747907893957.469,85503,1747907893938.844,-76,-9,-145
1747907893977.344,85493,1747907893958.688,-63,-1,-141
1747907893997.187,85483,1747907893978.563,-73,-1,-141
1747907894017.0,85498,1747907893998.375,-68,-1,-128
1747907894036.875,85509,1747907894018.219,-77,-2,-136
1747907894056.719,85524,1747907894038.031,-64,-9,-140
1747907894076.562,85535,1747907894057.906,-66,-1,-138
1747907894096.406,85533,1747907894077.781,-63,-1,-144
1747907894116.25,85552,1747907894097.625,-68,-1,-136
1747907894136.094,85559,1747907894117.4368,-66,-1,-137
1747907894156.031,85562,1747907894137.281,-61,7,-138
1747907894175.781,85588,1747907894157.219,-68,-1,-135
1747907894195.594,85606,1747907894177.031,-61,-1,-135
1747907894215.469,85633,1747907894196.781,-72,-1,-144
1747907894235.281,85670,1747907894216.687,-61,-2,-146
1747907894255.156,85680,1747907894236.5,-69,-1,-138
1747907894274.969,85715,1747907894256.344,-61,7,-136
1747907894294.812,85748,1747907894276.187,-64,-8,-143
1747907894314.656,85761,1747907894296.0,-64,-1,-141
1747907894334.5,85757,1747907894315.875,-68,-1,-138
1747907894354.312,85701,1747907894335.719,-64,-1,-130
1747907894374.187,85639,1747907894355.531,-72,-1,-136
1747907894394.0,85560,1747907894375.375,-74,-1,-137
1747907894413.875,85477,1747907894395.187,-67,-1,-141
1747907894433.719,85399,1747907894415.094,-64,-1,-141
1747907894453.531,85365,1747907894434.938,-64,-1,-143
1747907894473.375,85322,1747907894454.719,-80,-1,-145
1747907894493.219,85302,1747907894474.562,-61,-1,-148
1747907894513.031,85285,1747907894494.437,-64,-1,-142
1747907894532.906,85272,1747907894514.281,-74,-1,-145
1747907894552.75,85264,1747907894534.094,-64,-1,-136
1747907894572.594,85271,1747907894553.938,-77,-1,-138
1747907894592.438,85265,1747907894573.781,-74,-1,-140
1747907894612.25,85289,1747907894593.656,-73,-1,-144
1747907894632.125,85290,1747907894613.469,-73,-1,-124
1747907894651.937,85287,1747907894633.375,-63,-1,-136
1747907894671.812,85282,1747907894653.125,-61,-1,-140
1747907894691.625,85257,1747907894673.0,-65,-1,-153
1747907894711.469,85252,1747907894692.844,-63,-1,-146
1747907894731.344,85256,1747907894712.688,-64,-1,-143
1747907894751.187,85229,1747907894732.563,-64,-1,-141
1747907894771.0,85227,1747907894752.375,-77,-1,-136
1747907894790.844,85227,1747907894772.219,-64,-1,-137
1747907894810.688,85224,1747907894792.031,-72,-1,-137
1747907894830.5,85236,1747907894811.875,-65,-1,-138
1747907894850.312,85234,1747907894831.719,-57,-1,-144
1747907894870.187,85248,1747907894851.531,-66,-1,-141
1747907894890.031,85250,1747907894871.406,-64,-1,-141
1747907894909.875,85263,1747907894891.219,-80,-1,-143
1747907894929.688,85280,1747907894911.094,-68,7,-141
1747907894949.531,85304,1747907894930.906,-80,-1,-144
1747907894969.344,85340,1747907894950.75,-64,-2,-161
1747907894989.219,85390,1747907894970.562,-77,-1,-143
1747907895009.031,85420,1747907894990.406,-72,-1,-138
1747907895028.875,85457,1747907895010.25,-66,-1,-137
1747907895048.719,85448,1747907895030.063,-72,-1,-145
1747907895068.562,85376,1747907895049.937,-68,-1,-144
1747907895088.406,85279,1747907895069.75,-68,-1,-141
1747907895108.344,85201,1747907895089.625,-74,-1,-144
1747907895128.094,85096,1747907895109.5632,-71,-1,-136
1747907895147.906,85022,1747907895129.313,-70,-1,-141
1747907895167.781,84944,1747907895149.125,-66,-1,-136
1747907895187.563,84881,1747907895168.969,-64,-5,-138
1747907895207.438,84820,1747907895188.781,-64,-1,-145
1747907895227.312,84782,1747907895208.656,-69,-1,-144
1747907895247.156,84747,1747907895228.5,-61,12,-144
1747907895266.969,84726,1747907895248.312,-72,-1,-144
1747907895286.813,84700,1747907895268.187,-71,-1,-134
1747907895306.6558,84688,1747907895288.031,-61,-1,-136
1747907895326.5,84672,1747907895307.906,-63,-1,-143
1747907895346.344,84648,1747907895327.688,-73,-1,-145
1747907895366.188,84646,1747907895347.562,-66,-1,-141
1747907895386.031,84624,1747907895367.375,-64,-1,-141
1747907895405.875,84608,1747907895387.25,-66,-1,-136
1747907895425.75,84596,1747907895407.094,-64,-2,-133
1747907895445.531,84570,1747907895426.969,-77,-1,-138
1747907895465.406,84566,1747907895446.719,-72,-1,-141
1747907895485.219,84547,1747907895466.625,-77,-1,-136
1747907895505.094,84521,1747907895486.406,-58,-1,-141
1747907895524.906,84513,1747907895506.281,-65,-16,-140
1747907895544.75,84492,1747907895526.094,-73,-1,-135
1747907895564.594,84467,1747907895545.969,-65,-1,-144
1747907895584.438,84449,1747907895565.812,-66,-1,-121
1747907895604.25,84434,1747907895585.625,-76,-1,-140
1747907895624.094,84418,1747907895605.469,-71,-1,-139
1747907895643.937,84395,1747907895625.313,-63,-1,-144
1747907895663.781,84388,1747907895645.125,-77,-1,-141
1747907895683.594,84372,1747907895665.0,-68,-1,-140
1747907895703.438,84358,1747907895684.875,-64,-1,-141
1747907895723.312,84343,1747907895704.625,-72,-1,-138
1747907895743.187,84276,1747907895724.5,-72,-1,-142
1747907895763.0,84174,1747907895744.344,-64,-1,-140
1747907895782.813,84050,1747907895764.187,-68,-1,-138
1747907895802.656,83919,1747907895784.031,-49,-1,-137
1747907895822.5,83794,1747907895803.844,-68,-1,-141
1747907895842.438,83654,1747907895823.719,-63,-1,-141
1747907895862.156,83549,1747907895843.531,-72,-8,-135
1747907895881.969,83453,1747907895863.344,-72,-1,-141
1747907895901.813,83374,1747907895883.188,-77,7,-138
1747907895921.6868,83286,1747907895903.0,-66,-1,-144
1747907895941.469,83226,1747907895922.875,-63,-1,-141
1747907895961.313,83176,1747907895942.687,-71,-1,-141
1747907895981.188,83139,1747907895962.594,-71,-1,-136
1747907896001.0,83086,1747907895982.406,-65,-1,-138
1747907896020.812,83047,1747907896002.219,-77,-1,-144
1747907896040.656,83004,1747907896022.0,-73,-1,-136
1747907896060.531,82965,1747907896041.844,-68,-1,-140
1747907896080.375,82912,1747907896061.719,-72,-1,-136
1747907896100.219,82861,1747907896081.563,-66,-1,-141
1747907896120.094,82831,1747907896101.438,-63,-1,-145
1747907896139.844,82793,1747907896121.219,-56,-3,-136
1747907896159.719,82764,1747907896141.062,-75,-1,-148
1747907896179.531,82734,1747907896160.906,-61,-1,-143
1747907896199.344,82716,1747907896180.781,-67,-1,-144
1747907896219.219,82708,1747907896200.594,-66,-1,-141
1747907896239.062,82685,1747907896220.406,-75,-1,-138
1747907896258.875,82681,1747907896240.25,-73,-1,-145
1747907896278.719,82680,1747907896260.094,-64,15,-136
1747907896298.531,82674,1747907896279.938,-68,-1,-135
1747907896318.375,82673,1747907896299.75,-72,-1,-142
1747907896338.25,82659,1747907896319.594,-77,-1,-141
1747907896358.063,82679,1747907896339.469,-79,-1,-141
1747907896377.906,82676,1747907896359.25,-66,-1,-141
1747907896397.75,82669,1747907896379.125,-79,-1,-145
1747907896417.594,82637,1747907896398.969,-57,-1,-141
1747907896437.437,82568,1747907896418.781,-65,-1,-141
1747907896457.313,82450,1747907896438.656,-65,-1,-138
1747907896477.094,82340,1747907896458.469,-77,2,-143
1747907896496.969,82213,1747907896478.313,-65,-1,-144
1747907896516.781,82103,1747907896498.219,-68,-1,-143
1747907896536.625,82003,1747907896517.969,-66,-2,-161
1747907896556.469,81918,1747907896537.781,-64,-1,-145
1747907896576.313,81845,1747907896557.656,-71,-1,-128
1747907896596.187,81772,1747907896577.5,-66,-1,-143
1747907896616.0,81714,1747907896597.375,-67,-1,-132
1747907896635.844,81695,1747907896617.188,-72,-17,-130
1747907896655.719,81659,1747907896637.031,-63,-1,-140
1747907896675.594,81623,1747907896656.938,-61,-1,-144
1747907896695.375,81604,1747907896676.781,-64,-1,-136
1747907896715.219,81575,1747907896696.594,-74,-1,-140
1747907896735.063,81533,1747907896716.406,-65,-1,-141
1747907896754.875,81507,1747907896736.281,-65,-1,-144
1747907896774.719,81492,1747907896756.062,-64,-1,-135
1747907896794.594,81468,1747907896775.938,-63,7,-136
1747907896814.406,81461,1747907896795.781,-76,1,-128
1747907896834.281,81442,1747907896815.625,-64,-1,-136
1747907896854.094,81434,1747907896835.469,-73,-1,-138
1747907896873.969,81429,1747907896855.313,-72,-1,-144
1747907896893.812,81423,1747907896875.156,-68,-1,-144
1747907896913.625,81417,1747907896895.031,-73,-1,-144
1747907896933.5,81427,1747907896914.937,-77,-1,-137
1747907896953.3132,81430,1747907896934.687,-64,-1,-133
1747907896973.125,81442,1747907896954.531,-73,-1,-136
1747907896993.0,81441,1747907896974.313,-73,-1,-141
1747907897012.812,81458,1747907896994.188,-64,-1,-141
1747907897032.625,81462,1747907897014.031,-61,-1,-138
1747907897052.5,81488,1747907897033.844,-61,-1,-141
1747907897072.437,81498,1747907897053.719,-72,-1,-136
1747907897092.156,81500,1747907897073.5,-61,0,-141
1747907897111.969,81487,1747907897093.344,-64,-1,-141
1747907897131.813,81420,1747907897113.219,-77,-1,-141
1747907897151.656,81310,1747907897133.0,-65,-1,-125
1747907897171.531,81201,1747907897152.844,-71,-1,-144
1747907897191.344,81080,1747907897172.719,-69,-1,-148
1747907897211.1868,80982,1747907897192.563,-74,-1,-147
1747907897231.031,80876,1747907897212.344,-64,-1,-144
1747907897250.844,80780,1747907897232.219,-80,-1,-136
1747907897270.688,80701,1747907897252.094,-62,-1,-140
1747907897290.531,80647,1747907897271.938,-62,-1,-138
1747907897310.406,80601,1747907897291.75,-77,-1,-133
1747907897330.219,80561,1747907897311.562,-64,-1,-137
1747907897350.063,80538,1747907897331.437,-74,-1,-143
1747907897369.875,80512,1747907897351.25,-41,-1,-141
1747907897389.719,80489,1747907897371.094,-60,-1,-137
1747907897409.562,80463,1747907897390.906,-78,-1,-141
1747907897429.406,80445,1747907897410.75,-72,-1,-132
1747907897449.219,80420,1747907897430.594,-73,-1,-137
1747907897469.031,80401,1747907897450.469,-72,-1,-138
1747907897488.906,80392,1747907897470.25,-66,-1,-145
1747907897508.719,80380,1747907897490.063,-63,-1,-141
1747907897528.563,80367,1747907897509.906,-62,-1,-141
1747907897548.375,80360,1747907897529.844,-71,-1,-141
1747907897568.25,80362,1747907897549.562,-79,-1,-141
1747907897588.062,80359,1747907897569.469,-64,-1,-144
1747907897607.906,80370,1747907897589.281,-65,-1,-143
1747907897627.719,80385,1747907897609.125,-76,-1,-140
1747907897647.531,80383,1747907897628.937,-72,-1,-137
1747907897667.469,80403,1747907897648.75,-64,-2,-141
1747907897687.344,80428,1747907897668.656,-68,-1,-143
1747907897707.031,80435,1747907897688.438,-66,0,-148
1747907897726.875,80460,1747907897708.281,-64,-1,-137
1747907897746.719,80485,1747907897728.125,-59,-1,-144
1747907897766.563,80503,1747907897747.937,-69,-1,-122
1747907897786.406,80536,1747907897767.844,-64,-1,-137
1747907897806.219,80558,1747907897787.625,-71,-1,-138
1747907897826.062,80574,1747907897807.406,-76,-1,-153
1747907897845.906,80559,1747907897827.281,-64,-1,-143
1747907897865.75,80481,1747907897847.125,-68,-1,-145
1747907897885.594,80400,1747907897867.0,-78,-1,-136
1747907897905.437,80295,1747907897886.813,-77,-1,-138
1747907897925.313,80210,1747907897906.625,-69,-1,-137
1747907897945.094,80126,1747907897926.469,-79,-3,-142
1747907897964.906,80055,1747907897946.281,-73,-1,-141
1747907897984.75,79999,1747907897966.125,-63,-1,-143
1747907898004.562,79961,1747907897985.938,-64,-1,-144
1747907898024.469,79913,1747907898005.781,-72,-1,-135
1747907898044.25,79888,1747907898025.625,-76,-9,-139
1747907898064.094,79882,1747907898045.5,-68,-1,-145
1747907898083.937,79860,1747907898065.281,-65,-1,-141
1747907898103.781,79857,1747907898085.156,-80,-1,-145
1747907898123.656,79848,1747907898105.0,-73,-1,-148
1747907898143.438,79850,1747907898124.844,-65,-1,-136
1747907898163.313,79864,1747907898144.719,-64,-2,-140
1747907898183.156,79851,1747907898164.469,-66,7,-141
1747907898203.0,79837,1747907898184.344,-64,-1,-144
1747907898222.844,79830,1747907898204.219,-67,7,-144
1747907898242.813,79828,1747907898224.0,-73,-5,-140
1747907898262.531,79820,1747907898243.969,-71,-1,-133
1747907898282.344,79817,1747907898263.75,-77,-1,-133
1747907898302.219,79838,1747907898283.563,-64,-1,-136
1747907898322.0,79861,1747907898303.406,-80,-1,-138
1747907898341.875,79886,1747907898323.219,-66,7,-138
1747907898361.719,79891,1747907898343.062,-72,-1,-140
1747907898381.531,79911,1747907898363.0,-68,-1,-136
1747907898401.406,79931,1747907898382.75,-64,-1,-138
1747907898421.219,79946,1747907898402.625,-68,-1,-136
1747907898441.094,79965,1747907898422.437,-74,-1,-132
1747907898460.938,79994,1747907898442.313,-68,-1,-143
1747907898480.781,80014,1747907898462.156,-68,-1,-138
1747907898500.594,80046,1747907898482.0,-77,-1,-136
1747907898520.469,80070,1747907898501.781,-64,-1,-140
1747907898540.313,80106,1747907898521.656,-66,-1,-137
1747907898560.125,80127,1747907898541.5,-76,-1,-138
1747907898579.969,80130,1747907898561.344,-76,-1,-140
1747907898599.781,80079,1747907898581.156,-64,-1,-141
1747907898619.656,80018,1747907898601.0,-72,-1,-141
1747907898639.469,79916,1747907898620.844,-73,-1,-144
1747907898659.281,79838,1747907898640.688,-71,-1,-144
1747907898679.156,79771,1747907898660.469,-68,-1,-143
1747907898699.0,79690,1747907898680.344,-79,-1,-141
1747907898718.813,79643,1747907898700.187,-74,-5,-136
1747907898738.656,79590,1747907898720.031,-65,-1,-141
1747907898758.469,79568,1747907898739.875,-80,-1,-136
1747907898778.344,79531,1747907898759.656,-64,-1,-144
1747907898798.156,79505,1747907898779.531,-76,-1,-137
1747907898817.969,79513,1747907898799.375,-64,-1,-141
1747907898837.844,79514,1747907898819.219,-54,-2,-144
1747907898857.687,79517,1747907898839.031,-66,-1,-144
1747907898877.531,79525,1747907898858.906,-66,-1,-138
1747907898897.375,79522,1747907898878.719,-74,-3,-137
1747907898917.219,79515,1747907898898.562,-64,-1,-143
1747907898937.094,79508,1747907898918.437,-71,-1,-141
1747907898956.969,79507,1747907898938.313,-67,-1,-138
1747907898976.781,79504,1747907898958.156,-65,-1,-133
1747907898996.625,79488,1747907898977.969,-80,-2,-137
1747907899016.5,79505,1747907898997.844,-74,-1,-140
1747907899036.344,79515,1747907899017.688,-69,-1,-138
1747907899056.156,79541,1747907899037.563,-64,-4,-161
1747907899076.062,79555,1747907899057.375,-73,-1,-136
1747907899095.906,79576,1747907899077.25,-64,-1,-140
1747907899115.75,79591,1747907899097.094,-72,-1,-135
1747907899135.562,79626,1747907899116.9382,-70,7,-145
1747907899155.406,79634,1747907899136.781,-71,-1,-136
1747907899175.281,79687,1747907899156.594,-52,-1,-140
1747907899195.156,79718,1747907899176.469,-63,-1,-141
1747907899214.938,79754,1747907899196.312,-64,-1,-141
1747907899234.812,79771,1747907899216.125,-65,-1,-139
1747907899254.656,79825,1747907899236.031,-64,-1,-137
1747907899274.5,79861,1747907899255.875,-89,-1,-136
1747907899294.344,79867,1747907899275.687,-64,-1,-137
1747907899314.219,79853,1747907899295.563,-66,-1,-141
1747907899334.031,79802,1747907899315.375,-68,-13,-141
1747907899353.906,79743,1747907899335.25,-68,-1,-136
1747907899373.719,79676,1747907899355.125,-64,-1,-135
1747907899393.594,79604,1747907899374.937,-73,-1,-143
1747907899413.437,79547,1747907899394.781,-68,-1,-135
1747907899433.281,79506,1747907899414.656,-72,-1,-141
1747907899453.125,79450,1747907899434.5,-66,-1,-137
1747907899472.969,79443,1747907899454.344,-64,-1,-136
1747907899492.813,79422,1747907899474.156,-68,-1,-132
1747907899512.656,79426,1747907899494.031,-64,-1,-141
1747907899532.562,79417,1747907899513.844,-72,-1,-136
1747907899552.313,79422,1747907899533.781,-68,-1,-135
1747907899572.188,79433,1747907899553.5,-73,-1,-136
1747907899592.031,79444,1747907899573.375,-65,-1,-140
1747907899611.875,79465,1747907899593.25,-73,-1,-141
1747907899631.719,79470,1747907899613.063,-73,-1,-136
1747907899651.563,79470,1747907899632.937,-77,-1,-136
1747907899671.406,79469,1747907899652.75,-66,-13,-144
1747907899691.25,79478,1747907899672.594,-71,-1,-137
1747907899711.062,79488,1747907899692.438,-75,-1,-143
1747907899730.937,79534,1747907899712.312,-63,-1,-136
1747907899750.781,79549,1747907899732.156,-74,-1,-136
1747907899770.625,79582,1747907899752.0,-74,-1,-145
1747907899790.469,79608,1747907899771.969,-66,-1,-144
1747907899810.312,79661,1747907899791.656,-72,-1,-128
1747907899830.156,79671,1747907899811.531,-72,-1,-139
1747907899850.031,79719,1747907899831.344,-73,-1,-144
1747907899869.844,79740,1747907899851.219,-68,-1,-145
1747907899889.687,79767,1747907899871.094,-72,-1,-148
1747907899909.531,79798,1747907899890.906,-64,-1,-143
1747907899929.4382,79852,1747907899910.75,-71,-1,-138
1747907899949.219,79873,1747907899930.594,-72,-7,-140
1747907899969.063,79931,1747907899950.469,-64,-1,-143
1747907899988.906,79970,1747907899970.25,-65,-1,-136
1747907900008.75,80000,1747907899990.125,-72,-2,-153
1747907900028.594,80018,1747907900009.969,-63,-1,-143
1747907900048.406,80004,1747907900029.812,-69,-1,-136
1747907900068.25,79936,1747907900049.625,-64,-1,-141
1747907900088.094,79880,1747907900069.469,-76,-1,-138
1747907900107.906,79820,1747907900089.313,-64,-1,-132
1747907900127.75,79780,1747907900109.156,-64,-1,-140
1747907900147.625,79757,1747907900128.937,-66,-1,-144
1747907900167.438,79747,1747907900148.781,-63,-1,-141
1747907900187.3118,79748,1747907900168.656,-64,-1,-138
1747907900207.125,79737,1747907900188.5,-77,-1,-139
1747907900226.938,79742,1747907900208.344,-68,-1,-141
1747907900246.781,79760,1747907900228.156,-72,-1,-138
1747907900266.625,79772,1747907900248.0,-64,-1,-140
1747907900286.437,79792,1747907900267.844,-69,28,-136
1747907900306.25,79819,1747907900287.656,-73,-1,-144
1747907900326.125,79838,1747907900307.469,-68,-1,-145
1747907900345.969,79885,1747907900327.344,-61,-4,-145
1747907900365.781,79911,1747907900347.188,-73,-1,-143
1747907900385.594,79943,1747907900367.0,-64,-1,-146
1747907900405.437,79988,1747907900386.781,-80,-1,-143
1747907900425.281,80006,1747907900406.625,-76,-1,-138
1747907900445.125,80023,1747907900426.531,-72,-1,-140
1747907900464.906,80086,1747907900446.312,-72,-1,-137
1747907900484.75,80115,1747907900466.125,-73,-1,-145
1747907900504.562,80134,1747907900485.969,-74,-1,-143
1747907900524.406,80179,1747907900505.75,-65,6,-140
1747907900544.25,80224,1747907900525.625,-72,-1,-137
1747907900564.031,80243,1747907900545.437,-57,15,-144
1747907900583.875,80304,1747907900565.219,-65,7,-138
1747907900603.687,80349,1747907900585.094,-65,-1,-138
1747907900623.531,80390,1747907900604.875,-67,-9,-117
1747907900643.344,80441,1747907900624.719,-73,-1,-134
1747907900663.156,80478,1747907900644.562,-66,-1,-140
1747907900683.0,80539,1747907900664.375,-69,-1,-136
1747907900702.875,80574,1747907900684.219,-79,-1,-137
1747907900722.656,80628,1747907900704.063,-68,-1,-141
1747907900742.5,80680,1747907900723.906,-66,-1,-138
1747907900762.344,80707,1747907900743.687,-71,-1,-138
1747907900782.156,80709,1747907900763.562,-69,-1,-141
1747907900802.0,80688,1747907900783.375,-73,-1,-143
1747907900821.844,80644,1747907900803.219,-64,7,-145
1747907900841.656,80603,1747907900823.031,-73,-1,-141
1747907900861.5,80564,1747907900842.844,-66,-1,-141
1747907900881.344,80518,1747907900862.687,-64,-1,-143
1747907900901.156,80486,1747907900882.5632,-64,-9,-145
1747907900921.0,80476,1747907900902.344,-68,-1,-137
1747907900940.812,80483,1747907900922.188,-56,-1,-137
1747907900960.6882,80474,1747907900942.031,-77,-1,-136
1747907900980.5,80474,1747907900961.875,-75,-1,-137
1747907901000.313,80479,1747907900981.719,-66,-1,-146
1747907901020.156,80493,1747907901001.531,-68,7,-136
1747907901040.0,80508,1747907901021.375,-76,-1,-132
1747907901059.844,80522,1747907901041.219,-68,-1,-143
1747907901079.656,80554,1747907901061.031,-64,-1,-134
1747907901099.531,80581,1747907901080.875,-72,-1,-142
1747907901119.312,80618,1747907901100.75,-76,-1,-136
1747907901139.156,80624,1747907901120.5,-77,-1,-136
1747907901159.0,80666,1747907901140.375,-73,-1,-142
1747907901178.813,80672,1747907901160.187,-65,-1,-141
1747907901198.656,80699,1747907901179.969,-63,-1,-143
1747907901218.5,80730,1747907901199.844,-66,-1,-136
1747907901238.312,80768,1747907901219.688,-65,-4,-153
1747907901258.156,80790,1747907901239.562,-64,-1,-143
1747907901278.0,80838,1747907901259.375,-64,-1,-148
1747907901297.844,80869,1747907901279.219,-61,-1,-141
1747907901317.687,80919,1747907901299.063,-72,-1,-143
1747907901337.5,80950,1747907901318.938,-77,-1,-141
1747907901357.375,80992,1747907901338.719,-63,-1,-141
1747907901377.219,81041,1747907901358.562,-74,-1,-145
1747907901397.063,81081,1747907901378.406,-68,-1,-141
1747907901416.906,81125,1747907901398.25,-64,-1,-138
1747907901436.75,81173,1747907901418.125,-64,-1,-134
1747907901456.594,81218,1747907901437.937,-81,-1,-138
1747907901476.438,81246,1747907901457.812,-73,-1,-144
1747907901496.25,81312,1747907901477.656,-65,-1,-145
1747907901516.094,81342,1747907901497.469,-76,-9,-148
1747907901535.969,81349,1747907901517.313,-64,-1,-138
1747907901555.781,81340,1747907901537.156,-65,-1,-136
1747907901575.625,81315,1747907901557.0,-72,-1,-128
1747907901595.469,81275,1747907901576.844,-64,-1,-136
1747907901615.281,81245,1747907901596.688,-68,-1,-137
1747907901635.156,81219,1747907901616.5,-73,-1,-139
1747907901655.0,81181,1747907901636.375,-73,-1,-138
1747907901674.813,81167,1747907901656.219,-66,-1,-143
1747907901694.687,81148,1747907901676.0,-77,-1,-137
1747907901714.531,81149,1747907901695.906,-68,-1,-140
1747907901734.375,81152,1747907901715.75,-72,-1,-138
1747907901754.219,81173,1747907901735.594,-66,-5,-143
1747907901774.125,81197,1747907901755.438,-60,-1,-138
1747907901793.937,81209,1747907901775.25,-64,-7,-147
1747907901813.781,81237,1747907901795.125,-65,7,-142
1747907901833.625,81250,1747907901815.0,-64,-1,-137
1747907901853.469,81273,1747907901834.812,-68,-1,-145
1747907901873.312,81284,1747907901854.688,-73,-1,-135
1747907901893.156,81295,1747907901874.5,-74,-1,-137
1747907901913.0,81324,1747907901894.375,-61,-1,-136
1747907901932.875,81358,1747907901914.219,-71,-1,-136
1747907901952.719,81369,1747907901934.062,-68,-1,-138
1747907901972.562,81390,1747907901953.906,-68,-1,-133
1747907901992.406,81419,1747907901973.813,-63,-1,-144
1747907902012.25,81429,1747907901993.594,-77,-1,-136
1747907902032.125,81456,1747907902013.469,-73,-1,-144
1747907902052.0,81507,1747907902033.344,-77,-1,-143
1747907902071.812,81531,1747907902053.188,-68,-1,-145
1747907902091.687,81554,1747907902073.031,-75,-7,-138
1747907902111.563,81580,1747907902092.906,-68,-1,-136
1747907902131.375,81608,1747907902112.719,-64,-9,-138
1747907902151.187,81647,1747907902132.594,-77,-1,-146
1747907902171.062,81687,1747907902152.375,-61,-1,-136
1747907902190.906,81716,1747907902172.25,-64,-4,-144
1747907902210.75,81758,1747907902192.094,-63,-1,-135
1747907902230.563,81800,1747907902211.937,-77,-1,-138
1747907902250.406,81831,1747907902231.75,-66,-1,-145
1747907902270.25,81841,1747907902251.594,-77,-1,-135
1747907902290.125,81840,1747907902271.4692,-77,-1,-137
1747907902309.906,81804,1747907902291.312,-65,15,-143
1747907902329.781,81778,1747907902311.156,-61,-1,-138
1747907902349.625,81735,1747907902331.0,-68,-1,-139
1747907902369.469,81709,1747907902350.813,-80,-1,-141
1747907902389.313,81700,1747907902370.656,-74,-1,-137
1747907902409.125,81684,1747907902390.562,-69,-1,-141
1747907902429.0,81685,1747907902410.312,-60,-1,-135
1747907902448.844,81696,1747907902430.188,-62,-1,-136
1747907902468.687,81709,1747907902450.063,-52,-13,-145
1747907902488.656,81720,1747907902469.875,-64,-1,-137
1747907902508.375,81744,1747907902489.875,-77,-1,-141
1747907902528.219,81769,1747907902509.594,-65,-1,-125
1747907902548.062,81799,1747907902529.5,-77,-1,-138
1747907902567.875,81803,1747907902549.25,-63,-1,-141
1747907902587.75,81836,1747907902569.062,-72,-1,-144
1747907902607.563,81857,1747907902588.937,-72,-1,-134
1747907902627.4058,81868,1747907902608.781,-68,-1,-138
1747907902647.219,81878,1747907902628.656,-66,-1,-138
1747907902667.094,81904,1747907902648.469,-74,-1,-136
1747907902686.969,81931,1747907902668.312,-76,-1,-140
1747907902706.813,81952,1747907902688.125,-69,-1,-145
1747907902726.625,81977,1747907902708.0,-68,-1,-141
1747907902746.469,82005,1747907902727.813,-60,11,-141
1747907902766.375,82046,1747907902747.687,-73,-1,-145
1747907902786.219,82093,1747907902767.562,-76,-1,-137
1747907902806.062,82124,1747907902787.406,-77,-1,-140
1747907902825.906,82157,1747907902807.281,-76,-1,-138
1747907902845.781,82199,1747907902827.094,-77,-1,-142
1747907902865.625,82222,1747907902846.969,-68,-1,-122
1747907902885.469,82255,1747907902866.781,-68,-1,-138
1747907902905.312,82307,1747907902886.688,-65,-1,-138
1747907902925.156,82351,1747907902906.5,-74,-1,-144
1747907902945.031,82380,1747907902926.375,-69,-1,-137
1747907902964.844,82404,1747907902946.25,-64,-1,-139
1747907902984.688,82416,1747907902966.094,-61,-1,-137
1747907903004.562,82400,1747907902985.938,-72,-1,-145
1747907903024.406,82361,1747907903005.781,-76,-1,-143
1747907903044.25,82330,1747907903025.594,-64,-1,-141
1747907903064.188,82306,1747907903045.469,-64,-1,-142
1747907903083.937,82273,1747907903065.406,-76,7,-140
1747907903103.781,82251,1747907903085.125,-75,-1,-142
1747907903123.625,82256,1747907903105.0,-64,-1,-141
1747907903143.469,82234,1747907903124.844,-81,-1,-132
1747907903163.313,82240,1747907903144.656,-66,-1,-141
1747907903183.156,82274,1747907903164.531,-73,-1,-145
1747907903203.031,82284,1747907903184.344,-64,-1,-149
1747907903222.906,82292,1747907903204.219,-67,-1,-138
1747907903242.719,82309,1747907903224.062,-52,-17,-152
1747907903262.594,82337,1747907903243.906,-62,-1,-144
1747907903282.437,82346,1747907903263.781,-61,-1,-138
1747907903302.25,82372,1747907903283.6558,-64,-1,-156
1747907903322.125,82378,1747907903303.406,-58,-1,-137
1747907903341.969,82410,1747907903323.312,-77,7,-143
1747907903361.844,82439,1747907903343.188,-72,-1,-142
1747907903381.625,82459,1747907903363.0,-66,-3,-137
1747907903401.5,82468,1747907903382.844,-72,-1,-140
1747907903421.313,82499,1747907903402.719,-49,-1,-140
1747907903441.188,82512,1747907903422.531,-65,-1,-140
1747907903461.031,82551,1747907903442.375,-66,-5,-141
1747907903480.844,82577,1747907903462.219,-64,-1,-144
1747907903500.719,82613,1747907903482.031,-64,-1,-148
1747907903520.531,82637,1747907903501.906,-72,-1,-141
1747907903540.344,82679,1747907903521.719,-77,-2,-161
1747907903560.187,82693,1747907903541.563,-68,11,-139
1747907903580.031,82748,1747907903561.375,-71,-1,-142
1747907903599.875,82771,1747907903581.25,-65,-1,-137
1747907903619.75,82796,1747907903601.062,-64,-1,-136
1747907903639.563,82834,1747907903620.969,-77,-1,-140
1747907903659.406,82866,1747907903640.75,-65,-1,-144
1747907903679.344,82914,1747907903660.625,-73,7,-134
1747907903699.094,82931,1747907903680.562,-71,-1,-143
1747907903718.9382,82908,1747907903700.281,-66,-3,-143
1747907903738.781,82868,1747907903720.094,-66,-1,-148
1747907903758.625,82839,1747907903739.969,-64,-1,-141
1747907903778.5,82788,1747907903759.813,-77,-1,-137
1747907903798.313,82760,1747907903779.687,-68,-1,-144
1747907903818.188,82715,1747907903799.5,-80,-7,-144
1747907903838.031,82697,1747907903819.375,-61,-1,-145
1747907903857.875,82687,1747907903839.25,-57,-1,-136
1747907903877.719,82676,1747907903859.094,-74,-1,-128
1747907903897.563,82696,1747907903878.937,-64,-1,-141
1747907903917.406,82679,1747907903898.781,-74,-1,-138
1747907903937.281,82682,1747907903918.719,-63,-1,-138
1747907903957.094,82695,1747907903938.469,-72,-1,-143
1747907903976.938,82721,1747907903958.312,-77,-1,-136
1747907903996.813,82739,1747907903978.125,-65,-1,-136
1747907904016.656,82760,1747907903998.031,-65,-1,-141
1747907904036.469,82764,1747907904017.813,-72,15,-141
1747907904056.312,82769,1747907904037.719,-68,-1,-142
1747907904076.188,82786,1747907904057.5,-64,-1,-141
1747907904096.0,82796,1747907904077.375,-72,-7,-143
1747907904115.844,82813,1747907904097.219,-68,-1,-139
1747907904135.656,82837,1747907904117.0,-71,-1,-144
1747907904155.5,82849,1747907904136.875,-64,-1,-143
1747907904175.313,82882,1747907904156.719,-74,-1,-138
1747907904195.156,82898,1747907904176.531,-68,-1,-137
1747907904214.969,82924,1747907904196.375,-68,-1,-137
1747907904234.812,82952,1747907904216.156,-64,-1,-137
1747907904254.656,82977,1747907904236.031,-73,-1,-141
1747907904274.469,82995,1747907904255.875,-71,-1,-141
1747907904294.281,83025,1747907904275.656,-73,-1,-133
1747907904314.156,83062,1747907904295.5,-71,-1,-136
1747907904333.9692,83095,1747907904315.313,-64,-1,-138
1747907904353.812,83125,1747907904335.156,-79,-1,-137
1747907904373.625,83150,1747907904355.031,-45,-1,-144
1747907904393.438,83190,1747907904374.844,-64,-1,-141
1747907904413.375,83225,1747907904394.656,-68,-1,-136
1747907904433.125,83251,1747907904414.5,-72,-17,-145
1747907904452.969,83248,1747907904434.313,-64,-1,-142
1747907904472.75,83215,1747907904454.187,-65,-2,-137
1747907904492.594,83175,1747907904473.937,-71,-1,-128
1747907904512.469,83138,1747907904493.781,-74,-1,-143
1747907904532.25,83076,1747907904513.656,-61,-1,-138
1747907904552.062,83040,1747907904533.469,-64,-1,-143
1747907904571.906,83002,1747907904553.313,-72,-1,-137
1747907904591.75,82988,1747907904573.094,-75,-1,-139
1747907904611.563,82977,1747907904592.937,-64,-1,-132
1747907904631.406,82961,1747907904612.781,-68,-1,-145
1747907904651.219,82963,1747907904632.625,-72,-1,-145
1747907904671.062,82976,1747907904652.438,-74,-1,-146
1747907904690.906,82976,1747907904672.25,-68,-1,-145
1747907904710.75,82977,1747907904692.125,-66,-1,-144
1747907904730.563,82978,1747907904711.969,-64,-1,-136
1747907904750.406,83001,1747907904731.75,-68,-1,-143
1747907904770.25,82995,1747907904751.625,-64,-1,-129
1747907904790.094,82997,1747907904771.437,-69,-1,-138
1747907904809.875,83010,1747907904791.281,-64,-1,-142
1747907904829.719,83021,1747907904811.125,-74,-1,-136
1747907904849.562,83021,1747907904830.938,-77,-1,-135
1747907904869.375,83018,1747907904850.75,-64,-1,-144
1747907904889.219,83039,1747907904870.594,-64,-1,-141
1747907904909.125,83036,1747907904890.406,-64,-1,-141
1747907904928.844,83074,1747907904910.312,-80,-1,-144
1747907904948.719,83093,1747907904930.063,-69,-1,-141
1747907904968.5618,83103,1747907904949.906,-64,-1,-145
1747907904988.344,83117,1747907904969.781,-81,-2,-143
1747907905008.219,83149,1747907904989.562,-65,-1,-136
1747907905028.031,83164,1747907905009.437,-74,-2,-132
1747907905047.875,83191,1747907905029.219,-65,-1,-135
1747907905067.719,83194,1747907905049.094,-65,7,-135
1747907905087.531,83220,1747907905068.969,-76,-1,-134
1747907905107.406,83251,1747907905088.75,-64,-1,-145
1747907905127.219,83280,1747907905108.594,-68,-1,-142
1747907905147.125,83310,1747907905128.469,-73,-2,-135
1747907905166.875,83318,1747907905148.344,-64,-1,-142
1747907905186.75,83322,1747907905168.094,-66,-1,-143
1747907905206.594,83296,1747907905187.969,-66,-1,-141
1747907905226.438,83265,1747907905207.812,-64,-1,-134
1747907905246.25,83209,1747907905227.656,-66,-1,-138
1747907905266.062,83152,1747907905247.469,-64,-1,-142
1747907905285.937,83092,1747907905267.281,-69,-1,-137
1747907905305.75,83060,1747907905287.156,-80,-1,-138
1747907905325.563,83026,1747907905306.969,-73,-1,-138
1747907905345.438,83007,1747907905326.813,-77,-1,-137
1747907905365.25,82991,1747907905346.625,-78,-1,-137
1747907905385.094,82999,1747907905366.469,-72,-1,-136
1747907905404.938,82987,1747907905386.312,-70,-1,-144
1747907905424.75,82991,1747907905406.125,-71,-1,-136
1747907905444.563,82991,1747907905425.937,-68,-1,-143
1747907905464.437,83010,1747907905445.781,-74,-1,-145
1747907905484.219,83017,1747907905465.594,-65,-1,-138
1747907905504.062,83020,1747907905485.437,-65,-1,-138
1747907905524.0,83024,1747907905505.25,-79,7,-138
1747907905543.75,83027,1747907905525.219,-67,7,-146
1747907905563.625,83024,1747907905544.938,-61,-1,-141
1747907905583.406,83041,1747907905564.813,-68,-1,-136
1747907905603.25,83040,1747907905584.625,-64,-1,-136
1747907905623.125,83059,1747907905604.437,-66,-1,-136
1747907905642.938,83076,1747907905624.312,-64,-1,-140
1747907905662.75,83105,1747907905644.125,-61,-1,-146
1747907905682.625,83127,1747907905664.0,-66,-1,-143
1747907905702.437,83147,1747907905683.812,-76,-1,-148
1747907905722.281,83171,1747907905703.625,-64,-1,-137
1747907905742.156,83207,1747907905723.5,-64,-1,-143
1747907905761.969,83222,1747907905743.344,-64,-13,-136
1747907905781.781,83246,1747907905763.125,-64,-10,-142
1747907905801.625,83281,1747907905783.0,-64,-1,-148
1747907905821.438,83312,1747907905802.812,-64,-1,-137
1747907905841.281,83347,1747907905822.656,-74,-1,-134
1747907905861.094,83387,1747907905842.5,-64,-1,-137
1747907905880.937,83409,1747907905862.313,-74,-1,-135
1747907905900.812,83420,1747907905882.125,-64,-1,-137
1747907905920.594,83401,1747907905902.031,-80,-1,-130
1747907905940.438,83378,1747907905921.844,-81,-1,-136
1747907905960.281,83338,1747907905941.656,-69,15,-137
1747907905980.094,83311,1747907905961.5,-65,7,-141
1747907905999.969,83269,1747907905981.313,-79,-4,-153
1747907906019.813,83255,1747907906001.156,-64,-1,-141
1747907906039.625,83227,1747907906021.031,-66,-1,-136
1747907906059.469,83214,1747907906040.844,-77,-1,-137
1747907906079.344,83227,1747907906060.688,-72,-1,-139
1747907906099.125,83238,1747907906080.5308,-66,-1,-141
1747907906118.969,83256,1747907906100.344,-65,7,-136
1747907906138.906,83276,1747907906120.187,-74,-1,-141
1747907906158.6558,83299,1747907906140.125,-77,-1,-138
1747907906178.437,83316,1747907906159.844,-78,-1,-138
1747907906198.312,83340,1747907906179.656,-64,-1,-139
1747907906218.156,83355,1747907906199.5,-80,-11,-141
1747907906238.0,83368,1747907906219.375,-72,-1,-142
1747907906257.812,83375,1747907906239.188,-68,-1,-137
1747907906277.656,83388,1747907906259.031,-63,-2,-144
1747907906297.5,83408,1747907906278.8442,-72,-1,-135
1747907906317.313,83413,1747907906298.719,-70,-1,-141
1747907906337.188,83437,1747907906318.531,-64,-1,-137
1747907906357.0,83458,1747907906338.375,-77,-1,-137
1747907906376.875,83484,1747907906358.219,-76,-1,-144
1747907906396.719,83510,1747907906378.062,-64,-1,-136
1747907906416.563,83536,1747907906397.906,-72,11,-138
1747907906436.375,83571,1747907906417.781,-72,-1,-138
1747907906456.219,83593,1747907906437.563,-68,-1,-137
1747907906476.125,83620,1747907906457.406,-74,-1,-141
1747907906495.906,83656,1747907906477.344,-84,-1,-132
1747907906515.719,83677,1747907906497.125,-77,-2,-135
1747907906535.563,83707,1747907906516.906,-65,-1,-138
1747907906555.406,83747,1747907906536.75,-83,22,-140
1747907906575.25,83770,1747907906556.625,-74,-1,-137
1747907906595.062,83793,1747907906576.437,-72,-1,-143
1747907906614.938,83784,1747907906596.312,-66,-9,-130
1747907906634.7808,83761,1747907906616.156,-64,-1,-143
1747907906654.625,83715,1747907906635.969,-72,-1,-136
1747907906674.437,83664,1747907906655.813,-77,-1,-140
1747907906694.281,83632,1747907906675.656,-77,12,-144
1747907906714.125,83583,1747907906695.5,-64,-1,-138
1747907906733.938,83561,1747907906715.312,-56,-1,-135
1747907906753.812,83542,1747907906735.188,-68,-1,-138
1747907906773.594,83524,1747907906755.0,-69,-1,-141
1747907906793.437,83512,1747907906774.812,-65,-5,-141
1747907906813.313,83522,1747907906794.687,-65,-1,-137
1747907906833.125,83529,1747907906814.531,-68,-2,-146
1747907906852.969,83539,1747907906834.344,-64,-1,-144
1747907906872.812,83560,1747907906854.188,-52,7,-138
1747907906892.656,83550,1747907906874.031,-66,1,-136
1747907906912.5,83565,1747907906893.844,-73,-1,-137
1747907906932.313,83572,1747907906913.687,-64,7,-138
1747907906952.156,83585,1747907906933.563,-65,-1,-128
1747907906972.0,83592,1747907906953.375,-76,-1,-136
1747907906991.844,83610,1747907906973.25,-68,-1,-141
1747907907011.688,83616,1747907906993.187,-79,-1,-135
1747907907031.5,83625,1747907907012.875,-64,-1,-132
1747907907051.312,83638,1747907907032.719,-76,-1,-136
1747907907071.187,83665,1747907907052.5,-68,-1,-141
1747907907091.0,83677,1747907907072.375,-72,-1,-141
1747907907110.813,83705,1747907907092.219,-64,-1,-153
1747907907130.688,83741,1747907907112.0,-63,-1,-135
1747907907150.5,83759,1747907907131.875,-74,-1,-140
1747907907170.344,83802,1747907907151.688,-66,-1,-138
1747907907190.156,83829,1747907907171.562,-64,-1,-140
1747907907210.0,83852,1747907907191.375,-62,-1,-138
1747907907229.875,83877,1747907907211.219,-71,-5,-114
1747907907249.75,83894,1747907907231.063,-68,-1,-145
1747907907269.531,83925,1747907907250.875,-66,-13,-144
1747907907289.375,83967,1747907907270.75,-72,-1,-144
1747907907309.219,84006,1747907907290.594,-80,-1,-139
1747907907329.063,84024,1747907907310.437,-77,7,-138
1747907907348.906,83988,1747907907330.313,-74,-1,-140
1747907907368.719,83970,1747907907350.125,-77,-1,-140
1747907907388.625,83927,1747907907369.937,-73,7,-134
1747907907408.438,83887,1747907907389.781,-74,-1,-144
1747907907428.25,83852,1747907907409.625,-64,-1,-141
1747907907448.062,83812,1747907907429.469,-69,-1,-138
1747907907467.906,83790,1747907907449.281,-73,-1,-145
1747907907487.781,83774,1747907907469.125,-68,-1,-138
1747907907507.625,83762,1747907907488.969,-80,-1,-138
1747907907527.406,83764,1747907907508.812,-74,-1,-141
1747907907547.25,83771,1747907907528.625,-66,-1,-145
1747907907567.125,83787,1747907907548.438,-75,-1,-144
1747907907586.969,83797,1747907907568.3442,-66,-1,-146
1747907907606.781,83790,1747907907588.187,-65,-1,-145
1747907907626.656,83801,1747907907608.063,-74,-1,-144
1747907907646.5,83813,1747907907627.844,-65,-1,-144
1747907907666.344,83819,1747907907647.719,-64,-1,-129
1747907907686.188,83829,1747907907667.562,-77,-1,-136
1747907907706.125,83829,1747907907687.437,-68,-1,-144
1747907907725.875,83838,1747907907707.344,-69,-1,-144
1747907907745.719,83856,1747907907727.063,-77,-1,-144
1747907907765.562,83852,1747907907746.938,-69,-1,-136
1747907907785.375,83870,1747907907766.719,-64,-5,-141
1747907907805.219,83892,1747907907786.562,-73,-1,-141
1747907907825.063,83915,1747907907806.438,-68,-1,-138
1747907907844.906,83939,1747907907826.25,-66,-2,-141
1747907907864.719,83952,1747907907846.125,-63,7,-137
1747907907884.563,83962,1747907907865.906,-64,-1,-137
1747907907904.406,83993,1747907907885.75,-77,-1,-145
1747907907924.25,84002,1747907907905.594,-64,-1,-145
1747907907944.094,84039,1747907907925.469,-73,-1,-136
1747907907963.906,84074,1747907907945.312,-79,-1,-137
1747907907983.75,84088,1747907907965.125,-61,-1,-137
1747907908003.594,84129,1747907907984.937,-68,-1,-137
1747907908023.438,84146,1747907908004.813,-62,-1,-140
1747907908043.25,84176,1747907908024.625,-72,-1,-141
1747907908063.094,84199,1747907908044.4692,-68,-1,-141
1747907908082.938,84175,1747907908064.281,-64,-1,-136
1747907908102.781,84159,1747907908084.125,-64,-1,-138
1747907908122.625,84125,1747907908104.0,-79,-1,-135
1747907908142.469,84070,1747907908123.813,-74,-1,-147
1747907908162.312,84025,1747907908143.656,-70,-1,-143
1747907908182.156,83980,1747907908163.531,-64,3,-133
1747907908202.063,83962,1747907908183.344,-65,-5,-140
1747907908221.812,83942,1747907908203.156,-64,-12,-143
1747907908241.687,83907,1747907908223.0,-64,7,-148
1747907908261.531,83898,1747907908242.875,-64,-1,-141
1747907908281.375,83900,1747907908262.75,-64,12,-137
1747907908301.219,83923,1747907908282.562,-70,-1,-141
1747907908321.062,83912,1747907908302.438,-72,-1,-137
1747907908340.969,83926,1747907908322.2808,-64,-1,-144
1747907908360.75,83935,1747907908342.125,-71,-1,-144
1747907908380.594,83944,1747907908361.969,-66,-1,-141
1747907908400.438,83947,1747907908381.75,-63,-1,-137
1747907908420.25,83937,1747907908401.625,-71,-1,-149
1747907908440.094,83941,1747907908421.438,-64,-1,-144
1747907908459.906,83930,1747907908441.312,-80,-1,-138
1747907908479.75,83935,1747907908461.125,-77,-1,-142
1747907908499.625,83935,1747907908480.969,-64,-1,-144
1747907908519.469,83961,1747907908500.813,-76,-1,-144
1747907908539.281,83972,1747907908520.625,-68,11,-143
1747907908559.125,83986,1747907908540.437,-68,-1,-138
1747907908578.938,84003,1747907908560.375,-73,-1,-136
1747907908598.781,84023,1747907908580.156,-68,-1,-140
1747907908618.594,84063,1747907908600.0,-72,-1,-130
1747907908638.437,84079,1747907908619.781,-73,-1,-135
1747907908658.313,84099,1747907908639.656,-72,-1,-133
1747907908678.125,84116,1747907908659.469,-56,-13,-136
1747907908697.969,84148,1747907908679.344,-68,-1,-137
1747907908717.875,84181,1747907908699.188,-65,-1,-146
1747907908737.656,84209,1747907908718.969,-60,-3,-145
1747907908757.469,84243,1747907908738.844,-72,-1,-138
1747907908777.313,84269,1747907908758.687,-64,-1,-135
1747907908797.125,84272,1747907908778.531,-76,-1,-152
1747907908816.969,84266,1747907908798.375,-64,-1,-140
1747907908836.781,84231,1747907908818.156,-61,-1,-138
1747907908856.656,84198,1747907908838.0,-77,-1,-139
1747907908876.469,84157,1747907908857.844,-65,-1,-134
1747907908896.281,84140,1747907908877.719,-72,12,-137
1747907908916.156,84103,1747907908897.5,-64,-1,-143
1747907908936.0,84090,1747907908917.375,-68,-1,-135
1747907908955.844,84082,1747907908937.25,-80,-1,-136
1747907908975.656,84086,1747907908957.031,-68,-1,-138
1747907908995.531,84092,1747907908976.875,-74,-1,-141
1747907909015.375,84096,1747907908996.75,-57,-1,-144
1747907909035.187,84122,1747907909016.563,-64,-1,-136
1747907909055.0,84146,1747907909036.406,-66,-1,-137
1747907909074.875,84168,1747907909056.219,-64,-1,-141
1747907909094.688,84173,1747907909076.062,-73,-1,-141
1747907909114.531,84190,1747907909095.906,-75,-1,-148
1747907909134.312,84195,1747907909115.75,-65,-1,-157
1747907909154.187,84223,1747907909135.531,-77,-1,-137
1747907909174.031,84229,1747907909155.375,-76,-1,-143
1747907909193.844,84267,1747907909175.281,-64,-1,-147
1747907909213.687,84274,1747907909195.0632,-76,-1,-140
1747907909233.5,84276,1747907909214.875,-76,11,-136
1747907909253.375,84324,1747907909234.688,-66,-1,-143
1747907909273.219,84328,1747907909254.594,-64,-1,-140
1747907909293.0,84369,1747907909274.406,-77,-1,-132
1747907909312.875,84412,1747907909294.25,-74,-2,-144
1747907909332.781,84441,1747907909314.094,-71,-1,-144
1747907909352.562,84474,1747907909333.937,-64,-11,-141
1747907909372.406,84493,1747907909353.781,-64,-1,-142
1747907909392.25,84536,1747907909373.625,-65,-1,-145
1747907909412.125,84560,1747907909393.469,-68,-1,-138
1747907909432.0,84605,1747907909413.313,-64,-1,-141
1747907909451.813,84646,1747907909433.187,-65,-1,-145
1747907909471.656,84675,1747907909453.031,-74,-1,-129
1747907909491.5,84729,1747907909472.844,-73,-1,-140
1747907909511.344,84764,1747907909492.688,-68,-1,-143
1747907909531.219,84776,1747907909512.563,-65,-1,-147
1747907909551.063,84754,1747907909532.406,-77,-1,-141
1747907909570.906,84725,1747907909552.25,-74,-1,-133
1747907909590.75,84684,1747907909572.094,-77,-1,-143
1747907909610.625,84657,1747907909591.969,-73,7,-143
1747907909630.438,84614,1747907909611.844,-68,-2,-144
1747907909650.313,84578,1747907909631.625,-68,-1,-140
1747907909670.219,84563,1747907909651.531,-66,-2,-138
1747907909690.031,84548,1747907909671.375,-64,-9,-147
1747907909709.875,84549,1747907909691.25,-72,7,-141
1747907909729.719,84560,1747907909711.094,-71,-1,-144
1747907909749.563,84577,1747907909730.937,-65,-2,-146
1747907909769.406,84574,1747907909750.781,-63,7,-141
1747907909789.219,84601,1747907909770.625,-72,-1,-143
1747907909809.062,84614,1747907909790.406,-63,-1,-145
1747907909828.906,84606,1747907909810.281,-67,-1,-136
1747907909848.781,84626,1747907909830.125,-76,-1,-141
1747907909868.562,84634,1747907909849.969,-64,-1,-144
1747907909888.437,84652,1747907909869.781,-64,-2,-141
1747907909908.25,84648,1747907909889.656,-64,-1,-145
1747907909928.125,84649,1747907909909.437,-72,-1,-143
1747907909947.938,84600,1747907909929.344,-79,-1,-145
1747907909967.781,84564,1747907909949.219,-62,-1,-141
1747907909987.656,84575,1747907909968.969,-73,-1,-136
1747907910007.469,84588,1747907909988.844,-79,-1,-138
1747907910027.313,84615,1747907910008.687,-81,-1,-144
1747907910047.156,84650,1747907910028.531,-68,-1,-137
1747907910066.969,84702,1747907910048.344,-84,-1,-138
1747907910086.844,84756,1747907910068.156,-66,-5,-130
1747907910106.75,84795,1747907910088.031,-65,-1,-135
1747907910126.5,84837,1747907910107.875,-74,-8,-138
1747907910146.375,84868,1747907910127.687,-73,-1,-144
1747907910166.219,84914,1747907910147.594,-65,-1,-144
1747907910186.062,84939,1747907910167.406,-64,11,-141
1747907910205.875,84982,1747907910187.3118,-68,-1,-135
1747907910225.719,85025,1747907910207.094,-72,-1,-134
1747907910245.625,85036,1747907910226.938,-78,-1,-146
1747907910265.4368,85029,1747907910246.781,-66,-1,-145
1747907910285.25,85024,1747907910266.625,-66,-1,-136
1747907910305.094,84984,1747907910286.469,-49,-1,-132
1747907910324.938,84961,1747907910306.281,-66,-1,-132
1747907910344.781,84934,1747907910326.125,-66,-1,-135
1747907910364.594,84881,1747907910345.969,-72,-9,-136
1747907910384.437,84861,1747907910365.813,-67,-1,-143
1747907910404.281,84837,1747907910385.656,-77,-1,-136
1747907910424.125,84837,1747907910405.469,-64,-1,-128
1747907910443.969,84838,1747907910425.344,-66,-1,-137
1747907910463.781,84829,1747907910445.188,-73,-1,-136
1747907910483.656,84844,1747907910465.031,-72,-1,-144
1747907910503.5,84822,1747907910484.844,-74,-1,-142
1747907910523.313,84842,1747907910504.687,-64,-1,-137
1747907910543.125,84846,1747907910524.5,-73,-1,-139
1747907910562.969,84853,1747907910544.344,-65,-1,-138
1747907910582.781,84869,1747907910564.188,-72,-1,-145
1747907910602.656,84870,1747907910584.0,-73,-1,-137
1747907910622.531,84870,1747907910603.875,-64,-1,-137
1747907910642.281,84871,1747907910623.688,-80,-7,-132
1747907910662.156,84877,1747907910643.5,-64,-2,-132
1747907910681.969,84900,1747907910663.344,-77,-1,-141
1747907910701.813,84904,1747907910683.187,-68,-1,-144
1747907910721.625,84936,1747907910703.062,-73,-1,-137
1747907910741.469,84944,1747907910722.844,-65,-1,-138
1747907910761.312,84965,1747907910742.656,-64,-1,-145
1747907910781.156,84992,1747907910762.531,-73,-1,-136
1747907910801.0,85011,1747907910782.344,-64,-1,-143
1747907910820.844,85028,1747907910802.187,-73,-1,-132
1747907910840.688,85054,1747907910822.031,-66,-1,-141
1747907910860.531,85067,1747907910841.906,-63,-1,-138
1747907910880.344,85088,1747907910861.75,-81,-1,-136
1747907910900.25,85110,1747907910881.531,-64,-1,-133
1747907910920.063,85122,1747907910901.469,-72,-1,-145
1747907910939.875,85099,1747907910921.25,-68,-1,-142
1747907910959.719,85073,1747907910941.063,-63,-1,-143
1747907910979.562,85049,1747907910960.938,-75,-1,-141
1747907910999.406,85002,1747907910980.781,-69,-1,-135
1747907911019.25,84956,1747907911000.625,-79,-2,-136
1747907911039.062,84906,1747907911020.438,-64,-2,-145
1747907911058.906,84875,1747907911040.281,-76,-1,-138
1747907911078.75,84861,1747907911060.0942,-73,7,-141
1747907911098.594,84846,1747907911079.937,-77,-1,-135
1747907911118.469,84831,1747907911099.812,-74,-1,-141
1747907911138.25,84837,1747907911119.688,-63,-1,-140
1747907911158.125,84870,1747907911139.469,-68,-1,-136
1747907911178.031,84862,1747907911159.312,-77,-1,-136
1747907911197.813,84887,1747907911179.219,-79,-1,-130
1747907911217.625,84892,1747907911199.0,-68,-3,-143
1747907911237.5,84893,1747907911218.844,-64,-1,-137
1747907911257.344,84915,1747907911238.688,-65,-1,-137
1747907911277.188,84925,1747907911258.531,-72,-1,-137
1747907911297.0,84927,1747907911278.375,-64,-1,-136
1747907911316.875,84939,1747907911298.187,-71,-9,-142
1747907911336.719,84947,1747907911318.094,-80,-1,-137
1747907911356.562,84954,1747907911337.9058,-64,-1,-139
1747907911376.375,84968,1747907911357.781,-63,-1,-128
1747907911396.219,84979,1747907911377.594,-76,-1,-133
1747907911416.063,84992,1747907911397.438,-71,-1,-138
1747907911435.906,85024,1747907911417.375,-74,-1,-138
1747907911455.75,85054,1747907911437.125,-77,-1,-138
1747907911475.594,85064,1747907911456.969,-80,-1,-144
1747907911495.438,85081,1747907911476.8118,-65,-1,-136
1747907911515.281,85113,1747907911496.656,-77,-1,-134
1747907911535.094,85135,1747907911516.5,-89,-1,-141
1747907911554.9368,85165,1747907911536.313,-80,-1,-137
1747907911574.875,85196,1747907911556.125,-76,-1,-144
1747907911594.625,85187,1747907911576.031,-64,-10,-141
1747907911614.5,85176,1747907911595.844,-71,-1,-139
1747907911634.312,85130,1747907911615.688,-68,-1,-146
1747907911654.156,85082,1747907911635.531,-66,-1,-144
1747907911674.0,85014,1747907911655.375,-64,-1,-137
1747907911693.844,84942,1747907911675.219,-66,-1,-140
1747907911713.656,84887,1747907911695.031,-77,-1,-137
1747907911733.5,84864,1747907911714.844,-75,-1,-143
1747907911753.344,84831,1747907911734.688,-66,-1,-141
1747907911773.1882,84820,1747907911754.531,-69,-1,-140
1747907911793.0,84800,1747907911774.375,-69,-1,-144
1747907911812.844,84796,1747907911794.25,-69,-1,-141
1747907911832.687,84796,1747907911814.063,-72,-2,-136
1747907911852.594,84814,1747907911833.906,-68,-1,-132
1747907911872.375,84795,1747907911853.812,-61,-1,-137
1747907911892.219,84803,1747907911873.625,-64,-1,-136
1747907911912.062,84789,1747907911893.438,-72,-1,-137
1747907911931.906,84789,1747907911913.25,-77,-1,-141
1747907911951.844,84772,1747907911933.125,-67,15,-138
1747907911971.594,84771,1747907911953.0,-74,-8,-137
1747907911991.438,84758,1747907911972.781,-66,-2,-136
1747907912011.406,84767,1747907911992.625,-66,-1,-134
1747907912031.125,84776,1747907912012.5,-65,-8,-144
1747907912050.969,84780,1747907912032.344,-77,-1,-136
1747907912070.813,84784,1747907912052.187,-63,-1,-137
1747907912090.656,84790,1747907912072.0,-72,-1,-143
1747907912110.531,84794,1747907912091.844,-61,-1,-140
1747907912130.344,84801,1747907912111.719,-66,-1,-144
1747907912150.188,84805,1747907912131.531,-68,-1,-138
1747907912170.063,84815,1747907912151.375,-72,-1,-133
1747907912189.9058,84818,1747907912171.25,-65,-1,-137
1747907912209.719,84832,1747907912191.094,-71,-1,-144
1747907912229.594,84870,1747907912210.938,-68,-1,-141
1747907912249.438,84887,1747907912230.75,-68,7,-137
1747907912269.313,84892,1747907912250.625,-77,-1,-133
1747907912289.125,84877,1747907912270.5,-80,-1,-141
1747907912309.0,84851,1747907912290.344,-65,-1,-136
1747907912328.844,84807,1747907912310.156,-66,-4,-161
1747907912348.719,84741,1747907912330.062,-77,-1,-144
1747907912368.531,84680,1747907912349.906,-64,-1,-137
1747907912388.375,84642,1747907912369.75,-64,-1,-136
1747907912408.25,84590,1747907912389.594,-66,-1,-135
1747907912428.063,84558,1747907912409.469,-65,7,-136
1747907912447.906,84525,1747907912429.281,-64,-1,-138
1747907912467.781,84499,1747907912449.156,-64,-1,-135
1747907912487.625,84493,1747907912469.0,-74,-1,-137
1747907912507.5,84496,1747907912488.844,-68,-2,-144
1747907912527.344,84515,1747907912508.719,-64,-1,-139
1747907912547.188,84526,1747907912528.563,-63,-1,-138
1747907912567.062,84537,1747907912548.406,-77,-1,-141
1747907912586.906,84540,1747907912568.281,-79,-1,-144
1747907912606.75,84543,1747907912588.125,-89,-1,-134
1747907912626.594,84531,1747907912608.0,-76,-1,-136
1747907912646.4692,84546,1747907912627.813,-77,-1,-143
1747907912666.344,84545,1747907912647.656,-69,-3,-132
1747907912686.188,84545,1747907912667.531,-73,-1,-137
1747907912706.0,84565,1747907912687.375,-77,7,-139
1747907912725.875,84631,1747907912707.187,-68,7,-138
1747907912745.75,84642,1747907912727.063,-68,-1,-148
1747907912765.594,84657,1747907912746.969,-68,7,-141
1747907912785.438,84673,1747907912766.906,-68,-1,-136
1747907912805.281,84690,1747907912786.625,-80,-1,-141
1747907912825.156,84711,1747907912806.469,-79,7,-137
1747907912845.0,84717,1747907912826.344,-76,-1,-136
1747907912864.906,84731,1747907912846.187,-73,-1,-149
1747907912884.688,84753,1747907912866.094,-72,-1,-144
1747907912904.562,84764,1747907912885.906,-74,-1,-137
1747907912924.469,84774,1747907912905.781,-64,-1,-136
1747907912944.25,84796,1747907912925.656,-83,-1,-135
1747907912964.125,84817,1747907912945.437,-64,-1,-138
1747907912983.969,84795,1747907912965.312,-80,-1,-140
1747907913003.844,84773,1747907912985.156,-65,-5,-134
1747907913023.6868,84738,1747907913005.031,-68,-1,-135
1747907913043.531,84676,1747907913024.875,-64,-1,-133
1747907913063.406,84657,1747907913044.75,-74,-1,-145
1747907913083.281,84629,1747907913064.625,-79,-1,-143
1747907913103.094,84613,1747907913084.5,-68,-1,-141
1747907913122.937,84589,1747907913104.281,-64,-1,-141
1747907913142.813,84579,1747907913124.156,-64,-1,-142
1747907913162.656,84573,1747907913144.031,-66,-1,-141
1747907913182.5,84575,1747907913163.875,-72,-1,-146
1747907913202.344,84596,1747907913183.688,-66,-1,-137
1747907913222.219,84596,1747907913203.531,-65,-1,-144
1747907913242.188,84613,1747907913223.406,-72,-1,-136
1747907913261.969,84621,1747907913243.375,-77,-1,-132
1747907913281.812,84630,1747907913263.156,-57,-1,-144
1747907913301.688,84646,1747907913283.062,-64,-1,-137
1747907913321.563,84664,1747907913302.906,-64,-1,-144
1747907913341.375,84670,1747907913322.75,-64,-1,-138
1747907913361.25,84665,1747907913342.563,-76,-1,-136
1747907913381.094,84663,1747907913362.437,-65,-1,-144
1747907913400.969,84661,1747907913382.312,-66,-1,-145
1747907913420.844,84666,1747907913402.188,-74,12,-145
1747907913440.687,84677,1747907913422.031,-69,-1,-141
1747907913460.562,84681,1747907913441.875,-71,-1,-135
1747907913480.438,84702,1747907913461.781,-64,-1,-137
1747907913500.219,84715,1747907913481.625,-77,-1,-129
1747907913520.094,84709,1747907913501.438,-65,-1,-140
1747907913540.094,84684,1747907913521.281,-61,-1,-136
1747907913559.813,84683,1747907913541.344,-65,-1,-135
1747907913579.656,84687,1747907913561.031,-65,-4,-138
1747907913599.531,84707,1747907913580.875,-65,-1,-138
1747907913619.406,84715,1747907913600.75,-81,7,-144
1747907913639.281,84758,1747907913620.625,-63,-1,-141
1747907913659.094,84775,1747907913640.5,-65,-1,-137
1747907913678.938,84757,1747907913660.281,-74,1,-136
1747907913698.812,84754,1747907913680.156,-77,-1,-136
1747907913718.656,84717,1747907913700.063,-66,-1,-135
1747907913738.5,84711,1747907913719.875,-81,-1,-136
1747907913758.375,84655,1747907913739.719,-74,-1,-143
1747907913778.219,84624,1747907913759.563,-69,-1,-144
1747907913798.094,84604,1747907913779.469,-74,-1,-138
1747907913817.906,84601,1747907913799.312,-69,-1,-138
1747907913837.75,84590,1747907913819.125,-64,-1,-135
1747907913857.625,84591,1747907913838.937,-72,-1,-136
1747907913877.562,84607,1747907913858.844,-77,-1,-135
1747907913897.312,84625,1747907913878.75,-78,-1,-129
1747907913917.188,84643,1747907913898.531,-64,-4,-145
1747907913937.063,84663,1747907913918.406,-65,-1,-135
1747907913956.906,84687,1747907913938.281,-77,-2,-138
1747907913976.75,84712,1747907913958.125,-72,-1,-141
1747907913996.625,84728,1747907913977.969,-69,-1,-136
1747907914016.469,84708,1747907913997.812,-68,-17,-137
1747907914036.344,84698,1747907914017.656,-61,-1,-143
1747907914056.156,84701,1747907914037.531,-68,-1,-146
1747907914076.031,84701,1747907914057.344,-66,-4,-153
1747907914095.906,84703,1747907914077.25,-61,-1,-142
1747907914115.781,84710,1747907914097.094,-65,-1,-144
1747907914135.594,84733,1747907914116.969,-65,-1,-148
1747907914155.469,84772,1747907914136.813,-64,-1,-138
1747907914175.313,84798,1747907914156.687,-76,-1,-140
1747907914195.188,84832,1747907914176.531,-66,-1,-143
1747907914215.031,84859,1747907914196.406,-73,-1,-141
1747907914234.906,84922,1747907914216.313,-72,-1,-141
1747907914254.75,84960,1747907914236.094,-64,-1,-139
1747907914274.594,85004,1747907914255.937,-68,-1,-145
1747907914294.438,85018,1747907914275.812,-52,-1,-142
1747907914314.312,85038,1747907914295.625,-73,-1,-140
1747907914334.187,85079,1747907914315.531,-73,-1,-144
1747907914354.063,85095,1747907914335.375,-73,24,-140
1747907914373.875,85128,1747907914355.25,-73,-1,-138
1747907914393.75,85142,1747907914375.094,-73,-1,-141
1747907914413.625,85148,1747907914394.938,-66,-5,-128
1747907914433.5,85146,1747907914414.875,-64,-9,-141
1747907914453.3132,85130,1747907914434.687,-70,-1,-146
1747907914473.187,85099,1747907914454.531,-65,-1,-149
1747907914493.062,85087,1747907914474.406,-66,-1,-142
1747907914512.969,85087,1747907914494.281,-64,7,-141
1747907914532.719,85077,1747907914514.156,-62,-1,-148
1747907914552.625,85074,1747907914533.937,-60,-1,-141
1747907914572.469,85089,1747907914553.813,-61,-1,-141
1747907914592.344,85099,1747907914573.688,-64,-1,-138
1747907914612.188,85115,1747907914593.5618,-64,-1,-145
1747907914632.031,85129,1747907914613.375,-72,-1,-137
1747907914651.906,85142,1747907914633.25,-76,-1,-136
1747907914671.844,85175,1747907914653.125,-76,-1,-136
1747907914691.594,85189,1747907914672.969,-72,0,-141
1747907914711.469,85210,1747907914692.812,-76,-1,-140
1747907914731.313,85214,1747907914712.688,-66,-1,-149
1747907914751.187,85215,1747907914732.531,-65,-1,-143
1747907914771.031,85220,1747907914752.4058,-68,-1,-139
1747907914790.906,85244,1747907914772.25,-64,-1,-137
1747907914810.781,85275,1747907914792.125,-68,-1,-132
1747907914830.625,85292,1747907914811.969,-72,-1,-138
1747907914850.469,85314,1747907914831.813,-73,-1,-143
1747907914870.313,85331,1747907914851.75,-72,-1,-144
1747907914890.188,85370,1747907914871.531,-63,-1,-134
1747907914910.031,85384,1747907914891.406,-77,-1,-138
1747907914929.875,85432,1747907914911.25,-65,-1,-143
1747907914949.813,85443,1747907914931.062,-66,-1,-146
1747907914969.594,85483,1747907914950.937,-50,-9,-141
1747907914989.469,85501,1747907914970.813,-76,-1,-141
1747907915009.281,85519,1747907914990.656,-71,-1,-141
1747907915029.156,85545,1747907915010.5,-73,-1,-137
1747907915049.0,85575,1747907915030.344,-64,-1,-136
1747907915068.875,85617,1747907915050.219,-69,-1,-133
1747907915088.687,85644,1747907915070.094,-72,1,-128
1747907915108.562,85662,1747907915089.906,-64,-1,-145
1747907915128.438,85667,1747907915109.812,-79,-1,-136
1747907915148.281,85668,1747907915129.625,-64,-1,-145
1747907915168.125,85637,1747907915149.5,-65,-1,-142
1747907915188.0,85627,1747907915169.344,-64,-1,-139
1747907915207.875,85593,1747907915189.188,-74,-1,-136
1747907915227.75,85573,1747907915209.094,-72,-2,-139
1747907915247.563,85558,1747907915228.937,-64,-1,-144
1747907915267.437,85595,1747907915248.75,-51,-1,-137
1747907915287.312,85639,1747907915268.656,-66,-1,-136
1747907915307.156,85685,1747907915288.531,-76,-1,-137
1747907915327.031,85762,1747907915308.344,-71,7,-144
1747907915346.906,85835,1747907915328.219,-78,-1,-138
1747907915366.75,85909,1747907915348.094,-42,-1,-144
1747907915386.625,85977,1747907915368.0,-63,-1,-137
1747907915406.469,86056,1747907915387.844,-73,-1,-143
1747907915426.344,86088,1747907915407.688,-69,-1,-138
1747907915446.219,86115,1747907915427.531,-76,7,-140
1747907915466.063,86125,1747907915447.406,-69,-1,-141
1747907915485.875,86186,1747907915467.25,-64,-1,-116
1747907915505.781,86231,1747907915487.094,-72,-1,-141
1747907915525.594,86262,1747907915506.938,-63,-11,-143
1747907915545.469,86319,1747907915526.781,-64,-1,-147
1747907915565.281,86367,1747907915546.6868,-66,-1,-141
1747907915585.156,86427,1747907915566.5,-73,-1,-138
1747907915605.0,86487,1747907915586.344,-70,-1,-141
1747907915624.875,86547,1747907915606.188,-64,-11,-135
1747907915644.687,86613,1747907915626.062,-64,-1,-143
1747907915664.563,86678,1747907915645.906,-71,-1,-138
1747907915684.406,86742,1747907915665.781,-62,-1,-141
1747907915704.281,86821,1747907915685.625,-64,-1,-141
1747907915724.094,86921,1747907915705.469,-68,-1,-146
1747907915743.938,87006,1747907915725.281,-64,-1,-144
1747907915763.813,87126,1747907915745.156,-65,-1,-144
1747907915783.6558,87218,1747907915765.0,-73,-1,-136
1747907915803.5,87328,1747907915784.875,-73,-1,-136
1747907915823.344,87365,1747907915804.688,-68,-5,-125
1747907915843.188,87403,1747907915824.531,-80,-1,-140
1747907915863.063,87423,1747907915844.406,-74,-1,-148
1747907915882.875,87429,1747907915864.344,-65,-1,-149
1747907915902.75,87452,1747907915884.094,-74,-2,-142
1747907915922.563,87478,1747907915903.937,-74,-1,-141
1747907915942.438,87521,1747907915923.781,-72,-1,-136
1747907915962.25,87562,1747907915943.656,-74,-1,-138
1747907915982.094,87598,1747907915963.531,-74,-1,-137
1747907916002.0,87655,1747907915983.313,-69,12,-138
1747907916021.875,87672,1747907916003.187,-72,-1,-136
1747907916041.688,87716,1747907916023.094,-64,-1,-136
1747907916061.531,87722,1747907916042.906,-72,-1,-146
1747907916081.375,87757,1747907916062.75,-75,-1,-143
1747907916101.25,87785,1747907916082.562,-77,17,-145
1747907916121.094,87787,1747907916102.437,-76,-1,-135
1747907916140.906,87788,1747907916122.281,-63,-1,-137
1747907916160.781,87790,1747907916142.125,-74,-1,-116
1747907916180.625,87775,1747907916161.969,-68,-1,-138
1747907916200.469,87755,1747907916181.812,-61,-1,-137
1747907916220.313,87747,1747907916201.687,-73,-1,-149
1747907916240.156,87737,1747907916221.531,-74,-1,-144
1747907916260.031,87726,1747907916241.375,-64,-1,-136
1747907916279.875,87744,1747907916261.281,-76,-1,-138
1747907916299.688,87761,1747907916281.0618,-60,-1,-141
1747907916319.531,87784,1747907916300.906,-64,-1,-137
1747907916339.406,87813,1747907916320.75,-74,-1,-141
1747907916359.312,87841,1747907916340.594,-68,7,-141
1747907916379.094,87892,1747907916360.531,-64,-1,-141
1747907916398.969,87953,1747907916380.281,-77,-1,-135
1747907916418.813,88004,1747907916400.156,-72,-1,-143
1747907916438.687,88047,1747907916420.031,-77,16,-136
1747907916458.531,88081,1747907916439.875,-64,-1,-140
1747907916478.406,88097,1747907916459.75,-65,-9,-141
1747907916498.25,88104,1747907916479.594,-61,-1,-122
1747907916518.125,88117,1747907916499.531,-58,-1,-140
1747907916537.937,88119,1747907916519.344,-71,7,-145
1747907916557.813,88126,1747907916539.156,-64,-1,-145
1747907916577.688,88174,1747907916559.031,-76,-1,-137
1747907916597.594,88209,1747907916578.906,-65,7,-148
1747907916617.344,88263,1747907916598.813,-66,7,-138
1747907916637.219,88280,1747907916618.562,-64,7,-136
1747907916657.063,88328,1747907916638.437,-64,-1,-132
1747907916676.938,88370,1747907916658.25,-77,-1,-136
1747907916696.719,88411,1747907916678.125,-74,-1,-144
1747907916716.594,88453,1747907916698.031,-69,-1,-136
1747907916736.469,88519,1747907916717.812,-77,-1,-142
1747907916756.313,88570,1747907916737.687,-64,-1,-145
1747907916776.156,88633,1747907916757.5,-65,12,-136
1747907916796.0,88670,1747907916777.344,-65,-1,-141
1747907916815.875,88714,1747907916797.219,-71,-1,-136
1747907916835.719,88738,1747907916817.062,-73,-1,-128
1747907916855.563,88763,1747907916836.969,-68,7,-137
1747907916875.406,88784,1747907916856.75,-65,7,-137
1747907916895.281,88779,1747907916876.625,-68,-1,-145
1747907916915.156,88793,1747907916896.4692,-65,-1,-144
1747907916935.0,88812,1747907916916.375,-64,-1,-136
1747907916954.844,88840,1747907916936.219,-68,-1,-141
1747907916974.719,88864,1747907916956.031,-71,-1,-143
1747907916994.562,88891,1747907916975.906,-73,-1,-140
1747907917014.406,88925,1747907916995.75,-80,-1,-141
1747907917034.25,88933,1747907917015.625,-68,-1,-137
1747907917054.125,88962,1747907917035.469,-64,-1,-134
1747907917074.0,88978,1747907917055.313,-65,6,-141
1747907917093.781,88973,1747907917075.219,-74,14,-135
1747907917113.656,88994,1747907917095.031,-60,15,-141
1747907917133.531,89025,1747907917114.844,-68,-1,-144
1747907917153.375,89040,1747907917134.75,-67,12,-144
1747907917173.187,89062,1747907917154.531,-71,-1,-144
1747907917193.063,89081,1747907917174.406,-70,7,-140
1747907917212.9058,89071,1747907917194.25,-73,-1,-137
1747907917232.75,89064,1747907917214.094,-66,-1,-141
1747907917252.594,89046,1747907917233.969,-64,-1,-144
1747907917272.438,89058,1747907917253.812,-74,-1,-147
1747907917292.313,89049,1747907917273.656,-74,-1,-141
1747907917312.156,89066,1747907917293.5,-69,-1,-141
1747907917331.969,89071,1747907917313.344,-63,7,-137
1747907917351.8118,89087,1747907917333.188,-66,-1,-136
1747907917371.656,89083,1747907917353.031,-77,12,-141
1747907917391.5,89106,1747907917372.875,-72,7,-141
1747907917411.375,89129,1747907917392.719,-66,-1,-146
1747907917431.312,89150,1747907917412.563,-66,-1,-145
1747907917451.031,89173,1747907917432.375,-56,-10,-150
1747907917470.906,89188,1747907917452.25,-64,-1,-144
1747907917490.75,89212,1747907917472.094,-64,-1,-147
1747907917510.562,89223,1747907917491.969,-64,-1,-132
1747907917530.437,89234,1747907917511.813,-72,-1,-138
1747907917550.281,89251,1747907917531.656,-65,-1,-145
1747907917570.156,89275,1747907917551.5,-74,-1,-143
1747907917590.0,89275,1747907917571.406,-61,-1,-140
1747907917609.906,89291,1747907917591.188,-66,-1,-143
1747907917629.719,89297,1747907917611.125,-70,-1,-137
1747907917649.563,89318,1747907917630.937,-68,-1,-146
1747907917669.375,89347,1747907917650.75,-64,7,-136
1747907917689.281,89374,1747907917670.594,-64,-1,-141
1747907917709.125,89389,1747907917690.438,-66,11,-137
1747907917729.0,89412,1747907917710.375,-72,-1,-136
1747907917748.844,89432,1747907917730.187,-63,-1,-143
1747907917768.781,89444,1747907917750.063,-68,7,-141
1747907917788.562,89485,1747907917769.906,-56,3,-143
1747907917808.469,89509,1747907917789.781,-64,-1,-141
1747907917828.25,89527,1747907917809.687,-65,-1,-142
1747907917848.125,89561,1747907917829.469,-63,-1,-145
1747907917868.0,89588,1747907917849.313,-79,-1,-136
1747907917887.844,89588,1747907917869.219,-74,-1,-141
1747907917907.688,89601,1747907917889.062,-72,-1,-130
1747907917927.563,89598,1747907917908.906,-64,-1,-140
1747907917947.406,89594,1747907917928.781,-64,-1,-143
1747907917967.281,89605,1747907917948.625,-61,7,-144
1747907917987.125,89606,1747907917968.531,-77,-1,-136
1747907918006.969,89596,1747907917988.375,-68,-1,-137
1747907918026.844,89598,1747907918008.188,-81,-1,-138
1747907918046.812,89588,1747907918028.031,-73,-1,-138
1747907918066.531,89573,1747907918048.031,-64,-1,-137
1747907918086.406,89559,1747907918067.75,-61,-3,-140
1747907918106.281,89564,1747907918087.594,-63,7,-137
1747907918126.125,89589,1747907918107.5,-72,-1,-136
1747907918145.969,89631,1747907918127.344,-73,-1,-143
1747907918165.906,89647,1747907918147.156,-68,-1,-141
1747907918185.688,89677,1747907918167.031,-76,-17,-141
1747907918205.5308,89707,1747907918186.875,-67,-1,-139
1747907918225.344,89711,1747907918206.75,-64,-1,-145
1747907918245.219,89727,1747907918226.562,-64,-1,-136
1747907918265.094,89747,1747907918246.437,-76,-1,-141
1747907918284.906,89751,1747907918266.281,-64,-1,-141
1747907918304.75,89761,1747907918286.094,-65,-1,-141
1747907918324.625,89780,1747907918305.969,-65,-1,-132
1747907918344.438,89794,1747907918325.844,-66,7,-136
1747907918364.281,89825,1747907918345.625,-74,-1,-133
1747907918384.219,89861,1747907918365.469,-76,-1,-136
1747907918403.969,89874,1747907918385.438,-71,-1,-141
1747907918423.812,89889,1747907918405.156,-63,-2,-144
1747907918443.656,89931,1747907918425.031,-73,-1,-138
1747907918463.5,89955,1747907918444.875,-64,15,-138
1747907918483.344,89968,1747907918464.688,-66,-1,-143
1747907918503.156,89980,1747907918484.5632,-63,-1,-146
1747907918523.031,89991,1747907918504.344,-64,12,-145
1747907918542.875,89993,1747907918524.219,-76,-1,-138
1747907918562.6882,89996,1747907918544.062,-74,-1,-143
1747907918582.531,90010,1747907918563.875,-61,-1,-136
1747907918602.406,89997,1747907918583.781,-64,-1,-140
1747907918622.25,89992,1747907918603.594,-65,-1,-141
1747907918642.063,89993,1747907918623.469,-69,7,-141
1747907918661.906,89995,1747907918643.281,-72,-1,-135
1747907918681.75,90022,1747907918663.125,-66,-1,-141
1747907918701.625,90026,1747907918682.969,-80,-1,-141
1747907918721.437,90042,1747907918702.812,-73,-1,-141
1747907918741.281,90059,1747907918722.656,-72,-1,-141
1747907918761.156,90072,1747907918742.5,-66,-1,-144
1747907918781.094,90088,1747907918762.375,-68,-1,-146
1747907918800.812,90110,1747907918782.219,-60,-4,-144
1747907918820.688,90129,1747907918802.062,-66,-1,-136
1747907918840.531,90142,1747907918821.906,-72,-1,-136
1747907918860.406,90162,1747907918841.75,-76,-1,-137
1747907918880.25,90177,1747907918861.594,-72,-1,-145
1747907918900.062,90191,1747907918881.5,-72,-1,-141
1747907918919.938,90201,1747907918901.281,-68,-1,-145
1747907918939.813,90232,1747907918921.125,-73,-1,-143
1747907918959.656,90215,1747907918941.031,-64,-1,-136
1747907918979.5,90241,1747907918960.906,-74,-1,-141
1747907918999.344,90254,1747907918980.687,-68,-1,-144
1747907919019.188,90282,1747907919000.562,-72,-1,-136
1747907919039.062,90291,1747907919020.406,-72,-1,-148
1747907919058.875,90322,1747907919040.281,-63,-1,-135
1747907919078.719,90334,1747907919060.0942,-72,-1,-141
1747907919098.594,90354,1747907919079.906,-66,-1,-136
1747907919118.531,90374,1747907919099.812,-64,-1,-138
1747907919138.25,90388,1747907919119.656,-62,0,-140
1747907919158.125,90424,1747907919139.469,-64,12,-141
1747907919178.0,90405,1747907919159.344,-65,7,-137
1747907919197.844,90417,1747907919179.25,-72,-1,-136
1747907919217.688,90418,1747907919199.063,-61,-1,-141
1747907919237.531,90406,1747907919218.906,-63,-1,-144
1747907919257.406,90394,1747907919238.719,-72,-1,-145
1747907919277.25,90387,1747907919258.625,-71,7,-141
1747907919297.094,90393,1747907919278.469,-65,-1,-138
1747907919316.969,90387,1747907919298.313,-64,-1,-141
1747907919336.812,90408,1747907919318.156,-68,-1,-141
1747907919356.688,90434,1747907919338.0,-61,-1,-144
1747907919376.5,90445,1747907919357.875,-64,-1,-146
1747907919396.344,90446,1747907919377.687,-65,-1,-141
1747907919416.219,90482,1747907919397.594,-60,-1,-145
1747907919436.062,90505,1747907919417.438,-73,-1,-142
1747907919455.969,90537,1747907919437.25,-71,-1,-140
1747907919475.75,90567,1747907919457.062,-52,-8,-141
1747907919495.625,90599,1747907919476.969,-72,-1,-140
1747907919515.469,90609,1747907919496.844,-61,7,-136
1747907919535.281,90633,1747907919516.687,-71,-2,-145
1747907919555.156,90680,1747907919536.5,-64,-1,-141
1747907919575.031,90683,1747907919556.375,-61,7,-136
1747907919594.875,90708,1747907919576.25,-60,-1,-136
1747907919614.719,90728,1747907919596.094,-64,-1,-141
1747907919634.563,90750,1747907919615.937,-63,-1,-140
1747907919654.406,90758,1747907919635.75,-71,-1,-144
1747907919674.2808,90768,1747907919655.625,-76,-1,-136
1747907919694.094,90786,1747907919675.5,-72,7,-135
1747907919713.937,90808,1747907919695.312,-77,7,-136
1747907919733.813,90838,1747907919715.187,-61,-1,-137
1747907919753.656,90874,1747907919735.0,-61,-1,-141
1747907919773.5,90885,1747907919754.875,-71,6,-140
1747907919793.406,90910,1747907919774.719,-76,-2,-140
1747907919813.219,90920,1747907919794.531,-52,-8,-143
1747907919833.063,90924,1747907919814.406,-72,-1,-138
1747907919852.906,90916,1747907919834.25,-65,-1,-143
1747907919872.75,90908,1747907919854.125,-65,-1,-144
1747907919892.625,90881,1747907919873.969,-68,-1,-145
1747907919912.469,90882,1747907919893.781,-72,-1,-141
1747907919932.281,90887,1747907919913.625,-69,-1,-132
1747907919952.156,90873,1747907919933.5,-65,12,-146
1747907919972.0,90875,1747907919953.375,-61,-1,-137
1747907919991.844,90870,1747907919973.219,-72,-1,-138
1747907920011.719,90866,1747907919993.062,-71,-1,-138
1747907920031.531,90866,1747907920012.906,-64,-1,-139
1747907920051.406,90896,1747907920032.75,-79,-1,-137
1747907920071.281,90897,1747907920052.625,-66,-1,-138
1747907920091.125,90905,1747907920072.469,-84,-1,-140
1747907920110.969,90899,1747907920092.312,-64,-1,-141
1747907920130.875,90915,1747907920112.156,-69,7,-143
1747907920150.656,90918,1747907920132.0,-56,-8,-141
1747907920170.563,90926,1747907920151.875,-69,-1,-138
1747907920190.375,90919,1747907920171.719,-64,-3,-137
1747907920210.25,90930,1747907920191.562,-63,-2,-136
1747907920230.125,90934,1747907920211.438,-60,-1,-138
1747907920249.969,90950,1747907920231.313,-72,-1,-141
1747907920269.813,90946,1747907920251.187,-65,-1,-140
1747907920289.656,90959,1747907920271.031,-61,7,-137
1747907920309.531,90975,1747907920290.875,-61,-1,-144
1747907920329.375,90995,1747907920310.812,-64,-1,-144
1747907920349.219,91030,1747907920330.594,-77,-1,-138
1747907920369.094,91029,1747907920350.437,-64,-1,-141
1747907920388.969,91052,1747907920370.281,-65,-1,-139
1747907920408.875,91074,1747907920390.156,-80,-1,-137
1747907920428.625,91092,1747907920410.125,-71,-1,-144
1747907920448.5,91091,1747907920429.812,-61,-1,-151
1747907920468.344,91092,1747907920449.687,-63,-1,-141
1747907920488.187,91078,1747907920469.531,-73,-1,-142
1747907920508.031,91062,1747907920489.375,-61,-1,-148
1747907920527.906,91051,1747907920509.25,-50,-1,-141
1747907920547.781,91026,1747907920529.125,-60,1,-141
1747907920567.625,91029,1747907920548.969,-73,7,-136
1747907920587.469,91008,1747907920568.844,-77,-1,-137
1747907920607.312,91022,1747907920588.625,-64,7,-144
1747907920627.156,91017,1747907920608.531,-64,-1,-145
1747907920647.0,91043,1747907920628.375,-68,-1,-138
1747907920666.844,91034,1747907920648.219,-74,-1,-141
1747907920686.719,91037,1747907920668.063,-65,-1,-144
1747907920706.563,91040,1747907920687.906,-62,-1,-144
1747907920726.438,91039,1747907920707.75,-72,-1,-143
1747907920746.25,91034,1747907920727.625,-74,-1,-136
1747907920766.094,91037,1747907920747.438,-72,-1,-165
1747907920785.969,91021,1747907920767.313,-64,-1,-141
1747907920805.844,91049,1747907920787.187,-75,-1,-145
1747907920825.625,91054,1747907920807.031,-66,-1,-141
1747907920845.5,91061,1747907920826.875,-66,-1,-141
1747907920865.344,91070,1747907920846.688,-72,-1,-144
1747907920885.187,91087,1747907920866.531,-63,1,-151
1747907920905.031,91091,1747907920886.406,-64,-1,-146
1747907920924.875,91105,1747907920906.25,-65,14,-143
1747907920944.75,91084,1747907920926.063,-71,-1,-128
1747907920964.594,91096,1747907920945.938,-65,-1,-138
1747907920984.406,91100,1747907920965.781,-72,-1,-137
1747907921004.25,91104,1747907920985.687,-72,-1,-141
1747907921024.125,91116,1747907921005.438,-65,-1,-144
1747907921043.969,91110,1747907921025.375,-63,-1,-144
1747907921063.812,91088,1747907921045.187,-74,-1,-135
1747907921083.75,91052,1747907921065.031,-66,-1,-141
1747907921103.5308,91033,1747907921084.969,-71,14,-141
1747907921123.375,90998,1747907921104.719,-72,9,-144
1747907921143.219,90984,1747907921124.594,-64,15,-141
1747907921163.063,90956,1747907921144.437,-81,-1,-141
1747907921182.938,90959,1747907921164.219,-68,-1,-136
1747907921202.781,90956,1747907921184.125,-71,7,-141
1747907921222.625,90955,1747907921203.969,-60,-9,-141
1747907921242.469,90961,1747907921223.813,-66,-1,-137
1747907921262.313,90949,1747907921243.687,-62,-1,-140
1747907921282.156,90957,1747907921263.5,-61,7,-144
1747907921302.031,90961,1747907921283.375,-63,-1,-144
1747907921321.812,90980,1747907921303.25,-57,-1,-129
1747907921341.687,90988,1747907921323.125,-73,-1,-146
1747907921361.531,91004,1747907921342.906,-73,-1,-140
1747907921381.375,91010,1747907921362.719,-68,-1,-136
1747907921401.219,91030,1747907921382.594,-81,-1,-138
1747907921421.187,91031,1747907921402.438,-72,-1,-136
1747907921440.938,91054,1747907921422.406,-69,7,-136
1747907921460.781,91078,1747907921442.156,-68,-1,-139
1747907921480.625,91094,1747907921462.0,-77,-1,-136
1747907921500.469,91106,1747907921481.813,-64,-1,-142
1747907921520.312,91113,1747907921501.688,-68,-1,-144
1747907921540.156,91142,1747907921521.5,-61,15,-145
1747907921560.0,91145,1747907921541.375,-69,-7,-144
1747907921579.844,91163,1747907921561.188,-61,-1,-146
1747907921599.687,91161,1747907921581.063,-64,-1,-141
1747907921619.531,91182,1747907921600.906,-73,-1,-132
1747907921639.375,91194,1747907921620.75,-64,-1,-144
1747907921659.25,91214,1747907921640.625,-61,-1,-143
1747907921679.094,91220,1747907921660.563,-76,-1,-142
1747907921698.969,91215,1747907921680.281,-64,-1,-137
1747907921718.781,91203,1747907921700.156,-77,7,-136
1747907921738.656,91170,1747907921720.0,-81,-1,-144
1747907921758.5,91135,1747907921739.875,-64,-1,-141
1747907921778.344,91122,1747907921759.719,-70,-1,-144
1747907921798.187,91093,1747907921779.562,-61,-1,-144
1747907921818.063,91078,1747907921799.437,-61,-1,-145
1747907921837.9058,91083,1747907921819.25,-89,-1,-141
1747907921857.75,91085,1747907921839.094,-76,-1,-143
1747907921877.594,91088,1747907921858.938,-64,-1,-141
1747907921897.438,91101,1747907921878.812,-72,-7,-149
1747907921917.313,91116,1747907921898.594,-69,7,-144
1747907921937.125,91109,1747907921918.5,-74,-1,-141
1747907921957.0,91118,1747907921938.344,-65,11,-130
1747907921976.844,91120,1747907921958.219,-61,-1,-146
1747907921996.688,91116,1747907921978.031,-63,-1,-147
1747907922016.563,91113,1747907921997.875,-66,-1,-145
1747907922036.406,91124,1747907922017.781,-64,14,-140
1747907922056.219,91119,1747907922037.625,-72,-1,-136
1747907922076.062,91137,1747907922057.437,-62,-1,-141
1747907922095.938,91138,1747907922077.281,-64,-1,-141
1747907922115.813,91121,1747907922097.125,-68,-1,-143
1747907922135.625,91140,1747907922117.0,-75,-1,-145
1747907922155.5,91135,1747907922136.813,-62,-1,-141
1747907922175.344,91148,1747907922156.687,-64,-1,-144
1747907922195.219,91148,1747907922176.562,-66,-1,-142
1747907922215.031,91159,1747907922196.375,-64,11,-141
1747907922234.875,91195,1747907922216.281,-66,1,-156
1747907922254.75,91213,1747907922236.094,-65,-1,-144
1747907922274.625,91231,1747907922255.969,-64,-1,-146
1747907922294.438,91231,1747907922275.812,-71,7,-132
1747907922314.312,91246,1747907922295.656,-62,-1,-141
1747907922334.156,91219,1747907922315.531,-64,-1,-141
1747907922354.0,91207,1747907922335.375,-71,-1,-138
1747907922373.844,91181,1747907922355.219,-72,-1,-141
1747907922393.687,91150,1747907922375.063,-72,-1,-136
1747907922413.562,91126,1747907922394.875,-65,7,-138
1747907922433.531,91089,1747907922414.75,-65,7,-136
1747907922453.25,91075,1747907922434.75,-72,-1,-143
1747907922473.125,91052,1747907922454.437,-61,-1,-143
1747907922492.969,91043,1747907922474.344,-74,-1,-147
1747907922512.844,91033,1747907922494.188,-84,-1,-143
1747907922532.656,91036,1747907922514.031,-73,15,-136
1747907922552.5,91033,1747907922533.875,-70,15,-143
1747907922572.375,91038,1747907922553.719,-71,-9,-138
1747907922592.219,91049,1747907922573.531,-69,-1,-144
1747907922612.031,91046,1747907922593.437,-77,-1,-136
1747907922631.906,91064,1747907922613.281,-68,-1,-128
1747907922651.781,91065,1747907922633.125,-64,-1,-143
1747907922671.625,91076,1747907922652.969,-64,-1,-147
1747907922691.437,91078,1747907922672.906,-66,-1,-144
1747907922711.313,91068,1747907922692.687,-61,-1,-140
1747907922731.156,91087,1747907922712.531,-69,-1,-138
1747907922751.0,91083,1747907922732.344,-65,-1,-137
1747907922770.937,91092,1747907922752.219,-64,-1,-137
1747907922790.687,91107,1747907922772.156,-77,-1,-143
1747907922810.531,91114,1747907922791.875,-58,-4,-141
1747907922830.406,91116,1747907922811.75,-74,-1,-146
1747907922850.25,91125,1747907922831.594,-64,3,-147
1747907922870.062,91153,1747907922851.438,-74,-1,-140
1747907922889.937,91150,1747907922871.25,-65,-1,-137
1747907922909.781,91166,1747907922891.156,-72,3,-142
1747907922929.625,91162,1747907922910.969,-68,-1,-141
1747907922949.437,91171,1747907922930.844,-63,15,-141
1747907922969.312,91175,1747907922950.656,-72,-1,-130
1747907922989.188,91156,1747907922970.5,-76,7,-138
1747907923009.0,91124,1747907922990.406,-63,-1,-143
1747907923028.8442,91088,1747907923010.219,-73,-1,-141
1747907923048.687,91032,1747907923030.063,-66,-1,-145
1747907923068.531,91002,1747907923049.906,-61,7,-137
1747907923088.406,90964,1747907923069.75,-81,-1,-141
1747907923108.25,90941,1747907923089.625,-72,-1,-141
1747907923128.094,90908,1747907923109.469,-70,-1,-141
1747907923147.969,90898,1747907923129.281,-64,-1,-146
1747907923167.813,90886,1747907923149.156,-63,-1,-148
1747907923187.625,90853,1747907923169.031,-58,-1,-144
1747907923207.5,90844,1747907923188.812,-61,-1,-142
1747907923227.344,90841,1747907923208.688,-65,-1,-145
1747907923247.187,90832,1747907923228.563,-73,-1,-144
1747907923267.0,90833,1747907923248.406,-71,-1,-141
1747907923286.844,90820,1747907923268.219,-76,-1,-141
1747907923306.719,90825,1747907923288.031,-73,-1,-145
1747907923326.562,90808,1747907923307.938,-65,10,-137
1747907923346.375,90784,1747907923327.719,-71,-1,-138
1747907923366.25,90786,1747907923347.594,-72,-1,-142
1747907923386.063,90789,1747907923367.4368,-74,11,-142
1747907923405.937,90800,1747907923387.281,-72,7,-136
1747907923425.781,90811,1747907923407.125,-72,-1,-144
1747907923445.594,90807,1747907923426.969,-64,-1,-149
1747907923465.438,90835,1747907923446.781,-63,-1,-141
1747907923485.313,90823,1747907923466.656,-73,-1,-144
1747907923505.156,90817,1747907923486.531,-61,-1,-138
1747907923525.0,90808,1747907923506.344,-49,15,-144
1747907923544.938,90796,1747907923526.187,-68,-1,-141
1747907923564.688,90805,1747907923546.156,-76,-1,-138
1747907923584.563,90819,1747907923565.906,-64,13,-148
1747907923604.375,90843,1747907923585.781,-68,-1,-144
1747907923624.219,90845,1747907923605.563,-76,-1,-137
1747907923644.063,90847,1747907923625.437,-71,7,-143
1747907923663.938,90829,1747907923645.281,-64,-1,-136
1747907923683.812,90805,1747907923665.125,-65,-1,-139
1747907923703.594,90757,1747907923685.0,-68,-1,-138
1747907923723.469,90719,1747907923704.813,-72,-1,-138
1747907923743.313,90680,1747907923724.687,-79,-1,-141
1747907923763.156,90654,1747907923744.5,-61,-1,-136
1747907923783.062,90601,1747907923764.344,-61,-1,-144
1747907923802.844,90597,1747907923784.281,-74,-1,-144
1747907923822.687,90584,1747907923804.062,-72,7,-136
1747907923842.656,90572,1747907923823.937,-71,-1,-140
1747907923862.406,90576,1747907923843.75,-58,-8,-138
1747907923882.25,90580,1747907923863.625,-75,-1,-145
1747907923902.125,90581,1747907923883.469,-65,7,-143
1747907923921.938,90583,1747907923903.312,-74,3,-122
1747907923941.781,90574,1747907923923.187,-65,-1,-138
1747907923961.656,90567,1747907923943.0,-76,-1,-140
1747907923981.5,90564,1747907923962.844,-72,-1,-145
1747907924001.344,90548,1747907923982.687,-63,-1,-140
1747907924021.25,90562,1747907924002.594,-74,-1,-140
1747907924041.0308,90555,1747907924022.438,-64,-1,-143
1747907924060.906,90540,1747907924042.25,-62,-1,-142
1747907924080.719,90546,1747907924062.125,-61,-1,-141
1747907924100.563,90554,1747907924081.937,-64,-1,-144
1747907924120.469,90551,1747907924101.75,-64,-1,-144
1747907924140.281,90577,1747907924121.688,-65,-1,-153
1747907924160.125,90560,1747907924141.469,-65,-1,-144
1747907924179.9368,90571,1747907924161.313,-64,-1,-153
1747907924199.813,90574,1747907924181.156,-68,16,-142
1747907924219.688,90589,1747907924201.031,-74,-1,-134
1747907924239.531,90610,1747907924220.875,-63,7,-144
1747907924259.344,90624,1747907924240.719,-65,7,-143
1747907924279.219,90652,1747907924260.531,-68,-1,-141
1747907924299.063,90651,1747907924280.406,-66,-1,-136
1747907924318.938,90647,1747907924300.25,-73,-1,-145
1747907924338.75,90606,1747907924320.125,-66,-1,-138
1747907924358.594,90556,1747907924339.969,-61,-1,-138
1747907924378.438,90509,1747907924359.844,-73,-1,-143
1747907924398.344,90463,1747907924379.625,-72,15,-141
1747907924418.156,90410,1747907924399.531,-76,-1,-144
1747907924438.0,90349,1747907924419.375,-66,-1,-144
1747907924457.875,90300,1747907924439.219,-72,-1,-138
1747907924477.719,90231,1747907924459.094,-61,7,-141
1747907924497.563,90205,1747907924478.937,-61,-1,-143
1747907924517.562,90167,1747907924498.781,-65,-1,-140
1747907924537.281,90119,1747907924518.625,-55,0,-138
1747907924557.156,90094,1747907924538.5,-68,-1,-144
1747907924577.0,90102,1747907924558.375,-74,-1,-136
1747907924596.844,90102,1747907924578.188,-61,7,-126
1747907924616.719,90120,1747907924598.063,-63,7,-145
1747907924636.563,90101,1747907924617.937,-67,-1,-152
1747907924656.406,90097,1747907924637.781,-63,-1,-147
1747907924676.281,90078,1747907924657.656,-64,-1,-141
1747907924696.156,90058,1747907924677.469,-73,-1,-144
1747907924716.0,90060,1747907924697.313,-72,11,-137
1747907924735.844,90048,1747907924717.219,-76,-1,-135
1747907924755.656,90066,1747907924737.0,-69,-1,-140
1747907924775.531,90046,1747907924756.875,-78,-1,-141
1747907924795.406,90072,1747907924776.75,-70,-1,-144
1747907924815.219,90069,1747907924796.625,-64,-1,-144
1747907924835.094,90064,1747907924816.437,-64,-1,-143
1747907924855.0,90079,1747907924836.281,-68,15,-138
1747907924874.8118,90089,1747907924856.156,-68,1,-143
1747907924894.656,90092,1747907924876.031,-68,-1,-142
1747907924914.5,90120,1747907924895.875,-65,12,-138
1747907924934.344,90121,1747907924915.719,-64,-1,-138
1747907924954.25,90129,1747907924935.531,-66,-1,-133
1747907924974.062,90164,1747907924955.469,-62,-1,-137
1747907924993.906,90188,1747907924975.25,-61,-1,-129
1747907925013.781,90203,1747907924995.125,-73,-1,-139
1747907925033.625,90207,1747907925015.0,-68,7,-143
1747907925053.469,90181,1747907925034.844,-64,-1,-144
1747907925073.312,90170,1747907925054.688,-68,-1,-143
1747907925093.188,90121,1747907925074.562,-64,12,-137
1747907925113.063,90094,1747907925094.375,-63,-1,-136
1747907925132.875,90047,1747907925114.219,-71,-1,-145
1747907925152.75,89977,1747907925134.094,-77,7,-144
1747907925172.594,89938,1747907925153.937,-72,-1,-146
1747907925192.469,89903,1747907925173.844,-63,-1,-137
1747907925212.312,89861,1747907925193.688,-64,-5,-143
1747907925232.156,89822,1747907925213.531,-69,-1,-137
1747907925252.0,89801,1747907925233.344,-66,-1,-138
1747907925271.875,89788,1747907925253.219,-66,-7,-145
1747907925291.688,89760,1747907925273.031,-64,11,-141
1747907925311.531,89777,1747907925292.906,-64,-1,-135
1747907925331.375,89763,1747907925312.75,-65,-1,-132
1747907925351.25,89766,1747907925332.562,-64,-1,-141
1747907925371.063,89767,1747907925352.437,-65,-1,-147
1747907925390.875,89760,1747907925372.281,-76,-1,-143
1747907925410.75,89759,1747907925392.094,-77,-1,-145
1747907925430.562,89750,1747907925411.938,-65,-1,-143
1747907925450.438,89743,1747907925431.781,-72,-1,-144
1747907925470.25,89746,1747907925451.625,-68,-1,-141
1747907925490.094,89736,1747907925471.437,-76,-1,-143
1747907925509.969,89742,1747907925491.313,-73,-1,-132
1747907925529.906,89731,1747907925511.156,-63,-1,-141
1747907925549.625,89736,1747907925531.0,-57,4,-140
1747907925569.469,89725,1747907925550.812,-61,7,-136
1747907925589.344,89746,1747907925570.688,-58,-1,-148
1747907925609.1868,89749,1747907925590.531,-72,13,-148
1747907925629.0,89751,1747907925610.406,-72,11,-141
1747907925648.875,89759,1747907925630.187,-73,7,-138
1747907925668.719,89774,1747907925650.062,-72,-1,-145
1747907925688.562,89773,1747907925669.938,-64,-1,-133
1747907925708.437,89779,1747907925689.781,-77,-1,-134
1747907925728.25,89789,1747907925709.656,-65,7,-138
1747907925748.094,89801,1747907925729.437,-64,-1,-132
1747907925767.938,89810,1747907925749.312,-66,-1,-141
1747907925787.75,89832,1747907925769.156,-63,7,-143
1747907925807.625,89824,1747907925789.0,-61,-1,-142
1747907925827.469,89821,1747907925808.844,-77,-1,-140
1747907925847.313,89779,1747907925828.656,-76,-1,-138
1747907925867.188,89743,1747907925848.563,-79,-1,-137
1747907925887.0,89687,1747907925868.375,-77,-1,-136
1747907925906.844,89624,1747907925888.188,-64,15,-148
1747907925926.719,89589,1747907925908.094,-64,-1,-141
1747907925946.531,89529,1747907925927.906,-64,-1,-128
1747907925966.375,89490,1747907925947.75,-65,-1,-136
1747907925986.219,89467,1747907925967.594,-64,-1,-137
1747907926006.062,89433,1747907925987.406,-66,-1,-144
1747907926025.938,89409,1747907926007.25,-64,-1,-141
1747907926045.75,89398,1747907926027.125,-64,-1,-136
1747907926065.594,89391,1747907926046.969,-69,7,-141
1747907926085.437,89384,1747907926066.781,-64,-1,-143
1747907926105.313,89400,1747907926086.656,-79,-1,-137
1747907926125.094,89416,1747907926106.469,-63,3,-140
1747907926144.969,89395,1747907926126.312,-64,7,-141
1747907926164.812,89387,1747907926146.156,-49,7,-146
1747907926184.656,89385,1747907926166.0308,-77,7,-141
1747907926204.469,89372,1747907926185.844,-64,-1,-137
1747907926224.313,89368,1747907926205.687,-80,8,-138
1747907926244.1558,89354,1747907926225.5,-63,-1,-141
1747907926264.0,89350,1747907926245.375,-64,-1,-136
1747907926283.844,89355,1747907926265.188,-72,-1,-153
1747907926303.688,89358,1747907926285.062,-58,-1,-141
1747907926323.531,89365,1747907926304.906,-63,-1,-145
1747907926343.375,89362,1747907926324.75,-72,-1,-136
1747907926363.25,89393,1747907926344.594,-68,-1,-136
1747907926383.0618,89422,1747907926364.406,-66,-1,-143
1747907926402.906,89465,1747907926384.25,-61,-1,-143
1747907926422.813,89498,1747907926404.125,-62,-1,-144
1747907926442.594,89509,1747907926424.063,-72,-1,-139
1747907926462.469,89543,1747907926443.781,-77,-1,-141
1747907926482.312,89573,1747907926463.656,-66,-1,-146
1747907926502.125,89579,1747907926483.5,-81,-1,-143
1747907926522.0,89605,1747907926503.344,-68,-1,-137
1747907926541.812,89633,1747907926523.1882,-66,7,-145
1747907926561.656,89656,1747907926543.0,-76,1,-138
1747907926581.531,89681,1747907926562.844,-76,-1,-145
1747907926601.375,89706,1747907926582.75,-68,-1,-140
1747907926621.188,89724,1747907926602.594,-64,-1,-128
1747907926641.062,89713,1747907926622.438,-64,-1,-140
1747907926660.906,89703,1747907926642.281,-74,-1,-140
1747907926680.781,89668,1747907926662.125,-66,7,-145
1747907926700.594,89639,1747907926682.0,-64,-1,-139
1747907926720.438,89607,1747907926701.813,-61,3,-130
1747907926740.312,89606,1747907926721.656,-65,-1,-140
1747907926760.281,89595,1747907926741.5,-60,-1,-144
1747907926779.969,89592,1747907926761.469,-71,-1,-144
1747907926799.844,89561,1747907926781.187,-63,-1,-144
1747907926819.687,89576,1747907926801.031,-72,11,-143
1747907926839.531,89579,1747907926820.844,-64,3,-141
1747907926859.375,89587,1747907926840.75,-76,-1,-140
1747907926879.219,89595,1747907926860.594,-69,7,-145
1747907926899.063,89586,1747907926880.406,-77,8,-147
1747907926918.906,89603,1747907926900.25,-68,-1,-144
1747907926938.719,89630,1747907926920.094,-72,-1,-138
1747907926958.563,89648,1747907926939.937,-72,-1,-136
1747907926978.438,89660,1747907926959.75,-63,-1,-141
1747907926998.25,89673,1747907926979.625,-64,-1,-145
1747907927018.125,89690,1747907926999.469,-64,-1,-135
1747907927037.969,89696,1747907927019.313,-77,-1,-138
1747907927057.813,89725,1747907927039.156,-61,-1,-153
1747907927077.656,89750,1747907927059.0,-64,-1,-141
1747907927097.5,89776,1747907927078.875,-73,-1,-138
1747907927117.344,89796,1747907927098.75,-72,-1,-136
1747907927137.187,89821,1747907927118.5,-61,-7,-141
1747907927157.094,89843,1747907927138.375,-68,-1,-141
1747907927176.906,89878,1747907927158.25,-52,-5,-143
1747907927196.719,89903,1747907927178.125,-61,-1,-140
1747907927216.562,89910,1747907927197.906,-63,-1,-143
1747907927236.406,89940,1747907927217.844,-64,-1,-133
1747907927256.281,89957,1747907927237.625,-64,-1,-141
1747907927276.094,89989,1747907927257.531,-63,-1,-139
1747907927295.969,90010,1747907927277.344,-71,-1,-145
1747907927315.812,90042,1747907927297.156,-66,-1,-136
1747907927335.6882,90070,1747907927317.031,-68,-1,-138
1747907927355.5,90098,1747907927336.906,-73,-1,-141
1747907927375.344,90121,1747907927356.719,-65,-1,-144
1747907927395.187,90152,1747907927376.531,-80,-1,-138
1747907927415.031,90207,1747907927396.375,-66,7,-144
1747907927434.875,90236,1747907927416.25,-80,7,-143
1747907927454.688,90266,1747907927436.094,-64,-1,-141
1747907927474.531,90274,1747907927455.938,-73,-1,-136
1747907927494.406,90253,1747907927475.75,-69,-1,-138
1747907927514.25,90245,1747907927495.594,-57,11,-143
1747907927534.063,90237,1747907927515.469,-72,-1,-137
1747907927553.906,90210,1747907927535.25,-68,-1,-145
1747907927573.75,90196,1747907927555.094,-72,3,-116
1747907927593.594,90203,1747907927575.063,-72,-1,-140
1747907927613.406,90211,1747907927594.812,-71,-1,-141
1747907927633.25,90214,1747907927614.625,-72,-1,-152
1747907927653.094,90220,1747907927634.469,-63,-1,-141
1747907927672.937,90228,1747907927654.313,-63,-1,-143
1747907927692.75,90249,1747907927674.25,-71,7,-141
1747907927712.625,90255,1747907927694.0,-69,7,-141
1747907927732.438,90278,1747907927713.812,-72,-1,-141
1747907927752.313,90321,1747907927733.656,-66,-1,-138
1747907927772.156,90330,1747907927753.531,-62,-1,-137
1747907927791.969,90330,1747907927773.406,-63,-1,-137
1747907927811.844,90342,1747907927793.187,-71,-1,-143
1747907927831.688,90356,1747907927813.062,-68,-1,-137
1747907927851.531,90359,1747907927832.875,-72,-17,-144
1747907927871.344,90379,1747907927852.75,-68,-1,-141
1747907927891.219,90392,1747907927872.563,-66,-1,-143
1747907927911.063,90414,1747907927892.406,-63,-2,-153
1747907927930.906,90434,1747907927912.281,-77,-1,-140
1747907927950.75,90433,1747907927932.125,-72,-1,-138
1747907927970.594,90430,1747907927951.938,-65,-1,-139
1747907927990.437,90442,1747907927971.781,-64,15,-136
1747907928010.281,90455,1747907927991.656,-68,-1,-138
1747907928030.125,90477,1747907928011.5,-69,-1,-136
1747907928049.969,90486,1747907928031.344,-74,-1,-137
1747907928069.844,90515,1747907928051.188,-63,-1,-143
1747907928089.719,90528,1747907928071.031,-79,-1,-137
1747907928109.5,90545,1747907928090.906,-71,-1,-141
1747907928129.375,90571,1747907928110.719,-69,-1,-144
1747907928149.25,90572,1747907928130.594,-65,-1,-138
1747907928169.188,90616,1747907928150.469,-70,-1,-144
1747907928188.906,90648,1747907928170.281,-68,-9,-145
1747907928208.781,90660,1747907928190.125,-74,-1,-130
1747907928228.625,90684,1747907928209.938,-69,-7,-141
1747907928248.469,90690,1747907928229.813,-64,-1,-144
1747907928268.344,90680,1747907928249.687,-74,-1,-135
1747907928288.156,90677,1747907928269.531,-63,-1,-139
1747907928308.031,90676,1747907928289.375,-72,-1,-140
1747907928327.906,90633,1747907928309.219,-72,11,-145
1747907928347.719,90612,1747907928329.125,-70,-1,-141
1747907928367.594,90596,1747907928348.937,-68,-1,-143
1747907928387.469,90584,1747907928368.781,-63,-1,-133
1747907928407.281,90564,1747907928388.656,-62,-1,-143
1747907928427.125,90551,1747907928408.5,-65,-1,-140
1747907928446.969,90580,1747907928428.344,-69,-1,-140
1747907928466.813,90577,1747907928448.187,-89,-1,-137
1747907928486.688,90570,1747907928468.031,-65,7,-141
1747907928506.562,90581,1747907928487.875,-64,11,-141
1747907928526.375,90598,1747907928507.75,-76,-17,-136
1747907928546.219,90610,1747907928527.562,-65,-1,-137
1747907928566.063,90586,1747907928547.437,-65,12,-148
1747907928585.906,90576,1747907928567.25,-62,-1,-153
1747907928605.75,90567,1747907928587.125,-72,-1,-142
1747907928625.562,90574,1747907928606.938,-70,-1,-131
1747907928645.438,90602,1747907928626.844,-81,-1,-139
1747907928665.281,90624,1747907928646.656,-75,7,-141
1747907928685.0942,90647,1747907928666.469,-65,11,-141
1747907928704.937,90662,1747907928686.281,-65,-1,-142
1747907928724.906,90672,1747907928706.156,-59,-1,-142
1747907928744.656,90674,1747907928726.125,-69,-1,-144
1747907928764.5,90694,1747907928745.875,-64,-1,-138
1747907928784.344,90698,1747907928765.719,-72,-1,-140
1747907928804.187,90727,1747907928785.563,-81,-1,-138
1747907928824.063,90727,1747907928805.375,-73,-1,-144
1747907928843.875,90739,1747907928825.281,-64,-1,-136
1747907928863.75,90756,1747907928845.062,-74,3,-145
1747907928883.594,90783,1747907928864.969,-76,-1,-143
1747907928903.437,90819,1747907928884.7808,-66,7,-141
1747907928923.281,90844,1747907928904.656,-64,-1,-128
1747907928943.125,90864,1747907928924.469,-61,-1,-144
1747907928962.969,90899,1747907928944.313,-73,-1,-148
1747907928982.812,90891,1747907928964.281,-65,-1,-137
1747907929002.656,90875,1747907928984.031,-62,-1,-133
1747907929022.469,90856,1747907929003.875,-61,7,-138
1747907929042.313,90814,1747907929023.6868,-81,-1,-143
1747907929062.156,90782,1747907929043.531,-68,-1,-149
1747907929082.031,90776,1747907929063.344,-57,-1,-146
1747907929101.906,90734,1747907929083.219,-65,-3,-135
1747907929121.781,90720,1747907929103.094,-72,-1,-137
1747907929141.531,90711,1747907929122.906,-56,-1,-143
1747907929161.406,90710,1747907929142.719,-64,11,-144
1747907929181.219,90716,1747907929162.625,-57,-1,-140
1747907929201.062,90729,1747907929182.437,-73,-1,-136
1747907929220.906,90734,1747907929202.281,-64,-1,-137
1747907929240.75,90745,1747907929222.125,-74,-1,-136
1747907929260.594,90765,1747907929241.969,-73,-1,-145
1747907929280.437,90787,1747907929261.781,-64,-1,-145
1747907929300.344,90797,1747907929281.687,-61,-1,-145
1747907929320.188,90803,1747907929301.531,-65,11,-141
1747907929340.0,90807,1747907929321.375,-65,7,-149
1747907929359.844,90808,1747907929341.188,-61,-1,-141
1747907929379.687,90818,1747907929361.063,-64,-1,-138
1747907929399.531,90817,1747907929380.906,-76,-1,-135
1747907929419.344,90821,1747907929400.719,-61,-1,-141
1747907929439.188,90812,1747907929420.563,-61,-1,-144
1747907929459.062,90836,1747907929440.406,-61,7,-143
1747907929478.937,90837,1747907929460.25,-75,-10,-138
1747907929498.75,90868,1747907929480.125,-74,-1,-144
1747907929518.625,90891,1747907929499.969,-73,7,-144
1747907929538.437,90898,1747907929519.813,-62,7,-127
1747907929558.312,90912,1747907929539.719,-74,-1,-143
1747907929578.125,90946,1747907929559.5,-64,-1,-135
1747907929597.969,90962,1747907929579.375,-64,-1,-146
1747907929617.844,90992,1747907929599.188,-64,-1,-140
1747907929637.656,91008,1747907929619.031,-61,7,-137
1747907929657.531,91042,1747907929638.875,-71,-1,-143
1747907929677.344,91063,1747907929658.719,-63,-1,-141
1747907929697.188,91092,1747907929678.562,-63,-1,-144
1747907929717.031,91106,1747907929698.406,-61,-1,-140
1747907929736.969,91110,1747907929718.25,-74,-1,-136
1747907929756.687,91094,1747907929738.187,-64,-1,-140
1747907929776.563,91085,1747907929757.875,-64,-1,-137
1747907929796.406,91057,1747907929777.781,-57,-1,-141
1747907929816.25,91017,1747907929797.625,-81,-1,-153
1747907929836.094,91004,1747907929817.469,-65,7,-137
1747907929855.937,90984,1747907929837.312,-72,7,-142
1747907929875.813,90967,1747907929857.156,-65,3,-135
1747907929895.656,90958,1747907929877.031,-71,14,-134
1747907929915.469,90935,1747907929896.875,-68,-1,-136
1747907929935.312,90934,1747907929916.656,-64,-1,-144
1747907929955.188,90940,1747907929936.531,-71,-1,-141
1747907929975.031,90927,1747907929956.406,-62,-1,-150
1747907929994.844,90933,1747907929976.25,-66,-1,-137
1747907930014.719,90931,1747907929996.094,-66,-1,-136
1747907930034.625,90927,1747907930015.938,-63,-1,-136
1747907930054.4382,90933,1747907930035.75,-64,-1,-144
1747907930074.25,90940,1747907930055.656,-64,-2,-144
1747907930094.094,90960,1747907930075.5,-53,-1,-137
1747907930113.969,90977,1747907930095.281,-64,-1,-143
1747907930133.844,90985,1747907930115.156,-76,-1,-143
1747907930153.625,91029,1747907930135.031,-81,-1,-143
1747907930173.5,91033,1747907930154.875,-66,-1,-134
1747907930193.3442,91054,1747907930174.719,-76,-1,-151
1747907930213.219,91062,1747907930194.625,-68,-4,-154
1747907930233.063,91060,1747907930214.437,-71,-1,-144
1747907930252.906,91065,1747907930234.312,-74,-1,-144
1747907930272.781,91058,1747907930254.094,-64,-1,-140
1747907930292.625,91046,1747907930274.0,-63,-1,-141
1747907930312.469,91036,1747907930293.813,-68,-1,-141
1747907930332.281,91036,1747907930313.656,-60,-1,-144
1747907930352.156,91040,1747907930333.5,-80,-1,-135
1747907930372.031,91042,1747907930353.344,-63,-1,-141
1747907930391.844,91044,1747907930373.219,-64,-1,-141
1747907930411.656,91039,1747907930393.062,-61,-1,-144
1747907930431.5,91067,1747907930412.906,-63,-1,-133
1747907930451.375,91062,1747907930432.719,-68,-1,-141
1747907930471.281,91057,1747907930452.594,-63,7,-138
1747907930491.031,91035,1747907930472.438,-77,-3,-145
1747907930510.906,91020,1747907930492.25,-60,15,-145
1747907930530.75,90991,1747907930512.094,-61,7,-143
1747907930550.594,90945,1747907930531.969,-62,-1,-165
1747907930570.437,90910,1747907930551.813,-66,7,-144
1747907930590.281,90872,1747907930571.656,-61,-1,-144
1747907930610.156,90846,1747907930591.5,-67,-1,-136
1747907930630.0,90826,1747907930611.344,-63,-1,-137
1747907930649.812,90819,1747907930631.188,-64,-1,-136
1747907930669.687,90817,1747907930651.031,-77,-1,-138
1747907930689.563,90814,1747907930670.875,-65,-1,-140
1747907930709.375,90803,1747907930690.75,-63,7,-149
1747907930729.188,90807,1747907930710.562,-69,-1,-144
1747907930749.062,90805,1747907930730.406,-65,-1,-142
1747907930768.875,90790,1747907930750.25,-65,-1,-138
1747907930788.75,90780,1747907930770.062,-63,7,-136
1747907930808.594,90770,1747907930789.969,-64,-1,-140
1747907930828.406,90772,1747907930809.75,-64,-9,-137
1747907930848.281,90758,1747907930829.625,-76,-1,-141
1747907930868.125,90761,1747907930849.5,-65,-1,-136
1747907930888.0,90746,1747907930869.344,-65,-1,-144
1747907930907.813,90762,1747907930889.219,-63,7,-145
1747907930927.656,90761,1747907930909.031,-64,14,-145
1747907930947.531,90750,1747907930928.938,-63,-1,-141
1747907930967.375,90766,1747907930948.75,-71,-1,-138
1747907930987.188,90773,1747907930968.594,-64,-1,-136
1747907931007.063,90774,1747907930988.375,-65,7,-145
1747907931027.0,90785,1747907931008.25,-63,-1,-145
1747907931046.75,90806,1747907931028.219,-71,-1,-144
1747907931066.594,90806,1747907931047.969,-64,-1,-141
1747907931086.438,90833,1747907931067.781,-64,-1,-138
1747907931106.281,90840,1747907931087.625,-64,-1,-146
1747907931126.125,90868,1747907931107.531,-73,-1,-143
1747907931145.969,90866,1747907931127.313,-68,-1,-137
1747907931165.844,90920,1747907931147.156,-63,-7,-151
1747907931185.688,90912,1747907931167.031,-71,-1,-141
1747907931205.5308,90919,1747907931186.844,-69,-1,-138
1747907931225.375,90898,1747907931206.75,-71,-1,-128
1747907931245.25,90846,1747907931226.562,-72,-1,-144
1747907931265.094,90813,1747907931246.437,-72,-1,-141
1747907931284.938,90765,1747907931266.375,-64,15,-146
1747907931304.781,90712,1747907931286.156,-79,7,-141
1747907931324.625,90686,1747907931306.0,-77,-1,-129
1747907931344.5,90647,1747907931325.812,-65,-1,-144
1747907931364.406,90625,1747907931345.687,-74,-1,-138
1747907931384.187,90604,1747907931365.531,-65,-23,-137
1747907931404.031,90572,1747907931385.406,-65,-1,-141
1747907931423.875,90552,1747907931405.25,-69,-1,-139
1747907931443.75,90556,1747907931425.094,-81,-1,-141
1747907931463.563,90553,1747907931444.937,-72,-1,-148
1747907931483.437,90518,1747907931464.813,-64,-1,-142
1747907931503.281,90515,1747907931484.656,-72,-9,-144
1747907931523.125,90495,1747907931504.469,-66,-1,-138
1747907931542.969,90479,1747907931524.344,-68,-1,-138
1747907931562.813,90471,1747907931544.188,-64,7,-128
1747907931582.656,90462,1747907931564.031,-58,-1,-139
1747907931602.531,90454,1747907931583.875,-68,-1,-141
1747907931622.375,90448,1747907931603.812,-63,-1,-141
1747907931642.188,90437,1747907931623.594,-66,-1,-141
1747907931662.062,90416,1747907931643.406,-73,-1,-136
1747907931681.906,90403,1747907931663.281,-72,-1,-144
1747907931701.844,90426,1747907931683.094,-65,-1,-144
1747907931721.594,90425,1747907931703.094,-77,-1,-141
1747907931741.438,90439,1747907931722.781,-68,-2,-144
1747907931761.312,90444,1747907931742.656,-68,-1,-146
1747907931781.156,90465,1747907931762.5,-64,-1,-144
1747907931801.0,90467,1747907931782.375,-61,12,-141
1747907931820.813,90476,1747907931802.187,-76,-1,-137
1747907931840.688,90481,1747907931822.031,-61,17,-147
1747907931860.531,90483,1747907931841.875,-71,-1,-138
1747907931880.344,90487,1747907931861.75,-56,-1,-144
1747907931900.219,90517,1747907931881.562,-72,-1,-138
1747907931920.063,90534,1747907931901.406,-72,-1,-142
1747907931939.9058,90538,1747907931921.281,-72,-1,-146
1747907931959.75,90530,1747907931941.125,-65,7,-148
1747907931979.594,90494,1747907931960.938,-68,-1,-148
1747907931999.438,90428,1747907931980.812,-64,-1,-144
1747907932019.313,90344,1747907932000.625,-72,-1,-143
1747907932039.125,90265,1747907932020.5,-72,-1,-144
1747907932058.969,90198,1747907932040.344,-80,-1,-137
1747907932078.844,90133,1747907932060.187,-64,-1,-141
1747907932098.688,90089,1747907932080.062,-64,-1,-135
1747907932118.5,90066,1747907932099.906,-56,-1,-144
1747907932138.375,90019,1747907932119.75,-61,-1,-144
1747907932158.219,90017,1747907932139.594,-61,12,-148
1747907932178.063,89988,1747907932159.437,-71,-1,-143
1747907932197.906,89986,1747907932179.281,-72,-1,-139
1747907932217.719,89955,1747907932199.125,-65,-1,-143
1747907932237.594,89938,1747907932218.9382,-64,-1,-145
1747907932257.437,89914,1747907932238.812,-72,-1,-140
1747907932277.313,89893,1747907932258.656,-66,-1,-153
1747907932297.125,89887,1747907932278.531,-61,-1,-141
1747907932316.969,89888,1747907932298.313,-67,7,-138
1747907932336.844,89872,1747907932318.188,-63,-1,-140
1747907932356.719,89862,1747907932338.031,-80,-1,-146
1747907932376.531,89866,1747907932357.906,-71,-1,-147
1747907932396.406,89870,1747907932377.75,-61,-1,-138
1747907932416.281,89851,1747907932397.625,-72,-4,-136
1747907932436.188,89865,1747907932417.469,-64,-1,-141
1747907932456.0,89880,1747907932437.344,-56,0,-136
1747907932475.844,89932,1747907932457.156,-66,7,-142
1747907932495.719,89945,1747907932477.031,-76,-1,-138
1747907932515.594,89960,1747907932496.906,-68,-4,-144
1747907932535.438,89959,1747907932516.781,-80,-1,-134
1747907932555.281,89960,1747907932536.625,-72,-1,-137
1747907932575.156,89946,1747907932556.563,-61,-1,-128
1747907932595.031,89927,1747907932576.344,-73,-1,-135
1747907932614.875,89918,1747907932596.219,-72,-1,-141
1747907932634.75,89879,1747907932616.125,-77,7,-141
1747907932654.594,89830,1747907932635.969,-67,-1,-144
1747907932674.469,89750,1747907932655.813,-65,-1,-128
1747907932694.344,89648,1747907932675.687,-63,-1,-148
1747907932714.219,89555,1747907932695.531,-63,-1,-148
1747907932734.062,89457,1747907932715.438,-66,-1,-144
1747907932753.906,89369,1747907932735.281,-72,-1,-137
1747907932773.75,89289,1747907932755.125,-66,-1,-141
1747907932793.594,89209,1747907932774.937,-72,-1,-138
1747907932813.469,89148,1747907932794.812,-64,-1,-141
1747907932833.312,89115,1747907932814.688,-63,-2,-135
1747907932853.156,89101,1747907932834.531,-64,9,-152
1747907932873.0,89093,1747907932854.375,-73,-1,-150
1747907932892.844,89095,1747907932874.219,-63,7,-141
1747907932912.719,89085,1747907932894.063,-74,-4,-145
1747907932932.562,89058,1747907932913.938,-68,-1,-135
1747907932952.375,89058,1747907932933.75,-68,-1,-135
1747907932992.063,62831,1747907932973.437,-64,-4,-141
1747907933011.875,62814,1747907932993.344,-64,-3,-138
1747907933031.719,62806,1747907933013.188,-74,-1,-137
1747907933051.562,62774,1747907933033.0,-65,-9,-144
1747907933071.438,62721,1747907933052.875,-68,-5,-141
1747907933091.281,62683,1747907933072.75,-61,8,-137
1747907933111.125,62624,1747907933092.563,-64,3,-145
1747907933130.969,62577,1747907933112.406,-77,8,-141
1747907933150.844,62535,1747907933132.281,-71,8,-141
1747907933170.656,62480,1747907933152.156,-68,-2,-146
1747907933190.531,62452,1747907933171.938,-73,-1,-144
1747907933210.375,62422,1747907933191.844,-72,-1,-141
1747907933230.219,62407,1747907933211.656,-66,-9,-141
1747907933250.063,62396,1747907933231.531,-68,-4,-145
1747907933269.906,62374,1747907933251.375,-64,-9,-144
1747907933289.75,62384,1747907933271.156,-74,-5,-143
1747907933309.594,62362,1747907933291.0308,-72,-8,-145
1747907933329.437,62298,1747907933310.906,-74,-5,-137
1747907933349.281,62234,1747907933330.719,-68,-2,-141
1747907933369.125,62136,1747907933350.594,-51,-1,-141
1747907933389.0,62061,1747907933370.438,-64,-1,-146
1747907933408.844,61951,1747907933390.312,-66,3,-144
1747907933428.656,61861,1747907933410.125,-77,8,-143
1747907933448.531,61792,1747907933429.9368,-64,-5,-142
1747907933468.406,61707,1747907933449.844,-67,-9,-138
1747907933488.25,61654,1747907933469.688,-71,-2,-135
1747907933508.094,61597,1747907933489.562,-60,-1,-134
1747907933527.938,61555,1747907933509.406,-64,-5,-137
1747907933547.813,61508,1747907933529.219,-63,8,-139
1747907933567.687,61466,1747907933549.125,-68,-5,-144
1747907933587.531,61412,1747907933568.969,-55,-8,-145
1747907933607.375,61396,1747907933588.812,-58,-9,-152
1747907933627.25,61366,1747907933608.656,-61,3,-156
1747907933647.125,61347,1747907933628.531,-65,-1,-148
1747907933666.937,61320,1747907933648.406,-68,3,-145
1747907933686.781,61278,1747907933668.219,-67,3,-144
1747907933706.656,61251,1747907933688.062,-68,-1,-140
1747907933726.5,61212,1747907933707.938,-72,3,-140
1747907933746.312,61180,1747907933727.813,-73,-1,-134
1747907933766.187,61153,1747907933747.625,-72,-2,-137
1747907933786.031,61130,1747907933767.469,-72,-5,-141
1747907933805.906,61109,1747907933787.344,-61,-5,-138
1747907933825.7192,61097,1747907933807.219,-79,-2,-143
1747907933845.625,61076,1747907933827.031,-77,3,-142
1747907933865.469,61075,1747907933846.875,-65,34,-144
1747907933885.313,61064,1747907933866.75,-63,3,-146
1747907933905.156,61070,1747907933886.594,-73,-5,-137
1747907933925.0,61071,1747907933906.4382,-64,-4,-134
1747907933944.844,61069,1747907933926.281,-73,3,-138
1747907933964.719,61055,1747907933946.125,-63,8,-145
1747907933984.531,61068,1747907933966.0,-64,8,-144
1747907934004.437,61046,1747907933985.844,-64,-1,-145
1747907934024.281,61007,1747907934005.719,-66,0,-142
1747907934044.156,60938,1747907934025.594,-77,8,-136
1747907934064.0,60866,1747907934045.437,-72,-1,-145
1747907934083.906,60785,1747907934065.281,-64,8,-143
1747907934103.719,60725,1747907934085.125,-64,-2,-145
1747907934123.562,60661,1747907934105.0,-66,-3,-142
1747907934143.375,60607,1747907934124.875,-66,-5,-140
1747907934163.375,60568,1747907934144.687,-71,1,-141
1747907934183.125,60540,1747907934164.656,-69,-2,-138
1747907934202.969,60520,1747907934184.406,-73,-1,-138
1747907934222.812,60510,1747907934204.25,-61,-1,-143
1747907934242.656,60501,1747907934224.094,-74,-1,-144
1747907934262.5,60483,1747907934243.969,-74,3,-116
1747907934282.406,60477,1747907934263.875,-63,3,-144
1747907934302.219,60471,1747907934283.687,-64,-5,-138
1747907934322.094,60457,1747907934303.5,-74,-1,-141
1747907934341.969,60440,1747907934323.406,-67,3,-141
1747907934361.844,60422,1747907934343.25,-68,-1,-145
1747907934381.656,60409,1747907934363.094,-66,-5,-143
1747907934401.531,60401,1747907934382.937,-65,-7,-147
1747907934421.375,60389,1747907934402.812,-65,-4,-138
1747907934441.219,60389,1747907934422.656,-72,-5,-136
1747907934461.062,60376,1747907934442.531,-66,-1,-138
1747907934480.906,60371,1747907934462.375,-58,-5,-145
1747907934500.75,60380,1747907934482.187,-68,3,-137
1747907934520.656,60381,1747907934502.063,-76,-5,-143
1747907934540.469,60388,1747907934521.938,-66,-1,-142
1747907934560.344,60401,1747907934541.781,-66,7,-144
1747907934580.219,60418,1747907934561.656,-62,-1,-145
1747907934600.063,60415,1747907934581.5,-56,24,-144
1747907934619.906,60429,1747907934601.344,-64,3,-141
1747907934639.75,60430,1747907934621.219,-68,-1,-138
1747907934659.625,60424,1747907934641.062,-64,-1,-136
1747907934679.5,60437,1747907934660.906,-68,-1,-144
1747907934699.313,60457,1747907934680.781,-61,-1,-149
1747907934719.187,60465,1747907934700.625,-64,-5,-136
1747907934739.062,60454,1747907934720.469,-72,-5,-134
1747907934758.875,60419,1747907934740.344,-68,-1,-141
1747907934778.75,60352,1747907934760.187,-65,3,-144
1747907934798.594,60291,1747907934780.031,-73,-2,-146
1747907934818.469,60222,1747907934799.937,-70,-5,-145
1747907934838.312,60166,1747907934819.75,-77,4,-143
1747907934858.156,60112,1747907934839.625,-60,-1,-138
1747907934878.031,60079,1747907934859.469,-64,-1,-137
1747907934897.875,60047,1747907934879.313,-68,-5,-144
1747907934917.75,60017,1747907934899.156,-63,-5,-141
1747907934937.563,59975,1747907934919.031,-66,8,-141
1747907934957.438,59960,1747907934938.844,-68,-1,-141
1747907934977.281,59943,1747907934958.719,-60,-4,-144
1747907934997.156,59929,1747907934978.594,-64,3,-128
1747907935017.0,59925,1747907934998.406,-68,3,-142
1747907935036.844,59921,1747907935018.281,-65,-5,-143
1747907935056.719,59915,1747907935038.125,-61,-5,-145
1747907935076.594,59913,1747907935058.031,-74,-9,-146
1747907935096.406,59890,1747907935077.875,-79,-1,-137
1747907935116.281,59873,1747907935097.687,-71,-5,-138
1747907935136.188,59861,1747907935117.563,-73,-5,-137
1747907935155.969,59852,1747907935137.5,-68,3,-141
1747907935175.781,59854,1747907935157.281,-63,-2,-141
1747907935195.688,59853,1747907935177.062,-77,-5,-144
1747907935215.5,59864,1747907935196.906,-63,-2,-144
1747907935235.344,59883,1747907935216.813,-61,1,-144
1747907935255.187,59897,1747907935236.625,-71,3,-141
1747907935275.031,59923,1747907935256.469,-61,-12,-144
1747907935294.875,59932,1747907935276.312,-66,-5,-141
1747907935314.688,59937,1747907935296.156,-69,7,-144
1747907935334.563,59956,1747907935316.0,-61,3,-136
1747907935354.375,59966,1747907935335.844,-74,8,-141
1747907935374.219,59979,1747907935355.656,-69,7,-132
1747907935394.094,59990,1747907935375.531,-66,-7,-142
1747907935413.938,59987,1747907935395.406,-61,-1,-148
1747907935433.75,59991,1747907935415.219,-68,-3,-141
1747907935453.625,60011,1747907935435.031,-77,-3,-143
1747907935473.469,60029,1747907935454.937,-63,3,-141
1747907935493.313,60040,1747907935474.75,-71,-1,-144
1747907935513.125,60024,1747907935494.594,-74,-3,-136
1747907935533.094,59967,1747907935514.438,-69,-2,-141
1747907935552.812,59913,1747907935534.281,-56,-3,-144
1747907935572.687,59855,1747907935554.125,-74,3,-138
1747907935592.5,59787,1747907935573.969,-72,-1,-145
1747907935612.375,59748,1747907935593.813,-68,-1,-144
1747907935632.219,59699,1747907935613.656,-64,-1,-144
1747907935652.062,59663,1747907935633.531,-72,3,-136
1747907935671.875,59645,1747907935653.344,-63,3,-145
1747907935691.719,59640,1747907935673.156,-71,-1,-141
1747907935711.594,59635,1747907935693.031,-64,3,-145
1747907935731.406,59638,1747907935712.9058,-68,-1,-148
1747907935751.281,59634,1747907935732.719,-61,-1,-142
1747907935771.094,59641,1747907935752.594,-64,-1,-138
1747907935790.938,59635,1747907935772.406,-66,-2,-138
1747907935810.812,59631,1747907935792.25,-66,3,-140
1747907935830.625,59633,1747907935812.094,-58,-5,-147
1747907935850.469,59637,1747907935831.937,-64,3,-137
1747907935870.313,59626,1747907935851.75,-72,-1,-137
1747907935890.156,59629,1747907935871.594,-81,19,-145
1747907935910.031,59643,1747907935891.469,-77,3,-140
1747907935929.844,59638,1747907935911.344,-61,-1,-144
1747907935949.687,59644,1747907935931.125,-65,-7,-117
1747907935969.531,59647,1747907935951.062,-58,-1,-143
1747907935989.375,59661,1747907935970.813,-68,3,-141
1747907936009.187,59687,1747907935990.688,-68,-1,-153
1747907936029.062,59696,1747907936010.5,-65,-7,-141
1747907936048.875,59717,1747907936030.344,-61,-9,-146
1747907936068.75,59737,1747907936050.25,-74,-7,-138
1747907936088.594,59760,1747907936070.031,-64,-4,-145
1747907936108.437,59775,1747907936089.844,-64,-3,-143
1747907936128.312,59789,1747907936109.719,-76,-2,-141
1747907936148.156,59810,1747907936129.594,-66,-1,-145
1747907936167.969,59839,1747907936149.469,-65,-1,-144
1747907936187.844,59864,1747907936169.281,-72,-1,-136
1747907936207.781,59890,1747907936189.094,-61,-8,-143
1747907936227.531,59913,1747907936208.9692,-66,7,-146
1747907936247.375,59920,1747907936228.844,-72,-1,-145
1747907936267.188,59891,1747907936248.656,-72,3,-145
1747907936287.031,59841,1747907936268.469,-71,0,-145
1747907936306.875,59793,1747907936288.313,-64,-1,-141
1747907936326.719,59734,1747907936308.156,-73,3,-141
1747907936346.531,59684,1747907936328.031,-66,-7,-143
1747907936366.406,59633,1747907936347.844,-63,-1,-138
1747907936386.219,59591,1747907936367.656,-68,-1,-136
1747907936406.094,59568,1747907936387.531,-71,-5,-136
1747907936425.937,59548,1747907936407.406,-61,-9,-140
1747907936445.75,59538,1747907936427.25,-68,-1,-135
1747907936465.625,59537,1747907936447.031,-72,-2,-138
1747907936485.469,59539,1747907936466.938,-73,-1,-144
1747907936505.281,59544,1747907936486.7808,-65,-5,-146
1747907936525.156,59546,1747907936506.594,-68,3,-147
1747907936545.0,59550,1747907936526.469,-71,3,-146
1747907936564.875,59563,1747907936546.281,-64,3,-137
1747907936584.687,59545,1747907936566.156,-60,-1,-146
1747907936604.531,59546,1747907936586.0,-69,-3,-144
1747907936624.406,59563,1747907936605.781,-64,8,-128
1747907936644.281,59565,1747907936625.719,-61,-5,-142
1747907936664.094,59575,1747907936645.563,-61,9,-144
1747907936683.937,59586,1747907936665.406,-64,-7,-145
1747907936703.813,59590,1747907936685.219,-68,3,-144
1747907936723.656,59591,1747907936705.094,-61,-5,-144
1747907936743.469,59599,1747907936724.938,-73,-9,-148
1747907936763.312,59604,1747907936744.781,-72,-1,-145
1747907936783.156,59612,1747907936764.687,-58,3,-143
1747907936803.031,59624,1747907936784.437,-64,-7,-141
1747907936822.906,59634,1747907936804.312,-68,-2,-141
1747907936842.688,59658,1747907936824.188,-61,-2,-141
1747907936862.531,59672,1747907936844.0,-69,3,-143
1747907936882.406,59680,1747907936863.844,-64,3,-141
1747907936902.25,59717,1747907936883.687,-63,0,-146
1747907936922.0632,59737,1747907936903.531,-61,-1,-138
1747907936941.906,59752,1747907936923.344,-71,-1,-142
1747907936961.781,59753,1747907936943.188,-68,-1,-132
1747907936981.625,59716,1747907936963.062,-69,-5,-136
1747907937001.469,59670,1747907936982.937,-76,3,-138
1747907937021.313,59624,1747907937002.844,-64,-1,-143
1747907937041.156,59556,1747907937022.563,-74,-5,-141
1747907937061.0,59511,1747907937042.469,-74,-1,-132
1747907937080.844,59466,1747907937062.3118,-65,-5,-141
1747907937100.719,59429,1747907937082.156,-64,1,-138
1747907937120.563,59413,1747907937102.0,-64,-1,-136
1747907937140.4368,59392,1747907937121.875,-77,-4,-138
1747907937160.281,59379,1747907937141.75,-66,3,-145
1747907937180.125,59369,1747907937161.562,-64,6,-145
1747907937200.0,59376,1747907937181.438,-62,-7,-143
1747907937219.844,59378,1747907937201.313,-74,-1,-144
1747907937239.719,59380,1747907937221.1558,-68,0,-148
1747907937259.563,59369,1747907937241.0,-63,-5,-141
1747907937279.438,59386,1747907937260.875,-64,-5,-144
1747907937299.2808,59385,1747907937280.719,-68,6,-153
1747907937319.094,59387,1747907937300.594,-74,-1,-136
1747907937338.969,59381,1747907937320.406,-64,-5,-137
1747907937358.844,59399,1747907937340.281,-65,-5,-141
1747907937378.688,59387,1747907937360.156,-63,-1,-138
1747907937398.5,59380,1747907937380.0,-72,-1,-138
1747907937418.344,59376,1747907937399.812,-71,-5,-141
1747907937438.281,59375,1747907937419.656,-71,1,-145
1747907937458.063,59384,1747907937439.563,-74,-5,-144
1747907937477.875,59381,1747907937459.375,-73,-2,-141
1747907937497.781,59396,1747907937479.188,-61,-5,-143
1747907937517.594,59432,1747907937499.062,-65,-7,-143
1747907937537.438,59439,1747907937518.875,-65,-5,-143
1747907937557.281,59472,1747907937538.75,-73,1,-144
1747907937577.125,59505,1747907937558.594,-73,1,-141
1747907937596.969,59535,1747907937578.406,-64,-5,-136
1747907937616.844,59563,1747907937598.281,-49,-2,-137
1747907937636.688,59566,1747907937618.125,-61,1,-128
1747907937656.531,59529,1747907937637.969,-63,1,-140
1747907937676.375,59485,1747907937657.813,-61,-4,-136
1747907937696.219,59447,1747907937677.75,-61,1,-144
1747907937716.094,59386,1747907937697.5,-64,-5,-148
1747907937735.906,59339,1747907937717.375,-63,-5,-145
1747907937755.781,59270,1747907937737.188,-72,-1,-145
1747907937775.719,59229,1747907937757.094,-63,3,-143
1747907937795.5,59195,1747907937777.062,-64,3,-144
1747907937815.313,59164,1747907937796.781,-66,-5,-142
1747907937835.219,59152,1747907937816.594,-64,-5,-144
1747907937855.031,59146,1747907937836.5,-85,8,-137
1747907937874.875,59138,1747907937856.281,-63,8,-142
1747907937894.719,59144,1747907937876.156,-61,-5,-145
1747907937914.594,59140,1747907937896.0,-72,0,-148
1747907937934.438,59136,1747907937915.875,-68,-1,-141
1747907937954.312,59144,1747907937935.75,-64,-1,-141
1747907937974.125,59137,1747907937955.594,-64,-1,-144
1747907937994.0,59135,1747907937975.406,-76,-1,-144
1747907938013.875,59129,1747907937995.281,-73,1,-138
1747907938033.719,59136,1747907938015.188,-72,3,-145
1747907938053.594,59135,1747907938035.0,-61,-1,-146
1747907938073.438,59142,1747907938054.844,-61,-3,-145
1747907938093.313,59152,1747907938074.75,-49,-5,-148
1747907938113.156,59173,1747907938094.625,-61,3,-141
1747907938133.0,59186,1747907938114.438,-61,3,-141
1747907938152.875,59201,1747907938134.281,-61,-4,-141
1747907938172.719,59207,1747907938154.156,-68,-1,-140
1747907938192.594,59223,1747907938174.031,-61,0,-137
1747907938212.437,59242,1747907938193.906,-76,-1,-138
1747907938232.281,59251,1747907938213.719,-64,-2,-145
1747907938252.125,59270,1747907938233.562,-64,-3,-147
1747907938272.0,59311,1747907938253.438,-65,-1,-141
1747907938291.781,59322,1747907938273.281,-67,-1,-142
1747907938311.687,59332,1747907938293.094,-61,-4,-153
1747907938331.563,59300,1747907938312.969,-64,-1,-144
1747907938351.375,59247,1747907938332.844,-77,-5,-136
1747907938371.25,59186,1747907938352.688,-66,-1,-144
1747907938391.125,59116,1747907938372.563,-61,-1,-141
1747907938410.969,59055,1747907938392.375,-61,-1,-148
1747907938430.844,59007,1747907938412.219,-65,-5,-145
1747907938450.656,58965,1747907938432.125,-66,-5,-136
1747907938470.531,58936,1747907938451.938,-64,-9,-140
1747907938490.406,58906,1747907938471.812,-63,-1,-142
1747907938510.281,58898,1747907938491.719,-65,-5,-140
1747907938530.094,58897,1747907938511.594,-59,-1,-135
1747907938549.969,58891,1747907938531.375,-71,1,-143
1747907938569.781,58890,1747907938551.25,-64,-1,-141
1747907938589.688,58904,1747907938571.125,-73,-1,-143
1747907938609.5,58891,1747907938590.969,-63,-1,-144
1747907938629.375,58903,1747907938610.813,-64,-1,-144
1747907938649.25,58906,1747907938630.656,-74,-5,-126
1747907938669.094,58907,1747907938650.594,-64,-5,-141
1747907938688.938,58921,1747907938670.406,-73,3,-145
1747907938708.813,58911,1747907938690.219,-64,-7,-146
1747907938728.656,58918,1747907938710.094,-64,-9,-142
1747907938748.562,58941,1747907938729.969,-63,-5,-141
1747907938768.344,58947,1747907938749.875,-66,-2,-140
1747907938788.219,58956,1747907938769.625,-69,-1,-145
1747907938808.063,58961,1747907938789.5,-70,-1,-141
1747907938827.906,58990,1747907938809.344,-64,-7,-141
1747907938847.75,59002,1747907938829.219,-63,-3,-141
1747907938867.594,59030,1747907938849.031,-57,0,-139
1747907938887.469,59037,1747907938868.906,-76,7,-133
1747907938907.344,59063,1747907938888.781,-68,-1,-137
1747907938927.156,59082,1747907938908.625,-57,7,-138
1747907938947.125,59116,1747907938928.469,-74,3,-136
1747907938966.875,59119,1747907938948.438,-79,3,-141
1747907938986.75,59092,1747907938968.188,-63,-2,-154
1747907939006.562,59037,1747907938988.063,-72,-5,-144
1747907939026.437,58987,1747907939007.875,-64,-1,-143
1747907939046.313,58922,1747907939027.75,-61,-3,-137
1747907939066.156,58860,1747907939047.594,-72,3,-141
1747907939086.0,58791,1747907939067.438,-64,-7,-146
1747907939105.844,58764,1747907939087.281,-72,-5,-144
1747907939125.719,58721,1747907939107.156,-61,-9,-138
1747907939145.563,58705,1747907939127.0,-65,-5,-136
1747907939165.375,58700,1747907939146.875,-72,-5,-142
1747907939185.25,58689,1747907939166.688,-72,7,-137
1747907939205.094,58689,1747907939186.562,-68,-5,-143
1747907939224.969,58686,1747907939206.437,-65,-3,-144
1747907939244.813,58688,1747907939226.25,-63,-5,-138
1747907939264.656,58700,1747907939246.094,-52,-7,-142
1747907939284.5,58696,1747907939265.969,-68,-5,-148
1747907939304.375,58707,1747907939285.812,-61,3,-140
1747907939324.219,58706,1747907939305.625,-58,-1,-156
1747907939344.063,58704,1747907939325.5,-61,-1,-144
1747907939363.906,58713,1747907939345.344,-52,-7,-142
1747907939383.781,58709,1747907939365.156,-69,-1,-145
1747907939403.625,58721,1747907939385.094,-73,-2,-138
1747907939423.469,58703,1747907939404.906,-71,-1,-137
1747907939443.3442,58694,1747907939424.75,-68,-5,-145
1747907939463.25,58693,1747907939444.656,-71,-1,-136
1747907939483.063,58708,1747907939464.562,-81,-1,-142
1747907939502.875,58727,1747907939484.344,-61,-5,-141
1747907939522.75,58732,1747907939504.188,-63,-3,-141
1747907939542.594,58745,1747907939524.031,-82,-1,-138
1747907939562.469,58754,1747907939543.906,-77,0,-141
1747907939582.406,58770,1747907939563.781,-64,-9,-140
1747907939602.156,58792,1747907939583.625,-64,-2,-144
1747907939622.031,58788,1747907939603.469,-73,-1,-146
1747907939641.906,58756,1747907939623.344,-64,-5,-144
1747907939661.719,58706,1747907939643.187,-71,12,-141
1747907939681.594,58643,1747907939663.031,-79,-5,-141
1747907939701.437,58587,1747907939682.906,-60,-1,-142
1747907939721.344,58529,1747907939702.781,-63,-5,-144
1747907939741.188,58478,1747907939722.625,-61,-3,-141
1747907939761.031,58450,1747907939742.5,-64,-1,-136
1747907939780.906,58417,1747907939762.375,-72,3,-138
1747907939800.75,58409,1747907939782.156,-68,-5,-146
1747907939820.5618,58414,1747907939802.062,-73,-1,-144
1747907939840.438,58431,1747907939821.875,-72,-1,-138
1747907939860.313,58426,1747907939841.719,-68,-1,-141
1747907939880.156,58426,1747907939861.625,-77,9,-141
1747907939900.0,58435,1747907939881.469,-64,-2,-141
1747907939919.875,58446,1747907939901.281,-69,-5,-143
1747907939939.75,58443,1747907939921.187,-65,0,-143
1747907939959.563,58456,1747907939941.031,-61,-5,-141
1747907939979.406,58454,1747907939960.875,-68,3,-140
1747907939999.281,58461,1747907939980.719,-80,7,-148
1747907940019.125,58470,1747907940000.594,-66,-1,-138
1747907940038.938,58481,1747907940020.406,-65,-1,-141
1747907940058.781,58486,1747907940040.25,-60,-1,-153
1747907940078.656,58504,1747907940060.063,-61,-5,-143
1747907940098.469,58521,1747907940079.937,-72,-1,-138
1747907940118.344,58529,1747907940099.781,-77,8,-141
1747907940138.188,58542,1747907940119.656,-72,-1,-142
1747907940158.031,58551,1747907940139.438,-64,-1,-132
1747907940177.906,58592,1747907940159.344,-62,3,-142
1747907940197.813,58605,1747907940179.187,-63,1,-146
1747907940217.563,58623,1747907940199.063,-64,-3,-144
1747907940237.437,58659,1747907940218.844,-63,-1,-144
1747907940257.281,58651,1747907940238.75,-67,3,-142
1747907940277.125,58630,1747907940258.594,-71,-1,-161
1747907940296.969,58573,1747907940278.437,-72,-5,-144
1747907940316.781,58523,1747907940298.25,-64,-5,-146
1747907940336.687,58459,1747907940318.094,-64,1,-147
1747907940356.531,58422,1747907940338.0,-64,-1,-140
1747907940376.344,58373,1747907940357.812,-77,-5,-136
1747907940396.219,58345,1747907940377.656,-63,-3,-153
1747907940416.063,58326,1747907940397.5,-71,1,-145
1747907940435.906,58316,1747907940417.344,-69,-1,-144
1747907940455.719,58310,1747907940437.25,-61,-1,-141
1747907940475.563,58304,1747907940457.031,-68,-5,-140
1747907940495.406,58321,1747907940476.844,-64,-5,-140
1747907940515.219,58322,1747907940496.719,-73,3,-138
1747907940535.094,58319,1747907940516.531,-64,1,-145
1747907940554.875,58341,1747907940536.375,-68,-1,-145
1747907940574.781,58347,1747907940556.187,-64,-1,-143
1747907940594.594,58356,1747907940576.094,-68,-1,-143
1747907940614.438,58360,1747907940595.875,-52,-1,-136
1747907940634.25,58370,1747907940615.719,-72,-5,-142
1747907940654.094,58385,1747907940635.531,-69,3,-144
1747907940673.938,58406,1747907940655.375,-72,-1,-151
1747907940693.781,58418,1747907940675.25,-64,-1,-136
1747907940713.625,58439,1747907940695.125,-64,-1,-138
1747907940733.469,58462,1747907940714.875,-69,3,-153
1747907940753.312,58490,1747907940734.75,-64,3,-144
1747907940773.219,58498,1747907940754.625,-64,-5,-143
1747907940792.969,58522,1747907940774.5,-64,3,-148
1747907940812.844,58554,1747907940794.25,-66,-1,-146
1747907940832.719,58583,1747907940814.125,-71,-3,-141
1747907940852.531,58610,1747907940833.937,-69,-1,-141
1747907940872.375,58637,1747907940853.844,-69,-1,-142
1747907940892.188,58644,1747907940873.688,-72,-1,-148
1747907940912.156,58661,1747907940893.469,-71,3,-136
1747907940931.875,58626,1747907940913.5,-73,-5,-141
1747907940951.75,58569,1747907940933.187,-69,-1,-145
1747907940971.563,58525,1747907940953.062,-69,-1,-140
1747907940991.438,58466,1747907940972.844,-63,3,-144
1747907941011.281,58424,1747907940992.719,-66,-7,-129
1747907941031.156,58383,1747907941012.594,-63,-1,-138
1747907941051.0,58355,1747907941032.437,-69,-9,-141
1747907941070.844,58341,1747907941052.281,-63,1,-145
1747907941090.719,58323,1747907941072.156,-73,3,-138
1747907941110.562,58340,1747907941092.0,-57,-7,-138
1747907941130.375,58338,1747907941111.906,-64,-5,-138
1747907941150.281,58358,1747907941131.656,-73,3,-141
1747907941170.156,58372,1747907941151.563,-64,-2,-145
1747907941189.969,58384,1747907941171.406,-67,8,-141
1747907941209.781,58385,1747907941191.25,-71,-1,-145
1747907941229.656,58393,1747907941211.094,-72,-5,-141
1747907941249.5,58402,1747907941230.937,-63,-5,-141
1747907941269.375,58406,1747907941250.781,-63,3,-137
1747907941289.156,58400,1747907941270.688,-73,-1,-141
1747907941309.031,58422,1747907941290.469,-64,-5,-148
1747907941328.875,58413,1747907941310.312,-61,1,-143
1747907941348.719,58426,1747907941330.156,-77,-8,-149
1747907941368.531,58433,1747907941350.0,-61,-5,-143
1747907941388.375,58454,1747907941369.844,-72,-5,-145
1747907941408.25,58465,1747907941389.687,-64,-1,-152
1747907941428.094,58487,1747907941409.531,-61,-1,-144
1747907941447.906,58492,1747907941429.406,-74,3,-152
1747907941467.812,58528,1747907941449.25,-64,-7,-145
1747907941487.656,58545,1747907941469.094,-69,-5,-141
1747907941507.594,58580,1747907941488.969,-68,-1,-144
1747907941527.344,58602,1747907941508.812,-63,-1,-146
1747907941547.25,58641,1747907941528.656,-65,-1,-141
1747907941567.094,58655,1747907941548.531,-61,-1,-142
1747907941586.937,58642,1747907941568.375,-61,1,-140
1747907941606.781,58606,1747907941588.25,-61,-5,-146
1747907941626.625,58565,1747907941608.063,-65,-1,-141
1747907941646.4692,58537,1747907941627.938,-72,-2,-136
1747907941666.344,58490,1747907941647.812,-72,-2,-144
1747907941686.156,58462,1747907941667.625,-64,-9,-128
1747907941706.0,58443,1747907941687.469,-68,-5,-141
1747907941725.844,58426,1747907941707.313,-70,-1,-144
1747907941745.656,58436,1747907941727.125,-74,-1,-157
1747907941765.531,58443,1747907941746.969,-61,-1,-142
1747907941785.312,58448,1747907941766.844,-61,3,-145
1747907941805.188,58464,1747907941786.625,-56,-1,-144
1747907941825.031,58478,1747907941806.469,-59,-1,-142
1747907941844.875,58495,1747907941826.344,-71,-7,-141
1747907941864.687,58496,1747907941846.1558,-64,-1,-137
1747907941884.563,58501,1747907941866.0,-76,3,-138
1747907941904.406,58512,1747907941885.844,-57,1,-143
1747907941924.25,58517,1747907941905.688,-61,3,-145
1747907941944.062,58531,1747907941925.563,-63,-2,-138
1747907941963.906,58547,1747907941945.344,-76,-1,-144
1747907941983.75,58563,1747907941965.219,-62,-1,-146
1747907942003.625,58571,1747907941985.031,-63,1,-141
1747907942023.438,58579,1747907942004.906,-64,3,-144
1747907942043.281,58605,1747907942024.719,-58,-5,-145
1747907942063.125,58630,1747907942044.594,-61,-1,-138
1747907942082.969,58658,1747907942064.469,-68,-4,-142
1747907942102.844,58698,1747907942084.281,-61,-5,-140
1747907942122.625,58717,1747907942104.125,-63,-5,-141
1747907942142.5,58749,1747907942123.906,-68,-5,-144
1747907942162.344,58778,1747907942143.781,-68,-1,-141
1747907942182.188,58811,1747907942163.656,-57,-4,-145
1747907942202.031,58847,1747907942183.5,-60,1,-141
1747907942221.969,58859,1747907942203.344,-71,-1,-142
1747907942241.75,58863,1747907942223.187,-63,-2,-147
1747907942261.625,58838,1747907942243.062,-62,-7,-144
1747907942281.4382,58800,1747907942262.906,-56,-5,-138
1747907942301.281,58755,1747907942282.719,-68,0,-146
1747907942321.125,58712,1747907942302.594,-70,-1,-146
1747907942340.969,58695,1747907942322.437,-68,3,-142
1747907942360.813,58674,1747907942342.25,-61,-3,-134
1747907942380.688,58667,1747907942362.125,-61,-4,-145
1747907942400.5,58650,1747907942381.969,-74,-1,-143
1747907942420.375,58650,1747907942401.781,-71,-1,-145
1747907942440.219,58625,1747907942421.6868,-68,-1,-141
1747907942460.063,58649,1747907942441.531,-58,-5,-142
1747907942479.938,58675,1747907942461.375,-65,-1,-142
1747907942499.875,58682,1747907942481.219,-63,-1,-145
1747907942519.594,58694,1747907942501.187,-71,1,-142
1747907942539.469,58701,1747907942520.906,-74,-1,-141
1747907942559.313,58714,1747907942540.781,-68,-9,-146
1747907942579.156,58723,1747907942560.594,-64,-1,-141
1747907942599.0,58733,1747907942580.469,-72,-1,-145
1747907942618.875,58741,1747907942600.312,-63,-2,-145
1747907942638.719,58751,1747907942620.125,-65,-4,-140
1747907942658.563,58765,1747907942640.0,-63,-1,-144
1747907942678.375,58782,1747907942659.813,-64,-1,-141
1747907942698.25,58807,1747907942679.688,-68,-1,-136
1747907942718.125,58817,1747907942699.531,-69,-5,-141
1747907942737.969,58837,1747907942719.438,-74,-3,-140
1747907942757.812,58858,1747907942739.344,-72,3,-145
1747907942777.656,58879,1747907942759.094,-72,8,-141
1747907942797.531,58904,1747907942778.937,-68,3,-141
1747907942817.375,58928,1747907942798.812,-65,-7,-141
1747907942837.312,58964,1747907942818.688,-73,-1,-140
1747907942857.062,58991,1747907942838.625,-64,3,-141
1747907942876.937,59023,1747907942858.344,-64,3,-144
1747907942896.781,59029,1747907942878.219,-64,-2,-146
1747907942916.625,59026,1747907942898.062,-73,-1,-146
1747907942936.469,58994,1747907942917.906,-64,8,-146
1747907942956.344,58945,1747907942937.781,-64,-1,-141
1747907942976.187,58903,1747907942957.656,-60,-4,-135
1747907942996.031,58842,1747907942977.469,-66,-5,-141
1747907943015.875,58789,1747907942997.344,-73,-4,-145
1747907943035.719,58744,1747907943017.156,-61,-1,-144
1747907943055.594,58709,1747907943037.031,-63,-1,-138
1747907943075.469,58690,1747907943056.906,-74,-2,-141
1747907943095.281,58682,1747907943076.813,-73,-1,-137
1747907943115.187,58672,1747907943096.594,-71,3,-143
1747907943135.0,58699,1747907943116.438,-74,-5,-145
1747907943154.906,58691,1747907943136.281,-61,-4,-143
1747907943174.75,58692,1747907943156.187,-65,-1,-142
1747907943194.594,58698,1747907943176.031,-72,-1,-145
1747907943214.469,58695,1747907943195.875,-72,-2,-143
1747907943234.312,58702,1747907943215.75,-68,-1,-145
1747907943254.156,58713,1747907943235.625,-65,-9,-145
1747907943274.0,58721,1747907943255.5,-61,-5,-137
1747907943293.875,58721,1747907943275.281,-72,-5,-140
1747907943313.75,58729,1747907943295.187,-77,8,-145
1747907943333.594,58747,1747907943315.062,-67,-9,-142
1747907943353.438,58772,1747907943334.875,-71,-5,-142
1747907943373.312,58786,1747907943354.75,-68,-8,-136
1747907943393.187,58795,1747907943374.625,-61,-1,-144
1747907943413.0,58819,1747907943394.469,-63,-1,-142
1747907943432.844,58835,1747907943414.3118,-73,1,-144
1747907943452.75,58862,1747907943434.156,-64,-1,-138
1747907943472.594,58902,1747907943454.031,-65,-9,-141
1747907943492.4368,58914,1747907943473.937,-62,-1,-141
1747907943512.313,58952,1747907943493.75,-71,3,-136
1747907943532.156,58986,1747907943513.625,-77,3,-138
1747907943552.031,59023,1747907943533.438,-63,8,-140
1747907943571.937,59051,1747907943553.313,-63,-5,-146
1747907943591.719,59069,1747907943573.25,-60,-5,-148
1747907943611.594,59082,1747907943593.0,-67,3,-139
1747907943631.469,59062,1747907943612.875,-64,-5,-145
1747907943651.312,59028,1747907943632.75,-66,-16,-151
1747907943671.187,58972,1747907943652.594,-64,-1,-146
1747907943691.031,58930,1747907943672.5,-64,-1,-137
1747907943710.906,58885,1747907943692.281,-63,-3,-120
1747907943730.75,58862,1747907943712.219,-60,-5,-144
1747907943750.625,58840,1747907943732.031,-73,-5,-145
1747907943770.5,58827,1747907943751.937,-68,-7,-132
1747907943790.344,58814,1747907943771.813,-67,3,-141
1747907943810.187,58816,1747907943791.656,-73,3,-144
1747907943830.031,58818,1747907943811.469,-64,-1,-145
1747907943849.906,58819,1747907943831.344,-72,8,-142
1747907943869.75,58824,1747907943851.219,-61,-2,-141
1747907943889.594,58827,1747907943871.031,-64,-4,-144
1747907943909.469,58834,1747907943890.906,-77,-5,-142
1747907943929.312,58850,1747907943910.75,-63,-1,-145
1747907943949.188,58866,1747907943930.625,-68,-5,-143
1747907943969.125,58887,1747907943950.469,-64,-3,-143
1747907943988.844,58897,1747907943970.281,-56,-7,-148
1747907944008.719,58923,1747907943990.156,-61,-1,-144
1747907944028.563,58927,1747907944010.0,-72,-1,-136
1747907944048.375,58943,1747907944029.875,-74,12,-144
1747907944068.25,58953,1747907944049.656,-67,3,-141
1747907944088.062,58972,1747907944069.531,-75,3,-138
1747907944107.937,59015,1747907944089.375,-73,-1,-145
1747907944127.781,59033,1747907944109.219,-62,-1,-141
1747907944147.625,59059,1747907944129.062,-71,-1,-138
1747907944167.469,59102,1747907944148.938,-73,-5,-146
1747907944187.344,59125,1747907944168.75,-63,-9,-138
1747907944207.125,59142,1747907944188.625,-66,-2,-140
1747907944227.0,59158,1747907944208.437,-72,-1,-137
1747907944246.844,59171,1747907944228.25,-60,-4,-144
1747907944266.719,59202,1747907944248.125,-68,-7,-143
1747907944286.531,59210,1747907944268.0,-70,-5,-137
1747907944306.375,59233,1747907944287.812,-69,3,-137
1747907944326.25,59225,1747907944307.656,-57,-1,-144
1747907944346.1558,59190,1747907944327.5,-64,-5,-144
1747907944365.906,59162,1747907944347.406,-77,-4,-137
1747907944385.781,59123,1747907944367.188,-69,-1,-144
1747907944405.625,59079,1747907944387.062,-68,-1,-141
1747907944425.5,59048,1747907944406.906,-66,-1,-143
1747907944445.312,59023,1747907944426.75,-68,-1,-145
1747907944465.156,59005,1747907944446.625,-72,3,-144
1747907944485.063,58995,1747907944466.469,-63,-5,-138
1747907944504.906,58985,1747907944486.375,-60,-1,-138
1747907944524.719,58981,1747907944506.219,-61,1,-151
1747907944544.562,58999,1747907944526.031,-72,-1,-138
1747907944564.406,59003,1747907944545.844,-72,1,-141
1747907944584.25,59011,1747907944565.719,-64,-1,-148
1747907944604.125,59024,1747907944585.531,-61,3,-143
1747907944623.969,59021,1747907944605.406,-71,3,-136
1747907944643.812,59028,1747907944625.25,-71,3,-136
1747907944663.687,59034,1747907944645.094,-65,-1,-145
1747907944683.563,59041,1747907944665.0,-71,1,-140
1747907944703.375,59047,1747907944684.875,-66,-5,-140
1747907944723.25,59059,1747907944704.688,-62,-1,-133
1747907944743.125,59060,1747907944724.531,-64,-9,-141
1747907944762.938,59079,1747907944744.437,-65,-5,-136
1747907944782.813,59104,1747907944764.219,-61,-3,-145
1747907944802.656,59101,1747907944784.094,-61,3,-146
1747907944822.5,59128,1747907944803.969,-63,-1,-144
1747907944842.406,59121,1747907944823.812,-64,-5,-138
1747907944862.219,59142,1747907944843.687,-68,-9,-137
1747907944882.063,59172,1747907944863.5,-72,3,-136
1747907944901.937,59220,1747907944883.344,-72,-1,-144
1747907944921.781,59255,1747907944903.219,-73,-1,-144
1747907944941.594,59298,1747907944923.094,-64,-5,-141
1747907944961.469,59319,1747907944942.875,-67,-5,-136
1747907944981.313,59326,1747907944962.75,-71,-2,-139
1747907945001.187,59315,1747907944982.625,-56,-13,-137
1747907945021.0,59292,1747907945002.469,-68,-1,-136
1747907945040.875,59268,1747907945022.281,-71,-5,-142
1747907945060.719,59230,1747907945042.156,-73,-1,-141
1747907945080.594,59192,1747907945062.0,-64,-4,-135
1747907945100.375,59166,1747907945081.875,-61,-5,-133
1747907945120.25,59132,1747907945101.687,-64,-1,-136
1747907945140.125,59133,1747907945121.531,-64,-5,-141
1747907945159.969,59112,1747907945141.438,-61,-5,-145
1747907945179.812,59121,1747907945161.281,-72,-1,-138
1747907945199.719,59139,1747907945181.125,-72,-1,-136
1747907945219.531,59151,1747907945200.937,-63,-1,-141
1747907945239.406,59164,1747907945220.844,-63,1,-139
1747907945259.219,59182,1747907945240.719,-64,3,-141
1747907945279.031,59195,1747907945260.5,-79,3,-138
1747907945298.906,59211,1747907945280.344,-58,-7,-147
1747907945318.75,59219,1747907945300.219,-64,-5,-150
1747907945338.594,59226,1747907945320.094,-64,3,-139
1747907945358.469,59243,1747907945339.906,-65,-1,-140
1747907945378.312,59250,1747907945359.75,-57,-3,-138
1747907945398.156,59251,1747907945379.594,-72,15,-141
1747907945418.0,59268,1747907945399.469,-68,-1,-144
1747907945437.844,59273,1747907945419.281,-63,-9,-140
1747907945457.687,59283,1747907945439.125,-63,-5,-136
1747907945477.562,59308,1747907945459.0,-76,-3,-142
1747907945497.375,59328,1747907945478.844,-69,-7,-143
1747907945517.219,59347,1747907945498.688,-77,-5,-141
1747907945537.0942,59358,1747907945518.531,-72,-1,-144
1747907945556.937,59375,1747907945538.406,-63,-2,-144
1747907945576.781,59402,1747907945558.219,-80,-5,-137
1747907945596.594,59418,1747907945578.094,-68,-9,-141
1747907945616.469,59432,1747907945597.906,-64,-5,-141
1747907945636.312,59464,1747907945617.75,-61,3,-136
1747907945656.156,59479,1747907945637.625,-71,1,-144
1747907945676.0,59497,1747907945657.469,-58,7,-141
1747907945695.844,59497,1747907945677.281,-63,-5,-141
1747907945715.688,59453,1747907945697.156,-63,-9,-146
1747907945735.562,59418,1747907945717.0,-63,-1,-157
1747907945755.406,59360,1747907945736.844,-58,-1,-145
1747907945775.25,59318,1747907945756.687,-72,3,-140
1747907945795.094,59280,1747907945776.531,-74,-1,-145
1747907945814.969,59257,1747907945796.375,-64,-3,-143
1747907945834.812,59223,1747907945816.281,-74,-1,-141
1747907945854.656,59214,1747907945836.094,-61,-7,-145
1747907945874.531,59207,1747907945855.937,-63,-5,-141
1747907945894.344,59187,1747907945875.813,-72,-1,-138
1747907945914.187,59202,1747907945895.656,-72,-1,-143
1747907945934.031,59195,1747907945915.469,-64,-5,-141
1747907945953.875,59198,1747907945935.344,-72,-1,-144
1747907945973.75,59210,1747907945955.188,-64,3,-139
1747907945993.562,59225,1747907945975.031,-62,-1,-143
1747907946013.406,59251,1747907945994.844,-57,3,-139
1747907946033.281,59271,1747907946014.719,-72,-1,-140
1747907946053.094,59288,1747907946034.562,-64,1,-145
1747907946072.938,59309,1747907946054.406,-71,-1,-130
1747907946092.875,59324,1747907946074.281,-74,-1,-133
1747907946112.625,59333,1747907946094.094,-61,-9,-141
1747907946132.5,59350,1747907946113.937,-63,1,-153
1747907946152.344,59370,1747907946133.781,-63,1,-142
1747907946172.156,59406,1747907946153.625,-64,-1,-142
1747907946192.031,59433,1747907946173.469,-61,3,-138
1747907946211.875,59445,1747907946193.312,-72,-7,-138
1747907946231.75,59465,1747907946213.156,-72,7,-133
1747907946251.563,59496,1747907946233.031,-72,-2,-140
1747907946271.406,59527,1747907946252.844,-63,1,-144
1747907946291.25,59558,1747907946272.719,-61,-1,-142
1747907946311.094,59574,1747907946292.562,-69,1,-142
1747907946330.969,59616,1747907946312.406,-69,1,-142
1747907946350.781,59650,1747907946332.25,-65,-1,-145
1747907946370.625,59690,1747907946352.094,-72,-5,-143
1747907946390.469,59710,1747907946371.938,-72,-5,-143
1747907946410.312,59719,1747907946391.781,-77,-9,-133
1747907946430.188,59708,1747907946411.594,-68,-5,-141
1747907946450.0,59674,1747907946431.469,-77,0,-141
1747907946469.875,59646,1747907946451.313,-61,-5,-144
1747907946489.719,59628,1747907946471.187,-61,-5,-144
1747907946509.563,59602,1747907946491.0,-61,-5,-146
1747907946529.406,59583,1747907946510.906,-68,-7,-139
1747907946549.2808,59571,1747907946530.719,-68,3,-141
1747907946569.062,59563,1747907946550.563,-73,3,-146
1747907946588.906,59559,1747907946570.344,-64,14,-141
1747907946608.781,59573,1747907946590.219,-65,-7,-138
1747907946628.594,59588,1747907946610.063,-57,-1,-142
1747907946648.438,59602,1747907946629.906,-72,-1,-144
1747907946668.281,59622,1747907946649.75,-61,-3,-137
1747907946688.156,59629,1747907946669.562,-81,-1,-141
1747907946708.031,59647,1747907946689.469,-71,-1,-146
1747907946727.875,59673,1747907946709.313,-58,-1,-156
1747907946747.719,59670,1747907946729.156,-60,-7,-136
1747907946767.562,59695,1747907946749.0,-68,-5,-136
1747907946787.406,59697,1747907946768.844,-61,-5,-138
1747907946807.281,59728,1747907946788.719,-72,-1,-140
1747907946827.094,59750,1747907946808.531,-61,-3,-141
1747907946846.969,59765,1747907946828.406,-64,-1,-143
1747907946866.812,59784,1747907946848.312,-65,-2,-140
1747907946886.688,59804,1747907946868.125,-73,3,-141
1747907946906.5,59832,1747907946888.0,-72,-5,-142
1747907946926.344,59857,1747907946907.781,-58,-1,-139
1747907946946.219,59873,1747907946927.625,-72,-1,-137
1747907946966.063,59907,1747907946947.531,-61,3,-146
1747907946985.875,59937,1747907946967.375,-68,-1,-133
1747907947005.812,59953,1747907946987.156,-61,-5,-141
1747907947025.594,59990,1747907947007.031,-64,-1,-141
1747907947045.469,60009,1747907947026.906,-71,-1,-136
1747907947065.281,60032,1747907947046.75,-71,-3,-140
1747907947085.125,60071,1747907947066.562,-71,-8,-161
1747907947105.0,60096,1747907947086.375,-61,-4,-141
1747907947124.844,60119,1747907947106.313,-64,1,-137
1747907947144.656,60104,1747907947126.125,-77,-2,-136
1747907947164.531,60092,1747907947145.937,-63,-5,-138
1747907947184.344,60066,1747907947165.813,-65,-7,-138
1747907947204.187,60050,1747907947185.625,-63,3,-143
1747907947224.031,60025,1747907947205.5,-74,3,-141
1747907947243.844,60022,1747907947225.344,-64,-1,-145
1747907947263.719,59999,1747907947245.156,-74,-2,-138
1747907947283.563,59994,1747907947265.031,-64,-4,-142
1747907947303.375,59998,1747907947284.844,-66,-5,-140
1747907947323.187,60017,1747907947304.688,-73,1,-144
1747907947343.031,60021,1747907947324.469,-61,-1,-140
1747907947362.875,60037,1747907947344.312,-72,-2,-143
1747907947382.719,60051,1747907947364.156,-71,3,-144
1747907947402.531,60061,1747907947384.031,-72,-9,-142
1747907947422.406,60075,1747907947403.813,-63,-5,-130
1747907947442.281,60098,1747907947423.719,-61,3,-141
1747907947462.094,60101,1747907947443.562,-80,-1,-137
1747907947481.938,60119,1747907947463.531,-76,-1,-138
1747907947501.812,60117,1747907947483.25,-62,-1,-145
1747907947521.656,60130,1747907947503.094,-57,3,-141
1747907947541.5,60152,1747907947522.969,-65,-5,-144
1747907947561.469,60171,1747907947542.781,-66,-1,-139
1747907947581.187,60182,1747907947562.75,-71,-1,-142
1747907947601.062,60210,1747907947582.438,-61,8,-148
1747907947621.0,60224,1747907947602.344,-61,-1,-148
1747907947640.75,60254,1747907947622.219,-63,6,-141
1747907947660.656,60285,1747907947642.063,-65,1,-143
1747907947680.5,60310,1747907947661.969,-71,-1,-145
1747907947700.375,60336,1747907947681.812,-77,1,-148
1747907947720.219,60373,1747907947701.656,-59,-9,-138
1747907947740.063,60402,1747907947721.531,-61,3,-144
1747907947759.969,60420,1747907947741.375,-71,-1,-145
1747907947779.844,60451,1747907947761.25,-69,-1,-141
1747907947799.656,60485,1747907947781.156,-64,-1,-144
1747907947819.531,60505,1747907947800.937,-71,-5,-137
1747907947839.406,60499,1747907947820.813,-71,1,-141
1747907947859.25,60503,1747907947840.719,-72,-1,-145
1747907947879.094,60495,1747907947860.531,-48,8,-138
1747907947898.969,60479,1747907947880.375,-65,-1,-145
1747907947918.813,60478,1747907947900.281,-61,-5,-145
1747907947938.719,60448,1747907947920.094,-72,-2,-143
1747907947958.531,60449,1747907947940.0,-77,-5,-141
1747907947978.375,60443,1747907947959.844,-65,1,-141
1747907947998.25,60444,1747907947979.688,-64,-5,-145
1747907948018.156,60475,1747907947999.563,-64,-1,-145
1747907948037.969,60498,1747907948019.406,-66,-1,-136
1747907948057.813,60522,1747907948039.25,-61,-5,-142
1747907948077.688,60545,1747907948059.094,-74,-1,-141
1747907948097.531,60566,1747907948078.969,-76,-5,-116
1747907948117.375,60569,1747907948098.844,-68,-1,-141
1747907948137.219,60584,1747907948118.687,-63,-1,-142
1747907948157.094,60593,1747907948138.531,-65,3,-143
1747907948176.969,60604,1747907948158.406,-75,3,-138
1747907948196.781,60626,1747907948178.281,-72,3,-146
1747907948216.656,60645,1747907948198.125,-64,3,-138
1747907948236.531,60683,1747907948217.937,-72,-1,-141
1747907948256.406,60704,1747907948237.813,-64,-1,-141
1747907948276.187,60726,1747907948257.656,-64,-2,-138
1747907948296.062,60747,1747907948277.438,-72,-1,-141
1747907948315.906,60768,1747907948297.375,-64,-1,-140
1747907948335.781,60785,1747907948317.219,-72,3,-136
1747907948355.625,60808,1747907948337.094,-69,3,-141
1747907948375.5,60839,1747907948356.938,-65,-17,-145
1747907948395.344,60871,1747907948376.781,-69,3,-141
1747907948415.188,60895,1747907948396.656,-64,-5,-144
1747907948435.031,60933,1747907948416.5,-63,3,-127
1747907948454.906,60960,1747907948436.344,-61,-5,-141
1747907948474.75,60992,1747907948456.219,-63,-1,-138
1747907948494.625,61039,1747907948476.0,-64,-1,-145
1747907948514.438,61055,1747907948495.906,-63,1,-144
1747907948534.344,61082,1747907948515.719,-64,-3,-144
1747907948554.156,61091,1747907948535.625,-64,-3,-148
1747907948574.031,61082,1747907948555.5,-60,-5,-140
1747907948593.844,61073,1747907948575.281,-69,1,-141
1747907948613.688,61065,1747907948595.125,-68,8,-147
1747907948633.562,61039,1747907948615.0,-61,-5,-142
1747907948653.437,61035,1747907948634.875,-68,-1,-141
1747907948673.25,61017,1747907948654.719,-68,-5,-141
1747907948693.094,61024,1747907948674.562,-64,-5,-145
1747907948712.969,61014,1747907948694.406,-65,0,-143
1747907948732.812,61028,1747907948714.25,-71,3,-144
1747907948752.656,61047,1747907948734.156,-72,-5,-145
1747907948772.5,61069,1747907948753.937,-71,-1,-145
1747907948792.375,61059,1747907948773.813,-77,3,-138
1747907948812.219,61081,1747907948793.688,-71,-2,-146
1747907948832.062,61093,1747907948813.531,-65,-5,-145
1747907948851.938,61109,1747907948833.375,-71,-9,-141
1747907948871.781,61137,1747907948853.219,-68,3,-141
1747907948891.656,61144,1747907948873.094,-74,3,-138
1747907948911.531,61158,1747907948892.938,-66,3,-145
1747907948931.375,61188,1747907948912.844,-71,0,-144
1747907948951.25,61201,1747907948932.656,-63,-8,-143
1747907948971.094,61217,1747907948952.531,-64,-1,-137
1747907948990.937,61249,1747907948972.406,-63,0,-138
1747907949010.844,61252,1747907948992.219,-74,-1,-139
1747907949030.75,61267,1747907949012.125,-74,-1,-141
1747907949050.563,61306,1747907949032.031,-81,-2,-143
1747907949070.375,61320,1747907949051.844,-65,-1,-144
1747907949090.25,61339,1747907949071.687,-67,-5,-141
1747907949110.094,61377,1747907949091.531,-64,6,-148
1747907949130.0,61400,1747907949111.406,-58,-5,-138
1747907949149.812,61422,1747907949131.281,-52,-8,-140
1747907949169.687,61433,1747907949151.063,-62,1,-128
1747907949189.531,61465,1747907949170.969,-61,-1,-142
1747907949209.375,61496,1747907949190.812,-64,-1,-144
1747907949229.219,61526,1747907949210.719,-64,-5,-141
1747907949249.062,61550,1747907949230.5,-71,-3,-144
1747907949268.937,61557,1747907949250.344,-76,8,-143
1747907949288.781,61570,1747907949270.219,-68,-1,-141
1747907949308.656,61566,1747907949290.062,-68,-1,-148
1747907949328.438,61542,1747907949309.969,-64,-1,-134
1747907949348.312,61538,1747907949329.719,-64,-1,-144
1747907949368.187,61528,1747907949349.5942,-63,1,-143
1747907949388.0,61518,1747907949369.469,-65,-7,-141
1747907949407.813,61516,1747907949389.281,-66,-7,-141
1747907949427.687,61510,1747907949409.125,-65,3,-144
1747907949447.531,61518,1747907949428.969,-74,-9,-137
1747907949467.406,61531,1747907949448.844,-72,3,-140
1747907949487.188,61536,1747907949468.687,-63,3,-142
1747907949507.031,61551,1747907949488.5,-77,-5,-136
1747907949526.906,61572,1747907949508.375,-72,-1,-144
1747907949546.719,61561,1747907949528.188,-62,-9,-141
1747907949566.562,61571,1747907949548.031,-61,3,-144
1747907949586.438,61584,1747907949567.875,-69,-5,-143
1747907949606.25,61588,1747907949587.688,-61,-1,-144
1747907949626.125,61615,1747907949607.531,-63,1,-145
1747907949645.937,61626,1747907949627.4058,-61,8,-148
1747907949665.781,61647,1747907949647.219,-57,-5,-145
1747907949685.625,61665,1747907949667.031,-66,-5,-141
1747907949705.469,61683,1747907949686.938,-73,-1,-136
1747907949725.312,61697,1747907949706.781,-68,-1,-144
1747907949745.187,61722,1747907949726.625,-64,5,-140
1747907949765.0,61742,1747907949746.5,-72,-5,-146
1747907949784.875,61763,1747907949766.281,-63,-1,-138
1747907949804.688,61781,1747907949786.156,-60,-1,-141
1747907949824.531,61802,1747907949806.031,-74,-5,-138
1747907949844.406,61826,1747907949825.844,-59,-9,-137
1747907949864.25,61846,1747907949845.719,-71,-2,-144
1747907949884.094,61875,1747907949865.563,-72,-5,-143
1747907949903.937,61901,1747907949885.406,-72,-1,-144
1747907949923.781,61927,1747907949905.25,-64,6,-140
1747907949943.625,61953,1747907949925.094,-66,3,-140
1747907949963.469,61966,1747907949944.937,-72,3,-137
1747907949983.313,62001,1747907949964.781,-68,-1,-145
1747907950003.156,62016,1747907949984.625,-56,-5,-141
1747907950023.0,62027,1747907950004.437,-64,-5,-137
1747907950042.875,62039,1747907950024.312,-69,0,-136
1747907950062.6882,62014,1747907950044.156,-65,3,-143
1747907950082.562,62013,1747907950064.0,-72,-1,-138
1747907950102.406,62006,1747907950083.844,-61,-5,-137
1747907950122.25,61994,1747907950103.719,-68,7,-148
1747907950142.063,61983,1747907950123.594,-64,-1,-141
1747907950161.906,61986,1747907950143.375,-72,-1,-133
1747907950181.75,61991,1747907950163.219,-60,-1,-143
1747907950201.625,62004,1747907950183.031,-61,-1,-144
1747907950221.437,62024,1747907950202.906,-61,-8,-144
1747907950241.313,62044,1747907950222.75,-61,3,-143
1747907950261.156,62064,1747907950242.594,-72,-1,-138
1747907950281.0618,62076,1747907950262.531,-61,-3,-141
1747907950300.844,62072,1747907950282.281,-61,-2,-146
1747907950320.688,62087,1747907950302.125,-68,-1,-143
1747907950340.531,62082,1747907950322.0,-64,-1,-140
1747907950360.375,62090,1747907950341.844,-60,-1,-141
1747907950380.219,62112,1747907950361.688,-64,-7,-145
1747907950400.062,62120,1747907950381.531,-65,-1,-145
1747907950419.938,62137,1747907950401.375,-71,1,-141
1747907950439.781,62131,1747907950421.219,-63,1,-141
1747907950459.625,62149,1747907950441.094,-57,0,-128
1747907950479.437,62169,1747907950460.938,-73,3,-136
1747907950499.312,62189,1747907950480.75,-72,-1,-144
1747907950519.156,62223,1747907950500.594,-65,3,-144
1747907950539.0,62277,1747907950520.469,-67,-5,-144
1747907950558.844,62303,1747907950540.313,-68,-5,-146
1747907950578.687,62342,1747907950560.187,-58,-5,-144
1747907950598.531,62370,1747907950580.031,-71,-3,-135
1747907950618.406,62403,1747907950599.844,-64,-1,-135
1747907950638.2192,62421,1747907950619.656,-72,-2,-144
1747907950658.062,62429,1747907950639.5,-73,-1,-142
1747907950677.906,62452,1747907950659.375,-57,-5,-141
1747907950697.75,62477,1747907950679.187,-63,-1,-141
1747907950717.563,62514,1747907950699.063,-64,1,-140
1747907950737.437,62563,1747907950718.844,-77,12,-146
1747907950757.281,62600,1747907950738.719,-72,3,-145
1747907950777.125,62643,1747907950758.594,-64,-5,-144
1747907950796.969,62652,1747907950778.406,-76,-8,-161
1747907950816.813,62670,1747907950798.281,-65,-7,-141
1747907950836.656,62662,1747907950818.125,-57,-9,-140
1747907950856.5,62638,1747907950837.969,-57,-1,-136
1747907950876.344,62600,1747907950857.812,-66,8,-132
1747907950896.156,62581,1747907950877.656,-73,7,-141
1747907950916.0308,62581,1747907950897.438,-67,16,-144
1747907950935.906,62587,1747907950917.313,-66,3,-145
1747907950955.719,62594,1747907950937.219,-68,-1,-138
1747907950975.563,62616,1747907950957.0,-72,-2,-141
1747907950995.375,62653,1747907950976.844,-73,-1,-146
1747907951015.25,62687,1747907950996.719,-67,-1,-138
1747907951035.094,62688,1747907951016.531,-67,1,-139
1747907951054.906,62689,1747907951036.406,-65,-2,-136
1747907951074.781,62674,1747907951056.219,-60,-17,-141
1747907951094.625,62677,1747907951076.062,-68,-1,-137
1747907951114.469,62693,1747907951095.938,-73,7,-143
1747907951134.25,62702,1747907951115.75,-68,7,-144
1747907951154.125,62754,1747907951135.562,-66,3,-149
1747907951173.969,62800,1747907951155.437,-77,-1,-153
1747907951193.813,62846,1747907951175.344,-64,3,-146
1747907951213.656,62884,1747907951195.094,-66,3,-141
1747907951233.469,62898,1747907951214.938,-68,-7,-136
1747907951253.312,62918,1747907951234.781,-61,-7,-144
1747907951273.156,62931,1747907951254.594,-63,-4,-137
1747907951292.969,62937,1747907951274.469,-76,-1,-141
1747907951312.844,62941,1747907951294.281,-71,8,-143
1747907951332.687,62959,1747907951314.125,-66,-5,-138
1747907951352.531,62998,1747907951333.9692,-64,-1,-144
1747907951372.375,63009,1747907951353.844,-61,7,-146
1747907951392.188,63040,1747907951373.688,-64,-5,-152
1747907951412.062,63072,1747907951393.469,-64,12,-159
1747907951431.906,63081,1747907951413.375,-64,-1,-140
1747907951451.75,63091,1747907951433.187,-74,-1,-138
1747907951471.594,63110,1747907951453.031,-65,3,-137
1747907951491.438,63140,1747907951472.844,-71,-8,-138
1747907951511.312,63152,1747907951492.719,-71,-7,-141
1747907951531.156,63162,1747907951512.594,-72,-5,-137
1747907951550.969,63167,1747907951532.437,-72,-3,-143
1747907951570.813,63148,1747907951552.219,-69,-5,-141
1747907951590.656,63139,1747907951572.094,-66,-5,-142
1747907951610.5,63122,1747907951591.969,-60,-9,-142
1747907951630.312,63111,1747907951611.812,-58,3,-142
1747907951650.156,63103,1747907951631.625,-58,16,-141
1747907951670.031,63100,1747907951651.469,-68,3,-143
1747907951689.844,63104,1747907951671.313,-73,16,-142
1747907951709.656,63102,1747907951691.125,-61,-1,-144
1747907951729.5,63118,1747907951710.969,-64,-5,-140
1747907951749.375,63138,1747907951730.812,-79,-7,-132
1747907951769.188,63134,1747907951750.656,-64,-5,-140
1747907951789.062,63129,1747907951770.469,-64,-1,-141
1747907951808.906,63133,1747907951790.344,-64,-5,-140
1747907951828.75,63138,1747907951810.187,-72,-1,-136
1747907951848.594,63144,1747907951830.062,-68,-1,-142
1747907951868.469,63149,1747907951849.938,-62,-5,-142
1747907951888.281,63159,1747907951869.75,-61,-9,-146
1747907951908.094,63180,1747907951889.594,-68,-9,-144
1747907951927.937,63201,1747907951909.406,-73,-2,-141
1747907951947.781,63217,1747907951929.25,-73,-1,-140
1747907951967.625,63226,1747907951949.063,-66,0,-145
1747907951987.5,63238,1747907951968.875,-69,1,-145
1747907952007.312,63249,1747907951988.781,-69,3,-140
1747907952027.156,63249,1747907952008.625,-72,-4,-140
1747907952047.0,63263,1747907952028.469,-62,3,-144
1747907952066.844,63283,1747907952048.281,-60,-1,-146
1747907952086.687,63301,1747907952068.125,-71,2,-161
1747907952106.531,63310,1747907952088.0,-68,3,-144
1747907952126.344,63332,1747907952107.844,-58,1,-140
1747907952146.219,63365,1747907952127.687,-61,8,-141
1747907952166.063,63364,1747907952147.5,-72,-1,-138
1747907952185.906,63373,1747907952167.344,-68,-1,-144
1747907952205.719,63395,1747907952187.219,-67,-1,-145
1747907952225.656,63408,1747907952207.031,-64,-1,-140
1747907952245.406,63412,1747907952226.969,-79,-5,-142
1747907952265.25,63421,1747907952246.719,-72,-4,-135
1747907952285.156,63431,1747907952266.563,-68,-1,-141
1747907952304.9368,63426,1747907952286.406,-63,-1,-138
1747907952324.781,63427,1747907952306.25,-70,-1,-144
1747907952344.625,63426,1747907952326.062,-64,-1,-138
1747907952364.469,63408,1747907952345.906,-63,-2,-146
1747907952384.281,63417,1747907952365.781,-61,-7,-144
1747907952404.125,63399,1747907952385.562,-74,-5,-138
1747907952423.969,63421,1747907952405.437,-72,-1,-140
1747907952443.844,63410,1747907952425.281,-74,1,-138
1747907952463.625,63423,1747907952445.125,-69,3,-145
1747907952483.5,63439,1747907952464.938,-72,-3,-144
1747907952503.344,63447,1747907952484.812,-72,-1,-143
1747907952523.219,63451,1747907952504.656,-61,-3,-148
1747907952543.031,63467,1747907952524.469,-72,8,-138
1747907952562.875,63482,1747907952544.313,-63,-1,-142
1747907952582.719,63486,1747907952564.188,-72,-1,-141
1747907952602.562,63502,1747907952584.031,-62,-5,-142
1747907952622.406,63514,1747907952603.875,-68,1,-142
1747907952642.219,63543,1747907952623.688,-50,-8,-142
1747907952662.0942,63554,1747907952643.5,-60,-5,-145
1747907952681.937,63573,1747907952663.375,-64,-1,-144
1747907952701.781,63605,1747907952683.219,-64,-5,-128
1747907952721.594,63637,1747907952703.125,-64,3,-144
1747907952741.438,63645,1747907952722.938,-63,-9,-144
1747907952761.312,63675,1747907952742.719,-69,-5,-149
1747907952781.156,63685,1747907952762.563,-58,1,-143
1747907952800.969,63708,1747907952782.469,-61,-4,-145
1747907952820.844,63740,1747907952802.25,-72,-7,-137
1747907952840.688,63765,1747907952822.125,-66,-1,-141
1747907952860.5,63793,1747907952841.969,-74,-1,-141
1747907952880.312,63824,1747907952861.7808,-63,7,-143
1747907952900.219,63854,1747907952881.625,-64,3,-137
1747907952920.031,63877,1747907952901.531,-72,-2,-136
1747907952939.875,63886,1747907952921.344,-63,-1,-140
1747907952959.719,63906,1747907952941.125,-61,-1,-139
1747907952979.531,63925,1747907952960.969,-64,-1,-136
1747907952999.375,63951,1747907952980.781,-64,-1,-143
1747907953019.25,63956,1747907953000.688,-68,-5,-144
1747907953039.062,63953,1747907953020.531,-72,-8,-161
1747907953058.906,63948,1747907953040.344,-64,-9,-145
1747907953078.75,63933,1747907953060.219,-72,-1,-138
1747907953098.594,63926,1747907953080.062,-73,1,-144
1747907953118.469,63919,1747907953099.875,-72,-1,-144
1747907953138.25,63915,1747907953119.75,-74,3,-142
1747907953158.125,63908,1747907953139.594,-66,-1,-137
1747907953178.0,63900,1747907953159.406,-72,3,-136
1747907953197.781,63909,1747907953179.281,-74,-3,-134
1747907953217.625,63912,1747907953199.094,-68,8,-143
1747907953237.5,63928,1747907953218.9382,-73,3,-146
1747907953257.312,63931,1747907953238.781,-66,-5,-144
1747907953277.188,63935,1747907953258.594,-61,-1,-141
1747907953297.0,63949,1747907953278.469,-66,1,-141
1747907953316.844,63954,1747907953298.281,-65,-8,-149
1747907953336.687,63951,1747907953318.125,-61,-9,-145
1747907953356.531,63982,1747907953337.969,-68,-1,-152
1747907953376.375,63986,1747907953357.812,-76,-1,-136
1747907953396.188,63985,1747907953377.656,-73,3,-144
1747907953416.0308,63996,1747907953397.531,-68,3,-147
1747907953435.875,64008,1747907953417.469,-64,3,-141
1747907953455.719,64021,1747907953437.156,-72,-5,-146
1747907953475.531,64039,1747907953457.031,-71,3,-145
1747907953495.375,64041,1747907953476.8118,-64,1,-143
1747907953515.219,64049,1747907953496.719,-64,-5,-140
1747907953535.062,64050,1747907953516.5,-66,3,-142
1747907953554.906,64052,1747907953536.375,-61,-1,-135
1747907953574.75,64066,1747907953556.219,-64,-1,-141
1747907953594.594,64082,1747907953576.031,-57,3,-138
1747907953614.438,64097,1747907953595.906,-61,-5,-143
1747907953634.25,64108,1747907953615.75,-61,-5,-144
1747907953654.094,64123,1747907953635.531,-72,-1,-126
1747907953673.938,64129,1747907953655.437,-71,3,-144
1747907953693.781,64128,1747907953675.25,-64,-5,-137
1747907953713.625,64144,1747907953695.0632,-58,-1,-145
1747907953733.469,64135,1747907953714.906,-61,-9,-142
1747907953753.312,64135,1747907953734.781,-65,-7,-142
1747907953773.156,64124,1747907953754.594,-61,-1,-141
1747907953793.0,64108,1747907953774.437,-71,-5,-137
1747907953812.906,64106,1747907953794.313,-66,3,-142
1747907953832.687,64093,1747907953814.156,-69,-2,-137
1747907953852.562,64084,1747907953833.9692,-64,-5,-138
1747907953872.375,64081,1747907953853.844,-65,3,-144
1747907953892.219,64050,1747907953873.656,-72,-1,-140
1747907953912.0942,64064,1747907953893.5,-63,1,-141
1747907953931.906,64058,1747907953913.375,-77,16,-135
1747907953951.781,64065,1747907953933.187,-61,-5,-146
1747907953971.563,64059,1747907953953.062,-68,-1,-143
1747907953991.438,64075,1747907953972.875,-61,0,-135
1747907954011.281,64075,1747907953992.719,-69,-1,-137
1747907954031.125,64075,1747907954012.594,-72,-5,-138
1747907954050.969,64091,1747907954032.437,-72,-1,-144
1747907954070.813,64089,1747907954052.281,-68,-1,-145
1747907954090.688,64082,1747907954072.094,-72,-1,-145
1747907954110.531,64082,1747907954091.969,-57,1,-148
1747907954130.344,64094,1747907954111.812,-64,8,-144
1747907954150.188,64111,1747907954131.687,-65,-3,-143
1747907954170.063,64136,1747907954151.5,-63,-4,-143
1747907954189.9058,64139,1747907954171.344,-65,-1,-144
1747907954209.719,64150,1747907954191.219,-49,-5,-138
1747907954229.594,64163,1747907954211.031,-61,-5,-140
1747907954249.438,64175,1747907954230.875,-63,-7,-144
1747907954269.313,64175,1747907954250.719,-77,-8,-129
1747907954289.125,64209,1747907954270.594,-72,-1,-134
1747907954308.969,64210,1747907954290.406,-72,8,-141
1747907954328.844,64219,1747907954310.25,-64,-2,-145
1747907954348.688,64224,1747907954330.188,-61,3,-143
1747907954368.5,64215,1747907954349.969,-66,-1,-146
1747907954388.344,64218,1747907954369.813,-64,-1,-142
1747907954408.219,64235,1747907954389.687,-71,1,-143
1747907954428.063,64249,1747907954409.5,-59,-5,-146
1747907954447.906,64239,1747907954429.344,-55,-7,-144
1747907954467.75,64236,1747907954449.219,-68,-1,-141
1747907954487.562,64227,1747907954469.063,-69,-5,-145
1747907954507.437,64199,1747907954488.875,-59,-2,-141
1747907954527.281,64187,1747907954508.75,-77,-1,-141
1747907954547.0632,64166,1747907954528.594,-65,0,-146
1747907954566.937,64153,1747907954548.375,-74,-3,-138
1747907954586.781,64126,1747907954568.219,-76,-1,-143
1747907954606.625,64116,1747907954588.062,-66,-4,-143
1747907954626.438,64103,1747907954607.906,-71,-3,-144
1747907954646.281,64100,1747907954627.719,-73,3,-142
1747907954666.156,64092,1747907954647.594,-65,-5,-136
1747907954686.0,64085,1747907954667.438,-58,-5,-141
1747907954705.812,64101,1747907954687.3118,-72,3,-140
1747907954725.656,64091,1747907954707.219,-77,-5,-139
1747907954745.5,64091,1747907954726.938,-61,-9,-144
1747907954765.375,64093,1747907954746.844,-58,-5,-144
1747907954785.187,64102,1747907954766.656,-73,-3,-140
1747907954805.031,64098,1747907954786.437,-61,-1,-141
1747907954824.875,64097,1747907954806.344,-80,-5,-133
1747907954844.719,64106,1747907954826.156,-61,-4,-145
1747907954864.562,64115,1747907954846.031,-63,0,-142
1747907954884.406,64114,1747907954865.875,-64,-1,-144
1747907954904.25,64114,1747907954885.656,-68,-1,-144
1747907954924.094,64108,1747907954905.531,-68,-1,-142
1747907954943.938,64110,1747907954925.406,-62,-1,-143
1747907954963.781,64128,1747907954945.219,-63,-3,-137
1747907954983.625,64118,1747907954965.094,-63,-1,-141
1747907955003.469,64137,1747907954984.937,-60,-5,-145
1747907955023.344,64156,1747907955004.781,-72,-1,-138
1747907955043.187,64175,1747907955024.656,-68,-5,-145
1747907955063.0,64189,1747907955044.4692,-64,-5,-145
1747907955082.844,64198,1747907955064.312,-68,3,-141
1747907955102.688,64204,1747907955084.125,-61,-1,-141
1747907955122.531,64217,1747907955104.0,-72,-1,-138
1747907955142.375,64225,1747907955123.781,-64,-3,-141
1747907955162.219,64236,1747907955143.687,-64,-5,-141
1747907955182.062,64237,1747907955163.5,-72,-1,-140
1747907955201.875,64220,1747907955183.344,-64,-1,-142
1747907955221.688,64201,1747907955203.156,-69,-1,-140
1747907955241.562,64178,1747907955223.0,-68,-1,-138
1747907955261.406,64153,1747907955242.844,-73,8,-138
1747907955281.25,64137,1747907955262.719,-73,-5,-145
1747907955301.219,64121,1747907955282.562,-69,1,-144
1747907955320.938,64122,1747907955302.406,-64,-9,-141
1747907955340.812,64099,1747907955322.188,-64,8,-144
1747907955360.656,64097,1747907955342.125,-75,1,-138
1747907955380.469,64096,1747907955361.969,-66,-5,-145
1747907955400.281,64098,1747907955381.781,-68,1,-145
1747907955420.156,64088,1747907955401.625,-72,3,-140
1747907955439.969,64104,1747907955421.438,-75,8,-142
1747907955459.812,64101,1747907955441.25,-61,1,-138
1747907955479.656,64104,1747907955461.094,-61,3,-145
1747907955499.5,64102,1747907955480.937,-64,1,-141
1747907955519.344,64092,1747907955500.781,-63,1,-143
1747907955539.187,64098,1747907955520.688,-61,-3,-144
1747907955559.0,64103,1747907955540.469,-72,-1,-142
1747907955578.875,64104,1747907955560.312,-77,-1,-138
1747907955598.719,64112,1747907955580.188,-68,3,-143
1747907955618.531,64112,1747907955599.969,-64,8,-144
1747907955638.406,64134,1747907955619.813,-63,-5,-141
1747907955658.219,64133,1747907955639.656,-60,-1,-141
1747907955678.094,64133,1747907955659.531,-68,-5,-141
1747907955697.938,64147,1747907955679.406,-68,-1,-143
1747907955717.75,64171,1747907955699.25,-73,3,-145
1747907955737.625,64178,1747907955719.063,-61,-1,-141
1747907955757.5632,64176,1747907955738.937,-60,-5,-138
1747907955777.344,64183,1747907955758.844,-64,-5,-140
1747907955797.156,64186,1747907955778.594,-63,-1,-137
1747907955817.031,64205,1747907955798.406,-64,-1,-143
1747907955836.875,64223,1747907955818.281,-66,-1,-137
1747907955856.719,64240,1747907955838.125,-64,-4,-141
1747907955876.531,64229,1747907955858.0,-72,-5,-138
1747907955896.406,64233,1747907955877.813,-66,-4,-148
1747907955916.25,64241,1747907955897.688,-68,-4,-141
1747907955936.094,64209,1747907955917.531,-66,3,-141
1747907955955.906,64186,1747907955937.406,-71,3,-128
1747907955975.781,64160,1747907955957.219,-61,1,-143
1747907955995.625,64130,1747907955977.063,-63,-5,-136
1747907956015.469,64108,1747907955996.875,-68,8,-144
1747907956035.312,64086,1747907956016.75,-72,-1,-140
1747907956055.156,64051,1747907956036.625,-72,-5,-146
1747907956075.031,64048,1747907956056.469,-65,3,-142
1747907956094.969,64056,1747907956076.313,-65,3,-144
1747907956114.687,64049,1747907956096.281,-69,-1,-146
1747907956134.531,64038,1747907956116.0,-63,-4,-143
1747907956154.5,64047,1747907956135.812,-68,-1,-144
1747907956174.25,64036,1747907956155.719,-81,-1,-141
1747907956194.062,64037,1747907956175.563,-71,3,-141
1747907956213.906,64023,1747907956195.344,-72,-1,-144
1747907956233.75,64035,1747907956215.219,-66,-4,-144
1747907956253.625,64021,1747907956235.063,-63,-1,-144
1747907956273.438,64034,1747907956254.906,-59,3,-148
1747907956293.312,64032,1747907956274.719,-71,-3,-136
1747907956313.156,64033,1747907956294.562,-61,-3,-144
1747907956333.031,64033,1747907956314.469,-56,-9,-136
1747907956352.875,64030,1747907956334.313,-75,-3,-143
1747907956372.719,64035,1747907956354.156,-63,8,-141
1747907956392.562,64041,1747907956374.0,-64,-1,-140
1747907956412.438,64037,1747907956393.875,-81,-5,-138
1747907956432.281,64063,1747907956413.75,-74,-5,-136
1747907956452.125,64057,1747907956433.563,-80,-5,-137
1747907956472.0,64064,1747907956453.438,-64,-1,-142
1747907956491.9382,64089,1747907956473.312,-72,-3,-141
1747907956511.688,64073,1747907956493.156,-64,-1,-138
1747907956531.531,64090,1747907956513.0,-64,-5,-143
1747907956551.406,64092,1747907956532.813,-72,3,-141
1747907956571.25,64099,1747907956552.687,-72,8,-140
1747907956591.094,64135,1747907956572.562,-72,-1,-141
1747907956610.938,64145,1747907956592.406,-63,-5,-141
1747907956630.781,64135,1747907956612.219,-66,-5,-132
1747907956650.687,64121,1747907956632.094,-77,-9,-141
1747907956670.531,64091,1747907956651.969,-68,-5,-144
1747907956690.375,64068,1747907956671.875,-64,-5,-145
1747907956710.281,64034,1747907956691.656,-72,-1,-141
1747907956730.125,63996,1747907956711.563,-72,-1,-141
1747907956750.0,63954,1747907956731.437,-63,-7,-141
1747907956769.844,63941,1747907956751.281,-64,-1,-145
1747907956789.688,63921,1747907956771.188,-72,-1,-146
1747907956809.562,63896,1747907956791.0,-63,-2,-141
1747907956829.406,63894,1747907956810.844,-61,3,-149
1747907956849.25,63864,1747907956830.719,-65,-7,-144
1747907956869.1558,63845,1747907956850.563,-72,3,-140
1747907956889.062,63830,1747907956870.438,-74,3,-144
1747907956908.844,63813,1747907956890.312,-81,10,-140
1747907956928.719,63803,1747907956910.125,-63,-4,-139
1747907956948.563,63795,1747907956930.0,-61,-5,-142
1747907956968.437,63801,1747907956949.875,-62,-9,-136
1747907956988.281,63800,1747907956969.719,-74,-1,-138
1747907957008.125,63800,1747907956989.562,-71,-1,-144
1747907957028.0,63792,1747907957009.406,-71,-5,-144
1747907957047.875,63777,1747907957029.281,-69,-9,-145
1747907957067.687,63785,1747907957049.156,-64,3,-141
1747907957087.562,63774,1747907957069.062,-69,-1,-141
1747907957107.438,63776,1747907957088.844,-65,-7,-141
1747907957127.344,63781,1747907957108.75,-61,-1,-142
1747907957147.125,63780,1747907957128.625,-71,-2,-136
1747907957167.062,63789,1747907957148.438,-73,-5,-140
1747907957186.875,63802,1747907957168.375,-72,-1,-140
1747907957206.75,63804,1747907957188.219,-61,-1,-141
1747907957226.594,63816,1747907957208.0,-64,-5,-141
1747907957246.437,63827,1747907957227.875,-56,0,-144
1747907957266.313,63832,1747907957247.719,-64,-5,-144
1747907957286.156,63847,1747907957267.594,-71,-5,-138
1747907957306.0,63859,1747907957287.469,-66,12,-148
1747907957325.844,63859,1747907957307.313,-74,-2,-136
1747907957345.719,63856,1747907957327.125,-74,-7,-141
1747907957365.594,63835,1747907957347.0,-64,-1,-145
1747907957385.438,63798,1747907957366.906,-64,-5,-144
1747907957405.281,63764,1747907957386.719,-63,-1,-144
1747907957425.187,63726,1747907957406.594,-71,-5,-141
1747907957445.031,63707,1747907957426.469,-72,-1,-142
1747907957464.875,63670,1747907957446.312,-72,-5,-141
1747907957484.719,63651,1747907957466.156,-61,-5,-143
1747907957504.562,63661,1747907957486.031,-72,-1,-141
1747907957524.437,63651,1747907957505.875,-63,3,-144
1747907957544.281,63662,1747907957525.75,-77,-2,-141
1747907957564.156,63666,1747907957545.594,-76,-2,-140
1747907957584.0,63655,1747907957565.438,-64,-3,-141
1747907957603.875,63668,1747907957585.312,-61,-1,-134
1747907957623.719,63661,1747907957605.187,-61,-7,-141
1747907957643.594,63669,1747907957625.0,-60,-8,-144
1747907957663.437,63665,1747907957644.875,-66,-5,-142
1747907957683.312,63652,1747907957664.75,-72,-1,-144
1747907957703.156,63650,1747907957684.594,-61,1,-144
1747907957723.0,63661,1747907957704.437,-57,-1,-144
1747907957742.875,63662,1747907957724.344,-73,-1,-138
1747907957762.75,63677,1747907957744.188,-63,7,-134
1747907957782.594,63683,1747907957764.0,-61,12,-145
1747907957802.438,63689,1747907957783.906,-72,3,-142
1747907957822.313,63693,1747907957803.75,-58,1,-144
1747907957842.219,63727,1747907957823.625,-71,7,-145
1747907957862.031,63738,1747907957843.469,-68,-4,-143
1747907957881.906,63743,1747907957863.312,-65,8,-144
1747907957901.781,63750,1747907957883.188,-64,-9,-140
1747907957921.625,63777,1747907957903.094,-61,-7,-135
1747907957941.469,63790,1747907957922.937,-74,-5,-132
1747907957961.375,63810,1747907957942.75,-72,-1,-142
1747907957981.188,63828,1747907957962.594,-73,-1,-146
1747907958001.062,63851,1747907957982.5,-72,-2,-140
1747907958020.875,63853,1747907958002.344,-58,-5,-143
1747907958040.75,63863,1747907958022.156,-61,1,-136
1747907958060.625,63842,1747907958042.062,-66,3,-148
1747907958080.469,63803,1747907958061.906,-66,11,-152
1747907958100.312,63758,1747907958081.75,-79,3,-144
1747907958120.156,63715,1747907958101.594,-72,-1,-142
1747907958140.0,63658,1747907958121.437,-64,3,-149
1747907958159.906,63628,1747907958141.313,-72,3,-144
1747907958179.719,63574,1747907958161.188,-61,3,-140
1747907958199.625,63547,1747907958181.031,-63,-5,-141
1747907958219.438,63496,1747907958200.906,-63,-4,-147
1747907958239.313,63496,1747907958220.75,-77,-9,-140
1747907958259.125,63466,1747907958240.594,-68,-8,-142
1747907958278.969,63445,1747907958260.406,-61,-13,-140
1747907958298.844,63424,1747907958280.219,-64,-7,-138
1747907958318.688,63420,1747907958300.125,-65,-1,-141
1747907958338.531,63399,1747907958320.0,-57,-7,-148
1747907958358.375,63381,1747907958339.813,-58,-1,-151
1747907958378.25,63375,1747907958359.656,-57,4,-120
1747907958398.094,63351,1747907958379.594,-60,-5,-144
1747907958417.969,63341,1747907958399.406,-66,7,-144
1747907958437.781,63345,1747907958419.25,-61,1,-153
1747907958457.656,63348,1747907958439.063,-63,3,-150
1747907958477.5,63337,1747907958458.9692,-77,-2,-140
1747907958497.375,63346,1747907958478.844,-64,3,-143
1747907958517.219,63351,1747907958498.656,-64,1,-137
1747907958537.0942,63357,1747907958518.5,-76,7,-137
1747907958556.906,63374,1747907958538.313,-68,12,-146
1747907958576.75,63361,1747907958558.219,-64,-5,-142
1747907958596.594,63370,1747907958578.031,-61,-5,-145
1747907958616.531,63357,1747907958597.906,-68,-7,-133
1747907958636.344,63360,1747907958617.875,-78,-2,-143
1747907958656.187,63372,1747907958637.625,-69,-9,-141
1747907958676.031,63384,1747907958657.469,-68,-5,-142
1747907958695.875,63391,1747907958677.344,-63,-5,-142
1747907958715.719,63370,1747907958697.188,-64,7,-132
1747907958735.594,63359,1747907958717.062,-68,3,-144
1747907958755.406,63328,1747907958736.906,-72,-1,-137
1747907958775.281,63286,1747907958756.719,-73,-5,-145
1747907958795.156,63234,1747907958776.594,-71,-1,-141
1747907958815.031,63169,1747907958796.469,-74,-3,-138
1747907958834.844,63132,1747907958816.344,-64,3,-146
1747907958854.719,63071,1747907958836.125,-63,8,-147
1747907958874.563,63049,1747907958856.031,-66,-1,-136
1747907958894.437,63029,1747907958875.875,-64,-1,-141
1747907958914.25,62992,1747907958895.719,-72,-1,-141
1747907958934.094,62977,1747907958915.562,-79,-5,-140
1747907958953.969,62938,1747907958935.406,-64,-1,-141
1747907958973.844,62912,1747907958955.281,-63,1,-141
1747907958993.656,62886,1747907958975.125,-64,-9,-144
1747907959013.531,62864,1747907958994.969,-65,-5,-146
1747907959033.406,62840,1747907959014.875,-73,-1,-140
1747907959053.25,62833,1747907959034.688,-68,-1,-145
1747907959073.094,62826,1747907959054.5,-61,-4,-145
1747907959092.937,62812,1747907959074.344,-64,-4,-141
1747907959112.813,62792,1747907959094.219,-68,7,-134
1747907959132.688,62792,1747907959114.062,-63,-3,-141
1747907959152.5,62788,1747907959133.938,-64,-1,-148
1747907959172.375,62783,1747907959153.813,-63,3,-144
1747907959192.25,62789,1747907959173.656,-74,-1,-141
1747907959212.063,62782,1747907959193.531,-61,-5,-146
1747907959231.906,62765,1747907959213.375,-73,-1,-136
1747907959251.75,62767,1747907959233.188,-73,3,-138
1747907959271.594,62772,1747907959253.062,-74,-1,-148
1747907959291.437,62754,1747907959272.875,-62,-3,-140
1747907959311.25,62760,1747907959292.75,-65,3,-140
1747907959331.094,62759,1747907959312.563,-52,-5,-140
1747907959351.0,62754,1747907959332.406,-74,1,-141
1747907959370.812,62771,1747907959352.281,-57,0,-139
1747907959390.625,62782,1747907959372.094,-62,8,-144
1747907959410.469,62799,1747907959391.937,-65,-1,-138
1747907959430.313,62826,1747907959411.75,-61,-1,-145
1747907959450.187,62832,1747907959431.625,-74,-1,-145
1747907959470.031,62824,1747907959451.469,-69,-5,-143
1747907959489.906,62787,1747907959471.344,-64,3,-140
1747907959509.719,62731,1747907959491.188,-64,-5,-136
1747907959529.594,62693,1747907959511.031,-72,8,-141
1747907959549.437,62638,1747907959530.875,-76,16,-141
1747907959569.281,62611,1747907959550.75,-80,3,-144
1747907959589.156,62565,1747907959570.594,-67,-1,-145
1747907959609.0,62521,1747907959590.406,-64,-3,-144
1747907959628.875,62472,1747907959610.281,-68,-7,-140
1747907959648.6868,62420,1747907959630.156,-61,-9,-134
1747907959668.563,62355,1747907959650.0,-52,-7,-137
1747907959688.438,62324,1747907959669.875,-58,-1,-140
1747907959708.281,62288,1747907959689.75,-71,7,-143
1747907959728.156,62261,1747907959709.594,-73,24,-148
1747907959748.0,62248,1747907959729.406,-68,8,-145
1747907959767.844,62237,1747907959749.312,-76,3,-144
1747907959787.719,62234,1747907959769.156,-72,-1,-138
1747907959807.562,62253,1747907959789.031,-66,-9,-146
1747907959827.437,62259,1747907959808.875,-72,-7,-134
1747907959847.313,62247,1747907959828.813,-68,-9,-136
1747907959867.156,62231,1747907959848.563,-57,-7,-137
1747907959886.969,62183,1747907959868.469,-58,-13,-132
1747907959906.875,62153,1747907959888.281,-65,-1,-137
1747907959926.813,62150,1747907959908.156,-72,3,-142
1747907959946.563,62152,1747907959928.125,-76,16,-141
1747907959966.375,62179,1747907959947.875,-66,11,-144
1747907959986.312,62209,1747907959967.656,-72,3,-150
1747907960006.094,62226,1747907959987.531,-63,-2,-154
1747907960025.906,62245,1747907960007.375,-65,-7,-141
1747907960045.781,62275,1747907960027.219,-60,-5,-132
1747907960065.625,62297,1747907960047.0632,-61,8,-134
1747907960085.469,62313,1747907960066.906,-73,3,-130
1747907960105.313,62340,1747907960086.75,-77,-5,-141
1747907960125.094,62326,1747907960106.594,-73,-5,-136
1747907960144.969,62308,1747907960126.406,-61,-1,-140
1747907960164.781,62336,1747907960146.25,-57,-1,-141
1747907960184.625,62325,1747907960166.094,-64,7,-141
1747907960204.469,62312,1747907960185.906,-64,8,-145
1747907960224.313,62301,1747907960205.75,-66,8,-149
1747907960244.1558,62265,1747907960225.656,-80,6,-146
1747907960264.031,62233,1747907960245.438,-66,-1,-146
1747907960283.844,62188,1747907960265.344,-64,-9,-136
1747907960303.781,62140,1747907960285.156,-76,-3,-129
1747907960323.531,62104,1747907960305.094,-72,-5,-133
1747907960343.406,62065,1747907960324.844,-57,-1,-134
1747907960363.25,62053,1747907960344.688,-67,-5,-134
1747907960383.0618,62023,1747907960364.531,-70,-5,-142
1747907960402.906,62009,1747907960384.375,-73,6,-128
1747907960422.75,62024,1747907960404.25,-74,3,-146
1747907960442.594,62025,1747907960424.031,-68,-1,-146
1747907960462.406,62048,1747907960443.906,-75,1,-149
1747907960482.281,62058,1747907960463.687,-65,8,-143
1747907960502.125,62077,1747907960483.562,-66,-1,-136
1747907960522.0,62069,1747907960503.406,-69,1,-143
1747907960541.812,62071,1747907960523.25,-65,8,-139
1747907960561.719,62050,1747907960543.125,-65,-5,-136
1747907960581.531,62046,1747907960562.937,-63,-1,-134
1747907960601.375,62031,1747907960582.812,-64,-1,-136
1747907960621.188,62044,1747907960602.688,-61,3,-146
1747907960641.031,62054,1747907960622.469,-68,-1,-144
1747907960660.906,62082,1747907960642.344,-64,3,-149
1747907960680.75,62094,1747907960662.156,-77,-1,-144
1747907960700.563,62127,1747907960682.031,-68,7,-148
1747907960720.406,62140,1747907960701.844,-64,-5,-144
1747907960740.25,62149,1747907960721.688,-61,-9,-133
1747907960760.094,62164,1747907960741.531,-79,3,-136
1747907960779.938,62154,1747907960761.437,-77,-1,-138
1747907960799.781,62166,1747907960781.25,-61,-5,-144
1747907960819.625,62172,1747907960801.094,-61,3,-140
1747907960839.469,62177,1747907960820.906,-65,-1,-141
1747907960859.312,62195,1747907960840.75,-65,-5,-143
1747907960879.156,62179,1747907960860.594,-71,-5,-141
1747907960899.0,62166,1747907960880.438,-74,-5,-141
1747907960918.844,62136,1747907960900.313,-72,-4,-141
1747907960938.719,62102,1747907960920.125,-70,-1,-141
1747907960958.531,62058,1747907960940.031,-61,1,-136
1747907960978.375,62022,1747907960959.844,-71,-1,-141
1747907960998.188,61973,1747907960979.625,-61,1,-137
1747907961018.0308,61951,1747907960999.5,-68,0,-133
1747907961037.875,61911,1747907961019.344,-72,-1,-142
1747907961057.719,61918,1747907961039.156,-72,-1,-148
1747907961077.563,61907,1747907961059.0,-61,1,-159
1747907961097.438,61902,1747907961078.875,-64,-1,-142
1747907961117.219,61929,1747907961098.719,-67,2,-129
1747907961137.094,61944,1747907961118.594,-75,1,-137
1747907961156.938,61939,1747907961138.375,-58,8,-145
1747907961176.781,61937,1747907961158.219,-65,3,-138
1747907961196.594,61941,1747907961178.094,-72,-7,-141
1747907961216.437,61916,1747907961197.906,-72,3,-141
1747907961236.281,61901,1747907961217.75,-61,-7,-140
1747907961256.156,61895,1747907961237.594,-68,3,-143
1747907961276.063,61904,1747907961257.437,-74,3,-146
1747907961295.813,61917,1747907961277.281,-64,-5,-140
1747907961315.656,61926,1747907961297.125,-64,1,-140
1747907961335.531,61941,1747907961317.0,-65,-1,-140
1747907961355.375,61951,1747907961336.812,-66,-4,-144
1747907961375.1882,61945,1747907961356.688,-61,-1,-148
1747907961395.031,61962,1747907961376.5,-71,-2,-144
1747907961414.875,61961,1747907961396.281,-61,-4,-145
1747907961434.75,61980,1747907961416.187,-74,-5,-146
1747907961454.563,61991,1747907961436.0,-65,-4,-146
1747907961474.406,62009,1747907961455.844,-63,-1,-145
1747907961494.281,62020,1747907961475.719,-71,-5,-137
1747907961514.094,62026,1747907961495.531,-72,3,-137
1747907961533.937,62013,1747907961515.406,-64,3,-142
1747907961553.781,61980,1747907961535.25,-77,-1,-145
1747907961573.656,61942,1747907961555.094,-60,3,-144
1747907961593.5,61898,1747907961574.938,-61,3,-141
1747907961613.344,61849,1747907961594.812,-64,7,-138
1747907961633.188,61804,1747907961614.625,-60,7,-136
1747907961653.063,61777,1747907961634.5,-66,-5,-145
1747907961672.937,61726,1747907961654.375,-64,-5,-144
1747907961692.781,61710,1747907961674.219,-68,-1,-151
1747907961712.625,61699,1747907961694.062,-63,-1,-145
1747907961732.5,61690,1747907961713.937,-66,3,-138
1747907961752.375,61679,1747907961733.781,-68,3,-132
1747907961772.187,61674,1747907961753.688,-66,3,-138
1747907961792.062,61672,1747907961773.469,-58,-5,-143
1747907961811.938,61669,1747907961793.469,-64,-1,-144
1747907961831.781,61668,1747907961813.219,-63,3,-138
1747907961851.594,61669,1747907961833.063,-74,-1,-141
1747907961871.437,61669,1747907961852.875,-73,3,-145
1747907961891.313,61669,1747907961872.719,-63,-5,-144
1747907961911.156,61663,1747907961892.625,-69,3,-138
1747907961930.969,61676,1747907961912.438,-63,-5,-144
1747907961950.937,61672,1747907961932.281,-63,8,-141
1747907961970.687,61678,1747907961952.125,-72,-1,-144
1747907961990.531,61691,1747907961971.969,-64,3,-136
1747907962010.406,61698,1747907961991.812,-74,3,-137
1747907962030.219,61710,1747907962011.688,-68,8,-145
1747907962050.062,61718,1747907962031.5,-58,-1,-145
1747907962069.906,61709,1747907962051.375,-65,-1,-143
1747907962089.781,61703,1747907962071.219,-65,-1,-136
1747907962109.594,61685,1747907962091.094,-68,-1,-140
1747907962129.437,61686,1747907962110.906,-65,3,-144
1747907962149.312,61675,1747907962130.688,-64,-4,-144
1747907962169.156,61693,1747907962150.594,-72,-1,-145
1747907962188.969,61688,1747907962170.437,-62,-1,-146
1747907962208.844,61684,1747907962190.281,-72,-1,-140
1747907962228.687,61626,1747907962210.094,-68,3,-143
1747907962248.531,61575,1747907962229.969,-63,-13,-138
1747907962268.375,61522,1747907962249.844,-64,0,-138
1747907962288.219,61466,1747907962269.687,-73,3,-138
1747907962308.063,61421,1747907962289.531,-64,1,-144
1747907962327.9368,61380,1747907962309.375,-73,-1,-142
1747907962347.75,61327,1747907962329.219,-64,-1,-145
1747907962367.625,61305,1747907962349.031,-64,-1,-135
1747907962387.469,61287,1747907962368.938,-64,-1,-142
1747907962407.312,61262,1747907962388.75,-61,3,-141
1747907962427.187,61241,1747907962408.625,-72,-1,-145
1747907962447.031,61236,1747907962428.437,-72,-5,-141
1747907962466.875,61217,1747907962448.312,-63,1,-141
1747907962486.719,61195,1747907962468.156,-68,-7,-141
1747907962506.562,61184,1747907962488.031,-64,-4,-141
1747907962526.406,61183,1747907962507.844,-65,1,-145
1747907962546.25,61169,1747907962527.687,-64,8,-144
1747907962566.125,61169,1747907962547.563,-71,-5,-143
1747907962585.938,61168,1747907962567.406,-64,-1,-140
1747907962605.781,61159,1747907962587.219,-72,-1,-137
1747907962625.656,61144,1747907962607.062,-60,-4,-141
1747907962645.469,61137,1747907962626.937,-49,0,-144
1747907962665.344,61144,1747907962646.781,-64,3,-144
1747907962685.156,61139,1747907962666.656,-64,-2,-143
1747907962704.969,61126,1747907962686.438,-74,-1,-120
1747907962724.844,61132,1747907962706.312,-72,3,-142
1747907962744.688,61132,1747907962726.156,-72,-1,-143
1747907962764.5,61128,1747907962745.969,-64,-5,-149
1747907962784.375,61139,1747907962765.781,-61,-5,-141
1747907962804.187,61153,1747907962785.656,-64,-5,-140
1747907962824.063,61150,1747907962805.5,-62,-1,-141
1747907962843.906,61168,1747907962825.375,-64,-1,-141
1747907962863.719,61183,1747907962845.188,-64,-1,-141
1747907962883.562,61166,1747907962865.031,-64,12,-144
1747907962903.469,61171,1747907962884.875,-66,3,-141
1747907962923.25,61129,1747907962904.75,-68,-4,-141
1747907962943.094,61073,1747907962924.531,-66,-5,-136
1747907962963.0,61024,1747907962944.375,-68,3,-144
1747907962982.812,60964,1747907962964.25,-77,28,-144
1747907963002.625,60898,1747907962984.125,-69,2,-145
1747907963022.469,60850,1747907963003.937,-64,-5,-142
1747907963042.313,60820,1747907963023.781,-64,1,-143
1747907963062.187,60792,1747907963043.594,-65,3,-143
1747907963082.031,60760,1747907963063.5,-69,3,-141
1747907963101.844,60749,1747907963083.312,-61,1,-144
1747907963121.688,60736,1747907963103.156,-64,-7,-144
1747907963141.563,60706,1747907963123.0,-72,3,-140
1747907963161.406,60726,1747907963142.875,-66,-5,-144
1747907963181.219,60703,1747907963162.688,-63,3,-141
1747907963201.062,60700,1747907963182.5,-64,-5,-144
1747907963220.938,60701,1747907963202.375,-72,-2,-141
1747907963240.781,60691,1747907963222.219,-61,-5,-137
1747907963260.562,60682,1747907963242.063,-65,-9,-137
1747907963280.437,60682,1747907963261.844,-64,-3,-137
1747907963300.281,60682,1747907963281.687,-65,-4,-141
1747907963320.125,60683,1747907963301.562,-65,0,-141
1747907963339.969,60676,1747907963321.438,-68,3,-142
1747907963359.812,60677,1747907963341.219,-66,-4,-132
1747907963379.656,60690,1747907963361.094,-72,8,-128
1747907963399.531,60694,1747907963380.969,-68,3,-136
1747907963419.344,60700,1747907963400.844,-71,11,-141
1747907963439.188,60720,1747907963420.688,-64,-1,-143
1747907963459.031,60722,1747907963440.5,-59,-1,-138
1747907963478.875,60743,1747907963460.375,-64,-2,-142
1747907963498.719,60751,1747907963480.156,-72,-7,-140
1747907963518.563,60755,1747907963500.0,-66,-7,-142
1747907963538.437,60770,1747907963519.844,-66,-3,-141
1747907963558.281,60778,1747907963539.719,-64,7,-136
1747907963578.156,60798,1747907963559.625,-72,-1,-136
1747907963597.969,60811,1747907963579.406,-63,12,-142
1747907963617.813,60830,1747907963599.25,-68,-1,-144
1747907963637.687,60789,1747907963619.125,-66,3,-141
1747907963657.531,60769,1747907963638.969,-77,0,-141
1747907963677.344,60713,1747907963658.812,-76,-1,-142
1747907963697.188,60661,1747907963678.625,-65,-1,-145
1747907963717.062,60604,1747907963698.5,-73,7,-136
1747907963736.906,60553,1747907963718.375,-68,7,-141
1747907963756.719,60512,1747907963738.219,-61,-5,-141
1747907963776.594,60482,1747907963758.125,-64,-1,-136
1747907963796.438,60453,1747907963777.875,-63,3,-138
1747907963816.281,60425,1747907963797.75,-63,3,-144
1747907963836.125,60422,1747907963817.594,-65,1,-141
1747907963855.969,60405,1747907963837.406,-64,-1,-141
1747907963875.813,60398,1747907963857.219,-64,-1,-143
1747907963895.656,60386,1747907963877.094,-69,-5,-144
1747907963915.5,60383,1747907963896.969,-64,1,-138
1747907963935.344,60369,1747907963916.812,-64,-1,-128
1747907963955.219,60367,1747907963936.656,-71,-2,-144
1747907963975.063,60360,1747907963956.5,-52,-5,-145
1747907963994.875,60361,1747907963976.344,-64,14,-152
1747907964014.75,60374,1747907963996.156,-64,-5,-144
1747907964034.594,60372,1747907964016.031,-65,7,-144
1747907964054.4382,60378,1747907964035.906,-72,-3,-120
1747907964074.281,60372,1747907964055.75,-74,-1,-138
1747907964094.125,60386,1747907964075.563,-66,-5,-144
1747907964114.0,60383,1747907964095.406,-72,-5,-137
1747907964133.844,60387,1747907964115.281,-72,-5,-144
1747907964153.656,60391,1747907964135.125,-65,-8,-141
1747907964173.5,60395,1747907964154.938,-79,-7,-141
1747907964193.375,60392,1747907964174.813,-63,1,-136
1747907964213.219,60401,1747907964194.656,-84,-1,-136
1747907964233.063,60411,1747907964214.5,-68,-3,-141
1747907964252.906,60423,1747907964234.375,-65,7,-140
1747907964272.75,60438,1747907964254.188,-68,-3,-140
1747907964292.594,60460,1747907964274.063,-78,-5,-141
1747907964312.469,60457,1747907964293.906,-72,-1,-146
1747907964332.25,60447,1747907964313.75,-63,-1,-144
1747907964352.125,60419,1747907964333.563,-72,-5,-136
1747907964371.969,60356,1747907964353.406,-61,-7,-136
1747907964391.812,60293,1747907964373.25,-68,-1,-141
1747907964411.656,60232,1747907964393.125,-65,3,-138
1747907964431.531,60183,1747907964412.937,-64,3,-144
1747907964451.344,60136,1747907964432.813,-64,-3,-143
1747907964471.219,60097,1747907964452.656,-74,-1,-141
1747907964491.0,60078,1747907964472.5,-68,-1,-141
1747907964510.875,60061,1747907964492.312,-72,-5,-144
1747907964530.75,60050,1747907964512.156,-79,3,-146
1747907964550.563,60053,1747907964532.031,-63,-7,-144
1747907964570.406,60052,1747907964551.844,-77,1,-132
1747907964590.25,60040,1747907964571.687,-64,-5,-143
1747907964610.094,60032,1747907964591.562,-68,0,-136
1747907964629.969,60030,1747907964611.406,-65,-5,-144
1747907964649.781,60016,1747907964631.25,-66,-7,-144
1747907964669.625,59996,1747907964651.031,-71,-7,-128
1747907964689.469,59986,1747907964670.906,-71,-7,-145
1747907964709.344,59975,1747907964690.781,-63,1,-145
1747907964729.156,59959,1747907964710.656,-61,-1,-149
1747907964749.031,59958,1747907964730.469,-72,-5,-142
1747907964768.875,59952,1747907964750.344,-72,-5,-144
1747907964788.719,59958,1747907964770.187,-64,-1,-146
1747907964808.594,59966,1747907964790.0,-68,-1,-145
1747907964828.375,59965,1747907964809.875,-79,-9,-140
1747907964848.25,59974,1747907964829.656,-66,-1,-143
1747907964868.125,59984,1747907964849.531,-66,-1,-144
1747907964887.938,59994,1747907964869.469,-72,-1,-153
1747907964907.781,60013,1747907964889.25,-68,-1,-141
1747907964927.625,60019,1747907964909.094,-64,-5,-138
1747907964947.469,60020,1747907964928.906,-68,28,-140
1747907964967.438,60036,1747907964948.75,-73,-5,-142
1747907964987.125,60023,1747907964968.625,-77,1,-137
1747907965006.969,60016,1747907964988.437,-64,-5,-136
1747907965026.813,59958,1747907965008.281,-70,-1,-138
1747907965046.656,59888,1747907965028.094,-73,-2,-141
1747907965066.5,59820,1747907965047.969,-65,-9,-142
1747907965086.344,59724,1747907965067.812,-65,1,-140
1747907965106.188,59663,1747907965087.625,-73,-7,-138
1747907965126.031,59585,1747907965107.5,-66,-1,-140
1747907965145.875,59561,1747907965127.344,-72,-5,-150
1747907965165.719,59499,1747907965147.156,-65,-5,-138
1747907965185.563,59454,1747907965167.031,-68,-8,-137
1747907965205.438,59427,1747907965186.844,-66,-5,-141
1747907965225.25,59397,1747907965206.719,-65,-9,-136
1747907965245.094,59367,1747907965226.562,-74,-1,-136
1747907965264.969,59343,1747907965246.406,-63,1,-142
1747907965284.813,59331,1747907965266.25,-72,-1,-140
1747907965304.688,59318,1747907965286.125,-72,-5,-141
1747907965324.5,59290,1747907965305.969,-66,-5,-146
1747907965344.344,59273,1747907965325.812,-63,0,-153
1747907965364.188,59246,1747907965345.656,-72,-5,-142
1747907965384.063,59234,1747907965365.469,-65,1,-138
1747907965403.906,59221,1747907965385.344,-64,-1,-141
1747907965423.75,59212,1747907965405.188,-64,-5,-141
1747907965443.594,59195,1747907965425.031,-66,-1,-140
1747907965463.438,59179,1747907965444.875,-64,-3,-137
1747907965483.313,59177,1747907965464.719,-64,-9,-146
1747907965503.094,59181,1747907965484.625,-78,-3,-145
1747907965522.937,59168,1747907965504.406,-72,-2,-143
1747907965542.844,59176,1747907965524.25,-64,-1,-144
1747907965562.625,59159,1747907965544.094,-65,8,-143
1747907965582.469,59167,1747907965563.906,-72,-2,-141
1747907965602.312,59173,1747907965583.75,-67,-5,-144
1747907965622.187,59191,1747907965603.625,-72,1,-144
1747907965642.0,59201,1747907965623.469,-71,-3,-138
1747907965661.844,59203,1747907965643.312,-64,-1,-146
1747907965681.688,59200,1747907965663.156,-76,-7,-132
1747907965701.531,59156,1747907965682.969,-74,-1,-149
1747907965721.375,59088,1747907965702.844,-73,-5,-146
1747907965741.219,58997,1747907965722.781,-63,-9,-141
1747907965761.063,58923,1747907965742.5,-62,-5,-138
1747907965780.906,58822,1747907965762.375,-61,-1,-137
1747907965800.781,58749,1747907965782.188,-73,-1,-143
1747907965820.594,58672,1747907965802.062,-68,-1,-144
1747907965840.438,58619,1747907965821.906,-76,-5,-149
1747907965860.313,58575,1747907965841.75,-79,-9,-152
1747907965880.25,58533,1747907965861.594,-74,-1,-145
1747907965900.0,58511,1747907965881.469,-64,-5,-137
1747907965919.844,58488,1747907965901.281,-71,0,-145
1747907965939.688,58464,1747907965921.125,-53,-8,-144
1747907965959.563,58450,1747907965941.0,-61,12,-146
1747907965979.375,58429,1747907965960.844,-64,-1,-142
1747907965999.219,58417,1747907965980.656,-64,1,-145
1747907966019.094,58402,1747907966000.5,-65,-1,-141
1747907966038.938,58383,1747907966020.375,-72,-5,-147
1747907966058.75,58376,1747907966040.219,-73,1,-144
1747907966078.594,58360,1747907966060.063,-64,-4,-138
1747907966098.469,58351,1747907966079.875,-64,3,-141
1747907966118.313,58348,1747907966099.781,-71,-4,-140
1747907966138.125,58332,1747907966119.625,-79,-3,-145
1747907966158.0,58308,1747907966139.406,-64,1,-146
1747907966177.844,58293,1747907966159.312,-64,-5,-141
1747907966197.719,58295,1747907966179.187,-74,-5,-137
1747907966217.531,58291,1747907966199.0,-63,3,-141
1747907966237.375,58293,1747907966218.844,-56,-1,-141
1747907966257.25,58299,1747907966238.656,-71,3,-142
1747907966277.094,58309,1747907966258.562,-65,-5,-144
1747907966296.906,58303,1747907966278.406,-73,-1,-144
1747907966316.781,58312,1747907966298.219,-72,-4,-137
1747907966336.656,58319,1747907966318.094,-74,-9,-138
1747907966356.5,58310,1747907966337.938,-64,-5,-145
1747907966376.344,58326,1747907966357.781,-61,-5,-139
1747907966396.188,58336,1747907966377.625,-64,-5,-144
1747907966416.063,58310,1747907966397.469,-72,-5,-141
1747907966435.906,58264,1747907966417.375,-76,-5,-140
1747907966455.719,58180,1747907966437.187,-74,-1,-146
1747907966475.594,58099,1747907966457.0,-71,-5,-145
1747907966495.438,58000,1747907966476.844,-64,-1,-144
1747907966515.281,57902,1747907966496.719,-64,-5,-141
1747907966535.125,57816,1747907966516.563,-72,-2,-145
1747907966554.9368,57766,1747907966536.406,-80,-5,-140
1747907966574.781,57705,1747907966556.219,-49,-5,-144
1747907966594.719,57677,1747907966576.094,-65,3,-137
1747907966614.469,57637,1747907966595.938,-72,-1,-145
1747907966634.281,57616,1747907966615.781,-65,3,-129
1747907966654.156,57578,1747907966635.625,-71,-5,-141
1747907966674.0,57561,1747907966655.437,-69,-1,-152
1747907966693.844,57542,1747907966675.281,-65,1,-145
1747907966713.687,57530,1747907966695.156,-72,3,-144
1747907966733.5,57503,1747907966714.969,-72,-1,-145
1747907966753.344,57477,1747907966734.812,-64,-5,-138
1747907966773.219,57446,1747907966754.656,-68,-1,-136
1747907966793.0,57436,1747907966774.5,-65,-7,-138
1747907966812.875,57404,1747907966794.313,-63,8,-139
1747907966832.812,57383,1747907966814.156,-66,3,-143
1747907966852.562,57374,1747907966834.156,-79,-4,-146
1747907966872.406,57367,1747907966853.844,-64,-7,-137
1747907966892.344,57353,1747907966873.688,-60,-5,-146
1747907966912.062,57348,1747907966893.531,-64,-1,-146
1747907966931.937,57342,1747907966913.375,-72,-5,-141
1747907966951.781,57341,1747907966933.25,-74,3,-140
1747907966971.594,57344,1747907966953.031,-75,-8,-153
1747907966991.469,57341,1747907966972.875,-66,-5,-142
1747907967011.281,57362,1747907966992.75,-80,-5,-142
1747907967031.156,57371,1747907967012.594,-64,3,-143
1747907967051.0,57374,1747907967032.437,-68,-1,-141
1747907967070.813,57397,1747907967052.281,-64,-8,-138
1747907967090.688,57398,1747907967072.125,-60,-9,-140
1747907967110.531,57404,1747907967091.969,-62,-7,-140
1747907967130.344,57406,1747907967111.844,-71,-1,-138
1747907967150.188,57402,1747907967131.656,-65,8,-143
1747907967170.031,57373,1747907967151.5,-64,3,-141
1747907967189.875,57323,1747907967171.313,-81,7,-146
1747907967209.687,57246,1747907967191.188,-65,-5,-141
1747907967229.531,57177,1747907967210.969,-64,-1,-148
1747907967249.406,57098,1747907967230.844,-66,1,-144
1747907967269.25,57024,1747907967250.719,-72,-5,-140
1747907967289.062,56971,1747907967270.5,-64,-4,-141
1747907967308.875,56926,1747907967290.344,-63,-8,-136
1747907967328.75,56889,1747907967310.187,-68,-8,-130
1747907967348.563,56847,1747907967330.0,-63,-4,-141
1747907967368.438,56841,1747907967349.844,-64,-8,-141
1747907967388.281,56825,1747907967369.75,-64,-5,-141
1747907967408.094,56806,1747907967389.563,-73,-9,-138
1747907967427.969,56794,1747907967409.406,-73,-5,-145
1747907967447.813,56789,1747907967429.25,-64,-1,-141
1747907967467.625,56785,1747907967449.094,-80,3,-144
1747907967487.469,56798,1747907967468.906,-77,5,-145
1747907967507.312,56808,1747907967488.75,-66,8,-141
1747907967527.156,56818,1747907967508.625,-56,-1,-146
1747907967546.969,56816,1747907967528.437,-72,-1,-142
1747907967566.813,56810,1747907967548.281,-69,-5,-141
1747907967586.656,56809,1747907967568.094,-65,-1,-124
1747907967606.5,56800,1747907967587.969,-64,-1,-132
1747907967626.281,56795,1747907967607.812,-61,-5,-143
1747907967646.156,56797,1747907967627.594,-72,-1,-145
1747907967666.0,56803,1747907967647.438,-68,1,-146
1747907967685.812,56799,1747907967667.281,-64,-8,-149
1747907967705.687,56820,1747907967687.125,-74,-1,-147
1747907967725.5,56819,1747907967706.937,-66,-7,-144
1747907967745.344,56837,1747907967726.938,-71,3,-146
1747907967765.219,56864,1747907967746.625,-68,-2,-141
1747907967785.094,56869,1747907967766.5,-72,-2,-144
1747907967804.875,56879,1747907967786.406,-66,-1,-137
1747907967824.719,56896,1747907967806.187,-72,7,-137
1747907967844.625,56923,1747907967826.031,-75,1,-144
1747907967864.406,56942,1747907967845.875,-81,-1,-148
1747907967884.25,56931,1747907967865.719,-65,-1,-141
1747907967904.094,56896,1747907967885.5,-68,-5,-149
1747907967923.938,56847,1747907967905.375,-66,-8,-145
1747907967943.781,56769,1747907967925.25,-61,-1,-146
1747907967963.594,56688,1747907967945.094,-72,-1,-148
1747907967983.469,56612,1747907967964.906,-70,-3,-145
1747907968003.312,56542,1747907967984.781,-64,-5,-141
1747907968023.156,56476,1747907968004.625,-71,-9,-138
1747907968042.969,56440,1747907968024.469,-65,-7,-136
1747907968062.875,56378,1747907968044.281,-72,-1,-141
1747907968082.687,56362,1747907968064.156,-64,-1,-141
1747907968102.531,56341,1747907968084.0,-79,8,-141
1747907968122.375,56330,1747907968103.844,-71,-5,-144
1747907968142.219,56322,1747907968123.688,-68,-9,-142
1747907968162.062,56325,1747907968143.5,-73,-2,-137
1747907968181.906,56319,1747907968163.313,-49,-4,-143
1747907968201.781,56325,1747907968183.219,-68,7,-143
1747907968221.594,56316,1747907968203.062,-65,-5,-143
1747907968241.438,56323,1747907968222.875,-73,-1,-128
1747907968261.312,56323,1747907968242.75,-61,-2,-153
1747907968281.156,56320,1747907968262.625,-66,-1,-138
1747907968301.0,56317,1747907968282.437,-72,-1,-141
1747907968320.844,56316,1747907968302.313,-71,-3,-145
1747907968340.719,56309,1747907968322.156,-64,-5,-137
1747907968360.562,56308,1747907968342.031,-61,1,-140
1747907968380.406,56324,1747907968361.844,-68,-5,-141
1747907968400.281,56339,1747907968381.687,-64,-7,-145
1747907968420.125,56368,1747907968401.625,-64,-4,-144
1747907968440.0,56387,1747907968421.406,-72,8,-141
1747907968459.812,56398,1747907968441.312,-63,-5,-142
1747907968479.688,56430,1747907968461.094,-73,-1,-142
1747907968499.563,56471,1747907968481.0,-68,-9,-141
1747907968519.437,56500,1747907968500.875,-72,-1,-142
1747907968539.281,56513,1747907968520.719,-64,-4,-145
1747907968559.156,56551,1747907968540.562,-68,-3,-144
1747907968579.031,56573,1747907968560.469,-74,-1,-138
1747907968598.875,56608,1747907968580.281,-75,-8,-144
1747907968618.719,56634,1747907968600.156,-61,-1,-142
1747907968638.594,56638,1747907968620.0,-61,-7,-145
1747907968658.438,56613,1747907968639.875,-59,-7,-152
1747907968678.344,56557,1747907968659.75,-64,-5,-142
1747907968698.125,56504,1747907968679.656,-72,-1,-140
1747907968718.031,56439,1747907968699.437,-70,-5,-141
1747907968737.906,56373,1747907968719.281,-72,-1,-137
1747907968757.781,56319,1747907968739.188,-76,1,-138
1747907968777.594,56279,1747907968759.0,-69,12,-141
1747907968797.469,56260,1747907968778.875,-77,-1,-137
1747907968817.344,56238,1747907968798.75,-64,-1,-137
1747907968837.219,56217,1747907968818.625,-71,-5,-136
1747907968857.031,56205,1747907968838.5,-66,-5,-144
1747907968876.906,56208,1747907968858.344,-52,-1,-145
1747907968896.781,56210,1747907968878.219,-60,3,-138
1747907968916.656,56225,1747907968898.094,-60,-5,-145
1747907968936.5,56224,1747907968917.969,-72,16,-134
1747907968956.375,56247,1747907968937.781,-61,-5,-148
1747907968976.25,56244,1747907968957.656,-48,-7,-142
1747907968996.094,56252,1747907968977.5,-61,8,-130
1747907969015.938,56281,1747907968997.375,-65,1,-143
1747907969035.812,56280,1747907969017.219,-65,-5,-138
1747907969055.687,56272,1747907969037.187,-69,8,-141
1747907969075.531,56287,1747907969057.0,-74,-7,-138
1747907969095.406,56308,1747907969076.844,-71,-1,-136
1747907969115.281,56320,1747907969096.719,-64,-1,-144
1747907969135.156,56345,1747907969116.562,-61,1,-141
1747907969155.0,56378,1747907969136.469,-64,-5,-144
1747907969174.844,56390,1747907969156.281,-63,8,-145
1747907969194.75,56410,1747907969176.156,-68,-1,-144
1747907969214.625,56449,1747907969196.031,-49,-7,-139
1747907969234.469,56475,1747907969215.906,-66,-5,-148
1747907969254.375,56484,1747907969235.75,-65,1,-146
1747907969274.219,56512,1747907969255.625,-73,28,-141
1747907969294.062,56533,1747907969275.5,-61,-5,-143
1747907969313.906,56559,1747907969295.375,-70,-5,-137
1747907969333.75,56597,1747907969315.219,-64,-9,-116
1747907969353.656,56633,1747907969335.063,-64,-9,-141
1747907969373.469,56659,1747907969354.938,-64,1,-138
1747907969393.344,56694,1747907969374.781,-77,3,-144
1747907969413.188,56726,1747907969394.656,-74,-9,-141
1747907969433.063,56706,1747907969414.469,-65,-1,-169
1747907969452.9368,56667,1747907969434.406,-61,-4,-144
1747907969472.75,56624,1747907969454.25,-71,6,-141
1747907969492.625,56585,1747907969474.125,-73,-1,-137
1747907969512.5,56544,1747907969493.906,-72,-5,-143
1747907969532.375,56504,1747907969513.813,-64,-1,-144
1747907969552.219,56477,1747907969533.6558,-60,3,-141
1747907969572.063,56441,1747907969553.5,-74,-1,-136
1747907969591.938,56420,1747907969573.375,-63,-9,-148
1747907969611.812,56411,1747907969593.25,-52,-3,-145
1747907969631.656,56393,1747907969613.094,-64,-1,-141
1747907969651.531,56410,1747907969632.969,-65,-1,-138
1747907969671.406,56415,1747907969652.844,-61,-1,-129
1747907969691.281,56433,1747907969672.688,-76,-5,-141
1747907969711.125,56449,1747907969692.563,-71,-5,-137
1747907969730.969,56464,1747907969712.437,-74,-5,-128
1747907969750.875,56471,1747907969732.25,-64,-5,-138
1747907969770.719,56474,1747907969752.156,-64,-7,-141
1747907969790.562,56493,1747907969772.063,-64,-7,-141
1747907969810.437,56515,1747907969791.812,-64,-1,-137
1747907969830.313,56516,1747907969811.75,-68,-1,-141
1747907969850.188,56539,1747907969831.594,-64,-7,-145
1747907969870.031,56553,1747907969851.469,-72,3,-136
1747907969889.875,56588,1747907969871.344,-61,1,-138
1747907969909.75,56609,1747907969891.187,-76,8,-141
1747907969929.625,56660,1747907969911.063,-64,-2,-138
1747907969949.469,56688,1747907969930.906,-65,-7,-144
1747907969969.344,56718,1747907969950.75,-65,0,-146
1747907969989.25,56734,1747907969970.656,-66,-13,-136
1747907970009.094,56763,1747907969990.5,-77,-1,-136
1747907970028.937,56787,1747907970010.375,-75,-5,-141
1747907970048.812,56810,1747907970030.219,-73,-1,-138
1747907970068.656,56834,1747907970050.094,-64,-8,-120
1747907970088.531,56874,1747907970069.969,-63,-9,-140
1747907970108.375,56889,1747907970089.844,-71,-1,-141
1747907970128.25,56924,1747907970109.688,-74,-1,-147
1747907970148.125,56964,1747907970129.562,-71,3,-138
1747907970168.0,56979,1747907970149.437,-63,-5,-144
1747907970187.844,56975,1747907970169.313,-64,-13,-136
1747907970207.687,56932,1747907970189.125,-66,-5,-134
1747907970227.531,56902,1747907970209.0,-63,-4,-144
1747907970247.375,56855,1747907970228.875,-64,-5,-136
1747907970267.25,56818,1747907970248.688,-70,3,-144
1747907970287.0942,56776,1747907970268.531,-71,1,-141
1747907970306.969,56747,1747907970288.406,-65,-5,-145
1747907970326.813,56733,1747907970308.281,-72,-9,-141
1747907970346.688,56725,1747907970328.125,-72,-1,-141
1747907970366.562,56746,1747907970348.0,-64,-1,-142
1747907970386.437,56742,1747907970367.875,-66,-5,-144
1747907970406.25,56760,1747907970387.75,-61,12,-147
1747907970426.125,56762,1747907970407.531,-63,-4,-137
1747907970445.969,56782,1747907970427.438,-73,11,-141
1747907970465.844,56797,1747907970447.219,-66,-1,-134
1747907970485.687,56806,1747907970467.156,-68,-1,-137
1747907970505.531,56823,1747907970487.0,-68,-9,-138
1747907970525.4058,56792,1747907970506.813,-76,-7,-133
1747907970545.281,56807,1747907970526.688,-69,8,-135
1747907970565.125,56799,1747907970546.594,-76,-1,-136
1747907970585.0,56807,1747907970566.406,-65,-5,-142
1747907970604.906,56809,1747907970586.281,-65,-1,-141
1747907970624.687,56830,1747907970606.219,-80,7,-141
1747907970644.531,56844,1747907970626.0,-65,-1,-141
1747907970664.406,56872,1747907970645.844,-67,-9,-138
1747907970684.25,56891,1747907970665.687,-83,-4,-137
1747907970704.125,56924,1747907970685.531,-73,-8,-141
1747907970723.937,56925,1747907970705.438,-63,-8,-141
1747907970743.812,56968,1747907970725.25,-72,-15,-140
1747907970763.656,56999,1747907970745.094,-77,-1,-141
1747907970783.5,57017,1747907970764.937,-61,1,-143
1747907970803.375,57051,1747907970784.813,-63,-1,-153
1747907970823.187,57070,1747907970804.656,-60,-7,-146
1747907970843.031,57111,1747907970824.5,-61,-1,-145
1747907970862.906,57155,1747907970844.312,-71,3,-138
1747907970882.75,57191,1747907970864.188,-73,3,-138
1747907970902.562,57207,1747907970884.063,-64,-1,-144
1747907970922.437,57194,1747907970903.8442,-65,-5,-146
1747907970942.344,57189,1747907970923.719,-76,2,-148
1747907970962.125,57150,1747907970943.688,-72,-1,-138
1747907970981.9692,57129,1747907970963.438,-74,-6,-136
1747907971001.875,57102,1747907970983.219,-64,-5,-142
1747907971021.687,57073,1747907971003.125,-65,-4,-145
1747907971041.531,57049,1747907971022.969,-73,-5,-144
1747907971061.375,57024,1747907971042.813,-59,-7,-142
1747907971081.25,57004,1747907971062.6882,-64,-17,-138
1747907971101.094,56993,1747907971082.531,-71,-5,-141
1747907971120.938,56994,1747907971102.375,-68,-1,-144
1747907971140.75,57000,1747907971122.219,-73,-5,-144
1747907971160.594,57019,1747907971142.031,-65,-5,-143
1747907971180.437,57036,1747907971161.906,-62,3,-128
1747907971200.312,57055,1747907971181.812,-64,7,-141
1747907971220.156,57077,1747907971201.625,-68,-1,-138
1747907971240.0,57126,1747907971221.437,-76,-5,-136
1747907971259.875,57160,1747907971241.313,-76,3,-137
1747907971279.719,57205,1747907971261.188,-68,-1,-141
1747907971299.531,57275,1747907971281.031,-63,-5,-137
1747907971319.406,57308,1747907971300.844,-77,-1,-136
1747907971339.313,57369,1747907971320.688,-69,-9,-145
1747907971359.125,57421,1747907971340.563,-81,-4,-137
1747907971378.937,57461,1747907971360.437,-72,-5,-145
1747907971398.813,57497,1747907971380.25,-61,-9,-146
1747907971418.688,57529,1747907971400.094,-71,1,-143
1747907971438.531,57565,1747907971419.969,-72,-1,-144
1747907971458.375,57599,1747907971439.813,-68,-1,-145
1747907971478.219,57607,1747907971459.656,-64,-3,-144
1747907971498.094,57603,1747907971479.531,-64,-9,-138
1747907971517.938,57610,1747907971499.375,-68,-7,-143
1747907971537.781,57644,1747907971519.25,-61,-5,-145
1747907971557.656,57675,1747907971539.094,-61,-1,-144
1747907971577.5,57701,1747907971558.937,-71,3,-146
1747907971597.375,57727,1747907971578.813,-67,-9,-142
1747907971617.219,57712,1747907971598.656,-64,-5,-137
1747907971637.062,57703,1747907971618.531,-73,1,-142
1747907971656.938,57655,1747907971638.344,-64,-4,-141
1747907971676.781,57638,1747907971658.25,-61,-5,-137
1747907971696.594,57590,1747907971678.063,-65,-5,-142
1747907971716.469,57567,1747907971697.906,-73,3,-137
1747907971736.312,57537,1747907971717.781,-72,-1,-142
1747907971756.188,57540,1747907971737.625,-79,-1,-137
1747907971776.031,57542,1747907971757.469,-65,-5,-144
1747907971795.875,57540,1747907971777.344,-64,-1,-146
1747907971815.719,57540,1747907971797.188,-72,-6,-145
1747907971835.562,57567,1747907971817.0,-77,1,-138
1747907971855.406,57588,1747907971836.906,-77,-1,-134
1747907971875.25,57596,1747907971856.719,-61,1,-143
1747907971895.125,57612,1747907971876.563,-61,-1,-142
1747907971914.969,57639,1747907971896.4692,-64,-1,-141
1747907971934.875,57650,1747907971916.281,-65,-1,-140
1747907971954.688,57682,1747907971936.156,-68,-5,-138
1747907971974.562,57691,1747907971956.0,-64,-4,-138
1747907971994.406,57715,1747907971975.844,-66,-1,-145
1747907972014.281,57734,1747907971995.719,-60,-2,-138
1747907972034.125,57754,1747907972015.625,-49,-5,-145
1747907972054.0,57783,1747907972035.406,-68,-9,-143
1747907972073.875,57801,1747907972055.281,-64,-5,-141
1747907972093.687,57825,1747907972075.125,-71,-1,-144
1747907972113.5,57842,1747907972094.969,-63,-5,-139
1747907972133.375,57874,1747907972114.813,-72,-4,-137
1747907972153.25,57903,1747907972134.656,-64,-5,-139
1747907972173.094,57931,1747907972154.562,-72,-1,-143
1747907972192.938,57974,1747907972174.375,-69,-5,-142
1747907972212.781,58015,1747907972194.219,-65,-3,-144
1747907972232.656,58039,1747907972214.094,-68,-1,-141
1747907972252.5,58063,1747907972233.938,-72,-5,-146
1747907972272.312,58101,1747907972253.844,-74,-5,-148
1747907972292.188,58140,1747907972273.625,-64,-5,-141
1747907972312.063,58174,1747907972293.469,-77,3,-141
1747907972331.906,58194,1747907972313.375,-64,12,-144
1747907972351.719,58192,1747907972333.219,-71,-1,-146
1747907972371.594,58171,1747907972353.0,-57,8,-144
1747907972391.438,58139,1747907972372.906,-71,-1,-135
1747907972411.313,58102,1747907972392.75,-71,-1,-136
1747907972431.156,58073,1747907972412.594,-81,-2,-144
1747907972451.0,58043,1747907972432.406,-64,-7,-139
1747907972470.844,58017,1747907972452.312,-71,-7,-146
1747907972490.719,58017,1747907972472.156,-64,-9,-116
1747907972510.562,58004,1747907972492.031,-73,-9,-142
1747907972530.375,58023,1747907972511.844,-65,-5,-137
1747907972550.25,58023,1747907972531.687,-61,1,-152
1747907972570.094,58015,1747907972551.562,-61,1,-146
1747907972589.938,58035,1747907972571.406,-61,-3,-138
1747907972609.812,58045,1747907972591.25,-74,-7,-137
1747907972629.656,58060,1747907972611.125,-73,3,-141
1747907972649.594,58070,1747907972630.937,-76,-1,-141
1747907972669.344,58079,1747907972650.812,-64,-2,-141
1747907972689.219,58093,1747907972670.656,-73,-1,-139
1747907972709.062,58117,1747907972690.531,-80,-3,-145
1747907972728.906,58118,1747907972710.375,-63,3,-136
1747907972748.75,58144,1747907972730.25,-72,-2,-143
1747907972768.625,58164,1747907972750.063,-73,17,-138
1747907972788.469,58172,1747907972769.906,-69,-5,-136
1747907972808.344,58193,1747907972789.781,-66,-4,-141
1747907972828.156,58205,1747907972809.625,-64,-7,-120
1747907972848.031,58231,1747907972829.437,-63,-4,-138
1747907972867.875,58247,1747907972849.344,-76,3,-141
1747907972887.75,58280,1747907972869.1558,-72,-5,-153
1747907972907.594,58300,1747907972889.062,-71,-1,-138
1747907972927.438,58309,1747907972908.844,-66,-4,-143
1747907972947.313,58352,1747907972928.719,-61,-5,-138
1747907972967.156,58370,1747907972948.594,-63,-5,-136
1747907972987.0,58393,1747907972968.531,-69,-1,-144
1747907973006.844,58428,1747907972988.281,-73,-1,-144
1747907973026.688,58459,1747907973008.125,-65,-5,-142
1747907973046.562,58494,1747907973028.0,-70,-1,-140
1747907973066.469,58511,1747907973047.875,-72,-5,-135
1747907973086.25,58508,1747907973067.75,-78,-5,-140
1747907973106.094,58470,1747907973087.531,-65,0,-141
1747907973125.938,58440,1747907973107.406,-74,-5,-138
1747907973145.812,58393,1747907973127.219,-62,3,-141
1747907973165.625,58375,1747907973147.094,-65,1,-116
1747907973185.469,58334,1747907973166.906,-71,-5,-142
1747907973205.344,58319,1747907973186.75,-66,-1,-138
1747907973225.188,58275,1747907973206.625,-65,-1,-153
1747907973245.031,58276,1747907973226.469,-64,-7,-144
1747907973264.875,58259,1747907973246.312,-63,1,-138
1747907973284.719,58262,1747907973266.187,-66,3,-142
1747907973304.594,58273,1747907973286.0,-71,-1,-138
1747907973324.469,58292,1747907973305.906,-72,1,-136
1747907973344.281,58306,1747907973325.7192,-61,12,-141
1747907973364.125,58320,1747907973345.562,-73,-1,-141
1747907973383.969,58339,1747907973365.437,-61,-5,-141
1747907973403.813,58342,1747907973385.25,-63,-5,-140
1747907973423.656,58364,1747907973405.094,-72,-7,-136
1747907973443.531,58365,1747907973424.906,-65,17,-142
1747907973463.438,58377,1747907973444.812,-66,-5,-145
1747907973483.219,58393,1747907973464.688,-69,-2,-141
1747907973503.094,58408,1747907973484.5,-64,-7,-120
1747907973522.937,58423,1747907973504.437,-65,3,-145
1747907973542.781,58437,1747907973524.219,-64,-1,-145
1747907973562.594,58467,1747907973544.094,-61,-5,-145
1747907973582.469,58482,1747907973563.906,-61,-9,-141
1747907973602.312,58501,1747907973583.781,-79,-5,-141
1747907973622.187,58523,1747907973603.594,-73,-5,-144
1747907973642.0,58543,1747907973623.5,-63,2,-146
1747907973661.906,58557,1747907973643.312,-72,-1,-142
1747907973681.688,58568,1747907973663.094,-63,-1,-144
1747907973701.562,58588,1747907973683.0,-72,-1,-141
1747907973721.375,58611,1747907973702.875,-61,-1,-141
1747907973741.219,58645,1747907973722.656,-65,-7,-138
1747907973761.063,58667,1747907973742.531,-75,3,-141
1747907973780.937,58681,1747907973762.344,-77,-1,-146
1747907973800.781,58682,1747907973782.219,-77,-1,-141
1747907973820.594,58654,1747907973802.062,-64,-5,-134
1747907973840.438,58622,1747907973821.906,-73,-9,-112
1747907973860.313,58549,1747907973841.75,-63,-9,-138
1747907973880.156,58539,1747907973861.594,-81,-8,-142
1747907973899.969,58507,1747907973881.469,-73,7,-143
1747907973919.844,58495,1747907973901.25,-64,-5,-144
1747907973939.656,58479,1747907973921.156,-64,3,-141
1747907973959.531,58466,1747907973940.969,-72,-5,-145
1747907973979.344,58469,1747907973960.813,-65,-5,-141
1747907973999.187,58465,1747907973980.656,-77,-7,-138
1747907974019.063,58471,1747907974000.5,-65,8,-143
1747907974038.938,58490,1747907974020.344,-65,-7,-145
1747907974058.75,58501,1747907974040.188,-49,-5,-141
1747907974078.594,58509,1747907974060.031,-71,-7,-143
1747907974098.437,58533,1747907974079.875,-74,-4,-141
1747907974118.281,58541,1747907974099.75,-64,-8,-141
1747907974138.125,58548,1747907974119.562,-61,-5,-142
1747907974157.938,58545,1747907974139.438,-62,-4,-136
1747907974177.812,58567,1747907974159.25,-73,-2,-149
1747907974197.656,58576,1747907974179.094,-68,-1,-138
1747907974217.469,58581,1747907974198.969,-61,-5,-128
1747907974237.344,58600,1747907974218.781,-72,3,-144
1747907974257.187,58619,1747907974238.625,-72,-9,-145
1747907974277.031,58638,1747907974258.469,-72,-5,-138
1747907974296.875,58660,1747907974278.344,-61,-5,-136
1747907974316.75,58689,1747907974298.187,-65,-3,-140
1747907974336.563,58713,1747907974318.063,-65,-1,-144
1747907974356.437,58728,1747907974337.875,-65,-1,-137
1747907974376.281,58744,1747907974357.75,-63,-9,-132
1747907974396.125,58776,1747907974377.594,-65,-9,-138
1747907974416.0,58792,1747907974397.438,-61,-1,-141
1747907974435.844,58822,1747907974417.281,-69,-9,-137
1747907974455.719,58847,1747907974437.125,-64,-1,-144
1747907974475.531,58870,1747907974457.0,-76,-5,-144
1747907974495.375,58883,1747907974476.8118,-64,-9,-144
1747907974515.25,58860,1747907974496.656,-63,0,-161
1747907974535.094,58835,1747907974516.563,-58,-1,-144
1747907974554.906,58798,1747907974536.375,-60,-1,-138
1747907974574.75,58758,1747907974556.219,-74,-5,-134
1747907974594.625,58719,1747907974576.062,-72,-5,-146
1747907974614.469,58698,1747907974595.938,-63,-5,-145
1747907974634.312,58674,1747907974615.75,-61,1,-140
1747907974654.156,58666,1747907974635.594,-68,-7,-144
1747907974674.0,58660,1747907974655.437,-57,-9,-144
1747907974693.875,58672,1747907974675.281,-63,8,-147
1747907974713.687,58667,1747907974695.188,-63,3,-140
1747907974733.562,58688,1747907974715.0,-81,3,-138
1747907974753.438,58691,1747907974734.812,-61,-3,-146
1747907974773.281,58705,1747907974754.719,-60,3,-143
1747907974793.094,58693,1747907974774.563,-72,-1,-141
1747907974812.969,58694,1747907974794.375,-63,-1,-141
1747907974832.812,58674,1747907974814.281,-66,-2,-136
1747907974852.688,58692,1747907974834.094,-73,-5,-157
1747907974872.5,58685,1747907974853.969,-65,3,-145
1747907974892.344,58687,1747907974873.813,-63,-5,-149
1747907974912.219,58688,1747907974893.656,-66,-1,-143
1747907974932.062,58704,1747907974913.5,-64,-3,-141
1747907974951.875,58722,1747907974933.375,-69,-5,-141
1747907974971.75,58741,1747907974953.188,-61,-9,-144
1747907974991.625,58746,1747907974973.031,-64,-9,-141
1747907975011.469,58756,1747907974992.937,-65,-9,-137
1747907975031.281,58775,1747907975012.75,-64,-4,-130
1747907975051.156,58789,1747907975032.594,-61,-5,-145
1747907975071.0,58812,1747907975052.438,-81,-9,-138
1747907975090.844,58829,1747907975072.313,-67,-2,-145
1747907975110.687,58857,1747907975092.156,-61,3,-149
1747907975130.531,58881,1747907975111.969,-60,-1,-153
1747907975150.375,58909,1747907975131.781,-58,1,-144
1747907975170.219,58927,1747907975151.688,-68,13,-140
1747907975190.094,58945,1747907975171.531,-60,-1,-144
1747907975209.906,58951,1747907975191.406,-64,-1,-141
1747907975229.75,58923,1747907975211.219,-69,15,-145
1747907975249.625,58893,1747907975231.094,-77,3,-138
1747907975269.469,58874,1747907975250.906,-72,-5,-143
1747907975289.3118,58847,1747907975270.781,-74,-1,-140
1747907975309.156,58812,1747907975290.594,-76,-7,-145
1747907975329.094,58794,1747907975310.469,-69,-9,-138
1747907975348.844,58781,1747907975330.375,-64,-5,-140
1747907975368.687,58775,1747907975350.125,-72,-1,-145
1747907975388.594,58763,1747907975369.969,-63,-5,-148
1747907975408.375,58772,1747907975389.844,-73,-8,-141
1747907975428.25,58789,1747907975409.688,-65,-7,-145
1747907975448.062,58803,1747907975429.531,-71,-5,-143
1747907975467.906,58820,1747907975449.344,-72,8,-142
1747907975487.75,58836,1747907975469.187,-63,-2,-142
1747907975507.625,58843,1747907975489.062,-63,3,-148
1747907975527.438,58862,1747907975508.906,-73,-5,-136
1747907975547.281,58878,1747907975528.75,-64,-7,-138
1747907975567.125,58894,1747907975548.594,-73,-1,-138
1747907975586.969,58915,1747907975568.406,-61,8,-141
1747907975606.813,58929,1747907975588.281,-62,-1,-143
1747907975626.656,58948,1747907975608.094,-68,8,-143
1747907975646.5,58969,1747907975627.906,-63,-4,-144
1747907975666.375,58982,1747907975647.844,-69,-1,-143
1747907975686.188,58986,1747907975667.687,-72,-5,-144
1747907975706.063,59006,1747907975687.5,-72,-5,-138
1747907975726.031,59018,1747907975707.375,-63,0,-137
1747907975745.75,59040,1747907975727.188,-64,-9,-136
1747907975765.625,59054,1747907975747.031,-64,-1,-137
1747907975785.469,59073,1747907975766.906,-61,-5,-138
1747907975805.313,59096,1747907975786.781,-75,-8,-145
1747907975825.187,59120,1747907975806.594,-68,-9,-145
1747907975845.0,59125,1747907975826.469,-64,-5,-144
1747907975864.844,59163,1747907975846.312,-64,-1,-132
1747907975884.719,59182,1747907975866.156,-61,-5,-141
1747907975904.562,59170,1747907975886.031,-61,-9,-136
1747907975924.437,59156,1747907975905.844,-61,-5,-141
1747907975944.281,59131,1747907975925.719,-64,-7,-137
1747907975964.094,59093,1747907975945.594,-62,-1,-136
1747907975984.0,59068,1747907975965.406,-81,-5,-138
1747907976003.844,59065,1747907975985.281,-63,3,-138
1747907976023.656,59039,1747907976005.125,-82,-5,-138
1747907976043.531,59043,1747907976024.969,-69,-5,-147
1747907976063.469,59025,1747907976044.812,-61,3,-144
1747907976083.25,59029,1747907976064.688,-63,-2,-136
1747907976103.094,59040,1747907976084.5,-64,-1,-147
1747907976122.969,59056,1747907976104.375,-72,-1,-145
1747907976142.781,59069,1747907976124.25,-68,0,-147
1747907976162.688,59090,1747907976144.094,-73,-7,-141
1747907976182.5,59074,1747907976163.938,-63,-4,-143
1747907976202.344,59089,1747907976183.781,-73,-5,-128
1747907976222.219,59093,1747907976203.625,-68,-5,-142
1747907976242.063,59093,1747907976223.531,-74,-9,-141
1747907976261.906,59100,1747907976243.438,-74,-7,-139
1747907976281.75,59118,1747907976263.188,-79,-1,-140
1747907976301.594,59130,1747907976283.031,-72,-1,-141
1747907976321.469,59160,1747907976302.937,-72,-4,-141
1747907976341.375,59175,1747907976322.75,-64,-8,-140
1747907976361.156,59190,1747907976342.688,-80,-3,-132
1747907976381.031,59217,1747907976362.469,-68,-1,-140
1747907976400.938,59235,1747907976382.344,-68,1,-138
1747907976420.75,59260,1747907976402.219,-81,-5,-141
1747907976440.625,59289,1747907976422.031,-66,-1,-137
1747907976460.469,59305,1747907976441.906,-64,-7,-149
1747907976480.344,59324,1747907976461.75,-64,-8,-141
1747907976500.219,59358,1747907976481.656,-63,1,-137
1747907976520.062,59376,1747907976501.5,-72,-5,-151
1747907976539.906,59413,1747907976521.344,-61,0,-145
1747907976559.813,59427,1747907976541.25,-61,-1,-140
1747907976579.625,59448,1747907976561.125,-64,3,-142
1747907976599.5,59451,1747907976580.906,-63,-7,-148
1747907976619.375,59448,1747907976600.781,-63,-1,-141
1747907976639.219,59449,1747907976620.656,-66,-1,-141
1747907976659.063,59412,1747907976640.562,-74,-1,-141
1747907976678.938,59388,1747907976660.344,-72,-1,-143
1747907976698.781,59358,1747907976680.25,-71,-1,-142
1747907976718.75,59351,1747907976700.094,-63,-2,-143
1747907976738.531,59336,1747907976719.969,-68,7,-144
1747907976758.375,59329,1747907976739.781,-68,-4,-145
1747907976778.25,59335,1747907976759.656,-71,-5,-145
1747907976798.094,59337,1747907976779.531,-58,-7,-145
1747907976817.938,59348,1747907976799.406,-77,0,-137
1747907976837.813,59368,1747907976819.219,-72,-5,-146
1747907976857.687,59369,1747907976839.125,-71,-1,-138
1747907976877.531,59377,1747907976858.969,-65,-5,-128
1747907976897.375,59400,1747907976878.844,-68,-1,-144
1747907976917.25,59392,1747907976898.6868,-63,-1,-144
1747907976937.094,59407,1747907976918.5,-63,8,-145
1747907976956.969,59419,1747907976938.375,-61,-1,-142
1747907976976.8118,59427,1747907976958.281,-61,-7,-144
1747907976996.656,59447,1747907976978.094,-64,-5,-145
1747907977016.531,59464,1747907976997.969,-64,3,-138
1747907977036.375,59491,1747907977017.875,-72,-3,-144
1747907977056.25,59513,1747907977037.656,-77,-7,-145
1747907977076.094,59513,1747907977057.531,-64,-8,-141
1747907977095.969,59538,1747907977077.375,-72,8,-141
1747907977115.844,59555,1747907977097.25,-64,3,-138
1747907977135.781,59573,1747907977117.156,-64,-2,-141
1747907977155.562,59602,1747907977137.0,-63,-1,-137
1747907977175.438,59631,1747907977156.844,-72,-5,-142
1747907977195.312,59653,1747907977176.75,-56,-7,-145
1747907977215.156,59673,1747907977196.594,-64,0,-128
1747907977235.031,59703,1747907977216.469,-71,3,-144
1747907977254.875,59736,1747907977236.312,-69,-5,-145
1747907977274.75,59741,1747907977256.188,-65,-1,-161
1747907977294.594,59744,1747907977276.031,-64,-5,-143
1747907977314.469,59743,1747907977295.906,-72,3,-137
1747907977334.313,59724,1747907977315.75,-61,-1,-143
1747907977354.188,59692,1747907977335.594,-65,1,-145
1747907977374.031,59677,1747907977355.469,-73,3,-138
1747907977393.906,59665,1747907977375.344,-74,3,-141
1747907977413.781,59654,1747907977395.187,-64,-7,-141
1747907977433.594,59639,1747907977415.062,-63,-8,-144
1747907977453.469,59646,1747907977434.875,-64,-1,-141
1747907977473.312,59650,1747907977454.781,-64,3,-132
1747907977493.156,59672,1747907977474.625,-50,-1,-144
1747907977513.0,59680,1747907977494.469,-68,3,-145
1747907977532.938,59712,1747907977514.313,-66,-1,-145
1747907977552.7192,59722,1747907977534.156,-73,-1,-154
1747907977572.594,59726,1747907977554.0,-65,-1,-141
1747907977592.438,59724,1747907977573.844,-64,-5,-136
1747907977612.281,59728,1747907977593.719,-69,-8,-136
1747907977632.125,59716,1747907977613.563,-63,-9,-143
1747907977651.969,59709,1747907977633.438,-79,-5,-145
1747907977671.844,59678,1747907977653.25,-77,1,-144
1747907977691.688,59694,1747907977673.156,-74,-5,-140
1747907977711.531,59697,1747907977693.0,-77,-9,-136
1747907977731.406,59718,1747907977712.844,-61,-7,-149
1747907977751.281,59720,1747907977732.687,-65,1,-150
1747907977771.156,59731,1747907977752.562,-64,7,-146
1747907977790.969,59744,1747907977772.375,-61,12,-136
1747907977810.844,59765,1747907977792.281,-68,-5,-141
1747907977830.656,59804,1747907977812.125,-60,-1,-138
1747907977850.5,59852,1747907977831.937,-68,-1,-143
1747907977870.406,59896,1747907977851.8118,-69,1,-145
1747907977890.219,59956,1747907977871.656,-65,16,-144
1747907977910.094,59995,1747907977891.5,-61,-5,-149
1747907977929.906,60051,1747907977911.406,-66,-1,-141
1747907977949.75,60084,1747907977931.156,-60,0,-130
1747907977969.625,60114,1747907977951.062,-61,-5,-133
1747907977989.469,60165,1747907977970.875,-62,-5,-141
1747907978009.281,60217,1747907977990.75,-63,-5,-144
1747907978029.156,60279,1747907978010.594,-63,1,-140
1747907978049.0,60305,1747907978030.469,-70,-1,-145
1747907978068.875,60347,1747907978050.344,-57,-5,-144
1747907978088.719,60399,1747907978070.188,-60,-5,-141
1747907978108.625,60445,1747907978090.031,-69,-5,-141
1747907978128.406,60484,1747907978109.875,-64,-2,-141
1747907978148.281,60552,1747907978129.719,-65,3,-141
1747907978168.094,60612,1747907978149.625,-57,7,-140
1747907978187.969,60680,1747907978169.375,-60,3,-141
1747907978207.812,60768,1747907978189.25,-58,7,-144
1747907978227.688,60826,1747907978209.094,-77,16,-141
1747907978247.656,60897,1747907978229.0,-77,3,-144
1747907978267.375,60952,1747907978248.938,-71,3,-142
1747907978287.25,61011,1747907978268.687,-60,3,-124
1747907978307.094,61067,1747907978288.594,-68,-5,-142
1747907978326.938,61117,1747907978308.406,-64,3,-138
1747907978346.812,61197,1747907978328.219,-62,-7,-145
1747907978366.656,61241,1747907978348.094,-64,-9,-148
1747907978386.563,61299,1747907978367.969,-65,-1,-146
1747907978406.375,61359,1747907978387.875,-63,3,-144
1747907978426.219,61449,1747907978407.656,-60,7,-146
1747907978446.062,61513,1747907978427.531,-64,5,-144
1747907978465.937,61589,1747907978447.375,-72,3,-141
1747907978485.781,61663,1747907978467.25,-71,7,-141
1747907978505.625,61734,1747907978487.062,-64,-5,-144
1747907978525.469,61825,1747907978506.906,-61,3,-137
1747907978545.344,61933,1747907978526.75,-68,1,-141
1747907978565.156,62026,1747907978546.625,-49,3,-146
1747907978585.0,62124,1747907978566.469,-65,-4,-144
1747907978604.844,62216,1747907978586.281,-71,3,-144
1747907978624.687,62332,1747907978606.156,-68,-1,-130
1747907978644.594,62411,1747907978626.031,-68,-1,-146
1747907978664.375,62508,1747907978645.844,-59,-2,-140
1747907978684.25,62621,1747907978665.687,-71,1,-149
1747907978704.125,62715,1747907978685.563,-71,-5,-144
1747907978723.969,62832,1747907978705.406,-69,-4,-142
1747907978743.812,62976,1747907978725.281,-68,7,-148
1747907978763.656,63112,1747907978745.125,-58,3,-144
1747907978783.5,63286,1747907978764.969,-71,3,-134
1747907978803.375,63445,1747907978784.813,-68,-1,-140
1747907978823.187,63615,1747907978804.656,-52,8,-139
1747907978843.031,63768,1747907978824.469,-58,8,-138
1747907978862.906,63906,1747907978844.344,-58,7,-141
1747907978882.812,64053,1747907978864.219,-68,-5,-136
1747907978902.594,64190,1747907978884.063,-60,1,-137
1747907978922.469,64314,1747907978903.8442,-71,3,-149
1747907978942.313,64433,1747907978923.781,-64,-1,-146
1747907978962.188,64549,1747907978943.594,-64,7,-137
1747907978982.0,64665,1747907978963.469,-62,7,-149
1747907979001.875,64781,1747907978983.313,-72,-1,-144
1747907979021.75,64917,1747907979003.156,-71,3,-145
1747907979041.594,65035,1747907979023.031,-57,3,-145
1747907979061.438,65176,1747907979042.906,-60,8,-146
1747907979081.281,65322,1747907979062.75,-64,3,-144
1747907979101.156,65436,1747907979082.562,-64,7,-144
1747907979121.0,65534,1747907979102.437,-71,3,-138
1747907979140.8132,65630,1747907979122.313,-63,-9,-132
1747907979160.719,65718,1747907979142.125,-68,3,-126
1747907979180.531,65798,1747907979162.031,-75,3,-130
1747907979200.406,65876,1747907979181.781,-63,16,-133
1747907979220.219,65988,1747907979201.719,-74,7,-136
1747907979240.063,66098,1747907979221.531,-80,7,-137
1747907979259.937,66221,1747907979241.375,-69,7,-150
1747907979279.812,66348,1747907979261.25,-71,3,-148
1747907979299.625,66493,1747907979281.125,-80,20,-155
1747907979319.5,66610,1747907979300.906,-61,16,-153
1747907979339.344,66750,1747907979320.75,-66,8,-141
1747907979359.219,66828,1747907979340.656,-54,3,-132
1747907979379.062,66919,1747907979360.5,-57,3,-141
1747907979398.875,67013,1747907979380.344,-57,16,-145
1747907979418.75,67094,1747907979400.188,-57,16,-143
1747907979438.625,67170,1747907979420.031,-71,16,-144
1747907979458.406,67248,1747907979439.9058,-65,16,-154
1747907979478.281,67331,1747907979459.719,-80,3,-153
1747907979498.125,67414,1747907979479.594,-79,8,-149
1747907979518.0,67525,1747907979499.438,-76,7,-154
1747907979537.812,67656,1747907979519.281,-64,16,-151
1747907979557.687,67849,1747907979539.094,-59,16,-145
1747907979577.531,68120,1747907979558.969,-60,9,-146
1747907979597.375,68431,1747907979578.844,-64,16,-154
1747907979617.219,68741,1747907979598.688,-64,7,-148
1747907979637.062,69001,1747907979618.5,-68,19,-148
1747907979656.938,69235,1747907979638.344,-61,16,-134
1747907979676.75,69437,1747907979658.219,-57,17,-136
1747907979696.594,69631,1747907979678.063,-64,7,-129
1747907979716.437,69763,1747907979697.906,-52,16,-133
1747907979736.312,69888,1747907979717.75,-57,7,-138
1747907979756.188,70018,1747907979737.625,-58,9,-146
1747907979776.031,70180,1747907979757.469,-68,7,-146
1747907979795.875,70310,1747907979777.313,-72,16,-148
1747907979815.75,70406,1747907979797.156,-64,7,-156
1747907979835.594,70504,1747907979817.0,-70,16,-157
1747907979855.438,70601,1747907979836.875,-73,16,-146
1747907979875.281,70721,1747907979856.719,-61,19,-143
1747907979895.125,70838,1747907979876.594,-58,19,-149
1747907979915.0,70944,1747907979896.437,-49,16,-146
1747907979934.875,71058,1747907979916.281,-65,16,-142
1747907979954.688,71157,1747907979936.156,-64,16,-146
1747907979974.562,71243,1747907979955.969,-49,28,-139
1747907979994.406,71318,1747907979975.813,-55,24,-143
1747907980014.25,71423,1747907979995.719,-53,16,-148
1747907980034.094,71521,1747907980015.531,-61,19,-161
1747907980053.938,71603,1747907980035.406,-61,23,-152
1747907980073.812,71655,1747907980055.281,-61,17,-157
1747907980093.687,71713,1747907980075.094,-68,24,-153
1747907980113.5,71767,1747907980094.969,-72,23,-154
1747907980133.344,71823,1747907980114.781,-72,23,-154
1747907980153.219,71903,1747907980134.656,-73,19,-157
1747907980173.062,71975,1747907980154.5,-64,32,-164
1747907980192.875,72050,1747907980174.375,-80,32,-154
1747907980212.75,72111,1747907980194.156,-72,32,-167
1747907980232.719,72147,1747907980214.031,-68,32,-160
1747907980252.469,72177,1747907980233.906,-64,31,-164
1747907980272.281,72204,1747907980253.75,-63,32,-160
1747907980292.125,72237,1747907980273.562,-57,32,-161
1747907980312.0,72259,1747907980293.437,-52,56,-158
1747907980331.844,72248,1747907980313.281,-57,39,-150
1747907980351.687,72223,1747907980333.156,-64,39,-149
1747907980371.531,72228,1747907980352.969,-58,48,-144
1747907980391.406,72231,1747907980372.812,-52,49,-159
1747907980411.25,72230,1747907980392.688,-63,57,-164
1747907980431.094,72210,1747907980412.531,-61,49,-160
1747907980450.937,72205,1747907980432.375,-57,57,-150
1747907980470.781,72239,1747907980452.25,-51,51,-145
1747907980490.656,72279,1747907980472.125,-61,64,-146
1747907980510.469,72339,1747907980491.969,-66,64,-141
1747907980530.344,72439,1747907980511.781,-68,73,-145
1747907980550.187,72548,1747907980531.625,-76,70,-141
1747907980570.031,72671,1747907980551.437,-65,72,-137
1747907980589.844,72778,1747907980571.344,-64,63,-132
1747907980609.719,72913,1747907980591.156,-80,80,-136
1747907980629.562,73084,1747907980611.0,-71,83,-146
1747907980649.437,73257,1747907980630.8442,-64,102,-135
1747907980669.281,73410,1747907980650.75,-58,87,-129
1747907980689.094,73506,1747907980670.563,-48,80,-118
1747907980708.9692,73579,1747907980690.375,-41,83,-113
1747907980728.812,73590,1747907980710.281,-36,96,-97
1747907980748.656,73615,1747907980730.125,-39,87,-89
1747907980768.469,73641,1747907980749.937,-45,88,-99
1747907980788.344,73675,1747907980769.75,-36,80,-100
1747907980808.187,73671,1747907980789.594,-36,61,-87
1747907980828.031,73638,1747907980809.469,-44,56,-72
1747907980847.844,73629,1747907980829.344,-47,51,-68
1747907980867.688,73664,1747907980849.125,-32,48,-72
1747907980887.531,73713,1747907980869.0,-52,33,-87
1747907980907.406,73764,1747907980888.844,-55,32,-104
1747907980927.187,73778,1747907980908.719,-33,19,-97
1747907980947.063,73673,1747907980928.5,-49,3,-98
1747907980966.906,73509,1747907980948.344,-57,-16,-101
1747907980986.75,73383,1747907980968.188,-84,-7,-128
1747907981006.594,73169,1747907980988.031,-111,-1,-168
1747907981026.406,72790,1747907981007.875,-132,-16,-156
1747907981046.25,72420,1747907981027.687,-125,-16,-176
1747907981066.125,72182,1747907981047.563,-141,3,-206
1747907981085.938,72070,1747907981067.406,-134,32,-239
1747907981105.781,71958,1747907981087.25,-129,32,-260
1747907981125.656,71805,1747907981107.094,-141,32,-266
1747907981145.469,71665,1747907981126.937,-148,24,-285
1747907981165.344,71648,1747907981146.781,-141,40,-301
1747907981185.156,71743,1747907981166.656,-138,51,-300
1747907981205.0,72023,1747907981186.469,-97,51,-286
1747907981224.844,72231,1747907981206.281,-87,51,-259
1747907981244.75,72203,1747907981226.156,-54,48,-221
1747907981264.5,71987,1747907981246.0,-25,57,-204
1747907981284.375,71553,1747907981265.8132,-1,71,-180
1747907981304.219,71026,1747907981285.687,22,80,-162
1747907981324.063,70549,1747907981305.531,47,84,-161
1747907981343.875,70179,1747907981325.375,46,103,-142
1747907981363.719,69859,1747907981345.188,77,88,-128
1747907981383.562,69590,1747907981365.0,97,112,-114
1747907981403.406,69367,1747907981384.844,111,112,-104
1747907981423.219,69182,1747907981404.719,115,113,-82
1747907981443.063,69035,1747907981424.531,127,113,-57
1747907981462.9058,69060,1747907981444.375,134,99,-28
1747907981482.75,69311,1747907981464.219,126,96,-4
1747907981502.594,69487,1747907981484.062,120,94,3
1747907981522.5,69345,1747907981503.906,107,96,-4
1747907981542.25,69211,1747907981523.719,87,79,-16
1747907981562.094,69256,1747907981543.594,30,67,-41
1747907981581.937,69144,1747907981563.406,-13,64,-50
1747907981601.75,68926,1747907981583.219,-24,48,-49
1747907981621.594,68951,1747907981603.062,-76,6,-80
1747907981641.438,69060,1747907981622.906,-173,-13,-120
1747907981661.281,68970,1747907981642.719,-212,-16,-129
1747907981681.125,68881,1747907981662.563,-194,-48,-141
1747907981700.969,68525,1747907981682.437,-208,-57,-153
1747907981720.813,67993,1747907981702.281,-111,39,-205
1747907981740.656,67494,1747907981722.094,-106,51,-226
1747907981760.469,66624,1747907981741.9382,-117,64,-236
1747907981780.312,67595,1747907981761.781,-129,65,-218
1747907981800.187,67915,1747907981781.625,-113,99,-141
1747907981820.031,67792,1747907981801.469,73,97,-4
1747907981839.875,66832,1747907981821.344,180,81,-29
1747907981859.719,66099,1747907981841.156,179,112,-130
1747907981879.562,65624,1747907981861.0,167,112,-193
1747907981899.531,65057,1747907981880.875,160,80,-140
1747907981919.25,64822,1747907981900.781,87,80,-84
1747907981939.094,64917,1747907981920.563,-29,83,-58
1747907981958.937,65901,1747907981940.438,-146,72,-86
1747907981978.781,64947,1747907981960.25,-244,72,-97
1747907981998.656,64473,1747907981980.094,-264,81,-233
1747907982018.5,65177,1747907981999.937,-249,113,-365
1747907982038.406,64872,1747907982019.813,-201,167,-337
1747907982058.219,64357,1747907982039.688,-118,147,-266
1747907982078.094,64068,1747907982059.531,-225,104,-205
1747907982097.906,63717,1747907982079.406,-17,64,-185
1747907982117.75,63628,1747907982099.188,-26,88,-177
1747907982137.625,63679,1747907982119.0,-17,96,-189
1747907982157.5,63764,1747907982138.937,-36,83,-199
1747907982177.313,63148,1747907982158.781,-66,83,-189
1747907982197.156,62944,1747907982178.625,-106,112,-174
1747907982217.031,63608,1747907982198.469,-121,127,-173
1747907982236.906,63823,1747907982218.344,-144,161,-98
1747907982256.719,62712,1747907982238.25,-72,48,62
1747907982276.594,62376,1747907982258.031,7,-12,125
1747907982296.562,61931,1747907982277.906,138,64,-29
1747907982316.312,61277,1747907982297.844,173,49,-141
1747907982336.156,60471,1747907982317.594,147,16,-145
1747907982356.031,59378,1747907982337.469,96,19,-89
1747907982375.875,62235,1747907982357.344,55,-16,-69
1747907982395.75,65190,1747907982377.188,22,-32,-78
1747907982415.594,64903,1747907982397.031,-2,-47,-101
1747907982435.437,64586,1747907982416.875,-12,-32,-100
1747907982455.313,63954,1747907982436.75,-13,-7,-76
1747907982475.188,63279,1747907982456.625,-32,48,-65
1747907982495.0,62187,1747907982476.469,-64,87,-58
1747907982514.875,60739,1747907982496.344,-93,127,-73
1747907982534.844,60464,1747907982516.156,-140,192,-92
1747907982554.594,59752,1747907982536.031,-159,239,-136
1747907982574.437,60511,1747907982555.906,-180,241,-228
1747907982594.312,60776,1747907982575.7192,-261,160,-293
1747907982614.188,60066,1747907982595.594,-189,128,-286
1747907982634.031,60243,1747907982615.437,-121,152,-285
1747907982653.8442,60522,1747907982635.344,-89,131,-273
1747907982673.719,60482,1747907982655.156,-79,113,-224
1747907982693.594,60237,1747907982675.031,-89,113,-200
1747907982713.438,59613,1747907982694.875,-108,121,-164
1747907982733.281,59165,1747907982714.781,-116,139,-138
1747907982753.125,58984,1747907982734.5632,-124,176,-103
1747907982773.0,59926,1747907982754.437,-121,153,-85
1747907982792.875,60355,1747907982774.312,-64,123,-25
1747907982812.719,60124,1747907982794.188,60,51,34
1747907982832.562,59639,1747907982814.031,175,81,8
1747907982852.437,59568,1747907982833.844,224,118,-39
1747907982872.313,59374,1747907982853.75,246,83,-109
1747907982892.125,58667,1747907982873.625,230,64,-146
1747907982912.0,58864,1747907982893.438,184,51,-150
1747907982931.875,59113,1747907982913.281,129,17,-102
1747907982951.719,59390,1747907982933.187,71,16,-84
1747907982971.563,59714,1747907982953.031,32,-5,-71
1747907982991.438,59795,1747907982972.906,-9,16,-84
1747907983011.312,59831,1747907982992.719,-32,16,-97
1747907983031.219,59858,1747907983012.625,-64,32,-106
1747907983051.031,60049,1747907983032.5,-93,39,-101
1747907983070.938,59787,1747907983052.344,-109,48,-95
1747907983090.844,59049,1747907983072.25,-128,51,-80
1747907983110.719,58571,1747907983092.125,-114,72,-145
1747907983130.563,58106,1747907983112.031,-118,96,-178
1747907983150.438,58452,1747907983131.875,-137,123,-198
1747907983170.344,58433,1747907983151.75,-164,113,-257
1747907983190.187,59204,1747907983171.594,-177,96,-219
1747907983210.063,65058,1747907983191.5,-168,80,-192
1747907983229.938,65286,1747907983211.375,-165,96,-225
1747907983249.8118,65094,1747907983231.219,-79,87,-222
1747907983269.687,64967,1747907983251.125,-52,65,-233
1747907983289.531,64434,1747907983270.969,-65,80,-237
1747907983309.406,64690,1747907983290.844,-105,97,-233
1747907983329.281,63860,1747907983310.719,-162,135,-173
1747907983349.125,63851,1747907983330.594,-168,207,-124
1747907983369.031,63756,1747907983350.437,-132,83,-36
1747907983388.875,63321,1747907983370.344,71,16,99
1747907983408.75,63136,1747907983390.156,284,81,43
1747907983428.594,63179,1747907983410.062,318,131,-18
1747907983448.469,63715,1747907983429.906,292,80,-93
1747907983468.344,63697,1747907983449.781,224,51,-120
1747907983488.219,62548,1747907983469.625,159,35,-98
1747907983508.031,61128,1747907983489.562,84,7,-64
1747907983527.938,60336,1747907983509.344,23,16,-45
1747907983547.813,59674,1747907983529.219,-7,32,-72
1747907983567.656,59119,1747907983549.125,-49,34,-114
1747907983587.531,58761,1747907983568.969,-68,43,-144
1747907983607.406,58477,1747907983588.844,-69,55,-177
1747907983627.281,58304,1747907983608.719,-52,70,-189
1747907983647.125,57957,1747907983628.594,-48,71,-165
1747907983667.125,57612,1747907983648.438,-42,71,-160
1747907983686.875,57321,1747907983668.281,-40,57,-148
1747907983706.75,57044,1747907983688.188,-34,48,-143
1747907983726.594,56782,1747907983708.031,-48,48,-148
1747907983746.469,56529,1747907983727.875,-52,48,-163
1747907983766.344,56344,1747907983747.781,-48,51,-157
1747907983786.188,56179,1747907983767.625,-44,48,-138
1747907983806.062,56014,1747907983787.5,-55,40,-144
1747907983825.906,55861,1747907983807.344,-47,39,-156
1747907983845.781,55683,1747907983827.187,-49,35,-148
1747907983865.656,55451,1747907983847.094,-41,32,-156
1747907983885.5,55178,1747907983866.969,-26,32,-162
1747907983905.375,54911,1747907983886.813,-32,35,-177
1747907983925.25,54618,1747907983906.656,-34,32,-189
1747907983945.125,54322,1747907983926.562,-49,32,-178
1747907983964.969,54058,1747907983946.406,-53,32,-172
1747907983984.844,53806,1747907983966.281,-52,30,-160
1747907984004.75,53509,1747907983986.156,-64,32,-182
1747907984024.594,53290,1747907984006.031,-77,48,-246
1747907984044.438,53209,1747907984025.938,-79,80,-269
1747907984064.312,53181,1747907984045.719,-59,49,-222
1747907984084.187,53121,1747907984065.625,-39,15,-162
1747907984104.063,53010,1747907984085.469,-39,-5,-138
1747907984123.906,52841,1747907984105.344,-34,-5,-137
1747907984143.781,52712,1747907984125.1882,-32,16,-128
1747907984163.656,52551,1747907984145.062,-55,17,-146
1747907984183.531,52399,1747907984164.969,-48,16,-145
1747907984203.375,52301,1747907984184.813,-59,16,-145
1747907984223.281,52224,1747907984204.688,-64,24,-135
1747907984243.125,52114,1747907984224.562,-71,19,-136
1747907984263.0,51929,1747907984244.437,-72,17,-144
1747907984282.906,51620,1747907984264.313,-64,24,-141
1747907984302.75,51270,1747907984284.219,-52,32,-132
1747907984322.656,51048,1747907984304.062,-53,32,-142
1747907984342.469,51000,1747907984323.906,-46,24,-155
1747907984362.344,50986,1747907984343.781,-48,17,-164
1747907984382.219,51031,1747907984363.656,-55,24,-169
1747907984402.094,51113,1747907984383.531,-63,17,-172
1747907984421.938,51252,1747907984403.406,-59,24,-168
1747907984441.813,51356,1747907984423.187,-68,7,-163
1747907984461.687,51363,1747907984443.094,-64,-1,-154
1747907984481.531,51298,1747907984462.938,-69,36,-154
1747907984501.344,51176,1747907984482.812,-61,7,-148
1747907984521.188,51036,1747907984502.656,-49,16,-146
1747907984541.063,50848,1747907984522.5,-61,3,-129
1747907984560.937,50655,1747907984542.375,-71,16,-137
1747907984580.719,50472,1747907984562.219,-68,16,-149
1747907984600.594,50305,1747907984582.031,-61,16,-144
1747907984620.469,50139,1747907984601.906,-62,16,-148
1747907984640.312,49991,1747907984621.781,-73,16,-146
1747907984660.156,49874,1747907984641.656,-58,3,-146
1747907984680.031,49764,1747907984661.469,-64,7,-146
1747907984699.875,49655,1747907984681.344,-61,17,-152
1747907984719.75,49576,1747907984701.188,-60,20,-144
1747907984739.594,49512,1747907984721.031,-61,19,-142
1747907984759.437,49424,1747907984740.906,-71,16,-141
1747907984779.313,49355,1747907984760.781,-64,17,-141
1747907984799.188,49283,1747907984780.625,-66,16,-145
1747907984819.031,49217,1747907984800.5,-65,24,-145
1747907984839.0,49182,1747907984820.344,-61,16,-148
1747907984858.75,49145,1747907984840.312,-63,7,-146
1747907984878.625,49114,1747907984860.063,-65,7,-140
1747907984898.469,49067,1747907984879.938,-67,9,-142
1747907984918.312,49011,1747907984899.719,-56,16,-143
1747907984938.188,48972,1747907984919.625,-68,9,-145
1747907984958.031,48931,1747907984939.469,-61,16,-141
1747907984977.875,48887,1747907984959.344,-57,3,-148
1747907984997.75,48822,1747907984979.188,-56,7,-152
1747907985017.625,48788,1747907984999.094,-64,7,-152
1747907985037.5,48771,1747907985018.937,-58,7,-146
1747907985057.313,48758,1747907985038.781,-73,16,-148
1747907985077.187,48752,1747907985058.625,-61,19,-146
1747907985097.031,48772,1747907985078.5,-72,17,-144
1747907985116.906,48791,1747907985098.344,-69,16,-143
1747907985136.75,48821,1747907985118.219,-63,16,-146
1747907985156.625,48850,1747907985138.063,-64,16,-145
1747907985176.5,48864,1747907985157.938,-73,16,-143
1747907985196.375,48845,1747907985177.812,-64,15,-152
1747907985216.188,48810,1747907985197.656,-61,4,-148
1747907985236.063,48746,1747907985217.469,-58,16,-141
1747907985255.937,48677,1747907985237.406,-61,16,-138
1747907985275.781,48614,1747907985257.219,-68,16,-144
1747907985295.625,48561,1747907985277.094,-65,16,-144
1747907985315.469,48496,1747907985296.906,-66,16,-148
1747907985335.312,48447,1747907985316.813,-57,16,-143
1747907985355.219,48413,1747907985336.656,-58,16,-148
1747907985375.031,48381,1747907985356.531,-60,16,-144
1747907985394.906,48362,1747907985376.281,-64,16,-147
1747907985414.781,48372,1747907985396.219,-72,16,-140
1747907985434.625,48364,1747907985416.125,-72,7,-141
1747907985454.469,48372,1747907985435.906,-66,14,-145
1747907985474.313,48387,1747907985455.719,-79,16,-144
1747907985494.188,48374,1747907985475.625,-65,7,-144
1747907985514.062,48399,1747907985495.469,-60,7,-145
1747907985533.937,48419,1747907985515.344,-66,7,-144
1747907985553.781,48431,1747907985535.156,-73,12,-144
1747907985573.656,48445,1747907985555.094,-72,7,-144
1747907985593.5,48464,1747907985574.938,-68,16,-145
1747907985613.344,48467,1747907985594.781,-66,3,-144
1747907985633.219,48467,1747907985614.594,-64,16,-141
1747907985653.063,48477,1747907985634.531,-57,7,-146
1747907985672.937,48475,1747907985654.375,-71,16,-144
1747907985692.781,48473,1747907985674.219,-61,16,-149
1747907985712.656,48483,1747907985694.094,-61,7,-146
1747907985732.5,48487,1747907985713.969,-73,16,-153
1747907985752.375,48512,1747907985733.781,-69,16,-149
1747907985772.25,48539,1747907985753.688,-68,16,-150
1747907985792.031,48577,1747907985773.469,-68,24,-144
1747907985811.969,48604,1747907985793.344,-68,16,-144
1747907985831.719,48640,1747907985813.25,-64,16,-144
1747907985851.562,48669,1747907985833.063,-64,7,-141
1747907985871.469,48683,1747907985852.875,-66,16,-146
1747907985891.281,48707,1747907985872.75,-65,29,-146
1747907985911.156,48739,1747907985892.562,-72,16,-141
1747907985930.969,48715,1747907985912.438,-69,7,-150
1747907985950.812,48688,1747907985932.281,-61,3,-144
1747907985970.687,48650,1747907985952.125,-57,7,-148
1747907985990.531,48604,1747907985971.969,-61,9,-145
1747907986010.406,48556,1747907985991.812,-72,9,-144
1747907986030.219,48531,1747907986011.656,-62,8,-141
1747907986050.062,48511,1747907986031.469,-61,16,-145
1747907986069.906,48488,1747907986051.437,-58,16,-148
1747907986089.781,48476,1747907986071.219,-67,16,-148
1747907986109.688,48465,1747907986091.063,-71,16,-138
1747907986129.469,48463,1747907986110.906,-57,14,-140
1747907986149.406,48474,1747907986130.781,-60,7,-140
1747907986169.156,48484,1747907986150.687,-46,3,-142
1747907986189.0,48500,1747907986170.469,-63,3,-145
1747907986208.875,48516,1747907986190.313,-60,16,-141
1747907986228.687,48546,1747907986210.094,-65,38,-143
1747907986248.562,48564,1747907986230.0,-57,16,-146
1747907986268.375,48586,1747907986249.875,-72,7,-141
1747907986288.219,48600,1747907986269.656,-61,3,-138
1747907986308.094,48615,1747907986289.531,-57,16,-146
1747907986327.9368,48650,1747907986309.375,-64,11,-149
1747907986347.781,48687,1747907986329.219,-57,16,-152
1747907986367.656,48720,1747907986349.062,-61,16,-153
1747907986387.5,48762,1747907986368.969,-64,16,-150
1747907986407.375,48806,1747907986388.813,-60,9,-144
1747907986427.187,48849,1747907986408.687,-68,13,-140
1747907986447.031,48888,1747907986428.469,-63,16,-145
1747907986466.875,48921,1747907986448.312,-65,14,-145
1747907986486.75,48968,1747907986468.188,-74,8,-145
1747907986506.562,49000,1747907986488.063,-57,7,-148
1747907986526.406,49055,1747907986507.844,-65,16,-143
1747907986546.313,49094,1747907986527.687,-61,16,-144
1747907986566.125,49150,1747907986547.563,-64,-1,-144
1747907986585.938,49214,1747907986567.406,-73,16,-138
1747907986605.781,49266,1747907986587.219,-68,16,-144
1747907986625.625,49308,1747907986607.094,-57,16,-161
1747907986645.5,49363,1747907986626.906,-68,16,-146
1747907986665.313,49419,1747907986646.781,-59,16,-144
1747907986685.156,49441,1747907986666.594,-66,8,-146
1747907986704.969,49449,1747907986686.438,-72,3,-145
1747907986724.844,49444,1747907986706.281,-61,16,-141
1747907986744.688,49437,1747907986726.125,-68,9,-145
1747907986764.531,49415,1747907986746.0,-58,7,-145
1747907986784.375,49430,1747907986765.875,-77,12,-143
1747907986804.25,49430,1747907986785.687,-61,12,-147
1747907986824.094,49434,1747907986805.562,-68,16,-141
1747907986843.906,49433,1747907986825.406,-65,8,-141
1747907986863.781,49454,1747907986845.219,-72,16,-144
1747907986883.625,49489,1747907986865.063,-72,16,-151
1747907986903.469,49517,1747907986884.906,-58,0,-136
1747907986923.313,49561,1747907986904.812,-61,17,-141
1747907986943.156,49596,1747907986924.594,-68,16,-138
1747907986963.031,49624,1747907986944.469,-63,3,-147
1747907986982.906,49666,1747907986964.344,-57,11,-141
1747907987002.719,49696,1747907986984.1868,-63,19,-144
1747907987022.594,49735,1747907987004.0,-58,7,-138
1747907987042.438,49767,1747907987023.906,-72,14,-145
1747907987062.281,49803,1747907987043.719,-61,16,-146
1747907987082.125,49854,1747907987063.594,-53,7,-141
1747907987101.969,49885,1747907987083.406,-72,8,-148
1747907987121.813,49925,1747907987103.25,-61,8,-141
1747907987141.687,49965,1747907987123.125,-61,14,-141
1747907987161.5,50015,1747907987142.969,-68,11,-144
1747907987181.344,50050,1747907987162.781,-66,3,-144
1747907987201.188,50093,1747907987182.656,-68,16,-143
1747907987221.063,50135,1747907987202.5,-72,16,-141
1747907987240.875,50200,1747907987222.344,-68,7,-153
1747907987260.719,50248,1747907987242.219,-63,16,-140
1747907987280.594,50307,1747907987262.062,-65,17,-138
1747907987300.438,50346,1747907987281.875,-64,16,-153
1747907987320.281,50400,1747907987301.75,-61,7,-142
1747907987340.125,50455,1747907987321.594,-72,16,-138
1747907987359.969,50502,1747907987341.437,-61,16,-143
1747907987379.813,50524,1747907987361.219,-58,16,-142
1747907987399.656,50550,1747907987381.062,-60,12,-130
1747907987419.5,50556,1747907987400.969,-65,16,-142
1747907987439.344,50556,1747907987420.813,-64,7,-144
1747907987459.219,50558,1747907987440.625,-71,8,-148
1747907987479.063,50558,1747907987460.5,-58,13,-141
1747907987498.875,50569,1747907987480.375,-60,7,-138
1747907987518.75,50581,1747907987500.1882,-81,16,-141
1747907987538.594,50585,1747907987520.031,-58,7,-141
1747907987558.438,50619,1747907987539.875,-71,16,-141
1747907987578.25,50651,1747907987559.75,-65,16,-141
1747907987598.125,50685,1747907987579.563,-72,7,-148
1747907987618.0,50721,1747907987599.438,-64,7,-138
1747907987637.844,50763,1747907987619.281,-71,16,-128
1747907987657.688,50804,1747907987639.125,-64,16,-144
1747907987677.531,50833,1747907987659.0,-72,16,-145
1747907987697.375,50880,1747907987678.813,-57,16,-141
1747907987717.25,50905,1747907987698.656,-68,16,-145
1747907987737.062,50944,1747907987718.531,-73,16,-153
1747907987756.938,50994,1747907987738.375,-72,11,-146
1747907987776.875,51025,1747907987758.219,-57,16,-144
1747907987796.656,51059,1747907987778.156,-71,7,-146
1747907987816.469,51105,1747907987797.937,-60,11,-145
1747907987836.375,51147,1747907987817.75,-68,16,-145
1747907987856.188,51206,1747907987837.656,-73,16,-146
1747907987876.062,51242,1747907987857.5,-74,16,-146
1747907987895.875,51290,1747907987877.344,-60,16,-142
1747907987915.719,51343,1747907987897.187,-64,1,-144
1747907987935.594,51382,1747907987917.031,-61,16,-146
1747907987955.438,51435,1747907987936.906,-71,16,-152
1747907987975.25,51476,1747907987956.75,-72,7,-159
1747907987995.125,51528,1747907987976.562,-66,9,-141
1747907988014.969,51574,1747907987996.437,-61,16,-142
1747907988034.844,51634,1747907988016.344,-64,7,-145
1747907988054.688,51667,1747907988036.125,-63,16,-144
1747907988074.5,51695,1747907988055.969,-72,7,-142
1747907988094.375,51704,1747907988075.844,-68,7,-144
1747907988114.313,51710,1747907988095.687,-71,7,-145
1747907988134.094,51708,1747907988115.594,-70,16,-145
1747907988153.937,51722,1747907988135.375,-72,12,-141
1747907988173.812,51712,1747907988155.219,-68,16,-146
1747907988193.625,51709,1747907988175.094,-64,8,-142
1747907988213.5,51707,1747907988194.937,-69,7,-150
1747907988233.313,51718,1747907988214.781,-73,16,-145
1747907988253.156,51745,1747907988234.594,-60,16,-151
1747907988273.0,51781,1747907988254.469,-68,7,-141
1747907988292.844,51822,1747907988274.312,-72,7,-143
1747907988312.6882,51840,1747907988294.125,-68,9,-144
1747907988332.531,51886,1747907988314.0,-64,16,-150
1747907988352.406,51921,1747907988333.844,-72,7,-144
1747907988372.25,51961,1747907988353.781,-68,16,-150
1747907988392.094,51974,1747907988373.531,-71,16,-142
1747907988411.906,52004,1747907988393.375,-64,7,-149
1747907988431.781,52037,1747907988413.219,-66,7,-148
1747907988451.625,52072,1747907988433.094,-72,7,-144
1747907988471.469,52096,1747907988452.9368,-60,7,-149
1747907988491.313,52135,1747907988472.75,-64,7,-143
1747907988511.281,52169,1747907988492.625,-68,16,-143
1747907988531.031,52210,1747907988512.5,-64,15,-141
1747907988550.875,52247,1747907988532.344,-72,7,-144
1747907988570.75,52271,1747907988552.187,-52,7,-144
1747907988590.594,52305,1747907988572.031,-63,1,-144
1747907988610.469,52344,1747907988591.875,-72,16,-137
1747907988630.281,52369,1747907988611.7808,-72,7,-141
1747907988650.156,52402,1747907988631.594,-64,16,-144
1747907988670.031,52449,1747907988651.437,-58,8,-144
1747907988689.875,52483,1747907988671.344,-63,16,-145
1747907988709.719,52527,1747907988691.188,-72,16,-145
1747907988729.562,52550,1747907988711.0,-71,16,-145
1747907988749.406,52568,1747907988730.875,-71,16,-144
1747907988769.281,52575,1747907988750.719,-65,16,-142
1747907988789.094,52577,1747907988770.563,-56,7,-144
1747907988808.937,52576,1747907988790.406,-68,16,-145
1747907988828.781,52579,1747907988810.219,-60,12,-148
1747907988848.625,52585,1747907988830.094,-61,3,-144
1747907988868.469,52590,1747907988849.938,-64,11,-144
1747907988888.312,52587,1747907988869.781,-58,11,-144
1747907988908.187,52599,1747907988889.625,-64,16,-145
1747907988928.031,52612,1747907988909.469,-68,24,-136
1747907988947.875,52640,1747907988929.344,-68,15,-147
1747907988967.688,52677,1747907988949.156,-61,7,-144
1747907988987.562,52689,1747907988968.969,-72,7,-132
1747907989007.406,52712,1747907988988.844,-71,16,-142
1747907989027.281,52738,1747907989008.719,-61,7,-146
1747907989047.094,52751,1747907989028.625,-61,8,-145
1747907989066.937,52789,1747907989048.406,-68,16,-150
1747907989086.812,52803,1747907989068.25,-61,16,-142
1747907989106.656,52839,1747907989088.125,-73,16,-142
1747907989126.469,52864,1747907989107.937,-64,16,-149
1747907989146.313,52874,1747907989127.781,-64,3,-153
1747907989166.187,52908,1747907989147.594,-60,16,-144
1747907989186.031,52937,1747907989167.5,-69,9,-146
1747907989205.844,52966,1747907989187.3118,-56,11,-141
1747907989225.719,52989,1747907989207.156,-61,16,-151
1747907989245.563,53015,1747907989227.031,-71,16,-146
1747907989265.406,53038,1747907989246.844,-57,28,-137
1747907989285.25,53063,1747907989266.719,-64,16,-143
1747907989305.094,53088,1747907989286.562,-48,6,-144
1747907989324.969,53133,1747907989306.375,-72,16,-145
1747907989344.812,53171,1747907989326.219,-61,8,-146
1747907989364.625,53197,1747907989346.125,-71,14,-146
1747907989384.5,53202,1747907989365.937,-64,16,-146
1747907989404.344,53218,1747907989385.812,-72,7,-144
1747907989424.219,53219,1747907989405.656,-73,16,-146
1747907989444.031,53210,1747907989425.5,-63,1,-151
1747907989463.875,53204,1747907989445.344,-58,3,-144
1747907989483.75,53207,1747907989465.187,-80,16,-138
1747907989503.563,53209,1747907989485.0,-61,16,-147
1747907989523.438,53219,1747907989504.875,-60,7,-150
1747907989543.25,53225,1747907989524.719,-56,7,-146
1747907989563.094,53241,1747907989544.562,-63,7,-142
1747907989583.0,53255,1747907989564.406,-64,16,-145
