Local: ,2025-05-22 00:00:00+02:00,tz_sec ,7200
Linux Epoch (ms):,1747864800000.0
PPG Timestamp,PPG,ADXL Timestamp,X,Y,Z
1747907046663.406,237326,1747907046644.469,-81,-33,-121
1747907046683.25,237359,1747907046664.281,-79,-32,-121
1747907046703.094,237388,1747907046684.188,-80,-32,-121
1747907046722.938,237420,1747907046704.0,-77,-34,-119
1747907046742.781,237456,1747907046723.875,-75,-33,-121
1747907046762.656,237508,1747907046743.719,-89,-32,-122
1747907046782.5,237566,1747907046763.562,-89,-36,-118
1747907046802.344,237583,1747907046783.406,-80,-33,-122
1747907046822.188,237634,1747907046803.281,-80,-32,-124
1747907046842.031,237680,1747907046823.125,-87,-32,-116
1747907046861.937,237737,1747907046842.969,-97,-32,-124
1747907046881.75,237752,1747907046862.844,-84,-29,-125
1747907046901.656,237694,1747907046882.656,-77,-39,-122
1747907046921.438,237592,1747907046902.5,-84,-33,-120
1747907046941.312,237441,1747907046922.375,-79,-36,-122
1747907046961.125,237287,1747907046942.219,-88,-29,-118
1747907046981.0,237126,1747907046962.094,-80,-32,-137
1747907047000.844,236981,1747907046981.906,-88,-32,-121
1747907047020.688,236863,1747907047001.781,-80,-31,-118
1747907047040.531,236753,1747907047021.625,-76,-36,-116
1747907047060.375,236692,1747907047041.469,-87,-36,-121
1747907047080.25,236631,1747907047061.281,-88,-34,-121
1747907047100.125,236589,1747907047081.156,-79,-34,-121
1747907047119.969,236576,1747907047101.031,-81,-29,-121
1747907047139.812,236572,1747907047120.906,-79,-32,-121
1747907047159.688,236557,1747907047140.75,-87,-26,-114
1747907047179.563,236556,1747907047160.563,-78,-37,-117
1747907047199.375,236526,1747907047180.469,-77,-37,-117
1747907047219.25,236492,1747907047200.344,-84,-34,-121
1747907047239.094,236443,1747907047220.156,-88,-29,-121
1747907047258.938,236430,1747907047240.0,-80,-45,-118
1747907047278.781,236406,1747907047259.875,-89,-34,-116
1747907047298.625,236378,1747907047279.687,-74,-39,-121
1747907047318.5,236403,1747907047299.562,-80,-40,-129
1747907047338.344,236387,1747907047319.406,-83,-33,-121
1747907047358.156,236398,1747907047339.25,-80,-36,-130
1747907047378.031,236442,1747907047359.125,-87,-33,-114
1747907047397.906,236452,1747907047378.969,-80,-32,-113
1747907047417.781,236477,1747907047398.813,-84,-32,-121
1747907047437.625,236532,1747907047418.781,-77,-34,-120
1747907047457.5,236573,1747907047438.562,-84,-33,-121
1747907047477.344,236604,1747907047458.406,-93,-36,-121
1747907047497.219,236660,1747907047478.25,-95,-33,-118
1747907047517.094,236705,1747907047498.156,-80,-36,-120
1747907047536.906,236798,1747907047518.0308,-78,-32,-116
1747907047556.75,236816,1747907047537.812,-87,-34,-112
1747907047576.625,236819,1747907047557.687,-80,-34,-121
1747907047596.437,236736,1747907047577.531,-97,-10,-117
1747907047616.313,236588,1747907047597.375,-77,-32,-121
1747907047636.219,236431,1747907047617.219,-88,-34,-116
1747907047656.0618,236231,1747907047637.094,-83,-41,-103
1747907047675.875,236060,1747907047657.031,-80,-32,-121
1747907047695.719,235886,1747907047676.813,-87,-36,-124
1747907047715.594,235758,1747907047696.656,-77,-31,-128
1747907047735.469,235641,1747907047716.5,-84,-36,-121
1747907047755.25,235561,1747907047736.375,-74,-32,-122
1747907047775.125,235489,1747907047756.219,-79,-29,-121
1747907047795.0,235454,1747907047776.031,-92,-33,-121
1747907047814.844,235412,1747907047795.969,-92,-34,-117
1747907047834.719,235386,1747907047815.781,-78,-32,-127
1747907047854.562,235351,1747907047835.656,-94,-36,-114
1747907047874.5,235307,1747907047855.5,-72,-37,-121
1747907047894.313,235262,1747907047875.344,-89,-32,-120
1747907047914.125,235220,1747907047895.219,-81,-36,-122
1747907047933.969,235183,1747907047915.094,-82,-24,-117
1747907047953.938,235127,1747907047934.906,-87,-32,-122
1747907047973.688,235102,1747907047954.844,-80,-32,-121
1747907047993.531,235104,1747907047974.625,-84,-33,-113
1747907048013.406,235090,1747907047994.5,-93,-34,-116
1747907048033.25,235099,1747907048014.344,-80,-38,-118
1747907048053.188,235101,1747907048034.188,-85,-36,-121
1747907048073.031,235117,1747907048054.062,-80,-32,-125
1747907048092.875,235135,1747907048073.937,-80,-33,-125
1747907048112.719,235197,1747907048093.75,-88,-36,-121
1747907048132.594,235200,1747907048113.625,-87,-32,-125
1747907048152.406,235243,1747907048133.5,-80,-32,-116
1747907048172.25,235275,1747907048153.375,-82,-36,-116
1747907048192.125,235341,1747907048173.187,-84,-35,-115
1747907048211.937,235382,1747907048193.031,-82,-34,-114
1747907048231.781,235407,1747907048212.875,-84,-40,-116
1747907048251.625,235342,1747907048232.719,-79,-32,-122
1747907048271.5,235216,1747907048252.594,-88,-32,-128
1747907048291.375,235013,1747907048272.406,-80,-33,-122
1747907048311.188,234776,1747907048292.281,-89,-32,-121
1747907048331.063,234569,1747907048312.125,-80,-20,-121
1747907048350.937,234363,1747907048332.031,-90,-34,-121
1747907048370.781,234174,1747907048351.875,-80,-34,-117
1747907048390.625,234006,1747907048371.719,-88,-36,-112
1747907048410.5,233863,1747907048391.563,-79,-36,-116
1747907048430.313,233765,1747907048411.437,-90,-32,-118
1747907048450.187,233670,1747907048431.219,-77,-32,-121
1747907048470.031,233602,1747907048451.125,-79,-33,-117
1747907048489.875,233548,1747907048470.969,-89,-34,-121
1747907048509.75,233508,1747907048490.813,-81,-32,-121
1747907048529.594,233437,1747907048510.656,-89,-33,-124
1747907048549.437,233390,1747907048530.531,-77,-34,-118
1747907048569.281,233317,1747907048550.375,-81,-37,-118
1747907048589.125,233274,1747907048570.219,-89,-32,-114
1747907048608.969,233226,1747907048590.031,-64,-31,-119
1747907048628.844,233182,1747907048609.906,-81,-36,-121
1747907048648.656,233148,1747907048629.781,-92,-35,-116
1747907048668.531,233138,1747907048649.625,-79,-32,-114
1747907048688.406,233124,1747907048669.4692,-87,-36,-116
1747907048708.281,233136,1747907048689.312,-88,-32,-118
1747907048728.094,233154,1747907048709.187,-79,-31,-128
1747907048747.969,233184,1747907048729.063,-77,-30,-122
1747907048767.781,233219,1747907048748.875,-80,-34,-118
1747907048787.656,233266,1747907048768.719,-93,-34,-119
1747907048807.5,233290,1747907048788.562,-77,-34,-120
1747907048827.344,233346,1747907048808.438,-84,-30,-117
1747907048847.219,233390,1747907048828.281,-88,-32,-118
1747907048867.188,233444,1747907048848.125,-79,-32,-121
1747907048886.906,233498,1747907048868.031,-80,-36,-120
1747907048906.75,233498,1747907048887.844,-93,-29,-121
1747907048926.625,233421,1747907048907.656,-80,-32,-117
1747907048946.469,233262,1747907048927.563,-97,-37,-116
1747907048966.313,233035,1747907048947.406,-92,-33,-117
1747907048986.156,232774,1747907048967.219,-79,-33,-120
1747907049006.031,232543,1747907048987.094,-79,-32,-114
1747907049025.906,232324,1747907049006.906,-80,-34,-121
1747907049045.75,232123,1747907049026.813,-90,-32,-125
1747907049065.594,231929,1747907049046.656,-90,-34,-112
1747907049085.469,231793,1747907049066.5,-80,-39,-125
1747907049105.313,231679,1747907049086.375,-79,-32,-130
1747907049125.156,231573,1747907049106.25,-80,-36,-120
1747907049145.0,231481,1747907049126.094,-85,-32,-117
1747907049164.844,231427,1747907049145.906,-89,-36,-122
1747907049184.719,231352,1747907049165.781,-79,-33,-118
1747907049204.594,231292,1747907049185.625,-90,-35,-117
1747907049224.406,231231,1747907049205.5308,-80,-34,-125
1747907049244.281,231184,1747907049225.312,-82,-32,-122
1747907049264.156,231107,1747907049245.219,-80,-36,-121
1747907049283.969,231050,1747907049265.063,-79,-32,-126
1747907049303.813,231005,1747907049284.938,-76,-33,-122
1747907049323.719,230963,1747907049304.719,-72,-33,-122
1747907049343.531,230934,1747907049324.625,-96,-33,-125
1747907049363.375,230915,1747907049344.469,-77,-33,-116
1747907049383.25,230915,1747907049364.281,-81,-33,-121
1747907049403.125,230939,1747907049384.156,-81,-32,-129
1747907049422.969,230943,1747907049404.031,-77,-32,-121
1747907049442.812,230970,1747907049423.875,-93,-34,-121
1747907049462.656,230995,1747907049443.75,-89,-31,-126
1747907049482.531,231066,1747907049463.563,-84,-32,-121
1747907049502.375,231103,1747907049483.469,-88,-34,-121
1747907049522.219,231150,1747907049503.281,-76,-35,-114
1747907049542.094,231218,1747907049523.125,-77,-36,-122
1747907049561.906,231263,1747907049543.0,-79,-29,-121
1747907049581.781,231335,1747907049562.813,-87,-25,-122
1747907049601.625,231337,1747907049582.719,-77,-33,-120
1747907049621.469,231253,1747907049602.562,-69,-36,-118
1747907049641.344,231057,1747907049622.375,-80,-36,-112
1747907049661.188,230831,1747907049642.25,-77,-32,-121
1747907049681.031,230550,1747907049662.125,-84,-32,-125
1747907049700.906,230287,1747907049681.969,-88,-34,-121
1747907049720.75,230044,1747907049701.813,-76,-32,-121
1747907049740.625,229859,1747907049721.656,-80,-32,-135
1747907049760.469,229672,1747907049741.562,-84,-32,-122
1747907049780.312,229531,1747907049761.406,-84,-29,-117
1747907049800.187,229400,1747907049781.25,-80,-34,-128
1747907049820.031,229292,1747907049801.125,-80,-31,-122
1747907049839.875,229191,1747907049820.969,-72,-32,-117
1747907049859.719,229129,1747907049840.812,-81,-34,-121
1747907049879.625,229071,1747907049860.656,-84,-32,-113
1747907049899.469,229018,1747907049880.531,-80,-32,-122
1747907049919.313,228948,1747907049900.4058,-97,-32,-118
1747907049939.188,228877,1747907049920.25,-82,-32,-116
1747907049959.031,228827,1747907049940.094,-80,-36,-120
1747907049978.875,228777,1747907049959.938,-87,-31,-120
1747907049998.719,228722,1747907049979.781,-78,-28,-121
1747907050018.563,228709,1747907049999.687,-87,-25,-122
1747907050038.437,228681,1747907050019.531,-84,-36,-114
1747907050058.312,228690,1747907050039.375,-85,-36,-121
1747907050078.125,228680,1747907050059.188,-79,-41,-101
1747907050097.969,228723,1747907050079.125,-88,-33,-114
1747907050117.813,228760,1747907050098.937,-77,-33,-121
1747907050137.687,228782,1747907050118.75,-77,-36,-128
1747907050157.531,228858,1747907050138.625,-84,-32,-124
1747907050177.375,228903,1747907050158.5,-88,-34,-122
1747907050197.219,228949,1747907050178.313,-74,-36,-121
1747907050217.094,229012,1747907050198.156,-90,-29,-120
1747907050236.937,229076,1747907050218.0,-85,-33,-116
1747907050256.75,229162,1747907050237.813,-80,-35,-123
1747907050276.625,229241,1747907050257.719,-77,-30,-121
1747907050296.469,229337,1747907050277.531,-72,-31,-117
1747907050316.344,229406,1747907050297.406,-82,-32,-125
1747907050336.156,229470,1747907050317.25,-77,-32,-122
1747907050356.0,229447,1747907050337.063,-81,-29,-125
1747907050375.844,229322,1747907050356.938,-89,-31,-121
1747907050395.688,229123,1747907050376.75,-82,-34,-114
1747907050415.5,228878,1747907050396.625,-80,-41,-114
1747907050435.344,228614,1747907050416.469,-88,-31,-121
1747907050455.219,228412,1747907050436.281,-80,-38,-128
1747907050475.063,228232,1747907050456.125,-87,-33,-128
1747907050494.906,228052,1747907050475.969,-84,-32,-116
1747907050514.75,227945,1747907050495.875,-88,-34,-113
1747907050534.625,227799,1747907050515.688,-84,-33,-121
1747907050554.469,227730,1747907050535.531,-85,-32,-124
1747907050574.281,227683,1747907050555.406,-76,-31,-121
1747907050594.156,227638,1747907050575.219,-76,-26,-122
1747907050614.031,227599,1747907050595.062,-82,-33,-114
1747907050633.844,227547,1747907050614.969,-92,-31,-125
1747907050653.688,227537,1747907050634.75,-87,-32,-112
1747907050673.531,227489,1747907050654.625,-77,-38,-121
1747907050693.375,227482,1747907050674.469,-97,-8,-137
1747907050713.25,227436,1747907050694.313,-87,-36,-116
1747907050733.063,227438,1747907050714.156,-87,-33,-114
1747907050752.938,227432,1747907050734.0,-77,-32,-129
1747907050772.781,227439,1747907050753.875,-79,-36,-114
1747907050792.625,227437,1747907050773.6868,-77,-32,-116
1747907050812.469,227468,1747907050793.5,-85,-33,-116
1747907050832.281,227514,1747907050813.375,-84,-36,-121
1747907050852.156,227593,1747907050833.25,-93,-34,-119
1747907050872.031,227639,1747907050853.125,-88,-30,-125
1747907050891.875,227697,1747907050872.937,-80,-32,-121
1747907050911.688,227781,1747907050892.781,-80,-36,-121
1747907050931.563,227840,1747907050912.656,-84,-36,-125
1747907050951.437,227948,1747907050932.469,-80,-34,-116
1747907050971.281,228028,1747907050952.375,-65,-38,-113
1747907050991.094,228111,1747907050972.188,-79,-36,-112
1747907051010.969,228221,1747907050992.063,-93,-32,-122
1747907051030.813,228327,1747907051011.906,-85,-9,-128
1747907051050.687,228422,1747907051031.75,-89,-33,-120
1747907051070.5,228518,1747907051051.594,-80,-34,-122
1747907051090.375,228642,1747907051071.438,-89,-32,-129
1747907051110.219,228758,1747907051091.281,-80,-37,-122
1747907051130.063,228790,1747907051111.125,-87,-32,-121
1747907051149.906,228748,1747907051130.969,-80,-32,-120
1747907051169.75,228613,1747907051150.812,-88,-36,-121
1747907051189.594,228428,1747907051170.656,-77,-32,-120
1747907051209.438,228233,1747907051190.5,-80,-35,-124
1747907051229.281,228034,1747907051210.375,-73,-32,-117
1747907051249.125,227869,1747907051230.219,-77,-36,-121
1747907051268.969,227746,1747907051250.031,-90,-27,-116
1747907051288.844,227652,1747907051269.875,-74,-34,-121
1747907051308.656,227558,1747907051289.75,-57,-38,-121
1747907051328.531,227522,1747907051309.625,-90,-36,-112
1747907051348.375,227493,1747907051329.469,-74,-32,-120
1747907051368.25,227469,1747907051349.313,-90,-22,-121
1747907051388.094,227470,1747907051369.1558,-79,-32,-122
1747907051407.938,227472,1747907051389.031,-80,-34,-121
1747907051427.812,227471,1747907051408.875,-84,-32,-112
1747907051447.687,227450,1747907051428.719,-76,-33,-126
1747907051467.469,227437,1747907051448.625,-89,-34,-121
1747907051487.344,227411,1747907051468.437,-88,-32,-128
1747907051507.219,227404,1747907051488.281,-89,-33,-118
1747907051527.062,227430,1747907051508.125,-79,-30,-121
1747907051546.906,227435,1747907051528.031,-82,-34,-121
1747907051566.75,227463,1747907051547.813,-80,-40,-121
1747907051586.625,227517,1747907051567.687,-89,-31,-117
1747907051606.469,227572,1747907051587.531,-76,-23,-116
1747907051626.344,227648,1747907051607.375,-89,-33,-122
1747907051646.188,227718,1747907051627.281,-76,-36,-125
1747907051666.0308,227819,1747907051647.125,-85,-35,-112
1747907051685.906,227902,1747907051666.969,-77,-34,-116
1747907051705.75,227994,1747907051686.812,-91,-14,-122
1747907051725.594,228079,1747907051706.688,-80,-39,-117
1747907051745.531,228167,1747907051726.562,-77,-32,-114
1747907051765.312,228288,1747907051746.375,-79,-41,-108
1747907051785.156,228400,1747907051766.313,-80,-32,-124
1747907051804.969,228492,1747907051786.094,-87,-36,-121
1747907051824.844,228612,1747907051805.938,-77,-34,-125
1747907051844.75,228724,1747907051825.75,-87,-32,-113
1747907051864.625,228838,1747907051845.656,-90,-31,-125
1747907051884.437,228950,1747907051865.594,-80,-31,-122
1747907051904.313,229007,1747907051885.406,-90,-34,-121
1747907051924.156,228968,1747907051905.219,-81,-34,-121
1747907051944.0,228881,1747907051925.094,-80,-36,-121
1747907051963.844,228731,1747907051944.937,-90,-33,-121
1747907051983.781,228559,1747907051964.813,-72,-36,-116
1747907052003.594,228432,1747907051984.625,-84,-33,-112
1747907052023.438,228298,1747907052004.5,-79,-36,-124
1747907052043.312,228203,1747907052024.375,-68,-28,-119
1747907052063.188,228128,1747907052044.25,-87,-36,-121
1747907052083.031,228095,1747907052064.094,-80,-36,-122
1747907052102.875,228069,1747907052084.031,-84,-18,-116
1747907052122.719,228093,1747907052103.812,-80,-34,-121
1747907052142.594,228140,1747907052123.688,-77,-34,-127
1747907052162.469,228165,1747907052143.5,-87,-34,-112
1747907052182.313,228175,1747907052163.375,-90,-32,-121
1747907052202.187,228210,1747907052183.281,-81,-32,-116
1747907052222.062,228228,1747907052203.125,-88,-30,-125
1747907052241.9382,228254,1747907052222.969,-79,-36,-116
1747907052261.75,228273,1747907052242.844,-85,-33,-116
1747907052281.625,228293,1747907052262.687,-77,-34,-124
1747907052301.562,228325,1747907052282.562,-80,-40,-122
1747907052321.375,228382,1747907052302.5,-80,-40,-116
1747907052341.219,228438,1747907052322.25,-81,-36,-122
1747907052361.094,228477,1747907052342.187,-90,-36,-121
1747907052380.969,228560,1747907052362.0,-80,-34,-114
1747907052400.844,228630,1747907052381.875,-89,-32,-116
1747907052420.688,228732,1747907052401.75,-79,-32,-113
1747907052440.562,228816,1747907052421.625,-81,-21,-122
1747907052460.469,228926,1747907052441.5,-74,-34,-117
1747907052480.375,229010,1747907052461.375,-89,-33,-120
1747907052500.1882,229125,1747907052481.25,-78,-33,-103
1747907052520.062,229224,1747907052501.187,-92,-33,-113
1747907052539.906,229359,1747907052520.969,-85,-35,-117
1747907052559.781,229477,1747907052540.844,-77,-31,-121
1747907052579.625,229604,1747907052560.719,-85,-32,-120
1747907052599.531,229708,1747907052580.562,-79,-34,-121
1747907052619.344,229816,1747907052600.437,-75,-33,-125
1747907052639.219,229879,1747907052620.25,-89,-33,-120
1747907052659.031,229848,1747907052640.156,-80,-34,-118
1747907052678.938,229761,1747907052660.0,-80,-36,-118
1747907052698.812,229643,1747907052679.875,-77,-34,-124
1747907052718.656,229480,1747907052699.719,-80,-32,-125
1747907052738.531,229347,1747907052719.594,-80,-32,-114
1747907052758.375,229259,1747907052739.438,-77,-34,-122
1747907052778.25,229173,1747907052759.281,-80,-32,-121
1747907052798.125,229113,1747907052779.156,-84,-36,-121
1747907052817.969,229092,1747907052799.063,-79,-36,-114
1747907052837.813,229108,1747907052818.906,-87,-32,-121
1747907052857.687,229114,1747907052838.75,-80,-32,-120
1747907052877.531,229167,1747907052858.594,-92,-33,-121
1747907052897.375,229202,1747907052878.469,-74,-37,-112
1747907052917.25,229236,1747907052898.344,-80,-34,-125
1747907052937.094,229274,1747907052918.187,-79,-36,-121
1747907052956.969,229303,1747907052938.062,-92,-32,-122
1747907052976.8118,229351,1747907052957.875,-80,-32,-120
1747907052996.656,229396,1747907052977.75,-79,-36,-121
1747907053016.5,229440,1747907052997.563,-84,-32,-118
1747907053036.437,229489,1747907053017.437,-87,-34,-118
1747907053056.187,229549,1747907053037.344,-90,-32,-121
1747907053076.062,229619,1747907053057.156,-74,-33,-119
1747907053095.938,229690,1747907053077.0,-84,-39,-118
1747907053115.781,229778,1747907053096.844,-97,-32,-121
1747907053135.625,229871,1747907053116.687,-79,-36,-125
1747907053155.562,229973,1747907053136.563,-79,-32,-117
1747907053175.344,230094,1747907053156.406,-88,-33,-112
1747907053195.219,230189,1747907053176.25,-89,-32,-120
1747907053215.031,230316,1747907053196.125,-87,-34,-122
1747907053234.937,230439,1747907053215.969,-77,-36,-120
1747907053254.813,230571,1747907053235.844,-87,-33,-114
1747907053274.656,230676,1747907053255.719,-77,-34,-121
1747907053294.5,230831,1747907053275.562,-77,-30,-118
1747907053314.375,230985,1747907053295.437,-77,-32,-118
1747907053334.219,231112,1747907053315.281,-89,-32,-118
1747907053354.094,231228,1747907053335.188,-68,-29,-121
1747907053373.938,231316,1747907053355.031,-89,-34,-121
1747907053393.812,231330,1747907053374.875,-79,-31,-126
1747907053413.687,231271,1747907053394.719,-82,-33,-122
1747907053433.563,231144,1747907053414.594,-77,-32,-116
1747907053453.375,231016,1747907053434.469,-80,-36,-116
1747907053473.25,230876,1747907053454.344,-80,-32,-112
1747907053493.125,230755,1747907053474.156,-81,-36,-121
1747907053513.0,230684,1747907053494.0,-89,-14,-121
1747907053532.844,230613,1747907053513.937,-88,-32,-121
1747907053552.687,230592,1747907053533.781,-81,-39,-118
1747907053572.562,230553,1747907053553.625,-73,-34,-100
1747907053592.406,230571,1747907053573.5,-81,-32,-119
1747907053612.25,230583,1747907053593.313,-80,-33,-120
1747907053632.094,230607,1747907053613.219,-87,-32,-117
1747907053651.969,230639,1747907053633.031,-80,-32,-114
1747907053671.844,230660,1747907053652.875,-87,-36,-116
1747907053691.656,230718,1747907053672.781,-81,-36,-113
1747907053711.531,230732,1747907053692.594,-89,-30,-117
1747907053731.406,230773,1747907053712.469,-81,-32,-119
1747907053751.281,230841,1747907053732.312,-93,-32,-116
1747907053771.125,230875,1747907053752.219,-80,-34,-121
1747907053791.0,230931,1747907053772.063,-72,-40,-125
1747907053810.906,230993,1747907053791.906,-76,-41,-124
1747907053830.719,231063,1747907053811.844,-79,-36,-116
1747907053850.594,231146,1747907053831.688,-95,-31,-121
1747907053870.469,231237,1747907053851.531,-89,-31,-121
1747907053890.4368,231338,1747907053871.406,-76,-36,-122
1747907053910.156,231435,1747907053891.25,-87,-35,-114
1747907053930.031,231541,1747907053911.094,-77,-34,-121
1747907053949.906,231666,1747907053930.938,-80,-20,-121
1747907053969.75,231775,1747907053950.812,-80,-34,-128
1747907053989.594,231905,1747907053970.687,-80,-34,-121
1747907054009.437,232018,1747907053990.531,-88,-32,-127
1747907054029.313,232102,1747907054010.406,-77,-34,-116
1747907054049.188,232248,1747907054030.188,-82,-34,-125
1747907054069.031,232355,1747907054050.094,-85,-36,-122
1747907054088.906,232497,1747907054070.0,-75,-30,-121
1747907054108.75,232573,1747907054089.844,-79,-36,-121
1747907054128.625,232605,1747907054109.656,-84,-32,-125
1747907054148.469,232551,1747907054129.562,-81,-25,-121
1747907054168.344,232449,1747907054149.406,-80,-36,-126
1747907054188.188,232320,1747907054169.25,-69,-32,-122
1747907054208.063,232189,1747907054189.094,-80,-31,-120
1747907054227.906,232073,1747907054208.9692,-85,-36,-122
1747907054247.781,231978,1747907054228.844,-85,-21,-129
1747907054267.625,231929,1747907054248.688,-91,-31,-116
1747907054287.5,231884,1747907054268.563,-87,-42,-125
1747907054307.344,231852,1747907054288.406,-73,-41,-113
1747907054327.187,231841,1747907054308.281,-85,-29,-121
1747907054347.031,231879,1747907054328.125,-89,-30,-130
1747907054366.906,231919,1747907054347.969,-85,-30,-127
1747907054386.75,231966,1747907054367.813,-92,-32,-118
1747907054406.563,231966,1747907054387.687,-92,-32,-118
1747907054446.156,174012,1747907054427.344,-89,-32,-125
1747907054466.0,174050,1747907054447.25,-77,-35,-119
1747907054485.875,174066,1747907054467.094,-87,-39,-124
1747907054505.719,174091,1747907054486.969,-74,-41,-114
1747907054525.562,174131,1747907054506.781,-80,-43,-114
1747907054545.437,174172,1747907054526.656,-78,-38,-118
1747907054565.281,174217,1747907054546.5,-89,-39,-129
1747907054585.125,174295,1747907054566.375,-81,-48,-121
1747907054605.0,174321,1747907054586.219,-80,-37,-116
1747907054624.844,174399,1747907054606.063,-82,-37,-118
1747907054644.687,174472,1747907054625.938,-81,-41,-116
1747907054664.531,174544,1747907054645.812,-82,-38,-118
1747907054684.406,174621,1747907054665.625,-77,-37,-124
1747907054704.25,174704,1747907054685.469,-79,-40,-121
1747907054724.094,174782,1747907054705.344,-88,-37,-118
1747907054744.0,174865,1747907054725.188,-79,-37,-114
1747907054763.813,174950,1747907054745.094,-82,-37,-114
1747907054783.687,175036,1747907054764.875,-82,-40,-118
1747907054803.5,175133,1747907054784.781,-87,-33,-121
1747907054823.375,175226,1747907054804.594,-88,-33,-121
1747907054843.219,175300,1747907054824.469,-77,-37,-121
1747907054863.094,175369,1747907054844.312,-72,-37,-124
1747907054882.937,175391,1747907054864.156,-81,-45,-128
1747907054902.812,175353,1747907054884.063,-77,-40,-124
1747907054922.656,175297,1747907054903.875,-68,-37,-118
1747907054942.563,175227,1747907054923.719,-77,-37,-114
1747907054962.406,175153,1747907054943.625,-77,-33,-128
1747907054982.25,175074,1747907054963.469,-90,-28,-115
1747907055002.125,175039,1747907054983.313,-77,-36,-118
1747907055021.969,174997,1747907055003.219,-80,-34,-124
1747907055041.812,174973,1747907055023.031,-82,-39,-104
1747907055061.656,174982,1747907055042.906,-78,-41,-114
1747907055081.531,175007,1747907055062.75,-78,-33,-109
1747907055101.406,175039,1747907055082.687,-82,-34,-121
1747907055121.25,175080,1747907055102.469,-74,-33,-118
1747907055141.094,175101,1747907055122.344,-89,-36,-104
1747907055160.969,175135,1747907055142.188,-81,-40,-113
1747907055180.813,175167,1747907055162.031,-88,-41,-114
1747907055200.688,175195,1747907055181.906,-79,-37,-125
1747907055220.531,175219,1747907055201.75,-88,-33,-135
1747907055240.375,175245,1747907055221.594,-80,-37,-120
1747907055260.219,175292,1747907055241.469,-97,-49,-116
1747907055280.063,175333,1747907055261.312,-80,-37,-127
1747907055299.906,175368,1747907055281.156,-84,-40,-121
1747907055319.75,175438,1747907055301.0,-89,-41,-124
1747907055339.625,175488,1747907055320.813,-79,-39,-121
1747907055359.469,175551,1747907055340.688,-85,-36,-122
1747907055379.344,175624,1747907055360.562,-80,-40,-112
1747907055399.219,175690,1747907055380.406,-84,-37,-121
1747907055419.062,175773,1747907055400.281,-87,-39,-118
1747907055438.906,175839,1747907055420.125,-80,-35,-122
1747907055458.781,175942,1747907055440.031,-79,-37,-117
1747907055478.625,176010,1747907055459.844,-80,-37,-118
1747907055498.5,176089,1747907055479.719,-77,-37,-114
1747907055518.344,176180,1747907055499.594,-77,-40,-114
1747907055538.219,176265,1747907055519.469,-89,-36,-121
1747907055558.094,176348,1747907055539.281,-79,-26,-121
1747907055577.969,176440,1747907055559.188,-89,-36,-113
1747907055597.812,176530,1747907055579.031,-69,-40,-121
1747907055617.656,176564,1747907055598.906,-77,-35,-125
1747907055637.563,176572,1747907055618.719,-85,-40,-121
1747907055657.406,176519,1747907055638.594,-81,-33,-131
1747907055677.25,176461,1747907055658.469,-88,-37,-117
1747907055697.125,176419,1747907055678.375,-77,-34,-121
1747907055716.969,176330,1747907055698.187,-84,-41,-103
1747907055736.844,176285,1747907055718.031,-80,-37,-116
1747907055756.656,176234,1747907055737.906,-95,-38,-114
1747907055776.531,176234,1747907055757.719,-77,-39,-128
1747907055796.375,176219,1747907055777.594,-87,-34,-122
1747907055816.312,176236,1747907055797.469,-77,-40,-124
1747907055836.094,176252,1747907055817.375,-77,-39,-117
1747907055855.937,176287,1747907055837.188,-88,-37,-120
1747907055875.813,176333,1747907055857.031,-89,-36,-121
1747907055895.656,176354,1747907055876.875,-74,-37,-122
1747907055915.5,176391,1747907055896.75,-90,-34,-118
1747907055935.344,176419,1747907055916.594,-84,-41,-114
1747907055955.219,176438,1747907055936.375,-79,-37,-116
1747907055975.094,176480,1747907055956.281,-86,-36,-120
1747907055994.937,176501,1747907055976.156,-65,-33,-121
1747907056014.781,176545,1747907055996.031,-82,-38,-121
1747907056034.625,176569,1747907056015.844,-79,-40,-118
1747907056054.5,176618,1747907056035.656,-80,-34,-106
1747907056074.313,176666,1747907056055.562,-77,-41,-122
1747907056094.156,176741,1747907056075.438,-81,-45,-122
1747907056114.031,176795,1747907056095.25,-90,-37,-121
1747907056133.875,176866,1747907056115.125,-73,-34,-121
1747907056153.719,176909,1747907056134.937,-80,-35,-114
1747907056173.563,176975,1747907056154.844,-93,-39,-112
1747907056193.437,177081,1747907056174.625,-76,-37,-116
1747907056213.281,177146,1747907056194.5,-80,-37,-118
1747907056233.125,177216,1747907056214.375,-84,-34,-122
1747907056252.969,177284,1747907056234.219,-77,-39,-117
1747907056272.812,177347,1747907056254.062,-84,-36,-119
1747907056292.687,177446,1747907056273.875,-77,-36,-124
1747907056312.5,177509,1747907056293.75,-84,-36,-121
1747907056332.344,177574,1747907056313.625,-73,-27,-117
1747907056352.25,177585,1747907056333.437,-80,-37,-121
1747907056372.094,177553,1747907056353.313,-74,-37,-113
1747907056391.937,177522,1747907056373.156,-81,-23,-113
1747907056411.875,177443,1747907056393.0308,-84,-41,-120
1747907056431.625,177389,1747907056412.844,-80,-24,-130
1747907056451.5,177343,1747907056432.719,-80,-40,-129
1747907056471.344,177289,1747907056452.594,-84,-36,-121
1747907056491.188,177270,1747907056472.375,-77,-44,-131
1747907056511.063,177259,1747907056492.25,-79,-36,-119
1747907056530.906,177259,1747907056512.125,-88,-33,-122
1747907056550.75,177269,1747907056531.969,-81,-33,-121
1747907056570.594,177298,1747907056551.813,-80,-36,-127
1747907056590.438,177311,1747907056571.656,-81,-40,-114
1747907056610.313,177351,1747907056591.5,-72,-41,-119
1747907056630.187,177386,1747907056611.406,-88,-37,-144
1747907056650.031,177407,1747907056631.281,-82,-34,-118
1747907056669.875,177403,1747907056651.094,-72,-39,-113
1747907056689.75,177424,1747907056670.937,-84,-36,-118
1747907056709.625,177448,1747907056690.812,-77,-33,-122
1747907056729.469,177486,1747907056710.6882,-80,-32,-117
1747907056749.344,177518,1747907056730.563,-77,-37,-115
1747907056769.188,177550,1747907056750.406,-89,-34,-114
1747907056789.062,177590,1747907056770.281,-77,-33,-128
1747907056808.906,177627,1747907056790.156,-87,-38,-115
1747907056828.781,177694,1747907056810.0,-81,-36,-122
1747907056848.625,177738,1747907056829.875,-88,-37,-118
1747907056868.5,177791,1747907056849.719,-77,-38,-119
1747907056888.344,177869,1747907056869.625,-76,-33,-123
1747907056908.219,177920,1747907056889.438,-73,-40,-121
1747907056928.094,178007,1747907056909.281,-80,-40,-120
1747907056947.906,178054,1747907056929.187,-88,-36,-124
1747907056967.781,178113,1747907056949.0,-88,-38,-122
1747907056987.656,178199,1747907056968.875,-79,-39,-121
1747907057007.5,178252,1747907056988.719,-80,-41,-121
1747907057027.344,178304,1747907057008.594,-77,-41,-120
1747907057047.188,178307,1747907057028.469,-80,-40,-115
1747907057067.062,178269,1747907057048.25,-80,-49,-122
1747907057086.906,178212,1747907057068.125,-73,-41,-116
1747907057106.75,178151,1747907057087.969,-84,-37,-117
1747907057126.625,178060,1747907057107.844,-80,-36,-129
1747907057146.4692,178029,1747907057127.719,-86,-34,-124
1747907057166.312,177973,1747907057147.5,-77,-35,-129
1747907057186.188,177925,1747907057167.406,-88,-37,-124
1747907057206.031,177918,1747907057187.281,-89,-33,-116
1747907057225.844,177926,1747907057207.094,-79,-37,-114
1747907057245.75,177938,1747907057226.938,-72,-42,-124
1747907057265.594,177954,1747907057246.813,-89,-34,-116
1747907057285.406,177978,1747907057266.625,-77,-33,-121
1747907057305.281,177994,1747907057286.5,-81,-25,-124
1747907057325.125,178039,1747907057306.344,-80,-38,-125
1747907057345.0,178036,1747907057326.25,-85,-35,-121
1747907057364.813,178056,1747907057346.063,-85,-36,-114
1747907057384.813,178075,1747907057365.875,-77,-42,-116
1747907057404.531,178112,1747907057385.75,-81,-21,-127
1747907057424.406,178131,1747907057405.594,-77,-39,-113
1747907057444.25,178143,1747907057425.438,-80,-37,-117
1747907057464.094,178177,1747907057445.312,-95,-47,-129
1747907057483.969,178225,1747907057465.187,-77,-37,-120
1747907057503.812,178277,1747907057485.063,-87,-36,-116
1747907057523.656,178313,1747907057504.875,-80,-37,-132
1747907057543.531,178351,1747907057524.75,-80,-37,-121
1747907057563.375,178423,1747907057544.594,-84,-37,-121
1747907057583.25,178500,1747907057564.469,-81,-33,-117
1747907057603.094,178545,1747907057584.344,-89,-34,-121
1747907057622.937,178633,1747907057604.188,-87,-36,-116
1747907057642.813,178706,1747907057624.0,-77,-34,-114
1747907057662.688,178764,1747907057643.906,-92,-41,-119
1747907057682.5,178832,1747907057663.75,-72,-39,-125
1747907057702.344,178905,1747907057683.594,-79,-36,-116
1747907057722.25,178878,1747907057703.438,-77,-36,-124
1747907057742.063,178858,1747907057723.281,-89,-24,-118
1747907057761.906,178798,1747907057743.156,-81,-37,-121
1747907057781.781,178716,1747907057763.0,-77,-36,-116
1747907057801.625,178670,1747907057782.844,-88,-41,-107
1747907057821.5,178589,1747907057802.75,-89,-33,-113
1747907057841.313,178530,1747907057822.562,-77,-40,-117
1747907057861.187,178500,1747907057842.406,-84,-35,-125
1747907057881.062,178448,1747907057862.25,-76,-34,-116
1747907057900.938,178420,1747907057882.156,-87,-36,-121
1747907057920.75,178428,1747907057902.031,-82,-38,-124
1747907057940.594,178437,1747907057921.844,-84,-37,-118
1747907057960.469,178442,1747907057941.688,-84,-36,-120
1747907057980.344,178462,1747907057961.563,-84,-37,-117
1747907058000.1882,178477,1747907057981.406,-77,-41,-133
1747907058020.062,178490,1747907058001.281,-74,-37,-122
1747907058039.906,178512,1747907058021.125,-79,-39,-121
1747907058059.781,178524,1747907058041.0,-81,-37,-121
1747907058079.625,178537,1747907058060.844,-69,-45,-121
1747907058099.5,178554,1747907058080.719,-80,-33,-121
1747907058119.437,178583,1747907058100.594,-80,-37,-121
1747907058139.25,178612,1747907058120.438,-80,-32,-121
1747907058159.094,178652,1747907058140.344,-78,-33,-124
1747907058178.938,178685,1747907058160.156,-84,-39,-116
1747907058198.812,178739,1747907058180.0,-77,-40,-120
1747907058218.75,178792,1747907058199.844,-88,-39,-117
1747907058238.469,178833,1747907058219.75,-80,-32,-120
1747907058258.375,178909,1747907058239.625,-89,-34,-118
1747907058278.219,178968,1747907058259.437,-76,-37,-121
1747907058298.094,179015,1747907058279.281,-80,-37,-121
1747907058317.938,179067,1747907058299.156,-89,-36,-113
1747907058337.844,179133,1747907058319.0,-77,-39,-124
1747907058357.687,179219,1747907058338.906,-80,-37,-114
1747907058377.562,179265,1747907058358.75,-85,-37,-121
1747907058397.375,179270,1747907058378.625,-78,-37,-121
1747907058417.219,179223,1747907058398.469,-91,-42,-121
1747907058437.094,179156,1747907058418.281,-89,-37,-121
1747907058456.937,179059,1747907058438.188,-80,-37,-121
1747907058476.781,178967,1747907058458.0,-92,-33,-127
1747907058496.656,178876,1747907058477.875,-80,-34,-116
1747907058516.531,178811,1747907058497.75,-92,-34,-114
1747907058536.406,178768,1747907058517.594,-79,-40,-129
1747907058556.25,178807,1747907058537.469,-89,-37,-121
1747907058576.094,178962,1747907058557.313,-83,-25,-122
1747907058595.969,179157,1747907058577.156,-86,-40,-120
1747907058615.844,179376,1747907058597.062,-92,-34,-121
1747907058635.687,179580,1747907058616.906,-77,-36,-124
1747907058655.562,179760,1747907058636.75,-84,-33,-116
1747907058675.438,179900,1747907058656.625,-92,-33,-121
1747907058695.281,179964,1747907058676.5,-87,-33,-116
1747907058715.25,180006,1747907058696.344,-80,-35,-131
1747907058735.0,180028,1747907058716.313,-92,-37,-114
1747907058754.875,180009,1747907058736.063,-90,-36,-114
1747907058774.719,180013,1747907058755.969,-80,-39,-136
1747907058794.562,180055,1747907058775.812,-89,-33,-122
1747907058814.469,180095,1747907058795.656,-74,-32,-119
1747907058834.344,180191,1747907058815.562,-82,-36,-117
1747907058854.156,180294,1747907058835.406,-88,-37,-116
1747907058874.031,180389,1747907058855.281,-87,-32,-132
1747907058893.906,180435,1747907058875.125,-86,-41,-127
1747907058913.75,180499,1747907058894.969,-96,-37,-116
1747907058933.594,180525,1747907058914.844,-84,-41,-108
1747907058953.469,180522,1747907058934.687,-90,-42,-125
1747907058973.312,180568,1747907058954.563,-80,-41,-116
1747907058993.219,180734,1747907058974.5,-84,-34,-105
1747907059013.031,180826,1747907058994.25,-79,-45,-122
1747907059032.906,180819,1747907059014.156,-97,-21,-103
1747907059052.781,180812,1747907059034.0,-97,-25,-121
1747907059072.656,180813,1747907059053.875,-89,-36,-123
1747907059092.5,180791,1747907059073.719,-81,-33,-127
1747907059112.375,180747,1747907059093.594,-85,-37,-121
1747907059132.219,180714,1747907059113.437,-80,-36,-120
1747907059152.094,180729,1747907059133.281,-97,-33,-109
1747907059171.938,180777,1747907059153.125,-77,-32,-125
1747907059191.75,180903,1747907059173.031,-89,-33,-109
1747907059211.625,181080,1747907059192.844,-80,-41,-113
1747907059231.469,181295,1747907059212.688,-88,-33,-116
1747907059251.281,181490,1747907059232.563,-89,-33,-119
1747907059271.156,181709,1747907059252.375,-79,-36,-128
1747907059291.0,181873,1747907059272.25,-79,-33,-120
1747907059310.844,182046,1747907059292.062,-84,-33,-115
1747907059330.719,182214,1747907059311.969,-91,-29,-114
1747907059350.563,182387,1747907059331.781,-90,-33,-114
1747907059370.406,182512,1747907059351.656,-81,-37,-121
1747907059390.281,182623,1747907059371.5,-79,-29,-120
1747907059410.156,182713,1747907059391.375,-93,-33,-123
1747907059429.969,182815,1747907059411.219,-89,-29,-121
1747907059449.875,182912,1747907059431.062,-100,-29,-122
1747907059469.719,183045,1747907059450.906,-87,-33,-114
1747907059489.562,183168,1747907059470.813,-89,-29,-109
1747907059509.437,183263,1747907059490.625,-87,-32,-119
1747907059529.281,183353,1747907059510.5,-90,-36,-108
1747907059549.156,183426,1747907059530.375,-91,-29,-121
1747907059569.0,183494,1747907059550.219,-89,-33,-120
1747907059588.844,183573,1747907059570.094,-95,-32,-116
1747907059608.719,183635,1747907059589.906,-101,-39,-129
1747907059628.563,183696,1747907059609.75,-88,-33,-115
1747907059648.406,183748,1747907059629.656,-89,-29,-121
1747907059668.25,183819,1747907059649.469,-95,-29,-120
1747907059688.125,183903,1747907059669.344,-84,-28,-116
1747907059707.969,183976,1747907059689.188,-84,-29,-113
1747907059727.844,184067,1747907059709.094,-86,-33,-113
1747907059747.719,184142,1747907059728.906,-87,-29,-116
1747907059767.562,184231,1747907059748.781,-97,-26,-121
1747907059787.438,184285,1747907059768.625,-83,-25,-116
1747907059807.281,184305,1747907059788.5,-90,-26,-121
1747907059827.125,184279,1747907059808.375,-81,-33,-113
1747907059846.969,184262,1747907059828.188,-97,-33,-119
1747907059866.875,184158,1747907059848.031,-101,-33,-116
1747907059886.688,184066,1747907059867.906,-97,-16,-121
1747907059906.531,183985,1747907059887.75,-100,-33,-114
1747907059926.375,183983,1747907059907.594,-98,-33,-114
1747907059946.25,184003,1747907059927.438,-93,-33,-110
1747907059966.094,184037,1747907059947.2808,-88,-37,-116
1747907059985.938,184088,1747907059967.187,-93,-33,-110
1747907060005.781,184166,1747907059987.0,-98,-33,-117
1747907060025.656,184238,1747907060006.875,-88,-33,-110
1747907060045.5,184319,1747907060026.719,-95,-33,-114
1747907060065.344,184359,1747907060046.562,-97,-29,-113
1747907060085.188,184409,1747907060066.406,-92,-34,-114
1747907060105.031,184437,1747907060086.281,-101,-33,-114
1747907060124.906,184494,1747907060106.125,-88,-33,-109
1747907060144.719,184564,1747907060126.0,-97,-33,-108
1747907060164.594,184633,1747907060145.812,-88,-33,-113
1747907060184.438,184708,1747907060165.656,-89,-33,-112
1747907060204.344,184762,1747907060185.5,-92,-33,-106
1747907060224.125,184827,1747907060205.344,-98,-16,-111
1747907060244.0,184867,1747907060225.25,-92,-33,-113
1747907060263.844,184923,1747907060245.062,-93,-34,-120
1747907060283.719,184994,1747907060264.906,-101,-33,-96
1747907060303.562,185072,1747907060284.813,-91,-32,-125
1747907060323.375,185121,1747907060304.625,-93,-29,-113
1747907060343.281,185184,1747907060324.469,-90,-33,-117
1747907060363.156,185241,1747907060344.375,-97,-26,-114
1747907060383.0,185268,1747907060364.219,-88,-16,-129
1747907060402.812,185312,1747907060384.094,-88,-33,-113
1747907060422.656,185366,1747907060403.906,-83,-26,-115
1747907060442.5,185445,1747907060423.719,-87,-32,-113
1747907060462.437,185495,1747907060443.562,-96,-33,-115
1747907060482.187,185531,1747907060463.531,-99,-29,-108
1747907060502.031,185515,1747907060483.281,-84,-33,-114
1747907060521.906,185488,1747907060503.125,-98,-33,-122
1747907060541.75,185448,1747907060522.969,-87,-40,-113
1747907060561.562,185436,1747907060542.813,-90,-16,-117
1747907060581.406,185442,1747907060562.625,-88,-33,-113
1747907060601.281,185458,1747907060582.469,-95,-33,-114
1747907060621.125,185469,1747907060602.375,-93,-33,-104
1747907060641.0,185514,1747907060622.281,-95,-33,-113
1747907060660.844,185533,1747907060642.094,-89,-33,-119
1747907060680.687,185567,1747907060661.906,-98,-33,-121
1747907060700.531,185591,1747907060681.75,-87,-36,-113
1747907060720.344,185646,1747907060701.656,-84,-29,-120
1747907060740.25,185670,1747907060721.406,-88,-29,-112
1747907060760.094,185682,1747907060741.313,-88,-29,-113
1747907060779.938,185727,1747907060761.156,-95,-29,-122
1747907060799.813,185734,1747907060781.031,-93,-33,-122
1747907060819.656,185746,1747907060800.906,-85,-33,-115
1747907060839.5,185765,1747907060820.781,-89,-32,-113
1747907060859.375,185808,1747907060840.594,-104,-29,-125
1747907060879.188,185871,1747907060860.437,-89,-37,-112
1747907060899.063,185886,1747907060880.25,-77,-24,-114
1747907060918.906,185899,1747907060900.125,-100,-33,-109
1747907060938.75,185925,1747907060920.0,-83,-36,-114
1747907060958.594,185949,1747907060939.844,-84,-33,-128
1747907060978.438,185994,1747907060959.687,-98,-29,-121
1747907060998.312,186064,1747907060979.5,-97,-26,-109
1747907061018.187,186117,1747907060999.406,-97,-29,-121
1747907061038.0,186194,1747907061019.25,-84,-34,-123
1747907061057.875,186252,1747907061039.094,-85,-33,-120
1747907061077.75,186323,1747907061058.969,-90,-25,-113
1747907061097.594,186386,1747907061078.813,-87,-33,-116
1747907061117.4368,186433,1747907061098.656,-96,-33,-118
1747907061137.281,186418,1747907061118.5,-88,-29,-109
1747907061157.125,186370,1747907061138.375,-96,-33,-113
1747907061177.0,186244,1747907061158.187,-84,-36,-113
1747907061196.844,186131,1747907061178.094,-100,-33,-125
1747907061216.687,186001,1747907061197.906,-85,-33,-114
1747907061236.563,185904,1747907061217.781,-84,-29,-121
1747907061256.406,185830,1747907061237.625,-88,-29,-116
1747907061276.25,185784,1747907061257.5,-100,-17,-121
1747907061296.125,185745,1747907061277.344,-87,-20,-121
1747907061316.0,185728,1747907061297.188,-97,-29,-111
1747907061335.844,185759,1747907061317.062,-86,-18,-120
1747907061355.687,185756,1747907061336.906,-93,-25,-106
1747907061375.562,185745,1747907061356.781,-90,-33,-116
1747907061395.375,185729,1747907061376.625,-88,-33,-110
1747907061415.281,185748,1747907061396.5,-100,-29,-113
1747907061435.125,185733,1747907061416.344,-87,-33,-106
1747907061454.937,185737,1747907061436.188,-95,-33,-110
1747907061474.812,185759,1747907061456.031,-97,-33,-121
1747907061494.781,185765,1747907061475.906,-97,-33,-114
1747907061514.5,185770,1747907061495.875,-103,-33,-110
1747907061534.375,185781,1747907061515.594,-87,-33,-121
1747907061554.25,185789,1747907061535.469,-96,-30,-112
1747907061574.125,185807,1747907061555.313,-93,-43,-113
1747907061593.9382,185847,1747907061575.187,-95,-26,-113
1747907061613.812,185873,1747907061595.031,-85,-33,-116
1747907061633.687,185895,1747907061614.906,-98,-37,-122
1747907061653.531,185924,1747907061634.7808,-87,-29,-116
1747907061673.375,185956,1747907061654.625,-95,-29,-116
1747907061693.219,185989,1747907061674.469,-84,-29,-121
1747907061713.094,186035,1747907061694.281,-99,-33,-113
1747907061732.937,186084,1747907061714.188,-97,-33,-117
1747907061752.781,186140,1747907061734.031,-95,-33,-116
1747907061772.625,186196,1747907061753.875,-87,-25,-111
1747907061792.469,186223,1747907061773.719,-85,-33,-116
1747907061812.344,186195,1747907061793.563,-96,-29,-114
1747907061832.219,186128,1747907061813.406,-90,-33,-113
1747907061852.031,186020,1747907061833.312,-90,-33,-109
1747907061871.875,185926,1747907061853.094,-92,-31,-117
1747907061891.75,185835,1747907061872.937,-100,-33,-113
1747907061911.531,185760,1747907061892.813,-97,-33,-112
1747907061931.406,185714,1747907061912.625,-97,-33,-112
1747907061951.25,185692,1747907061932.469,-93,-33,-110
1747907061971.125,185660,1747907061952.344,-88,-33,-116
1747907061990.969,185610,1747907061972.219,-97,-29,-116
1747907062010.812,185612,1747907061992.063,-89,-33,-116
1747907062030.688,185605,1747907062011.875,-85,-29,-112
1747907062050.531,185604,1747907062031.75,-90,-33,-114
1747907062070.344,185577,1747907062051.594,-97,-25,-108
1747907062090.219,185605,1747907062071.5,-88,-32,-121
1747907062110.063,185613,1747907062091.25,-93,-33,-111
1747907062129.906,185599,1747907062111.156,-89,-33,-121
1747907062149.75,185597,1747907062131.0,-96,-33,-114
1747907062169.687,185614,1747907062150.844,-84,-26,-113
1747907062189.469,185615,1747907062170.75,-90,-33,-114
1747907062209.344,185615,1747907062190.531,-87,-31,-113
1747907062229.188,185658,1747907062210.437,-87,-31,-116
1747907062249.031,185709,1747907062230.281,-80,-35,-114
1747907062268.906,185739,1747907062250.094,-95,-33,-116
1747907062288.75,185788,1747907062269.969,-80,-33,-116
1747907062308.594,185846,1747907062289.844,-96,-33,-124
1747907062328.469,185909,1747907062309.719,-89,-33,-111
1747907062348.312,185954,1747907062329.531,-97,-29,-117
1747907062368.156,185993,1747907062349.375,-90,-33,-121
1747907062388.0,186087,1747907062369.219,-89,-25,-115
1747907062407.844,186117,1747907062389.094,-93,-33,-113
1747907062427.7192,186174,1747907062408.906,-86,-33,-114
1747907062447.562,186229,1747907062428.781,-85,-29,-117
1747907062467.406,186303,1747907062448.625,-94,-33,-114
1747907062487.25,186323,1747907062468.469,-89,-25,-113
1747907062507.094,186324,1747907062488.312,-89,-33,-117
1747907062526.937,186283,1747907062508.156,-85,-16,-128
1747907062546.812,186177,1747907062528.031,-88,-33,-110
1747907062566.625,186108,1747907062547.875,-89,-33,-125
1747907062586.5,186025,1747907062567.719,-109,-23,-114
1747907062606.375,185933,1747907062587.562,-98,-33,-117
1747907062626.219,185890,1747907062607.438,-87,-33,-116
1747907062646.031,185849,1747907062627.281,-104,-33,-120
1747907062665.938,185817,1747907062647.125,-96,-26,-114
1747907062685.75,185807,1747907062667.0,-102,-20,-125
1747907062705.625,185812,1747907062686.781,-89,-33,-125
1747907062725.437,185818,1747907062706.688,-96,-29,-110
1747907062745.281,185835,1747907062726.531,-84,-25,-113
1747907062765.156,185827,1747907062746.344,-96,-33,-113
1747907062785.0,185824,1747907062766.219,-98,-33,-109
1747907062804.812,185852,1747907062786.063,-85,-33,-116
1747907062824.656,185839,1747907062805.906,-95,-33,-113
1747907062844.563,185856,1747907062825.75,-93,-29,-114
1747907062864.375,185865,1747907062845.625,-89,-33,-110
1747907062884.187,185874,1747907062865.437,-84,-29,-116
1747907062904.031,185886,1747907062885.281,-98,-33,-110
1747907062923.906,185916,1747907062905.125,-97,-33,-116
1747907062943.781,185953,1747907062924.969,-95,-29,-113
1747907062963.594,185981,1747907062944.844,-87,-28,-113
1747907062983.469,186008,1747907062964.688,-92,-33,-114
1747907063003.344,186052,1747907062984.531,-89,-33,-118
1747907063023.156,186072,1747907063004.406,-90,-36,-120
1747907063043.0,186132,1747907063024.25,-88,-26,-125
1747907063062.906,186192,1747907063044.125,-86,-33,-116
1747907063082.719,186246,1747907063063.906,-95,-24,-127
1747907063102.562,186299,1747907063083.781,-93,-33,-113
1747907063122.406,186338,1747907063103.656,-89,-29,-115
1747907063142.219,186384,1747907063123.5,-93,-33,-116
1747907063162.0942,186421,1747907063143.281,-98,-33,-114
1747907063182.0,186473,1747907063163.125,-84,-33,-119
1747907063201.813,186518,1747907063183.063,-88,-33,-116
1747907063221.625,186506,1747907063202.875,-97,-29,-122
1747907063241.5,186485,1747907063222.687,-89,-33,-113
1747907063261.344,186395,1747907063242.563,-97,-34,-113
1747907063281.219,186301,1747907063262.406,-100,-33,-119
1747907063301.031,186219,1747907063282.312,-88,-27,-124
1747907063320.875,186153,1747907063302.125,-90,-41,-127
1747907063340.75,186091,1747907063321.969,-88,-26,-118
1747907063360.594,186046,1747907063341.813,-100,-29,-110
1747907063380.438,186050,1747907063361.688,-89,-29,-117
1747907063400.313,186054,1747907063381.5,-93,-33,-112
1747907063420.156,186040,1747907063401.375,-85,-29,-112
1747907063440.031,186035,1747907063421.25,-98,-33,-110
1747907063459.844,186024,1747907063441.094,-90,-33,-114
1747907063479.688,186026,1747907063460.938,-94,-29,-112
1747907063499.563,186044,1747907063480.781,-89,-33,-113
1747907063519.406,186050,1747907063500.656,-84,-33,-110
1747907063539.25,186025,1747907063520.5,-97,-36,-109
1747907063559.094,186024,1747907063540.344,-84,-25,-114
1747907063578.938,186021,1747907063560.187,-93,-29,-113
1747907063598.813,186011,1747907063580.0,-81,-36,-113
1747907063618.625,185996,1747907063599.875,-100,-33,-111
1747907063638.469,186018,1747907063619.719,-87,-33,-113
1747907063658.313,186043,1747907063639.563,-88,-33,-122
1747907063678.188,186065,1747907063659.406,-98,-29,-109
1747907063698.0,186089,1747907063679.25,-85,-33,-110
1747907063717.844,186135,1747907063699.063,-89,-33,-128
1747907063737.719,186185,1747907063718.906,-89,-27,-114
1747907063757.5632,186222,1747907063738.812,-95,-29,-114
1747907063777.375,186247,1747907063758.625,-97,-33,-109
1747907063797.25,186285,1747907063778.5,-82,-33,-116
1747907063817.094,186315,1747907063798.344,-84,-26,-116
1747907063836.969,186357,1747907063818.188,-94,-29,-114
1747907063856.813,186389,1747907063838.062,-90,-31,-117
1747907063876.688,186433,1747907063857.906,-96,-25,-121
1747907063896.5,186460,1747907063877.719,-84,-28,-114
1747907063916.375,186502,1747907063897.594,-89,-33,-111
1747907063936.188,186494,1747907063917.469,-97,-36,-114
1747907063956.031,186416,1747907063937.281,-87,-33,-113
1747907063975.906,186338,1747907063957.125,-101,-29,-113
1747907063995.75,186250,1747907063976.969,-89,-33,-112
1747907064015.594,186167,1747907063996.813,-97,-33,-116
1747907064035.438,186098,1747907064016.656,-89,-33,-114
1747907064055.281,186034,1747907064036.469,-93,-33,-120
1747907064075.156,185983,1747907064056.344,-87,-29,-113
1747907064094.969,185952,1747907064076.219,-100,-33,-114
1747907064114.813,185936,1747907064096.031,-89,-28,-112
1747907064134.656,185926,1747907064115.906,-88,-33,-114
1747907064154.531,185944,1747907064135.719,-93,-29,-113
1747907064174.406,185947,1747907064155.594,-97,-25,-114
1747907064194.313,185927,1747907064175.469,-85,-33,-114
1747907064214.125,185951,1747907064195.406,-95,-33,-109
1747907064233.938,185923,1747907064215.125,-100,-33,-124
1747907064253.812,185914,1747907064235.0,-100,-29,-116
1747907064273.625,185906,1747907064254.906,-97,-33,-119
1747907064293.469,185895,1747907064274.719,-90,-27,-116
1747907064313.344,185919,1747907064294.562,-85,-28,-116
1747907064333.219,185924,1747907064314.406,-97,-33,-120
1747907064353.062,185948,1747907064334.281,-92,-33,-106
1747907064372.875,185973,1747907064354.125,-96,-33,-110
1747907064392.75,185979,1747907064373.969,-82,-25,-112
1747907064412.688,186025,1747907064393.844,-93,-25,-114
1747907064432.437,186017,1747907064413.687,-85,-16,-121
1747907064452.312,186035,1747907064433.563,-103,-33,-116
1747907064472.188,186046,1747907064453.375,-88,-34,-116
1747907064492.031,186069,1747907064473.25,-98,-33,-108
1747907064511.875,186124,1747907064493.094,-87,-33,-106
1747907064531.75,186170,1747907064512.969,-97,-33,-108
1747907064551.562,186214,1747907064532.844,-90,-26,-121
1747907064571.438,186274,1747907064552.625,-96,-29,-118
1747907064591.25,186300,1747907064572.531,-87,-33,-110
1747907064611.125,186310,1747907064592.375,-97,-33,-113
1747907064630.969,186291,1747907064612.219,-93,-33,-112
1747907064650.844,186212,1747907064632.031,-93,-33,-110
1747907064670.656,186117,1747907064651.937,-88,-33,-121
1747907064690.531,186040,1747907064671.781,-92,-33,-116
1747907064710.344,185952,1747907064691.594,-100,-28,-114
1747907064730.219,185880,1747907064711.438,-89,-29,-121
1747907064750.063,185820,1747907064731.281,-97,-29,-110
1747907064769.906,185773,1747907064751.156,-89,-29,-112
1747907064789.781,185745,1747907064771.0,-89,-33,-114
1747907064809.625,185728,1747907064790.844,-85,-25,-113
1747907064829.437,185721,1747907064810.719,-97,-30,-112
1747907064849.313,185710,1747907064830.5308,-92,-33,-113
1747907064869.219,185716,1747907064850.375,-87,-30,-121
1747907064889.031,185729,1747907064870.281,-101,-29,-109
1747907064908.844,185735,1747907064890.063,-97,-33,-121
1747907064928.688,185718,1747907064909.938,-89,-33,-121
1747907064948.531,185709,1747907064929.781,-97,-36,-113
1747907064968.406,185673,1747907064949.625,-87,-30,-117
1747907064988.281,185657,1747907064969.5,-100,-28,-116
1747907065008.094,185667,1747907064989.344,-84,-41,-113
1747907065027.969,185687,1747907065009.156,-97,-33,-112
1747907065047.813,185698,1747907065029.031,-89,-33,-110
1747907065067.656,185720,1747907065048.844,-97,-33,-128
1747907065087.5,185734,1747907065068.75,-89,-33,-119
1747907065107.344,185748,1747907065088.563,-95,-33,-114
1747907065127.219,185786,1747907065108.437,-85,-29,-114
1747907065147.063,185830,1747907065128.312,-95,-26,-122
1747907065166.875,185870,1747907065148.125,-93,-33,-105
1747907065186.719,185929,1747907065167.969,-97,-33,-116
1747907065206.656,185966,1747907065187.813,-97,-33,-113
1747907065226.469,186000,1747907065207.719,-98,-26,-116
1747907065246.25,186049,1747907065227.5,-99,-28,-117
1747907065266.125,186085,1747907065247.375,-88,-29,-110
1747907065285.969,186116,1747907065267.219,-97,-36,-116
1747907065305.813,186105,1747907065287.031,-96,-25,-113
1747907065325.594,186056,1747907065306.875,-89,-33,-113
1747907065345.469,185980,1747907065326.719,-89,-32,-120
1747907065365.312,185865,1747907065346.531,-89,-29,-113
1747907065385.156,185777,1747907065366.406,-81,-33,-121
1747907065405.0,185682,1747907065386.25,-91,-29,-112
1747907065424.813,185600,1747907065406.125,-89,-33,-111
1747907065444.656,185559,1747907065425.906,-89,-29,-113
1747907065464.531,185519,1747907065445.75,-97,-33,-116
1747907065484.344,185488,1747907065465.594,-85,-33,-116
1747907065504.156,185503,1747907065485.406,-85,-37,-111
1747907065524.0,185488,1747907065505.219,-93,-33,-113
1747907065543.875,185481,1747907065525.094,-95,-33,-113
1747907065563.687,185451,1747907065544.938,-96,-33,-114
1747907065583.5,185456,1747907065564.781,-92,-29,-121
1747907065603.344,185425,1747907065584.594,-97,-34,-114
1747907065623.219,185427,1747907065604.406,-97,-25,-116
1747907065643.062,185416,1747907065624.281,-92,-33,-109
1747907065662.875,185439,1747907065644.125,-85,-34,-113
1747907065682.719,185457,1747907065663.969,-97,-33,-96
1747907065702.531,185462,1747907065683.781,-89,-33,-110
1747907065722.375,185481,1747907065703.594,-100,-33,-110
1747907065742.188,185485,1747907065723.469,-89,-29,-125
1747907065762.062,185513,1747907065743.313,-89,-36,-113
1747907065781.875,185529,1747907065763.125,-97,-33,-128
1747907065801.75,185544,1747907065783.0,-90,-26,-127
1747907065821.594,185575,1747907065802.812,-95,-28,-113
1747907065841.406,185602,1747907065822.687,-97,-21,-114
1747907065861.281,185664,1747907065842.5,-93,-18,-113
1747907065881.094,185712,1747907065862.344,-89,-33,-112
1747907065900.969,185714,1747907065882.187,-81,-34,-113
1747907065920.781,185756,1747907065902.031,-84,-33,-116
1747907065940.625,185792,1747907065921.875,-98,-33,-113
1747907065960.469,185824,1747907065941.719,-95,-16,-118
1747907065980.344,185831,1747907065961.563,-97,-29,-119
1747907066000.156,185829,1747907065981.406,-100,-33,-112
1747907066020.031,185772,1747907066001.281,-89,-28,-129
1747907066039.875,185653,1747907066021.125,-98,-33,-113
1747907066059.75,185537,1747907066040.969,-88,-33,-113
1747907066079.563,185458,1747907066060.844,-100,-27,-114
1747907066099.438,185347,1747907066080.656,-89,-29,-112
1747907066119.281,185264,1747907066100.5,-98,-33,-113
1747907066139.156,185196,1747907066120.344,-78,-33,-113
1747907066159.0,185129,1747907066140.25,-95,-35,-118
1747907066178.844,185089,1747907066160.125,-92,-29,-115
1747907066198.719,185078,1747907066179.906,-97,-17,-119
1747907066218.594,185044,1747907066199.781,-89,-25,-114
1747907066238.375,185035,1747907066219.625,-69,-36,-125
1747907066258.25,185033,1747907066239.469,-99,-33,-121
1747907066278.094,185009,1747907066259.312,-89,-33,-118
1747907066297.937,184989,1747907066279.187,-96,-27,-120
1747907066317.781,184994,1747907066299.031,-88,-33,-116
1747907066337.625,184989,1747907066318.906,-94,-36,-113
1747907066357.5,184987,1747907066338.719,-97,-36,-129
1747907066377.344,185002,1747907066358.562,-84,-33,-114
1747907066397.156,185010,1747907066378.406,-93,-33,-114
1747907066417.031,185013,1747907066398.281,-90,-33,-114
1747907066436.906,185053,1747907066418.125,-100,-28,-121
1747907066456.719,185061,1747907066437.969,-95,-33,-114
1747907066476.562,185072,1747907066457.781,-81,-33,-116
1747907066496.437,185112,1747907066477.656,-88,-34,-111
1747907066516.281,185145,1747907066497.5,-102,-33,-113
1747907066536.156,185173,1747907066517.344,-89,-21,-121
1747907066555.969,185217,1747907066537.219,-97,-29,-116
1747907066575.812,185241,1747907066557.062,-102,-29,-116
1747907066595.687,185272,1747907066576.906,-98,-33,-119
1747907066615.531,185314,1747907066596.781,-93,-33,-113
1747907066635.406,185344,1747907066616.625,-93,-29,-120
1747907066655.219,185391,1747907066636.5,-85,-26,-108
1747907066675.094,185405,1747907066656.313,-93,-33,-113
1747907066694.937,185425,1747907066676.156,-85,-32,-129
1747907066714.781,185374,1747907066696.0,-101,-33,-113
1747907066734.594,185294,1747907066715.875,-87,-33,-113
1747907066754.437,185180,1747907066735.656,-95,-33,-118
1747907066774.312,185070,1747907066755.5,-95,-34,-110
1747907066794.156,184948,1747907066775.375,-98,-34,-110
1747907066813.969,184870,1747907066795.219,-85,-33,-110
1747907066833.844,184779,1747907066815.031,-95,-29,-114
1747907066853.687,184744,1747907066834.906,-100,-33,-118
1747907066873.531,184708,1747907066854.75,-97,-29,-115
1747907066893.344,184695,1747907066874.625,-93,-33,-116
1747907066913.219,184662,1747907066894.469,-97,-35,-114
1747907066933.063,184661,1747907066914.281,-84,-29,-112
1747907066952.9368,184628,1747907066934.156,-92,-29,-114
1747907066972.781,184625,1747907066954.0,-88,-33,-116
1747907066992.625,184606,1747907066973.875,-95,-33,-114
1747907067012.469,184584,1747907066993.687,-84,-29,-113
1747907067032.344,184584,1747907067013.531,-100,-33,-127
1747907067052.156,184565,1747907067033.438,-97,-33,-120
1747907067072.0,184569,1747907067053.25,-89,-29,-118
1747907067091.875,184558,1747907067073.094,-89,-33,-113
1747907067111.719,184544,1747907067092.906,-89,-33,-113
1747907067131.531,184536,1747907067112.813,-88,-33,-113
1747907067151.375,184543,1747907067132.656,-96,-36,-113
1747907067171.313,184563,1747907067152.469,-88,-29,-117
1747907067191.125,184578,1747907067172.375,-90,-25,-114
1747907067210.938,184630,1747907067192.156,-84,-34,-119
1747907067230.781,184639,1747907067212.031,-97,-33,-113
1747907067250.625,184684,1747907067231.844,-82,-36,-121
1747907067270.5,184714,1747907067251.719,-100,-33,-112
1747907067290.344,184757,1747907067271.562,-89,-33,-113
1747907067310.187,184801,1747907067291.406,-96,-37,-121
1747907067330.031,184835,1747907067311.25,-88,-33,-110
1747907067349.875,184889,1747907067331.094,-93,-27,-114
1747907067369.75,184904,1747907067350.937,-96,-29,-112
1747907067389.563,184947,1747907067370.781,-88,-33,-121
1747907067409.406,184910,1747907067390.656,-87,-29,-114
1747907067429.281,184855,1747907067410.531,-89,-29,-113
1747907067449.125,184758,1747907067430.375,-89,-34,-114
1747907067468.9382,184652,1747907067450.219,-92,-33,-114
1747907067488.812,184539,1747907067470.031,-95,-33,-113
1747907067508.656,184450,1747907067489.906,-87,-29,-124
1747907067528.563,184403,1747907067509.75,-99,-29,-114
1747907067548.344,184339,1747907067529.594,-85,-30,-125
1747907067568.188,184335,1747907067549.469,-85,-33,-113
1747907067588.031,184335,1747907067569.25,-97,-29,-122
1747907067607.906,184316,1747907067589.125,-88,-33,-112
1747907067627.719,184326,1747907067608.969,-76,-39,-121
1747907067647.594,184314,1747907067628.812,-98,-32,-119
1747907067667.438,184325,1747907067648.656,-85,-33,-116
1747907067687.281,184317,1747907067668.5,-92,-26,-113
1747907067707.125,184302,1747907067688.375,-90,-33,-112
1747907067726.969,184325,1747907067708.219,-98,-33,-113
1747907067746.813,184297,1747907067728.031,-89,-32,-127
1747907067766.656,184316,1747907067747.875,-90,-33,-113
1747907067786.5,184324,1747907067767.75,-89,-33,-119
1747907067806.312,184324,1747907067787.625,-88,-25,-113
1747907067826.188,184325,1747907067807.406,-84,-33,-109
1747907067846.031,184334,1747907067827.25,-89,-33,-109
1747907067865.875,184344,1747907067847.125,-103,-33,-116
1747907067885.719,184355,1747907067866.9382,-96,-29,-118
1747907067905.562,184391,1747907067886.813,-95,-31,-113
1747907067925.406,184421,1747907067906.625,-96,-25,-114
1747907067945.25,184461,1747907067926.469,-89,-33,-114
1747907067965.187,184493,1747907067946.344,-89,-29,-116
1747907067984.969,184529,1747907067966.188,-88,-24,-117
1747907068004.844,184555,1747907067986.031,-98,-33,-110
1747907068024.688,184630,1747907068005.906,-84,-33,-114
1747907068044.5,184664,1747907068025.75,-95,-29,-100
1747907068064.375,184699,1747907068045.563,-87,-33,-113
1747907068084.219,184659,1747907068065.438,-98,-33,-113
1747907068104.063,184596,1747907068085.281,-88,-33,-109
1747907068123.906,184522,1747907068105.156,-100,-33,-113
1747907068143.719,184439,1747907068125.0,-89,-33,-113
1747907068163.594,184358,1747907068144.813,-95,-31,-116
1747907068183.438,184285,1747907068164.656,-88,-33,-113
1747907068203.281,184237,1747907068184.5,-100,-33,-108
1747907068223.125,184202,1747907068204.375,-90,-33,-113
1747907068242.969,184163,1747907068224.188,-93,-33,-111
1747907068262.844,184163,1747907068244.063,-80,-34,-116
1747907068282.656,184171,1747907068263.906,-100,-35,-114
1747907068302.5,184162,1747907068283.75,-89,-33,-123
1747907068322.375,184185,1747907068303.594,-92,-16,-116
1747907068342.219,184188,1747907068323.438,-87,-33,-113
1747907068362.031,184216,1747907068343.313,-98,-33,-113
1747907068381.906,184215,1747907068363.156,-84,-26,-113
1747907068401.75,184207,1747907068382.969,-97,-33,-105
1747907068421.594,184161,1747907068402.844,-89,-28,-112
1747907068441.437,184143,1747907068422.688,-93,-41,-116
1747907068461.281,184123,1747907068442.531,-100,-33,-111
1747907068481.125,184145,1747907068462.312,-84,-33,-114
1747907068501.0,184165,1747907068482.187,-96,-29,-106
1747907068520.812,184188,1747907068502.094,-101,-29,-116
1747907068540.656,184223,1747907068521.969,-82,-29,-116
1747907068560.563,184208,1747907068541.719,-100,-26,-109
1747907068580.344,184239,1747907068561.625,-95,-29,-109
1747907068600.219,184268,1747907068581.437,-81,-25,-119
1747907068620.062,184331,1747907068601.281,-95,-29,-113
1747907068639.875,184364,1747907068621.125,-82,-39,-109
1747907068659.75,184406,1747907068640.969,-97,-33,-103
1747907068679.594,184448,1747907068660.844,-84,-32,-127
1747907068699.406,184509,1747907068680.656,-88,-33,-114
1747907068719.25,184536,1747907068700.5,-96,-33,-117
1747907068739.125,184500,1747907068720.313,-85,-26,-113
1747907068758.938,184435,1747907068740.187,-97,-33,-114
1747907068778.781,184350,1747907068760.0,-88,-25,-113
1747907068798.656,184243,1747907068779.875,-88,-33,-110
1747907068818.5,184159,1747907068799.781,-98,-28,-114
1747907068838.375,184074,1747907068819.563,-101,-28,-114
1747907068858.188,183999,1747907068839.437,-100,-29,-110
1747907068878.031,183952,1747907068859.312,-80,-29,-116
1747907068897.875,183902,1747907068879.094,-88,-37,-117
1747907068917.781,183870,1747907068898.938,-87,-33,-113
1747907068937.563,183868,1747907068918.813,-97,-13,-109
1747907068957.438,183876,1747907068938.687,-97,-29,-114
1747907068977.281,183870,1747907068958.531,-89,-29,-117
1747907068997.125,183879,1747907068978.344,-85,-33,-101
1747907069016.969,183883,1747907068998.25,-97,-28,-111
1747907069036.813,183870,1747907069018.062,-89,-33,-112
1747907069056.688,183871,1747907069037.906,-100,-33,-117
1747907069076.562,183886,1747907069057.75,-84,-29,-114
1747907069096.344,183877,1747907069077.625,-103,-29,-113
1747907069116.219,183874,1747907069097.438,-89,-33,-111
1747907069136.063,183879,1747907069117.281,-95,-33,-109
1747907069155.937,183891,1747907069137.125,-97,-33,-110
1747907069175.781,183903,1747907069157.0,-99,-30,-116
1747907069195.625,183950,1747907069176.875,-87,-26,-113
1747907069215.5,183968,1747907069196.687,-96,-33,-109
1747907069235.375,184014,1747907069216.594,-97,-33,-114
1747907069255.219,184039,1747907069236.438,-92,-33,-113
1747907069275.062,184059,1747907069256.313,-91,-34,-117
1747907069294.938,184117,1747907069276.125,-88,-33,-117
1747907069314.813,184127,1747907069296.0,-85,-33,-119
1747907069334.656,184195,1747907069315.875,-88,-33,-106
1747907069354.5,184233,1747907069335.75,-95,-29,-106
1747907069374.344,184241,1747907069355.563,-87,-37,-117
1747907069394.25,184224,1747907069375.437,-88,-33,-113
1747907069414.062,184131,1747907069395.312,-97,-33,-113
1747907069433.906,184070,1747907069415.188,-98,-25,-122
1747907069453.813,183978,1747907069435.0,-91,-29,-113
1747907069473.656,183869,1747907069454.875,-87,-25,-121
1747907069493.5,183801,1747907069474.719,-92,-31,-125
1747907069513.375,183744,1747907069494.594,-93,-33,-115
1747907069533.25,183684,1747907069514.438,-97,-29,-113
1747907069553.094,183651,1747907069534.312,-95,-33,-111
1747907069572.938,183627,1747907069554.156,-93,-34,-113
1747907069592.812,183625,1747907069574.063,-96,-33,-114
1747907069612.656,183614,1747907069593.875,-97,-33,-116
1747907069632.531,183601,1747907069613.75,-96,-28,-119
1747907069652.375,183598,1747907069633.594,-90,-33,-122
1747907069672.25,183598,1747907069653.5,-97,-32,-113
1747907069692.125,183611,1747907069673.313,-84,-33,-114
1747907069711.969,183611,1747907069693.188,-89,-33,-113
1747907069731.813,183604,1747907069713.031,-96,-29,-112
1747907069751.656,183600,1747907069732.906,-89,-29,-114
1747907069771.5,183609,1747907069752.75,-89,-33,-113
1747907069791.375,183618,1747907069772.625,-97,-33,-119
1747907069811.188,183631,1747907069792.469,-95,-33,-113
1747907069831.063,183674,1747907069812.281,-97,-29,-96
1747907069850.937,183703,1747907069832.094,-95,-33,-116
1747907069870.781,183747,1747907069852.031,-88,-33,-113
1747907069890.625,183764,1747907069871.875,-101,-29,-114
1747907069910.5,183814,1747907069891.75,-90,-32,-119
1747907069930.344,183865,1747907069911.562,-98,-33,-116
1747907069950.187,183911,1747907069931.406,-97,-37,-125
1747907069970.031,183958,1747907069951.25,-97,-33,-111
1747907069989.875,184004,1747907069971.1558,-88,-34,-118
1747907070009.75,184068,1747907069990.937,-100,-33,-124
1747907070029.625,184112,1747907070010.844,-88,-29,-113
1747907070049.469,184150,1747907070030.719,-88,-29,-116
1747907070069.313,184132,1747907070050.531,-88,-30,-121
1747907070089.188,184055,1747907070070.406,-88,-25,-116
1747907070109.031,183988,1747907070090.25,-87,-29,-113
1747907070128.906,183886,1747907070110.094,-89,-36,-116
1747907070148.719,183816,1747907070129.969,-85,-33,-117
1747907070168.594,183747,1747907070149.812,-97,-33,-116
1747907070188.469,183701,1747907070169.687,-88,-26,-113
1747907070208.312,183674,1747907070189.5,-84,-33,-121
1747907070228.187,183646,1747907070209.406,-97,-29,-116
1747907070248.031,183644,1747907070229.25,-82,-25,-116
1747907070267.969,183632,1747907070249.125,-91,-33,-113
1747907070287.75,183655,1747907070269.031,-96,-33,-113
1747907070307.594,183665,1747907070288.8132,-84,-29,-110
1747907070327.531,183660,1747907070308.656,-108,-29,-113
1747907070347.313,183657,1747907070328.5,-89,-24,-120
1747907070367.188,183688,1747907070348.375,-93,-33,-114
1747907070387.0,183684,1747907070368.25,-96,-33,-113
1747907070406.875,183710,1747907070388.063,-93,-41,-129
1747907070426.719,183735,1747907070407.938,-85,-33,-124
1747907070446.563,183773,1747907070427.812,-103,-33,-115
1747907070466.375,183786,1747907070447.625,-92,-33,-112
1747907070486.25,183819,1747907070467.438,-89,-29,-106
1747907070506.094,183850,1747907070487.344,-101,-33,-113
1747907070525.969,183864,1747907070507.187,-91,-33,-113
1747907070545.813,183922,1747907070527.062,-88,-28,-116
1747907070565.656,183973,1747907070546.906,-97,-29,-119
1747907070585.531,184023,1747907070566.75,-101,-33,-110
1747907070605.406,184069,1747907070586.594,-85,-29,-118
1747907070625.219,184136,1747907070606.594,-89,-31,-111
1747907070645.062,184195,1747907070626.312,-88,-33,-116
1747907070665.0,184254,1747907070646.125,-98,-29,-113
1747907070684.813,184325,1747907070666.0308,-89,-16,-114
1747907070704.625,184370,1747907070685.875,-100,-33,-109
1747907070724.5,184453,1747907070705.719,-90,-34,-116
1747907070744.344,184477,1747907070725.594,-90,-33,-98
1747907070764.219,184480,1747907070745.469,-100,-33,-106
1747907070784.063,184428,1747907070765.281,-89,-33,-110
1747907070803.906,184363,1747907070785.156,-98,-29,-121
1747907070823.75,184303,1747907070804.969,-97,-33,-113
1747907070843.594,184253,1747907070824.844,-88,-33,-116
1747907070863.437,184195,1747907070844.656,-98,-33,-114
1747907070883.281,184177,1747907070864.531,-89,-36,-114
1747907070903.125,184148,1747907070884.375,-93,-33,-112
1747907070923.0,184151,1747907070904.219,-86,-29,-114
1747907070942.875,184148,1747907070924.094,-92,-35,-116
1747907070962.656,184187,1747907070943.938,-90,-33,-115
1747907070982.531,184184,1747907070963.75,-95,-29,-113
1747907071002.375,184200,1747907070983.594,-88,-33,-114
1747907071022.187,184212,1747907071003.438,-89,-21,-116
1747907071042.031,184230,1747907071023.313,-95,-33,-113
1747907071061.906,184259,1747907071043.125,-94,-33,-116
1747907071081.781,184288,1747907071062.969,-85,-41,-92
1747907071101.594,184294,1747907071082.938,-93,-33,-113
1747907071121.437,184312,1747907071102.688,-94,-29,-113
1747907071141.281,184344,1747907071122.531,-85,-30,-125
1747907071161.156,184359,1747907071142.375,-97,-33,-114
1747907071180.969,184422,1747907071162.25,-90,-33,-113
1747907071200.844,184464,1747907071182.125,-98,-33,-110
1747907071220.719,184501,1747907071201.906,-100,-25,-113
1747907071240.531,184558,1747907071221.781,-97,-25,-115
1747907071260.406,184605,1747907071241.625,-86,-33,-117
1747907071280.281,184663,1747907071261.5,-97,-33,-121
1747907071300.094,184733,1747907071281.344,-80,-33,-113
1747907071319.937,184815,1747907071301.156,-85,-33,-114
1747907071339.844,184868,1747907071321.031,-100,-33,-113
1747907071359.625,184938,1747907071340.844,-93,-26,-123
1747907071379.469,185015,1747907071360.687,-98,-33,-109
1747907071399.281,185082,1747907071380.531,-87,-29,-115
1747907071419.156,185139,1747907071400.375,-90,-37,-106
1747907071438.969,185201,1747907071420.219,-84,-33,-110
1747907071458.813,185264,1747907071440.094,-96,-33,-116
1747907071478.687,185302,1747907071459.875,-89,-33,-112
1747907071498.562,185276,1747907071479.75,-93,-33,-111
1747907071518.344,185224,1747907071499.625,-87,-33,-114
1747907071538.188,185187,1747907071519.437,-81,-33,-112
1747907071558.063,185124,1747907071539.281,-97,-33,-113
1747907071577.875,185113,1747907071559.125,-98,-25,-114
1747907071597.719,185113,1747907071578.969,-89,-25,-113
1747907071617.563,185106,1747907071598.844,-93,-33,-114
1747907071637.406,185105,1747907071618.625,-101,-29,-110
1747907071657.281,185134,1747907071638.5,-100,-33,-119
1747907071677.094,185145,1747907071658.344,-92,-39,-113
1747907071696.969,185168,1747907071678.188,-96,-31,-110
1747907071716.813,185206,1747907071698.0,-95,-33,-111
1747907071736.656,185229,1747907071717.844,-85,-33,-119
1747907071756.5,185260,1747907071737.75,-94,-32,-129
1747907071776.344,185277,1747907071757.5632,-84,-26,-113
1747907071796.156,185304,1747907071777.375,-92,-33,-110
1747907071816.031,185334,1747907071797.219,-89,-33,-117
1747907071835.906,185360,1747907071817.094,-88,-33,-113
1747907071855.687,185396,1747907071836.969,-100,-33,-113
1747907071875.562,185427,1747907071856.75,-93,-33,-106
1747907071895.469,185485,1747907071876.625,-89,-26,-114
1747907071915.281,185546,1747907071896.531,-88,-33,-111
1747907071935.063,185610,1747907071916.281,-89,-34,-120
1747907071954.906,185665,1747907071936.188,-87,-26,-120
1747907071974.781,185742,1747907071955.969,-97,-37,-114
1747907071994.625,185795,1747907071975.844,-89,-29,-121
1747907072014.438,185860,1747907071995.719,-100,-33,-115
1747907072034.281,185928,1747907072015.562,-104,-32,-116
1747907072054.125,185989,1747907072035.375,-95,-29,-113
1747907072073.969,186064,1747907072055.188,-80,-33,-122
1747907072093.813,186145,1747907072075.031,-97,-33,-104
1747907072113.656,186222,1747907072094.937,-84,-33,-116
1747907072133.5,186302,1747907072114.719,-97,-16,-122
1747907072153.375,186369,1747907072134.688,-93,-33,-114
1747907072173.187,186416,1747907072154.469,-92,-33,-111
1747907072193.031,186456,1747907072174.312,-85,-29,-97
1747907072212.9058,186433,1747907072194.156,-97,-29,-115
1747907072232.75,186403,1747907072213.969,-88,-33,-109
1747907072252.594,186378,1747907072233.813,-101,-26,-113
1747907072272.438,186358,1747907072253.688,-91,-33,-113
1747907072292.281,186354,1747907072273.5,-95,-33,-113
1747907072312.125,186337,1747907072293.344,-80,-36,-108
1747907072331.969,186351,1747907072313.188,-86,-33,-113
1747907072351.844,186348,1747907072333.063,-90,-29,-113
1747907072371.656,186379,1747907072352.875,-88,-20,-121
1747907072391.5,186435,1747907072372.75,-96,-33,-116
1747907072411.375,186484,1747907072392.562,-97,-33,-113
1747907072431.187,186530,1747907072412.438,-85,-29,-113
1747907072451.031,186552,1747907072432.281,-95,-33,-113
1747907072470.875,186584,1747907072452.094,-87,-36,-113
1747907072490.719,186634,1747907072471.969,-103,-33,-112
1747907072510.531,186671,1747907072491.812,-90,-33,-114
1747907072530.375,186695,1747907072511.625,-90,-35,-117
1747907072550.25,186743,1747907072531.4382,-100,-29,-113
1747907072570.094,186786,1747907072551.344,-87,-29,-117
1747907072589.906,186844,1747907072571.25,-91,-34,-113
1747907072609.781,186876,1747907072591.031,-98,-29,-121
1747907072629.625,186937,1747907072610.844,-89,-39,-112
1747907072649.469,186991,1747907072630.688,-99,-29,-110
1747907072669.313,187050,1747907072650.531,-98,-33,-113
1747907072689.156,187117,1747907072670.406,-100,-25,-124
1747907072709.0,187167,1747907072690.219,-97,-33,-101
1747907072728.844,187224,1747907072710.125,-91,-33,-111
1747907072748.688,187293,1747907072729.906,-90,-33,-117
1747907072768.531,187366,1747907072749.75,-98,-33,-121
1747907072788.406,187435,1747907072769.562,-85,-33,-109
1747907072808.219,187519,1747907072789.469,-87,-34,-116
1747907072828.094,187572,1747907072809.313,-93,-33,-114
1747907072847.938,187655,1747907072829.187,-87,-33,-113
1747907072867.781,187700,1747907072849.0,-98,-33,-114
1747907072887.625,187727,1747907072868.844,-87,-29,-118
1747907072907.5,187710,1747907072888.719,-95,-33,-113
1747907072927.313,187672,1747907072908.594,-93,-29,-116
1747907072947.156,187646,1747907072928.406,-92,-33,-113
1747907072967.094,187633,1747907072948.219,-96,-33,-109
1747907072986.875,187632,1747907072968.062,-93,-18,-114
1747907073006.687,187631,1747907072987.938,-98,-25,-110
1747907073026.563,187645,1747907073007.812,-89,-28,-115
1747907073046.406,187669,1747907073027.625,-100,-37,-96
1747907073066.25,187692,1747907073047.469,-97,-29,-113
1747907073086.094,187752,1747907073067.344,-95,-26,-121
1747907073105.937,187789,1747907073087.188,-89,-27,-121
1747907073125.813,187840,1747907073107.031,-92,-33,-112
1747907073145.656,187882,1747907073126.875,-89,-33,-109
1747907073165.5,187908,1747907073146.719,-94,-33,-111
1747907073185.344,187952,1747907073166.625,-88,-33,-116
1747907073205.219,187995,1747907073186.438,-100,-26,-112
1747907073225.063,188019,1747907073206.281,-97,-29,-118
1747907073244.906,188074,1747907073226.156,-89,-33,-110
1747907073264.781,188115,1747907073246.031,-90,-29,-115
1747907073284.625,188160,1747907073265.8132,-84,-33,-109
1747907073304.531,188212,1747907073285.687,-86,-33,-113
1747907073324.313,188291,1747907073305.562,-99,-32,-113
1747907073344.25,188337,1747907073325.438,-84,-33,-116
1747907073364.094,188411,1747907073345.313,-97,-33,-111
1747907073384.0,188474,1747907073365.187,-87,-15,-120
1747907073403.8442,188519,1747907073385.062,-92,-29,-117
1747907073423.687,188604,1747907073404.938,-80,-33,-113
1747907073443.562,188651,1747907073424.75,-93,-33,-114
1747907073463.438,188736,1747907073444.625,-89,-33,-114
1747907073483.25,188817,1747907073464.531,-89,-16,-119
1747907073503.156,188895,1747907073484.438,-89,-33,-114
1747907073523.0,188971,1747907073504.219,-100,-29,-113
1747907073542.844,189030,1747907073524.094,-98,-29,-104
1747907073562.6882,189049,1747907073543.937,-97,-34,-116
1747907073582.687,189026,1747907073563.781,-96,-33,-114
1747907073602.406,189011,1747907073583.75,-93,-29,-113
1747907073622.281,188975,1747907073603.469,-97,-29,-122
1747907073642.125,188974,1747907073623.344,-90,-33,-106
1747907073661.969,188960,1747907073643.219,-113,-39,-113
1747907073681.844,188973,1747907073663.031,-84,-33,-116
1747907073701.687,188968,1747907073682.875,-81,-32,-127
1747907073721.531,189000,1747907073702.781,-84,-33,-121
1747907073741.406,189007,1747907073722.656,-89,-34,-121
1747907073761.281,189002,1747907073742.469,-97,-33,-118
1747907073781.125,189029,1747907073762.344,-93,-33,-121
1747907073800.969,189087,1747907073782.188,-90,-29,-109
1747907073820.813,189126,1747907073802.062,-84,-29,-108
1747907073840.656,189163,1747907073821.906,-100,-33,-116
1747907073860.531,189192,1747907073841.75,-90,-33,-109
1747907073880.344,189225,1747907073861.563,-93,-29,-100
1747907073900.219,189241,1747907073881.469,-89,-33,-116
1747907073920.063,189259,1747907073901.281,-98,-33,-116
1747907073939.937,189292,1747907073921.125,-87,-29,-119
1747907073959.75,189319,1747907073941.0,-92,-33,-113
1747907073979.594,189397,1747907073960.844,-80,-36,-113
1747907073999.438,189466,1747907073980.687,-100,-33,-113
1747907074019.313,189523,1747907074000.5,-87,-29,-115
1747907074039.125,189566,1747907074020.375,-74,-33,-108
1747907074058.969,189641,1747907074040.188,-93,-31,-127
1747907074078.813,189712,1747907074060.063,-85,-33,-113
1747907074098.688,189765,1747907074079.906,-95,-33,-113
1747907074118.531,189849,1747907074099.781,-90,-33,-125
1747907074138.375,189912,1747907074119.625,-88,-33,-122
1747907074158.219,189989,1747907074139.406,-90,-36,-125
1747907074178.094,190069,1747907074159.344,-95,-33,-119
1747907074197.906,190145,1747907074179.156,-103,-33,-114
1747907074217.781,190213,1747907074199.031,-88,-30,-113
1747907074237.656,190208,1747907074218.844,-94,-31,-116
1747907074257.5632,190206,1747907074238.719,-96,-33,-113
1747907074277.344,190179,1747907074258.625,-90,-33,-110
1747907074297.219,190151,1747907074278.469,-97,-29,-119
1747907074317.062,190114,1747907074298.281,-96,-33,-118
1747907074336.937,190101,1747907074318.125,-103,-33,-114
1747907074356.781,190093,1747907074338.0,-89,-29,-113
1747907074376.625,190099,1747907074357.875,-100,-45,-117
1747907074396.5,190109,1747907074377.719,-88,-33,-117
1747907074416.406,190115,1747907074397.563,-89,-33,-115
1747907074436.188,190148,1747907074417.406,-87,-25,-117
1747907074456.094,190188,1747907074437.3118,-87,-34,-129
1747907074475.969,190214,1747907074457.187,-100,-29,-114
1747907074495.812,190250,1747907074477.0,-85,-33,-125
1747907074515.656,190266,1747907074496.875,-88,-33,-120
1747907074535.531,190321,1747907074516.75,-96,-33,-113
1747907074555.375,190336,1747907074536.625,-87,-33,-116
1747907074575.281,190387,1747907074556.469,-97,-33,-114
1747907074595.125,190416,1747907074576.313,-84,-33,-110
1747907074614.969,190456,1747907074596.25,-103,-29,-116
1747907074634.844,190501,1747907074616.031,-89,-29,-110
1747907074654.687,190524,1747907074635.938,-103,-29,-108
1747907074674.531,190592,1747907074655.781,-79,-33,-114
1747907074694.406,190649,1747907074675.656,-84,-33,-115
1747907074714.281,190710,1747907074695.469,-87,-33,-112
1747907074734.156,190756,1747907074715.344,-77,-28,-116
1747907074753.969,190815,1747907074735.219,-89,-33,-116
1747907074773.813,190884,1747907074755.063,-103,-35,-109
1747907074793.688,190954,1747907074774.875,-85,-33,-113
1747907074813.531,191025,1747907074794.781,-95,-27,-109
1747907074833.375,191085,1747907074814.594,-89,-33,-115
1747907074853.219,191153,1747907074834.438,-93,-33,-117
1747907074873.063,191229,1747907074854.281,-84,-33,-114
1747907074892.969,191282,1747907074874.156,-88,-29,-116
1747907074912.75,191358,1747907074894.063,-96,-33,-110
1747907074932.625,191421,1747907074913.844,-88,-33,-118
1747907074952.437,191445,1747907074933.688,-90,-33,-116
1747907074972.344,191440,1747907074953.531,-89,-29,-116
1747907074992.188,191403,1747907074973.375,-96,-34,-110
1747907075012.0,191375,1747907074993.281,-88,-33,-111
1747907075031.875,191361,1747907075013.094,-84,-33,-125
1747907075051.719,191324,1747907075032.969,-93,-33,-119
1747907075071.594,191331,1747907075052.812,-77,-25,-121
1747907075091.437,191360,1747907075072.656,-87,-29,-114
1747907075111.281,191386,1747907075092.5,-89,-33,-116
1747907075131.125,191368,1747907075112.344,-92,-33,-117
1747907075151.0,191327,1747907075132.219,-96,-27,-109
1747907075170.813,191282,1747907075152.094,-90,-17,-105
1747907075190.687,191269,1747907075171.906,-75,-41,-101
1747907075210.531,191269,1747907075191.75,-92,-45,-116
1747907075230.406,191314,1747907075211.594,-95,-37,-114
1747907075250.219,191420,1747907075231.5,-93,-33,-119
1747907075270.094,191520,1747907075251.281,-80,-29,-114
1747907075289.906,191625,1747907075271.156,-88,-39,-113
1747907075309.781,191764,1747907075291.0,-98,-33,-110
1747907075329.625,191814,1747907075310.875,-93,-33,-113
1747907075349.5,191818,1747907075330.719,-96,-29,-116
1747907075369.437,191846,1747907075350.531,-92,-29,-125
1747907075389.219,191863,1747907075370.469,-96,-29,-125
1747907075409.031,191892,1747907075390.281,-88,-22,-116
1747907075428.875,191913,1747907075410.125,-89,-24,-109
1747907075448.75,191960,1747907075429.969,-95,-25,-116
1747907075468.625,191987,1747907075449.813,-84,-8,-121
1747907075488.437,192017,1747907075469.688,-95,-29,-120
1747907075508.281,192074,1747907075489.562,-89,-31,-116
1747907075528.156,192106,1747907075509.375,-95,-25,-114
1747907075548.0,192170,1747907075529.25,-89,-25,-116
1747907075567.812,192228,1747907075549.094,-103,-29,-113
1747907075587.688,192291,1747907075568.906,-93,-25,-104
1747907075607.531,192331,1747907075588.75,-93,-29,-104
1747907075627.375,192400,1747907075608.656,-85,-34,-113
1747907075647.219,192433,1747907075628.438,-96,-27,-116
1747907075667.062,192443,1747907075648.313,-90,-29,-113
1747907075686.906,192415,1747907075668.156,-89,-29,-113
1747907075706.813,192380,1747907075688.0,-96,-33,-123
1747907075726.625,192355,1747907075707.875,-89,-37,-113
1747907075746.5,192343,1747907075727.719,-84,-29,-114
1747907075766.375,192327,1747907075747.563,-89,-33,-116
1747907075786.219,192339,1747907075767.437,-97,-37,-106
1747907075806.062,192348,1747907075787.312,-88,-28,-119
1747907075825.906,192367,1747907075807.156,-95,-33,-113
1747907075845.75,192376,1747907075826.969,-86,-33,-113
1747907075865.625,192405,1747907075846.812,-92,-29,-113
1747907075885.438,192452,1747907075866.719,-89,-36,-116
1747907075905.281,192476,1747907075886.531,-97,-33,-114
1747907075925.156,192501,1747907075906.375,-87,-29,-114
1747907075945.0,192512,1747907075926.219,-95,-31,-122
1747907075964.844,192539,1747907075946.062,-95,-33,-113
1747907075984.656,192560,1747907075965.906,-96,-34,-113
1747907076004.531,192581,1747907075985.719,-100,-33,-113
1747907076024.375,192616,1747907076005.594,-96,-33,-113
1747907076044.25,192643,1747907076025.469,-95,-33,-121
1747907076064.063,192686,1747907076045.312,-84,-33,-110
1747907076083.906,192739,1747907076065.125,-81,-29,-118
1747907076103.781,192766,1747907076085.0,-98,-33,-110
1747907076123.625,192823,1747907076104.844,-72,-37,-119
1747907076143.469,192871,1747907076124.656,-93,-33,-122
1747907076163.344,192921,1747907076144.531,-97,-29,-116
1747907076183.156,192977,1747907076164.406,-81,-36,-116
1747907076203.031,193016,1747907076184.219,-90,-33,-129
1747907076222.875,193071,1747907076204.125,-98,-26,-116
1747907076242.719,193143,1747907076223.937,-88,-30,-114
1747907076262.563,193193,1747907076243.812,-97,-29,-109
1747907076282.437,193253,1747907076263.656,-89,-33,-113
1747907076302.25,193291,1747907076283.5,-98,-33,-114
1747907076322.125,193324,1747907076303.344,-88,-28,-114
1747907076341.969,193347,1747907076323.187,-98,-33,-111
1747907076361.812,193335,1747907076343.031,-100,-33,-110
1747907076381.656,193289,1747907076362.906,-93,-33,-117
1747907076401.5,193246,1747907076382.781,-93,-33,-110
1747907076421.344,193210,1747907076402.562,-81,-31,-113
1747907076441.188,193193,1747907076422.437,-87,-33,-116
1747907076461.031,193182,1747907076442.25,-88,-34,-117
1747907076480.875,193205,1747907076462.125,-87,-33,-109
1747907076500.75,193189,1747907076481.9692,-98,-33,-114
1747907076520.594,193211,1747907076501.812,-94,-29,-120
1747907076540.406,193212,1747907076521.656,-84,-33,-117
1747907076560.281,193266,1747907076541.5,-86,-33,-113
1747907076580.156,193282,1747907076561.344,-96,-29,-120
1747907076600.0,193310,1747907076581.25,-88,-33,-113
1747907076619.813,193322,1747907076601.062,-89,-25,-121
1747907076639.656,193371,1747907076621.0,-80,-35,-113
1747907076659.531,193374,1747907076640.75,-96,-33,-117
1747907076679.375,193391,1747907076660.625,-85,-33,-113
1747907076699.219,193401,1747907076680.469,-90,-30,-116
1747907076719.125,193422,1747907076700.312,-84,-36,-122
1747907076738.906,193461,1747907076720.188,-89,-34,-114
1747907076758.75,193500,1747907076739.969,-97,-32,-110
1747907076778.594,193561,1747907076759.813,-94,-34,-113
1747907076798.406,193592,1747907076779.687,-84,-33,-109
1747907076818.25,193626,1747907076799.469,-91,-37,-113
1747907076838.125,193673,1747907076819.406,-93,-26,-116
1747907076857.937,193720,1747907076839.188,-88,-33,-114
1747907076877.781,193775,1747907076859.031,-95,-29,-125
1747907076897.625,193825,1747907076878.875,-87,-33,-114
1747907076917.469,193876,1747907076898.6868,-96,-29,-113
1747907076937.3118,193922,1747907076918.531,-88,-29,-112
1747907076957.125,193990,1747907076938.375,-97,-33,-114
1747907076976.969,194006,1747907076958.219,-88,-29,-115
1747907076996.844,194018,1747907076978.062,-90,-22,-116
1747907077016.687,193964,1747907076997.906,-85,-33,-110
1747907077036.5,193929,1747907077017.719,-97,-24,-131
1747907077056.344,193898,1747907077037.594,-89,-33,-116
1747907077076.188,193874,1747907077057.406,-93,-33,-110
1747907077096.063,193857,1747907077077.281,-96,-33,-120
1747907077115.875,193854,1747907077097.125,-89,-29,-116
1747907077135.719,193860,1747907077117.0,-96,-33,-114
1747907077155.594,193872,1747907077136.781,-87,-36,-129
1747907077175.438,193892,1747907077156.656,-87,-33,-113
1747907077195.281,193909,1747907077176.5,-84,-33,-125
1747907077215.125,193937,1747907077196.344,-100,-29,-113
1747907077235.0,193964,1747907077216.188,-97,-26,-118
1747907077254.844,193992,1747907077236.063,-88,-29,-110
1747907077274.688,194008,1747907077255.906,-90,-33,-114
1747907077294.531,194053,1747907077275.781,-87,-33,-116
1747907077314.375,194058,1747907077295.594,-89,-33,-114
1747907077334.25,194076,1747907077315.438,-97,-25,-113
1747907077354.094,194085,1747907077335.312,-89,-29,-117
1747907077373.906,194115,1747907077355.125,-97,-29,-113
1747907077393.781,194146,1747907077375.0,-98,-26,-116
1747907077413.625,194161,1747907077394.875,-86,-29,-115
1747907077433.469,194182,1747907077414.688,-105,-41,-104
1747907077453.3132,194250,1747907077434.531,-89,-33,-117
1747907077473.156,194276,1747907077454.406,-89,-32,-121
1747907077493.0,194328,1747907077474.219,-92,-33,-121
1747907077512.906,194365,1747907077494.094,-96,-33,-106
1747907077532.656,194394,1747907077513.906,-82,-20,-121
1747907077552.531,194442,1747907077533.75,-84,-29,-121
1747907077572.375,194507,1747907077553.625,-95,-33,-113
1747907077592.219,194545,1747907077573.438,-87,-33,-113
1747907077612.031,194534,1747907077593.281,-89,-29,-116
1747907077631.969,194523,1747907077613.156,-85,-29,-116
1747907077651.781,194489,1747907077633.031,-90,-33,-106
1747907077671.594,194463,1747907077652.812,-89,-29,-117
1747907077691.437,194428,1747907077672.656,-100,-33,-110
1747907077711.25,194412,1747907077692.531,-113,-29,-119
1747907077731.125,194400,1747907077712.344,-101,-29,-113
1747907077750.969,194402,1747907077732.219,-88,-33,-116
1747907077770.844,194413,1747907077752.063,-93,-31,-116
1747907077790.687,194434,1747907077771.938,-87,-33,-120
1747907077810.531,194456,1747907077791.781,-96,-33,-109
1747907077830.406,194477,1747907077811.625,-86,-33,-112
1747907077850.25,194505,1747907077831.469,-94,-31,-116
1747907077870.094,194532,1747907077851.344,-87,-29,-104
1747907077889.969,194553,1747907077871.188,-97,-33,-116
1747907077909.813,194556,1747907077891.031,-93,-33,-113
1747907077929.656,194591,1747907077910.875,-96,-29,-104
1747907077949.469,194615,1747907077930.719,-96,-33,-112
1747907077969.406,194647,1747907077950.531,-92,-33,-114
1747907077989.219,194673,1747907077970.469,-94,-37,-114
1747907078009.031,194705,1747907077990.25,-100,-33,-115
1747907078028.875,194742,1747907078010.094,-98,-29,-114
1747907078048.687,194771,1747907078029.938,-97,-38,-116
1747907078068.562,194810,1747907078049.75,-90,-34,-119
1747907078088.438,194848,1747907078069.625,-95,-33,-113
1747907078108.25,194893,1747907078089.5,-89,-32,-110
1747907078128.125,194944,1747907078109.344,-95,-33,-109
1747907078147.969,195002,1747907078129.219,-85,-34,-119
1747907078167.844,195035,1747907078149.063,-93,-25,-127
1747907078187.6882,195087,1747907078168.906,-89,-33,-113
1747907078207.531,195138,1747907078188.781,-95,-33,-111
1747907078227.406,195179,1747907078208.625,-87,-33,-112
1747907078247.25,195195,1747907078228.469,-100,-33,-113
1747907078267.094,195181,1747907078248.312,-92,-33,-113
1747907078286.938,195156,1747907078268.187,-98,-29,-112
1747907078306.844,195106,1747907078288.0,-87,-37,-114
1747907078326.656,195084,1747907078307.906,-92,-33,-110
1747907078346.469,195083,1747907078327.719,-88,-35,-114
1747907078366.344,195060,1747907078347.594,-95,-29,-112
1747907078386.156,195071,1747907078367.406,-97,-34,-114
1747907078406.031,195065,1747907078387.281,-99,-29,-113
1747907078425.844,195093,1747907078407.125,-84,-30,-120
1747907078445.719,195118,1747907078426.938,-88,-31,-123
1747907078465.563,195127,1747907078446.781,-98,-33,-114
1747907078485.406,195152,1747907078466.656,-80,-33,-114
1747907078505.25,195190,1747907078486.5,-89,-33,-125
1747907078525.094,195199,1747907078506.375,-88,-29,-116
1747907078544.938,195232,1747907078526.156,-87,-33,-115
1747907078564.813,195230,1747907078546.062,-88,-33,-111
1747907078584.656,195256,1747907078565.875,-97,-33,-113
1747907078604.5,195274,1747907078585.75,-85,-33,-114
1747907078624.375,195311,1747907078605.594,-100,-33,-117
1747907078644.219,195336,1747907078625.469,-90,-29,-121
1747907078664.062,195371,1747907078645.312,-89,-28,-113
1747907078683.906,195429,1747907078665.125,-83,-35,-113
1747907078703.781,195441,1747907078685.0,-99,-33,-108
1747907078723.625,195496,1747907078704.844,-98,-29,-116
1747907078743.469,195533,1747907078724.687,-96,-26,-111
1747907078763.281,195595,1747907078744.562,-85,-26,-120
1747907078783.187,195637,1747907078764.375,-88,-41,-113
1747907078803.031,195679,1747907078784.25,-100,-33,-108
1747907078822.875,195724,1747907078804.094,-87,-33,-114
1747907078842.688,195761,1747907078823.937,-87,-28,-112
1747907078862.656,195790,1747907078843.781,-98,-33,-115
1747907078882.406,195807,1747907078863.625,-89,-16,-121
1747907078902.281,195789,1747907078883.531,-93,-33,-114
1747907078922.125,195783,1747907078903.375,-89,-33,-114
1747907078941.969,195743,1747907078923.187,-97,-33,-121
1747907078961.844,195693,1747907078943.063,-87,-33,-108
1747907078981.75,195706,1747907078962.9058,-92,-33,-121
1747907079001.531,195709,1747907078982.812,-92,-33,-111
1747907079021.375,195719,1747907079002.594,-89,-29,-113
1747907079041.25,195716,1747907079022.438,-97,-33,-106
1747907079061.094,195733,1747907079042.313,-97,-34,-113
1747907079080.938,195773,1747907079062.156,-92,-33,-119
1747907079100.781,195801,1747907079082.031,-88,-33,-109
1747907079120.656,195828,1747907079101.875,-100,-41,-114
1747907079140.5,195853,1747907079121.719,-100,-33,-110
1747907079160.344,195876,1747907079141.594,-86,-33,-121
1747907079180.188,195912,1747907079161.437,-100,-28,-125
1747907079200.063,195933,1747907079181.281,-89,-33,-113
1747907079219.906,195964,1747907079201.156,-93,-33,-113
1747907079239.719,195972,1747907079221.0,-89,-31,-116
1747907079259.594,195998,1747907079240.813,-87,-35,-121
1747907079279.438,196024,1747907079260.687,-87,-33,-112
1747907079299.2808,196041,1747907079280.531,-79,-29,-113
1747907079319.156,196066,1747907079300.375,-92,-33,-119
1747907079338.969,196122,1747907079320.25,-92,-33,-114
1747907079358.844,196160,1747907079340.031,-87,-33,-114
1747907079378.688,196201,1747907079359.937,-96,-29,-114
1747907079398.531,196234,1747907079379.75,-97,-34,-113
1747907079418.406,196264,1747907079399.656,-87,-29,-117
1747907079438.25,196302,1747907079419.4692,-97,-33,-113
1747907079458.125,196344,1747907079439.312,-100,-33,-116
1747907079477.937,196382,1747907079459.187,-85,-33,-113
1747907079497.812,196396,1747907079479.031,-89,-29,-113
1747907079517.656,196369,1747907079498.875,-97,-34,-121
1747907079537.531,196322,1747907079518.719,-84,-29,-109
1747907079557.313,196275,1747907079538.594,-96,-29,-116
1747907079577.187,196241,1747907079558.406,-89,-33,-113
1747907079597.062,196203,1747907079578.25,-88,-33,-111
1747907079616.906,196163,1747907079598.156,-89,-33,-113
1747907079636.75,196147,1747907079617.969,-93,-28,-114
1747907079656.594,196145,1747907079637.812,-89,-33,-114
1747907079676.437,196142,1747907079657.688,-93,-25,-116
1747907079696.312,196147,1747907079677.5,-97,-25,-113
1747907079716.125,196164,1747907079697.375,-88,-33,-116
1747907079735.938,196183,1747907079717.219,-104,-37,-110
1747907079755.812,196213,1747907079737.031,-89,-26,-116
1747907079775.687,196227,1747907079756.875,-100,-33,-113
1747907079795.563,196220,1747907079776.75,-88,-33,-119
1747907079815.375,196237,1747907079796.625,-96,-33,-113
1747907079835.219,196249,1747907079816.469,-84,-29,-108
1747907079855.062,196259,1747907079836.281,-93,-33,-125
1747907079874.937,196287,1747907079856.156,-89,-33,-115
1747907079894.719,196303,1747907079876.0,-89,-33,-114
1747907079914.594,196333,1747907079895.812,-89,-29,-114
1747907079934.438,196349,1747907079915.625,-95,-33,-111
1747907079954.312,196386,1747907079935.5,-87,-33,-113
1747907079974.156,196407,1747907079955.406,-85,-29,-113
1747907079994.031,196439,1747907079975.25,-82,-33,-113
1747907080013.875,196477,1747907079995.125,-98,-33,-121
1747907080033.75,196525,1747907080014.969,-97,-29,-114
1747907080053.562,196551,1747907080034.813,-93,-33,-104
1747907080073.438,196599,1747907080054.688,-99,-33,-116
1747907080093.281,196628,1747907080074.5,-97,-33,-117
1747907080113.156,196680,1747907080094.375,-92,-33,-117
1747907080132.969,196687,1747907080114.219,-104,-49,-117
1747907080152.812,196682,1747907080134.063,-96,-35,-106
1747907080172.688,196647,1747907080153.875,-85,-33,-108
1747907080192.5,196605,1747907080173.719,-96,-33,-125
1747907080212.344,196581,1747907080193.594,-88,-29,-116
1747907080232.187,196534,1747907080213.469,-98,-29,-121
1747907080252.063,196490,1747907080233.25,-89,-33,-113
1747907080271.938,196481,1747907080253.125,-97,-29,-114
1747907080291.719,196461,1747907080273.0,-90,-33,-110
1747907080311.594,196461,1747907080292.813,-85,-33,-109
1747907080331.5,196456,1747907080312.6882,-93,-30,-114
1747907080351.3132,196463,1747907080332.562,-90,-33,-117
1747907080371.125,196483,1747907080352.375,-97,-31,-113
1747907080391.0,196478,1747907080372.25,-84,-33,-111
1747907080410.844,196490,1747907080392.063,-93,-35,-113
1747907080430.687,196510,1747907080411.938,-87,-36,-119
1747907080450.531,196508,1747907080431.75,-96,-33,-109
1747907080470.375,196519,1747907080451.625,-86,-41,-120
1747907080490.2192,196512,1747907080471.437,-88,-33,-114
1747907080510.062,196532,1747907080491.281,-88,-32,-125
1747907080529.938,196547,1747907080511.156,-97,-33,-115
1747907080549.75,196567,1747907080531.0,-88,-33,-113
1747907080569.625,196567,1747907080550.812,-91,-37,-114
1747907080589.469,196593,1747907080570.719,-89,-33,-121
1747907080609.312,196611,1747907080590.531,-92,-33,-121
1747907080629.125,196649,1747907080610.406,-100,-31,-96
1747907080649.0,196661,1747907080630.187,-93,-33,-113
1747907080668.906,196701,1747907080650.062,-84,-29,-113
1747907080688.75,196757,1747907080669.969,-84,-33,-114
1747907080708.531,196754,1747907080689.781,-85,-33,-124
1747907080728.375,196815,1747907080709.625,-92,-33,-116
1747907080748.219,196836,1747907080729.437,-105,-38,-113
1747907080768.094,196871,1747907080749.281,-84,-29,-113
1747907080787.906,196914,1747907080769.156,-84,-33,-113
1747907080807.75,196909,1747907080789.0,-89,-32,-116
1747907080827.594,196908,1747907080808.844,-97,-29,-119
1747907080847.438,196863,1747907080828.687,-98,-33,-113
1747907080867.281,196808,1747907080848.531,-85,-31,-120
1747907080887.125,196743,1747907080868.406,-98,-33,-113
1747907080906.969,196729,1747907080888.2192,-90,-33,-120
1747907080926.844,196684,1747907080908.156,-89,-33,-110
1747907080946.656,196659,1747907080927.906,-97,-33,-115
1747907080966.5,196631,1747907080947.75,-90,-33,-108
1747907080986.344,196609,1747907080967.563,-97,-33,-113
1747907081006.219,196615,1747907080987.437,-87,-33,-113
1747907081026.031,196629,1747907081007.312,-100,-29,-116
1747907081045.906,196617,1747907081027.125,-88,-31,-120
1747907081065.75,196638,1747907081046.969,-89,-26,-119
1747907081085.625,196632,1747907081066.844,-96,-33,-114
1747907081105.469,196639,1747907081086.687,-91,-35,-113
1747907081125.344,196643,1747907081106.531,-87,-33,-125
1747907081145.187,196652,1747907081126.375,-100,-24,-121
1747907081165.031,196646,1747907081146.25,-81,-33,-115
1747907081184.875,196662,1747907081166.125,-81,-36,-113
1747907081204.75,196660,1747907081185.969,-88,-29,-102
1747907081224.5942,196671,1747907081205.812,-97,-33,-113
1747907081244.437,196691,1747907081225.688,-85,-33,-113
1747907081264.313,196721,1747907081245.625,-95,-33,-113
1747907081284.156,196732,1747907081265.406,-100,-33,-118
1747907081304.031,196764,1747907081285.219,-84,-33,-113
1747907081323.906,196783,1747907081305.094,-88,-33,-114
1747907081343.813,196814,1747907081324.969,-93,-33,-119
1747907081363.594,196862,1747907081344.875,-84,-33,-121
1747907081383.469,196886,1747907081364.687,-91,-29,-111
1747907081403.344,196950,1747907081384.531,-87,-33,-108
1747907081423.156,196967,1747907081404.406,-104,-36,-113
1747907081443.031,196996,1747907081424.2808,-95,-33,-117
1747907081462.875,197017,1747907081444.094,-93,-29,-116
1747907081482.75,197063,1747907081463.969,-96,-49,-122
1747907081502.594,197030,1747907081483.813,-89,-33,-117
1747907081522.438,197022,1747907081503.656,-84,-33,-117
1747907081542.313,196987,1747907081523.531,-93,-34,-121
1747907081562.187,196930,1747907081543.375,-88,-33,-114
1747907081582.031,196884,1747907081563.25,-100,-29,-113
1747907081601.875,196854,1747907081583.094,-95,-33,-114
1747907081621.75,196805,1747907081602.969,-85,-29,-114
1747907081641.625,196790,1747907081622.812,-95,-33,-114
1747907081661.469,196772,1747907081642.781,-89,-33,-112
1747907081681.344,196764,1747907081662.563,-89,-33,-114
1747907081701.188,196770,1747907081682.437,-89,-33,-118
1747907081721.063,196773,1747907081702.281,-98,-26,-115
1747907081740.937,196757,1747907081722.125,-88,-29,-121
1747907081760.75,196762,1747907081742.031,-92,-33,-114
1747907081780.625,196770,1747907081761.813,-97,-33,-113
1747907081800.469,196796,1747907081781.719,-86,-33,-114
1747907081820.312,196786,1747907081801.562,-97,-20,-118
1747907081840.187,196791,1747907081821.406,-97,-33,-113
1747907081860.031,196783,1747907081841.281,-97,-34,-121
1747907081879.906,196808,1747907081861.125,-97,-33,-104
1747907081899.719,196784,1747907081881.031,-97,-33,-113
1747907081919.594,196792,1747907081900.844,-96,-25,-113
1747907081939.437,196801,1747907081920.656,-87,-33,-117
1747907081959.313,196834,1747907081940.531,-89,-33,-109
1747907081979.188,196850,1747907081960.375,-95,-33,-118
1747907081998.969,196888,1747907081980.313,-88,-33,-119
1747907082018.875,196904,1747907082000.063,-96,-26,-121
1747907082038.687,196923,1747907082019.938,-91,-33,-113
1747907082058.563,196934,1747907082039.781,-100,-29,-114
1747907082078.406,196984,1747907082059.656,-89,-29,-114
1747907082098.25,197008,1747907082079.469,-96,-35,-109
1747907082118.125,197007,1747907082099.344,-88,-33,-113
1747907082138.0,197040,1747907082119.219,-97,-33,-109
1747907082157.813,197046,1747907082139.094,-92,-36,-116
1747907082177.687,197068,1747907082158.875,-93,-33,-117
1747907082197.531,197036,1747907082178.781,-101,-33,-114
1747907082217.406,196988,1747907082198.625,-85,-33,-103
1747907082237.219,196937,1747907082218.469,-84,-34,-121
1747907082257.094,196869,1747907082238.281,-88,-33,-121
1747907082276.969,196821,1747907082258.156,-98,-35,-113
1747907082296.812,196788,1747907082278.031,-91,-29,-113
1747907082316.656,196749,1747907082297.875,-89,-33,-114
1747907082336.5,196744,1747907082317.75,-96,-33,-116
1747907082356.375,196719,1747907082337.562,-97,-33,-116
1747907082376.219,196727,1747907082357.406,-85,-29,-110
1747907082396.031,196721,1747907082377.281,-103,-35,-109
1747907082415.906,196724,1747907082397.125,-98,-39,-114
1747907082435.75,196742,1747907082416.969,-91,-33,-106
1747907082455.625,196737,1747907082436.812,-97,-36,-111
1747907082475.437,196725,1747907082456.688,-89,-33,-113
1747907082495.313,196709,1747907082476.531,-84,-29,-114
1747907082515.219,196697,1747907082496.375,-89,-33,-108
1747907082535.031,196675,1747907082516.281,-92,-33,-113
1747907082554.875,196655,1747907082536.094,-97,-26,-112
1747907082574.719,196641,1747907082555.969,-83,-33,-113
1747907082594.594,196656,1747907082575.781,-93,-33,-114
1747907082614.5,196628,1747907082595.687,-89,-34,-108
1747907082634.312,196637,1747907082615.563,-93,-33,-117
1747907082654.156,196660,1747907082635.406,-93,-33,-116
1747907082674.031,196671,1747907082655.344,-100,-33,-118
1747907082693.906,196660,1747907082675.094,-85,-29,-113
1747907082713.719,196662,1747907082695.0,-100,-33,-116
1747907082733.594,196664,1747907082714.844,-97,-33,-113
1747907082753.469,196668,1747907082734.656,-96,-33,-114
1747907082773.375,196668,1747907082754.531,-88,-29,-120
1747907082793.156,196656,1747907082774.375,-97,-33,-111
1747907082813.031,196655,1747907082794.25,-97,-26,-114
1747907082832.875,196676,1747907082814.094,-97,-32,-113
1747907082852.75,196642,1747907082833.9692,-93,-33,-109
1747907082872.563,196602,1747907082853.844,-85,-34,-116
1747907082892.406,196529,1747907082873.688,-93,-33,-120
1747907082912.406,196474,1747907082893.5,-87,-33,-117
1747907082932.125,196402,1747907082913.344,-89,-13,-117
1747907082951.969,196341,1747907082933.187,-89,-25,-112
1747907082971.812,196315,1747907082953.094,-97,-29,-116
1747907082991.656,196261,1747907082972.844,-87,-33,-119
1747907083011.531,196233,1747907082992.813,-98,-34,-121
1747907083031.375,196231,1747907083012.625,-87,-33,-119
1747907083051.188,196238,1747907083032.469,-89,-33,-114
1747907083071.062,196239,1747907083052.281,-97,-34,-116
1747907083091.031,196232,1747907083072.125,-100,-33,-114
1747907083110.719,196241,1747907083092.094,-96,-33,-116
1747907083130.594,196239,1747907083111.844,-90,-29,-127
1747907083150.438,196245,1747907083131.656,-84,-33,-110
1747907083170.281,196230,1747907083151.5,-96,-25,-113
1747907083190.125,196248,1747907083171.344,-93,-33,-114
1747907083209.969,196236,1747907083191.219,-97,-29,-116
1747907083229.813,196225,1747907083211.062,-97,-32,-122
1747907083249.656,196227,1747907083230.906,-85,-29,-116
1747907083269.531,196251,1747907083250.75,-96,-33,-117
1747907083289.344,196271,1747907083270.594,-97,-29,-112
1747907083309.219,196282,1747907083290.406,-89,-34,-113
1747907083329.063,196293,1747907083310.281,-100,-33,-114
1747907083348.906,196326,1747907083330.25,-98,-33,-113
1747907083368.75,196336,1747907083350.0,-89,-33,-114
1747907083388.594,196362,1747907083369.813,-88,-33,-113
1747907083408.469,196400,1747907083389.656,-97,-33,-113
1747907083428.313,196433,1747907083409.531,-89,-33,-114
1747907083448.156,196454,1747907083429.375,-92,-34,-121
1747907083468.031,196475,1747907083449.219,-97,-33,-118
1747907083487.844,196500,1747907083469.094,-97,-33,-114
1747907083507.719,196495,1747907083488.906,-96,-33,-109
1747907083527.531,196489,1747907083508.812,-93,-29,-121
1747907083547.406,196465,1747907083528.625,-98,-33,-116
1747907083567.281,196418,1747907083548.469,-87,-32,-119
1747907083587.125,196388,1747907083568.3442,-100,-29,-102
1747907083606.938,196364,1747907083588.219,-84,-27,-114
1747907083626.812,196321,1747907083608.063,-85,-31,-112
1747907083646.656,196283,1747907083627.875,-84,-33,-110
1747907083666.5,196265,1747907083647.75,-89,-29,-113
1747907083686.313,196238,1747907083667.687,-95,-33,-114
1747907083706.156,196236,1747907083687.437,-90,-33,-109
1747907083726.031,196228,1747907083707.25,-99,-33,-113
1747907083745.906,196245,1747907083727.094,-113,-33,-114
1747907083765.719,196257,1747907083746.969,-87,-33,-114
1747907083785.563,196268,1747907083766.844,-97,-28,-121
1747907083805.406,196269,1747907083786.625,-97,-29,-124
1747907083825.25,196273,1747907083806.5,-80,-36,-116
1747907083845.062,196282,1747907083826.313,-72,-36,-111
1747907083864.938,196261,1747907083846.1558,-86,-33,-114
1747907083884.75,196283,1747907083866.0,-97,-33,-113
1747907083904.594,196270,1747907083885.812,-93,-20,-116
1747907083924.437,196291,1747907083905.688,-97,-33,-112
1747907083944.25,196312,1747907083925.531,-88,-33,-116
1747907083964.094,196314,1747907083945.312,-95,-33,-113
1747907083983.969,196334,1747907083965.187,-87,-33,-118
1747907084003.812,196332,1747907083985.031,-89,-34,-122
1747907084023.656,196353,1747907084004.875,-97,-33,-114
1747907084043.5,196378,1747907084024.719,-93,-28,-121
1747907084063.344,196403,1747907084044.562,-101,-29,-112
1747907084083.188,196441,1747907084064.406,-88,-31,-113
1747907084103.0,196467,1747907084084.25,-98,-29,-113
1747907084122.844,196516,1747907084104.188,-82,-26,-116
1747907084142.719,196536,1747907084123.906,-100,-33,-118
1747907084162.531,196520,1747907084143.781,-89,-29,-118
1747907084182.375,196482,1747907084163.625,-105,-17,-117
1747907084202.219,196436,1747907084183.469,-89,-33,-113
1747907084222.094,196374,1747907084203.3132,-84,-33,-125
1747907084241.9382,196335,1747907084223.156,-93,-33,-93
1747907084261.75,196243,1747907084243.031,-84,-33,-110
1747907084281.594,196184,1747907084262.875,-97,-36,-112
1747907084301.469,196129,1747907084282.656,-92,-29,-112
1747907084321.312,196082,1747907084302.531,-96,-30,-116
1747907084341.125,196046,1747907084322.406,-84,-33,-113
1747907084361.0,196025,1747907084342.281,-98,-33,-113
1747907084380.8442,196007,1747907084362.094,-89,-33,-114
1747907084400.687,195983,1747907084381.938,-85,-29,-115
1747907084420.563,195970,1747907084401.781,-86,-25,-118
1747907084440.438,195936,1747907084421.625,-87,-26,-104
1747907084460.25,195927,1747907084441.469,-65,-32,-112
1747907084480.094,195924,1747907084461.313,-98,-33,-114
1747907084500.031,195911,1747907084481.156,-88,-29,-114
1747907084519.781,195897,1747907084500.969,-93,-24,-121
1747907084539.625,195890,1747907084520.844,-89,-33,-114
1747907084559.5,195876,1747907084540.687,-95,-34,-114
1747907084579.375,195860,1747907084560.563,-84,-31,-109
1747907084599.188,195867,1747907084580.438,-97,-29,-109
1747907084619.0,195870,1747907084600.25,-97,-33,-116
1747907084638.875,195884,1747907084620.062,-93,-33,-112
1747907084658.719,195903,1747907084639.937,-84,-33,-113
1747907084678.531,195923,1747907084659.781,-95,-33,-130
1747907084698.406,195925,1747907084679.656,-92,-33,-113
1747907084718.25,195939,1747907084699.469,-93,-33,-113
1747907084738.094,195952,1747907084719.312,-87,-33,-108
1747907084757.937,195978,1747907084739.156,-95,-33,-114
1747907084777.781,196021,1747907084759.0,-89,-33,-113
1747907084797.594,196050,1747907084778.8442,-85,-33,-117
1747907084817.469,196071,1747907084798.687,-85,-26,-113
1747907084837.281,196098,1747907084818.562,-102,-29,-112
1747907084857.125,196060,1747907084838.375,-96,-33,-116
1747907084877.0,196020,1747907084858.188,-98,-33,-116
1747907084896.813,195973,1747907084878.094,-88,-33,-113
1747907084916.656,195903,1747907084897.875,-85,-33,-125
1747907084936.5,195832,1747907084917.719,-88,-35,-112
1747907084956.312,195773,1747907084937.563,-85,-29,-116
1747907084976.156,195733,1747907084957.375,-100,-33,-118
1747907084996.031,195703,1747907084977.25,-96,-33,-113
1747907085015.8132,195648,1747907084997.094,-85,-28,-122
1747907085035.687,195620,1747907085016.906,-97,-33,-113
1747907085055.5,195589,1747907085036.75,-91,-33,-114
1747907085075.344,195587,1747907085056.594,-89,-25,-116
1747907085095.156,195546,1747907085076.437,-90,-28,-117
1747907085115.0,195529,1747907085096.25,-92,-33,-110
1747907085134.844,195535,1747907085116.094,-80,-36,-112
1747907085154.687,195505,1747907085135.938,-89,-37,-112
1747907085174.5,195499,1747907085155.75,-93,-33,-113
1747907085194.344,195469,1747907085175.625,-89,-33,-117
1747907085214.188,195455,1747907085195.437,-87,-33,-115
1747907085234.031,195449,1747907085215.25,-93,-33,-110
1747907085253.875,195433,1747907085235.094,-84,-33,-121
1747907085273.719,195442,1747907085254.938,-88,-29,-106
1747907085293.531,195444,1747907085274.781,-90,-33,-111
1747907085313.375,195462,1747907085294.594,-86,-33,-112
1747907085333.219,195477,1747907085314.469,-96,-33,-121
1747907085353.062,195468,1747907085334.344,-101,-33,-113
1747907085372.937,195497,1747907085354.156,-84,-28,-113
1747907085392.813,195520,1747907085374.0,-98,-33,-116
1747907085412.625,195538,1747907085393.875,-96,-33,-116
1747907085432.437,195548,1747907085413.687,-85,-33,-113
1747907085452.375,195571,1747907085433.531,-87,-33,-116
1747907085472.156,195601,1747907085453.375,-97,-16,-121
1747907085492.0,195621,1747907085473.25,-88,-33,-116
1747907085511.813,195644,1747907085493.062,-87,-26,-117
1747907085531.656,195670,1747907085512.906,-96,-32,-103
1747907085551.5,195672,1747907085532.75,-97,-29,-121
1747907085571.344,195688,1747907085552.563,-96,-33,-120
1747907085591.125,195656,1747907085572.406,-89,-33,-116
1747907085611.0,195602,1747907085592.25,-97,-33,-110
1747907085630.8442,195540,1747907085612.062,-89,-29,-114
1747907085650.656,195480,1747907085631.906,-89,-33,-110
1747907085670.5,195406,1747907085651.719,-93,-33,-117
1747907085690.344,195373,1747907085671.594,-92,-33,-116
1747907085710.156,195326,1747907085691.406,-84,-33,-132
1747907085730.0,195294,1747907085711.219,-88,-33,-106
1747907085749.844,195262,1747907085731.094,-97,-34,-112
1747907085769.781,195245,1747907085750.906,-88,-33,-114
1747907085789.5,195237,1747907085770.812,-101,-24,-118
1747907085809.375,195230,1747907085790.594,-98,-32,-113
1747907085829.219,195221,1747907085810.437,-85,-33,-116
1747907085849.0,195206,1747907085830.313,-95,-33,-119
1747907085868.875,195179,1747907085850.094,-93,-33,-108
1747907085888.719,195182,1747907085869.937,-84,-33,-113
1747907085908.531,195165,1747907085889.781,-97,-33,-113
1747907085928.375,195146,1747907085909.594,-98,-33,-109
1747907085948.219,195155,1747907085929.469,-84,-33,-116
1747907085968.062,195146,1747907085949.281,-89,-33,-111
1747907085987.906,195156,1747907085969.125,-88,-33,-116
1747907086007.75,195139,1747907085988.969,-94,-33,-106
1747907086027.594,195167,1747907086008.844,-84,-29,-116
1747907086047.406,195175,1747907086028.656,-100,-33,-117
1747907086067.281,195206,1747907086048.469,-90,-33,-111
1747907086087.125,195240,1747907086068.3442,-87,-37,-113
1747907086106.938,195255,1747907086088.219,-97,-33,-112
1747907086126.812,195264,1747907086108.031,-100,-33,-106
1747907086146.656,195296,1747907086127.875,-88,-37,-95
1747907086166.5,195322,1747907086147.781,-95,-33,-113
1747907086186.313,195360,1747907086167.594,-87,-33,-114
1747907086206.187,195411,1747907086187.437,-95,-33,-125
1747907086226.031,195450,1747907086207.25,-96,-33,-110
1747907086245.875,195477,1747907086227.094,-87,-33,-113
1747907086265.719,195482,1747907086246.938,-97,-33,-109
1747907086285.563,195475,1747907086266.844,-88,-29,-116
1747907086305.406,195447,1747907086286.625,-88,-33,-114
1747907086325.281,195414,1747907086306.5,-88,-33,-113
1747907086345.125,195342,1747907086326.375,-95,-33,-113
1747907086364.938,195280,1747907086346.219,-87,-33,-119
1747907086384.813,195223,1747907086366.0,-100,-27,-107
1747907086404.656,195153,1747907086385.906,-97,-33,-112
1747907086424.469,195116,1747907086405.719,-105,-17,-120
1747907086444.344,195072,1747907086425.594,-89,-26,-118
1747907086464.219,195079,1747907086445.437,-89,-33,-108
1747907086484.062,195061,1747907086465.281,-100,-41,-104
1747907086503.906,195056,1747907086485.219,-84,-33,-111
1747907086523.719,195057,1747907086504.969,-84,-31,-115
1747907086543.594,195045,1747907086524.812,-97,-27,-117
1747907086563.438,195040,1747907086544.656,-93,-33,-116
1747907086583.281,195037,1747907086564.5,-82,-41,-113
1747907086603.125,195036,1747907086584.375,-84,-33,-114
1747907086622.969,195017,1747907086604.188,-92,-33,-110
1747907086642.813,195037,1747907086624.062,-97,-29,-113
1747907086662.688,195010,1747907086643.906,-90,-27,-117
1747907086682.562,195032,1747907086663.75,-89,-29,-116
1747907086702.344,195019,1747907086683.656,-96,-33,-116
1747907086722.219,195029,1747907086703.406,-98,-33,-111
1747907086742.156,195049,1747907086723.281,-88,-41,-113
1747907086761.875,195079,1747907086743.125,-97,-2,-116
1747907086781.75,195092,1747907086762.969,-89,-33,-114
1747907086801.562,195116,1747907086782.781,-89,-33,-113
1747907086821.438,195156,1747907086802.656,-98,-39,-129
1747907086841.281,195197,1747907086822.5,-97,-33,-113
1747907086861.125,195240,1747907086842.406,-89,-33,-113
1747907086881.0,195260,1747907086862.188,-89,-31,-116
1747907086900.875,195300,1747907086882.063,-98,-33,-114
1747907086920.656,195349,1747907086901.937,-88,-33,-113
1747907086940.531,195379,1747907086921.75,-89,-33,-117
1747907086960.375,195418,1747907086941.594,-87,-27,-113
1747907086980.25,195423,1747907086961.469,-98,-29,-129
1747907087000.094,195405,1747907086981.313,-98,-33,-113
1747907087019.938,195376,1747907087001.187,-84,-33,-113
1747907087039.781,195344,1747907087021.0,-85,-28,-121
1747907087059.625,195290,1747907087040.844,-90,-33,-113
1747907087079.437,195260,1747907087060.688,-97,-33,-112
1747907087099.281,195213,1747907087080.562,-96,-10,-116
1747907087119.1558,195194,1747907087100.344,-89,-29,-114
1747907087139.0,195180,1747907087120.219,-89,-33,-115
1747907087158.844,195174,1747907087140.094,-97,-32,-129
1747907087178.688,195175,1747907087159.938,-100,-33,-114
1747907087198.5,195166,1747907087179.75,-88,-33,-109
1747907087218.375,195159,1747907087199.562,-95,-35,-125
1747907087238.219,195163,1747907087219.438,-97,-33,-110
1747907087258.0618,195175,1747907087239.313,-84,-36,-116
1747907087277.938,195182,1747907087259.156,-92,-29,-106
1747907087297.781,195176,1747907087279.0,-89,-33,-113
1747907087317.625,195173,1747907087298.844,-93,-33,-116
1747907087337.437,195180,1747907087318.688,-97,-33,-121
1747907087357.312,195185,1747907087338.531,-87,-29,-113
1747907087377.156,195193,1747907087358.375,-92,-33,-112
1747907087397.0,195205,1747907087378.219,-101,-33,-109
1747907087416.812,195229,1747907087398.062,-90,-33,-116
1747907087436.687,195257,1747907087417.938,-96,-33,-117
1747907087456.531,195270,1747907087437.719,-89,-33,-113
1747907087476.344,195321,1747907087457.594,-98,-33,-113
1747907087496.188,195352,1747907087477.406,-87,-33,-112
1747907087516.031,195374,1747907087497.281,-97,-28,-116
1747907087535.875,195398,1747907087517.094,-93,-31,-104
1747907087555.75,195446,1747907087537.0,-95,-33,-113
1747907087575.563,195472,1747907087556.812,-84,-33,-113
1747907087595.406,195494,1747907087576.656,-97,-31,-112
1747907087615.25,195537,1747907087596.469,-88,-33,-121
1747907087635.219,195570,1747907087616.344,-103,-29,-114
1747907087654.938,195601,1747907087636.281,-101,-33,-125
1747907087674.781,195615,1747907087656.0,-89,-31,-119
1747907087694.625,195590,1747907087675.812,-97,-29,-111
1747907087714.469,195553,1747907087695.688,-95,-29,-113
1747907087734.312,195520,1747907087715.531,-98,-33,-112
1747907087754.219,195463,1747907087735.375,-91,-37,-116
1747907087773.969,195436,1747907087755.219,-97,-20,-119
1747907087793.813,195400,1747907087775.062,-100,-33,-108
1747907087813.656,195389,1747907087794.906,-97,-33,-116
1747907087833.5,195374,1747907087814.75,-91,-33,-112
1747907087853.344,195363,1747907087834.594,-96,-28,-114
1747907087873.188,195358,1747907087854.437,-89,-26,-113
1747907087893.0308,195348,1747907087874.281,-97,-29,-113
1747907087912.875,195359,1747907087894.125,-85,-29,-113
1747907087932.687,195359,1747907087913.969,-100,-26,-113
1747907087952.563,195371,1747907087933.781,-88,-33,-114
1747907087972.406,195376,1747907087953.625,-93,-29,-115
1747907087992.219,195374,1747907087973.5,-93,-29,-114
1747907088012.156,195359,1747907087993.313,-98,-26,-118
1747907088031.938,195375,1747907088013.2192,-98,-29,-106
1747907088051.75,195391,1747907088033.0,-97,-35,-114
1747907088071.719,195396,1747907088052.844,-93,-33,-116
1747907088091.406,195436,1747907088072.813,-101,-33,-114
1747907088111.25,195451,1747907088092.5,-95,-41,-100
1747907088131.125,195505,1747907088112.313,-93,-33,-110
1747907088150.969,195536,1747907088132.187,-96,-29,-116
1747907088170.781,195576,1747907088152.062,-88,-26,-121
1747907088190.625,195605,1747907088171.875,-89,-33,-116
1747907088210.469,195622,1747907088191.688,-93,-33,-114
1747907088230.344,195669,1747907088211.594,-84,-33,-110
1747907088250.156,195691,1747907088231.406,-97,-33,-106
1747907088270.0,195751,1747907088251.25,-89,-33,-114
1747907088289.844,195797,1747907088271.063,-95,-25,-114
1747907088309.719,195845,1747907088290.938,-85,-34,-121
1747907088329.531,195864,1747907088310.812,-73,-33,-109
1747907088349.375,195909,1747907088330.625,-92,-33,-113
1747907088369.219,195895,1747907088350.437,-97,-33,-117
1747907088389.094,195882,1747907088370.313,-105,-25,-125
1747907088408.906,195842,1747907088390.188,-87,-31,-116
1747907088428.719,195792,1747907088410.0,-90,-33,-114
1747907088448.594,195750,1747907088429.781,-91,-33,-121
1747907088468.469,195681,1747907088449.656,-81,-33,-113
1747907088488.25,195623,1747907088469.5,-93,-20,-112
1747907088508.094,195600,1747907088489.344,-96,-33,-116
1747907088527.938,195566,1747907088509.156,-87,-33,-106
1747907088547.781,195548,1747907088529.0,-97,-25,-113
1747907088567.656,195566,1747907088548.875,-93,-33,-116
1747907088587.531,195552,1747907088568.75,-88,-33,-114
1747907088607.344,195550,1747907088588.594,-98,-33,-110
1747907088627.188,195528,1747907088608.406,-95,-29,-114
1747907088647.063,195517,1747907088628.25,-84,-33,-118
1747907088666.875,195502,1747907088648.125,-97,-38,-121
1747907088686.75,195494,1747907088667.969,-89,-33,-117
1747907088706.594,195485,1747907088687.813,-87,-33,-111
1747907088726.438,195495,1747907088707.687,-100,-33,-114
1747907088746.281,195481,1747907088727.5,-94,-33,-106
1747907088766.125,195485,1747907088747.375,-88,-27,-114
1747907088786.0,195493,1747907088767.219,-89,-33,-121
1747907088805.844,195494,1747907088787.062,-85,-30,-114
1747907088825.656,195486,1747907088806.937,-90,-33,-116
1747907088845.531,195488,1747907088826.781,-97,-33,-113
1747907088865.406,195531,1747907088846.594,-90,-33,-109
1747907088885.25,195533,1747907088866.469,-89,-33,-113
1747907088905.094,195564,1747907088886.344,-101,-33,-113
1747907088924.969,195581,1747907088906.187,-87,-33,-105
1747907088944.781,195591,1747907088926.031,-96,-33,-113
1747907088964.688,195602,1747907088945.844,-87,-31,-125
1747907088984.5,195624,1747907088965.75,-92,-33,-113
1747907089004.344,195662,1747907088985.625,-92,-33,-114
1747907089024.219,195688,1747907089005.438,-89,-29,-116
1747907089044.062,195699,1747907089025.313,-85,-33,-111
1747907089063.875,195732,1747907089045.156,-109,-33,-116
1747907089083.75,195688,1747907089064.969,-93,-33,-114
1747907089103.594,195672,1747907089084.812,-100,-33,-114
1747907089123.437,195617,1747907089104.656,-93,-26,-121
1747907089143.25,195567,1747907089124.5,-87,-33,-117
1747907089163.125,195510,1747907089144.375,-100,-29,-113
1747907089182.969,195477,1747907089164.25,-88,-29,-113
1747907089202.812,195444,1747907089184.062,-90,-29,-116
1747907089222.656,195407,1747907089203.906,-90,-33,-113
1747907089242.469,195368,1747907089223.75,-86,-33,-111
1747907089262.438,195376,1747907089243.531,-88,-33,-113
1747907089282.25,195366,1747907089263.5,-90,-25,-113
1747907089302.062,195364,1747907089283.281,-100,-26,-113
1747907089321.906,195379,1747907089303.125,-98,-33,-116
1747907089341.719,195366,1747907089322.969,-81,-37,-111
1747907089361.563,195360,1747907089342.781,-84,-33,-110
1747907089381.406,195361,1747907089362.687,-97,-33,-111
1747907089401.25,195358,1747907089382.469,-84,-32,-128
1747907089421.094,195356,1747907089402.344,-97,-29,-113
1747907089440.938,195340,1747907089422.156,-89,-33,-113
1747907089460.781,195343,1747907089442.0,-89,-33,-104
1747907089480.594,195366,1747907089461.875,-93,-29,-116
1747907089500.469,195376,1747907089481.719,-95,-33,-109
1747907089520.344,195371,1747907089501.656,-87,-28,-116
1747907089540.188,195401,1747907089521.437,-97,-30,-116
1747907089560.0,195424,1747907089541.25,-88,-33,-115
1747907089579.875,195426,1747907089561.094,-105,-36,-109
1747907089599.719,195445,1747907089580.938,-100,-33,-113
1747907089619.531,195486,1747907089600.781,-103,-34,-114
1747907089639.375,195505,1747907089620.625,-88,-31,-125
1747907089659.219,195536,1747907089640.5,-88,-33,-115
1747907089679.062,195578,1747907089660.281,-80,-25,-116
1747907089698.937,195594,1747907089680.156,-85,-33,-116
1747907089718.75,195612,1747907089700.031,-84,-28,-112
1747907089738.594,195646,1747907089719.812,-92,-8,-115
1747907089758.438,195673,1747907089739.656,-96,-33,-117
1747907089778.281,195701,1747907089759.531,-88,-33,-122
1747907089798.156,195683,1747907089779.344,-92,-33,-133
1747907089817.969,195662,1747907089799.219,-92,-33,-116
1747907089837.844,195583,1747907089819.031,-92,-29,-120
1747907089857.656,195525,1747907089838.937,-90,-29,-108
1747907089877.531,195464,1747907089858.719,-90,-33,-109
1747907089897.312,195404,1747907089878.625,-100,-33,-112
1747907089917.219,195368,1747907089898.406,-88,-29,-110
1747907089937.063,195341,1747907089918.312,-87,-33,-116
1747907089956.906,195299,1747907089938.125,-93,-33,-108
1747907089976.75,195299,1747907089957.969,-87,-34,-114
1747907089996.594,195289,1747907089977.844,-89,-36,-116
1747907090016.438,195275,1747907089997.656,-85,-20,-121
1747907090036.281,195264,1747907090017.531,-84,-25,-114
1747907090056.094,195245,1747907090037.375,-87,-33,-116
1747907090075.969,195260,1747907090057.219,-93,-33,-104
1747907090095.813,195240,1747907090077.063,-89,-33,-110
1747907090115.688,195244,1747907090096.906,-89,-27,-113
1747907090135.5,195234,1747907090116.75,-99,-33,-121
1747907090155.344,195239,1747907090136.594,-91,-33,-109
1747907090175.187,195231,1747907090156.406,-89,-33,-114
1747907090195.0632,195226,1747907090176.281,-94,-33,-113
1747907090214.875,195243,1747907090196.125,-90,-33,-109
1747907090234.719,195249,1747907090215.969,-98,-29,-113
1747907090254.594,195256,1747907090235.781,-97,-25,-116
1747907090274.437,195296,1747907090255.656,-87,-33,-114
1747907090294.25,195294,1747907090275.531,-97,-33,-122
1747907090314.25,195322,1747907090295.375,-89,-35,-116
1747907090334.031,195339,1747907090315.313,-103,-34,-117
1747907090353.844,195374,1747907090335.063,-98,-16,-116
1747907090373.688,195403,1747907090354.938,-99,-33,-113
1747907090393.531,195438,1747907090374.781,-84,-29,-109
1747907090413.406,195439,1747907090394.594,-98,-37,-95
1747907090433.281,195494,1747907090414.531,-90,-33,-114
1747907090453.125,195524,1747907090434.344,-88,-33,-113
1747907090472.969,195526,1747907090454.187,-87,-33,-115
1747907090492.844,195543,1747907090474.031,-97,-29,-116
1747907090512.719,195527,1747907090493.906,-95,-29,-113
1747907090532.531,195496,1747907090513.781,-96,-33,-108
1747907090552.406,195418,1747907090533.625,-89,-33,-106
1747907090572.25,195358,1747907090553.469,-96,-33,-116
1747907090592.125,195306,1747907090573.312,-92,-29,-114
1747907090611.969,195254,1747907090593.188,-98,-33,-114
1747907090631.813,195231,1747907090613.094,-84,-29,-120
1747907090651.688,195202,1747907090632.875,-88,-33,-125
1747907090671.562,195170,1747907090652.781,-98,-33,-114
1747907090691.406,195148,1747907090672.625,-80,-29,-114
1747907090711.25,195167,1747907090692.5,-89,-26,-115
1747907090731.156,195150,1747907090712.312,-93,-33,-117
1747907090751.0,195149,1747907090732.187,-88,-24,-122
1747907090770.844,195168,1747907090752.063,-93,-33,-111
1747907090790.687,195168,1747907090771.938,-79,-33,-108
1747907090810.563,195150,1747907090791.75,-93,-33,-108
1747907090830.406,195137,1747907090811.625,-85,-26,-116
1747907090850.25,195156,1747907090831.5,-98,-29,-116
1747907090870.125,195162,1747907090851.438,-97,-33,-113
1747907090889.969,195175,1747907090871.219,-98,-33,-114
1747907090909.813,195167,1747907090891.062,-88,-33,-116
1747907090929.688,195205,1747907090910.906,-97,-25,-113
1747907090949.625,195207,1747907090930.813,-95,-29,-113
1747907090969.438,195215,1747907090950.688,-100,-33,-113
1747907090989.25,195244,1747907090970.438,-100,-29,-116
1747907091009.094,195261,1747907090990.344,-87,-33,-113
1747907091028.969,195303,1747907091010.219,-97,-35,-116
1747907091048.844,195358,1747907091030.031,-89,-29,-110
1747907091068.719,195381,1747907091049.906,-96,-33,-113
1747907091088.531,195411,1747907091069.781,-96,-33,-116
1747907091108.406,195451,1747907091089.656,-85,-33,-119
1747907091128.25,195472,1747907091109.469,-93,-26,-115
1747907091148.094,195515,1747907091129.313,-86,-26,-125
1747907091167.969,195550,1747907091149.156,-89,-31,-125
1747907091187.813,195535,1747907091169.062,-96,-33,-113
1747907091207.656,195528,1747907091188.906,-88,-30,-113
1747907091227.531,195468,1747907091208.719,-93,-33,-113
1747907091247.375,195405,1747907091228.594,-89,-33,-111
1747907091267.219,195343,1747907091248.469,-89,-30,-120
1747907091287.062,195292,1747907091268.281,-88,-33,-116
1747907091306.937,195235,1747907091288.156,-100,-33,-116
1747907091326.813,195198,1747907091308.0,-95,-18,-117
1747907091346.625,195180,1747907091327.875,-85,-33,-109
1747907091366.5,195144,1747907091347.719,-95,-37,-113
1747907091386.344,195138,1747907091367.531,-89,-29,-121
1747907091406.187,195131,1747907091387.438,-90,-26,-116
1747907091426.0,195120,1747907091407.281,-93,-25,-121
1747907091445.875,195128,1747907091427.094,-92,-33,-113
1747907091465.719,195123,1747907091446.969,-88,-29,-113
1747907091485.594,195110,1747907091466.781,-89,-36,-129
1747907091505.438,195102,1747907091486.688,-88,-29,-116
1747907091525.281,195093,1747907091506.5,-100,-29,-120
1747907091545.156,195105,1747907091526.344,-90,-29,-116
1747907091565.0,195093,1747907091546.219,-93,-29,-109
1747907091584.844,195104,1747907091566.063,-87,-31,-128
1747907091604.688,195099,1747907091585.938,-95,-25,-108
1747907091624.563,195111,1747907091605.75,-89,-31,-125
1747907091644.406,195110,1747907091625.656,-86,-29,-116
1747907091664.25,195139,1747907091645.5,-97,-19,-121
1747907091684.188,195167,1747907091665.344,-97,-26,-120
1747907091703.969,195190,1747907091685.25,-82,-31,-119
1747907091723.844,195201,1747907091705.062,-89,-29,-121
1747907091743.781,195221,1747907091724.906,-88,-33,-113
1747907091763.531,195265,1747907091744.781,-109,-13,-135
1747907091783.406,195281,1747907091764.594,-87,-33,-121
1747907091803.281,195311,1747907091784.5,-95,-26,-113
1747907091823.094,195356,1747907091804.344,-87,-33,-101
1747907091842.969,195374,1747907091824.219,-92,-36,-113
1747907091862.813,195407,1747907091844.063,-97,-29,-116
1747907091882.688,195412,1747907091863.906,-90,-33,-125
1747907091902.531,195406,1747907091883.781,-95,-33,-108
1747907091922.375,195357,1747907091903.625,-97,-33,-116
1747907091942.25,195276,1747907091923.469,-97,-25,-113
1747907091962.125,195205,1747907091943.312,-89,-34,-110
1747907091981.938,195132,1747907091963.187,-96,-33,-113
1747907092001.812,195074,1747907091983.031,-87,-33,-109
1747907092021.625,195010,1747907092002.906,-98,-33,-108
1747907092041.5,194972,1747907092022.812,-89,-26,-113
1747907092061.313,194945,1747907092042.562,-100,-29,-112
1747907092081.219,194915,1747907092062.406,-89,-33,-113
1747907092101.031,194919,1747907092082.187,-97,-8,-125
1747907092120.875,194880,1747907092102.094,-87,-33,-119
1747907092140.688,194896,1747907092121.938,-93,-31,-116
1747907092160.531,194864,1747907092141.781,-95,-37,-94
1747907092180.406,194858,1747907092161.594,-93,-33,-116
1747907092200.25,194854,1747907092181.469,-85,-33,-116
1747907092220.094,194821,1747907092201.344,-89,-33,-121
1747907092239.938,194830,1747907092221.187,-84,-33,-113
1747907092259.7808,194795,1747907092241.0,-95,-29,-109
1747907092279.656,194810,1747907092260.875,-95,-30,-115
1747907092299.469,194787,1747907092280.719,-90,-33,-109
1747907092319.344,194785,1747907092300.563,-97,-33,-113
1747907092339.188,194789,1747907092320.406,-89,-27,-113
1747907092359.094,194794,1747907092340.25,-87,-33,-115
1747907092378.906,194802,1747907092360.156,-96,-33,-116
1747907092398.75,194831,1747907092380.0,-89,-33,-113
1747907092418.656,194850,1747907092399.812,-100,-33,-117
1747907092438.438,194852,1747907092419.656,-91,-16,-114
1747907092458.312,194874,1747907092439.5,-89,-33,-116
1747907092478.094,194902,1747907092459.375,-100,-33,-113
1747907092497.969,194933,1747907092479.188,-99,-41,-108
1747907092517.844,194954,1747907092499.062,-89,-33,-110
1747907092537.688,194993,1747907092518.906,-97,-33,-110
1747907092557.531,195016,1747907092538.75,-97,-33,-120
1747907092577.375,195035,1747907092558.594,-98,-29,-114
1747907092597.219,195044,1747907092578.438,-97,-33,-109
1747907092617.094,195007,1747907092598.312,-90,-33,-113
1747907092636.906,194949,1747907092618.187,-84,-28,-114
1747907092656.719,194882,1747907092638.0,-89,-29,-113
1747907092676.594,194791,1747907092657.813,-90,-26,-114
1747907092696.406,194706,1747907092677.625,-93,-29,-114
1747907092716.219,194642,1747907092697.5,-77,-25,-116
1747907092736.094,194576,1747907092717.344,-95,-33,-115
1747907092755.937,194536,1747907092737.156,-87,-33,-112
1747907092775.781,194505,1747907092757.0,-96,-49,-112
1747907092795.625,194462,1747907092776.844,-89,-33,-121
1747907092815.469,194433,1747907092796.75,-93,-29,-106
1747907092835.312,194421,1747907092816.562,-86,-32,-129
1747907092855.156,194409,1747907092836.375,-100,-33,-109
1747907092875.0,194377,1747907092856.25,-87,-29,-116
1747907092894.844,194351,1747907092876.094,-100,-33,-114
1747907092914.688,194329,1747907092895.875,-89,-33,-117
1747907092934.562,194311,1747907092915.781,-98,-33,-109
1747907092954.406,194291,1747907092935.625,-89,-33,-106
1747907092974.25,194263,1747907092955.469,-93,-28,-116
1747907092994.063,194249,1747907092975.312,-87,-32,-121
1747907093013.937,194239,1747907092995.125,-93,-29,-113
1747907093033.812,194229,1747907093015.0,-85,-33,-121
1747907093053.625,194226,1747907093034.875,-97,-34,-109
1747907093073.469,194223,1747907093054.688,-87,-25,-114
1747907093093.344,194227,1747907093074.562,-89,-33,-109
1747907093113.187,194240,1747907093094.406,-96,-33,-104
1747907093133.0618,194237,1747907093114.281,-103,-31,-111
1747907093152.906,194243,1747907093134.094,-92,-33,-125
1747907093172.75,194275,1747907093153.969,-89,-30,-128
1747907093192.594,194281,1747907093173.844,-92,-35,-113
1747907093212.437,194309,1747907093193.688,-84,-29,-116
1747907093232.281,194319,1747907093213.531,-97,-33,-113
1747907093252.125,194346,1747907093233.344,-88,-33,-113
1747907093271.969,194366,1747907093253.219,-96,-33,-114
1747907093291.781,194391,1747907093273.062,-89,-33,-112
1747907093311.719,194379,1747907093292.906,-97,-28,-116
1747907093331.531,194314,1747907093312.781,-96,-33,-116
1747907093351.344,194245,1747907093332.562,-97,-29,-121
1747907093371.188,194155,1747907093352.406,-97,-26,-110
1747907093391.0,194050,1747907093372.281,-97,-33,-121
1747907093410.844,193969,1747907093392.063,-89,-33,-113
1747907093430.687,193896,1747907093411.938,-91,-33,-116
1747907093450.531,193834,1747907093431.75,-86,-32,-122
1747907093470.375,193777,1747907093451.625,-97,-33,-112
1747907093490.2192,193756,1747907093471.437,-81,-34,-108
1747907093510.094,193728,1747907093491.281,-90,-26,-104
1747907093529.938,193686,1747907093511.156,-82,-29,-119
1747907093549.75,193677,1747907093531.0,-97,-33,-113
1747907093569.625,193646,1747907093550.937,-87,-29,-113
1747907093589.469,193628,1747907093570.719,-100,-27,-113
1747907093609.312,193603,1747907093590.531,-90,-29,-108
1747907093629.156,193579,1747907093610.375,-97,-33,-113
1747907093649.0,193549,1747907093630.219,-88,-33,-110
1747907093668.813,193521,1747907093650.062,-103,-33,-122
1747907093688.687,193503,1747907093669.906,-89,-29,-129
1747907093708.5,193493,1747907093689.75,-89,-33,-113
1747907093728.344,193460,1747907093709.594,-88,-26,-116
1747907093748.219,193467,1747907093729.406,-87,-29,-113
1747907093768.0308,193459,1747907093749.281,-98,-33,-109
1747907093787.875,193447,1747907093769.125,-84,-18,-109
1747907093807.75,193447,1747907093788.969,-95,-33,-116
1747907093827.563,193466,1747907093808.781,-85,-32,-111
1747907093847.438,193464,1747907093828.656,-87,-29,-113
1747907093867.25,193506,1747907093848.469,-89,-32,-125
1747907093887.125,193488,1747907093868.344,-90,-33,-109
1747907093906.969,193526,1747907093888.2192,-98,-33,-109
1747907093926.844,193528,1747907093908.031,-97,-33,-109
1747907093946.656,193537,1747907093927.906,-85,-25,-113
1747907093966.531,193567,1747907093947.719,-88,-33,-117
1747907093986.375,193560,1747907093967.594,-97,-33,-109
1747907094006.219,193528,1747907093987.469,-98,-34,-106
1747907094026.063,193478,1747907094007.312,-88,-33,-117
1747907094045.906,193411,1747907094027.188,-96,-33,-115
1747907094065.75,193357,1747907094046.969,-89,-25,-115
1747907094085.594,193317,1747907094066.844,-98,-29,-116
1747907094105.438,193314,1747907094086.656,-89,-25,-123
1747907094125.281,193281,1747907094106.531,-89,-33,-125
1747907094145.125,193280,1747907094126.375,-82,-29,-120
1747907094165.0,193274,1747907094146.219,-93,-33,-121
1747907094184.875,193272,1747907094166.063,-96,-33,-117
1747907094204.656,193292,1747907094185.969,-82,-28,-116
1747907094224.5,193269,1747907094205.75,-87,-33,-116
1747907094244.375,193275,1747907094225.563,-100,-29,-121
1747907094264.219,193260,1747907094245.469,-90,-33,-116
1747907094284.031,193268,1747907094265.281,-98,-33,-116
1747907094303.906,193257,1747907094285.125,-88,-33,-110
1747907094323.75,193229,1747907094304.969,-95,-25,-116
1747907094343.594,193193,1747907094324.906,-82,-25,-120
1747907094363.437,193175,1747907094344.656,-99,-29,-116
1747907094383.313,193155,1747907094364.531,-84,-33,-113
1747907094403.125,193141,1747907094384.375,-97,-16,-118
1747907094422.969,193150,1747907094404.187,-100,-33,-110
1747907094442.781,193140,1747907094424.031,-96,-33,-113
1747907094462.625,193139,1747907094443.875,-93,-39,-106
1747907094482.469,193139,1747907094463.719,-88,-25,-121
1747907094502.313,193135,1747907094483.562,-100,-29,-117
1747907094522.156,193161,1747907094503.406,-95,-29,-120
1747907094542.0,193168,1747907094523.25,-90,-29,-108
1747907094561.844,193181,1747907094543.063,-92,-32,-125
1747907094581.688,193178,1747907094562.906,-92,-33,-113
1747907094601.531,193217,1747907094582.781,-88,-33,-114
1747907094621.375,193226,1747907094602.625,-93,-26,-118
1747907094641.187,193240,1747907094622.438,-87,-25,-109
1747907094661.063,193209,1747907094642.281,-90,-33,-113
1747907094680.906,193140,1747907094662.125,-85,-35,-117
1747907094700.7192,193036,1747907094682.0,-95,-33,-115
1747907094720.562,192931,1747907094701.813,-93,-27,-116
1747907094740.406,192807,1747907094721.625,-96,-49,-119
1747907094760.25,192720,1747907094741.469,-101,-25,-113
1747907094780.063,192622,1747907094761.312,-96,-33,-118
1747907094799.937,192534,1747907094781.156,-100,-29,-125
1747907094819.844,192468,1747907094801.0,-89,-29,-113
1747907094839.625,192412,1747907094820.844,-88,-20,-120
1747907094859.469,192378,1747907094840.719,-84,-37,-114
1747907094879.313,192327,1747907094860.562,-86,-33,-114
1747907094899.156,192309,1747907094880.375,-97,-33,-116
1747907094919.0,192272,1747907094900.219,-89,-33,-110
1747907094938.906,192226,1747907094920.063,-97,-33,-113
1747907094958.719,192192,1747907094940.031,-100,-25,-121
1747907094978.5308,192152,1747907094959.75,-85,-29,-117
1747907094998.375,192115,1747907094979.625,-90,-29,-112
1747907095018.219,192082,1747907094999.469,-105,-33,-110
1747907095038.063,192046,1747907095019.344,-82,-29,-111
1747907095057.938,192017,1747907095039.156,-93,-33,-113
1747907095077.781,192007,1747907095059.031,-89,-29,-119
1747907095097.656,191975,1747907095078.875,-87,-33,-114
1747907095117.469,191960,1747907095098.719,-101,-33,-109
1747907095137.313,191952,1747907095118.531,-90,-29,-112
1747907095157.188,191947,1747907095138.406,-95,-29,-116
1747907095177.031,191937,1747907095158.25,-87,-33,-110
1747907095196.844,191949,1747907095178.156,-103,-34,-112
1747907095216.719,191969,1747907095197.938,-89,-33,-116
1747907095236.563,191990,1747907095217.812,-93,-29,-121
1747907095256.438,191998,1747907095237.656,-97,-33,-104
1747907095276.25,192011,1747907095257.531,-84,-33,-113
1747907095296.156,192036,1747907095277.344,-87,-33,-113
1747907095316.0,192008,1747907095297.188,-87,-35,-121
1747907095335.844,191977,1747907095317.062,-84,-33,-112
1747907095355.687,191860,1747907095336.937,-97,-37,-113
1747907095375.562,191753,1747907095356.75,-89,-34,-113
1747907095395.406,191625,1747907095376.625,-100,-33,-113
1747907095415.25,191509,1747907095396.4692,-88,-41,-119
1747907095435.0942,191394,1747907095416.344,-98,-33,-113
1747907095454.906,191293,1747907095436.188,-85,-33,-114
1747907095474.781,191213,1747907095456.0,-96,-33,-112
1747907095494.656,191158,1747907095475.844,-87,-33,-111
1747907095514.469,191089,1747907095495.75,-95,-33,-114
1747907095534.312,191036,1747907095515.594,-89,-28,-114
1747907095554.187,191003,1747907095535.406,-93,-33,-109
1747907095574.031,190972,1747907095555.25,-89,-36,-125
1747907095593.844,190924,1747907095575.063,-95,-29,-113
1747907095613.812,190889,1747907095594.969,-89,-33,-114
1747907095633.531,190851,1747907095614.875,-87,-33,-113
1747907095653.406,190834,1747907095634.594,-95,-25,-116
1747907095673.25,190794,1747907095654.5,-84,-25,-114
1747907095693.063,190742,1747907095674.312,-101,-33,-112
1747907095712.938,190731,1747907095694.156,-98,-33,-113
1747907095732.812,190684,1747907095714.031,-87,-25,-121
1747907095752.594,190677,1747907095733.844,-88,-32,-114
1747907095772.469,190649,1747907095753.719,-98,-33,-114
1747907095792.313,190656,1747907095773.531,-89,-29,-109
1747907095812.156,190650,1747907095793.437,-88,-29,-112
1747907095832.031,190666,1747907095813.25,-92,-33,-110
1747907095851.844,190662,1747907095833.094,-88,-33,-111
1747907095871.719,190667,1747907095852.906,-90,-33,-112
1747907095891.594,190667,1747907095872.781,-92,-33,-114
1747907095911.406,190699,1747907095892.656,-84,-33,-108
1747907095931.219,190713,1747907095912.5,-98,-34,-116
1747907095951.094,190748,1747907095932.313,-97,-29,-113
1747907095970.938,190773,1747907095952.156,-96,-33,-112
1747907095990.813,190760,1747907095972.0,-87,-27,-117
1747907096010.594,190694,1747907095991.906,-100,-29,-114
1747907096030.469,190616,1747907096011.719,-80,-29,-113
1747907096050.313,190508,1747907096031.531,-97,-31,-114
1747907096070.156,190366,1747907096051.406,-93,-26,-113
1747907096089.969,190248,1747907096071.219,-89,-20,-113
1747907096109.812,190141,1747907096091.063,-97,-33,-114
1747907096129.656,190038,1747907096110.875,-84,-29,-113
1747907096149.5,189955,1747907096130.719,-96,-29,-113
1747907096169.344,189908,1747907096150.562,-87,-29,-114
1747907096189.219,189860,1747907096170.437,-84,-29,-113
1747907096209.031,189807,1747907096190.313,-96,-33,-110
1747907096228.875,189776,1747907096210.094,-84,-25,-117
1747907096248.688,189730,1747907096229.938,-88,-33,-117
1747907096268.531,189708,1747907096249.781,-95,-26,-114
1747907096288.437,189666,1747907096269.594,-89,-25,-119
1747907096308.219,189636,1747907096289.5,-84,-29,-120
1747907096328.094,189597,1747907096309.313,-95,-29,-121
1747907096347.969,189554,1747907096329.156,-89,-33,-116
1747907096367.75,189520,1747907096348.969,-101,-15,-129
1747907096387.594,189490,1747907096368.812,-97,-33,-109
1747907096407.469,189457,1747907096388.688,-87,-33,-114
1747907096427.281,189451,1747907096408.563,-100,-37,-96
1747907096447.125,189423,1747907096428.375,-98,-33,-109
1747907096466.969,189431,1747907096448.187,-89,-33,-113
1747907096486.844,189442,1747907096468.031,-90,-33,-112
1747907096506.656,189447,1747907096487.906,-88,-29,-114
1747907096526.5,189443,1747907096507.781,-96,-29,-116
1747907096546.375,189453,1747907096527.562,-95,-25,-116
1747907096566.219,189465,1747907096547.437,-88,-30,-116
1747907096586.031,189461,1747907096567.313,-93,-33,-114
1747907096605.906,189508,1747907096587.125,-100,-23,-113
1747907096625.75,189535,1747907096606.9692,-96,-29,-117
1747907096645.625,189548,1747907096626.812,-79,-29,-113
1747907096665.469,189559,1747907096646.687,-93,-29,-117
1747907096685.406,189536,1747907096666.563,-89,-33,-114
1747907096705.188,189455,1747907096686.375,-89,-10,-116
1747907096725.031,189367,1747907096706.25,-100,-33,-116
1747907096744.844,189265,1747907096726.125,-100,-26,-116
1747907096764.719,189148,1747907096745.938,-89,-41,-129
1747907096784.594,189068,1747907096765.8132,-88,-29,-113
1747907096804.4382,188993,1747907096785.656,-97,-33,-113
1747907096824.281,188916,1747907096805.5,-89,-33,-112
1747907096844.125,188883,1747907096825.375,-98,-29,-114
1747907096864.0,188840,1747907096845.188,-90,-26,-119
1747907096883.875,188798,1747907096865.094,-96,-29,-114
1747907096903.719,188768,1747907096884.937,-88,-33,-114
1747907096923.594,188750,1747907096904.812,-99,-33,-114
1747907096943.469,188721,1747907096924.656,-98,-29,-113
1747907096963.344,188726,1747907096944.531,-99,-29,-109
1747907096983.156,188677,1747907096964.406,-93,-33,-114
1747907097003.031,188656,1747907096984.281,-89,-33,-105
1747907097022.906,188635,1747907097004.094,-94,-26,-114
1747907097042.75,188605,1747907097023.969,-72,-29,-117
1747907097062.594,188590,1747907097043.813,-90,-33,-121
1747907097082.469,188565,1747907097063.687,-90,-33,-127
1747907097102.312,188554,1747907097083.531,-89,-26,-125
1747907097122.219,188566,1747907097103.406,-88,-33,-109
1747907097142.031,188567,1747907097123.281,-88,-17,-116
1747907097161.906,188573,1747907097143.125,-97,-29,-104
1747907097181.75,188601,1747907097163.0,-97,-25,-119
1747907097201.594,188618,1747907097182.844,-93,-26,-114
1747907097221.437,188623,1747907097202.688,-97,-33,-105
1747907097241.313,188647,1747907097222.562,-84,-29,-114
1747907097261.156,188693,1747907097242.375,-88,-33,-121
1747907097281.031,188716,1747907097262.219,-97,-29,-116
1747907097300.875,188751,1747907097282.094,-87,-33,-113
1747907097320.719,188751,1747907097302.0,-97,-26,-113
1747907097340.625,188799,1747907097321.812,-85,-25,-119
1747907097360.469,188781,1747907097341.687,-103,-33,-110
1747907097380.312,188736,1747907097361.563,-105,-36,-116
1747907097400.156,188656,1747907097381.406,-89,-33,-114
1747907097420.031,188537,1747907097401.219,-100,-29,-108
1747907097439.9058,188416,1747907097421.094,-90,-31,-109
1747907097459.719,188313,1747907097440.969,-100,-29,-114
1747907097479.594,188219,1747907097460.813,-89,-26,-112
1747907097499.469,188135,1747907097480.656,-84,-29,-128
1747907097519.313,188089,1747907097500.531,-92,-29,-116
1747907097539.125,188030,1747907097520.406,-101,-25,-104
1747907097559.0,187996,1747907097540.25,-93,-29,-118
1747907097578.844,187971,1747907097560.031,-89,-31,-121
1747907097598.719,187968,1747907097579.937,-96,-33,-114
1747907097618.531,187957,1747907097599.781,-96,-33,-105
1747907097638.437,187930,1747907097619.656,-97,-33,-120
1747907097658.25,187913,1747907097639.5,-92,-33,-114
1747907097678.125,187882,1747907097659.344,-90,-25,-116
1747907097697.969,187864,1747907097679.219,-88,-33,-116
1747907097717.812,187838,1747907097699.063,-100,-34,-117
1747907097737.687,187818,1747907097718.844,-89,-25,-113
1747907097757.531,187814,1747907097738.75,-100,-33,-113
1747907097777.375,187810,1747907097758.594,-88,-33,-114
1747907097797.25,187796,1747907097778.5,-94,-29,-114
1747907097817.062,187787,1747907097798.281,-85,-33,-114
1747907097836.937,187817,1747907097818.156,-87,-26,-128
1747907097856.75,187818,1747907097838.0,-89,-34,-115
1747907097876.594,187854,1747907097857.844,-98,-25,-110
1747907097896.437,187890,1747907097877.687,-85,-33,-114
1747907097916.312,187919,1747907097897.531,-97,-33,-112
1747907097936.156,187935,1747907097917.375,-89,-33,-113
1747907097955.969,187957,1747907097937.25,-103,-33,-119
1747907097975.875,187980,1747907097957.031,-98,-33,-113
1747907097995.687,188040,1747907097977.0,-96,-27,-115
1747907098015.531,188073,1747907097996.75,-100,-25,-113
1747907098035.375,188095,1747907098016.625,-90,-29,-121
1747907098055.219,188078,1747907098036.437,-97,-34,-121
1747907098075.094,188016,1747907098056.281,-90,-34,-114
1747907098094.969,187930,1747907098076.219,-98,-33,-113
1747907098114.781,187833,1747907098096.031,-90,-33,-112
1747907098134.625,187725,1747907098115.875,-101,-29,-108
1747907098154.469,187642,1747907098135.719,-97,-29,-116
1747907098174.344,187585,1747907098155.531,-104,-29,-125
1747907098194.156,187528,1747907098175.406,-95,-33,-113
1747907098214.0,187467,1747907098195.25,-89,-33,-113
1747907098233.875,187451,1747907098215.125,-95,-29,-113
1747907098253.719,187419,1747907098234.937,-86,-33,-113
1747907098273.531,187439,1747907098254.781,-90,-29,-118
1747907098293.375,187431,1747907098274.625,-86,-33,-114
1747907098313.344,187398,1747907098294.4692,-98,-34,-110
1747907098333.156,187396,1747907098314.406,-100,-29,-109
1747907098352.937,187403,1747907098334.187,-93,-25,-127
1747907098372.781,187376,1747907098354.031,-88,-28,-114
1747907098392.656,187371,1747907098373.875,-97,-33,-116
1747907098412.5,187349,1747907098393.719,-84,-33,-110
1747907098432.313,187357,1747907098413.562,-97,-29,-113
1747907098452.156,187363,1747907098433.438,-83,-32,-122
1747907098472.031,187363,1747907098453.25,-97,-31,-116
1747907098491.844,187380,1747907098473.094,-93,-16,-116
1747907098511.719,187393,1747907098492.937,-87,-33,-104
1747907098531.531,187414,1747907098512.781,-89,-29,-118
1747907098551.406,187461,1747907098532.625,-89,-29,-123
1747907098571.25,187479,1747907098552.563,-89,-33,-111
1747907098591.125,187539,1747907098572.344,-100,-33,-116
1747907098610.938,187554,1747907098592.187,-88,-33,-116
1747907098630.812,187593,1747907098612.0,-84,-29,-118
1747907098650.781,187647,1747907098631.875,-100,-33,-105
1747907098670.469,187675,1747907098651.844,-103,-33,-119
1747907098690.313,187737,1747907098671.531,-87,-33,-125
1747907098710.188,187771,1747907098691.406,-97,-33,-116
1747907098730.031,187785,1747907098711.25,-93,-26,-118
1747907098749.906,187773,1747907098731.094,-89,-33,-108
1747907098769.719,187738,1747907098750.969,-89,-28,-106
1747907098789.563,187645,1747907098770.812,-88,-20,-113
1747907098809.562,187569,1747907098790.656,-88,-29,-115
1747907098829.281,187491,1747907098810.5,-89,-22,-120
1747907098849.125,187443,1747907098830.375,-92,-33,-112
1747907098869.0,187407,1747907098850.219,-87,-33,-116
1747907098888.813,187376,1747907098870.094,-87,-26,-104
1747907098908.687,187375,1747907098890.0,-89,-26,-113
1747907098928.5,187361,1747907098909.75,-90,-26,-114
1747907098948.344,187357,1747907098929.625,-97,-29,-116
1747907098968.188,187357,1747907098949.406,-95,-29,-113
1747907098988.063,187388,1747907098969.281,-87,-33,-114
1747907099007.875,187398,1747907098989.156,-108,-33,-116
1747907099027.75,187407,1747907099009.0,-89,-29,-118
1747907099047.594,187400,1747907099028.8442,-104,-29,-108
1747907099067.438,187380,1747907099048.687,-95,-29,-119
1747907099087.281,187382,1747907099068.5,-90,-33,-114
1747907099107.187,187415,1747907099088.406,-89,-33,-116
1747907099127.0,187454,1747907099108.25,-88,-24,-122
1747907099146.875,187462,1747907099128.094,-89,-29,-117
1747907099166.688,187488,1747907099147.937,-85,-26,-114
1747907099186.562,187521,1747907099167.781,-93,-33,-110
1747907099206.406,187551,1747907099187.625,-89,-29,-114
1747907099226.25,187596,1747907099207.469,-100,-26,-118
1747907099246.094,187639,1747907099227.469,-98,-32,-116
1747907099265.938,187678,1747907099247.187,-86,-33,-109
1747907099285.781,187719,1747907099267.031,-87,-33,-113
1747907099305.625,187786,1747907099286.844,-105,-29,-114
1747907099325.469,187836,1747907099306.688,-87,-27,-125
1747907099345.313,187886,1747907099326.562,-98,-25,-116
1747907099365.156,187943,1747907099346.375,-88,-29,-115
1747907099385.0,187980,1747907099366.219,-92,-33,-114
1747907099404.875,188021,1747907099386.094,-88,-34,-116
1747907099424.75,188056,1747907099405.937,-89,-33,-116
1747907099444.531,188023,1747907099425.812,-90,-29,-109
1747907099464.375,188000,1747907099445.625,-98,-21,-120
1747907099484.25,187931,1747907099465.438,-97,-29,-113
1747907099504.031,187874,1747907099485.313,-86,-33,-110
1747907099523.906,187791,1747907099505.156,-99,-29,-113
1747907099543.75,187767,1747907099524.969,-89,-33,-109
1747907099563.625,187714,1747907099544.844,-100,-33,-108
1747907099583.437,187703,1747907099564.719,-90,-29,-114
1747907099603.281,187710,1747907099584.531,-96,-33,-114
1747907099623.125,187706,1747907099604.375,-104,-33,-114
1747907099642.969,187717,1747907099624.187,-84,-25,-112
1747907099662.781,187725,1747907099644.063,-92,-25,-116
1747907099682.625,187740,1747907099663.906,-93,-33,-104
1747907099702.469,187756,1747907099683.688,-100,-26,-108
1747907099722.313,187754,1747907099703.562,-89,-33,-110
1747907099742.188,187751,1747907099723.375,-93,-21,-114
1747907099762.0,187764,1747907099743.281,-100,-26,-113
1747907099781.875,187791,1747907099763.094,-89,-42,-110
1747907099801.688,187791,1747907099782.906,-89,-32,-108
1747907099821.563,187826,1747907099802.781,-97,-33,-113
1747907099841.3442,187831,1747907099822.625,-97,-33,-114
1747907099861.219,187850,1747907099842.438,-87,-33,-120
1747907099881.062,187904,1747907099862.313,-103,-33,-113
1747907099900.906,187920,1747907099882.156,-87,-29,-114
1747907099920.75,187973,1747907099901.969,-100,-29,-116
1747907099940.594,188004,1747907099921.844,-89,-28,-114
1747907099960.437,188049,1747907099941.656,-98,-33,-113
1747907099980.281,188094,1747907099961.5,-89,-25,-114
1747907100000.125,188144,1747907099981.344,-89,-33,-113
1747907100019.938,188195,1747907100001.25,-77,-33,-112
1747907100039.812,188253,1747907100021.031,-99,-25,-105
1747907100059.656,188295,1747907100040.906,-90,-28,-116
1747907100079.469,188349,1747907100060.75,-96,-33,-118
1747907100099.344,188369,1747907100080.562,-92,-34,-110
1747907100119.1558,188352,1747907100100.437,-85,-29,-116
1747907100139.031,188307,1747907100120.25,-84,-34,-125
1747907100158.844,188242,1747907100140.094,-97,-33,-113
1747907100178.688,188178,1747907100159.938,-89,-25,-108
1747907100198.531,188126,1747907100179.781,-85,-28,-113
1747907100218.375,188068,1747907100199.625,-101,-29,-113
1747907100238.219,188063,1747907100219.438,-89,-26,-96
1747907100258.031,188044,1747907100239.281,-100,-35,-113
1747907100277.938,188029,1747907100259.094,-85,-29,-121
1747907100297.719,188053,1747907100278.969,-93,-32,-111
1747907100317.594,188069,1747907100298.812,-89,-33,-121
1747907100337.406,188089,1747907100318.656,-89,-29,-116
1747907100357.25,188108,1747907100338.5,-96,-36,-110
1747907100377.125,188114,1747907100358.313,-87,-27,-118
1747907100396.969,188135,1747907100378.187,-93,-33,-114
1747907100416.781,188139,1747907100398.031,-98,-24,-115
1747907100436.625,188143,1747907100417.875,-89,-28,-113
1747907100456.5,188152,1747907100437.6882,-98,-29,-113
1747907100476.375,188178,1747907100457.562,-87,-33,-104
1747907100496.188,188199,1747907100477.437,-93,-33,-113
1747907100516.031,188238,1747907100497.313,-92,-29,-113
1747907100535.906,188263,1747907100517.094,-97,-33,-114
1747907100555.781,188293,1747907100536.938,-84,-33,-113
1747907100575.563,188338,1747907100556.844,-89,-33,-110
1747907100595.438,188367,1747907100576.625,-93,-32,-127
1747907100615.281,188414,1747907100596.5,-87,-33,-116
1747907100635.156,188483,1747907100616.375,-98,-25,-112
1747907100655.0,188528,1747907100636.219,-97,-29,-124
1747907100674.844,188576,1747907100656.094,-97,-33,-116
1747907100694.687,188637,1747907100675.906,-96,-40,-111
1747907100714.531,188686,1747907100695.75,-89,-33,-112
1747907100734.438,188699,1747907100715.625,-95,-33,-114
1747907100754.219,188709,1747907100735.469,-90,-24,-113
1747907100774.094,188663,1747907100755.281,-84,-34,-120
1747907100793.937,188624,1747907100775.156,-95,-29,-120
1747907100813.781,188560,1747907100795.0,-98,-29,-104
1747907100833.625,188479,1747907100814.875,-86,-33,-114
1747907100853.469,188430,1747907100834.719,-95,-33,-109
1747907100873.344,188391,1747907100854.656,-88,-33,-110
1747907100893.187,188370,1747907100874.406,-93,-33,-113
1747907100913.0,188354,1747907100894.25,-100,-29,-114
1747907100932.844,188375,1747907100914.062,-89,-29,-117
1747907100952.688,188368,1747907100933.906,-90,-33,-121
1747907100972.562,188389,1747907100953.781,-95,-31,-119
1747907100992.375,188411,1747907100973.625,-97,-33,-116
1747907101012.219,188406,1747907100993.469,-98,-33,-109
1747907101032.063,188437,1747907101013.281,-80,-29,-114
1747907101051.906,188461,1747907101033.125,-90,-33,-116
1747907101071.719,188456,1747907101052.969,-88,-33,-113
1747907101091.562,188468,1747907101072.813,-92,-17,-108
1747907101111.438,188474,1747907101092.656,-89,-29,-114
1747907101131.281,188494,1747907101112.5,-104,-33,-110
1747907101151.094,188521,1747907101132.344,-97,-33,-113
1747907101170.969,188533,1747907101152.188,-89,-33,-113
1747907101190.844,188584,1747907101172.031,-87,-33,-114
1747907101210.6882,188606,1747907101191.906,-98,-33,-120
1747907101230.531,188648,1747907101211.781,-89,-25,-121
1747907101250.375,188686,1747907101231.625,-93,-29,-114
1747907101270.25,188746,1747907101251.438,-100,-25,-106
1747907101290.094,188803,1747907101271.313,-85,-33,-113
1747907101309.938,188841,1747907101291.156,-90,-33,-113
1747907101329.813,188887,1747907101311.062,-93,-31,-131
1747907101349.656,188937,1747907101330.875,-98,-29,-113
1747907101369.531,189005,1747907101350.719,-72,-26,-114
1747907101389.344,188996,1747907101370.594,-89,-33,-121
1747907101409.312,188962,1747907101390.4368,-97,-29,-114
1747907101429.094,188889,1747907101410.281,-89,-24,-121
1747907101448.937,188797,1747907101430.156,-89,-33,-113
1747907101468.781,188745,1747907101450.031,-93,-31,-120
1747907101488.656,188672,1747907101469.875,-83,-33,-104
1747907101508.5,188614,1747907101489.719,-96,-33,-113
1747907101528.344,188585,1747907101509.563,-89,-33,-110
1747907101548.187,188564,1747907101529.406,-97,-33,-113
1747907101568.063,188536,1747907101549.312,-87,-29,-114
1747907101587.9058,188524,1747907101569.125,-95,-27,-113
1747907101607.781,188529,1747907101589.0,-98,-29,-115
1747907101627.625,188537,1747907101608.875,-89,-29,-111
1747907101647.469,188547,1747907101628.75,-95,-29,-120
1747907101667.344,188528,1747907101648.562,-98,-33,-112
1747907101687.219,188515,1747907101668.406,-84,-33,-116
1747907101707.031,188545,1747907101688.281,-105,-34,-116
1747907101726.906,188527,1747907101708.125,-98,-33,-116
1747907101746.781,188526,1747907101728.0,-90,-25,-116
1747907101766.625,188544,1747907101747.844,-90,-41,-125
1747907101786.469,188570,1747907101767.719,-85,-25,-121
1747907101806.312,188574,1747907101787.563,-89,-33,-116
1747907101826.188,188619,1747907101807.375,-96,-33,-112
1747907101846.063,188614,1747907101827.25,-89,-33,-117
1747907101865.875,188662,1747907101847.125,-96,-27,-116
1747907101885.75,188667,1747907101867.0,-89,-29,-114
1747907101905.594,188726,1747907101886.844,-97,-29,-119
1747907101925.469,188764,1747907101906.656,-85,-33,-109
1747907101945.312,188809,1747907101926.562,-90,-29,-111
1747907101965.156,188842,1747907101946.406,-97,-26,-113
1747907101985.031,188888,1747907101966.219,-103,-27,-116
1747907102004.875,188920,1747907101986.063,-85,-31,-125
1747907102024.719,188953,1747907102005.969,-89,-26,-117
1747907102044.562,188930,1747907102025.844,-93,-33,-116
1747907102064.437,188885,1747907102045.625,-90,-26,-116
1747907102084.281,188778,1747907102065.5,-97,-33,-113
1747907102104.125,188695,1747907102085.375,-96,-33,-121
1747907102123.969,188597,1747907102105.187,-87,-33,-113
1747907102143.844,188531,1747907102125.063,-88,-29,-121
1747907102163.687,188456,1747907102144.906,-104,-32,-129
1747907102183.563,188413,1747907102164.781,-85,-33,-114
1747907102203.344,188360,1747907102184.594,-93,-33,-110
1747907102223.219,188349,1747907102204.437,-88,-33,-113
1747907102243.062,188317,1747907102224.313,-98,-29,-113
1747907102262.938,188305,1747907102244.125,-89,-33,-113
1747907102282.75,188301,1747907102264.0,-88,-33,-110
1747907102302.625,188288,1747907102283.844,-104,-33,-112
1747907102322.469,188285,1747907102303.688,-89,-33,-113
1747907102342.312,188276,1747907102323.5,-87,-32,-127
1747907102362.125,188281,1747907102343.375,-89,-33,-113
1747907102381.969,188267,1747907102363.25,-97,-29,-116
1747907102401.813,188283,1747907102383.0618,-102,-33,-121
1747907102421.6868,188267,1747907102402.875,-85,-27,-125
1747907102441.5,188288,1747907102422.75,-96,-41,-120
1747907102461.375,188277,1747907102442.594,-84,-33,-114
1747907102481.188,188302,1747907102462.437,-97,-33,-108
1747907102501.062,188313,1747907102482.25,-89,-33,-112
1747907102520.969,188370,1747907102502.125,-97,-33,-117
1747907102540.719,188393,1747907102521.969,-89,-18,-116
1747907102560.594,188431,1747907102541.844,-87,-29,-116
1747907102580.438,188473,1747907102561.656,-96,-29,-116
1747907102600.25,188530,1747907102581.5,-89,-27,-104
1747907102620.125,188566,1747907102601.375,-97,-35,-114
1747907102640.063,188596,1747907102621.188,-87,-33,-113
1747907102659.875,188636,1747907102641.156,-93,-33,-113
1747907102679.656,188667,1747907102660.906,-85,-29,-125
1747907102699.469,188668,1747907102680.75,-98,-33,-114
1747907102719.344,188614,1747907102700.563,-96,-25,-113
1747907102739.188,188533,1747907102720.406,-88,-33,-114
1747907102759.063,188453,1747907102740.281,-95,-29,-112
1747907102778.8442,188359,1747907102760.125,-87,-32,-122
1747907102798.844,188274,1747907102779.938,-100,-33,-113
1747907102818.562,188197,1747907102799.781,-89,-18,-119
1747907102838.406,188134,1747907102819.625,-95,-29,-108
1747907102858.25,188101,1747907102839.5,-89,-33,-114
1747907102878.094,188060,1747907102859.344,-100,-33,-108
1747907102897.937,188032,1747907102879.156,-100,-25,-106
1747907102917.781,188030,1747907102899.031,-89,-29,-113
1747907102937.594,188028,1747907102918.844,-93,-29,-105
1747907102957.438,188011,1747907102938.719,-93,-26,-114
1747907102977.312,187993,1747907102958.531,-99,-29,-113
1747907102997.156,188010,1747907102978.375,-93,-33,-114
1747907103016.969,187990,1747907102998.219,-99,-29,-115
1747907103036.844,187984,1747907103018.094,-89,-33,-116
1747907103056.688,187981,1747907103037.937,-88,-28,-114
1747907103076.594,187986,1747907103057.75,-87,-33,-107
1747907103096.375,187974,1747907103077.656,-96,-35,-112
1747907103116.219,187984,1747907103097.5,-88,-13,-116
1747907103136.094,188005,1747907103117.312,-89,-33,-117
1747907103155.937,188009,1747907103137.187,-87,-33,-113
1747907103175.781,188025,1747907103157.0,-100,-33,-113
1747907103195.625,188073,1747907103176.906,-89,-33,-113
1747907103215.469,188090,1747907103196.719,-97,-33,-106
1747907103235.344,188119,1747907103216.562,-90,-29,-114
1747907103255.187,188166,1747907103236.438,-95,-29,-113
1747907103275.031,188225,1747907103256.281,-84,-33,-113
1747907103294.875,188244,1747907103276.125,-103,-33,-116
1747907103314.719,188287,1747907103295.969,-100,-33,-121
1747907103334.563,188343,1747907103315.844,-86,-29,-113
1747907103354.406,188381,1747907103335.625,-89,-28,-111
1747907103374.25,188412,1747907103355.5,-96,-26,-109
1747907103394.094,188381,1747907103375.313,-89,-23,-114
1747907103413.969,188345,1747907103395.187,-88,-33,-113
1747907103433.812,188247,1747907103415.031,-82,-33,-110
1747907103453.687,188174,1747907103434.875,-87,-8,-116
1747907103473.563,188085,1747907103454.75,-97,-29,-109
1747907103493.406,188006,1747907103474.625,-93,-33,-114
1747907103513.2192,187931,1747907103494.5,-89,-29,-113
1747907103533.094,187890,1747907103514.313,-89,-34,-113
1747907103552.937,187875,1747907103534.188,-89,-29,-113
1747907103572.813,187851,1747907103554.031,-96,-26,-113
1747907103592.656,187847,1747907103573.875,-100,-29,-114
1747907103612.469,187836,1747907103593.75,-100,-29,-114
1747907103632.344,187842,1747907103613.531,-104,-33,-109
1747907103652.188,187852,1747907103633.406,-100,-33,-117
1747907103672.0,187834,1747907103653.281,-89,-34,-113
1747907103691.875,187830,1747907103673.094,-100,-33,-115
1747907103711.719,187841,1747907103692.938,-89,-26,-113
1747907103731.562,187830,1747907103712.781,-90,-25,-120
1747907103751.406,187841,1747907103732.625,-89,-33,-115
1747907103771.25,187841,1747907103752.531,-97,-33,-112
1747907103791.125,187850,1747907103772.344,-97,-17,-107
1747907103810.969,187853,1747907103792.188,-90,-33,-106
1747907103830.781,187887,1747907103812.063,-98,-33,-116
1747907103850.656,187888,1747907103831.875,-87,-33,-113
1747907103870.531,187922,1747907103851.75,-100,-33,-116
1747907103890.375,187947,1747907103871.594,-93,-29,-119
1747907103910.219,187984,1747907103891.469,-89,-33,-119
1747907103930.063,188036,1747907103911.313,-89,-29,-120
1747907103949.906,188060,1747907103931.125,-89,-33,-120
1747907103969.781,188122,1747907103951.0,-104,-36,-119
1747907103989.594,188156,1747907103970.844,-88,-29,-112
1747907104009.437,188207,1747907103990.688,-88,-33,-113
1747907104029.281,188253,1747907104010.5,-100,-33,-113
1747907104049.156,188280,1747907104030.344,-89,-33,-115
1747907104069.0,188268,1747907104050.25,-88,-26,-113
1747907104088.844,188214,1747907104070.0632,-89,-29,-116
1747907104108.656,188110,1747907104089.906,-96,-29,-116
1747907104128.531,188054,1747907104109.75,-88,-33,-105
1747907104148.406,187988,1747907104129.625,-97,-33,-113
1747907104168.219,187920,1747907104149.5,-92,-26,-112
1747907104188.094,187865,1747907104169.281,-97,-29,-117
1747907104207.938,187826,1747907104189.156,-89,-33,-110
1747907104227.813,187802,1747907104209.031,-98,-29,-105
1747907104247.5942,187784,1747907104228.906,-100,-33,-114
1747907104267.437,187763,1747907104248.688,-98,-29,-113
1747907104287.281,187783,1747907104268.5,-85,-26,-114
1747907104307.156,187770,1747907104288.344,-89,-33,-110
1747907104326.969,187783,1747907104308.187,-89,-29,-109
1747907104346.812,187777,1747907104328.156,-84,-33,-116
1747907104366.687,187765,1747907104347.906,-99,-31,-112
1747907104386.563,187781,1747907104367.719,-85,-27,-121
1747907104406.344,187764,1747907104387.563,-101,-13,-119
1747907104426.188,187752,1747907104407.437,-87,-33,-121
1747907104446.062,187776,1747907104427.281,-108,-26,-116
1747907104465.906,187786,1747907104447.094,-97,-33,-121
1747907104485.719,187803,1747907104467.031,-97,-33,-113
1747907104505.594,187818,1747907104486.844,-84,-33,-116
1747907104525.469,187865,1747907104506.687,-93,-26,-117
1747907104545.344,187873,1747907104526.531,-98,-36,-112
1747907104565.125,187890,1747907104546.406,-87,-29,-113
1747907104585.0,187919,1747907104566.312,-95,-26,-116
1747907104604.875,187975,1747907104586.062,-97,-25,-113
1747907104624.719,188031,1747907104605.969,-90,-29,-113
1747907104644.562,188088,1747907104625.781,-98,-33,-113
1747907104664.406,188150,1747907104645.656,-93,-33,-112
1747907104684.25,188194,1747907104665.594,-89,-30,-114
1747907104704.125,188247,1747907104685.344,-88,-36,-114
1747907104723.969,188270,1747907104705.188,-95,-33,-119
1747907104743.812,188258,1747907104725.031,-89,-16,-121
1747907104763.688,188203,1747907104744.875,-100,-33,-105
1747907104783.563,188135,1747907104764.75,-85,-29,-116
1747907104803.375,188050,1747907104784.625,-95,-33,-97
1747907104823.25,187959,1747907104804.5,-88,-29,-118
1747907104843.125,187900,1747907104824.313,-97,-33,-112
1747907104862.969,187831,1747907104844.187,-88,-29,-113
1747907104882.844,187761,1747907104864.062,-97,-33,-113
1747907104902.687,187710,1747907104883.938,-98,-33,-112
1747907104922.531,187664,1747907104903.781,-88,-33,-109
1747907104942.438,187637,1747907104923.625,-98,-33,-113
1747907104962.25,187630,1747907104943.5,-90,-33,-113
1747907104982.125,187635,1747907104963.375,-95,-31,-113
1747907105001.969,187617,1747907104983.188,-95,-33,-114
1747907105021.813,187606,1747907105003.062,-80,-29,-114
1747907105041.656,187593,1747907105022.906,-88,-29,-113
1747907105061.5,187574,1747907105042.75,-86,-29,-114
1747907105081.375,187561,1747907105062.594,-80,-25,-119
1747907105101.25,187546,1747907105082.438,-104,-33,-114
1747907105121.125,187545,1747907105102.344,-84,-29,-112
1747907105140.938,187561,1747907105122.156,-87,-20,-111
1747907105160.812,187562,1747907105142.0,-97,-33,-111
1747907105180.687,187577,1747907105161.875,-74,-41,-98
1747907105200.531,187591,1747907105181.75,-88,-33,-104
1747907105220.406,187610,1747907105201.625,-98,-33,-113
1747907105240.25,187639,1747907105221.469,-95,-33,-119
1747907105260.125,187672,1747907105241.375,-92,-33,-113
1747907105279.969,187684,1747907105261.188,-96,-33,-108
1747907105299.844,187721,1747907105281.094,-94,-29,-116
1747907105319.75,187731,1747907105300.937,-89,-30,-111
1747907105339.594,187776,1747907105320.813,-93,-29,-115
1747907105359.438,187820,1747907105340.656,-97,-33,-106
1747907105379.313,187839,1747907105360.531,-95,-21,-114
1747907105399.156,187885,1747907105380.375,-89,-33,-118
1747907105419.062,187897,1747907105400.25,-77,-33,-121
1747907105438.875,187896,1747907105420.125,-92,-33,-113
1747907105458.875,187824,1747907105440.0,-100,-31,-116
1747907105478.625,187747,1747907105459.812,-93,-4,-113
1747907105498.5,187618,1747907105479.719,-97,-29,-113
1747907105518.344,187531,1747907105499.563,-92,-29,-110
1747907105538.219,187446,1747907105519.406,-85,-45,-129
1747907105558.063,187359,1747907105539.281,-97,-29,-113
1747907105577.906,187302,1747907105559.156,-100,-29,-110
1747907105597.75,187233,1747907105579.0,-89,-33,-117
1747907105617.625,187172,1747907105598.844,-100,-33,-113
1747907105637.469,187109,1747907105618.687,-93,-29,-125
1747907105657.344,187104,1747907105638.562,-93,-29,-113
1747907105677.187,187079,1747907105658.438,-88,-29,-116
1747907105697.031,187052,1747907105678.281,-98,-29,-114
1747907105717.0,187020,1747907105698.094,-98,-25,-110
1747907105736.7808,187010,1747907105718.062,-96,-29,-125
1747907105756.594,187005,1747907105737.844,-92,-35,-112
1747907105776.469,186986,1747907105757.688,-97,-29,-114
1747907105796.344,186954,1747907105777.531,-89,-26,-116
1747907105816.188,186945,1747907105797.406,-77,-8,-127
1747907105836.062,186942,1747907105817.281,-95,-26,-113
1747907105855.906,186942,1747907105837.188,-86,-33,-114
1747907105875.781,186955,1747907105857.0,-93,-24,-109
1747907105895.688,186965,1747907105876.812,-93,-41,-121
1747907105915.5,186971,1747907105896.781,-89,-34,-117
1747907105935.375,186989,1747907105916.563,-90,-29,-111
1747907105955.25,187012,1747907105936.469,-96,-25,-121
1747907105975.094,187037,1747907105956.312,-98,-25,-113
1747907105994.906,187052,1747907105976.281,-95,-33,-110
1747907106014.781,187113,1747907105996.031,-98,-33,-110
1747907106034.656,187163,1747907106015.844,-89,-26,-113
1747907106054.5,187163,1747907106035.75,-97,-29,-111
1747907106074.469,187190,1747907106055.562,-89,-33,-113
1747907106094.187,187238,1747907106075.531,-101,-33,-114
1747907106114.062,187269,1747907106095.25,-100,-29,-129
1747907106133.906,187302,1747907106115.125,-98,-25,-106
1747907106153.719,187304,1747907106134.969,-101,-40,-122
1747907106173.594,187259,1747907106154.844,-88,-33,-113
1747907106193.437,187173,1747907106174.688,-97,-29,-113
1747907106213.312,187075,1747907106194.531,-85,-24,-127
1747907106233.125,186982,1747907106214.375,-95,-33,-116
1747907106252.969,186879,1747907106234.219,-89,-33,-113
1747907106272.875,186771,1747907106254.062,-103,-29,-104
1747907106292.719,186709,1747907106273.938,-89,-33,-116
1747907106312.531,186694,1747907106293.813,-90,-26,-116
1747907106332.438,186621,1747907106313.719,-97,-29,-121
1747907106352.281,186601,1747907106333.469,-89,-33,-112
1747907106372.156,186580,1747907106353.344,-98,-29,-117
1747907106391.969,186569,1747907106373.219,-85,-25,-114
1747907106411.906,186560,1747907106393.094,-95,-29,-116
1747907106431.75,186558,1747907106412.969,-103,-33,-116
1747907106451.594,186546,1747907106432.813,-97,-29,-113
1747907106471.437,186536,1747907106452.688,-85,-37,-114
1747907106491.281,186496,1747907106472.562,-93,-33,-113
1747907106511.188,186489,1747907106492.375,-85,-35,-116
1747907106531.031,186489,1747907106512.25,-99,-33,-112
1747907106550.875,186457,1747907106532.094,-93,-33,-114
1747907106570.75,186471,1747907106552.0,-89,-33,-120
1747907106590.594,186481,1747907106571.781,-88,-37,-121
1747907106610.469,186495,1747907106591.656,-87,-39,-129
1747907106630.312,186538,1747907106611.563,-97,-34,-113
1747907106650.156,186577,1747907106631.406,-90,-33,-113
1747907106670.063,186612,1747907106651.25,-89,-29,-120
1747907106689.9058,186633,1747907106671.125,-95,-33,-113
1747907106709.75,186664,1747907106690.969,-85,-33,-114
1747907106729.625,186712,1747907106710.844,-101,-29,-110
1747907106749.5,186744,1747907106730.687,-82,-33,-106
1747907106769.344,186787,1747907106750.562,-85,-33,-116
1747907106789.187,186835,1747907106770.406,-96,-26,-113
1747907106809.031,186880,1747907106790.281,-93,-29,-118
1747907106828.906,186930,1747907106810.219,-82,-33,-114
1747907106848.781,186969,1747907106829.969,-97,-29,-114
1747907106868.625,186994,1747907106849.875,-96,-33,-114
1747907106888.469,186996,1747907106869.719,-69,-20,-114
1747907106908.375,186935,1747907106889.563,-98,-33,-113
1747907106928.219,186880,1747907106909.437,-89,-33,-120
1747907106948.062,186838,1747907106929.281,-100,-33,-122
1747907106967.906,186760,1747907106949.125,-87,-33,-115
1747907106987.781,186693,1747907106969.0,-89,-29,-109
1747907107007.656,186649,1747907106988.844,-90,-33,-114
1747907107027.5,186612,1747907107008.719,-89,-29,-116
1747907107047.344,186595,1747907107028.625,-98,-29,-110
1747907107067.25,186565,1747907107048.438,-88,-33,-109
1747907107087.125,186572,1747907107068.312,-89,-33,-109
1747907107106.938,186593,1747907107088.156,-89,-29,-110
1747907107126.844,186610,1747907107108.063,-88,-29,-110
1747907107146.781,186622,1747907107127.875,-90,-31,-121
1747907107166.594,186634,1747907107147.875,-96,-29,-113
1747907107186.406,186613,1747907107167.625,-95,-29,-116
1747907107206.281,186609,1747907107187.5,-98,-28,-113
1747907107226.156,186603,1747907107207.344,-97,-33,-110
1747907107246.0,186586,1747907107227.219,-97,-33,-113
1747907107265.844,186579,1747907107247.094,-85,-25,-113
1747907107285.719,186583,1747907107266.937,-104,-33,-112
1747907107305.562,186610,1747907107286.781,-95,-29,-110
1747907107325.406,186620,1747907107306.594,-88,-32,-123
1747907107345.25,186629,1747907107326.5,-86,-28,-125
1747907107365.125,186671,1747907107346.344,-97,-29,-114
1747907107384.937,186687,1747907107366.188,-93,-22,-121
1747907107404.812,186711,1747907107386.031,-95,-25,-114
1747907107424.625,186741,1747907107405.906,-97,-33,-114
1747907107444.469,186780,1747907107425.75,-100,-33,-111
1747907107464.344,186822,1747907107445.5618,-89,-33,-109
1747907107484.219,186841,1747907107465.438,-100,-29,-113
1747907107504.031,186880,1747907107485.313,-88,-29,-114
1747907107523.875,186925,1747907107505.094,-101,-25,-114
1747907107543.719,186973,1747907107524.969,-89,-29,-110
1747907107563.594,187004,1747907107544.781,-97,-36,-121
1747907107583.406,187015,1747907107564.656,-88,-33,-109
1747907107603.281,186987,1747907107584.5,-98,-33,-108
1747907107623.125,186914,1747907107604.312,-92,-33,-122
1747907107643.0,186836,1747907107624.219,-87,-28,-121
1747907107662.812,186753,1747907107644.063,-95,-33,-116
1747907107682.687,186674,1747907107663.906,-88,-33,-115
1747907107702.531,186617,1747907107683.719,-96,-33,-116
1747907107722.375,186561,1747907107703.594,-89,-33,-113
1747907107742.219,186527,1747907107723.469,-95,-26,-116
1747907107762.062,186494,1747907107743.313,-88,-29,-113
1747907107781.906,186487,1747907107763.156,-95,-29,-117
1747907107801.781,186486,1747907107783.0,-84,-29,-114
1747907107821.594,186476,1747907107802.812,-89,-29,-128
1747907107841.469,186483,1747907107822.719,-88,-29,-114
1747907107861.312,186482,1747907107842.531,-90,-33,-122
1747907107881.156,186462,1747907107862.375,-104,-33,-109
1747907107901.0,186446,1747907107882.25,-81,-37,-114
1747907107920.906,186449,1747907107902.094,-89,-33,-117
1747907107940.687,186453,1747907107921.938,-88,-16,-125
1747907107960.531,186454,1747907107941.781,-100,-33,-119
1747907107980.406,186453,1747907107961.594,-90,-33,-116
1747907108000.219,186468,1747907107981.5,-100,-29,-115
1747907108020.062,186491,1747907108001.281,-98,-29,-112
1747907108039.937,186514,1747907108021.156,-96,-25,-116
1747907108059.781,186545,1747907108041.0308,-93,-33,-117
1747907108079.594,186569,1747907108060.844,-88,-25,-113
1747907108099.469,186586,1747907108080.719,-100,-26,-114
1747907108119.312,186632,1747907108100.563,-89,-25,-116
1747907108139.156,186672,1747907108120.375,-90,-29,-109
1747907108158.969,186720,1747907108140.25,-101,-29,-116
1747907108178.906,186748,1747907108160.094,-95,-25,-118
1747907108198.688,186783,1747907108179.906,-100,-33,-110
1747907108218.5618,186829,1747907108199.781,-88,-28,-113
1747907108238.344,186883,1747907108219.625,-97,-36,-113
1747907108258.219,186883,1747907108239.469,-84,-29,-116
1747907108278.125,186851,1747907108259.25,-89,-36,-122
1747907108297.906,186784,1747907108279.156,-88,-32,-114
1747907108317.75,186678,1747907108299.0,-89,-33,-112
1747907108337.625,186585,1747907108318.844,-97,-29,-106
1747907108357.438,186526,1747907108338.687,-89,-33,-94
1747907108377.313,186460,1747907108358.5,-89,-33,-115
1747907108397.125,186413,1747907108378.406,-89,-33,-112
1747907108417.0,186427,1747907108398.219,-98,-33,-111
1747907108436.844,186461,1747907108418.031,-93,-33,-113
1747907108456.688,186469,1747907108437.906,-96,-33,-113
1747907108476.562,186488,1747907108457.75,-97,-26,-113
1747907108496.375,186444,1747907108477.625,-97,-33,-109
1747907108516.219,186427,1747907108497.438,-94,-33,-113
1747907108536.063,186426,1747907108517.281,-89,-33,-113
1747907108555.938,186436,1747907108537.156,-100,-33,-116
1747907108575.75,186433,1747907108557.0,-88,-26,-112
1747907108595.594,186438,1747907108576.813,-89,-31,-117
1747907108615.5,186433,1747907108596.656,-89,-33,-109
1747907108635.313,186430,1747907108616.531,-89,-24,-122
1747907108655.125,186438,1747907108636.406,-87,-33,-117
1747907108674.969,186433,1747907108656.25,-92,-33,-114
1747907108694.844,186455,1747907108676.063,-89,-29,-113
1747907108714.75,186472,1747907108695.906,-88,-29,-121
1747907108734.5,186500,1747907108715.781,-100,-16,-129
1747907108754.406,186520,1747907108735.625,-87,-26,-113
1747907108774.25,186555,1747907108755.438,-89,-29,-113
1747907108794.094,186596,1747907108775.313,-89,-29,-109
1747907108813.938,186634,1747907108795.187,-96,-33,-114
1747907108833.781,186693,1747907108815.031,-97,-33,-113
1747907108853.656,186737,1747907108834.844,-90,-34,-114
1747907108873.5,186802,1747907108854.688,-103,-33,-113
1747907108893.312,186865,1747907108874.594,-95,-33,-113
1747907108913.156,186890,1747907108894.406,-80,-35,-116
1747907108933.031,186938,1747907108914.219,-90,-29,-118
1747907108952.875,186921,1747907108934.125,-97,-29,-119
1747907108972.687,186877,1747907108953.938,-88,-15,-105
1747907108992.563,186802,1747907108973.781,-95,-29,-115
1747907109012.406,186708,1747907108993.656,-93,-26,-116
1747907109032.25,186595,1747907109013.469,-98,-25,-113
1747907109052.094,186530,1747907109033.344,-87,-29,-121
1747907109071.937,186432,1747907109053.219,-93,-33,-116
1747907109091.813,186413,1747907109073.031,-87,-33,-113
1747907109111.656,186366,1747907109092.875,-98,-33,-111
1747907109131.5,186342,1747907109112.781,-87,-29,-129
1747907109151.312,186320,1747907109132.531,-98,-25,-113
1747907109171.156,186323,1747907109152.375,-95,-29,-117
1747907109191.0,186302,1747907109172.312,-81,-28,-119
1747907109210.875,186294,1747907109192.094,-97,-25,-119
1747907109230.687,186302,1747907109211.937,-97,-37,-114
1747907109250.562,186291,1747907109231.781,-73,-29,-121
1747907109270.438,186290,1747907109251.625,-93,-33,-113
1747907109290.281,186282,1747907109271.5,-87,-39,-113
1747907109310.125,186276,1747907109291.344,-91,-33,-100
1747907109329.969,186252,1747907109311.219,-102,-29,-116
1747907109349.844,186264,1747907109331.063,-87,-25,-116
1747907109369.719,186276,1747907109350.906,-97,-28,-117
1747907109389.531,186303,1747907109370.781,-84,-29,-113
1747907109409.406,186329,1747907109390.625,-97,-33,-113
1747907109429.25,186360,1747907109410.5,-97,-33,-121
1747907109449.094,186396,1747907109430.344,-100,-33,-108
1747907109468.9382,186407,1747907109450.156,-89,-33,-116
1747907109488.781,186435,1747907109470.031,-104,-33,-110
1747907109508.625,186491,1747907109489.844,-89,-33,-113
1747907109528.5,186530,1747907109509.719,-96,-29,-113
1747907109548.313,186586,1747907109529.562,-97,-33,-111
1747907109568.156,186628,1747907109549.406,-89,-29,-111
1747907109588.0,186655,1747907109569.25,-89,-25,-113
1747907109607.875,186705,1747907109589.063,-85,-33,-114
1747907109627.687,186729,1747907109608.969,-82,-25,-126
1747907109647.531,186725,1747907109628.75,-85,-33,-106
1747907109667.375,186684,1747907109648.625,-89,-33,-129
1747907109687.219,186628,1747907109668.469,-105,-29,-121
1747907109707.062,186524,1747907109688.281,-93,-29,-121
1747907109726.906,186448,1747907109708.156,-90,-29,-114
1747907109746.75,186369,1747907109727.969,-84,-33,-116
1747907109766.594,186317,1747907109747.844,-96,-33,-113
1747907109786.437,186242,1747907109767.688,-84,-33,-115
1747907109806.25,186196,1747907109787.531,-98,-33,-114
1747907109826.125,186147,1747907109807.344,-87,-29,-110
1747907109846.094,186110,1747907109827.187,-89,-33,-113
1747907109865.813,186124,1747907109847.156,-100,-33,-121
1747907109885.656,186099,1747907109866.906,-88,-33,-125
1747907109905.5,186105,1747907109886.719,-97,-33,-106
1747907109925.344,186096,1747907109906.563,-99,-21,-113
1747907109945.188,186084,1747907109926.406,-89,-29,-110
1747907109965.031,186083,1747907109946.281,-103,-33,-113
1747907109984.875,186075,1747907109966.125,-93,-41,-110
1747907110004.75,186081,1747907109985.969,-100,-27,-108
1747907110024.594,186079,1747907110005.812,-89,-29,-113
1747907110044.406,186088,1747907110025.656,-93,-33,-120
1747907110064.281,186106,1747907110045.531,-87,-28,-112
1747907110084.125,186109,1747907110065.375,-98,-25,-112
1747907110103.969,186150,1747907110085.281,-88,-34,-110
1747907110123.813,186145,1747907110105.062,-88,-36,-110
1747907110143.625,186220,1747907110124.906,-98,-33,-110
1747907110163.531,186235,1747907110144.719,-87,-17,-110
1747907110183.375,186274,1747907110164.594,-95,-33,-114
1747907110203.188,186329,1747907110184.438,-73,-26,-114
1747907110223.063,186379,1747907110204.281,-97,-33,-114
1747907110242.875,186448,1747907110224.125,-108,-33,-116
1747907110262.75,186473,1747907110243.969,-105,-25,-114
1747907110282.562,186530,1747907110263.844,-89,-33,-113
1747907110302.406,186585,1747907110283.687,-93,-29,-116
1747907110322.2808,186631,1747907110303.469,-89,-32,-129
1747907110342.156,186660,1747907110323.344,-97,-25,-111
1747907110361.969,186659,1747907110343.219,-87,-29,-114
1747907110381.813,186599,1747907110363.063,-90,-28,-116
1747907110401.688,186531,1747907110382.875,-87,-33,-112
1747907110421.5,186463,1747907110402.719,-90,-29,-123
1747907110441.375,186389,1747907110422.594,-88,-33,-114
1747907110461.1868,186331,1747907110442.469,-88,-25,-116
1747907110481.031,186281,1747907110462.25,-89,-33,-114
1747907110500.875,186239,1747907110482.094,-93,-33,-114
1747907110520.719,186215,1747907110501.937,-89,-36,-121
1747907110540.531,186228,1747907110521.781,-103,-29,-116
1747907110560.406,186212,1747907110541.594,-88,-29,-121
1747907110580.219,186226,1747907110561.469,-96,-29,-117
1747907110600.063,186206,1747907110581.312,-88,-41,-112
1747907110619.906,186227,1747907110601.125,-99,-25,-109
1747907110639.75,186218,1747907110621.0,-74,-35,-119
1747907110659.594,186223,1747907110640.8132,-103,-33,-104
1747907110679.4382,186225,1747907110660.656,-88,-25,-114
1747907110699.281,186260,1747907110680.531,-89,-33,-112
1747907110719.156,186260,1747907110700.438,-98,-29,-109
1747907110739.0,186282,1747907110720.219,-92,-28,-116
1747907110758.844,186298,1747907110740.063,-98,-33,-111
1747907110778.688,186323,1747907110759.875,-84,-33,-114
1747907110798.625,186354,1747907110779.781,-84,-33,-113
1747907110818.3442,186378,1747907110799.688,-93,-33,-119
1747907110838.219,186440,1747907110819.406,-88,-33,-117
1747907110858.063,186480,1747907110839.281,-98,-26,-116
1747907110877.875,186507,1747907110859.125,-96,-23,-113
1747907110897.75,186559,1747907110878.969,-97,-27,-114
1747907110917.625,186603,1747907110898.813,-89,-28,-113
1747907110937.437,186655,1747907110918.656,-100,-24,-113
1747907110957.406,186702,1747907110938.531,-89,-29,-114
1747907110977.125,186767,1747907110958.344,-96,-16,-122
1747907110996.969,186813,1747907110978.219,-93,-29,-104
1747907111016.844,186848,1747907110998.031,-92,-25,-120
1747907111036.656,186871,1747907111017.875,-92,-33,-113
1747907111056.469,186842,1747907111037.75,-88,-29,-117
1747907111076.344,186786,1747907111057.562,-100,-33,-114
1747907111096.187,186720,1747907111077.406,-89,-29,-121
1747907111116.0,186662,1747907111097.25,-104,-33,-118
1747907111135.844,186603,1747907111117.094,-89,-33,-113
1747907111155.688,186582,1747907111136.937,-93,-33,-114
1747907111175.563,186538,1747907111156.75,-87,-33,-122
1747907111195.375,186517,1747907111176.625,-87,-28,-113
1747907111215.25,186528,1747907111196.5,-76,-25,-118
1747907111235.094,186540,1747907111216.3442,-96,-29,-113
1747907111254.969,186560,1747907111236.187,-90,-28,-113
1747907111274.781,186583,1747907111256.031,-95,-13,-116
1747907111294.625,186599,1747907111275.906,-89,-33,-113
1747907111314.5,186631,1747907111295.719,-100,-33,-109
1747907111334.344,186639,1747907111315.562,-89,-33,-113
1747907111354.156,186654,1747907111335.437,-97,-33,-111
1747907111374.031,186660,1747907111355.25,-89,-26,-121
1747907111393.906,186686,1747907111375.125,-87,-29,-114
1747907111413.75,186706,1747907111394.938,-93,-29,-114
1747907111433.594,186727,1747907111414.781,-93,-31,-121
1747907111453.438,186765,1747907111434.687,-104,-31,-113
1747907111473.344,186791,1747907111454.531,-89,-29,-113
1747907111493.156,186815,1747907111474.375,-97,-16,-123
1747907111513.0,186868,1747907111494.25,-87,-33,-125
1747907111532.844,186887,1747907111514.094,-89,-25,-120
1747907111552.7192,186922,1747907111533.937,-88,-26,-113
1747907111572.625,186969,1747907111553.781,-90,-33,-125
1747907111592.438,187045,1747907111573.688,-93,-33,-115
1747907111612.25,187052,1747907111593.5,-98,-24,-120
1747907111632.094,187116,1747907111613.344,-88,-33,-113
1747907111651.969,187160,1747907111633.188,-93,-25,-116
1747907111671.812,187228,1747907111653.063,-89,-29,-113
1747907111691.656,187248,1747907111672.906,-84,-33,-113
1747907111711.5,187220,1747907111692.719,-100,-29,-110
1747907111731.344,187169,1747907111712.562,-92,-33,-109
1747907111751.187,187093,1747907111732.406,-95,-33,-110
1747907111771.0,187005,1747907111752.281,-93,-29,-110
1747907111790.875,186911,1747907111772.094,-92,-26,-114
1747907111810.719,186842,1747907111791.937,-101,-29,-117
1747907111830.562,186800,1747907111811.844,-81,-29,-112
1747907111850.406,186768,1747907111831.625,-96,-26,-114
1747907111870.25,186740,1747907111851.5,-86,-29,-116
1747907111890.094,186725,1747907111871.281,-89,-25,-136
1747907111909.969,186716,1747907111891.187,-89,-33,-113
1747907111929.781,186701,1747907111911.031,-84,-35,-113
1747907111949.656,186711,1747907111930.875,-88,-33,-100
1747907111969.5,186714,1747907111950.75,-92,-29,-116
1747907111989.344,186716,1747907111970.594,-93,-36,-113
1747907112009.187,186683,1747907111990.406,-89,-33,-121
1747907112029.031,186699,1747907112010.281,-85,-33,-121
1747907112048.844,186715,1747907112030.094,-96,-33,-113
1747907112068.719,186700,1747907112049.906,-92,-33,-117
1747907112088.563,186694,1747907112069.781,-93,-33,-114
1747907112108.375,186720,1747907112089.625,-87,-29,-110
1747907112128.25,186740,1747907112109.469,-100,-33,-115
1747907112148.156,186754,1747907112129.313,-90,-29,-112
1747907112167.938,186794,1747907112149.25,-88,-29,-116
1747907112187.781,186810,1747907112169.031,-97,-33,-106
1747907112207.625,186856,1747907112188.844,-87,-32,-121
1747907112227.5,186875,1747907112208.719,-89,-19,-113
1747907112247.375,186926,1747907112228.563,-87,-29,-113
1747907112267.156,186965,1747907112248.437,-94,-29,-116
1747907112287.031,187008,1747907112268.25,-97,-33,-111
1747907112306.875,187059,1747907112288.094,-89,-33,-121
1747907112326.719,187104,1747907112307.969,-104,-26,-116
1747907112346.563,187142,1747907112327.781,-88,-33,-128
1747907112366.406,187176,1747907112347.656,-91,-33,-121
1747907112386.25,187146,1747907112367.469,-97,-28,-122
1747907112406.125,187074,1747907112387.344,-89,-29,-114
1747907112425.937,187004,1747907112407.219,-93,-29,-113
1747907112445.781,186901,1747907112427.062,-87,-26,-120
1747907112465.656,186813,1747907112446.875,-97,-29,-121
1747907112485.562,186739,1747907112466.719,-101,-33,-114
1747907112505.344,186695,1747907112486.625,-88,-29,-110
1747907112525.219,186663,1747907112506.438,-92,-28,-114
1747907112545.125,186637,1747907112526.25,-85,-33,-117
1747907112564.875,186613,1747907112546.125,-97,-8,-132
1747907112584.719,186582,1747907112565.938,-89,-28,-114
1747907112604.562,186580,1747907112585.813,-96,-29,-112
1747907112624.438,186564,1747907112605.656,-87,-33,-113
1747907112644.313,186577,1747907112625.5,-89,-33,-116
1747907112664.125,186588,1747907112645.375,-100,-28,-122
1747907112684.0,186569,1747907112665.25,-87,-29,-121
1747907112703.875,186587,1747907112685.063,-88,-33,-113
1747907112723.719,186587,1747907112704.937,-97,-33,-114
1747907112743.562,186595,1747907112724.781,-89,-26,-112
1747907112763.406,186587,1747907112744.656,-89,-33,-121
1747907112783.25,186587,1747907112764.469,-88,-26,-114
1747907112803.125,186597,1747907112784.344,-89,-28,-122
1747907112822.969,186634,1747907112804.187,-100,-29,-114
1747907112842.781,186646,1747907112824.188,-90,-29,-122
1747907112862.781,186687,1747907112843.875,-100,-25,-112
1747907112882.5632,186713,1747907112863.875,-93,-29,-113
1747907112902.344,186771,1747907112883.562,-97,-13,-119
1747907112922.188,186797,1747907112903.437,-89,-33,-113
1747907112942.062,186851,1747907112923.25,-89,-39,-117
1747907112961.875,186879,1747907112943.094,-90,-37,-129
1747907112981.75,186928,1747907112962.938,-95,-33,-116
1747907113001.563,186946,1747907112982.812,-97,-29,-121
1747907113021.406,187007,1747907113002.594,-93,-33,-116
1747907113041.281,187035,1747907113022.5,-89,-33,-121
1747907113061.094,187011,1747907113042.344,-103,-33,-113
1747907113080.938,186937,1747907113062.219,-81,-29,-109
1747907113100.781,186856,1747907113082.031,-100,-33,-114
1747907113120.625,186755,1747907113101.875,-90,-33,-110
1747907113140.5,186690,1747907113121.688,-96,-18,-110
1747907113160.312,186614,1747907113141.563,-89,-29,-109
1747907113180.156,186559,1747907113161.406,-84,-29,-116
1747907113200.031,186524,1747907113181.219,-97,-33,-113
1747907113219.875,186484,1747907113201.125,-86,-29,-122
1747907113239.719,186454,1747907113220.969,-103,-33,-116
1747907113259.563,186467,1747907113240.813,-100,-29,-111
1747907113279.406,186444,1747907113260.625,-87,-26,-113
1747907113299.25,186429,1747907113280.469,-97,-32,-129
1747907113319.125,186434,1747907113300.344,-97,-25,-114
1747907113338.969,186455,1747907113320.219,-90,-33,-116
1747907113358.813,186456,1747907113340.031,-87,-33,-112
1747907113378.688,186439,1747907113359.875,-100,-29,-113
1747907113398.5,186418,1747907113379.75,-87,-29,-125
1747907113418.375,186428,1747907113399.594,-78,-36,-113
1747907113438.219,186422,1747907113419.438,-88,-29,-121
1747907113458.063,186448,1747907113439.281,-89,-29,-113
1747907113477.906,186456,1747907113459.156,-84,-21,-113
1747907113497.75,186474,1747907113479.0,-89,-33,-116
1747907113517.594,186508,1747907113498.813,-69,-29,-114
1747907113537.438,186520,1747907113518.687,-87,-33,-116
1747907113557.281,186552,1747907113538.531,-97,-29,-114
1747907113577.125,186591,1747907113558.375,-93,-33,-122
1747907113596.969,186634,1747907113578.188,-88,-33,-113
1747907113616.812,186678,1747907113598.031,-95,-33,-114
1747907113636.688,186730,1747907113617.906,-84,-28,-129
1747907113656.5,186787,1747907113637.781,-95,-33,-118
1747907113676.344,186814,1747907113657.562,-100,-29,-114
1747907113696.219,186878,1747907113677.406,-84,-29,-114
1747907113716.063,186928,1747907113697.2808,-101,-33,-116
1747907113735.875,186942,1747907113717.094,-90,-29,-104
1747907113755.719,186906,1747907113736.969,-81,-29,-113
1747907113775.562,186847,1747907113756.781,-89,-33,-125
1747907113795.437,186766,1747907113776.656,-93,-31,-113
1747907113815.25,186688,1747907113796.469,-89,-27,-132
1747907113835.094,186601,1747907113816.344,-98,-33,-117
1747907113854.938,186558,1747907113836.1868,-97,-34,-114
1747907113874.8118,186500,1747907113856.0,-82,-33,-113
1747907113894.625,186474,1747907113875.875,-96,-33,-119
1747907113914.469,186463,1747907113895.719,-97,-31,-125
1747907113934.344,186446,1747907113915.531,-89,-24,-116
1747907113954.187,186419,1747907113935.406,-95,-27,-110
1747907113974.031,186423,1747907113955.281,-88,-29,-112
1747907113993.906,186441,1747907113975.156,-98,-30,-113
1747907114013.75,186429,1747907113994.969,-90,-29,-116
1747907114033.625,186434,1747907114014.812,-97,-33,-113
1747907114053.469,186438,1747907114034.688,-86,-33,-116
1747907114073.281,186430,1747907114054.594,-100,-29,-109
1747907114093.156,186432,1747907114074.375,-89,-33,-109
1747907114113.0,186421,1747907114094.219,-98,-27,-116
1747907114132.844,186436,1747907114114.094,-82,-28,-110
1747907114152.687,186463,1747907114133.938,-100,-31,-108
1747907114172.563,186473,1747907114153.75,-89,-33,-124
1747907114192.406,186514,1747907114173.625,-97,-33,-113
1747907114212.25,186535,1747907114193.469,-84,-33,-121
1747907114232.094,186568,1747907114213.344,-91,-36,-112
1747907114251.937,186588,1747907114233.156,-90,-41,-119
1747907114271.813,186640,1747907114253.0,-93,-29,-116
1747907114291.625,186684,1747907114272.844,-72,-29,-109
1747907114311.438,186739,1747907114292.719,-96,-33,-127
1747907114331.312,186772,1747907114312.5,-85,-33,-114
1747907114351.156,186828,1747907114332.375,-101,-28,-113
1747907114371.031,186874,1747907114352.281,-87,-29,-114
1747907114390.844,186893,1747907114372.094,-95,-33,-112
1747907114410.687,186876,1747907114391.906,-85,-31,-121
1747907114430.562,186848,1747907114411.781,-97,-33,-114
1747907114450.5,186762,1747907114431.6558,-85,-33,-116
1747907114470.281,186702,1747907114451.594,-95,-33,-117
1747907114490.094,186613,1747907114471.344,-85,-27,-121
1747907114510.0,186546,1747907114491.188,-88,-29,-120
1747907114529.844,186486,1747907114511.063,-97,-33,-113
1747907114549.656,186450,1747907114530.875,-88,-34,-125
1747907114569.5,186432,1747907114550.75,-93,-29,-113
1747907114589.375,186404,1747907114570.594,-84,-33,-120
1747907114609.219,186420,1747907114590.469,-88,-25,-120
1747907114629.031,186405,1747907114610.313,-88,-29,-114
1747907114648.906,186416,1747907114630.156,-97,-33,-112
1747907114668.875,186426,1747907114649.969,-85,-33,-113
1747907114688.594,186427,1747907114669.844,-99,-20,-121
1747907114708.437,186431,1747907114689.75,-87,-31,-110
1747907114728.281,186432,1747907114709.531,-89,-33,-110
1747907114748.125,186428,1747907114729.344,-96,-33,-112
1747907114768.0,186424,1747907114749.187,-97,-29,-113
1747907114787.937,186432,1747907114769.094,-89,-33,-116
1747907114807.75,186452,1747907114789.031,-88,-29,-114
1747907114827.531,186464,1747907114808.75,-87,-33,-122
1747907114847.375,186489,1747907114828.594,-95,-33,-113
1747907114867.188,186530,1747907114848.469,-97,-35,-113
1747907114887.062,186543,1747907114868.281,-93,-25,-113
1747907114907.0,186570,1747907114888.125,-89,-33,-114
1747907114926.75,186609,1747907114907.969,-93,-24,-120
1747907114946.594,186636,1747907114927.844,-89,-33,-116
1747907114966.437,186678,1747907114947.719,-98,-33,-116
1747907114986.281,186742,1747907114967.5,-93,-33,-100
1747907115006.156,186780,1747907114987.344,-88,-29,-109
1747907115026.0,186816,1747907115007.25,-84,-26,-113
1747907115045.813,186855,1747907115027.188,-88,-33,-114
1747907115065.656,186854,1747907115046.875,-93,-29,-116
1747907115085.5,186806,1747907115066.719,-96,-25,-109
1747907115105.375,186743,1747907115086.563,-93,-33,-117
1747907115125.1882,186656,1747907115106.437,-89,-28,-114
1747907115145.031,186601,1747907115126.281,-83,-29,-121
1747907115164.906,186507,1747907115146.125,-90,-29,-121
1747907115184.781,186482,1747907115165.969,-89,-31,-129
1747907115204.594,186445,1747907115185.844,-80,-30,-116
1747907115224.469,186403,1747907115205.656,-94,-29,-121
1747907115244.344,186389,1747907115225.531,-84,-33,-113
1747907115264.25,186397,1747907115245.438,-89,-32,-127
1747907115284.063,186405,1747907115265.312,-87,-25,-114
1747907115303.906,186410,1747907115285.156,-98,-25,-109
1747907115323.781,186416,1747907115304.969,-88,-29,-112
1747907115343.625,186418,1747907115324.844,-92,-33,-121
1747907115363.406,186419,1747907115344.688,-90,-25,-118
1747907115383.281,186433,1747907115364.5,-90,-33,-113
1747907115403.125,186435,1747907115384.344,-98,-33,-116
1747907115422.969,186441,1747907115404.219,-89,-33,-114
1747907115442.781,186459,1747907115424.031,-97,-33,-114
1747907115462.625,186470,1747907115443.906,-87,-29,-116
1747907115482.469,186490,1747907115463.719,-85,-25,-114
1747907115502.344,186508,1747907115483.562,-100,-33,-119
1747907115522.156,186543,1747907115503.438,-89,-28,-116
1747907115542.0,186562,1747907115523.281,-80,-29,-121
1747907115561.844,186600,1747907115543.094,-98,-28,-115
1747907115581.719,186645,1747907115562.937,-90,-29,-121
1747907115601.531,186679,1747907115582.781,-90,-12,-121
1747907115621.375,186732,1747907115602.656,-84,-29,-108
1747907115641.219,186782,1747907115622.438,-95,-33,-113
1747907115661.063,186825,1747907115642.313,-85,-25,-121
1747907115680.969,186856,1747907115662.156,-85,-33,-116
1747907115700.781,186873,1747907115682.0,-93,-25,-121
1747907115720.625,186828,1747907115701.844,-90,-29,-115
1747907115740.5,186755,1747907115721.688,-87,-33,-113
1747907115760.344,186693,1747907115741.562,-95,-33,-113
1747907115780.188,186564,1747907115761.375,-90,-32,-123
1747907115800.031,186486,1747907115781.25,-98,-33,-113
1747907115819.875,186409,1747907115801.094,-89,-33,-106
1747907115839.75,186323,1747907115820.969,-97,-33,-109
1747907115859.5632,186294,1747907115840.812,-89,-33,-114
1747907115879.437,186291,1747907115860.656,-76,-25,-121
1747907115899.312,186266,1747907115880.5,-90,-29,-119
1747907115919.156,186259,1747907115900.375,-85,-29,-112
1747907115938.969,186261,1747907115920.219,-95,-8,-113
1747907115958.844,186262,1747907115940.062,-87,-29,-106
1747907115978.687,186266,1747907115959.906,-104,-25,-121
1747907115998.562,186262,1747907115979.75,-100,-25,-113
1747907116018.375,186275,1747907115999.625,-88,-29,-108
1747907116038.219,186268,1747907116019.469,-88,-25,-124
1747907116058.063,186268,1747907116039.281,-88,-29,-116
1747907116077.9368,186268,1747907116059.156,-98,-33,-113
1747907116097.75,186290,1747907116079.0,-89,-33,-113
1747907116117.594,186295,1747907116098.813,-94,-27,-117
1747907116137.469,186318,1747907116118.687,-89,-34,-114
1747907116157.312,186357,1747907116138.562,-96,-33,-113
1747907116177.156,186377,1747907116158.406,-88,-33,-114
1747907116197.031,186413,1747907116178.281,-95,-29,-114
1747907116216.875,186453,1747907116198.094,-90,-8,-121
1747907116236.75,186494,1747907116217.937,-87,-33,-114
1747907116256.531,186518,1747907116237.813,-85,-33,-116
1747907116276.406,186569,1747907116257.625,-90,-37,-113
1747907116296.281,186589,1747907116277.469,-94,-29,-121
1747907116316.125,186656,1747907116297.344,-90,-33,-117
1747907116335.938,186676,1747907116317.219,-84,-26,-113
1747907116355.812,186661,1747907116337.063,-86,-33,-116
1747907116375.688,186601,1747907116356.906,-88,-29,-116
1747907116395.531,186525,1747907116376.781,-101,-26,-116
1747907116415.344,186414,1747907116396.594,-97,-28,-113
1747907116435.187,186333,1747907116416.437,-89,-29,-121
1747907116455.062,186250,1747907116436.25,-92,-29,-113
1747907116474.906,186182,1747907116456.156,-93,-33,-113
1747907116494.75,186137,1747907116476.031,-81,-26,-113
1747907116514.594,186078,1747907116495.812,-88,-33,-118
1747907116534.437,186053,1747907116515.656,-97,-34,-113
1747907116554.312,186023,1747907116535.5,-73,-32,-113
1747907116574.156,186019,1747907116555.344,-89,-29,-113
1747907116594.0,186019,1747907116575.25,-89,-29,-121
1747907116613.844,185999,1747907116595.062,-100,-33,-125
1747907116633.719,185998,1747907116614.906,-89,-33,-117
1747907116653.563,185988,1747907116634.7808,-89,-29,-113
1747907116673.406,185979,1747907116654.625,-89,-33,-121
1747907116693.281,185965,1747907116674.469,-98,-29,-113
1747907116713.125,185966,1747907116694.344,-89,-33,-113
1747907116732.969,185967,1747907116714.188,-97,-33,-116
1747907116752.813,185947,1747907116734.062,-84,-33,-113
1747907116772.656,185925,1747907116753.906,-97,-37,-110
1747907116792.531,185951,1747907116773.719,-96,-33,-114
1747907116812.375,185947,1747907116793.594,-98,-33,-113
1747907116832.187,185987,1747907116813.469,-81,-25,-116
1747907116852.063,185993,1747907116833.312,-89,-33,-117
1747907116871.938,186003,1747907116853.125,-97,-36,-113
1747907116891.781,186031,1747907116872.969,-82,-21,-117
1747907116911.625,186066,1747907116892.844,-100,-29,-113
1747907116931.469,186099,1747907116912.719,-87,-18,-121
1747907116951.313,186141,1747907116932.562,-97,-16,-124
1747907116971.187,186169,1747907116952.406,-89,-33,-114
1747907116991.0,186202,1747907116972.25,-97,-29,-113
1747907117010.844,186216,1747907116992.063,-88,-23,-117
1747907117030.719,186197,1747907117011.937,-93,-29,-113
1747907117050.563,186140,1747907117031.781,-97,-33,-116
1747907117070.406,186035,1747907117051.656,-95,-29,-113
1747907117090.25,185947,1747907117071.469,-88,-33,-117
1747907117110.094,185837,1747907117091.3442,-87,-26,-114
1747907117129.938,185756,1747907117111.156,-88,-25,-112
1747907117149.781,185678,1747907117131.031,-96,-29,-113
1747907117169.625,185617,1747907117150.875,-90,-33,-109
1747907117189.469,185561,1747907117170.688,-96,-25,-113
1747907117209.313,185524,1747907117190.531,-84,-29,-125
1747907117229.156,185495,1747907117210.406,-69,-21,-114
1747907117249.0,185455,1747907117230.25,-97,-33,-113
1747907117268.844,185453,1747907117250.063,-84,-29,-116
1747907117288.719,185456,1747907117269.906,-97,-33,-108
1747907117308.563,185435,1747907117289.812,-100,-26,-113
1747907117328.406,185430,1747907117309.656,-87,-29,-116
1747907117348.25,185407,1747907117329.469,-89,-33,-121
1747907117368.156,185402,1747907117349.313,-89,-29,-109
1747907117388.0,185383,1747907117369.1558,-90,-16,-127
1747907117407.844,185369,1747907117389.094,-96,-33,-116
1747907117427.687,185380,1747907117408.906,-89,-33,-114
1747907117447.562,185385,1747907117428.781,-97,-33,-113
1747907117467.438,185409,1747907117448.625,-88,-28,-114
1747907117487.281,185430,1747907117468.531,-89,-33,-114
1747907117507.156,185438,1747907117488.344,-77,-29,-104
1747907117527.031,185450,1747907117508.219,-93,-33,-111
1747907117546.875,185481,1747907117528.094,-90,-29,-120
1747907117566.719,185526,1747907117547.969,-96,-23,-115
1747907117586.563,185574,1747907117567.781,-89,-29,-115
1747907117606.437,185621,1747907117587.656,-96,-28,-116
1747907117626.25,185669,1747907117607.469,-88,-24,-123
1747907117646.125,185693,1747907117627.313,-95,-33,-109
1747907117665.938,185718,1747907117647.156,-96,-29,-113
1747907117685.812,185786,1747907117667.031,-87,-29,-104
1747907117705.687,185811,1747907117686.906,-97,-29,-113
1747907117725.5,185832,1747907117706.75,-88,-33,-110
1747907117745.375,185819,1747907117726.687,-95,-33,-121
1747907117765.25,185745,1747907117746.469,-84,-33,-113
1747907117785.094,185678,1747907117766.313,-90,-16,-133
1747907117804.906,185574,1747907117786.156,-84,-29,-110
1747907117824.906,185507,1747907117805.969,-100,-33,-110
1747907117844.625,185440,1747907117825.969,-101,-33,-109
1747907117864.5,185384,1747907117845.719,-97,-29,-125
1747907117884.344,185361,1747907117865.563,-98,-33,-114
1747907117904.187,185322,1747907117885.406,-97,-39,-113
1747907117924.063,185307,1747907117905.25,-94,-26,-114
1747907117943.938,185306,1747907117925.125,-89,-26,-116
1747907117963.719,185302,1747907117945.0,-97,-29,-112
1747907117983.594,185292,1747907117964.813,-85,-33,-110
1747907118003.438,185294,1747907117984.656,-89,-29,-106
1747907118023.313,185279,1747907118004.531,-96,-33,-112
1747907118043.156,185259,1747907118024.375,-86,-26,-110
1747907118063.0,185279,1747907118044.25,-94,-26,-116
1747907118082.875,185272,1747907118064.094,-97,-26,-110
1747907118102.75,185270,1747907118083.906,-89,-29,-125
1747907118122.563,185273,1747907118103.844,-97,-28,-118
1747907118142.437,185294,1747907118123.656,-95,-33,-113
1747907118162.281,185312,1747907118143.469,-93,-33,-113
1747907118182.156,185343,1747907118163.344,-84,-26,-123
1747907118201.969,185354,1747907118183.219,-96,-25,-116
1747907118221.844,185404,1747907118203.094,-93,-33,-121
1747907118241.656,185430,1747907118222.875,-97,-33,-121
1747907118261.563,185487,1747907118242.75,-89,-29,-116
1747907118281.375,185521,1747907118262.625,-96,-33,-114
1747907118301.219,185585,1747907118282.469,-94,-37,-119
1747907118321.094,185637,1747907118302.313,-100,-29,-122
1747907118340.937,185659,1747907118322.156,-100,-29,-112
1747907118360.75,185718,1747907118342.0,-85,-25,-125
1747907118380.625,185789,1747907118361.875,-85,-33,-109
1747907118400.469,185831,1747907118381.687,-97,-33,-113
1747907118420.344,185882,1747907118401.594,-89,-26,-113
1747907118440.156,185877,1747907118421.406,-97,-33,-113
1747907118460.0,185833,1747907118441.281,-95,-25,-116
1747907118479.875,185779,1747907118461.094,-97,-29,-103
1747907118499.8118,185701,1747907118480.937,-89,-26,-113
1747907118519.594,185636,1747907118500.875,-104,-25,-108
1747907118539.375,185591,1747907118520.625,-98,-33,-114
1747907118559.281,185544,1747907118540.469,-90,-25,-116
1747907118579.125,185539,1747907118560.344,-97,-33,-114
1747907118598.937,185524,1747907118580.188,-89,-33,-114
1747907118618.781,185519,1747907118600.031,-88,-33,-112
1747907118638.656,185537,1747907118619.875,-98,-33,-115
1747907118658.5,185548,1747907118639.719,-90,-33,-114
1747907118678.344,185556,1747907118659.594,-84,-33,-116
1747907118698.156,185568,1747907118679.406,-99,-29,-112
1747907118718.094,185580,1747907118699.219,-88,-27,-125
1747907118737.875,185593,1747907118719.187,-88,-33,-104
1747907118757.75,185574,1747907118739.031,-103,-33,-114
1747907118777.562,185568,1747907118758.812,-89,-33,-110
1747907118797.437,185595,1747907118778.625,-100,-25,-113
1747907118817.281,185613,1747907118798.5,-88,-33,-110
1747907118837.219,185633,1747907118818.375,-88,-33,-113
1747907118856.938,185670,1747907118838.312,-93,-33,-113
1747907118876.812,185709,1747907118858.031,-90,-33,-113
1747907118896.687,185731,1747907118877.875,-97,-33,-109
1747907118916.5,185775,1747907118897.75,-97,-34,-111
1747907118936.344,185805,1747907118917.594,-94,-29,-108
1747907118956.187,185840,1747907118937.437,-90,-29,-127
1747907118976.062,185902,1747907118957.281,-88,-32,-121
1747907118995.938,185954,1747907118977.125,-93,-29,-114
1747907119015.75,186003,1747907118997.0,-90,-33,-113
1747907119035.625,186038,1747907119016.844,-88,-29,-112
1747907119055.469,186080,1747907119036.688,-100,-33,-106
1747907119075.312,186123,1747907119056.563,-84,-33,-113
1747907119095.156,186190,1747907119076.469,-90,-26,-113
1747907119115.031,186197,1747907119096.219,-89,-33,-121
1747907119134.875,186165,1747907119116.094,-89,-35,-119
1747907119154.75,186128,1747907119135.969,-99,-33,-113
1747907119174.656,186053,1747907119155.813,-88,-26,-113
1747907119194.469,185977,1747907119175.75,-94,-33,-110
1747907119214.281,185902,1747907119195.469,-89,-28,-118
1747907119234.156,185862,1747907119215.375,-100,-28,-113
1747907119253.969,185823,1747907119235.188,-97,-37,-121
1747907119273.844,185797,1747907119255.063,-98,-33,-109
1747907119293.688,185787,1747907119274.906,-98,-33,-116
1747907119313.531,185769,1747907119294.75,-93,-33,-125
1747907119333.344,185787,1747907119314.625,-87,-29,-119
1747907119353.219,185792,1747907119334.438,-97,-25,-105
1747907119373.063,185806,1747907119354.281,-88,-33,-112
1747907119392.938,185821,1747907119374.187,-98,-25,-116
1747907119412.75,185816,1747907119394.0,-88,-33,-111
1747907119432.625,185819,1747907119413.906,-93,-26,-116
1747907119452.469,185796,1747907119433.688,-84,-29,-113
1747907119472.313,185815,1747907119453.5,-89,-29,-127
1747907119492.156,185818,1747907119473.406,-88,-33,-116
1747907119512.094,185851,1747907119493.219,-89,-36,-113
1747907119531.906,185871,1747907119513.156,-100,-29,-125
1747907119551.719,185890,1747907119532.938,-95,-33,-112
1747907119571.594,185935,1747907119552.781,-90,-33,-109
1747907119591.406,185979,1747907119572.656,-97,-40,-105
1747907119611.281,186020,1747907119592.469,-89,-33,-113
1747907119631.125,186076,1747907119612.344,-97,-29,-105
1747907119651.0,186119,1747907119632.187,-85,-32,-122
1747907119670.937,186174,1747907119652.062,-98,-33,-114
1747907119690.656,186208,1747907119671.906,-88,-24,-124
1747907119710.531,186259,1747907119691.75,-88,-26,-112
1747907119730.406,186308,1747907119711.594,-98,-33,-112
1747907119750.219,186372,1747907119731.469,-96,-33,-121
1747907119770.094,186413,1747907119751.344,-89,-26,-111
1747907119789.937,186423,1747907119771.156,-98,-33,-121
1747907119809.781,186398,1747907119791.0308,-88,-33,-114
1747907119829.625,186336,1747907119810.875,-96,-33,-113
1747907119849.562,186250,1747907119830.719,-89,-33,-114
1747907119869.375,186182,1747907119850.625,-89,-29,-115
1747907119889.219,186114,1747907119870.406,-86,-28,-116
1747907119909.031,186049,1747907119890.281,-98,-33,-114
1747907119928.875,186021,1747907119910.125,-90,-33,-119
1747907119948.75,185984,1747907119929.969,-97,-33,-116
1747907119968.594,185942,1747907119949.813,-97,-33,-115
1747907119988.437,185920,1747907119969.688,-88,-41,-113
1747907120008.313,185933,1747907119989.562,-97,-29,-110
1747907120028.156,185920,1747907120009.375,-82,-40,-113
1747907120048.031,185917,1747907120029.25,-95,-29,-125
1747907120067.844,185932,1747907120049.094,-89,-35,-114
1747907120087.719,185926,1747907120068.938,-89,-29,-109
1747907120107.563,185937,1747907120088.781,-97,-29,-114
1747907120127.437,185923,1747907120108.625,-81,-33,-113
1747907120147.25,185933,1747907120128.531,-98,-26,-116
1747907120167.125,185957,1747907120148.344,-89,-26,-109
1747907120187.0,185963,1747907120168.187,-93,-33,-117
1747907120206.844,185975,1747907120188.062,-88,-33,-113
1747907120226.687,186001,1747907120207.906,-89,-35,-117
1747907120246.562,186034,1747907120227.781,-98,-33,-113
1747907120266.406,186054,1747907120247.625,-63,-34,-114
1747907120286.281,186104,1747907120267.469,-100,-33,-113
1747907120306.094,186149,1747907120287.344,-89,-33,-114
1747907120325.969,186191,1747907120307.188,-95,-41,-112
1747907120345.844,186221,1747907120327.031,-87,-29,-114
1747907120365.688,186258,1747907120346.937,-100,-29,-112
1747907120385.531,186346,1747907120366.781,-85,-32,-129
1747907120405.406,186394,1747907120386.625,-97,-25,-113
1747907120425.219,186462,1747907120406.469,-82,-25,-128
1747907120445.094,186509,1747907120426.312,-95,-29,-116
1747907120464.938,186582,1747907120446.187,-97,-33,-118
1747907120484.781,186590,1747907120466.031,-89,-31,-122
1747907120504.656,186601,1747907120485.906,-82,-33,-116
1747907120524.531,186545,1747907120505.75,-87,-29,-114
1747907120544.375,186447,1747907120525.625,-81,-37,-114
1747907120564.25,186384,1747907120545.469,-89,-29,-113
1747907120584.125,186300,1747907120565.313,-97,-33,-117
1747907120603.969,186244,1747907120585.188,-88,-29,-114
1747907120623.844,186153,1747907120605.062,-87,-26,-112
1747907120643.687,186113,1747907120624.937,-89,-33,-121
1747907120663.562,186091,1747907120644.813,-86,-31,-114
1747907120683.469,186065,1747907120664.656,-84,-33,-114
1747907120703.281,186062,1747907120684.531,-96,-29,-113
1747907120723.156,186061,1747907120704.375,-82,-33,-113
1747907120743.031,186037,1747907120724.219,-96,-33,-113
1747907120762.875,186034,1747907120744.094,-96,-25,-109
1747907120782.75,186059,1747907120763.969,-88,-29,-104
1747907120802.594,186026,1747907120783.844,-100,-33,-113
1747907120822.469,186011,1747907120803.688,-93,-25,-118
1747907120842.312,185988,1747907120823.5,-87,-33,-113
1747907120862.156,185966,1747907120843.375,-89,-27,-114
1747907120882.031,185966,1747907120863.281,-89,-33,-114
1747907120901.906,185977,1747907120883.125,-97,-29,-116
1747907120921.812,185986,1747907120903.0,-89,-33,-116
1747907120941.656,185984,1747907120922.844,-96,-33,-113
1747907120961.5,186013,1747907120942.687,-84,-29,-119
1747907120981.375,186023,1747907120962.562,-87,-28,-113
1747907121001.219,186085,1747907120982.438,-97,-33,-114
1747907121021.063,186102,1747907121002.313,-90,-33,-117
1747907121040.969,186136,1747907121022.156,-97,-29,-114
1747907121060.844,186177,1747907121042.031,-93,-41,-116
1747907121080.719,186207,1747907121061.938,-93,-28,-115
1747907121100.531,186261,1747907121081.75,-88,-33,-121
1747907121120.406,186309,1747907121101.594,-87,-39,-129
1747907121140.281,186350,1747907121121.5,-98,-33,-113
1747907121160.125,186411,1747907121141.375,-88,-26,-116
1747907121179.969,186458,1747907121161.219,-92,-33,-120
1747907121199.844,186493,1747907121181.031,-97,-33,-114
1747907121219.688,186516,1747907121200.906,-87,-33,-109
1747907121239.562,186491,1747907121220.781,-89,-33,-127
1747907121259.375,186427,1747907121240.625,-89,-33,-110
1747907121279.25,186369,1747907121260.562,-90,-29,-114
1747907121299.094,186288,1747907121280.312,-87,-25,-114
1747907121319.0,186219,1747907121300.156,-98,-25,-116
1747907121338.781,186151,1747907121320.094,-96,-33,-113
1747907121358.625,186095,1747907121339.844,-89,-29,-114
1747907121378.5,186084,1747907121359.719,-87,-29,-121
1747907121398.344,186049,1747907121379.562,-97,-36,-113
1747907121418.187,186032,1747907121399.406,-89,-33,-110
1747907121438.062,186032,1747907121419.281,-85,-26,-113
1747907121457.906,186031,1747907121439.125,-85,-33,-95
1747907121477.781,186021,1747907121458.9692,-92,-29,-116
1747907121497.563,186046,1747907121478.844,-82,-27,-113
1747907121517.437,186058,1747907121498.656,-90,-33,-120
1747907121537.281,186061,1747907121518.5,-90,-28,-113
1747907121557.125,186060,1747907121538.313,-84,-32,-127
1747907121576.969,186068,1747907121558.281,-87,-29,-112
1747907121596.812,186096,1747907121578.062,-97,-29,-114
1747907121616.687,186115,1747907121597.906,-90,-26,-114
1747907121636.531,186124,1747907121617.75,-99,-22,-113
1747907121656.406,186159,1747907121637.594,-93,-26,-114
1747907121676.219,186180,1747907121657.531,-96,-29,-114
1747907121696.062,186218,1747907121677.313,-85,-33,-113
1747907121716.031,186275,1747907121697.125,-89,-33,-114
1747907121735.75,186316,1747907121717.0,-101,-20,-117
1747907121755.625,186347,1747907121736.875,-85,-33,-116
1747907121775.438,186415,1747907121756.656,-85,-29,-117
1747907121795.312,186469,1747907121776.531,-97,-32,-129
1747907121815.156,186503,1747907121796.375,-93,-33,-108
1747907121835.0,186566,1747907121816.25,-100,-32,-116
1747907121854.875,186635,1747907121836.062,-88,-33,-120
1747907121874.719,186692,1747907121855.937,-100,-29,-113
1747907121894.531,186765,1747907121875.813,-89,-29,-113
1747907121914.406,186809,1747907121895.688,-86,-33,-121
1747907121934.281,186889,1747907121915.5,-98,-29,-119
1747907121954.125,186935,1747907121935.344,-89,-34,-118
1747907121973.969,186922,1747907121955.188,-92,-36,-119
1747907121993.875,186911,1747907121975.094,-89,-33,-114
1747907122013.656,186879,1747907121994.937,-80,-33,-113
1747907122033.531,186819,1747907122014.719,-87,-33,-113
1747907122053.375,186771,1747907122034.625,-84,-29,-113
1747907122073.219,186720,1747907122054.469,-93,-17,-121
1747907122093.094,186685,1747907122074.313,-95,-31,-117
1747907122112.938,186684,1747907122094.187,-91,-40,-114
1747907122132.812,186682,1747907122114.0,-100,-33,-97
1747907122152.625,186707,1747907122133.875,-88,-26,-113
1747907122172.469,186707,1747907122153.688,-95,-33,-117
1747907122192.344,186736,1747907122173.531,-87,-25,-120
1747907122212.219,186743,1747907122193.437,-90,-25,-116
1747907122232.031,186779,1747907122213.281,-85,-31,-123
1747907122251.875,186791,1747907122233.094,-93,-33,-118
1747907122271.75,186807,1747907122252.969,-89,-34,-113
1747907122291.594,186822,1747907122272.812,-96,-25,-114
1747907122311.438,186849,1747907122292.656,-84,-26,-114
1747907122331.312,186860,1747907122312.5,-98,-33,-116
1747907122351.125,186872,1747907122332.406,-90,-33,-116
1747907122371.0,186901,1747907122352.219,-89,-26,-116
1747907122390.875,186942,1747907122372.062,-89,-29,-118
1747907122410.687,186981,1747907122391.906,-89,-8,-134
1747907122430.531,187012,1747907122411.75,-88,-29,-125
1747907122450.406,187103,1747907122431.625,-97,-33,-112
1747907122470.219,187114,1747907122451.469,-87,-33,-103
1747907122490.094,187166,1747907122471.344,-100,-33,-113
1747907122509.937,187234,1747907122491.156,-97,-33,-114
1747907122529.812,187282,1747907122511.031,-93,-29,-117
1747907122549.656,187342,1747907122530.875,-85,-33,-111
1747907122569.5,187395,1747907122550.75,-98,-33,-113
1747907122589.344,187463,1747907122570.5618,-89,-33,-111
1747907122609.219,187527,1747907122590.406,-93,-33,-118
1747907122629.031,187584,1747907122610.281,-95,-25,-116
1747907122648.906,187636,1747907122630.156,-89,-29,-114
1747907122668.781,187704,1747907122649.969,-91,-33,-114
1747907122688.594,187745,1747907122669.812,-79,-33,-125
1747907122708.563,187756,1747907122689.719,-84,-27,-116
1747907122728.344,187723,1747907122709.625,-103,-26,-116
1747907122748.156,187712,1747907122729.344,-89,-16,-125
1747907122768.156,187680,1747907122749.25,-93,-33,-121
1747907122787.844,187636,1747907122769.25,-93,-29,-116
1747907122807.719,187607,1747907122788.969,-87,-33,-106
1747907122827.563,187582,1747907122808.844,-98,-25,-117
1747907122847.406,187589,1747907122828.625,-89,-29,-114
1747907122867.25,187603,1747907122848.5,-92,-26,-121
1747907122887.125,187618,1747907122868.344,-99,-29,-116
1747907122906.938,187655,1747907122888.188,-87,-33,-118
1747907122926.813,187689,1747907122908.0,-85,-33,-114
1747907122946.656,187717,1747907122927.875,-93,-26,-116
1747907122966.469,187743,1747907122947.75,-101,-33,-110
1747907122986.375,187749,1747907122967.563,-88,-29,-114
1747907123006.188,187781,1747907122987.437,-97,-33,-111
1747907123026.031,187800,1747907123007.375,-94,-26,-116
1747907123045.875,187804,1747907123027.125,-87,-29,-121
1747907123065.781,187845,1747907123046.969,-93,-33,-114
1747907123085.594,187864,1747907123066.813,-89,-23,-113
1747907123105.469,187899,1747907123086.656,-97,-28,-117
1747907123125.281,187932,1747907123106.531,-88,-33,-121
1747907123145.125,187971,1747907123126.344,-95,-33,-103
1747907123165.0,188021,1747907123146.281,-88,-33,-120
1747907123184.875,188086,1747907123166.094,-89,-29,-116
1747907123204.688,188141,1747907123185.937,-88,-28,-123
1747907123224.562,188196,1747907123205.75,-97,-33,-106
1747907123244.375,188256,1747907123225.625,-89,-33,-105
1747907123264.25,188323,1747907123245.469,-92,-33,-113
1747907123284.094,188374,1747907123265.312,-89,-27,-113
1747907123303.938,188430,1747907123285.156,-95,-26,-110
1747907123323.812,188490,1747907123305.0,-89,-27,-117
1747907123343.656,188555,1747907123324.906,-92,-33,-116
1747907123363.469,188611,1747907123344.75,-84,-33,-114
1747907123383.344,188654,1747907123364.531,-89,-32,-119
1747907123403.188,188680,1747907123384.406,-89,-33,-113
1747907123423.062,188639,1747907123404.25,-97,-25,-113
1747907123442.906,188598,1747907123424.125,-90,-26,-109
1747907123462.75,188547,1747907123444.0,-100,-33,-114
1747907123482.625,188513,1747907123463.812,-89,-33,-113
1747907123502.5,188455,1747907123483.719,-95,-25,-113
1747907123522.312,188450,1747907123503.563,-84,-33,-117
1747907123542.219,188416,1747907123523.406,-84,-33,-113
1747907123562.063,188403,1747907123543.281,-98,-33,-110
1747907123581.906,188404,1747907123563.125,-97,-28,-114
1747907123601.75,188424,1747907123583.0,-100,-25,-117
1747907123621.625,188428,1747907123602.844,-84,-28,-113
1747907123641.5,188462,1747907123622.687,-91,-29,-115
1747907123661.375,188498,1747907123642.562,-93,-33,-114
1747907123681.187,188521,1747907123662.438,-89,-33,-116
1747907123701.062,188540,1747907123682.281,-92,-33,-113
1747907123720.938,188541,1747907123702.156,-87,-31,-129
1747907123740.813,188576,1747907123722.031,-96,-26,-114
1747907123760.656,188610,1747907123741.875,-93,-39,-113
1747907123780.531,188635,1747907123761.719,-84,-33,-113
1747907123800.375,188657,1747907123781.563,-93,-33,-111
1747907123820.25,188678,1747907123801.469,-90,-32,-121
1747907123840.125,188715,1747907123821.344,-88,-26,-114
1747907123859.969,188751,1747907123841.188,-98,-29,-114
1747907123879.844,188788,1747907123861.063,-88,-33,-125
1747907123899.719,188821,1747907123880.937,-85,-34,-113
1747907123919.531,188877,1747907123900.781,-96,-27,-113
1747907123939.406,188943,1747907123920.625,-88,-29,-114
1747907123959.281,188979,1747907123940.469,-92,-33,-113
1747907123979.125,189026,1747907123960.375,-84,-27,-112
1747907123999.0,189080,1747907123980.187,-90,-33,-117
1747907124018.844,189143,1747907124000.063,-88,-29,-116
1747907124038.687,189195,1747907124019.906,-81,-29,-118
1747907124058.563,189273,1747907124039.781,-97,-13,-117
1747907124078.406,189284,1747907124059.625,-87,-33,-125
1747907124098.25,189308,1747907124079.437,-69,-33,-114
1747907124118.094,189266,1747907124099.313,-88,-33,-112
1747907124138.063,189230,1747907124119.188,-97,-26,-113
1747907124157.781,189173,1747907124139.031,-91,-16,-109
1747907124177.656,189129,1747907124158.844,-89,-29,-113
1747907124197.5,189103,1747907124178.719,-98,-28,-113
1747907124217.375,189065,1747907124198.563,-87,-39,-129
1747907124237.219,189057,1747907124218.469,-93,-26,-120
1747907124257.063,189038,1747907124238.281,-89,-33,-110
1747907124276.937,189043,1747907124258.125,-100,-33,-112
1747907124296.781,189055,1747907124278.0,-84,-33,-113
1747907124316.625,189082,1747907124297.875,-93,-33,-114
1747907124336.5,189074,1747907124317.781,-88,-33,-118
1747907124356.344,189092,1747907124337.594,-100,-26,-114
1747907124376.219,189103,1747907124357.438,-95,-29,-113
1747907124396.031,189108,1747907124377.281,-93,-33,-114
1747907124415.938,189110,1747907124397.125,-89,-29,-113
1747907124435.75,189136,1747907124417.031,-80,-26,-120
1747907124455.625,189148,1747907124436.844,-93,-33,-113
1747907124475.531,189183,1747907124456.719,-89,-33,-121
1747907124495.344,189198,1747907124476.562,-89,-13,-111
1747907124515.344,189245,1747907124496.437,-84,-33,-121
1747907124535.094,189259,1747907124516.438,-87,-33,-118
1747907124554.9368,189313,1747907124536.156,-87,-33,-106
1747907124574.813,189360,1747907124556.031,-87,-29,-116
1747907124594.688,189410,1747907124575.875,-93,-33,-114
1747907124614.562,189451,1747907124595.75,-85,-33,-121
1747907124634.375,189493,1747907124615.625,-84,-26,-114
1747907124654.219,189564,1747907124635.469,-96,-33,-109
1747907124674.125,189616,1747907124655.312,-89,-33,-114
1747907124694.0,189666,1747907124675.219,-85,-29,-113
1747907124713.812,189719,1747907124695.0632,-92,-33,-113
1747907124733.687,189765,1747907124714.875,-93,-28,-113
1747907124753.688,189827,1747907124734.75,-89,-33,-117
1747907124773.469,189857,1747907124754.781,-101,-26,-117
1747907124793.281,189832,1747907124774.531,-84,-29,-133
1747907124813.188,189806,1747907124794.344,-93,-26,-114
1747907124833.031,189747,1747907124814.25,-97,-34,-114
1747907124852.875,189702,1747907124834.094,-91,-31,-116
1747907124872.719,189625,1747907124853.969,-84,-26,-114
1747907124892.594,189571,1747907124873.781,-88,-49,-121
1747907124912.469,189550,1747907124893.687,-98,-33,-119
1747907124932.281,189514,1747907124913.531,-80,-33,-117
1747907124952.156,189508,1747907124933.375,-84,-25,-115
1747907124972.031,189491,1747907124953.25,-93,-26,-117
1747907124991.875,189489,1747907124973.094,-85,-29,-113
1747907125011.719,189481,1747907124992.937,-88,-33,-118
1747907125031.594,189501,1747907125012.844,-87,-29,-116
1747907125051.469,189491,1747907125032.688,-82,-33,-122
1747907125071.344,189499,1747907125052.5,-80,-33,-121
1747907125091.156,189500,1747907125072.406,-88,-33,-116
1747907125111.0,189506,1747907125092.25,-87,-29,-113
1747907125130.875,189519,1747907125112.094,-88,-18,-119
1747907125150.75,189507,1747907125131.969,-100,-33,-112
1747907125170.594,189540,1747907125151.813,-97,-28,-114
1747907125190.469,189540,1747907125171.6868,-86,-33,-119
1747907125210.312,189538,1747907125191.531,-87,-33,-113
1747907125230.187,189568,1747907125211.375,-101,-25,-121
1747907125250.031,189588,1747907125231.25,-87,-33,-113
1747907125269.875,189616,1747907125251.094,-103,-25,-127
1747907125289.75,189648,1747907125270.937,-96,-33,-94
1747907125309.594,189705,1747907125290.813,-97,-29,-118
1747907125329.437,189748,1747907125310.656,-85,-29,-113
1747907125349.313,189764,1747907125330.5308,-93,-29,-121
1747907125369.1558,189826,1747907125350.375,-89,-33,-122
1747907125389.0,189843,1747907125370.25,-97,-29,-113
1747907125408.844,189898,1747907125390.094,-88,-29,-119
1747907125428.688,189944,1747907125409.969,-97,-26,-115
1747907125448.531,189980,1747907125429.75,-84,-29,-113
1747907125468.406,190033,1747907125449.625,-100,-23,-110
1747907125488.281,190043,1747907125469.469,-84,-28,-113
1747907125508.0618,190034,1747907125489.344,-96,-33,-113
1747907125527.906,189975,1747907125509.156,-91,-33,-110
1747907125547.844,189924,1747907125528.969,-87,-33,-121
1747907125567.656,189871,1747907125548.875,-93,-15,-129
1747907125587.5,189825,1747907125568.719,-89,-33,-121
1747907125607.344,189779,1747907125588.594,-87,-29,-116
1747907125627.188,189750,1747907125608.406,-93,-33,-101
1747907125647.031,189731,1747907125628.344,-87,-33,-117
1747907125666.844,189696,1747907125648.125,-93,-29,-114
1747907125686.719,189704,1747907125667.938,-98,-33,-112
1747907125706.563,189708,1747907125687.813,-85,-29,-119
1747907125726.406,189710,1747907125707.625,-87,-35,-122
1747907125746.25,189690,1747907125727.5,-95,-29,-113
1747907125766.125,189719,1747907125747.375,-93,-33,-114
1747907125785.969,189724,1747907125767.156,-97,-29,-112
1747907125805.844,189735,1747907125787.031,-90,-25,-116
1747907125825.688,189756,1747907125806.875,-83,-33,-116
1747907125845.5,189751,1747907125826.781,-80,-29,-113
1747907125865.375,189765,1747907125846.563,-87,-31,-121
1747907125885.281,189767,1747907125866.438,-100,-25,-114
1747907125905.063,189767,1747907125886.312,-93,-8,-118
1747907125924.906,189795,1747907125906.187,-92,-29,-116
1747907125944.781,189825,1747907125925.969,-95,-33,-110
1747907125964.625,189859,1747907125945.844,-100,-37,-104
1747907125984.469,189887,1747907125965.781,-95,-29,-116
1747907126004.313,189925,1747907125985.562,-88,-33,-114
1747907126024.187,189958,1747907126005.375,-99,-29,-121
1747907126044.031,189988,1747907126025.25,-85,-23,-116
1747907126063.844,190023,1747907126045.094,-94,-33,-113
1747907126083.719,190079,1747907126064.937,-84,-27,-113
1747907126103.563,190125,1747907126084.812,-88,-29,-121
1747907126123.406,190142,1747907126104.656,-97,-33,-115
1747907126143.281,190186,1747907126124.5,-97,-26,-114
1747907126163.125,190221,1747907126144.375,-82,-27,-118
1747907126182.969,190275,1747907126164.3118,-87,-29,-117
1747907126202.844,190295,1747907126184.062,-92,-29,-108
1747907126222.719,190304,1747907126203.938,-99,-41,-113
1747907126242.531,190270,1747907126223.75,-93,-16,-110
1747907126262.406,190231,1747907126243.625,-96,-33,-113
1747907126282.25,190180,1747907126263.469,-82,-39,-113
1747907126302.062,190116,1747907126283.313,-98,-33,-104
1747907126321.937,190035,1747907126303.156,-88,-25,-113
1747907126341.781,189988,1747907126323.0,-92,-29,-120
1747907126361.625,189929,1747907126342.844,-89,-29,-125
1747907126381.5,189935,1747907126362.719,-103,-33,-116
1747907126401.312,189899,1747907126382.5632,-88,-33,-120
1747907126421.187,189897,1747907126402.406,-97,-29,-114
1747907126441.063,189930,1747907126422.25,-89,-33,-109
1747907126460.875,189956,1747907126442.125,-97,-33,-113
1747907126480.719,190003,1747907126461.937,-87,-36,-113
1747907126500.594,190023,1747907126481.781,-98,-29,-116
1747907126520.438,190042,1747907126501.656,-84,-33,-122
1747907126540.281,190064,1747907126521.5,-97,-29,-113
1747907126560.156,190056,1747907126541.344,-85,-28,-113
1747907126579.969,190080,1747907126561.188,-97,-15,-113
1747907126599.812,190088,1747907126581.031,-97,-33,-106
1747907126619.656,190120,1747907126600.875,-88,-29,-113
1747907126639.469,190128,1747907126620.75,-100,-33,-97
1747907126659.344,190170,1747907126640.594,-100,-26,-116
1747907126679.219,190219,1747907126660.438,-85,-26,-116
1747907126699.063,190239,1747907126680.25,-87,-33,-125
1747907126718.875,190269,1747907126700.125,-87,-33,-121
1747907126738.719,190301,1747907126720.0,-89,-34,-109
1747907126758.594,190337,1747907126739.813,-96,-33,-112
1747907126778.437,190377,1747907126759.688,-87,-26,-114
1747907126798.281,190432,1747907126779.5,-101,-25,-113
1747907126818.125,190473,1747907126799.375,-90,-33,-118
1747907126838.031,190499,1747907126819.219,-87,-29,-114
1747907126857.844,190546,1747907126839.094,-96,-33,-113
1747907126877.656,190580,1747907126858.906,-85,-29,-115
1747907126897.594,190623,1747907126878.781,-95,-29,-116
1747907126917.375,190662,1747907126898.594,-97,-12,-124
1747907126937.25,190676,1747907126918.469,-97,-26,-114
1747907126957.062,190638,1747907126938.313,-88,-27,-113
1747907126976.938,190594,1747907126958.156,-96,-35,-88
1747907126996.781,190537,1747907126978.0,-95,-26,-114
1747907127016.625,190477,1747907126997.844,-84,-29,-116
1747907127036.437,190449,1747907127017.688,-93,-28,-112
1747907127056.312,190403,1747907127037.531,-89,-29,-118
1747907127076.156,190380,1747907127057.406,-89,-28,-125
1747907127096.031,190362,1747907127077.25,-87,-26,-110
1747907127115.875,190346,1747907127097.094,-97,-33,-116
1747907127135.687,190327,1747907127116.969,-97,-26,-121
1747907127155.531,190340,1747907127136.75,-103,-18,-114
1747907127175.375,190354,1747907127156.625,-93,-33,-114
1747907127195.219,190373,1747907127176.469,-73,-28,-121
1747907127215.125,190403,1747907127196.281,-97,-26,-119
1747907127235.031,190392,1747907127216.219,-100,-33,-113
1747907127254.75,190417,1747907127235.969,-93,-16,-121
1747907127274.594,190417,1747907127255.812,-90,-25,-119
1747907127294.406,190402,1747907127275.687,-85,-33,-116
1747907127314.281,190414,1747907127295.5,-89,-34,-128
1747907127334.156,190433,1747907127315.375,-88,-26,-116
1747907127354.0,190454,1747907127335.219,-93,-27,-121
1747907127373.844,190466,1747907127355.062,-97,-29,-114
1747907127393.719,190490,1747907127374.969,-97,-29,-116
1747907127413.531,190530,1747907127394.75,-96,-26,-113
1747907127433.406,190557,1747907127414.625,-81,-25,-116
1747907127453.219,190579,1747907127434.469,-100,-33,-118
1747907127473.094,190623,1747907127454.344,-85,-28,-114
1747907127492.937,190671,1747907127474.188,-90,-29,-112
1747907127512.812,190721,1747907127494.031,-87,-28,-116
1747907127532.625,190769,1747907127513.875,-93,-26,-117
1747907127552.469,190787,1747907127533.719,-95,-25,-117
1747907127572.313,190823,1747907127553.562,-86,-32,-121
1747907127592.156,190870,1747907127573.375,-93,-33,-120
1747907127612.0,190889,1747907127593.219,-84,-33,-114
1747907127631.844,190869,1747907127613.094,-97,-29,-116
1747907127651.688,190840,1747907127632.937,-88,-28,-129
1747907127671.562,190769,1747907127652.781,-95,-33,-116
1747907127691.406,190687,1747907127672.656,-88,-26,-113
1747907127711.25,190633,1747907127692.469,-96,-29,-112
1747907127731.125,190569,1747907127712.312,-90,-33,-110
1747907127750.969,190515,1747907127732.187,-94,-25,-114
1747907127770.812,190455,1747907127752.031,-77,-33,-113
1747907127790.656,190381,1747907127771.906,-87,-33,-113
1747907127810.5,190355,1747907127791.719,-89,-33,-114
1747907127830.375,190337,1747907127811.562,-92,-33,-113
1747907127850.219,190359,1747907127831.406,-84,-33,-130
1747907127870.031,190381,1747907127851.3132,-85,-30,-121
1747907127889.875,190408,1747907127871.125,-89,-33,-117
1747907127909.75,190414,1747907127890.969,-97,-27,-114
1747907127929.594,190388,1747907127910.781,-88,-49,-119
1747907127949.437,190382,1747907127930.687,-92,-27,-108
1747907127969.25,190373,1747907127950.5,-84,-26,-121
1747907127989.125,190362,1747907127970.344,-95,-28,-125
1747907128009.031,190354,1747907127990.187,-90,-25,-116
1747907128028.781,190356,1747907128010.031,-89,-23,-120
1747907128048.656,190359,1747907128029.906,-97,-27,-121
1747907128068.5,190352,1747907128049.75,-89,-33,-114
1747907128088.375,190376,1747907128069.594,-97,-33,-121
1747907128108.219,190386,1747907128089.437,-85,-26,-110
1747907128128.094,190402,1747907128109.312,-82,-33,-109
1747907128147.906,190425,1747907128129.188,-95,-26,-116
1747907128167.75,190437,1747907128148.969,-97,-27,-121
1747907128187.563,190473,1747907128168.844,-84,-30,-113
1747907128207.406,190501,1747907128188.687,-97,-34,-112
1747907128227.281,190529,1747907128208.469,-93,-29,-111
1747907128247.094,190563,1747907128228.375,-88,-25,-116
1747907128266.906,190607,1747907128248.156,-93,-29,-114
1747907128286.781,190631,1747907128268.0308,-100,-25,-119
1747907128306.625,190632,1747907128287.875,-87,-33,-116
1747907128326.469,190576,1747907128307.719,-96,-25,-112
1747907128346.344,190526,1747907128327.563,-85,-33,-121
1747907128366.156,190433,1747907128347.406,-95,-33,-113
1747907128386.0,190346,1747907128367.312,-84,-27,-113
1747907128405.875,190276,1747907128387.094,-88,-29,-113
1747907128425.719,190202,1747907128406.906,-88,-27,-112
1747907128445.5618,190141,1747907128426.781,-97,-33,-109
1747907128465.406,190095,1747907128446.625,-88,-33,-113
1747907128485.25,190036,1747907128466.469,-98,-29,-120
1747907128505.094,190004,1747907128486.312,-85,-28,-122
1747907128524.937,189975,1747907128506.156,-89,-29,-114
1747907128544.781,189977,1747907128526.031,-96,-37,-122
1747907128564.656,189965,1747907128545.844,-89,-29,-114
1747907128584.531,189924,1747907128565.719,-87,-33,-113
1747907128604.312,189894,1747907128585.562,-87,-24,-122
1747907128624.187,189915,1747907128605.438,-89,-29,-114
1747907128644.031,189883,1747907128625.25,-97,-29,-113
1747907128663.906,189872,1747907128645.094,-86,-33,-112
1747907128683.75,189848,1747907128664.969,-97,-33,-113
1747907128703.594,189837,1747907128684.875,-95,-29,-120
1747907128723.437,189805,1747907128704.656,-90,-29,-113
1747907128743.344,189782,1747907128724.5,-87,-29,-113
1747907128763.125,189804,1747907128744.406,-87,-29,-117
1747907128783.0,189838,1747907128764.219,-89,-33,-114
1747907128802.969,189876,1747907128784.094,-96,-25,-116
1747907128822.687,189911,1747907128804.031,-101,-25,-113
1747907128842.5,189955,1747907128823.781,-93,-33,-135
1747907128862.375,189977,1747907128843.625,-98,-26,-109
1747907128882.219,190014,1747907128863.437,-96,-21,-117
1747907128902.094,190042,1747907128883.313,-82,-28,-122
1747907128921.938,190096,1747907128903.156,-103,-16,-120
1747907128941.75,190151,1747907128923.0,-92,-24,-122
1747907128961.625,190165,1747907128942.844,-84,-33,-114
1747907128981.469,190215,1747907128962.719,-95,-8,-115
1747907129001.312,190240,1747907128982.531,-87,-29,-106
1747907129021.156,190223,1747907129002.4058,-97,-33,-118
1747907129041.0,190206,1747907129022.187,-86,-33,-114
1747907129060.875,190119,1747907129042.219,-98,-33,-119
1747907129080.719,190035,1747907129061.906,-87,-34,-121
1747907129100.531,189932,1747907129081.781,-93,-33,-113
1747907129120.406,189827,1747907129101.594,-89,-33,-117
1747907129140.25,189775,1747907129121.5,-87,-29,-121
1747907129160.094,189704,1747907129141.344,-103,-29,-116
1747907129179.906,189662,1747907129161.125,-96,-33,-113
1747907129199.75,189632,1747907129180.969,-89,-26,-118
1747907129219.625,189586,1747907129200.844,-72,-20,-121
1747907129239.5,189578,1747907129220.687,-96,-26,-114
1747907129259.281,189532,1747907129240.563,-84,-29,-120
1747907129279.156,189506,1747907129260.406,-90,-13,-113
1747907129299.0,189484,1747907129280.219,-91,-29,-109
1747907129318.875,189466,1747907129300.062,-82,-29,-115
1747907129338.687,189453,1747907129319.937,-97,-26,-113
1747907129358.562,189437,1747907129339.813,-95,-31,-116
1747907129378.406,189431,1747907129359.625,-96,-28,-121
1747907129398.25,189397,1747907129379.469,-87,-33,-114
1747907129418.094,189396,1747907129399.344,-88,-27,-118
1747907129437.937,189400,1747907129419.188,-84,-26,-114
1747907129457.812,189390,1747907129438.969,-92,-33,-125
1747907129477.656,189402,1747907129458.875,-97,-33,-114
1747907129497.469,189408,1747907129478.719,-89,-26,-117
1747907129517.344,189441,1747907129498.594,-84,-26,-117
1747907129537.219,189450,1747907129518.406,-84,-33,-114
1747907129557.031,189471,1747907129538.281,-84,-29,-121
1747907129576.875,189510,1747907129558.125,-97,-29,-114
1747907129596.75,189543,1747907129578.0,-87,-25,-113
1747907129616.625,189568,1747907129597.812,-97,-8,-109
1747907129636.469,189601,1747907129617.688,-88,-29,-121
1747907129656.313,189635,1747907129637.563,-102,-25,-116
1747907129676.219,189679,1747907129657.406,-87,-28,-108
1747907129696.062,189708,1747907129677.281,-90,-25,-113
1747907129715.937,189757,1747907129697.156,-93,-26,-116
1747907129735.781,189745,1747907129717.094,-89,-29,-121
1747907129755.656,189752,1747907129736.875,-93,-33,-112
1747907129775.531,189701,1747907129756.719,-96,-33,-113
1747907129795.375,189610,1747907129776.594,-81,-25,-116
1747907129815.281,189515,1747907129796.469,-90,-25,-114
1747907129835.094,189434,1747907129816.375,-90,-33,-133
1747907129854.969,189352,1747907129836.156,-100,-33,-115
1747907129874.844,189289,1747907129856.063,-88,-33,-121
1747907129894.687,189225,1747907129875.906,-93,-26,-122
1747907129914.563,189208,1747907129895.781,-87,-33,-113
1747907129934.406,189168,1747907129915.625,-96,-33,-114
1747907129954.281,189144,1747907129935.5,-105,-33,-123
1747907129974.125,189131,1747907129955.344,-84,-26,-119
1747907129994.0,189111,1747907129975.219,-92,-29,-113
1747907130013.844,189092,1747907129995.031,-85,-32,-129
1747907130033.75,189095,1747907130014.906,-84,-33,-113
1747907130053.562,189083,1747907130034.813,-98,-26,-116
1747907130073.469,189062,1747907130054.688,-89,-28,-125
1747907130093.344,189033,1747907130074.531,-95,-33,-112
1747907130113.187,189021,1747907130094.406,-82,-33,-114
1747907130133.031,189011,1747907130114.219,-88,-25,-127
1747907130152.875,189015,1747907130134.094,-98,-33,-121
1747907130172.719,189014,1747907130154.094,-81,-25,-104
1747907130192.594,189038,1747907130173.812,-89,-25,-110
1747907130212.406,189044,1747907130193.656,-96,-33,-117
1747907130232.281,189071,1747907130213.594,-93,-26,-121
1747907130252.156,189080,1747907130233.344,-88,-29,-119
1747907130272.031,189090,1747907130253.25,-93,-36,-121
1747907130291.844,189122,1747907130273.094,-69,-25,-116
1747907130311.687,189141,1747907130292.938,-89,-29,-116
1747907130331.563,189165,1747907130312.781,-88,-29,-113
1747907130351.406,189195,1747907130332.625,-93,-33,-100
1747907130371.219,189241,1747907130352.531,-88,-25,-114
1747907130391.062,189295,1747907130372.313,-93,-29,-113
1747907130410.969,189299,1747907130392.125,-84,-26,-121
1747907130430.844,189355,1747907130412.062,-95,-29,-116
1747907130450.688,189397,1747907130431.906,-89,-33,-121
1747907130470.5,189411,1747907130451.813,-82,-29,-112
1747907130490.375,189421,1747907130471.563,-85,-33,-117
1747907130510.25,189389,1747907130491.469,-100,-28,-113
1747907130530.063,189339,1747907130511.312,-88,-33,-121
1747907130549.969,189259,1747907130531.187,-88,-29,-116
1747907130569.812,189166,1747907130551.0,-94,-33,-113
1747907130589.688,189106,1747907130570.906,-89,-33,-113
1747907130609.531,189047,1747907130590.781,-97,-33,-113
1747907130629.406,189018,1747907130610.656,-80,-31,-116
1747907130649.25,188959,1747907130630.5,-97,-29,-113
1747907130669.188,188940,1747907130650.313,-84,-29,-113
1747907130688.969,188928,1747907130670.219,-97,-16,-113
1747907130708.844,188921,1747907130690.031,-88,-29,-125
1747907130728.687,188924,1747907130709.906,-82,-33,-116
1747907130748.562,188924,1747907130729.781,-85,-26,-112
1747907130768.406,188914,1747907130749.625,-87,-33,-120
1747907130788.25,188912,1747907130769.5,-98,-29,-114
1747907130808.156,188898,1747907130789.406,-86,-33,-116
1747907130828.0,188890,1747907130809.219,-93,-29,-110
1747907130847.844,188890,1747907130829.094,-97,-25,-121
1747907130867.719,188860,1747907130848.937,-96,-33,-110
1747907130887.625,188866,1747907130868.812,-95,-29,-113
1747907130907.437,188868,1747907130888.656,-89,-32,-117
1747907130927.281,188897,1747907130908.469,-92,-29,-117
1747907130947.125,188912,1747907130928.375,-88,-27,-122
1747907130967.0,188925,1747907130948.281,-105,-25,-118
1747907130986.875,188958,1747907130968.031,-88,-33,-114
1747907131006.687,188995,1747907130987.938,-96,-29,-106
1747907131026.563,189009,1747907131007.812,-96,-41,-113
1747907131046.438,189049,1747907131027.656,-89,-25,-116
1747907131066.312,189060,1747907131047.531,-97,-27,-127
1747907131086.156,189116,1747907131067.406,-87,-32,-129
1747907131106.031,189131,1747907131087.219,-98,-25,-113
1747907131125.906,189162,1747907131107.094,-97,-33,-128
1747907131145.781,189202,1747907131126.969,-98,-25,-120
1747907131165.594,189223,1747907131146.844,-97,-25,-116
1747907131185.469,189267,1747907131166.656,-85,-27,-121
1747907131205.344,189270,1747907131186.531,-89,-25,-115
1747907131225.219,189189,1747907131206.406,-88,-33,-121
1747907131245.031,189153,1747907131226.3132,-96,-29,-116
1747907131265.0,189038,1747907131246.125,-88,-29,-114
1747907131284.781,188975,1747907131266.062,-92,-36,-125
1747907131304.625,188900,1747907131285.875,-102,-29,-114
1747907131324.469,188851,1747907131305.719,-84,-26,-123
1747907131344.344,188819,1747907131325.563,-90,-29,-121
1747907131364.219,188788,1747907131345.406,-73,-25,-116
1747907131384.063,188753,1747907131365.281,-97,-33,-114
1747907131403.906,188741,1747907131385.156,-87,-33,-116
1747907131423.781,188740,1747907131404.969,-98,-18,-109
1747907131443.688,188748,1747907131424.844,-93,-26,-121
1747907131463.5,188738,1747907131444.687,-88,-20,-120
1747907131483.344,188747,1747907131464.594,-85,-25,-111
1747907131503.219,188738,1747907131484.406,-95,-29,-114
1747907131523.062,188721,1747907131504.281,-84,-23,-113
1747907131542.969,188714,1747907131524.156,-97,-33,-112
1747907131562.781,188694,1747907131544.062,-85,-33,-116
1747907131582.656,188687,1747907131563.875,-87,-29,-116
1747907131602.5,188680,1747907131583.75,-84,-29,-113
1747907131622.469,188692,1747907131603.594,-87,-33,-116
1747907131642.281,188720,1747907131623.562,-103,-33,-116
1747907131662.0942,188749,1747907131643.281,-100,-24,-115
1747907131681.969,188775,1747907131663.156,-100,-29,-109
1747907131701.813,188797,1747907131683.063,-97,-32,-120
1747907131721.688,188815,1747907131702.906,-92,-25,-115
1747907131741.531,188828,1747907131722.75,-88,-33,-109
1747907131761.406,188846,1747907131742.625,-88,-33,-114
1747907131781.25,188864,1747907131762.469,-97,-26,-114
1747907131801.125,188915,1747907131782.312,-89,-29,-125
1747907131821.0,188937,1747907131802.187,-97,-30,-125
1747907131840.875,188992,1747907131822.063,-90,-33,-109
1747907131860.719,189004,1747907131841.938,-97,-33,-113
1747907131880.563,189007,1747907131861.812,-85,-33,-120
1747907131900.469,188976,1747907131881.656,-90,-26,-120
1747907131920.344,188883,1747907131901.563,-87,-33,-114
1747907131940.187,188801,1747907131921.469,-88,-29,-113
1747907131960.063,188668,1747907131941.281,-98,-33,-114
1747907131979.906,188597,1747907131961.125,-89,-26,-114
1747907131999.8118,188505,1747907131981.0,-84,-25,-112
1747907132019.656,188463,1747907132000.906,-98,-33,-110
1747907132039.531,188377,1747907132020.75,-84,-33,-112
1747907132059.469,188346,1747907132040.594,-93,-29,-125
1747907132079.281,188320,1747907132060.531,-92,-29,-121
1747907132099.125,188304,1747907132080.344,-88,-29,-112
1747907132119.0,188277,1747907132100.25,-96,-25,-123
1747907132138.875,188275,1747907132120.062,-100,-26,-113
1747907132158.75,188265,1747907132139.937,-84,-24,-125
1747907132178.562,188246,1747907132159.813,-89,-33,-109
1747907132198.438,188233,1747907132179.688,-97,-29,-113
1747907132218.344,188205,1747907132199.5,-87,-31,-116
1747907132238.187,188192,1747907132219.406,-85,-33,-113
1747907132258.0,188166,1747907132239.25,-89,-29,-116
1747907132277.906,188172,1747907132259.125,-89,-27,-113
1747907132297.75,188169,1747907132278.969,-100,-29,-119
1747907132317.625,188156,1747907132298.844,-88,-45,-121
1747907132337.469,188176,1747907132318.688,-77,-26,-121
1747907132357.312,188187,1747907132338.563,-101,-26,-116
1747907132377.188,188168,1747907132358.406,-84,-29,-112
1747907132397.063,188216,1747907132378.25,-97,-33,-114
1747907132416.875,188242,1747907132398.125,-89,-33,-116
1747907132436.719,188269,1747907132417.938,-97,-29,-110
1747907132456.594,188286,1747907132437.781,-87,-29,-116
1747907132476.438,188324,1747907132457.687,-97,-26,-113
1747907132496.281,188341,1747907132477.531,-96,-33,-120
1747907132516.125,188379,1747907132497.344,-89,-26,-121
1747907132536.0,188422,1747907132517.219,-89,-26,-116
1747907132555.844,188444,1747907132537.062,-97,-26,-125
1747907132575.656,188456,1747907132556.937,-88,-25,-122
1747907132595.531,188412,1747907132576.781,-82,-33,-116
1747907132615.375,188313,1747907132596.594,-85,-29,-114
1747907132635.25,188235,1747907132616.469,-97,-33,-114
1747907132655.031,188120,1747907132636.281,-84,-31,-121
1747907132674.906,188037,1747907132656.125,-84,-33,-113
1747907132694.75,187936,1747907132675.969,-89,-29,-117
1747907132714.625,187884,1747907132695.844,-80,-33,-121
1747907132734.438,187832,1747907132715.688,-89,-29,-113
1747907132754.281,187808,1747907132735.531,-98,-25,-117
1747907132774.156,187773,1747907132755.344,-89,-25,-125
1747907132794.031,187756,1747907132775.25,-84,-25,-117
1747907132813.844,187724,1747907132795.094,-92,-29,-113
1747907132833.688,187719,1747907132814.937,-88,-41,-116
1747907132853.563,187704,1747907132834.75,-85,-27,-114
1747907132873.406,187690,1747907132854.656,-94,-29,-117
1747907132893.281,187687,1747907132874.5,-84,-26,-125
1747907132913.125,187699,1747907132894.344,-84,-33,-110
1747907132932.969,187709,1747907132914.156,-93,-28,-114
1747907132952.844,187699,1747907132934.031,-95,-25,-121
1747907132972.656,187685,1747907132953.906,-86,-33,-122
1747907132992.5,187687,1747907132973.75,-89,-29,-115
1747907133012.375,187699,1747907132993.562,-85,-33,-113
1747907133032.25,187717,1747907133013.469,-85,-28,-116
1747907133052.062,187745,1747907133033.313,-85,-33,-113
1747907133071.875,187776,1747907133053.125,-85,-27,-117
1747907133091.75,187810,1747907133072.969,-84,-34,-114
1747907133111.625,187830,1747907133092.844,-77,-33,-116
1747907133131.438,187853,1747907133112.687,-95,-33,-120
1747907133151.281,187882,1747907133132.5,-85,-33,-117
1747907133171.125,187905,1747907133152.344,-104,-33,-114
1747907133190.969,187953,1747907133172.188,-84,-29,-120
1747907133210.813,187978,1747907133192.031,-84,-33,-110
1747907133230.625,188026,1747907133211.875,-84,-23,-112
1747907133250.594,188075,1747907133231.719,-93,-33,-121
1747907133270.344,188098,1747907133251.563,-85,-16,-123
1747907133290.188,188053,1747907133271.4692,-95,-33,-114
1747907133310.0,188003,1747907133291.281,-92,-33,-113
1747907133329.844,187909,1747907133311.125,-82,-29,-113
1747907133349.719,187821,1747907133330.938,-97,-26,-121
1747907133369.688,187718,1747907133350.813,-95,-25,-113
1747907133389.375,187637,1747907133370.781,-89,-29,-119
1747907133409.25,187588,1747907133390.5,-95,-27,-116
1747907133429.094,187562,1747907133410.312,-87,-27,-122
1747907133448.937,187538,1747907133430.156,-95,-33,-119
1747907133468.781,187534,1747907133450.031,-84,-29,-122
1747907133488.625,187527,1747907133469.906,-97,-30,-121
1747907133508.5,187534,1747907133489.719,-87,-24,-110
1747907133528.344,187529,1747907133509.531,-96,-29,-117
1747907133548.156,187515,1747907133529.406,-84,-25,-119
1747907133568.031,187528,1747907133549.2808,-93,-33,-108
1747907133587.875,187526,1747907133569.094,-86,-33,-116
1747907133607.75,187533,1747907133588.937,-82,-26,-116
1747907133627.594,187519,1747907133608.906,-100,-29,-116
1747907133647.438,187512,1747907133628.688,-88,-28,-112
1747907133667.313,187501,1747907133648.531,-90,-33,-113
1747907133687.156,187521,1747907133668.406,-84,-33,-114
1747907133707.094,187522,1747907133688.188,-93,-33,-114
1747907133726.8118,187565,1747907133708.219,-93,-25,-114
1747907133746.688,187583,1747907133727.906,-98,-25,-120
1747907133766.531,187599,1747907133747.75,-96,-33,-112
1747907133786.375,187622,1747907133767.625,-93,-39,-117
1747907133806.219,187656,1747907133787.469,-89,-26,-112
1747907133826.125,187700,1747907133807.281,-81,-25,-113
1747907133845.938,187725,1747907133827.187,-94,-32,-114
1747907133865.813,187758,1747907133847.0,-87,-26,-113
1747907133885.594,187825,1747907133866.875,-96,-29,-121
1747907133905.469,187854,1747907133886.688,-86,-27,-108
1747907133925.344,187890,1747907133906.563,-89,-29,-116
1747907133945.188,187937,1747907133926.437,-89,-31,-116
1747907133965.031,187979,1747907133946.25,-97,-29,-109
1747907133984.906,188022,1747907133966.094,-89,-31,-125
1747907134004.75,187997,1747907133986.0,-87,-33,-117
1747907134024.625,187949,1747907134005.812,-86,-33,-113
1747907134044.562,187871,1747907134025.687,-93,-25,-113
1747907134064.281,187783,1747907134045.625,-95,-29,-116
1747907134084.156,187701,1747907134065.375,-87,-33,-129
1747907134104.031,187643,1747907134085.219,-87,-33,-116
1747907134123.875,187606,1747907134105.125,-97,-25,-119
1747907134143.75,187544,1747907134124.937,-84,-32,-124
1747907134163.594,187495,1747907134144.813,-88,-33,-114
1747907134183.438,187498,1747907134164.656,-88,-33,-122
1747907134203.281,187491,1747907134184.531,-96,-27,-121
1747907134223.125,187498,1747907134204.406,-88,-33,-114
1747907134243.0,187500,1747907134224.188,-84,-29,-112
1747907134262.844,187508,1747907134244.063,-88,-33,-113
1747907134282.656,187512,1747907134263.906,-85,-29,-113
1747907134302.531,187510,1747907134283.812,-84,-29,-119
1747907134322.375,187504,1747907134303.594,-84,-33,-110
1747907134342.25,187518,1747907134323.469,-96,-33,-113
1747907134362.094,187510,1747907134343.313,-96,-29,-117
1747907134382.0,187495,1747907134363.187,-98,-25,-114
1747907134401.813,187515,1747907134383.0618,-92,-33,-112
1747907134421.656,187528,1747907134402.844,-87,-31,-121
1747907134441.469,187558,1747907134422.719,-85,-29,-113
1747907134461.313,187576,1747907134442.594,-113,-29,-113
1747907134481.188,187601,1747907134462.406,-95,-28,-114
1747907134501.031,187622,1747907134482.25,-84,-33,-113
1747907134520.875,187657,1747907134502.125,-96,-41,-111
1747907134540.75,187691,1747907134521.969,-89,-26,-110
1747907134560.594,187725,1747907134541.844,-100,-36,-113
1747907134580.469,187773,1747907134561.656,-84,-29,-121
1747907134600.344,187828,1747907134581.531,-85,-29,-121
1747907134620.156,187837,1747907134601.375,-85,-16,-119
1747907134640.031,187877,1747907134621.25,-95,-33,-119
1747907134659.906,187918,1747907134641.125,-95,-29,-116
1747907134679.719,187965,1747907134660.969,-96,-25,-114
1747907134699.594,187964,1747907134680.813,-84,-29,-119
1747907134719.438,187920,1747907134700.656,-88,-26,-114
1747907134739.281,187886,1747907134720.531,-100,-33,-116
1747907134759.125,187796,1747907134740.375,-91,-21,-114
1747907134778.969,187706,1747907134760.219,-95,-33,-121
1747907134798.844,187650,1747907134780.063,-94,-33,-116
1747907134818.688,187611,1747907134799.906,-98,-29,-111
1747907134838.531,187576,1747907134819.75,-87,-33,-113
1747907134858.375,187575,1747907134839.625,-88,-33,-116
1747907134878.25,187557,1747907134859.438,-97,-33,-110
1747907134898.094,187575,1747907134879.313,-97,-26,-121
1747907134917.938,187577,1747907134899.187,-89,-32,-129
1747907134937.781,187576,1747907134919.0,-99,-33,-116
1747907134957.594,187593,1747907134938.812,-97,-16,-120
1747907134977.469,187590,1747907134958.656,-98,-33,-117
1747907134997.313,187604,1747907134978.5,-88,-33,-114
1747907135017.125,187622,1747907134998.406,-84,-25,-110
1747907135037.0,187619,1747907135018.219,-96,-33,-110
1747907135056.844,187641,1747907135038.063,-89,-33,-116
1747907135076.687,187663,1747907135057.906,-88,-25,-121
1747907135096.5,187674,1747907135077.75,-84,-31,-122
1747907135116.375,187717,1747907135097.625,-103,-26,-116
1747907135136.219,187753,1747907135117.4368,-82,-29,-118
1747907135156.0618,187776,1747907135137.25,-88,-28,-113
1747907135175.875,187799,1747907135157.156,-85,-25,-113
1747907135195.75,187836,1747907135177.0,-85,-25,-125
1747907135215.594,187851,1747907135196.812,-98,-26,-114
1747907135235.437,187873,1747907135216.656,-85,-33,-116
1747907135255.281,187928,1747907135236.531,-88,-33,-120
1747907135275.125,187953,1747907135256.375,-85,-29,-119
1747907135294.969,188011,1747907135276.187,-97,-33,-114
1747907135314.844,188047,1747907135296.125,-92,-29,-119
1747907135334.687,188113,1747907135315.906,-84,-25,-121
1747907135354.5,188152,1747907135335.781,-88,-33,-113
1747907135374.375,188145,1747907135355.594,-98,-33,-114
1747907135394.25,188090,1747907135375.469,-93,-29,-115
1747907135414.125,188050,1747907135395.281,-87,-29,-121
1747907135433.937,187967,1747907135415.156,-93,-29,-118
1747907135453.781,187923,1747907135435.0,-84,-33,-114
1747907135473.625,187872,1747907135454.844,-109,-25,-116
1747907135493.469,187816,1747907135474.687,-89,-28,-119
1747907135513.312,187781,1747907135494.562,-94,-25,-116
1747907135533.156,187773,1747907135514.375,-85,-31,-123
1747907135553.031,187782,1747907135534.219,-88,-33,-113
1747907135572.844,187763,1747907135554.094,-77,-35,-114
1747907135592.688,187767,1747907135573.906,-85,-33,-120
1747907135612.562,187784,1747907135593.781,-85,-25,-114
1747907135632.375,187786,1747907135613.625,-88,-33,-113
1747907135652.25,187763,1747907135633.438,-101,-33,-116
1747907135672.094,187774,1747907135653.312,-89,-33,-121
1747907135691.906,187770,1747907135673.156,-88,-25,-117
1747907135711.781,187778,1747907135693.0,-97,-31,-117
1747907135731.656,187785,1747907135712.844,-89,-33,-114
1747907135751.469,187821,1747907135732.719,-90,-33,-114
1747907135771.313,187832,1747907135752.531,-91,-31,-130
1747907135791.156,187830,1747907135772.375,-84,-31,-127
1747907135811.031,187871,1747907135792.219,-96,-25,-117
1747907135830.844,187888,1747907135812.094,-93,-29,-114
1747907135850.719,187917,1747907135831.969,-85,-25,-114
1747907135870.563,187959,1747907135851.781,-93,-32,-122
1747907135890.4368,188004,1747907135871.656,-93,-29,-114
1747907135910.25,188042,1747907135891.5,-97,-27,-114
1747907135930.094,188104,1747907135911.375,-85,-28,-112
1747907135949.969,188142,1747907135931.156,-84,-29,-116
1747907135969.812,188193,1747907135951.0,-86,-25,-114
1747907135989.625,188231,1747907135970.906,-84,-29,-121
1747907136009.5,188258,1747907135990.719,-98,-25,-114
1747907136029.313,188267,1747907136010.562,-89,-33,-118
1747907136049.188,188222,1747907136030.406,-97,-33,-115
1747907136069.0,188140,1747907136050.281,-95,-29,-119
1747907136088.875,188064,1747907136070.125,-104,-28,-115
1747907136108.719,187965,1747907136089.938,-88,-29,-113
1747907136128.594,187901,1747907136109.781,-97,-29,-118
1747907136148.438,187830,1747907136129.656,-80,-25,-114
1747907136168.281,187802,1747907136149.531,-92,-26,-115
1747907136188.156,187766,1747907136169.344,-89,-33,-116
1747907136208.0,187735,1747907136189.219,-85,-16,-121
1747907136227.844,187713,1747907136209.062,-93,-25,-114
1747907136247.656,187711,1747907136228.906,-87,-29,-123
1747907136267.531,187703,1747907136248.719,-93,-29,-112
1747907136287.406,187703,1747907136268.625,-89,-29,-121
1747907136307.219,187697,1747907136288.469,-93,-25,-116
1747907136327.063,187687,1747907136308.312,-97,-25,-110
1747907136346.937,187671,1747907136328.156,-90,-29,-117
1747907136366.781,187651,1747907136348.0,-84,-26,-113
1747907136386.656,187671,1747907136367.875,-95,-29,-113
1747907136406.469,187652,1747907136387.719,-84,-25,-121
1747907136426.312,187672,1747907136407.562,-97,-25,-112
1747907136446.187,187680,1747907136427.406,-88,-33,-117
1747907136466.031,187702,1747907136447.25,-97,-33,-118
1747907136485.844,187738,1747907136467.094,-80,-29,-119
1747907136505.719,187764,1747907136486.969,-100,-25,-112
1747907136525.531,187787,1747907136506.781,-97,-25,-121
1747907136545.406,187836,1747907136526.625,-100,-24,-121
1747907136565.219,187863,1747907136546.5,-85,-26,-118
1747907136585.094,187912,1747907136566.344,-97,-29,-113
1747907136604.969,187960,1747907136586.156,-84,-25,-116
1747907136624.8118,187990,1747907136606.031,-96,-29,-113
1747907136644.594,188040,1747907136625.875,-84,-33,-116
1747907136664.469,188085,1747907136645.719,-90,-33,-118
1747907136684.313,188110,1747907136665.531,-87,-25,-120
1747907136704.156,188108,1747907136685.375,-97,-29,-117
1747907136724.0,188044,1747907136705.219,-96,-29,-113
1747907136743.844,187970,1747907136725.094,-92,-26,-121
1747907136763.719,187899,1747907136744.937,-93,-33,-113
1747907136783.563,187817,1747907136764.781,-97,-33,-119
1747907136803.406,187770,1747907136784.625,-87,-33,-117
1747907136823.25,187729,1747907136804.5,-84,-31,-121
1747907136843.094,187719,1747907136824.344,-89,-29,-115
1747907136862.969,187689,1747907136844.187,-89,-33,-113
1747907136882.781,187660,1747907136864.0,-101,-33,-127
1747907136902.625,187654,1747907136883.875,-97,-29,-119
1747907136922.469,187652,1747907136903.688,-89,-25,-119
1747907136942.344,187650,1747907136923.563,-96,-25,-121
1747907136962.219,187643,1747907136943.375,-88,-25,-119
1747907136982.031,187647,1747907136963.281,-97,-25,-114
1747907137001.937,187633,1747907136983.125,-100,-25,-120
1747907137021.781,187621,1747907137003.031,-93,-27,-113
1747907137041.625,187597,1747907137022.812,-88,-25,-113
1747907137061.469,187579,1747907137042.719,-93,-29,-118
1747907137081.312,187585,1747907137062.531,-88,-33,-122
1747907137101.156,187584,1747907137082.406,-96,-27,-121
1747907137121.031,187593,1747907137102.25,-84,-29,-113
1747907137140.875,187592,1747907137122.094,-100,-33,-121
1747907137160.75,187620,1747907137141.937,-96,-29,-122
1747907137180.594,187616,1747907137161.813,-88,-28,-114
1747907137200.469,187649,1747907137181.688,-97,-28,-122
1747907137220.25,187662,1747907137201.5,-97,-16,-113
1747907137240.187,187683,1747907137221.344,-88,-33,-117
1747907137259.969,187722,1747907137241.219,-87,-16,-125
1747907137279.844,187739,1747907137261.031,-97,-33,-113
1747907137299.656,187790,1747907137280.906,-87,-29,-113
1747907137319.5,187830,1747907137300.75,-93,-33,-128
1747907137339.375,187858,1747907137320.594,-90,-33,-113
1747907137359.219,187925,1747907137340.469,-94,-29,-116
1747907137379.031,187946,1747907137360.313,-85,-26,-113
1747907137398.875,187953,1747907137380.125,-96,-33,-117
1747907137418.75,187913,1747907137399.969,-87,-33,-116
1747907137438.594,187855,1747907137419.812,-87,-33,-114
1747907137458.437,187780,1747907137439.688,-87,-33,-118
1747907137478.375,187700,1747907137459.531,-93,-29,-120
1747907137498.125,187639,1747907137479.375,-86,-8,-116
1747907137518.0,187576,1747907137499.219,-95,-33,-117
1747907137537.781,187514,1747907137519.063,-100,-29,-113
1747907137557.656,187481,1747907137538.906,-84,-33,-113
1747907137577.531,187450,1747907137558.75,-95,-33,-115
1747907137597.375,187450,1747907137578.594,-80,-29,-116
1747907137617.188,187428,1747907137598.437,-97,-25,-121
1747907137637.062,187446,1747907137618.313,-89,-29,-109
1747907137656.938,187442,1747907137638.188,-100,-29,-115
1747907137676.75,187434,1747907137658.031,-84,-33,-112
1747907137696.594,187441,1747907137677.812,-95,-33,-114
1747907137716.406,187438,1747907137697.687,-87,-25,-113
1747907137736.281,187447,1747907137717.5,-87,-29,-122
1747907137756.125,187444,1747907137737.375,-85,-26,-117
1747907137775.969,187448,1747907137757.281,-92,-29,-114
1747907137795.813,187434,1747907137777.031,-89,-33,-116
1747907137815.687,187455,1747907137796.906,-93,-38,-116
1747907137835.5,187472,1747907137816.719,-89,-11,-112
1747907137855.344,187491,1747907137836.563,-97,-25,-114
1747907137875.156,187524,1747907137856.437,-96,-29,-116
1747907137895.0,187551,1747907137876.25,-90,-33,-92
1747907137914.844,187574,1747907137896.063,-93,-33,-110
1747907137934.719,187594,1747907137915.938,-84,-33,-116
1747907137954.5,187640,1747907137935.781,-97,-29,-112
1747907137974.375,187678,1747907137955.594,-87,-32,-125
1747907137994.219,187712,1747907137975.469,-89,-26,-116
1747907138014.094,187749,1747907137995.344,-96,-26,-121
1747907138033.906,187794,1747907138015.156,-97,-33,-113
1747907138053.75,187833,1747907138035.0,-84,-33,-114
1747907138073.594,187875,1747907138054.844,-89,-21,-117
1747907138093.437,187875,1747907138074.656,-97,-29,-109
1747907138113.281,187847,1747907138094.5,-63,-33,-121
1747907138133.125,187801,1747907138114.375,-82,-33,-121
1747907138152.969,187727,1747907138134.187,-97,-27,-112
1747907138172.844,187646,1747907138154.031,-96,-33,-122
1747907138192.687,187562,1747907138173.906,-100,-30,-113
1747907138212.469,187537,1747907138193.75,-93,-29,-120
1747907138232.344,187510,1747907138213.563,-100,-30,-121
1747907138252.188,187492,1747907138233.375,-85,-26,-121
1747907138272.031,187459,1747907138253.281,-96,-33,-114
1747907138291.906,187471,1747907138273.094,-93,-29,-109
1747907138311.75,187468,1747907138292.969,-100,-25,-113
1747907138331.594,187482,1747907138312.813,-87,-29,-111
1747907138351.438,187490,1747907138332.656,-82,-33,-113
1747907138371.281,187507,1747907138352.5,-89,-25,-117
1747907138391.094,187500,1747907138372.375,-100,-29,-121
1747907138410.937,187508,1747907138392.188,-98,-29,-113
1747907138430.813,187494,1747907138412.0,-84,-29,-127
1747907138450.625,187498,1747907138431.875,-97,-34,-115
1747907138470.5,187510,1747907138451.75,-89,-29,-117
1747907138490.344,187529,1747907138471.563,-86,-33,-113
1747907138510.187,187544,1747907138491.438,-88,-37,-116
1747907138530.031,187569,1747907138511.281,-93,-29,-117
1747907138549.844,187597,1747907138531.125,-84,-33,-110
1747907138569.719,187618,1747907138550.906,-93,-29,-112
1747907138589.625,187650,1747907138570.781,-83,-29,-110
1747907138609.375,187710,1747907138590.688,-94,-27,-106
1747907138629.25,187752,1747907138610.531,-89,-29,-120
1747907138649.094,187773,1747907138630.312,-84,-33,-117
1747907138668.937,187833,1747907138650.156,-86,-29,-129
1747907138688.781,187890,1747907138669.969,-97,-33,-113
1747907138708.625,187933,1747907138689.875,-86,-26,-118
1747907138728.5308,187975,1747907138709.687,-97,-25,-114
1747907138748.344,188006,1747907138729.531,-89,-25,-121
1747907138768.187,188067,1747907138749.406,-84,-33,-113
1747907138788.031,188049,1747907138769.281,-97,-33,-116
1747907138807.906,188018,1747907138789.094,-98,-26,-113
1747907138827.75,187949,1747907138808.969,-77,-31,-125
1747907138847.625,187855,1747907138828.781,-93,-29,-128
1747907138867.4368,187801,1747907138848.688,-85,-28,-118
1747907138887.281,187762,1747907138868.5,-96,-25,-110
1747907138907.156,187706,1747907138888.344,-87,-33,-112
1747907138927.0,187669,1747907138908.219,-87,-33,-113
1747907138946.781,187661,1747907138928.063,-85,-33,-114
1747907138966.656,187641,1747907138947.906,-93,-33,-113
1747907138986.531,187651,1747907138967.719,-84,-25,-114
1747907139006.375,187659,1747907138987.594,-96,-27,-117
1747907139026.219,187665,1747907139007.469,-88,-28,-120
1747907139046.062,187677,1747907139027.313,-87,-33,-121
1747907139065.906,187691,1747907139047.125,-87,-25,-130
1747907139085.781,187695,1747907139067.0,-90,-33,-121
1747907139105.625,187695,1747907139086.875,-82,-25,-116
1747907139125.469,187684,1747907139106.719,-97,-33,-113
1747907139145.344,187668,1747907139126.531,-89,-25,-113
1747907139165.219,187687,1747907139146.406,-87,-33,-110
1747907139185.0,187701,1747907139166.281,-98,-31,-112
1747907139204.875,187741,1747907139186.125,-93,-26,-121
1747907139224.75,187742,1747907139205.938,-88,-33,-116
1747907139244.594,187777,1747907139225.781,-89,-29,-112
1747907139264.438,187814,1747907139245.656,-89,-33,-114
1747907139284.25,187852,1747907139265.562,-95,-29,-119
1747907139304.125,187860,1747907139285.406,-98,-26,-114
1747907139323.969,187937,1747907139305.219,-89,-25,-116
1747907139343.781,187983,1747907139325.063,-100,-33,-113
1747907139363.656,188016,1747907139344.906,-87,-29,-117
1747907139383.625,188085,1747907139364.75,-97,-29,-114
1747907139403.437,188119,1747907139384.719,-100,-29,-114
1747907139423.219,188178,1747907139404.438,-89,-33,-113
1747907139443.063,188214,1747907139424.344,-93,-29,-114
1747907139462.938,188234,1747907139444.187,-101,-23,-118
1747907139482.812,188205,1747907139464.0,-88,-25,-123
1747907139502.625,188170,1747907139483.875,-97,-26,-120
1747907139522.469,188113,1747907139503.688,-87,-31,-123
1747907139542.344,188038,1747907139523.562,-100,-25,-111
1747907139562.187,187975,1747907139543.406,-84,-33,-121
1747907139582.031,187937,1747907139563.281,-97,-26,-128
1747907139601.875,187893,1747907139583.125,-87,-29,-113
1747907139621.75,187894,1747907139602.937,-87,-29,-104
1747907139641.594,187894,1747907139622.844,-96,-25,-114
1747907139661.437,187880,1747907139642.656,-84,-25,-117
1747907139681.281,187880,1747907139662.531,-96,-33,-113
1747907139701.156,187906,1747907139682.344,-84,-25,-113
1747907139721.063,187906,1747907139702.219,-97,-29,-111
1747907139740.875,187919,1747907139722.156,-97,-33,-114
1747907139760.687,187919,1747907139741.906,-89,-33,-113
1747907139780.562,187926,1747907139761.75,-89,-33,-116
1747907139800.375,187927,1747907139781.594,-97,-33,-121
1747907139820.25,187935,1747907139801.469,-89,-33,-117
1747907139840.062,187940,1747907139821.344,-95,-29,-121
1747907139859.937,187957,1747907139841.156,-88,-37,-124
1747907139879.781,187974,1747907139861.0,-87,-33,-119
1747907139899.625,188010,1747907139880.875,-85,-25,-120
1747907139919.4692,188031,1747907139900.687,-84,-27,-120
1747907139939.312,188067,1747907139920.563,-96,-28,-116
1747907139959.187,188107,1747907139940.406,-85,-25,-118
1747907139979.063,188152,1747907139960.25,-96,-33,-116
1747907139998.906,188202,1747907139980.125,-98,-33,-114
1747907140018.75,188244,1747907140000.0,-93,-30,-116
1747907140038.594,188303,1747907140019.813,-95,-33,-117
1747907140058.5,188349,1747907140039.688,-100,-29,-116
1747907140078.281,188393,1747907140059.594,-93,-26,-121
1747907140098.156,188459,1747907140079.406,-97,-26,-116
1747907140118.031,188498,1747907140099.219,-82,-29,-121
1747907140137.875,188540,1747907140119.094,-80,-33,-116
1747907140157.688,188553,1747907140138.906,-93,-33,-119
1747907140177.563,188494,1747907140158.812,-84,-29,-114
1747907140197.406,188426,1747907140178.625,-100,-25,-118
1747907140217.281,188372,1747907140198.469,-87,-33,-120
1747907140237.062,188306,1747907140218.344,-93,-25,-113
1747907140256.938,188255,1747907140238.187,-87,-33,-125
1747907140276.844,188226,1747907140258.031,-88,-29,-119
1747907140296.6868,188197,1747907140277.906,-98,-25,-120
1747907140316.5,188173,1747907140297.75,-90,-26,-114
1747907140336.375,188190,1747907140317.594,-89,-33,-114
1747907140356.219,188166,1747907140337.437,-88,-29,-116
1747907140376.062,188175,1747907140357.281,-77,-27,-116
1747907140395.937,188159,1747907140377.156,-84,-26,-118
1747907140415.781,188152,1747907140397.031,-95,-29,-116
1747907140435.656,188179,1747907140416.844,-82,-33,-116
1747907140455.5308,188192,1747907140436.719,-85,-29,-112
1747907140475.312,188196,1747907140456.594,-61,-33,-124
1747907140495.187,188190,1747907140476.406,-84,-29,-132
1747907140515.0,188188,1747907140496.25,-84,-33,-116
1747907140534.875,188205,1747907140516.062,-104,-33,-124
1747907140554.719,188208,1747907140535.969,-98,-28,-113
1747907140574.562,188235,1747907140555.813,-85,-29,-117
1747907140594.406,188289,1747907140575.625,-97,-29,-145
1747907140614.281,188332,1747907140595.5,-84,-33,-114
1747907140634.094,188377,1747907140615.344,-97,-33,-113
1747907140653.969,188414,1747907140635.219,-89,-33,-116
1747907140673.812,188475,1747907140655.031,-92,-28,-114
1747907140693.656,188505,1747907140674.906,-89,-29,-113
1747907140713.531,188543,1747907140694.75,-87,-33,-114
1747907140733.375,188628,1747907140714.594,-95,-27,-113
1747907140753.219,188686,1747907140734.438,-98,-33,-123
1747907140773.062,188709,1747907140754.281,-88,-29,-116
1747907140792.938,188782,1747907140774.125,-92,-29,-118
1747907140812.75,188835,1747907140794.0,-80,-29,-118
1747907140832.594,188875,1747907140813.844,-89,-33,-112
1747907140852.469,188879,1747907140833.688,-95,-25,-112
1747907140872.313,188870,1747907140853.5308,-96,-33,-121
1747907140892.156,188827,1747907140873.406,-87,-33,-110
1747907140912.0,188782,1747907140893.219,-85,-33,-114
1747907140931.875,188745,1747907140913.063,-84,-34,-125
1747907140951.75,188717,1747907140932.938,-96,-26,-108
1747907140971.563,188668,1747907140952.812,-95,-29,-110
1747907140991.406,188656,1747907140972.656,-97,-33,-113
1747907141011.312,188655,1747907140992.5,-93,-29,-116
1747907141031.125,188623,1747907141012.375,-84,-29,-113
1747907141050.969,188656,1747907141032.219,-82,-25,-118
1747907141070.844,188673,1747907141052.062,-93,-33,-110
1747907141090.688,188688,1747907141071.937,-97,-33,-113
1747907141110.562,188709,1747907141091.781,-94,-17,-116
1747907141130.375,188718,1747907141111.625,-95,-25,-113
1747907141150.25,188723,1747907141131.469,-81,-37,-118
1747907141170.094,188732,1747907141151.312,-90,-28,-113
1747907141189.937,188743,1747907141171.125,-93,-33,-113
1747907141209.75,188754,1747907141191.031,-96,-24,-116
1747907141229.625,188764,1747907141210.844,-97,-33,-112
1747907141249.438,188781,1747907141230.687,-97,-29,-114
1747907141269.313,188799,1747907141250.531,-95,-25,-127
1747907141289.125,188855,1747907141270.375,-90,-26,-113
1747907141309.0,188883,1747907141290.25,-86,-31,-112
1747907141328.875,188930,1747907141310.063,-97,-25,-110
1747907141348.719,188979,1747907141329.937,-90,-33,-110
1747907141368.562,188981,1747907141349.812,-97,-29,-104
1747907141388.406,189044,1747907141369.656,-74,-33,-109
1747907141408.281,189076,1747907141389.438,-92,-26,-115
1747907141428.125,189122,1747907141409.344,-88,-26,-113
1747907141447.969,189187,1747907141429.187,-97,-29,-113
1747907141467.844,189233,1747907141449.063,-100,-27,-116
1747907141487.687,189270,1747907141468.906,-63,-26,-114
1747907141507.5632,189310,1747907141488.75,-88,-29,-119
1747907141527.531,189338,1747907141508.625,-92,-29,-116
1747907141547.25,189324,1747907141528.469,-105,-16,-126
1747907141567.125,189286,1747907141548.344,-89,-28,-116
1747907141586.969,189209,1747907141568.156,-99,-33,-113
1747907141606.813,189176,1747907141588.062,-89,-32,-121
1747907141626.688,189115,1747907141607.937,-91,-33,-114
1747907141646.531,189093,1747907141627.75,-87,-33,-113
1747907141666.437,189069,1747907141647.625,-95,-29,-128
1747907141686.281,189056,1747907141667.5,-96,-33,-122
1747907141706.125,189058,1747907141687.375,-87,-33,-118
1747907141726.0,189088,1747907141707.219,-88,-26,-116
1747907141745.875,189103,1747907141727.063,-84,-29,-109
1747907141765.688,189117,1747907141746.938,-95,-23,-110
1747907141785.563,189136,1747907141766.812,-93,-26,-118
1747907141805.437,189147,1747907141786.625,-82,-29,-114
1747907141825.281,189190,1747907141806.563,-96,-25,-116
1747907141845.188,189194,1747907141826.375,-93,-29,-127
1747907141865.0,189232,1747907141846.281,-98,-25,-113
1747907141884.844,189258,1747907141866.062,-81,-32,-122
1747907141904.719,189279,1747907141885.906,-97,-26,-117
1747907141924.531,189294,1747907141905.781,-97,-29,-120
1747907141944.375,189328,1747907141925.656,-97,-8,-117
1747907141964.25,189332,1747907141945.469,-85,-25,-113
1747907141984.125,189361,1747907141965.344,-97,-33,-113
1747907142003.969,189409,1747907141985.156,-84,-25,-121
1747907142023.844,189455,1747907142005.063,-89,-27,-117
1747907142043.688,189500,1747907142024.906,-96,-25,-116
1747907142063.562,189554,1747907142044.75,-88,-35,-110
1747907142083.375,189630,1747907142064.656,-88,-26,-115
1747907142103.25,189668,1747907142084.469,-90,-29,-125
1747907142123.094,189718,1747907142104.312,-93,-25,-114
1747907142142.969,189774,1747907142124.156,-92,-25,-116
1747907142162.812,189825,1747907142144.031,-95,-33,-114
1747907142182.687,189865,1747907142163.906,-88,-33,-120
1747907142202.563,189872,1747907142183.75,-97,-29,-117
1747907142222.406,189834,1747907142203.625,-93,-29,-114
1747907142242.25,189797,1747907142223.469,-90,-27,-121
1747907142262.094,189759,1747907142243.344,-89,-25,-113
1747907142281.969,189711,1747907142263.188,-96,-32,-116
1747907142301.844,189697,1747907142283.062,-88,-33,-117
1747907142321.687,189654,1747907142302.906,-76,-33,-114
1747907142341.562,189653,1747907142322.75,-96,-28,-112
1747907142361.406,189638,1747907142342.625,-89,-33,-119
1747907142381.281,189650,1747907142362.5,-89,-27,-110
1747907142401.125,189673,1747907142382.375,-90,-29,-118
1747907142420.969,189686,1747907142402.219,-84,-29,-112
1747907142440.812,189708,1747907142422.031,-89,-33,-115
1747907142460.719,189719,1747907142441.906,-84,-29,-121
1747907142480.563,189743,1747907142461.781,-97,-29,-114
1747907142500.406,189744,1747907142481.688,-97,-27,-117
1747907142520.312,189773,1747907142501.5,-87,-25,-116
1747907142540.156,189796,1747907142521.375,-90,-29,-113
1747907142560.0,189825,1747907142541.219,-56,-37,-114
1747907142579.875,189856,1747907142561.094,-88,-33,-117
1747907142599.719,189881,1747907142580.969,-84,-26,-116
1747907142619.594,189919,1747907142600.813,-97,-13,-121
1747907142639.438,189924,1747907142620.687,-87,-33,-116
1747907142659.312,189962,1747907142640.531,-84,-32,-125
1747907142679.187,189997,1747907142660.375,-87,-33,-108
1747907142699.063,190044,1747907142680.25,-95,-33,-121
1747907142718.875,190097,1747907142700.125,-88,-33,-117
1747907142738.75,190162,1747907142719.969,-97,-26,-121
1747907142758.625,190223,1747907142739.813,-95,-25,-113
1747907142778.531,190304,1747907142759.688,-88,-29,-121
1747907142798.313,190349,1747907142779.594,-88,-27,-117
1747907142818.188,190401,1747907142799.406,-84,-29,-121
1747907142838.062,190422,1747907142819.25,-96,-33,-113
1747907142857.937,190447,1747907142839.125,-100,-33,-117
1747907142877.75,190429,1747907142859.0,-88,-33,-110
1747907142897.625,190394,1747907142878.844,-93,-33,-114
1747907142917.5,190336,1747907142898.6868,-95,-26,-116
1747907142937.375,190279,1747907142918.563,-93,-33,-119
1747907142957.187,190242,1747907142938.438,-80,-27,-117
1747907142977.063,190207,1747907142958.281,-85,-33,-114
1747907142996.969,190186,1747907142978.156,-93,-26,-120
1747907143016.781,190198,1747907142998.0,-85,-16,-113
1747907143036.625,190184,1747907143017.844,-96,-29,-121
1747907143056.469,190200,1747907143037.719,-89,-8,-125
1747907143076.344,190200,1747907143057.531,-89,-25,-109
1747907143096.219,190196,1747907143077.406,-84,-29,-106
1747907143116.031,190199,1747907143097.281,-91,-16,-116
1747907143135.906,190203,1747907143117.125,-85,-29,-116
1747907143155.781,190212,1747907143136.969,-95,-26,-118
1747907143175.625,190229,1747907143156.844,-96,-27,-100
1747907143195.5,190230,1747907143176.719,-86,-33,-114
1747907143215.438,190239,1747907143196.594,-97,-25,-117
1747907143235.25,190249,1747907143216.531,-103,-25,-104
1747907143255.094,190279,1747907143236.281,-93,-31,-115
1747907143274.937,190294,1747907143256.156,-97,-29,-113
1747907143294.781,190325,1747907143276.031,-97,-33,-118
1747907143314.656,190340,1747907143295.875,-93,-29,-114
1747907143334.531,190392,1747907143315.75,-85,-29,-116
1747907143354.375,190405,1747907143335.625,-88,-33,-125
1747907143374.219,190448,1747907143355.469,-88,-25,-113
1747907143394.063,190496,1747907143375.281,-85,-29,-121
1747907143413.938,190521,1747907143395.156,-93,-28,-137
1747907143433.75,190572,1747907143415.0,-98,-25,-111
1747907143453.594,190608,1747907143434.875,-97,-33,-116
1747907143473.5,190650,1747907143454.688,-84,-29,-114
1747907143493.344,190671,1747907143474.562,-84,-25,-111
1747907143513.188,190678,1747907143494.406,-93,-29,-113
1747907143533.062,190657,1747907143514.281,-73,-29,-116
1747907143552.906,190608,1747907143534.125,-97,-29,-120
1747907143572.781,190546,1747907143554.0,-88,-31,-114
1747907143592.594,190499,1747907143573.844,-90,-17,-121
1747907143612.437,190445,1747907143593.719,-87,-33,-124
1747907143632.281,190404,1747907143613.531,-93,-33,-114
1747907143652.156,190380,1747907143633.344,-84,-32,-128
1747907143671.969,190354,1747907143653.25,-100,-33,-121
1747907143691.844,190334,1747907143673.094,-105,-33,-120
1747907143711.719,190329,1747907143692.906,-84,-25,-121
1747907143731.562,190318,1747907143712.781,-98,-25,-118
1747907143751.406,190311,1747907143732.656,-97,-32,-130
1747907143771.313,190316,1747907143752.5,-97,-29,-117
1747907143791.156,190313,1747907143772.375,-85,-26,-121
1747907143811.031,190305,1747907143792.219,-95,-26,-120
1747907143830.875,190319,1747907143812.125,-89,-26,-114
1747907143850.719,190322,1747907143831.937,-94,-25,-119
1747907143870.594,190318,1747907143851.8118,-90,-33,-109
1747907143890.469,190326,1747907143871.688,-87,-27,-113
1747907143910.312,190344,1747907143891.563,-92,-25,-114
1747907143930.188,190341,1747907143911.406,-93,-26,-117
1747907143950.031,190356,1747907143931.25,-85,-29,-117
1747907143969.906,190370,1747907143951.188,-79,-25,-117
1747907143989.75,190391,1747907143971.0,-88,-28,-127
1747907144009.594,190452,1747907143990.844,-81,-34,-121
1747907144029.469,190464,1747907144010.687,-77,-29,-110
1747907144049.437,190478,1747907144030.531,-88,-29,-113
1747907144069.156,190553,1747907144050.5,-92,-25,-115
1747907144089.031,190625,1747907144070.25,-95,-33,-116
1747907144108.875,190647,1747907144090.094,-84,-29,-117
1747907144128.719,190710,1747907144109.969,-89,-26,-118
1747907144148.562,190751,1747907144129.781,-82,-29,-113
1747907144168.437,190799,1747907144149.688,-97,-33,-113
1747907144188.281,190786,1747907144169.5,-90,-29,-113
1747907144208.125,190762,1747907144189.344,-96,-25,-114
1747907144227.969,190704,1747907144209.187,-85,-27,-110
1747907144247.781,190668,1747907144229.063,-97,-25,-116
1747907144267.656,190603,1747907144248.875,-88,-25,-114
1747907144287.5,190558,1747907144268.75,-100,-23,-114
1747907144307.344,190514,1747907144288.656,-84,-27,-121
1747907144327.219,190511,1747907144308.469,-96,-25,-119
1747907144347.062,190501,1747907144328.25,-86,-29,-127
1747907144366.9382,190506,1747907144348.125,-73,-33,-113
1747907144386.75,190546,1747907144367.969,-93,-29,-119
1747907144406.625,190589,1747907144387.812,-93,-25,-116
1747907144426.469,190625,1747907144407.719,-85,-15,-125
1747907144446.344,190688,1747907144427.531,-88,-29,-116
1747907144466.156,190734,1747907144447.406,-97,-25,-113
1747907144486.031,190775,1747907144467.281,-84,-29,-113
1747907144505.906,190802,1747907144487.094,-88,-33,-114
1747907144525.719,190831,1747907144507.0,-93,-33,-114
1747907144545.563,190877,1747907144526.813,-88,-29,-113
1747907144565.438,190925,1747907144546.6868,-90,-29,-117
1747907144585.281,190989,1747907144566.5,-89,-29,-120
1747907144605.156,191083,1747907144586.375,-95,-29,-114
1747907144625.0,191189,1747907144606.25,-85,-25,-114
1747907144644.844,191331,1747907144626.094,-90,-29,-113
1747907144664.719,191491,1747907144645.906,-95,-25,-113
1747907144684.562,191631,1747907144665.781,-88,-33,-114
1747907144704.406,191797,1747907144685.625,-72,-25,-121
1747907144724.25,191895,1747907144705.469,-95,-29,-114
1747907144744.094,192039,1747907144725.344,-100,-25,-116
1747907144763.969,192148,1747907144745.156,-85,-22,-113
1747907144783.812,192282,1747907144765.063,-89,-25,-116
1747907144803.656,192383,1747907144784.906,-91,-21,-121
1747907144823.5,192497,1747907144804.719,-93,-28,-104
1747907144843.375,192596,1747907144824.594,-84,-25,-113
1747907144863.219,192688,1747907144844.438,-89,-17,-121
1747907144883.031,192716,1747907144864.281,-89,-36,-113
1747907144902.906,192737,1747907144884.094,-95,-29,-121
1747907144922.75,192758,1747907144903.969,-80,-25,-114
1747907144942.625,192813,1747907144923.781,-95,-29,-129
1747907144962.469,192898,1747907144943.688,-92,-25,-122
1747907144982.312,192937,1747907144963.531,-108,-25,-116
1747907145002.188,193018,1747907144983.375,-96,-33,-114
1747907145022.063,193060,1747907145003.25,-94,-29,-121
1747907145041.844,193085,1747907145023.094,-81,-25,-127
1747907145061.719,193126,1747907145042.938,-84,-25,-119
1747907145081.625,193176,1747907145062.813,-98,-33,-113
1747907145101.438,193233,1747907145082.656,-82,-16,-115
1747907145121.25,193292,1747907145102.5,-91,-33,-117
1747907145141.125,193376,1747907145122.375,-82,-25,-116
1747907145160.969,193447,1747907145142.188,-95,-29,-106
1747907145180.844,193507,1747907145162.062,-85,-29,-122
1747907145200.656,193574,1747907145181.906,-95,-29,-118
1747907145220.5,193617,1747907145201.844,-84,-33,-118
1747907145240.375,193679,1747907145221.594,-95,-29,-116
1747907145260.25,193735,1747907145241.438,-83,-29,-117
1747907145280.063,193764,1747907145261.312,-93,-25,-117
1747907145299.937,193807,1747907145281.156,-98,-25,-116
1747907145319.75,193850,1747907145301.0,-93,-33,-114
1747907145339.625,193913,1747907145320.844,-88,-33,-121
1747907145359.438,193990,1747907145340.688,-100,-33,-113
1747907145379.313,194066,1747907145360.531,-80,-33,-112
1747907145399.187,194132,1747907145380.375,-96,-25,-116
1747907145419.062,194194,1747907145400.219,-97,-29,-118
1747907145438.844,194263,1747907145420.063,-93,-20,-128
1747907145458.688,194328,1747907145439.937,-89,-29,-113
1747907145478.563,194396,1747907145459.781,-88,-25,-121
1747907145498.437,194459,1747907145479.625,-84,-25,-110
1747907145518.25,194498,1747907145499.5,-97,-26,-116
1747907145538.094,194507,1747907145519.375,-84,-28,-120
1747907145557.969,194504,1747907145539.3118,-95,-26,-113
1747907145577.844,194474,1747907145559.031,-84,-31,-127
1747907145597.687,194429,1747907145578.938,-87,-33,-120
1747907145617.531,194428,1747907145598.781,-97,-26,-120
1747907145637.5,194407,1747907145618.594,-93,-29,-116
1747907145657.25,194393,1747907145638.594,-93,-25,-111
1747907145677.062,194388,1747907145658.313,-81,-33,-122
1747907145696.937,194406,1747907145678.188,-89,-33,-116
1747907145716.781,194406,1747907145698.031,-113,-34,-116
1747907145736.656,194449,1747907145717.844,-84,-29,-121
1747907145756.5,194466,1747907145737.75,-84,-25,-113
1747907145776.344,194519,1747907145757.5632,-84,-24,-125
1747907145796.219,194568,1747907145777.438,-90,-29,-114
1747907145816.031,194606,1747907145797.281,-81,-34,-109
1747907145835.906,194647,1747907145817.125,-89,-33,-112
1747907145855.719,194659,1747907145837.0,-97,-29,-113
1747907145875.594,194682,1747907145856.781,-85,-25,-114
1747907145895.469,194690,1747907145876.75,-97,-21,-119
1747907145915.313,194711,1747907145896.5,-85,-33,-113
1747907145935.125,194748,1747907145916.375,-93,-33,-113
1747907145955.0,194796,1747907145936.188,-88,-36,-113
1747907145974.969,194865,1747907145956.063,-84,-33,-117
1747907145994.781,194918,1747907145976.031,-93,-34,-121
1747907146014.531,194990,1747907145995.781,-84,-33,-124
1747907146034.406,195042,1747907146015.625,-96,-25,-118
1747907146054.281,195086,1747907146035.5,-97,-34,-116
1747907146074.156,195158,1747907146055.375,-97,-33,-116
1747907146094.0,195210,1747907146075.25,-88,-29,-121
1747907146113.875,195240,1747907146095.031,-94,-37,-121
1747907146133.75,195315,1747907146114.938,-87,-33,-113
1747907146153.594,195380,1747907146134.844,-97,-25,-116
1747907146173.438,195425,1747907146154.656,-89,-28,-145
1747907146193.312,195454,1747907146174.5,-97,-33,-119
1747907146213.187,195441,1747907146194.375,-100,-33,-113
1747907146233.031,195437,1747907146214.25,-87,-25,-114
1747907146252.875,195395,1747907146234.125,-98,-25,-112
1747907146272.719,195381,1747907146253.937,-87,-33,-114
1747907146292.625,195368,1747907146273.781,-89,-29,-113
1747907146312.469,195373,1747907146293.719,-88,-29,-121
1747907146332.281,195379,1747907146313.531,-93,-24,-117
1747907146352.188,195424,1747907146333.375,-84,-18,-121
1747907146372.094,195439,1747907146353.25,-90,-26,-121
1747907146391.906,195468,1747907146373.125,-88,-25,-121
1747907146411.75,195511,1747907146393.0,-93,-26,-118
1747907146431.688,195547,1747907146412.812,-97,-29,-105
1747907146451.469,195569,1747907146432.656,-89,-16,-132
1747907146471.344,195584,1747907146452.531,-83,-33,-114
1747907146491.188,195624,1747907146472.438,-98,-25,-114
1747907146511.063,195670,1747907146492.281,-89,-33,-113
1747907146530.937,195697,1747907146512.156,-96,-25,-114
1747907146550.781,195704,1747907146532.031,-82,-25,-116
1747907146570.688,195741,1747907146551.906,-97,-29,-121
1747907146590.625,195780,1747907146571.75,-89,-29,-113
1747907146610.406,195840,1747907146591.625,-96,-28,-111
1747907146630.25,195890,1747907146611.469,-89,-33,-113
1747907146650.125,195938,1747907146631.344,-98,-29,-114
1747907146670.0,195980,1747907146651.156,-93,-29,-113
1747907146689.875,196023,1747907146671.062,-82,-33,-112
1747907146709.812,196065,1747907146690.938,-87,-25,-114
1747907146729.625,196099,1747907146710.938,-93,-33,-117
1747907146749.469,196155,1747907146730.656,-82,-33,-113
1747907146769.313,196194,1747907146750.531,-96,-33,-114
1747907146789.156,196256,1747907146770.406,-81,-33,-122
1747907146809.0,196274,1747907146790.25,-93,-29,-116
1747907146828.875,196276,1747907146810.0942,-93,-33,-117
1747907146848.75,196267,1747907146829.937,-90,-41,-121
1747907146868.594,196207,1747907146849.844,-97,-25,-114
1747907146888.469,196177,1747907146869.688,-96,-25,-114
1747907146908.344,196129,1747907146889.531,-93,-26,-121
1747907146928.219,196073,1747907146909.437,-98,-26,-115
1747907146948.062,196048,1747907146929.281,-85,-29,-117
1747907146967.906,196041,1747907146949.156,-93,-30,-124
1747907146987.781,196049,1747907146969.0,-84,-33,-116
1747907147007.656,196050,1747907146988.844,-93,-17,-128
1747907147027.5,196058,1747907147008.75,-82,-33,-110
1747907147047.375,196077,1747907147028.563,-90,-33,-119
1747907147067.219,196111,1747907147048.438,-84,-23,-121
1747907147087.219,196099,1747907147068.281,-84,-33,-114
1747907147106.938,196115,1747907147088.312,-93,-33,-121
1747907147126.812,196129,1747907147108.063,-80,-26,-119
1747907147146.687,196137,1747907147127.906,-100,-29,-124
1747907147166.563,196149,1747907147147.719,-82,-29,-114
1747907147186.375,196160,1747907147167.625,-65,-21,-121
1747907147206.281,196179,1747907147187.5,-93,-29,-111
1747907147226.125,196191,1747907147207.344,-95,-33,-113
1747907147246.0,196222,1747907147227.188,-89,-33,-134
1747907147265.844,196260,1747907147247.062,-88,-25,-114
1747907147285.719,196288,1747907147266.937,-87,-23,-112
1747907147305.594,196302,1747907147286.781,-89,-33,-109
1747907147325.469,196342,1747907147306.688,-85,-33,-110
1747907147345.313,196382,1747907147326.531,-100,-33,-113
1747907147365.187,196433,1747907147346.375,-93,-33,-113
1747907147385.094,196457,1747907147366.281,-87,-29,-121
1747907147404.938,196518,1747907147386.156,-93,-33,-118
1747907147424.781,196510,1747907147406.0,-84,-33,-117
1747907147444.719,196512,1747907147425.875,-85,-29,-115
1747907147464.531,196462,1747907147445.75,-94,-25,-113
1747907147484.375,196425,1747907147465.594,-85,-26,-113
1747907147504.25,196366,1747907147485.5,-97,-25,-115
1747907147524.125,196308,1747907147505.281,-80,-31,-121
1747907147544.0,196236,1747907147525.188,-100,-33,-114
1747907147563.969,196221,1747907147545.063,-88,-29,-117
1747907147583.719,196165,1747907147564.937,-89,-8,-125
1747907147603.563,196147,1747907147584.781,-87,-29,-115
1747907147623.469,196142,1747907147604.656,-93,-33,-119
1747907147643.281,196141,1747907147624.531,-83,-33,-106
1747907147663.156,196161,1747907147644.375,-90,-28,-114
1747907147683.031,196144,1747907147664.219,-88,-26,-118
1747907147702.906,196169,1747907147684.094,-98,-33,-125
1747907147722.75,196168,1747907147703.969,-88,-29,-113
1747907147742.656,196187,1747907147723.844,-90,-28,-113
1747907147762.469,196174,1747907147743.719,-98,-30,-113
1747907147782.375,196176,1747907147763.531,-81,-25,-114
1747907147802.156,196169,1747907147783.5,-85,-32,-125
1747907147822.063,196161,1747907147803.281,-92,-29,-113
1747907147841.906,196170,1747907147823.125,-98,-26,-121
1747907147861.7808,196180,1747907147843.031,-89,-29,-111
1747907147881.625,196189,1747907147862.875,-97,-29,-129
1747907147901.469,196211,1747907147882.75,-88,-25,-114
1747907147921.344,196206,1747907147902.562,-88,-29,-121
1747907147941.219,196225,1747907147922.406,-83,-29,-111
1747907147961.094,196227,1747907147942.313,-93,-16,-124
1747907147980.906,196248,1747907147962.156,-86,-20,-122
1747907148000.781,196278,1747907147981.9692,-96,-29,-114
1747907148020.625,196285,1747907148001.812,-85,-31,-127
1747907148040.469,196305,1747907148021.687,-84,-25,-108
1747907148060.344,196306,1747907148041.531,-92,-29,-119
1747907148080.188,196264,1747907148061.406,-98,-25,-110
1747907148100.063,196223,1747907148081.281,-85,-33,-121
1747907148119.906,196152,1747907148101.156,-96,-26,-114
1747907148139.75,196088,1747907148121.0,-89,-33,-116
1747907148159.625,196041,1747907148140.8132,-87,-29,-110
1747907148179.469,195993,1747907148160.687,-97,-27,-121
1747907148199.375,195943,1747907148180.562,-81,-41,-112
1747907148219.156,195908,1747907148200.406,-93,-33,-120
1747907148239.031,195880,1747907148220.219,-87,-33,-113
1747907148258.906,195878,1747907148240.094,-105,-33,-113
1747907148278.719,195864,1747907148259.969,-82,-26,-120
1747907148298.594,195872,1747907148279.812,-85,-33,-113
1747907148318.437,195875,1747907148299.656,-86,-41,-120
1747907148338.344,195888,1747907148319.5,-97,-33,-114
1747907148358.156,195901,1747907148339.406,-95,-26,-116
1747907148378.031,195908,1747907148359.281,-85,-33,-125
1747907148397.906,195910,1747907148379.094,-97,-29,-113
1747907148417.75,195915,1747907148398.969,-89,-33,-122
1747907148437.625,195918,1747907148418.813,-95,-33,-117
1747907148457.5,195906,1747907148438.719,-90,-29,-121
1747907148477.344,195914,1747907148458.563,-89,-33,-116
1747907148497.25,195898,1747907148478.406,-82,-29,-113
1747907148517.063,195927,1747907148498.344,-82,-25,-121
1747907148536.938,195956,1747907148518.187,-87,-29,-121
1747907148556.812,196001,1747907148538.0,-85,-29,-113
1747907148576.719,196021,1747907148557.875,-87,-26,-110
1747907148596.531,196069,1747907148577.781,-80,-33,-116
1747907148616.375,196095,1747907148597.656,-95,-25,-114
1747907148636.281,196145,1747907148617.4368,-81,-35,-125
1747907148656.125,196168,1747907148637.313,-89,-13,-121
1747907148675.969,196195,1747907148657.188,-93,-33,-114
1747907148695.813,196217,1747907148677.031,-84,-29,-113
1747907148715.688,196222,1747907148696.906,-84,-33,-101
1747907148735.562,196187,1747907148716.781,-95,-33,-118
1747907148755.375,196130,1747907148736.594,-82,-25,-125
1747907148775.281,196058,1747907148756.5,-100,-33,-121
1747907148795.125,196011,1747907148776.344,-84,-33,-116
1747907148815.0,195949,1747907148796.219,-89,-29,-117
1747907148834.844,195921,1747907148816.094,-88,-33,-113
1747907148854.719,195883,1747907148835.938,-89,-33,-117
1747907148874.594,195862,1747907148855.812,-100,-29,-114
1747907148894.469,195836,1747907148875.656,-89,-33,-112
1747907148914.406,195834,1747907148895.563,-96,-25,-121
1747907148934.125,195830,1747907148915.5,-85,-33,-121
1747907148954.031,195847,1747907148935.219,-90,-25,-122
1747907148973.875,195842,1747907148955.125,-100,-28,-116
1747907148993.719,195845,1747907148974.969,-96,-25,-115
1747907149013.625,195828,1747907148994.781,-87,-25,-117
1747907149033.469,195833,1747907149014.656,-72,-31,-129
1747907149053.344,195822,1747907149034.562,-88,-37,-116
1747907149073.219,195837,1747907149054.4382,-98,-25,-116
1747907149093.062,195842,1747907149074.281,-84,-32,-121
1747907149112.906,195845,1747907149094.125,-90,-25,-113
1747907149132.781,195856,1747907149114.0,-88,-25,-121
1747907149152.625,195881,1747907149133.875,-98,-25,-104
1747907149172.5,195893,1747907149153.688,-84,-29,-116
1747907149192.375,195890,1747907149173.563,-84,-33,-114
1747907149212.219,195966,1747907149193.437,-97,-29,-118
1747907149232.094,195977,1747907149213.312,-81,-31,-125
1747907149251.937,196030,1747907149233.156,-93,-29,-121
1747907149271.813,196074,1747907149253.031,-87,-25,-117
1747907149291.656,196114,1747907149272.875,-100,-26,-118
1747907149311.562,196157,1747907149292.75,-86,-29,-120
1747907149331.375,196201,1747907149312.625,-88,-29,-116
1747907149351.25,196247,1747907149332.438,-87,-29,-121
1747907149371.156,196285,1747907149352.312,-82,-25,-121
1747907149390.969,196289,1747907149372.187,-97,-13,-120
1747907149410.812,196257,1747907149392.031,-86,-33,-114
1747907149430.656,196210,1747907149411.906,-96,-29,-121
1747907149450.5,196158,1747907149431.719,-85,-33,-113
1747907149470.375,196092,1747907149451.656,-95,-29,-114
1747907149490.25,196047,1747907149471.469,-83,-29,-127
1747907149510.125,196043,1747907149491.313,-102,-33,-117
1747907149529.969,196020,1747907149511.219,-93,-29,-113
1747907149549.844,196009,1747907149531.094,-86,-29,-126
1747907149569.719,196015,1747907149550.906,-86,-33,-116
1747907149589.594,196029,1747907149570.813,-88,-33,-114
1747907149609.406,196026,1747907149590.656,-93,-33,-121
1747907149629.281,196052,1747907149610.5,-93,-25,-116
1747907149649.156,196040,1747907149630.375,-97,-29,-121
1747907149669.031,196056,1747907149650.25,-93,-25,-118
1747907149688.875,196057,1747907149670.125,-98,-28,-125
1747907149708.719,196065,1747907149689.969,-90,-29,-114
1747907149728.594,196067,1747907149709.781,-72,-33,-113
1747907149748.469,196087,1747907149729.688,-82,-29,-114
1747907149768.312,196094,1747907149749.5,-84,-26,-117
1747907149788.188,196093,1747907149769.406,-83,-32,-128
1747907149808.031,196118,1747907149789.25,-98,-25,-114
1747907149827.906,196125,1747907149809.125,-84,-29,-121
1747907149847.75,196145,1747907149829.0,-82,-25,-123
1747907149867.625,196174,1747907149848.875,-84,-33,-117
1747907149887.469,196228,1747907149868.687,-85,-28,-119
1747907149907.375,196257,1747907149888.562,-90,-29,-114
1747907149927.219,196299,1747907149908.438,-87,-33,-118
1747907149947.063,196330,1747907149928.313,-84,-25,-114
1747907149966.938,196371,1747907149948.125,-82,-25,-114
1747907149986.812,196421,1747907149968.031,-81,-27,-117
1747907150006.656,196458,1747907149987.875,-80,-41,-113
1747907150026.531,196499,1747907150007.75,-89,-17,-116
1747907150046.438,196496,1747907150027.625,-97,-33,-120
1747907150066.25,196452,1747907150047.5,-104,-33,-113
1747907150086.219,196406,1747907150067.344,-97,-33,-121
1747907150106.0,196311,1747907150087.312,-93,-25,-133
1747907150125.875,196257,1747907150107.062,-87,-17,-120
1747907150145.75,196230,1747907150126.969,-96,-26,-113
1747907150165.594,196236,1747907150146.813,-89,-29,-113
1747907150185.437,196233,1747907150166.656,-84,-20,-114
1747907150205.344,196197,1747907150186.531,-93,-29,-114
1747907150225.188,196188,1747907150206.406,-85,-27,-114
1747907150245.031,196211,1747907150226.25,-95,-25,-113
1747907150264.906,196193,1747907150246.094,-84,-33,-113
1747907150284.75,196212,1747907150265.938,-84,-25,-121
1747907150304.625,196236,1747907150285.844,-100,-33,-110
1747907150324.469,196248,1747907150305.687,-82,-29,-121
1747907150344.312,196248,1747907150325.563,-92,-29,-121
1747907150364.219,196245,1747907150345.406,-93,-29,-114
1747907150384.187,196260,1747907150365.281,-95,-33,-113
1747907150403.969,196241,1747907150385.281,-103,-25,-113
1747907150423.781,196222,1747907150404.969,-97,-33,-122
1747907150443.688,196236,1747907150424.875,-96,-26,-120
1747907150463.531,196243,1747907150444.781,-97,-33,-114
1747907150483.375,196261,1747907150464.562,-89,-33,-118
1747907150503.219,196299,1747907150484.469,-76,-29,-121
1747907150523.094,196309,1747907150504.313,-98,-33,-121
1747907150542.969,196351,1747907150524.156,-87,-25,-114
1747907150562.813,196368,1747907150544.062,-95,-29,-113
1747907150582.687,196398,1747907150563.875,-84,-30,-121
1747907150602.562,196417,1747907150583.781,-84,-26,-116
1747907150622.438,196430,1747907150603.625,-97,-21,-113
1747907150642.281,196467,1747907150623.531,-95,-29,-120
1747907150662.187,196491,1747907150643.375,-87,-26,-121
1747907150682.031,196490,1747907150663.25,-100,-29,-117
1747907150701.875,196470,1747907150683.125,-85,-25,-116
1747907150721.719,196400,1747907150703.0,-95,-25,-120
1747907150741.594,196318,1747907150722.812,-84,-23,-113
1747907150761.469,196242,1747907150742.656,-94,-25,-116
1747907150781.313,196167,1747907150762.531,-95,-25,-121
1747907150801.156,196082,1747907150782.406,-82,-17,-128
1747907150821.125,196036,1747907150802.25,-93,-25,-121
1747907150840.906,196002,1747907150822.188,-100,-25,-114
1747907150860.75,195981,1747907150842.0,-89,-22,-117
1747907150880.719,195947,1747907150861.844,-89,-29,-116
1747907150900.469,195924,1747907150881.781,-92,-29,-111
1747907150920.344,195913,1747907150901.563,-97,-33,-116
1747907150940.187,195915,1747907150921.438,-88,-29,-114
1747907150960.063,195888,1747907150941.25,-93,-33,-121
1747907150979.938,195881,1747907150961.125,-84,-25,-116
1747907150999.781,195852,1747907150981.0,-96,-28,-111
1747907151019.625,195828,1747907151000.875,-90,-25,-110
1747907151039.531,195813,1747907151020.719,-84,-28,-117
1747907151059.375,195777,1747907151040.594,-95,-25,-121
1747907151079.25,195780,1747907151060.469,-97,-25,-110
1747907151099.094,195756,1747907151080.281,-97,-31,-132
1747907151118.969,195752,1747907151100.219,-84,-26,-124
1747907151138.875,195728,1747907151120.031,-97,-29,-118
1747907151158.719,195735,1747907151139.906,-84,-26,-113
1747907151178.594,195734,1747907151159.813,-84,-25,-118
1747907151198.469,195745,1747907151179.656,-113,-16,-129
1747907151218.344,195730,1747907151199.531,-97,-29,-121
1747907151238.312,195732,1747907151219.406,-84,-33,-121
1747907151258.0618,195728,1747907151239.281,-100,-10,-115
1747907151277.969,195758,1747907151259.156,-91,-25,-121
1747907151297.813,195757,1747907151279.031,-104,-28,-113
1747907151317.687,195757,1747907151298.906,-81,-37,-104
1747907151337.531,195700,1747907151318.75,-93,-33,-114
1747907151357.375,195646,1747907151338.594,-93,-29,-114
1747907151377.25,195540,1747907151358.469,-84,-28,-117
1747907151397.125,195462,1747907151378.344,-90,-26,-121
1747907151417.0,195369,1747907151398.219,-88,-29,-119
1747907151436.875,195300,1747907151418.094,-97,-28,-119
1747907151456.75,195233,1747907151437.937,-100,-29,-113
1747907151476.594,195156,1747907151457.844,-85,-25,-114
1747907151496.469,195105,1747907151477.688,-89,-28,-110
1747907151516.344,195063,1747907151497.563,-95,-29,-116
1747907151536.188,195042,1747907151517.437,-82,-25,-121
1747907151556.031,194998,1747907151537.281,-97,-27,-125
1747907151575.906,194988,1747907151557.125,-95,-33,-109
1747907151595.75,194964,1747907151576.969,-96,-25,-112
1747907151615.656,194948,1747907151596.844,-88,-33,-121
1747907151635.5,194918,1747907151616.719,-89,-21,-124
1747907151655.344,194894,1747907151636.594,-89,-31,-120
1747907151675.219,194871,1747907151656.406,-84,-33,-117
1747907151695.094,194854,1747907151676.312,-97,-27,-116
1747907151714.906,194835,1747907151696.156,-87,-33,-121
1747907151734.781,194831,1747907151716.031,-84,-30,-122
1747907151754.656,194807,1747907151735.875,-88,-33,-114
1747907151774.531,194815,1747907151755.719,-96,-33,-118
1747907151794.375,194815,1747907151775.594,-82,-33,-114
1747907151814.25,194829,1747907151795.469,-89,-25,-114
1747907151834.125,194834,1747907151815.281,-84,-29,-131
1747907151854.0,194828,1747907151835.188,-89,-29,-118
1747907151873.813,194851,1747907151855.031,-93,-25,-114
1747907151893.687,194862,1747907151874.906,-84,-18,-121
1747907151913.531,194899,1747907151894.75,-85,-25,-114
1747907151933.406,194914,1747907151914.625,-81,-25,-121
1747907151953.25,194885,1747907151934.469,-89,-33,-115
1747907151973.094,194861,1747907151954.344,-87,-27,-113
1747907151992.969,194785,1747907151974.188,-97,-17,-120
1747907152012.844,194721,1747907151994.063,-92,-25,-116
1747907152032.688,194623,1747907152013.875,-84,-32,-127
1747907152052.563,194554,1747907152033.781,-95,-33,-104
1747907152072.406,194507,1747907152053.625,-93,-26,-113
1747907152092.281,194457,1747907152073.5,-97,-36,-116
1747907152112.125,194421,1747907152093.344,-88,-26,-117
1747907152131.969,194411,1747907152113.219,-89,-29,-121
1747907152151.875,194390,1747907152133.031,-87,-25,-113
1747907152171.719,194406,1747907152152.969,-88,-25,-120
1747907152191.562,194389,1747907152172.813,-84,-25,-116
1747907152211.438,194383,1747907152192.656,-84,-26,-114
1747907152231.281,194390,1747907152212.5,-88,-33,-122
1747907152251.156,194351,1747907152232.375,-88,-29,-119
1747907152270.969,194347,1747907152252.219,-100,-33,-113
1747907152290.844,194345,1747907152272.063,-84,-29,-127
1747907152310.688,194322,1747907152291.906,-93,-26,-113
1747907152330.5308,194316,1747907152311.719,-74,-23,-113
1747907152350.375,194307,1747907152331.625,-89,-28,-116
1747907152370.187,194325,1747907152351.469,-96,-29,-110
1747907152390.063,194330,1747907152371.281,-85,-33,-113
1747907152409.906,194324,1747907152391.125,-95,-26,-114
1747907152429.719,194333,1747907152410.969,-87,-25,-121
1747907152449.594,194328,1747907152430.844,-89,-33,-119
1747907152469.438,194342,1747907152450.656,-85,-29,-121
1747907152489.344,194353,1747907152470.5,-95,-25,-126
1747907152509.125,194371,1747907152490.344,-86,-29,-121
1747907152528.969,194389,1747907152510.219,-85,-25,-114
1747907152548.844,194404,1747907152530.031,-89,-25,-114
1747907152568.688,194374,1747907152549.906,-88,-29,-113
1747907152588.531,194320,1747907152569.75,-90,-29,-114
1747907152608.344,194235,1747907152589.656,-80,-29,-121
1747907152628.219,194150,1747907152609.438,-93,-26,-134
1747907152648.094,194069,1747907152629.313,-87,-25,-119
1747907152667.938,193970,1747907152649.187,-72,-20,-116
1747907152687.781,193917,1747907152669.0,-85,-33,-113
1747907152707.594,193856,1747907152688.875,-85,-33,-112
1747907152727.469,193821,1747907152708.688,-82,-33,-120
1747907152747.313,193788,1747907152728.594,-87,-33,-110
1747907152767.125,193763,1747907152748.375,-96,-29,-114
1747907152786.969,193762,1747907152768.219,-85,-26,-121
1747907152806.844,193739,1747907152788.063,-93,-25,-110
1747907152826.719,193732,1747907152807.906,-87,-29,-114
1747907152846.531,193717,1747907152827.781,-94,-25,-114
1747907152866.375,193692,1747907152847.625,-84,-25,-117
1747907152886.25,193685,1747907152867.469,-97,-26,-114
1747907152906.094,193641,1747907152887.344,-84,-29,-121
1747907152925.937,193624,1747907152907.188,-100,-33,-116
1747907152945.781,193610,1747907152927.031,-88,-33,-117
1747907152965.625,193611,1747907152946.844,-95,-25,-117
1747907152985.531,193613,1747907152966.719,-81,-33,-121
1747907153005.312,193590,1747907152986.563,-93,-8,-125
1747907153025.156,193612,1747907153006.406,-93,-29,-121
1747907153045.0,193622,1747907153026.219,-93,-27,-117
1747907153064.875,193645,1747907153046.094,-98,-33,-100
1747907153084.719,193660,1747907153065.938,-91,-25,-113
1747907153104.562,193685,1747907153085.844,-95,-26,-116
1747907153124.438,193670,1747907153105.625,-89,-25,-125
1747907153144.281,193676,1747907153125.5,-84,-24,-114
1747907153164.094,193665,1747907153145.375,-93,-33,-109
1747907153183.969,193662,1747907153165.219,-92,-27,-111
1747907153203.844,193610,1747907153185.063,-93,-28,-121
1747907153223.688,193523,1747907153204.875,-84,-25,-122
1747907153243.531,193436,1747907153224.75,-96,-25,-113
1747907153263.375,193343,1747907153244.625,-85,-25,-114
1747907153283.219,193254,1747907153264.563,-79,-25,-117
1747907153303.094,193173,1747907153284.312,-93,-29,-116
1747907153322.938,193124,1747907153304.187,-87,-26,-118
1747907153342.781,193082,1747907153324.0,-83,-21,-122
1747907153362.656,193016,1747907153343.875,-91,-33,-119
1747907153382.531,192997,1747907153363.75,-81,-33,-116
1747907153402.375,192962,1747907153383.594,-95,-33,-112
1747907153422.25,192950,1747907153403.469,-93,-31,-124
1747907153442.094,192938,1747907153423.281,-81,-33,-127
1747907153461.969,192934,1747907153443.156,-86,-25,-121
1747907153481.813,192931,1747907153463.062,-93,-25,-119
1747907153501.656,192900,1747907153482.906,-87,-28,-114
1747907153521.531,192859,1747907153502.75,-95,-29,-114
1747907153541.406,192811,1747907153522.594,-85,-28,-121
1747907153561.219,192774,1747907153542.469,-93,-26,-121
1747907153581.094,192755,1747907153562.344,-89,-28,-110
1747907153600.969,192730,1747907153582.187,-92,-33,-115
1747907153620.812,192728,1747907153602.031,-92,-26,-120
1747907153640.688,192719,1747907153621.875,-96,-27,-124
1747907153660.563,192703,1747907153641.781,-87,-29,-115
1747907153680.437,192701,1747907153661.656,-109,-34,-116
1747907153700.281,192694,1747907153681.5,-87,-33,-122
1747907153720.125,192715,1747907153701.344,-84,-33,-121
1747907153740.0,192722,1747907153721.25,-94,-41,-127
1747907153759.875,192712,1747907153741.062,-82,-33,-114
1747907153779.75,192725,1747907153760.938,-81,-25,-118
1747907153799.562,192712,1747907153780.781,-87,-29,-127
1747907153819.406,192682,1747907153800.656,-97,-23,-113
1747907153839.281,192585,1747907153820.5,-84,-25,-113
1747907153859.125,192495,1747907153840.344,-96,-27,-113
1747907153878.969,192395,1747907153860.219,-85,-33,-113
1747907153898.813,192283,1747907153880.094,-84,-26,-121
1747907153918.656,192196,1747907153899.875,-85,-25,-114
1747907153938.562,192114,1747907153919.719,-89,-29,-127
1747907153958.375,192039,1747907153939.656,-91,-25,-114
1747907153978.25,191987,1747907153959.469,-87,-29,-110
1747907153998.094,191972,1747907153979.312,-93,-29,-114
1747907154017.969,191926,1747907153999.156,-89,-33,-114
1747907154037.781,191927,1747907154019.031,-90,-33,-117
1747907154057.656,191896,1747907154038.906,-86,-33,-117
1747907154077.5,191880,1747907154058.75,-105,-33,-116
1747907154097.375,191859,1747907154078.594,-86,-33,-110
1747907154117.219,191829,1747907154098.469,-94,-33,-114
1747907154137.062,191788,1747907154118.313,-81,-28,-129
1747907154156.938,191773,1747907154138.125,-95,-25,-114
1747907154176.813,191731,1747907154158.031,-96,-29,-128
1747907154196.656,191702,1747907154177.844,-87,-25,-122
1747907154216.531,191712,1747907154197.781,-98,-33,-116
1747907154236.375,191701,1747907154217.594,-84,-26,-126
1747907154256.25,191693,1747907154237.469,-81,-29,-129
1747907154276.094,191699,1747907154257.344,-86,-26,-122
1747907154295.937,191703,1747907154277.156,-93,-26,-118
1747907154315.812,191710,1747907154297.031,-82,-26,-116
1747907154335.75,191730,1747907154316.906,-91,-29,-116
1747907154355.469,191734,1747907154336.781,-81,-31,-121
1747907154375.344,191742,1747907154356.594,-97,-29,-119
1747907154395.281,191737,1747907154376.438,-93,-25,-120
1747907154415.062,191739,1747907154396.281,-89,-13,-119
1747907154434.906,191706,1747907154416.156,-89,-29,-121
1747907154454.75,191643,1747907154436.031,-85,-29,-121
1747907154474.625,191535,1747907154455.812,-93,-33,-98
1747907154494.469,191407,1747907154475.688,-97,-25,-119
1747907154514.313,191285,1747907154495.531,-87,-33,-116
1747907154534.156,191165,1747907154515.406,-87,-29,-125
1747907154554.0,191081,1747907154535.219,-97,-25,-119
1747907154573.844,190996,1747907154555.063,-94,-23,-113
1747907154593.719,190926,1747907154574.938,-90,-26,-116
1747907154613.563,190850,1747907154594.781,-85,-29,-116
1747907154633.406,190799,1747907154614.656,-93,-26,-114
1747907154653.25,190753,1747907154634.5,-84,-21,-121
1747907154673.156,190703,1747907154654.344,-89,-25,-119
1747907154692.938,190687,1747907154674.188,-80,-25,-120
1747907154712.813,190638,1747907154694.0,-87,-25,-121
1747907154732.719,190614,1747907154713.875,-80,-33,-121
1747907154752.5,190563,1747907154733.719,-89,-12,-129
1747907154772.312,190528,1747907154753.594,-82,-26,-120
1747907154792.156,190501,1747907154773.438,-92,-33,-121
1747907154812.031,190466,1747907154793.219,-84,-32,-129
1747907154831.875,190454,1747907154813.094,-90,-29,-117
1747907154851.687,190434,1747907154832.969,-82,-29,-114
1747907154871.531,190434,1747907154852.781,-89,-29,-120
1747907154891.406,190414,1747907154872.625,-84,-29,-122
1747907154911.25,190394,1747907154892.5,-88,-25,-122
1747907154931.062,190394,1747907154912.375,-84,-33,-114
1747907154950.906,190381,1747907154932.188,-89,-33,-116
1747907154970.781,190403,1747907154952.0,-92,-25,-119
1747907154990.625,190422,1747907154971.844,-83,-25,-120
1747907155010.438,190416,1747907154991.719,-93,-25,-118
1747907155030.281,190441,1747907155011.531,-77,-33,-120
1747907155050.125,190436,1747907155031.375,-93,-26,-117
1747907155070.0,190417,1747907155051.188,-88,-25,-114
1747907155089.844,190364,1747907155071.062,-96,-41,-121
1747907155109.656,190254,1747907155090.906,-80,-33,-116
1747907155129.5,190143,1747907155110.75,-80,-33,-114
1747907155149.344,190011,1747907155130.563,-85,-22,-145
1747907155169.25,189908,1747907155150.438,-86,-33,-121
1747907155189.0,189793,1747907155170.281,-97,-24,-117
1747907155208.875,189703,1747907155190.094,-84,-33,-121
1747907155228.719,189629,1747907155209.969,-93,-27,-116
1747907155248.562,189531,1747907155229.813,-93,-25,-121
1747907155268.375,189459,1747907155249.625,-97,-33,-114
1747907155288.313,189382,1747907155269.5,-89,-26,-121
1747907155308.125,189334,1747907155289.375,-88,-29,-116
1747907155327.9368,189284,1747907155309.125,-84,-33,-114
1747907155347.719,189233,1747907155329.0,-100,-29,-121
1747907155367.563,189187,1747907155348.844,-93,-33,-121
1747907155387.438,189127,1747907155368.625,-87,-25,-116
1747907155407.312,189075,1747907155388.5,-84,-25,-116
1747907155427.062,189043,1747907155408.344,-89,-16,-116
1747907155446.937,189018,1747907155428.188,-92,-25,-120
1747907155466.75,188980,1747907155448.0,-92,-29,-121
1747907155486.625,188944,1747907155467.844,-97,-27,-129
1747907155506.5,188909,1747907155487.687,-89,-29,-114
1747907155526.281,188880,1747907155507.5632,-97,-28,-113
1747907155546.125,188874,1747907155527.375,-85,-27,-113
1747907155565.969,188867,1747907155547.188,-84,-23,-118
1747907155585.813,188842,1747907155567.031,-87,-25,-118
1747907155605.656,188837,1747907155586.875,-89,-28,-118
1747907155625.469,188850,1747907155606.75,-82,-26,-122
1747907155645.312,188853,1747907155626.656,-77,-28,-122
1747907155665.156,188861,1747907155646.406,-92,-29,-116
1747907155685.031,188880,1747907155666.219,-80,-33,-118
1747907155704.844,188867,1747907155686.094,-101,-1,-120
1747907155724.719,188876,1747907155705.906,-86,-25,-118
1747907155744.562,188844,1747907155725.781,-97,-33,-121
1747907155764.375,188739,1747907155745.594,-82,-33,-95
1747907155784.219,188643,1747907155765.469,-84,-26,-116
1747907155804.062,188514,1747907155785.281,-92,-26,-113
1747907155823.937,188408,1747907155805.125,-93,-33,-127
1747907155843.75,188271,1747907155825.0,-88,-25,-109
1747907155863.563,188149,1747907155844.812,-92,-26,-113
1747907155883.406,188052,1747907155864.687,-80,-25,-117
1747907155903.25,187986,1747907155884.5,-93,-29,-116
1747907155923.062,187931,1747907155904.313,-89,-29,-117
1747907155942.906,187887,1747907155924.156,-88,-33,-118
1747907155962.719,187844,1747907155944.0,-95,-26,-116
1747907155982.563,187786,1747907155963.812,-107,-21,-118
1747907156002.437,187756,1747907155983.656,-85,-26,-120
1747907156022.219,187713,1747907156003.5,-85,-33,-121
1747907156042.062,187675,1747907156023.344,-88,-41,-116
1747907156061.906,187636,1747907156043.125,-84,-33,-117
1747907156081.75,187582,1747907156062.969,-80,-25,-112
1747907156101.594,187547,1747907156082.844,-89,-26,-120
1747907156121.437,187533,1747907156102.688,-92,-33,-116
1747907156141.25,187497,1747907156122.5,-82,-14,-124
1747907156161.094,187490,1747907156142.313,-84,-33,-117
1747907156180.938,187476,1747907156162.187,-92,-33,-113
1747907156200.7192,187458,1747907156182.0,-84,-25,-113
1747907156220.625,187450,1747907156201.813,-96,-29,-114
1747907156240.437,187454,1747907156221.688,-86,-29,-116
1747907156260.281,187445,1747907156241.531,-93,-29,-115
1747907156280.156,187443,1747907156261.344,-84,-25,-109
1747907156299.937,187480,1747907156281.25,-97,-26,-113
1747907156319.75,187488,1747907156301.0,-69,-31,-116
1747907156339.625,187519,1747907156320.813,-96,-29,-114
1747907156359.469,187546,1747907156340.719,-96,-29,-114
1747907156379.313,187567,1747907156360.531,-89,-33,-113
1747907156399.219,187566,1747907156380.438,-97,-29,-120
1747907156419.062,187596,1747907156400.281,-87,-33,-114
1747907156438.906,187584,1747907156420.125,-96,-26,-121
1747907156458.781,187541,1747907156440.0,-88,-29,-118
1747907156478.625,187479,1747907156459.844,-85,-25,-121
1747907156498.531,187372,1747907156479.719,-96,-25,-114
1747907156518.344,187261,1747907156499.594,-82,-28,-114
1747907156538.219,187156,1747907156519.437,-85,-29,-117
1747907156558.094,187088,1747907156539.25,-93,-25,-127
1747907156577.969,187000,1747907156559.156,-89,-29,-113
1747907156597.781,186964,1747907156579.031,-104,-29,-110
1747907156617.656,186918,1747907156598.875,-82,-31,-136
1747907156637.531,186878,1747907156618.719,-90,-29,-113
1747907156657.406,186879,1747907156638.594,-93,-36,-110
1747907156677.25,186849,1747907156658.469,-93,-33,-119
1747907156697.125,186835,1747907156678.344,-84,-27,-113
1747907156716.969,186811,1747907156698.219,-96,-36,-103
1747907156736.844,186777,1747907156718.031,-85,-33,-120
1747907156756.687,186778,1747907156737.906,-87,-25,-124
1747907156776.563,186757,1747907156757.781,-100,-26,-121
1747907156796.438,186735,1747907156777.625,-87,-29,-114
1747907156816.281,186698,1747907156797.5,-84,-33,-116
1747907156836.125,186705,1747907156817.344,-84,-29,-121
1747907156856.031,186703,1747907156837.219,-89,-25,-116
1747907156875.844,186711,1747907156857.094,-81,-26,-116
1747907156895.75,186721,1747907156876.937,-89,-28,-116
1747907156915.562,186720,1747907156896.813,-82,-33,-114
1747907156935.437,186741,1747907156916.656,-97,-25,-116
1747907156955.313,186761,1747907156936.5,-84,-18,-114
1747907156975.219,186782,1747907156956.406,-90,-26,-114
1747907156995.031,186814,1747907156976.438,-85,-25,-113
1747907157014.906,186841,1747907156996.094,-93,-25,-121
1747907157034.813,186879,1747907157015.969,-93,-27,-114
1747907157054.625,186913,1747907157035.812,-89,-8,-116
1747907157074.594,186947,1747907157055.719,-100,-27,-113
1747907157094.344,187006,1747907157075.688,-93,-28,-114
1747907157114.188,187018,1747907157095.406,-95,-33,-104
1747907157134.094,187053,1747907157115.312,-96,-24,-118
1747907157153.906,186988,1747907157135.156,-84,-26,-114
1747907157173.781,186908,1747907157154.969,-89,-33,-121
1747907157193.656,186804,1747907157174.844,-88,-26,-121
1747907157213.5,186685,1747907157194.719,-93,-25,-113
1747907157233.344,186570,1747907157214.594,-97,-25,-120
1747907157253.25,186478,1747907157234.438,-96,-25,-116
1747907157273.094,186414,1747907157254.281,-85,-31,-129
1747907157292.969,186344,1747907157274.156,-105,-29,-125
1747907157312.813,186304,1747907157294.062,-81,-29,-121
1747907157332.687,186270,1747907157313.906,-89,-29,-117
1747907157352.562,186219,1747907157333.75,-84,-28,-122
1747907157372.406,186225,1747907157353.656,-85,-25,-121
1747907157392.281,186203,1747907157373.5,-97,-20,-121
1747907157412.219,186204,1747907157393.344,-96,-26,-119
1747907157432.031,186194,1747907157413.219,-84,-16,-132
1747907157451.875,186175,1747907157433.094,-94,-33,-126
1747907157471.75,186164,1747907157452.969,-90,-33,-121
1747907157491.594,186148,1747907157472.812,-80,-33,-114
1747907157511.469,186110,1747907157492.656,-88,-29,-145
1747907157531.313,186078,1747907157512.563,-85,-25,-121
1747907157551.188,186064,1747907157532.406,-93,-26,-113
1747907157571.062,186051,1747907157552.25,-86,-25,-113
1747907157590.937,186047,1747907157572.156,-93,-25,-116
1747907157610.781,186038,1747907157592.0,-96,-25,-121
1747907157630.656,186065,1747907157611.906,-84,-33,-114
1747907157650.531,186073,1747907157631.719,-97,-29,-114
1747907157670.406,186078,1747907157651.594,-85,-29,-121
1747907157690.25,186104,1747907157671.469,-84,-29,-112
1747907157710.125,186130,1747907157691.344,-97,-28,-121
1747907157730.0,186151,1747907157711.219,-80,-26,-113
1747907157749.875,186190,1747907157731.094,-96,-33,-113
1747907157769.719,186220,1747907157750.938,-93,-29,-117
1747907157789.594,186264,1747907157770.812,-80,-25,-114
1747907157809.5,186305,1747907157790.656,-82,-25,-113
1747907157829.406,186333,1747907157810.563,-84,-25,-113
1747907157849.188,186339,1747907157830.438,-95,-16,-121
1747907157869.063,186291,1747907157850.281,-87,-29,-124
1747907157888.937,186220,1747907157870.156,-92,-29,-112
1747907157908.812,186135,1747907157890.031,-96,-29,-112
1747907157928.656,186039,1747907157909.875,-86,-29,-114
1747907157948.531,185938,1747907157929.781,-94,-25,-113
1747907157968.406,185867,1747907157949.594,-95,-29,-112
1747907157988.281,185762,1747907157969.438,-90,-33,-113
1747907158008.094,185721,1747907157989.313,-93,-33,-113
1747907158028.0,185683,1747907158009.187,-77,-29,-121
1747907158047.844,185647,1747907158029.062,-84,-25,-116
1747907158067.687,185624,1747907158048.938,-93,-28,-116
1747907158087.562,185612,1747907158068.813,-88,-13,-121
1747907158107.438,185573,1747907158088.625,-82,-29,-118
1747907158127.313,185567,1747907158108.5,-81,-26,-119
1747907158147.156,185547,1747907158128.406,-85,-25,-121
1747907158167.031,185510,1747907158148.25,-88,-31,-130
1747907158186.906,185496,1747907158168.094,-99,-17,-116
1747907158206.781,185494,1747907158187.969,-89,-22,-122
1747907158226.625,185491,1747907158207.844,-82,-25,-128
1747907158246.531,185492,1747907158227.75,-96,-33,-105
1747907158266.406,185496,1747907158247.625,-97,-25,-121
1747907158286.281,185499,1747907158267.469,-97,-25,-119
1747907158306.125,185507,1747907158287.344,-95,-29,-113
1747907158326.0,185512,1747907158307.219,-84,-28,-106
1747907158345.844,185547,1747907158327.063,-94,-29,-114
1747907158365.719,185584,1747907158346.906,-90,-25,-113
1747907158385.594,185599,1747907158366.781,-93,-29,-109
1747907158405.437,185666,1747907158386.688,-82,-29,-116
1747907158425.313,185688,1747907158406.531,-97,-29,-117
1747907158445.281,185717,1747907158426.406,-80,-26,-109
1747907158465.062,185752,1747907158446.375,-90,-34,-121
1747907158484.937,185804,1747907158466.125,-84,-31,-121
1747907158504.813,185844,1747907158486.0,-84,-33,-118
1747907158524.688,185901,1747907158505.906,-99,-33,-114
1747907158544.531,185954,1747907158525.75,-87,-29,-111
1747907158564.531,185978,1747907158545.594,-90,-33,-121
1747907158584.281,185968,1747907158565.469,-93,-16,-116
1747907158604.156,185906,1747907158585.344,-96,-26,-110
1747907158624.0,185815,1747907158605.219,-84,-33,-114
1747907158643.844,185721,1747907158625.063,-95,-33,-129
1747907158663.719,185641,1747907158644.938,-93,-26,-119
1747907158683.594,185582,1747907158664.781,-85,-29,-113
1747907158703.438,185525,1747907158684.687,-95,-29,-121
1747907158723.312,185479,1747907158704.5,-88,-29,-122
1747907158743.156,185445,1747907158724.375,-92,-29,-113
1747907158763.031,185419,1747907158744.219,-82,-33,-121
1747907158782.906,185397,1747907158764.125,-84,-25,-114
1747907158802.781,185390,1747907158783.969,-93,-33,-110
1747907158822.656,185405,1747907158803.875,-88,-25,-120
1747907158842.5,185387,1747907158823.75,-88,-33,-119
1747907158862.344,185390,1747907158843.625,-96,-29,-120
1747907158882.219,185400,1747907158863.406,-94,-33,-116
1747907158902.125,185387,1747907158883.313,-88,-25,-120
1747907158921.938,185383,1747907158903.188,-96,-25,-121
1747907158941.813,185404,1747907158923.062,-91,-25,-117
1747907158961.687,185412,1747907158942.875,-85,-33,-121
1747907158981.562,185420,1747907158962.75,-84,-32,-122
1747907159001.406,185435,1747907158982.625,-84,-29,-121
1747907159021.25,185453,1747907159002.5,-85,-33,-116
1747907159041.125,185472,1747907159022.312,-84,-29,-125
1747907159061.0,185520,1747907159042.188,-85,-26,-116
1747907159080.844,185539,1747907159062.094,-98,-29,-121
1747907159100.719,185603,1747907159081.937,-87,-33,-113
1747907159120.625,185638,1747907159101.8118,-86,-33,-114
1747907159140.469,185688,1747907159121.688,-93,-33,-116
1747907159160.312,185719,1747907159141.531,-77,-25,-114
1747907159180.188,185770,1747907159161.437,-96,-25,-114
1747907159200.063,185791,1747907159181.25,-88,-33,-114
1747907159219.937,185835,1747907159201.125,-93,-17,-110
1747907159239.813,185892,1747907159221.031,-92,-33,-118
1747907159259.656,185939,1747907159240.875,-88,-33,-118
1747907159279.5,185987,1747907159260.75,-97,-29,-116
1747907159299.437,186007,1747907159280.562,-97,-23,-114
1747907159319.219,186021,1747907159300.469,-89,-13,-123
1747907159339.094,185969,1747907159320.312,-93,-33,-114
1747907159358.969,185894,1747907159340.156,-84,-33,-109
1747907159378.844,185822,1747907159360.063,-93,-20,-128
1747907159398.6868,185775,1747907159379.938,-85,-26,-118
1747907159418.531,185686,1747907159399.75,-93,-23,-120
1747907159438.406,185626,1747907159419.625,-97,-29,-113
1747907159458.281,185580,1747907159439.469,-90,-33,-117
1747907159478.125,185550,1747907159459.375,-82,-25,-121
1747907159498.0,185522,1747907159479.219,-96,-29,-121
1747907159517.875,185514,1747907159499.062,-85,-25,-114
1747907159537.75,185521,1747907159518.969,-100,-26,-116
1747907159557.562,185522,1747907159538.8132,-97,-29,-114
1747907159577.437,185508,1747907159558.656,-84,-25,-113
1747907159597.375,185512,1747907159578.5,-82,-29,-123
1747907159617.188,185521,1747907159598.375,-93,-33,-116
1747907159637.062,185530,1747907159618.25,-97,-25,-116
1747907159656.906,185529,1747907159638.125,-97,-33,-121
1747907159676.781,185540,1747907159658.0,-84,-29,-113
1747907159696.625,185545,1747907159677.875,-95,-25,-113
1747907159716.5,185546,1747907159697.719,-92,-33,-113
1747907159736.344,185580,1747907159717.594,-98,-29,-116
1747907159756.219,185601,1747907159737.437,-85,-29,-113
1747907159776.063,185638,1747907159757.281,-84,-34,-121
1747907159795.906,185665,1747907159777.156,-84,-26,-121
1747907159815.781,185703,1747907159797.0,-93,-29,-120
1747907159835.625,185732,1747907159816.844,-90,-25,-122
1747907159855.469,185764,1747907159836.687,-94,-25,-117
1747907159875.313,185802,1747907159856.562,-90,-25,-113
1747907159895.187,185860,1747907159876.406,-82,-29,-113
1747907159915.062,185877,1747907159896.25,-93,-25,-116
1747907159934.875,185923,1747907159916.094,-87,-25,-113
1747907159954.719,185967,1747907159935.906,-93,-25,-114
1747907159974.5942,186011,1747907159955.781,-87,-33,-116
1747907159994.437,186063,1747907159975.688,-69,-25,-119
1747907160014.313,186119,1747907159995.531,-85,-25,-121
1747907160034.125,186140,1747907160015.375,-93,-26,-113
1747907160053.969,186133,1747907160035.187,-95,-33,-122
1747907160073.875,186051,1747907160055.063,-93,-33,-114
1747907160093.687,185988,1747907160074.938,-100,-26,-121
1747907160113.531,185898,1747907160094.781,-97,-32,-141
1747907160133.406,185787,1747907160114.625,-84,-25,-118
1747907160153.25,185727,1747907160134.5,-89,-27,-120
1747907160173.125,185662,1747907160154.313,-93,-25,-114
1747907160192.969,185602,1747907160174.219,-90,-29,-120
1747907160212.781,185542,1747907160194.0,-84,-29,-120
1747907160232.656,185522,1747907160213.875,-89,-25,-121
1747907160252.5,185519,1747907160233.719,-97,-25,-114
1747907160272.312,185530,1747907160253.563,-87,-25,-122
1747907160292.156,185520,1747907160273.406,-89,-10,-117
1747907160312.0,185492,1747907160293.219,-89,-26,-114
1747907160331.844,185479,1747907160313.094,-97,-25,-114
1747907160351.687,185464,1747907160332.938,-90,-21,-119
1747907160371.531,185459,1747907160352.781,-84,-31,-121
1747907160391.375,185443,1747907160372.5942,-88,-33,-124
1747907160411.219,185443,1747907160392.437,-87,-33,-121
1747907160431.031,185422,1747907160412.281,-104,-33,-112
1747907160450.906,185424,1747907160432.125,-80,-29,-121
1747907160470.75,185434,1747907160451.969,-82,-33,-117
1747907160490.594,185453,1747907160471.812,-89,-33,-116
1747907160510.438,185467,1747907160491.687,-84,-25,-116
1747907160530.281,185512,1747907160511.531,-88,-26,-113
1747907160550.125,185513,1747907160531.344,-80,-33,-115
1747907160570.0,185534,1747907160551.188,-91,-33,-121
1747907160589.875,185568,1747907160571.062,-85,-25,-124
1747907160609.688,185581,1747907160590.969,-88,-29,-116
1747907160629.469,185620,1747907160610.687,-90,-21,-129
1747907160649.312,185632,1747907160630.563,-85,-29,-113
1747907160669.156,185669,1747907160650.4058,-96,-21,-116
1747907160689.0,185734,1747907160670.219,-85,-29,-114
1747907160708.844,185760,1747907160690.094,-97,-33,-116
1747907160728.687,185833,1747907160709.906,-96,-16,-113
1747907160748.656,185852,1747907160729.75,-84,-25,-114
1747907160768.344,185861,1747907160749.625,-100,-18,-121
1747907160788.219,185802,1747907160769.469,-93,-28,-104
1747907160808.063,185716,1747907160789.281,-84,-31,-129
1747907160827.906,185642,1747907160809.125,-89,-25,-118
1747907160847.719,185560,1747907160828.969,-89,-25,-114
1747907160867.594,185480,1747907160848.844,-95,-27,-114
1747907160887.406,185445,1747907160868.656,-88,-26,-114
1747907160907.281,185380,1747907160888.5,-92,-33,-114
1747907160927.094,185358,1747907160908.344,-84,-29,-120
1747907160946.937,185323,1747907160928.219,-88,-25,-114
1747907160966.813,185325,1747907160948.031,-87,-33,-113
1747907160986.656,185325,1747907160967.875,-90,-29,-116
1747907161006.5,185318,1747907160987.719,-79,-29,-113
1747907161026.312,185328,1747907161007.5632,-93,-26,-120
1747907161046.156,185305,1747907161027.344,-84,-29,-129
1747907161066.031,185290,1747907161047.25,-97,-33,-99
1747907161085.844,185276,1747907161067.125,-82,-25,-116
1747907161105.687,185263,1747907161086.937,-92,-24,-119
1747907161125.5,185270,1747907161106.75,-93,-29,-127
1747907161145.375,185268,1747907161126.563,-84,-25,-114
1747907161165.188,185258,1747907161146.437,-86,-29,-117
1747907161185.031,185280,1747907161166.281,-85,-29,-121
1747907161204.875,185253,1747907161186.125,-100,-25,-116
1747907161224.687,185253,1747907161205.938,-87,-29,-118
1747907161244.594,185275,1747907161225.781,-97,-17,-113
1747907161264.438,185300,1747907161245.656,-93,-29,-110
1747907161284.25,185309,1747907161265.531,-77,-17,-128
1747907161304.094,185366,1747907161285.281,-90,-25,-121
1747907161324.063,185410,1747907161305.188,-94,-25,-113
1747907161343.75,185434,1747907161325.0,-99,-20,-116
1747907161363.625,185448,1747907161344.875,-89,-33,-117
1747907161383.469,185502,1747907161364.687,-89,-25,-116
1747907161403.344,185543,1747907161384.563,-87,-32,-129
1747907161423.156,185565,1747907161404.406,-95,-25,-121
1747907161443.031,185612,1747907161424.25,-92,-26,-112
1747907161462.9058,185584,1747907161444.094,-86,-33,-120
1747907161482.75,185548,1747907161463.969,-90,-25,-113
1747907161502.594,185475,1747907161483.844,-84,-29,-120
1747907161522.469,185360,1747907161503.719,-90,-25,-114
1747907161542.313,185285,1747907161523.531,-84,-29,-115
1747907161562.156,185176,1747907161543.406,-95,-25,-116
1747907161582.031,185116,1747907161563.219,-93,-33,-114
1747907161601.969,185050,1747907161583.094,-97,-29,-114
1747907161621.719,185006,1747907161603.062,-87,-28,-114
1747907161641.594,184957,1747907161622.812,-87,-23,-115
1747907161661.437,184942,1747907161642.656,-89,-25,-114
1747907161681.281,184900,1747907161662.5,-85,-13,-137
1747907161701.156,184884,1747907161682.344,-91,-23,-116
1747907161721.0,184868,1747907161702.219,-85,-37,-121
1747907161740.844,184864,1747907161722.062,-88,-33,-103
1747907161760.687,184860,1747907161742.0,-84,-25,-121
1747907161780.531,184850,1747907161761.719,-89,-33,-117
1747907161800.375,184836,1747907161781.594,-85,-25,-121
1747907161820.219,184825,1747907161801.469,-100,-27,-116
1747907161840.062,184826,1747907161821.312,-90,-26,-121
1747907161859.937,184809,1747907161841.125,-90,-29,-116
1747907161879.781,184817,1747907161861.0,-93,-25,-119
1747907161899.625,184855,1747907161880.8442,-96,-29,-120
1747907161919.4692,184853,1747907161900.687,-93,-25,-121
1747907161939.344,184885,1747907161920.563,-84,-33,-122
1747907161959.187,184893,1747907161940.406,-77,-29,-116
1747907161979.063,184926,1747907161960.281,-97,-25,-121
1747907161998.938,184954,1747907161980.125,-84,-25,-121
1747907162018.75,184980,1747907161999.969,-85,-12,-119
1747907162038.594,185005,1747907162019.813,-80,-25,-114
1747907162058.469,185049,1747907162039.656,-90,-29,-116
1747907162078.281,185095,1747907162059.562,-84,-33,-104
1747907162098.156,185148,1747907162079.437,-95,-25,-116
1747907162118.0,185162,1747907162099.219,-80,-28,-122
1747907162137.875,185225,1747907162119.094,-93,-29,-121
1747907162157.719,185253,1747907162138.937,-84,-33,-114
1747907162177.531,185255,1747907162158.844,-87,-26,-122
1747907162197.406,185183,1747907162178.625,-88,-26,-114
1747907162217.281,185113,1747907162198.469,-82,-26,-117
1747907162237.094,185033,1747907162218.344,-85,-25,-116
1747907162256.938,184943,1747907162238.156,-93,-25,-117
1747907162276.781,184851,1747907162258.031,-85,-29,-119
1747907162296.656,184785,1747907162277.875,-84,-33,-114
1747907162316.5,184721,1747907162297.75,-87,-33,-121
1747907162336.375,184689,1747907162317.625,-97,-26,-117
1747907162356.188,184646,1747907162337.437,-97,-28,-112
1747907162376.062,184607,1747907162357.281,-87,-29,-116
1747907162395.875,184591,1747907162377.125,-89,-27,-115
1747907162415.75,184561,1747907162396.969,-94,-33,-113
1747907162435.625,184543,1747907162416.875,-83,-33,-122
1747907162455.469,184539,1747907162436.687,-92,-33,-121
1747907162475.312,184546,1747907162456.563,-84,-29,-121
1747907162495.187,184546,1747907162476.406,-90,-29,-113
1747907162515.063,184533,1747907162496.25,-84,-29,-117
1747907162534.906,184538,1747907162516.156,-84,-25,-116
1747907162554.719,184522,1747907162535.969,-80,-33,-121
1747907162574.562,184524,1747907162555.844,-81,-25,-117
1747907162594.438,184531,1747907162575.594,-89,-25,-117
1747907162614.281,184546,1747907162595.5,-84,-28,-117
1747907162634.125,184560,1747907162615.437,-90,-23,-119
1747907162654.031,184581,1747907162635.219,-82,-29,-133
1747907162673.844,184599,1747907162655.094,-93,-21,-113
1747907162693.719,184615,1747907162674.937,-74,-24,-113
1747907162713.563,184661,1747907162694.812,-93,-25,-121
1747907162733.406,184694,1747907162714.688,-79,-31,-116
1747907162753.25,184745,1747907162734.469,-96,-13,-127
1747907162773.156,184787,1747907162754.344,-84,-26,-118
1747907162792.969,184839,1747907162774.219,-87,-33,-122
1747907162812.844,184874,1747907162794.062,-97,-25,-113
1747907162832.719,184906,1747907162813.938,-82,-33,-118
1747907162852.562,184957,1747907162833.781,-84,-27,-121
1747907162872.406,185012,1747907162853.625,-96,-25,-113
1747907162892.281,185035,1747907162873.5,-87,-29,-116
1747907162912.0942,185049,1747907162893.312,-92,-29,-117
1747907162931.969,184991,1747907162913.156,-89,-27,-113
1747907162951.813,184908,1747907162933.031,-95,-29,-114
1747907162971.656,184843,1747907162952.875,-92,-25,-113
1747907162991.5,184774,1747907162972.75,-98,-27,-116
1747907163011.344,184701,1747907162992.563,-82,-25,-116
1747907163031.219,184631,1747907163012.438,-88,-26,-122
1747907163051.031,184583,1747907163032.281,-87,-29,-116
1747907163071.0,184570,1747907163052.094,-82,-21,-121
1747907163090.75,184538,1747907163071.969,-93,-16,-125
1747907163110.594,184522,1747907163091.781,-84,-26,-110
1747907163130.406,184522,1747907163111.656,-95,-33,-113
1747907163150.25,184532,1747907163131.5,-84,-28,-116
1747907163170.125,184502,1747907163151.344,-93,-29,-109
1747907163189.969,184518,1747907163171.187,-82,-26,-116
1747907163209.781,184490,1747907163191.063,-89,-27,-124
1747907163229.625,184487,1747907163210.906,-96,-26,-116
1747907163249.5,184482,1747907163230.687,-86,-33,-113
1747907163269.344,184462,1747907163250.562,-95,-29,-116
1747907163289.156,184458,1747907163270.438,-84,-26,-112
1747907163309.031,184468,1747907163290.25,-84,-33,-117
1747907163328.875,184457,1747907163310.0942,-95,-33,-124
1747907163348.719,184467,1747907163329.937,-88,-26,-114
1747907163368.562,184497,1747907163349.812,-74,-31,-121
1747907163388.406,184522,1747907163369.656,-90,-25,-117
1747907163408.25,184536,1747907163389.469,-84,-25,-116
1747907163428.094,184577,1747907163409.312,-94,-25,-109
1747907163447.938,184594,1747907163429.219,-84,-30,-120
1747907163467.75,184627,1747907163449.031,-88,-25,-120
1747907163487.625,184652,1747907163468.844,-85,-25,-121
1747907163507.469,184692,1747907163488.688,-89,-25,-113
1747907163527.313,184728,1747907163508.531,-84,-25,-122
1747907163547.156,184768,1747907163528.406,-88,-28,-116
1747907163567.0,184819,1747907163548.25,-82,-33,-114
1747907163586.844,184849,1747907163568.063,-85,-33,-113
1747907163606.719,184853,1747907163587.9058,-93,-29,-118
1747907163626.594,184794,1747907163607.812,-83,-28,-114
1747907163646.375,184718,1747907163627.656,-88,-26,-116
1747907163666.25,184631,1747907163647.438,-93,-29,-118
1747907163686.156,184556,1747907163667.281,-88,-25,-121
1747907163705.906,184473,1747907163687.187,-105,-11,-122
1747907163725.781,184415,1747907163707.031,-93,-26,-116
1747907163745.625,184367,1747907163726.844,-84,-33,-125
1747907163765.469,184344,1747907163746.688,-96,-29,-129
1747907163785.281,184318,1747907163766.563,-85,-33,-122
1747907163805.156,184301,1747907163786.406,-92,-28,-120
1747907163825.031,184301,1747907163806.219,-82,-27,-120
1747907163844.875,184300,1747907163826.094,-93,-25,-116
1747907163864.719,184312,1747907163845.969,-82,-33,-121
1747907163884.563,184299,1747907163865.844,-93,-28,-119
1747907163904.406,184282,1747907163885.625,-87,-29,-121
1747907163924.2808,184275,1747907163905.469,-88,-25,-117
1747907163944.094,184284,1747907163925.344,-97,-26,-124
1747907163964.031,184279,1747907163945.156,-84,-29,-125
1747907163983.781,184278,1747907163965.094,-80,-33,-116
1747907164003.656,184265,1747907163984.875,-80,-29,-115
1747907164023.562,184275,1747907164004.75,-97,-29,-109
1747907164043.344,184290,1747907164024.594,-89,-4,-135
1747907164063.219,184308,1747907164044.406,-92,-26,-114
1747907164083.094,184310,1747907164064.281,-89,-25,-113
1747907164102.875,184360,1747907164084.156,-84,-33,-115
1747907164122.75,184383,1747907164104.0,-80,-25,-119
1747907164142.562,184419,1747907164123.813,-93,-25,-114
1747907164162.438,184446,1747907164143.656,-84,-25,-127
1747907164182.281,184463,1747907164163.5,-92,-33,-114
1747907164202.125,184481,1747907164183.406,-82,-28,-118
1747907164222.0,184533,1747907164203.219,-93,-29,-121
1747907164241.875,184573,1747907164223.063,-85,-25,-114
1747907164261.719,184572,1747907164242.969,-92,-25,-116
1747907164281.531,184551,1747907164262.781,-87,-26,-121
1747907164301.437,184492,1747907164282.594,-93,-28,-122
1747907164321.25,184415,1747907164302.531,-80,-29,-119
1747907164341.094,184318,1747907164322.313,-89,-33,-116
1747907164361.0,184214,1747907164342.156,-93,-28,-116
1747907164380.781,184139,1747907164362.0,-89,-12,-119
1747907164400.625,184081,1747907164381.844,-93,-25,-114
1747907164420.469,184035,1747907164401.688,-82,-26,-119
1747907164440.281,183976,1747907164421.562,-85,-29,-129
1747907164460.125,183949,1747907164441.406,-93,-25,-113
1747907164479.969,183947,1747907164461.1868,-82,-30,-121
1747907164499.844,183948,1747907164481.0,-93,-26,-116
1747907164519.656,183950,1747907164500.906,-85,-33,-116
1747907164539.5,183941,1747907164520.75,-96,-25,-118
1747907164559.344,183932,1747907164540.562,-72,-33,-122
1747907164579.25,183900,1747907164560.406,-92,-29,-114
1747907164599.031,183878,1747907164580.313,-100,-25,-119
1747907164618.906,183862,1747907164600.156,-84,-18,-121
1747907164638.781,183856,1747907164619.969,-90,-26,-114
1747907164658.594,183841,1747907164639.844,-61,-26,-116
1747907164678.469,183853,1747907164659.688,-93,-33,-115
1747907164698.312,183871,1747907164679.563,-98,-25,-117
1747907164718.188,183863,1747907164699.406,-89,-25,-114
1747907164738.063,183870,1747907164719.25,-89,-33,-123
1747907164757.906,183910,1747907164739.156,-89,-26,-121
1747907164777.781,183930,1747907164759.0,-97,-29,-129
1747907164797.656,183947,1747907164778.8442,-97,-26,-121
1747907164817.5,183992,1747907164798.719,-89,-25,-128
1747907164837.344,184003,1747907164818.562,-95,-29,-125
1747907164857.219,184053,1747907164838.438,-82,-33,-129
1747907164877.156,184101,1747907164858.313,-96,-21,-124
1747907164897.0,184133,1747907164878.219,-88,-26,-116
1747907164916.812,184165,1747907164898.062,-93,-25,-122
1747907164936.687,184219,1747907164917.938,-92,-25,-120
1747907164956.594,184247,1747907164937.75,-92,-27,-117
1747907164976.438,184226,1747907164957.656,-88,-33,-121
1747907164996.25,184177,1747907164977.531,-89,-30,-124
1747907165016.125,184087,1747907164997.375,-84,-25,-132
1747907165036.0,183992,1747907165017.219,-85,-27,-111
1747907165055.844,183906,1747907165037.031,-80,-33,-113
1747907165075.688,183818,1747907165056.906,-92,-26,-118
1747907165095.625,183727,1747907165076.781,-95,-25,-121
1747907165115.437,183678,1747907165096.625,-97,-24,-129
1747907165135.313,183624,1747907165116.5,-86,-36,-113
1747907165155.125,183571,1747907165136.375,-93,-26,-116
1747907165175.0,183551,1747907165156.219,-85,-33,-108
1747907165194.844,183535,1747907165176.063,-81,-29,-118
1747907165214.719,183524,1747907165195.906,-90,-25,-118
1747907165234.5632,183522,1747907165215.781,-85,-29,-114
1747907165254.437,183502,1747907165235.656,-93,-33,-114
1747907165274.281,183468,1747907165255.531,-89,-25,-112
1747907165294.156,183451,1747907165275.344,-95,-23,-117
1747907165314.063,183430,1747907165295.219,-84,-33,-121
1747907165333.875,183432,1747907165315.094,-94,-33,-114
1747907165353.719,183410,1747907165334.906,-96,-26,-117
1747907165373.594,183429,1747907165354.781,-93,-26,-116
1747907165393.406,183416,1747907165374.656,-72,-33,-114
1747907165413.281,183431,1747907165394.5,-97,-33,-113
1747907165433.156,183443,1747907165414.375,-97,-25,-122
1747907165453.0,183468,1747907165434.219,-96,-33,-113
1747907165472.844,183486,1747907165454.063,-81,-29,-114
1747907165492.688,183531,1747907165473.937,-84,-29,-110
1747907165512.563,183528,1747907165493.781,-85,-32,-128
1747907165532.406,183545,1747907165513.625,-97,-33,-116
1747907165552.219,183561,1747907165533.469,-93,-28,-113
1747907165572.094,183606,1747907165553.313,-80,-25,-116
1747907165591.969,183634,1747907165573.187,-93,-25,-115
1747907165611.812,183653,1747907165593.031,-85,-29,-118
1747907165631.625,183698,1747907165612.875,-82,-25,-116
1747907165651.469,183719,1747907165632.75,-88,-29,-114
1747907165671.344,183722,1747907165652.562,-96,-25,-113
1747907165691.219,183700,1747907165672.406,-84,-25,-126
1747907165711.031,183638,1747907165692.281,-81,-29,-121
1747907165730.875,183563,1747907165712.156,-90,-25,-119
1747907165750.75,183437,1747907165731.938,-89,-25,-125
1747907165770.594,183334,1747907165751.812,-80,-28,-120
1747907165790.437,183241,1747907165771.656,-88,-33,-123
1747907165810.281,183136,1747907165791.531,-85,-29,-118
1747907165830.125,183072,1747907165811.344,-96,-33,-114
1747907165850.0,182985,1747907165831.219,-80,-26,-121
1747907165869.813,182945,1747907165851.062,-93,-25,-116
1747907165889.656,182903,1747907165870.906,-82,-26,-120
1747907165909.531,182890,1747907165890.719,-97,-25,-114
1747907165929.375,182852,1747907165910.625,-97,-25,-121
1747907165949.219,182810,1747907165930.469,-82,-25,-113
1747907165969.094,182767,1747907165950.312,-81,-29,-116
1747907165988.937,182734,1747907165970.156,-88,-25,-121
1747907166008.781,182713,1747907165990.0,-98,-33,-122
1747907166028.625,182686,1747907166009.875,-95,-26,-119
1747907166048.469,182655,1747907166029.687,-87,-31,-119
1747907166068.312,182647,1747907166049.531,-97,-29,-114
1747907166088.156,182609,1747907166069.406,-82,-23,-125
1747907166108.031,182612,1747907166089.25,-93,-33,-121
1747907166127.875,182614,1747907166109.125,-88,-33,-122
1747907166147.719,182613,1747907166128.937,-93,-29,-109
1747907166167.562,182653,1747907166148.781,-85,-33,-113
1747907166187.406,182640,1747907166168.656,-95,-30,-121
1747907166207.281,182676,1747907166188.469,-90,-26,-118
1747907166227.063,182709,1747907166208.312,-85,-15,-132
1747907166246.938,182737,1747907166228.156,-82,-33,-121
1747907166266.781,182780,1747907166248.031,-84,-26,-116
1747907166286.625,182821,1747907166267.875,-96,-25,-113
1747907166306.5,182840,1747907166287.688,-84,-25,-119
1747907166326.375,182879,1747907166307.562,-89,-33,-119
1747907166346.187,182915,1747907166327.469,-84,-29,-116
1747907166366.0,182953,1747907166347.25,-87,-29,-114
1747907166385.875,182992,1747907166367.094,-90,-25,-118
1747907166405.688,183029,1747907166386.937,-81,-34,-121
1747907166425.563,183042,1747907166406.75,-87,-33,-124
1747907166445.375,183043,1747907166426.688,-88,-28,-124
1747907166465.25,182950,1747907166446.5,-82,-41,-117
1747907166485.125,182878,1747907166466.313,-87,-33,-118
1747907166504.969,182780,1747907166486.219,-93,-29,-117
1747907166524.781,182695,1747907166506.031,-93,-29,-125
1747907166544.656,182618,1747907166525.906,-91,-25,-120
1747907166564.5,182545,1747907166545.719,-68,-33,-114
1747907166584.344,182506,1747907166565.625,-96,-29,-116
1747907166604.188,182468,1747907166585.437,-85,-29,-118
1747907166624.031,182458,1747907166605.281,-89,-33,-110
1747907166643.906,182418,1747907166625.094,-85,-25,-121
1747907166663.75,182420,1747907166644.969,-82,-25,-118
1747907166683.625,182401,1747907166664.844,-93,-23,-121
1747907166703.469,182378,1747907166684.687,-91,-29,-125
1747907166723.312,182373,1747907166704.531,-96,-25,-121
1747907166743.187,182362,1747907166724.406,-87,-25,-120
1747907166763.063,182329,1747907166744.281,-97,-25,-121
1747907166782.875,182311,1747907166764.125,-93,-19,-121
1747907166802.75,182288,1747907166783.969,-88,-33,-125
1747907166822.625,182278,1747907166803.813,-88,-33,-119
1747907166842.438,182302,1747907166823.656,-82,-29,-119
1747907166862.313,182306,1747907166843.5618,-96,-25,-128
1747907166882.156,182345,1747907166863.375,-86,-25,-120
1747907166902.0,182360,1747907166883.25,-93,-33,-116
1747907166921.875,182388,1747907166903.063,-85,-23,-114
1747907166941.719,182402,1747907166922.937,-97,-33,-117
1747907166961.563,182468,1747907166942.812,-97,-29,-120
1747907166981.437,182509,1747907166962.625,-81,-29,-117
1747907167001.281,182565,1747907166982.5,-84,-26,-123
1747907167021.094,182603,1747907167002.344,-84,-25,-121
1747907167040.969,182657,1747907167022.156,-91,-26,-121
1747907167060.844,182704,1747907167042.062,-84,-33,-116
1747907167080.656,182761,1747907167061.906,-95,-25,-119
1747907167100.5,182789,1747907167081.75,-84,-25,-115
1747907167120.375,182835,1747907167101.562,-88,-29,-114
1747907167140.219,182885,1747907167121.469,-105,-8,-125
1747907167160.094,182913,1747907167141.313,-88,-33,-119
1747907167179.9368,182857,1747907167161.188,-95,-33,-116
1747907167199.781,182822,1747907167181.0,-84,-36,-129
1747907167219.656,182729,1747907167200.875,-82,-26,-118
1747907167239.5,182655,1747907167220.719,-88,-29,-114
1747907167259.344,182550,1747907167240.563,-84,-25,-114
1747907167279.187,182501,1747907167260.406,-96,-27,-114
1747907167299.063,182445,1747907167280.281,-97,-25,-114
1747907167318.938,182389,1747907167300.187,-82,-25,-114
1747907167338.75,182372,1747907167320.0,-93,-26,-114
1747907167358.625,182377,1747907167339.844,-85,-26,-120
1747907167378.469,182349,1747907167359.688,-80,-13,-121
1747907167398.313,182363,1747907167379.531,-84,-29,-114
1747907167418.156,182331,1747907167399.406,-74,-33,-116
1747907167438.0,182330,1747907167419.25,-81,-26,-115
1747907167457.969,182336,1747907167439.094,-89,-25,-120
1747907167477.719,182311,1747907167458.906,-105,-16,-122
1747907167497.563,182326,1747907167478.812,-86,-28,-121
1747907167517.406,182318,1747907167498.656,-97,-25,-113
1747907167537.281,182285,1747907167518.469,-84,-37,-129
1747907167557.156,182290,1747907167538.344,-83,-29,-110
1747907167576.969,182294,1747907167558.219,-96,-30,-118
1747907167596.844,182312,1747907167578.062,-87,-29,-127
1747907167616.687,182331,1747907167597.938,-96,-27,-121
1747907167636.563,182351,1747907167617.781,-85,-25,-122
1747907167656.406,182383,1747907167637.625,-84,-25,-121
1747907167676.25,182401,1747907167657.5,-93,-26,-114
1747907167696.094,182434,1747907167677.344,-89,-25,-121
1747907167716.094,182468,1747907167697.188,-92,-26,-118
1747907167735.813,182506,1747907167717.156,-93,-29,-121
1747907167755.656,182542,1747907167736.937,-88,-26,-113
1747907167775.531,182556,1747907167756.75,-84,-26,-116
1747907167795.375,182587,1747907167776.594,-88,-27,-117
1747907167815.187,182647,1747907167796.469,-97,-21,-124
1747907167835.063,182672,1747907167816.281,-88,-28,-116
1747907167854.906,182702,1747907167836.125,-93,-29,-106
1747907167874.781,182678,1747907167855.969,-87,-36,-97
1747907167894.594,182621,1747907167875.844,-93,-25,-116
1747907167914.438,182536,1747907167895.719,-87,-27,-114
1747907167934.313,182443,1747907167915.531,-91,-26,-125
1747907167954.187,182348,1747907167935.406,-88,-29,-122
1747907167974.0,182255,1747907167955.281,-97,-23,-117
1747907167993.875,182178,1747907167975.094,-87,-33,-113
1747907168013.719,182131,1747907167994.906,-85,-31,-132
1747907168033.563,182103,1747907168014.781,-85,-25,-119
1747907168053.531,182086,1747907168034.625,-93,-25,-118
1747907168073.281,182069,1747907168054.625,-93,-33,-114
1747907168093.125,182050,1747907168074.344,-88,-25,-116
1747907168112.969,182060,1747907168094.219,-84,-25,-132
1747907168132.844,182049,1747907168114.062,-82,-33,-118
1747907168152.656,182028,1747907168133.906,-84,-20,-113
1747907168172.531,182017,1747907168153.75,-97,-28,-114
1747907168192.344,181985,1747907168173.594,-87,-29,-118
1747907168212.219,181950,1747907168193.437,-90,-33,-115
1747907168232.094,181928,1747907168213.375,-84,-33,-120
1747907168251.906,181926,1747907168233.156,-96,-25,-114
1747907168271.781,181919,1747907168252.969,-90,-29,-121
1747907168291.656,181936,1747907168272.844,-98,-33,-108
1747907168311.531,181950,1747907168292.75,-87,-25,-121
1747907168331.344,181951,1747907168312.594,-88,-29,-121
1747907168351.187,181959,1747907168332.406,-84,-29,-125
1747907168371.063,182000,1747907168352.375,-84,-25,-112
1747907168390.906,182027,1747907168372.094,-90,-25,-122
1747907168410.75,182066,1747907168391.969,-81,-24,-117
1747907168430.594,182109,1747907168411.906,-90,-26,-119
1747907168450.469,182132,1747907168431.688,-84,-25,-121
1747907168470.281,182163,1747907168451.531,-93,-25,-121
1747907168490.156,182175,1747907168471.375,-69,-24,-121
1747907168510.031,182195,1747907168491.219,-96,-33,-119
1747907168529.875,182245,1747907168511.094,-85,-33,-110
1747907168549.719,182225,1747907168530.937,-97,-33,-112
1747907168569.563,182174,1747907168550.781,-84,-25,-118
1747907168589.406,182082,1747907168570.656,-95,-25,-114
1747907168609.281,181995,1747907168590.5,-84,-33,-117
1747907168629.125,181909,1747907168610.375,-98,-29,-116
1747907168648.969,181826,1747907168630.187,-84,-29,-116
1747907168668.813,181776,1747907168650.062,-89,-27,-116
1747907168688.687,181732,1747907168669.875,-84,-29,-118
1747907168708.5,181699,1747907168689.781,-96,-26,-116
1747907168728.375,181682,1747907168709.594,-88,-25,-114
1747907168748.219,181663,1747907168729.437,-93,-25,-121
1747907168768.062,181656,1747907168749.281,-84,-25,-127
1747907168787.906,181636,1747907168769.156,-97,-29,-115
1747907168807.75,181637,1747907168789.031,-82,-25,-118
1747907168827.625,181618,1747907168808.844,-89,-33,-114
1747907168847.469,181614,1747907168828.687,-85,-33,-119
1747907168867.312,181601,1747907168848.5,-93,-25,-121
1747907168887.187,181596,1747907168868.406,-92,-16,-121
1747907168907.063,181580,1747907168888.281,-82,-27,-113
1747907168926.906,181566,1747907168908.125,-95,-21,-118
1747907168946.75,181594,1747907168928.0,-93,-27,-113
1747907168966.625,181585,1747907168947.844,-90,-25,-119
1747907168986.438,181608,1747907168967.688,-95,-25,-120
1747907169006.313,181635,1747907168987.531,-87,-24,-121
1747907169026.156,181656,1747907169007.406,-89,-25,-116
1747907169046.0,181690,1747907169027.281,-85,-25,-116
1747907169065.875,181739,1747907169047.0632,-89,-25,-118
1747907169085.719,181781,1747907169066.937,-95,-25,-118
1747907169105.563,181806,1747907169086.812,-94,-26,-121
1747907169125.406,181841,1747907169106.656,-97,-33,-114
1747907169145.281,181882,1747907169126.5,-84,-34,-116
1747907169165.156,181927,1747907169146.344,-80,-25,-110
1747907169184.969,181960,1747907169166.187,-87,-31,-126
1747907169204.906,182000,1747907169186.094,-89,-33,-118
1747907169224.719,182009,1747907169205.938,-93,-24,-121
1747907169244.594,181975,1747907169225.813,-88,-26,-116
1747907169264.438,181878,1747907169245.656,-89,-33,-114
1747907169284.281,181787,1747907169265.5,-85,-25,-112
1747907169304.156,181675,1747907169285.344,-98,-33,-114
1747907169324.0,181591,1747907169305.219,-89,-29,-121
1747907169343.844,181518,1747907169325.156,-89,-25,-118
1747907169363.719,181463,1747907169344.906,-84,-24,-113
1747907169383.562,181404,1747907169364.781,-88,-33,-121
1747907169403.437,181351,1747907169384.625,-93,-29,-113
1747907169423.344,181322,1747907169404.5,-84,-33,-121
1747907169443.125,181275,1747907169424.437,-92,-26,-116
1747907169463.0,181269,1747907169444.187,-82,-26,-114
1747907169482.844,181257,1747907169464.063,-97,-25,-114
1747907169502.656,181226,1747907169483.906,-81,-33,-121
1747907169522.531,181224,1747907169503.781,-93,-33,-115
1747907169542.406,181206,1747907169523.594,-84,-28,-121
1747907169562.25,181214,1747907169543.469,-96,-33,-123
1747907169582.094,181183,1747907169563.344,-84,-22,-121
1747907169601.938,181180,1747907169583.219,-89,-33,-113
1747907169621.813,181166,1747907169603.0,-87,-25,-128
1747907169641.687,181164,1747907169622.906,-88,-26,-122
1747907169661.469,181202,1747907169642.75,-84,-23,-116
1747907169681.344,181181,1747907169662.594,-86,-33,-109
1747907169701.219,181216,1747907169682.437,-85,-26,-119
1747907169721.063,181249,1747907169702.281,-89,-20,-112
1747907169740.906,181279,1747907169722.125,-97,-25,-116
1747907169760.844,181317,1747907169742.0,-84,-29,-110
1747907169780.625,181347,1747907169761.844,-87,-24,-116
1747907169800.5,181374,1747907169781.719,-82,-17,-119
1747907169820.312,181427,1747907169801.594,-100,-28,-121
1747907169840.187,181466,1747907169821.406,-80,-33,-113
1747907169860.031,181517,1747907169841.281,-93,-25,-113
1747907169879.906,181557,1747907169861.094,-84,-25,-117
1747907169899.719,181592,1747907169880.969,-96,-24,-114
1747907169919.594,181630,1747907169900.844,-87,-29,-115
1747907169939.437,181677,1747907169920.688,-100,-28,-114
1747907169959.313,181651,1747907169940.531,-85,-32,-129
1747907169979.156,181580,1747907169960.406,-96,-33,-121
1747907169999.0,181503,1747907169980.281,-84,-25,-116
1747907170018.875,181398,1747907170000.063,-97,-23,-122
1747907170038.75,181290,1747907170019.938,-85,-26,-113
1747907170058.563,181205,1747907170039.812,-91,-26,-121
1747907170078.406,181109,1747907170059.656,-88,-26,-112
1747907170098.281,181047,1747907170079.5,-99,-26,-121
1747907170118.125,180998,1747907170099.344,-85,-29,-121
1747907170137.969,180957,1747907170119.188,-92,-26,-117
1747907170157.813,180935,1747907170139.062,-84,-33,-112
1747907170177.656,180915,1747907170158.875,-77,-33,-118
1747907170197.531,180901,1747907170178.719,-82,-25,-116
1747907170217.406,180856,1747907170198.594,-88,-25,-114
1747907170237.219,180841,1747907170218.469,-97,-9,-121
1747907170257.094,180828,1747907170238.281,-82,-29,-108
1747907170276.969,180801,1747907170258.188,-86,-29,-114
1747907170296.812,180768,1747907170278.031,-92,-33,-96
1747907170316.656,180752,1747907170297.906,-82,-29,-116
1747907170336.469,180759,1747907170317.719,-97,-25,-121
1747907170356.344,180762,1747907170337.562,-95,-28,-125
1747907170376.219,180759,1747907170357.406,-88,-33,-117
1747907170396.063,180769,1747907170377.281,-90,-29,-114
1747907170415.938,180766,1747907170397.156,-87,-33,-113
1747907170435.781,180795,1747907170417.0,-95,-29,-121
1747907170455.656,180829,1747907170436.844,-85,-30,-124
1747907170475.5,180857,1747907170456.719,-84,-25,-113
1747907170495.375,180899,1747907170476.562,-93,-29,-114
1747907170515.25,180941,1747907170496.437,-80,-33,-117
1747907170535.094,180958,1747907170516.313,-96,-25,-128
1747907170554.969,181016,1747907170536.188,-87,-23,-121
1747907170574.813,181051,1747907170556.031,-84,-24,-121
1747907170594.688,181100,1747907170575.875,-88,-25,-114
1747907170614.531,181128,1747907170595.781,-87,-29,-114
1747907170634.375,181178,1747907170615.625,-80,-8,-120
1747907170654.25,181248,1747907170635.438,-84,-33,-114
1747907170674.094,181288,1747907170655.312,-81,-33,-116
1747907170693.969,181307,1747907170675.156,-89,-33,-121
1747907170713.781,181269,1747907170695.031,-94,-29,-114
1747907170733.656,181202,1747907170714.844,-95,-33,-121
1747907170753.563,181116,1747907170734.719,-88,-29,-120
1747907170773.406,181036,1747907170754.625,-84,-25,-119
1747907170793.25,180917,1747907170774.5,-89,-25,-121
1747907170813.125,180849,1747907170794.313,-89,-29,-129
1747907170833.094,180770,1747907170814.188,-89,-25,-116
1747907170852.844,180725,1747907170834.156,-93,-29,-116
1747907170872.687,180684,1747907170853.906,-100,-25,-125
1747907170892.531,180649,1747907170873.719,-87,-28,-117
1747907170912.406,180642,1747907170893.625,-99,-25,-120
1747907170932.281,180636,1747907170913.5,-87,-28,-123
1747907170952.125,180625,1747907170933.375,-86,-26,-117
1747907170972.0,180624,1747907170953.188,-90,-33,-115
1747907170991.875,180598,1747907170973.063,-81,-25,-125
1747907171011.719,180577,1747907170992.937,-84,-30,-118
1747907171031.594,180576,1747907171012.812,-90,-26,-125
1747907171051.469,180562,1747907171032.688,-82,-29,-116
1747907171071.312,180569,1747907171052.563,-95,-29,-121
1747907171091.156,180552,1747907171072.375,-82,-25,-122
1747907171111.031,180556,1747907171092.25,-93,-29,-116
1747907171130.8442,180568,1747907171112.094,-88,-33,-114
1747907171150.75,180578,1747907171131.938,-89,-29,-116
1747907171170.594,180601,1747907171151.813,-84,-33,-119
1747907171190.406,180628,1747907171171.6868,-100,-29,-116
1747907171210.281,180663,1747907171191.5,-93,-17,-115
1747907171230.219,180696,1747907171211.375,-96,-29,-121
1747907171250.0,180732,1747907171231.25,-92,-25,-127
1747907171269.844,180772,1747907171251.062,-84,-29,-117
1747907171289.688,180827,1747907171270.906,-82,-25,-117
1747907171309.531,180865,1747907171290.781,-99,-9,-116
1747907171329.406,180923,1747907171310.594,-88,-33,-117
1747907171349.219,180951,1747907171330.469,-93,-28,-117
1747907171369.094,181020,1747907171350.312,-82,-29,-129
1747907171388.969,181079,1747907171370.187,-88,-25,-125
1747907171408.812,181130,1747907171390.063,-89,-21,-122
1747907171428.656,181183,1747907171409.906,-83,-31,-127
1747907171448.531,181222,1747907171429.719,-93,-26,-110
1747907171468.375,181212,1747907171449.594,-89,-25,-132
1747907171488.25,181178,1747907171469.469,-85,-24,-114
1747907171508.0618,181109,1747907171489.281,-93,-25,-116
1747907171527.938,180993,1747907171509.125,-88,-26,-121
1747907171547.813,180933,1747907171529.0,-85,-25,-121
1747907171567.687,180856,1747907171548.875,-84,-25,-114
1747907171587.5,180784,1747907171568.75,-88,-27,-116
1747907171607.344,180733,1747907171588.531,-82,-29,-121
1747907171627.25,180699,1747907171608.437,-96,-29,-122
1747907171647.063,180684,1747907171628.281,-89,-8,-121
1747907171666.906,180667,1747907171648.125,-85,-25,-117
1747907171686.75,180659,1747907171667.969,-97,-29,-113
1747907171706.625,180671,1747907171687.844,-84,-33,-113
1747907171726.5,180681,1747907171707.75,-84,-25,-117
1747907171746.312,180659,1747907171727.594,-97,-33,-114
1747907171766.187,180658,1747907171747.375,-87,-25,-121
1747907171786.063,180654,1747907171767.281,-98,-29,-114
1747907171805.938,180651,1747907171787.156,-93,-25,-121
1747907171825.781,180647,1747907171807.031,-87,-25,-121
1747907171845.625,180649,1747907171826.844,-90,-33,-121
1747907171865.5,180678,1747907171846.719,-89,-25,-117
1747907171885.375,180685,1747907171866.562,-88,-25,-117
1747907171905.219,180722,1747907171886.469,-84,-25,-121
1747907171925.062,180749,1747907171906.281,-92,-25,-122
1747907171944.969,180777,1747907171926.156,-84,-33,-135
1747907171964.813,180807,1747907171946.031,-97,-26,-114
1747907171984.625,180855,1747907171965.875,-80,-29,-115
1747907172004.5,180905,1747907171985.719,-97,-26,-113
1747907172024.375,180964,1747907172005.563,-74,-33,-113
1747907172044.25,181011,1747907172025.469,-87,-31,-124
1747907172064.063,181051,1747907172045.312,-87,-33,-116
1747907172083.937,181105,1747907172065.156,-92,-25,-121
1747907172103.844,181178,1747907172085.031,-97,-29,-112
1747907172123.688,181209,1747907172104.906,-82,-33,-109
1747907172143.531,181268,1747907172124.781,-96,-31,-116
1747907172163.406,181327,1747907172144.594,-82,-29,-116
1747907172183.281,181384,1747907172164.469,-83,-29,-118
1747907172203.125,181414,1747907172184.375,-88,-25,-116
1747907172223.0,181414,1747907172204.187,-79,-33,-114
1747907172242.875,181355,1747907172224.062,-93,-25,-114
1747907172262.75,181300,1747907172243.969,-87,-26,-121
1747907172282.594,181224,1747907172263.781,-85,-13,-121
1747907172302.469,181129,1747907172283.719,-93,-25,-114
1747907172322.313,181075,1747907172303.531,-68,-29,-121
1747907172342.187,181040,1747907172323.375,-87,-29,-119
1747907172362.0,181004,1747907172343.281,-84,-29,-117
1747907172381.875,180982,1747907172363.125,-97,-17,-116
1747907172401.75,180957,1747907172382.937,-97,-25,-116
1747907172421.625,180967,1747907172402.812,-93,-25,-119
1747907172441.406,180983,1747907172422.656,-87,-33,-100
1747907172461.281,180982,1747907172442.531,-84,-26,-114
1747907172481.125,180979,1747907172462.375,-93,-26,-122
1747907172501.0,180995,1747907172482.187,-85,-25,-128
1747907172520.844,181004,1747907172502.094,-100,-29,-119
1747907172540.687,181009,1747907172521.938,-84,-26,-113
1747907172560.563,180996,1747907172541.75,-82,-31,-121
1747907172580.438,181012,1747907172561.625,-93,-27,-111
1747907172600.25,181023,1747907172581.5,-88,-23,-116
1747907172620.094,181051,1747907172601.344,-88,-33,-113
1747907172639.969,181082,1747907172621.156,-97,-26,-113
1747907172659.813,181115,1747907172641.031,-96,-29,-118
1747907172679.656,181135,1747907172660.875,-97,-29,-116
1747907172699.562,181163,1747907172680.719,-85,-25,-114
1747907172719.406,181217,1747907172700.594,-97,-12,-118
1747907172739.25,181262,1747907172720.469,-80,-25,-118
1747907172759.094,181317,1747907172740.312,-82,-29,-121
1747907172778.937,181372,1747907172760.156,-84,-33,-104
1747907172798.812,181428,1747907172780.031,-95,-25,-114
1747907172818.656,181469,1747907172799.875,-85,-36,-121
1747907172838.5,181538,1747907172819.719,-95,-29,-127
1747907172858.344,181606,1747907172839.594,-92,-26,-121
1747907172878.25,181678,1747907172859.406,-95,-29,-119
1747907172898.062,181716,1747907172879.313,-96,-26,-122
1747907172917.906,181790,1747907172899.125,-95,-26,-112
1747907172937.75,181836,1747907172919.0,-84,-33,-114
1747907172957.625,181866,1747907172938.812,-90,-26,-109
1747907172977.469,181842,1747907172958.719,-89,-29,-120
1747907172997.344,181776,1747907172978.563,-88,-27,-121
1747907173017.156,181709,1747907172998.437,-85,-33,-121
1747907173037.031,181637,1747907173018.25,-95,-25,-116
1747907173056.906,181582,1747907173038.094,-72,-26,-118
1747907173076.781,181520,1747907173058.0,-84,-25,-113
1747907173096.594,181497,1747907173077.844,-90,-25,-114
1747907173116.469,181465,1747907173097.687,-84,-16,-120
1747907173136.312,181460,1747907173117.531,-98,-29,-122
1747907173156.187,181450,1747907173137.406,-84,-25,-116
1747907173176.0,181479,1747907173157.25,-94,-26,-108
1747907173195.875,181488,1747907173177.062,-85,-23,-117
1747907173215.688,181497,1747907173196.937,-100,-17,-120
1747907173235.594,181520,1747907173216.75,-84,-25,-121
1747907173255.406,181524,1747907173236.656,-84,-26,-116
1747907173275.281,181529,1747907173256.5,-87,-24,-121
1747907173295.156,181537,1747907173276.344,-93,-29,-121
1747907173315.0,181556,1747907173296.187,-93,-26,-114
1747907173334.812,181569,1747907173316.063,-104,-29,-121
1747907173354.688,181579,1747907173335.938,-87,-29,-116
1747907173374.563,181608,1747907173355.781,-88,-28,-116
1747907173394.406,181641,1747907173375.625,-88,-33,-121
1747907173414.219,181662,1747907173395.469,-97,-25,-115
1747907173434.125,181718,1747907173415.313,-86,-25,-127
1747907173453.938,181749,1747907173435.156,-90,-16,-117
1747907173473.813,181785,1747907173455.031,-84,-21,-120
1747907173493.625,181830,1747907173474.875,-96,-29,-121
1747907173513.469,181889,1747907173494.719,-93,-25,-104
1747907173533.344,181956,1747907173514.563,-96,-29,-121
1747907173553.188,182004,1747907173534.406,-97,-25,-113
1747907173573.0,182050,1747907173554.25,-85,-25,-114
1747907173592.875,182111,1747907173574.094,-88,-25,-121
1747907173612.719,182156,1747907173593.9382,-95,-27,-119
1747907173632.594,182244,1747907173613.812,-89,-33,-122
1747907173652.438,182304,1747907173633.687,-97,-26,-118
1747907173672.281,182324,1747907173653.531,-84,-26,-114
1747907173692.156,182328,1747907173673.344,-90,-33,-117
1747907173712.0,182287,1747907173693.219,-84,-33,-113
1747907173731.844,182223,1747907173713.094,-96,-25,-116
1747907173751.688,182163,1747907173732.937,-84,-25,-117
1747907173771.562,182104,1747907173752.781,-96,-25,-117
1747907173791.406,182051,1747907173772.625,-81,-24,-127
1747907173811.219,181999,1747907173792.5,-84,-25,-116
1747907173831.063,181991,1747907173812.344,-95,-26,-118
1747907173850.937,181997,1747907173832.156,-97,-25,-103
1747907173870.781,182000,1747907173852.0,-85,-25,-114
1747907173890.625,182006,1747907173871.875,-98,-29,-118
1747907173910.469,182022,1747907173891.687,-93,-26,-119
1747907173930.344,182036,1747907173911.531,-93,-25,-120
1747907173950.187,182078,1747907173931.406,-85,-28,-118
1747907173970.031,182084,1747907173951.25,-97,-29,-116
1747907173989.875,182100,1747907173971.125,-80,-25,-117
1747907174009.75,182119,1747907173990.937,-80,-29,-117
1747907174029.625,182129,1747907174010.812,-84,-26,-119
1747907174049.469,182126,1747907174030.688,-96,-25,-121
1747907174069.281,182148,1747907174050.563,-89,-18,-116
1747907174089.156,182170,1747907174070.344,-92,-25,-116
1747907174109.0,182192,1747907174090.219,-96,-33,-118
1747907174128.875,182214,1747907174110.094,-93,-24,-122
1747907174148.6868,182254,1747907174129.938,-89,-27,-113
1747907174168.531,182304,1747907174149.75,-91,-33,-113
1747907174188.406,182344,1747907174169.594,-87,-26,-112
1747907174208.25,182395,1747907174189.469,-84,-25,-121
1747907174228.062,182442,1747907174209.313,-95,-33,-121
1747907174247.937,182503,1747907174229.25,-85,-29,-127
1747907174267.813,182530,1747907174249.031,-96,-25,-116
1747907174287.656,182603,1747907174268.906,-85,-21,-120
1747907174307.5,182654,1747907174288.719,-97,-29,-121
1747907174327.344,182722,1747907174308.563,-87,-29,-115
1747907174347.156,182752,1747907174328.406,-96,-25,-122
1747907174367.031,182748,1747907174348.25,-90,-31,-127
1747907174386.875,182684,1747907174368.125,-93,-25,-121
1747907174406.687,182618,1747907174387.969,-96,-33,-116
1747907174426.562,182534,1747907174407.781,-85,-25,-121
1747907174446.438,182464,1747907174427.656,-80,-25,-126
1747907174466.219,182404,1747907174447.5,-84,-20,-121
1747907174486.094,182350,1747907174467.344,-100,-22,-116
1747907174505.937,182294,1747907174487.188,-82,-16,-120
1747907174525.844,182246,1747907174507.031,-97,-29,-110
1747907174545.688,182195,1747907174526.906,-82,-31,-129
1747907174565.531,182201,1747907174546.781,-97,-14,-121
1747907174585.375,182202,1747907174566.688,-83,-29,-117
1747907174605.25,182192,1747907174586.438,-92,-33,-116
1747907174625.094,182191,1747907174606.344,-96,-26,-100
1747907174644.969,182187,1747907174626.219,-97,-29,-114
1747907174664.937,182190,1747907174646.031,-93,-33,-114
1747907174684.75,182179,1747907174666.0,-103,-22,-114
1747907174704.531,182181,1747907174685.75,-91,-25,-121
1747907174724.375,182154,1747907174705.625,-84,-25,-119
1747907174744.219,182184,1747907174725.437,-97,-33,-122
1747907174764.094,182200,1747907174745.313,-87,-25,-122
1747907174783.906,182213,1747907174765.156,-89,-23,-120
1747907174803.781,182242,1747907174785.031,-84,-29,-124
1747907174823.625,182259,1747907174804.844,-97,-28,-124
1747907174843.469,182299,1747907174824.719,-88,-29,-127
1747907174863.312,182327,1747907174844.531,-84,-29,-120
1747907174883.188,182373,1747907174864.406,-98,-29,-110
1747907174903.0,182408,1747907174884.25,-89,-33,-113
1747907174922.875,182469,1747907174904.156,-88,-25,-117
1747907174942.719,182522,1747907174923.969,-97,-33,-114
1747907174962.562,182548,1747907174943.844,-86,-25,-117
1747907174982.469,182619,1747907174963.656,-84,-25,-113
1747907175002.313,182656,1747907174983.531,-94,-25,-116
1747907175022.156,182655,1747907175003.406,-101,-22,-116
1747907175042.0,182599,1747907175023.219,-84,-33,-131
1747907175061.844,182515,1747907175043.063,-80,-29,-125
1747907175081.719,182407,1747907175062.906,-97,-33,-115
1747907175101.562,182316,1747907175082.812,-88,-25,-117
1747907175121.437,182228,1747907175102.656,-88,-27,-115
1747907175141.25,182160,1747907175122.469,-92,-25,-125
1747907175161.125,182105,1747907175142.313,-91,-28,-113
1747907175180.969,182045,1747907175162.187,-84,-26,-124
1747907175200.812,182013,1747907175182.062,-82,-28,-128
1747907175220.687,181993,1747907175201.875,-88,-33,-110
1747907175240.531,181981,1747907175221.75,-96,-33,-114
1747907175260.406,181966,1747907175241.594,-97,-25,-118
1747907175280.25,181971,1747907175261.469,-84,-25,-113
1747907175300.062,181951,1747907175281.313,-99,-23,-119
1747907175319.937,181949,1747907175301.125,-73,-29,-117
1747907175339.781,181943,1747907175321.0,-89,-25,-116
1747907175359.625,181941,1747907175340.875,-84,-25,-116
1747907175379.5,181919,1747907175360.687,-91,-25,-121
1747907175399.344,181921,1747907175380.563,-87,-33,-113
1747907175419.188,181911,1747907175400.438,-89,-25,-116
1747907175439.031,181923,1747907175420.281,-81,-25,-121
1747907175458.906,181935,1747907175440.125,-96,-32,-122
1747907175478.75,181956,1747907175459.938,-95,-33,-121
1747907175498.625,181972,1747907175479.844,-98,-22,-121
1747907175518.438,182001,1747907175499.719,-88,-26,-120
1747907175538.313,182016,1747907175519.5,-88,-30,-137
1747907175558.156,182044,1747907175539.406,-85,-33,-116
1747907175578.031,182095,1747907175559.219,-96,-25,-114
1747907175597.875,182123,1747907175579.094,-93,-25,-114
1747907175617.75,182169,1747907175598.969,-87,-29,-116
1747907175637.563,182241,1747907175618.812,-97,-26,-116
1747907175657.469,182280,1747907175638.656,-79,-26,-122
1747907175677.313,182320,1747907175658.531,-93,-29,-117
1747907175697.156,182296,1747907175678.375,-96,-25,-125
1747907175717.031,182265,1747907175698.25,-82,-25,-121
1747907175736.937,182153,1747907175718.125,-94,-29,-114
1747907175756.75,182043,1747907175738.0,-76,-27,-122
1747907175776.656,181943,1747907175757.844,-81,-29,-116
1747907175796.531,181845,1747907175777.719,-93,-25,-120
1747907175816.375,181756,1747907175797.594,-81,-32,-120
1747907175836.219,181687,1747907175817.469,-84,-29,-121
1747907175856.094,181635,1747907175837.281,-89,-33,-110
1747907175875.938,181578,1747907175857.187,-84,-13,-120
1747907175895.812,181532,1747907175877.031,-92,-25,-114
1747907175915.656,181498,1747907175896.906,-88,-26,-122
1747907175935.5,181479,1747907175916.719,-85,-27,-113
1747907175955.375,181473,1747907175936.562,-90,-33,-111
1747907175975.219,181459,1747907175956.469,-97,-26,-122
1747907175995.062,181433,1747907175976.3132,-96,-25,-113
1747907176014.937,181419,1747907175996.156,-81,-30,-122
1747907176034.781,181414,1747907176016.0,-93,-27,-113
1747907176054.656,181389,1747907176035.844,-88,-25,-113
1747907176074.469,181380,1747907176055.719,-92,-25,-113
1747907176094.344,181370,1747907176075.531,-80,-25,-117
1747907176114.188,181370,1747907176095.406,-93,-30,-115
1747907176134.063,181356,1747907176115.281,-84,-29,-121
1747907176153.906,181377,1747907176135.125,-80,-26,-118
1747907176173.75,181389,1747907176154.969,-81,-25,-125
1747907176193.656,181400,1747907176174.844,-85,-33,-116
1747907176213.469,181427,1747907176194.687,-93,-16,-121
1747907176233.313,181471,1747907176214.562,-90,-25,-116
1747907176253.156,181511,1747907176234.375,-82,-25,-124
1747907176273.031,181550,1747907176254.25,-95,-25,-104
1747907176292.906,181590,1747907176274.094,-93,-25,-121
1747907176312.75,181636,1747907176293.969,-88,-25,-117
1747907176332.625,181660,1747907176313.812,-87,-25,-121
1747907176352.5,181719,1747907176333.688,-89,-33,-121
1747907176372.344,181775,1747907176353.563,-88,-26,-116
1747907176392.188,181792,1747907176373.406,-97,-29,-116
1747907176412.125,181767,1747907176393.25,-84,-28,-122
1747907176431.937,181705,1747907176413.188,-84,-33,-109
1747907176451.75,181582,1747907176432.938,-84,-25,-133
1747907176471.594,181476,1747907176452.812,-85,-33,-121
1747907176491.438,181370,1747907176472.656,-97,-33,-118
1747907176511.281,181276,1747907176492.531,-84,-23,-116
1747907176531.156,181203,1747907176512.375,-87,-25,-121
1747907176551.0,181136,1747907176532.25,-88,-33,-123
1747907176570.875,181094,1747907176552.094,-81,-29,-116
1747907176590.75,181045,1747907176571.969,-84,-29,-119
1747907176610.625,181037,1747907176591.813,-84,-29,-125
1747907176630.438,181011,1747907176611.688,-98,-21,-116
1747907176650.313,181001,1747907176631.531,-84,-25,-116
1747907176670.156,180987,1747907176651.375,-96,-26,-113
1747907176690.0,180979,1747907176671.25,-88,-25,-119
1747907176709.812,180958,1747907176691.094,-90,-29,-145
1747907176729.688,180936,1747907176710.906,-71,-29,-125
1747907176749.531,180906,1747907176730.781,-85,-29,-122
1747907176769.375,180885,1747907176750.594,-96,-29,-122
1747907176789.219,180880,1747907176770.469,-84,-27,-113
1747907176809.094,180870,1747907176790.313,-96,-29,-114
1747907176828.938,180870,1747907176810.156,-93,-30,-121
1747907176848.813,180867,1747907176830.0,-84,-26,-117
1747907176868.625,180877,1747907176849.875,-93,-25,-117
1747907176888.469,180881,1747907176869.75,-95,-33,-125
1747907176908.344,180903,1747907176889.531,-93,-29,-121
1747907176928.188,180947,1747907176909.406,-92,-29,-125
1747907176948.031,180986,1747907176929.25,-93,-25,-128
1747907176967.906,181033,1747907176949.094,-85,-31,-129
1747907176987.781,181078,1747907176968.9382,-87,-26,-122
1747907177007.625,181114,1747907176988.844,-85,-25,-122
1747907177027.469,181165,1747907177008.687,-87,-25,-119
1747907177047.312,181208,1747907177028.563,-84,-26,-116
1747907177067.187,181260,1747907177048.375,-88,-27,-113
1747907177087.031,181320,1747907177068.25,-96,-33,-114
1747907177106.875,181337,1747907177088.125,-79,-34,-115
1747907177126.75,181311,1747907177107.937,-85,-18,-117
1747907177146.594,181244,1747907177127.813,-82,-25,-122
1747907177166.469,181145,1747907177147.688,-84,-24,-116
1747907177186.313,181048,1747907177167.531,-84,-25,-117
1747907177206.25,180921,1747907177187.406,-100,-33,-114
1747907177226.0,180811,1747907177207.219,-97,-1,-127
1747907177245.875,180740,1747907177227.125,-89,-25,-121
1747907177265.688,180659,1747907177246.938,-82,-28,-121
1747907177285.563,180606,1747907177266.812,-84,-37,-110
1747907177305.437,180560,1747907177286.625,-82,-33,-116
1747907177325.312,180545,1747907177306.5,-89,-25,-110
1747907177345.156,180531,1747907177326.375,-93,-29,-121
1747907177365.0,180524,1747907177346.25,-85,-21,-122
1747907177384.844,180517,1747907177366.031,-93,-27,-113
1747907177404.719,180518,1747907177385.906,-93,-29,-113
1747907177424.562,180494,1747907177405.781,-80,-33,-119
1747907177444.375,180461,1747907177425.687,-97,-28,-121
1747907177464.25,180449,1747907177445.437,-91,-25,-113
1747907177484.125,180439,1747907177465.312,-92,-26,-121
1747907177503.937,180418,1747907177485.219,-80,-17,-128
1747907177523.906,180414,1747907177505.063,-100,-29,-116
1747907177543.719,180401,1747907177525.0,-100,-29,-113
1747907177563.562,180422,1747907177544.781,-87,-31,-122
1747907177583.375,180436,1747907177564.625,-92,-29,-114
1747907177603.219,180448,1747907177584.5,-87,-25,-116
1747907177623.094,180477,1747907177604.281,-88,-33,-109
1747907177642.969,180505,1747907177624.219,-92,-25,-116
1747907177662.812,180530,1747907177644.063,-89,-25,-122
1747907177682.656,180579,1747907177663.906,-84,-29,-117
1747907177702.531,180623,1747907177683.75,-89,-27,-115
1747907177722.406,180637,1747907177703.594,-89,-25,-116
1747907177742.219,180690,1747907177723.469,-100,-25,-118
1747907177762.094,180733,1747907177743.344,-84,-25,-121
1747907177781.938,180782,1747907177763.156,-92,-25,-117
1747907177801.844,180800,1747907177783.031,-88,-27,-117
1747907177821.656,180838,1747907177802.906,-84,-28,-116
1747907177841.5,180805,1747907177822.75,-94,-25,-117
1747907177861.375,180737,1747907177842.563,-95,-33,-113
1747907177881.25,180646,1747907177862.437,-84,-33,-122
1747907177901.094,180531,1747907177882.344,-95,-24,-110
1747907177920.969,180427,1747907177902.219,-95,-29,-110
1747907177940.844,180324,1747907177922.031,-84,-25,-121
1747907177960.719,180264,1747907177941.937,-87,-31,-120
1747907177980.563,180189,1747907177961.781,-90,-29,-114
1747907178000.406,180142,1747907177981.656,-84,-25,-121
1747907178020.281,180119,1747907178001.5,-85,-29,-125
1747907178040.156,180096,1747907178021.375,-87,-29,-122
1747907178060.0,180093,1747907178041.219,-85,-26,-114
1747907178079.844,180088,1747907178061.125,-89,-25,-116
1747907178099.719,180113,1747907178080.906,-85,-29,-121
1747907178119.562,180100,1747907178100.813,-84,-29,-122
1747907178139.438,180096,1747907178120.625,-85,-29,-130
1747907178159.312,180094,1747907178140.531,-87,-29,-116
1747907178179.156,180068,1747907178160.375,-88,-22,-113
1747907178199.031,180063,1747907178180.219,-85,-33,-113
1747907178218.906,180052,1747907178200.125,-88,-25,-121
1747907178238.75,180072,1747907178220.0,-73,-29,-121
1747907178258.594,180082,1747907178239.813,-90,-25,-116
1747907178278.469,180114,1747907178259.656,-80,-26,-121
1747907178298.313,180142,1747907178279.562,-100,-26,-121
1747907178318.188,180173,1747907178299.437,-86,-21,-116
1747907178338.062,180205,1747907178319.25,-89,-29,-118
1747907178357.906,180226,1747907178339.125,-88,-29,-102
1747907178377.75,180220,1747907178359.0,-88,-29,-115
1747907178397.594,180245,1747907178378.875,-92,-29,-124
1747907178417.469,180285,1747907178398.656,-82,-25,-127
1747907178437.3118,180314,1747907178418.531,-89,-26,-114
1747907178457.156,180362,1747907178438.406,-89,-26,-113
1747907178477.031,180402,1747907178458.312,-93,-33,-114
1747907178496.875,180430,1747907178478.094,-86,-29,-109
1747907178516.781,180396,1747907178497.969,-97,-24,-129
1747907178536.625,180353,1747907178517.844,-82,-25,-118
1747907178556.469,180236,1747907178537.719,-93,-26,-114
1747907178576.344,180135,1747907178557.562,-95,-29,-121
1747907178596.187,180036,1747907178577.406,-98,-29,-116
1747907178616.031,179924,1747907178597.25,-104,-25,-124
1747907178635.875,179837,1747907178617.125,-80,-28,-113
1747907178655.75,179779,1747907178636.937,-97,-29,-116
1747907178675.594,179730,1747907178656.812,-85,-29,-121
1747907178695.437,179702,1747907178676.719,-85,-33,-113
1747907178715.312,179711,1747907178696.531,-88,-25,-117
1747907178735.156,179709,1747907178716.406,-97,-24,-116
1747907178755.031,179692,1747907178736.219,-93,-26,-129
1747907178774.875,179695,1747907178756.094,-92,-26,-117
1747907178794.719,179707,1747907178775.969,-98,-33,-121
1747907178814.594,179676,1747907178795.781,-93,-23,-114
1747907178834.469,179678,1747907178815.687,-90,-29,-114
1747907178854.312,179679,1747907178835.531,-97,-23,-119
1747907178874.187,179666,1747907178855.406,-89,-28,-122
1747907178894.031,179670,1747907178875.25,-96,-28,-110
1747907178913.906,179661,1747907178895.125,-82,-25,-125
1747907178933.75,179676,1747907178915.0,-93,-26,-125
1747907178953.594,179709,1747907178934.875,-100,-29,-118
1747907178973.469,179717,1747907178954.688,-95,-33,-116
1747907178993.344,179784,1747907178974.531,-90,-25,-120
1747907179013.188,179808,1747907178994.406,-84,-25,-114
1747907179033.062,179851,1747907179014.281,-95,-33,-120
1747907179052.906,179888,1747907179034.125,-85,-25,-117
1747907179072.781,179944,1747907179053.969,-95,-29,-116
1747907179092.625,179975,1747907179073.875,-89,-25,-127
1747907179112.469,180038,1747907179093.719,-87,-25,-122
1747907179132.344,180090,1747907179113.531,-80,-26,-117
1747907179152.219,180103,1747907179133.406,-97,-29,-113
1747907179172.031,180082,1747907179153.25,-89,-33,-121
1747907179191.844,180017,1747907179173.156,-84,-29,-121
1747907179211.75,179922,1747907179192.938,-87,-29,-113
1747907179231.594,179809,1747907179212.813,-95,-33,-113
1747907179251.406,179698,1747907179232.656,-82,-25,-119
1747907179271.281,179592,1747907179252.5,-98,-25,-122
1747907179291.125,179515,1747907179272.375,-87,-29,-126
1747907179311.0,179440,1747907179292.219,-113,-26,-129
1747907179330.844,179385,1747907179312.063,-81,-25,-121
1747907179350.688,179359,1747907179331.937,-104,-33,-114
1747907179370.563,179327,1747907179351.75,-84,-25,-113
1747907179390.406,179315,1747907179371.625,-90,-33,-114
1747907179410.219,179316,1747907179391.469,-84,-29,-112
1747907179430.094,179300,1747907179411.344,-96,-28,-121
1747907179449.969,179305,1747907179431.187,-87,-26,-120
1747907179469.781,179301,1747907179451.031,-89,-27,-119
1747907179489.625,179285,1747907179470.875,-88,-26,-115
1747907179509.5,179264,1747907179490.719,-87,-25,-119
1747907179529.344,179261,1747907179510.562,-84,-29,-116
1747907179549.219,179260,1747907179530.406,-93,-33,-115
1747907179569.062,179265,1747907179550.281,-88,-25,-117
1747907179588.906,179259,1747907179570.156,-104,-33,-114
1747907179608.781,179284,1747907179589.969,-95,-27,-113
1747907179628.625,179317,1747907179609.844,-93,-33,-118
1747907179648.438,179353,1747907179629.687,-89,-29,-121
1747907179668.281,179419,1747907179649.531,-81,-29,-113
1747907179688.094,179419,1747907179669.344,-81,-29,-113
1747907179727.719,127147,1747907179709.031,-81,-21,-121
1747907179747.531,127191,1747907179728.937,-93,-20,-119
1747907179767.375,127227,1747907179748.781,-88,-20,-121
1747907179787.281,127277,1747907179768.594,-96,-17,-116
1747907179807.125,127292,1747907179788.5,-93,-17,-117
1747907179826.938,127314,1747907179808.344,-87,-10,-116
1747907179846.812,127280,1747907179828.156,-82,-10,-115
1747907179866.656,127205,1747907179848.031,-80,-17,-117
1747907179886.531,127110,1747907179867.844,-72,-17,-121
1747907179906.375,127015,1747907179887.75,-87,-17,-121
1747907179926.188,126942,1747907179907.594,-92,-17,-126
1747907179946.062,126846,1747907179927.406,-95,-18,-122
1747907179965.937,126785,1747907179947.25,-98,-13,-116
1747907179985.75,126736,1747907179967.156,-97,-10,-120
1747907180005.594,126690,1747907179987.0,-81,-10,-121
1747907180025.5,126672,1747907180006.813,-84,-17,-124
1747907180045.344,126640,1747907180026.656,-96,-33,-121
1747907180065.156,126626,1747907180046.5,-93,-17,-124
1747907180085.0,126618,1747907180066.406,-88,-9,-122
1747907180104.875,126603,1747907180086.219,-97,-19,-129
1747907180124.75,126613,1747907180106.094,-98,-17,-121
1747907180144.562,126587,1747907180125.938,-82,-9,-119
1747907180164.438,126570,1747907180145.812,-96,-17,-116
1747907180184.313,126565,1747907180165.625,-84,-17,-113
1747907180204.156,126560,1747907180185.531,-97,-17,-119
1747907180223.969,126558,1747907180205.375,-84,-17,-121
1747907180243.844,126547,1747907180225.219,-85,-13,-125
1747907180263.75,126574,1747907180245.062,-84,-17,-116
1747907180283.563,126581,1747907180264.906,-81,-23,-116
1747907180303.406,126595,1747907180284.781,-92,-17,-114
1747907180323.25,126611,1747907180304.656,-65,-17,-117
1747907180343.125,126641,1747907180324.437,-86,-17,-119
1747907180362.969,126673,1747907180344.344,-93,-17,-119
1747907180382.812,126687,1747907180364.188,-89,-12,-122
1747907180402.656,126728,1747907180384.031,-93,-18,-124
1747907180422.5,126769,1747907180403.8442,-85,-17,-121
1747907180442.375,126810,1747907180423.719,-82,-17,-132
1747907180462.219,126837,1747907180443.594,-93,-17,-121
1747907180482.062,126872,1747907180463.438,-93,-12,-124
1747907180501.906,126914,1747907180483.25,-83,-17,-128
1747907180521.781,126927,1747907180503.125,-87,-17,-116
1747907180541.625,126893,1747907180523.0,-97,-17,-116
1747907180561.438,126818,1747907180542.906,-82,-25,-117
1747907180581.312,126737,1747907180562.656,-98,-17,-113
1747907180601.187,126641,1747907180582.5,-84,-25,-122
1747907180621.031,126558,1747907180602.406,-82,-10,-122
1747907180640.938,126484,1747907180622.25,-88,-17,-124
1747907180660.719,126431,1747907180642.156,-80,-17,-121
1747907180680.594,126378,1747907180661.938,-84,-17,-114
1747907180700.469,126348,1747907180681.812,-92,-17,-127
1747907180720.281,126300,1747907180701.687,-89,-4,-114
1747907180740.156,126289,1747907180721.469,-80,-17,-121
1747907180760.031,126286,1747907180741.375,-84,-17,-121
1747907180779.875,126275,1747907180761.219,-84,-17,-104
1747907180799.719,126261,1747907180781.156,-93,-18,-119
1747907180819.563,126267,1747907180800.937,-93,-17,-121
1747907180839.437,126255,1747907180820.75,-89,-9,-127
1747907180859.312,126244,1747907180840.625,-96,-17,-120
1747907180879.219,126225,1747907180860.531,-85,-17,-116
1747907180899.031,126238,1747907180880.406,-84,-9,-124
1747907180918.906,126228,1747907180900.25,-84,-17,-119
1747907180938.75,126251,1747907180920.063,-88,-17,-119
1747907180958.594,126242,1747907180939.937,-96,-9,-128
1747907180978.469,126264,1747907180959.781,-87,-17,-121
1747907180998.312,126292,1747907180979.688,-77,-17,-117
1747907181018.187,126324,1747907180999.531,-86,-18,-113
1747907181038.063,126338,1747907181019.375,-88,-17,-120
1747907181057.906,126373,1747907181039.25,-72,-21,-116
1747907181077.75,126403,1747907181059.094,-97,-13,-121
1747907181097.625,126437,1747907181078.969,-85,-17,-116
1747907181117.469,126472,1747907181098.844,-97,-16,-111
1747907181137.344,126515,1747907181118.687,-86,-17,-121
1747907181157.219,126560,1747907181138.531,-84,-17,-121
1747907181177.062,126611,1747907181158.438,-88,-17,-120
1747907181196.937,126655,1747907181178.281,-80,-17,-116
1747907181216.781,126715,1747907181198.156,-98,-17,-114
1747907181236.656,126734,1747907181218.031,-84,-10,-119
1747907181256.5,126708,1747907181237.875,-95,-17,-116
1747907181276.375,126648,1747907181257.75,-84,-18,-119
1747907181296.25,126573,1747907181277.594,-95,-9,-114
1747907181316.125,126470,1747907181297.469,-82,-17,-116
1747907181335.938,126385,1747907181317.344,-89,-17,-121
1747907181355.812,126328,1747907181337.188,-88,-18,-122
1747907181375.688,126267,1747907181357.031,-84,-18,-119
1747907181395.531,126241,1747907181376.875,-79,-17,-121
1747907181415.375,126198,1747907181396.75,-82,-17,-119
1747907181435.219,126183,1747907181416.625,-97,-17,-114
1747907181455.125,126174,1747907181436.438,-93,-33,-104
1747907181475.031,126174,1747907181456.344,-88,-9,-121
1747907181494.844,126176,1747907181476.219,-96,-17,-122
1747907181514.75,126169,1747907181496.094,-97,-25,-96
1747907181534.625,126158,1747907181516.031,-93,-10,-118
1747907181554.5,126177,1747907181535.812,-87,-17,-116
1747907181574.375,126157,1747907181555.719,-98,-17,-121
1747907181594.25,126138,1747907181575.594,-85,-17,-112
1747907181614.125,126127,1747907181595.438,-84,-17,-114
1747907181634.0,126144,1747907181615.312,-85,-18,-116
1747907181653.875,126140,1747907181635.219,-89,-17,-112
1747907181673.75,126169,1747907181655.031,-89,-21,-123
1747907181693.625,126176,1747907181674.969,-84,-17,-120
1747907181713.531,126201,1747907181694.812,-97,-17,-116
1747907181733.344,126224,1747907181714.75,-88,-17,-125
1747907181753.219,126269,1747907181734.5632,-97,-13,-116
1747907181773.094,126296,1747907181754.406,-85,-17,-113
1747907181792.969,126324,1747907181774.312,-97,-17,-117
1747907181812.813,126366,1747907181794.188,-85,-18,-122
1747907181832.687,126402,1747907181814.031,-97,-17,-114
1747907181852.562,126451,1747907181833.906,-101,-10,-132
1747907181872.406,126485,1747907181853.75,-87,-17,-122
1747907181892.281,126533,1747907181873.656,-93,-18,-117
1747907181912.125,126572,1747907181893.5,-81,-25,-94
1747907181932.062,126608,1747907181913.344,-93,-10,-121
1747907181951.844,126626,1747907181933.219,-83,-33,-120
1747907181971.719,126616,1747907181953.062,-89,-17,-127
1747907181991.594,126566,1747907181972.906,-85,-17,-122
1747907182011.437,126483,1747907181992.781,-82,-17,-114
1747907182031.313,126411,1747907182012.656,-95,-9,-116
1747907182051.188,126324,1747907182032.531,-96,-17,-119
1747907182071.062,126275,1747907182052.375,-87,-18,-121
1747907182090.937,126240,1747907182072.219,-88,-17,-124
1747907182110.75,126187,1747907182092.156,-84,-17,-114
1747907182130.625,126190,1747907182111.969,-88,-25,-116
1747907182150.5,126173,1747907182131.875,-81,-17,-129
1747907182170.406,126171,1747907182151.719,-93,-17,-128
1747907182190.219,126182,1747907182171.594,-80,-25,-116
1747907182210.094,126191,1747907182191.437,-93,-17,-117
1747907182230.0,126189,1747907182211.313,-88,-17,-125
1747907182249.875,126185,1747907182231.188,-92,-25,-128
1747907182269.719,126187,1747907182251.062,-87,-17,-122
1747907182289.594,126181,1747907182270.906,-93,-17,-120
1747907182309.438,126185,1747907182290.781,-87,-17,-125
1747907182329.344,126181,1747907182310.656,-93,-25,-122
1747907182349.156,126182,1747907182330.5308,-87,-17,-113
1747907182369.031,126194,1747907182350.375,-93,-25,-116
1747907182388.937,126220,1747907182370.25,-87,-17,-121
1747907182408.781,126236,1747907182390.156,-97,-17,-114
1747907182428.625,126256,1747907182409.969,-82,-17,-118
1747907182448.5,126297,1747907182429.844,-84,-17,-112
1747907182468.375,126310,1747907182449.719,-95,-17,-118
1747907182488.25,126357,1747907182469.563,-87,-9,-121
1747907182508.094,126393,1747907182489.469,-97,-17,-113
1747907182527.969,126441,1747907182509.281,-88,-17,-121
1747907182547.813,126479,1747907182529.156,-91,-17,-114
1747907182567.781,126504,1747907182549.031,-90,-17,-116
1747907182587.531,126555,1747907182568.906,-81,-26,-116
1747907182607.406,126612,1747907182588.75,-92,-17,-117
1747907182627.25,126635,1747907182608.625,-85,-18,-120
1747907182647.125,126612,1747907182628.469,-97,-17,-112
1747907182666.969,126563,1747907182648.344,-93,-17,-117
1747907182686.844,126501,1747907182668.156,-89,-17,-121
1747907182706.719,126404,1747907182688.062,-84,-17,-113
1747907182726.562,126323,1747907182707.906,-90,-9,-116
1747907182746.406,126255,1747907182727.781,-81,-17,-125
1747907182766.313,126219,1747907182747.625,-95,-17,-114
1747907182786.156,126185,1747907182767.531,-87,-17,-120
1747907182806.0,126161,1747907182787.375,-86,-17,-119
1747907182825.875,126141,1747907182807.25,-97,-18,-117
1747907182845.844,126157,1747907182827.094,-82,-17,-111
1747907182865.594,126157,1747907182847.062,-93,-17,-116
1747907182885.438,126163,1747907182866.812,-85,-19,-123
1747907182905.312,126169,1747907182886.688,-84,-17,-121
1747907182925.187,126181,1747907182906.531,-97,-18,-121
1747907182945.031,126185,1747907182926.375,-85,-17,-116
1747907182964.875,126187,1747907182946.219,-84,-17,-121
1747907182984.719,126195,1747907182966.094,-90,-37,-127
1747907183004.594,126196,1747907182985.938,-85,-9,-114
1747907183024.469,126204,1747907183005.8442,-90,-18,-116
1747907183044.313,126223,1747907183025.656,-85,-17,-121
1747907183064.156,126232,1747907183045.563,-84,-17,-120
1747907183084.031,126265,1747907183065.375,-92,-17,-122
1747907183103.906,126288,1747907183085.219,-84,-17,-121
1747907183123.75,126305,1747907183105.094,-85,-9,-128
1747907183143.594,126345,1747907183124.937,-90,-17,-121
1747907183163.469,126378,1747907183144.781,-77,-17,-116
1747907183183.344,126413,1747907183164.688,-85,-17,-114
1747907183203.219,126450,1747907183184.531,-89,-17,-124
1747907183223.031,126495,1747907183204.406,-84,-21,-125
1747907183242.875,126532,1747907183224.25,-80,-25,-119
1747907183262.75,126568,1747907183244.125,-74,-17,-114
1747907183282.594,126614,1747907183263.937,-85,-17,-113
1747907183302.469,126633,1747907183283.844,-93,-17,-122
1747907183322.344,126623,1747907183303.625,-89,-1,-118
1747907183342.187,126571,1747907183323.531,-82,-13,-117
1747907183362.031,126493,1747907183343.375,-93,-13,-122
1747907183381.906,126408,1747907183363.281,-85,-24,-104
1747907183401.75,126306,1747907183383.094,-95,-17,-113
1747907183421.594,126231,1747907183402.938,-84,-13,-113
1747907183441.437,126171,1747907183422.844,-85,-17,-127
1747907183461.313,126127,1747907183442.687,-85,-17,-125
1747907183481.156,126086,1747907183462.531,-90,-18,-123
1747907183501.0,126062,1747907183482.375,-96,-17,-114
1747907183520.844,126047,1747907183502.219,-88,-17,-119
1747907183540.687,126044,1747907183522.094,-84,-10,-120
1747907183560.563,126048,1747907183541.906,-84,-17,-125
1747907183580.438,126053,1747907183561.75,-85,-17,-122
1747907183600.25,126053,1747907183581.625,-84,-17,-124
1747907183620.094,126052,1747907183601.469,-81,-18,-123
1747907183639.937,126062,1747907183621.312,-84,-18,-119
1747907183659.781,126043,1747907183641.156,-89,-4,-122
1747907183679.656,126032,1747907183661.0,-92,-17,-121
1747907183699.5,126039,1747907183680.875,-100,-13,-119
1747907183719.375,126063,1747907183700.688,-87,-25,-104
1747907183739.25,126065,1747907183720.625,-95,-17,-121
1747907183759.094,126093,1747907183740.469,-96,-17,-119
1747907183778.969,126123,1747907183760.281,-82,-13,-121
1747907183798.844,126150,1747907183780.156,-88,-17,-121
1747907183818.719,126175,1747907183800.0,-82,-17,-128
1747907183838.531,126225,1747907183819.937,-85,-18,-116
1747907183858.437,126246,1747907183839.781,-82,-17,-117
1747907183878.281,126315,1747907183859.625,-97,-17,-112
1747907183898.156,126350,1747907183879.5,-93,-25,-118
1747907183918.0,126393,1747907183899.375,-93,-17,-118
1747907183937.844,126444,1747907183919.25,-85,-18,-121
1747907183957.75,126490,1747907183939.063,-84,-16,-125
1747907183977.594,126545,1747907183958.9692,-93,-17,-117
1747907183997.438,126565,1747907183978.812,-89,-17,-117
1747907184017.281,126561,1747907183998.656,-96,-10,-120
1747907184037.156,126510,1747907184018.469,-81,-17,-122
1747907184057.031,126434,1747907184038.375,-93,-25,-119
1747907184076.875,126355,1747907184058.219,-93,-17,-125
1747907184096.75,126258,1747907184078.125,-97,-9,-117
1747907184116.594,126194,1747907184097.969,-82,-9,-127
1747907184136.469,126127,1747907184117.813,-95,-17,-117
1747907184156.281,126082,1747907184137.687,-89,-17,-120
1747907184176.156,126051,1747907184157.531,-89,-18,-119
1747907184196.031,126024,1747907184177.344,-92,-17,-120
1747907184215.844,126037,1747907184197.25,-94,-17,-118
1747907184235.687,126021,1747907184217.062,-88,-9,-122
1747907184255.594,126025,1747907184236.937,-93,-17,-121
1747907184275.4058,126045,1747907184256.813,-93,-9,-120
1747907184295.25,126033,1747907184276.594,-90,-17,-116
1747907184315.094,126042,1747907184296.469,-84,-17,-122
1747907184334.969,126033,1747907184316.312,-89,-13,-117
1747907184354.844,126053,1747907184336.156,-95,-17,-115
1747907184374.719,126040,1747907184356.031,-85,-18,-113
1747907184394.531,126037,1747907184375.875,-96,-33,-119
1747907184414.375,126052,1747907184395.75,-87,-17,-116
1747907184434.25,126075,1747907184415.594,-90,-16,-121
1747907184454.125,126096,1747907184435.469,-81,-20,-121
1747907184473.937,126092,1747907184455.344,-88,-17,-116
1747907184493.812,126134,1747907184475.188,-93,-8,-111
1747907184513.688,126150,1747907184495.031,-100,-17,-116
1747907184533.531,126182,1747907184514.875,-88,-17,-115
1747907184553.375,126233,1747907184534.719,-90,-17,-119
1747907184573.219,126293,1747907184554.594,-80,-17,-118
1747907184593.094,126335,1747907184574.437,-97,-17,-119
1747907184612.906,126376,1747907184594.281,-96,-17,-121
1747907184632.781,126426,1747907184614.125,-98,-17,-119
1747907184652.625,126484,1747907184634.0,-82,-18,-121
1747907184672.437,126542,1747907184653.813,-75,-17,-124
1747907184692.344,126572,1747907184673.656,-86,-17,-124
1747907184712.188,126630,1747907184693.562,-90,-17,-121
1747907184732.031,126649,1747907184713.375,-96,-16,-113
1747907184751.875,126640,1747907184733.219,-84,-17,-117
1747907184771.75,126576,1747907184753.094,-85,-17,-114
1747907184791.625,126503,1747907184772.969,-96,-25,-129
1747907184811.438,126426,1747907184792.844,-89,-17,-116
1747907184831.281,126352,1747907184812.656,-89,-17,-121
1747907184851.156,126278,1747907184832.5,-88,-17,-120
1747907184871.031,126234,1747907184852.344,-90,-9,-114
1747907184890.844,126204,1747907184872.219,-84,-17,-113
1747907184910.687,126198,1747907184892.094,-88,-25,-122
1747907184930.562,126186,1747907184911.938,-97,-17,-116
1747907184950.438,126172,1747907184931.75,-81,-17,-121
1747907184970.25,126192,1747907184951.625,-80,-13,-113
1747907184990.156,126204,1747907184971.5,-93,-17,-125
1747907185009.969,126207,1747907184991.375,-80,-17,-119
1747907185029.875,126247,1747907185011.188,-90,-17,-114
1747907185049.688,126236,1747907185031.0618,-96,-17,-117
1747907185069.531,126241,1747907185050.906,-89,-4,-114
1747907185089.375,126242,1747907185070.75,-82,-9,-125
1747907185109.25,126260,1747907185090.625,-89,-18,-124
1747907185129.062,126267,1747907185110.437,-85,-25,-96
1747907185148.938,126290,1747907185130.25,-88,-17,-114
1747907185168.813,126317,1747907185150.188,-95,-18,-116
1747907185188.687,126337,1747907185170.031,-85,-17,-121
1747907185208.5,126368,1747907185189.875,-90,-17,-120
1747907185228.438,126405,1747907185209.75,-93,-17,-121
1747907185248.25,126433,1747907185229.625,-90,-17,-120
1747907185268.125,126477,1747907185249.438,-86,-17,-118
1747907185287.937,126545,1747907185269.344,-97,-17,-121
1747907185307.813,126580,1747907185289.156,-94,-17,-124
1747907185327.688,126634,1747907185309.0,-88,-17,-121
1747907185347.531,126689,1747907185328.875,-84,-17,-121
1747907185367.375,126733,1747907185348.75,-86,-18,-116
1747907185387.313,126796,1747907185368.594,-96,-9,-122
1747907185407.094,126847,1747907185388.437,-80,-21,-121
1747907185426.969,126898,1747907185408.313,-100,-9,-113
1747907185446.812,126946,1747907185428.188,-81,-17,-119
1747907185466.656,126996,1747907185448.0,-97,-16,-120
1747907185486.5,127003,1747907185467.875,-84,-17,-120
1747907185506.375,126980,1747907185487.719,-93,-17,-116
1747907185526.219,126931,1747907185507.594,-80,-17,-112
1747907185546.094,126863,1747907185527.438,-96,-9,-119
1747907185565.938,126781,1747907185547.281,-84,-17,-119
1747907185585.813,126723,1747907185567.281,-84,-17,-117
1747907185605.656,126671,1747907185587.031,-85,-17,-116
1747907185625.5,126655,1747907185606.875,-107,-12,-117
1747907185645.375,126624,1747907185626.719,-84,-28,-114
1747907185665.25,126624,1747907185646.594,-84,-17,-116
1747907185685.063,126635,1747907185666.437,-85,-25,-117
1747907185704.937,126620,1747907185686.281,-94,-19,-119
1747907185724.812,126642,1747907185706.156,-96,-17,-121
1747907185744.688,126656,1747907185726.0,-105,-9,-119
1747907185764.5,126657,1747907185745.875,-93,-17,-120
1747907185784.375,126675,1747907185765.719,-90,-17,-121
1747907185804.219,126682,1747907185785.594,-96,-41,-121
1747907185824.125,126695,1747907185805.469,-87,-18,-117
1747907185843.9382,126694,1747907185825.281,-84,-13,-117
1747907185863.812,126711,1747907185845.125,-87,-21,-127
1747907185883.687,126716,1747907185865.031,-98,-17,-116
1747907185903.531,126737,1747907185884.906,-85,-17,-117
1747907185923.375,126759,1747907185904.719,-95,-13,-121
1747907185943.25,126809,1747907185924.594,-88,-9,-116
1747907185963.062,126838,1747907185944.438,-95,-17,-114
1747907185982.937,126890,1747907185964.281,-88,-17,-118
1747907186002.781,126930,1747907185984.1868,-89,-17,-121
1747907186022.625,126971,1747907186004.0,-100,-9,-117
1747907186042.5,127035,1747907186023.813,-84,-25,-121
1747907186062.344,127068,1747907186043.719,-90,-17,-110
1747907186082.187,127115,1747907186063.562,-91,-17,-129
1747907186102.063,127164,1747907186083.375,-97,-17,-122
1747907186121.906,127218,1747907186103.281,-97,-10,-121
1747907186141.781,127275,1747907186123.125,-80,-33,-117
1747907186161.594,127329,1747907186143.0,-89,-10,-116
1747907186181.438,127383,1747907186162.844,-88,-17,-121
1747907186201.313,127415,1747907186182.656,-95,-24,-129
1747907186221.312,127396,1747907186202.531,-84,-17,-116
1747907186241.0,127344,1747907186222.406,-90,-39,-121
1747907186260.875,127292,1747907186242.188,-84,-25,-116
1747907186280.719,127220,1747907186262.094,-100,-9,-116
1747907186300.531,127165,1747907186281.938,-87,-17,-120
1747907186320.375,127111,1747907186301.75,-79,-17,-122
1747907186340.25,127074,1747907186321.594,-97,-17,-116
1747907186360.094,127062,1747907186341.469,-86,-9,-121
1747907186379.969,127041,1747907186361.312,-90,-20,-125
1747907186399.812,127033,1747907186381.188,-85,-17,-127
1747907186419.656,127054,1747907186401.063,-73,-17,-113
1747907186439.531,127065,1747907186420.875,-84,-17,-113
1747907186459.375,127105,1747907186440.719,-89,-10,-119
1747907186479.219,127115,1747907186460.594,-90,-14,-119
1747907186499.062,127115,1747907186480.469,-95,-17,-114
1747907186518.937,127129,1747907186500.281,-82,-17,-121
1747907186538.8132,127123,1747907186520.156,-89,-25,-129
1747907186558.625,127131,1747907186540.0,-95,-17,-124
1747907186578.469,127147,1747907186559.875,-84,-18,-121
1747907186598.344,127158,1747907186579.688,-92,-17,-124
1747907186618.219,127156,1747907186599.531,-90,-9,-113
1747907186638.031,127190,1747907186619.406,-95,-17,-117
1747907186657.906,127226,1747907186639.281,-89,-17,-114
1747907186677.75,127246,1747907186659.094,-97,-17,-116
1747907186697.625,127285,1747907186679.0,-93,-18,-122
1747907186717.438,127324,1747907186698.812,-97,-17,-116
1747907186737.344,127370,1747907186718.687,-87,-17,-113
1747907186757.156,127425,1747907186738.563,-96,-17,-116
1747907186777.031,127459,1747907186758.344,-89,-17,-117
1747907186796.875,127519,1747907186778.219,-80,-17,-114
1747907186816.719,127581,1747907186798.094,-97,-17,-122
1747907186836.563,127619,1747907186817.906,-84,-13,-118
1747907186856.437,127681,1747907186837.781,-100,-17,-117
1747907186876.281,127725,1747907186857.625,-81,-18,-112
1747907186896.125,127769,1747907186877.594,-84,-18,-121
1747907186915.969,127755,1747907186897.312,-84,-17,-122
1747907186935.844,127718,1747907186917.188,-85,-17,-125
1747907186955.719,127651,1747907186937.063,-95,-13,-113
1747907186975.531,127590,1747907186956.906,-85,-9,-114
1747907186995.375,127501,1747907186976.75,-96,-17,-119
1747907187015.25,127458,1747907186996.594,-89,-13,-121
1747907187035.094,127400,1747907187016.469,-89,-18,-122
1747907187054.9368,127377,1747907187036.313,-87,-10,-110
1747907187074.813,127357,1747907187056.156,-96,-17,-114
1747907187094.625,127341,1747907187076.0,-88,-17,-114
1747907187114.5,127329,1747907187095.844,-93,-17,-122
1747907187134.344,127328,1747907187115.719,-84,-17,-121
1747907187154.219,127348,1747907187135.562,-97,-10,-116
1747907187174.094,127353,1747907187155.437,-87,-17,-116
1747907187193.969,127369,1747907187175.313,-84,-17,-117
1747907187213.781,127384,1747907187195.156,-97,-17,-104
1747907187233.656,127380,1747907187215.0,-86,-17,-114
1747907187253.5,127392,1747907187234.875,-96,-17,-110
1747907187273.375,127398,1747907187254.719,-84,-17,-121
1747907187293.219,127405,1747907187274.563,-92,-17,-125
1747907187313.094,127415,1747907187294.4692,-85,-18,-119
1747907187332.906,127442,1747907187314.312,-88,-18,-119
1747907187352.781,127469,1747907187334.125,-93,-17,-113
1747907187372.5942,127492,1747907187354.0,-86,-13,-119
1747907187392.469,127525,1747907187373.781,-92,-17,-119
1747907187412.375,127574,1747907187393.687,-95,-9,-116
1747907187432.219,127589,1747907187413.562,-85,-17,-128
1747907187452.063,127632,1747907187433.406,-92,-19,-121
1747907187471.969,127671,1747907187453.25,-95,-17,-126
1747907187491.781,127717,1747907187473.094,-88,-25,-114
1747907187511.625,127762,1747907187493.0,-87,-18,-123
1747907187531.4382,127818,1747907187512.844,-95,-18,-121
1747907187551.281,127859,1747907187532.625,-84,-10,-128
1747907187571.156,127902,1747907187552.5,-93,-17,-119
1747907187591.0,127947,1747907187572.375,-84,-10,-114
1747907187610.844,127988,1747907187592.219,-89,-25,-112
1747907187630.719,127997,1747907187612.031,-85,-25,-117
1747907187650.562,127945,1747907187631.906,-84,-17,-117
1747907187670.437,127889,1747907187651.781,-96,-17,-120
1747907187690.281,127827,1747907187671.625,-98,-17,-114
1747907187710.125,127748,1747907187691.5,-97,-17,-121
1747907187730.0,127688,1747907187711.313,-95,-17,-121
1747907187750.0,127645,1747907187731.219,-81,-17,-116
1747907187769.687,127608,1747907187751.187,-87,-17,-120
1747907187789.594,127591,1747907187770.906,-83,-15,-122
1747907187809.438,127568,1747907187790.781,-96,-17,-113
1747907187829.312,127569,1747907187810.656,-97,-17,-120
1747907187849.156,127552,1747907187830.5,-88,-13,-119
1747907187869.063,127573,1747907187850.406,-83,-17,-115
1747907187888.906,127571,1747907187870.25,-92,-33,-119
1747907187908.781,127583,1747907187890.094,-84,-17,-117
1747907187928.594,127581,1747907187910.0,-88,-17,-116
1747907187948.5,127582,1747907187929.781,-85,-25,-125
1747907187968.5,127586,1747907187949.719,-98,-17,-119
1747907187988.219,127609,1747907187969.563,-96,-31,-114
1747907188008.0618,127604,1747907187989.438,-82,-17,-116
1747907188027.938,127612,1747907188009.312,-95,-17,-116
1747907188047.781,127648,1747907188029.156,-80,-17,-116
1747907188067.656,127661,1747907188049.031,-98,-18,-114
1747907188087.5,127679,1747907188068.906,-97,-17,-119
1747907188107.375,127722,1747907188088.719,-84,-17,-118
1747907188127.25,127759,1747907188108.562,-89,-17,-119
1747907188147.156,127783,1747907188128.438,-84,-17,-122
1747907188166.937,127832,1747907188148.375,-89,-17,-121
1747907188186.812,127888,1747907188168.156,-84,-17,-119
1747907188206.656,127916,1747907188188.031,-95,-17,-121
1747907188226.531,127956,1747907188207.875,-89,-8,-120
1747907188246.344,128017,1747907188227.75,-97,-17,-120
1747907188266.219,128065,1747907188247.5942,-81,-17,-114
1747907188286.094,128104,1747907188267.469,-101,-17,-106
1747907188305.969,128136,1747907188287.344,-85,-18,-113
1747907188325.812,128186,1747907188307.219,-91,-17,-117
1747907188345.687,128217,1747907188327.031,-84,-17,-113
1747907188365.563,128211,1747907188346.875,-93,-17,-122
1747907188385.406,128183,1747907188366.781,-94,-17,-118
1747907188405.25,128112,1747907188386.594,-96,-17,-120
1747907188425.125,128040,1747907188406.469,-87,-17,-114
1747907188445.0,127970,1747907188426.312,-89,-1,-116
1747907188464.844,127914,1747907188446.187,-93,-25,-114
1747907188484.719,127885,1747907188466.125,-93,-18,-121
1747907188504.594,127861,1747907188485.938,-100,-18,-113
1747907188524.469,127863,1747907188505.75,-81,-31,-119
1747907188544.281,127896,1747907188525.625,-82,-17,-118
1747907188564.156,127920,1747907188545.531,-101,-17,-117
1747907188584.031,127943,1747907188565.375,-84,-18,-123
1747907188603.875,127985,1747907188585.219,-93,-17,-121
1747907188623.719,127996,1747907188605.062,-89,-25,-121
1747907188643.594,128017,1747907188624.969,-88,-17,-116
1747907188663.437,128026,1747907188644.781,-87,-17,-116
1747907188683.312,128063,1747907188664.688,-91,-17,-127
1747907188703.156,128068,1747907188684.531,-87,-17,-117
1747907188723.0,128083,1747907188704.344,-90,-17,-117
1747907188742.844,128106,1747907188724.219,-97,-9,-118
1747907188762.719,128126,1747907188744.063,-88,-17,-119
1747907188782.531,128160,1747907188763.937,-98,-17,-114
1747907188802.406,128176,1747907188783.781,-81,-17,-114
1747907188822.313,128200,1747907188803.594,-84,-17,-121
1747907188842.125,128239,1747907188823.531,-88,-18,-117
1747907188861.969,128270,1747907188843.313,-80,-20,-119
1747907188881.844,128323,1747907188863.156,-89,-17,-120
1747907188901.656,128359,1747907188883.0,-87,-17,-115
1747907188921.531,128399,1747907188902.875,-84,-9,-121
1747907188941.406,128454,1747907188922.75,-93,-17,-119
1747907188961.1868,128501,1747907188942.594,-88,-33,-114
1747907188981.063,128537,1747907188962.406,-82,-17,-119
1747907189000.938,128592,1747907188982.281,-92,-10,-113
1747907189020.812,128619,1747907189002.125,-87,-18,-125
1747907189040.625,128665,1747907189022.031,-93,-17,-120
1747907189060.5,128695,1747907189041.844,-85,-17,-119
1747907189080.344,128683,1747907189061.687,-87,-17,-114
1747907189100.219,128626,1747907189081.563,-93,-17,-118
1747907189120.0,128556,1747907189101.375,-87,-13,-116
1747907189139.875,128485,1747907189121.219,-77,-17,-114
1747907189159.75,128420,1747907189141.062,-89,-17,-120
1747907189179.594,128367,1747907189160.969,-97,-17,-115
1747907189199.437,128314,1747907189180.813,-84,-17,-121
1747907189219.281,128281,1747907189200.656,-84,-17,-119
1747907189239.156,128259,1747907189220.5,-93,-25,-111
1747907189259.0,128259,1747907189240.344,-95,-17,-116
1747907189278.813,128269,1747907189260.219,-87,-17,-121
1747907189298.687,128281,1747907189280.063,-96,-25,-113
1747907189318.531,128285,1747907189299.875,-82,-17,-114
1747907189338.406,128301,1747907189319.719,-89,-17,-116
1747907189358.219,128299,1747907189339.594,-84,-18,-121
1747907189378.094,128300,1747907189359.375,-93,-17,-120
1747907189397.906,128306,1747907189379.313,-98,-18,-119
1747907189417.781,128291,1747907189399.125,-97,-17,-117
1747907189437.656,128302,1747907189419.0,-97,-17,-120
1747907189457.469,128302,1747907189438.875,-84,-17,-118
1747907189477.344,128313,1747907189458.688,-73,-21,-111
1747907189497.219,128317,1747907189478.563,-88,-17,-121
1747907189517.094,128356,1747907189498.437,-89,-25,-114
1747907189536.906,128373,1747907189518.219,-95,-17,-121
1747907189556.781,128406,1747907189538.094,-90,-17,-121
1747907189576.656,128442,1747907189557.969,-85,-17,-125
1747907189596.5,128474,1747907189577.875,-88,-9,-121
1747907189616.375,128517,1747907189597.719,-98,-17,-113
1747907189636.219,128571,1747907189617.563,-97,-8,-120
1747907189656.125,128594,1747907189637.438,-85,-25,-118
1747907189675.937,128636,1747907189657.312,-98,-17,-114
1747907189695.813,128677,1747907189677.125,-82,-25,-102
1747907189715.688,128710,1747907189697.094,-89,-17,-116
1747907189735.562,128749,1747907189716.906,-91,-18,-114
1747907189755.406,128764,1747907189736.7808,-89,-17,-117
1747907189775.281,128736,1747907189756.625,-97,-17,-119
1747907189795.156,128687,1747907189776.5,-86,-17,-113
1747907189815.031,128630,1747907189796.375,-100,-17,-116
1747907189834.875,128553,1747907189816.219,-87,-17,-120
1747907189854.719,128491,1747907189836.062,-89,-10,-120
1747907189874.625,128441,1747907189855.937,-103,-17,-121
1747907189894.594,128413,1747907189875.813,-84,-17,-114
1747907189914.3118,128377,1747907189895.812,-93,-18,-119
1747907189934.219,128381,1747907189915.531,-88,-17,-113
1747907189954.063,128380,1747907189935.406,-95,-17,-114
1747907189973.937,128384,1747907189955.281,-97,-17,-118
1747907189993.781,128368,1747907189975.156,-91,-9,-121
1747907190013.719,128373,1747907189995.0,-94,-18,-119
1747907190033.531,128385,1747907190014.875,-96,-33,-115
1747907190053.375,128389,1747907190034.75,-84,-17,-121
1747907190073.25,128400,1747907190054.625,-93,-17,-114
1747907190093.125,128407,1747907190074.469,-87,-12,-129
1747907190113.0,128416,1747907190094.344,-93,-18,-119
1747907190132.844,128419,1747907190114.188,-93,-17,-117
1747907190152.719,128421,1747907190134.063,-85,-13,-122
1747907190172.594,128444,1747907190153.937,-85,-10,-118
1747907190192.469,128458,1747907190173.812,-95,-17,-123
1747907190212.312,128478,1747907190193.656,-88,-17,-121
1747907190232.187,128522,1747907190213.531,-87,-18,-121
1747907190252.031,128544,1747907190233.375,-82,-13,-113
1747907190271.906,128578,1747907190253.25,-98,-17,-113
1747907190291.781,128610,1747907190273.125,-87,-17,-112
1747907190311.594,128640,1747907190292.969,-96,-25,-113
1747907190331.531,128679,1747907190312.813,-84,-17,-125
1747907190351.344,128714,1747907190332.75,-88,-17,-121
1747907190371.156,128763,1747907190352.562,-85,-9,-120
1747907190391.062,128804,1747907190372.375,-89,-17,-114
1747907190410.906,128822,1747907190392.281,-97,-17,-121
1747907190430.75,128850,1747907190412.0942,-94,-17,-128
1747907190450.625,128830,1747907190431.969,-84,-17,-121
1747907190470.438,128787,1747907190451.844,-103,-17,-121
1747907190490.312,128713,1747907190471.656,-89,-17,-113
1747907190510.187,128644,1747907190491.5,-97,-17,-113
1747907190530.0,128565,1747907190511.375,-93,-17,-124
1747907190549.875,128507,1747907190531.25,-88,-17,-119
1747907190569.75,128461,1747907190551.063,-97,-17,-115
1747907190589.594,128428,1747907190570.969,-93,-17,-117
1747907190609.438,128404,1747907190590.781,-93,-17,-116
1747907190629.313,128387,1747907190610.656,-84,-17,-123
1747907190649.156,128378,1747907190630.531,-103,-18,-115
1747907190669.031,128372,1747907190650.344,-87,-17,-122
1747907190688.844,128386,1747907190670.25,-91,-10,-113
1747907190708.719,128384,1747907190690.094,-80,-17,-114
1747907190728.594,128380,1747907190709.938,-93,-17,-113
1747907190748.437,128394,1747907190729.813,-84,-17,-121
1747907190768.25,128370,1747907190749.625,-92,-16,-124
1747907190788.125,128349,1747907190769.5,-89,-17,-121
1747907190807.969,128346,1747907190789.344,-92,-17,-119
1747907190827.844,128344,1747907190809.219,-92,-18,-116
1747907190847.687,128360,1747907190829.063,-84,-17,-110
1747907190867.531,128364,1747907190848.875,-72,-33,-121
1747907190887.406,128388,1747907190868.844,-87,-17,-121
1747907190907.25,128404,1747907190888.594,-97,-9,-118
1747907190927.062,128422,1747907190908.469,-83,-25,-104
1747907190946.969,128449,1747907190928.313,-97,-21,-119
1747907190966.938,128483,1747907190948.156,-84,-17,-120
1747907190986.656,128504,1747907190968.156,-85,-20,-122
1747907191006.5,128551,1747907190987.875,-93,-18,-116
1747907191026.375,128591,1747907191007.719,-84,-17,-117
1747907191046.187,128643,1747907191027.594,-105,-25,-113
1747907191066.063,128667,1747907191047.406,-87,-10,-116
1747907191085.938,128707,1747907191067.281,-100,-17,-116
1747907191105.75,128745,1747907191087.156,-88,-25,-128
1747907191125.625,128762,1747907191106.938,-97,-17,-116
1747907191145.469,128724,1747907191126.844,-88,-17,-117
1747907191165.313,128664,1747907191146.687,-87,-17,-112
1747907191185.156,128591,1747907191166.531,-84,-17,-120
1747907191205.0,128499,1747907191186.344,-84,-21,-121
1747907191224.875,128426,1747907191206.187,-85,-17,-116
1747907191244.75,128365,1747907191226.094,-90,-10,-120
1747907191264.531,128329,1747907191245.938,-94,-9,-116
1747907191284.406,128293,1747907191265.75,-97,-17,-118
1747907191304.281,128269,1747907191285.625,-89,-17,-116
1747907191324.125,128258,1747907191305.469,-84,-13,-121
1747907191343.969,128260,1747907191325.344,-98,-17,-117
1747907191363.844,128262,1747907191345.188,-87,-17,-123
1747907191383.687,128258,1747907191365.063,-97,-17,-122
1747907191403.563,128255,1747907191384.875,-84,-13,-121
1747907191423.375,128256,1747907191404.75,-82,-17,-120
1747907191443.25,128251,1747907191424.562,-92,-25,-124
1747907191463.125,128261,1747907191444.469,-82,-17,-121
1747907191482.969,128264,1747907191464.313,-84,-10,-122
1747907191502.813,128265,1747907191484.1868,-95,-17,-127
1747907191522.656,128275,1747907191504.031,-82,-9,-114
1747907191542.5,128289,1747907191523.875,-95,-17,-119
1747907191562.375,128303,1747907191543.688,-87,-17,-127
1747907191582.219,128320,1747907191563.562,-85,-17,-114
1747907191602.031,128347,1747907191583.437,-96,-18,-113
1747907191621.906,128370,1747907191603.219,-93,-17,-119
1747907191641.812,128412,1747907191623.094,-88,-17,-121
1747907191661.562,128439,1747907191643.0308,-89,-17,-126
1747907191681.438,128493,1747907191662.781,-87,-20,-119
1747907191701.281,128530,1747907191682.625,-90,-10,-114
1747907191721.125,128558,1747907191702.5,-97,-17,-122
1747907191740.937,128601,1747907191722.344,-97,-17,-113
1747907191760.812,128645,1747907191742.188,-93,-17,-118
1747907191780.656,128686,1747907191762.0,-93,-29,-119
1747907191800.5,128735,1747907191781.875,-96,-17,-122
1747907191820.344,128776,1747907191801.719,-100,-9,-120
1747907191840.187,128755,1747907191821.594,-97,-17,-120
1747907191860.063,128723,1747907191841.375,-89,-9,-120
1747907191879.875,128661,1747907191861.281,-88,-17,-116
1747907191899.719,128591,1747907191881.188,-95,-17,-113
1747907191919.562,128510,1747907191900.969,-87,-17,-112
1747907191939.406,128438,1747907191920.75,-92,-17,-114
1747907191959.25,128391,1747907191940.625,-97,-17,-113
1747907191979.125,128358,1747907191960.469,-90,-17,-110
1747907191998.938,128333,1747907191980.313,-90,-17,-114
1747907192018.812,128306,1747907192000.156,-89,-19,-121
1747907192038.656,128298,1747907192020.0,-84,-17,-125
1747907192058.531,128282,1747907192039.875,-96,-17,-121
1747907192078.3132,128273,1747907192059.75,-87,-18,-123
1747907192098.187,128276,1747907192079.5,-93,-17,-127
1747907192118.031,128283,1747907192099.406,-84,-8,-133
1747907192137.875,128267,1747907192119.219,-95,-17,-116
1747907192157.688,128258,1747907192139.094,-86,-17,-116
1747907192177.563,128259,1747907192158.906,-84,-17,-112
1747907192197.437,128242,1747907192178.75,-95,-17,-118
1747907192217.25,128251,1747907192198.625,-97,-17,-120
1747907192237.062,128249,1747907192218.469,-97,-17,-116
1747907192256.938,128277,1747907192238.281,-85,-17,-121
1747907192276.781,128292,1747907192258.156,-88,-17,-121
1747907192296.625,128301,1747907192278.0,-95,-21,-116
1747907192316.469,128313,1747907192297.875,-83,-17,-116
1747907192336.313,128362,1747907192317.687,-89,-18,-116
1747907192356.188,128382,1747907192337.531,-85,-12,-117
1747907192376.094,128425,1747907192357.406,-85,-17,-117
1747907192395.844,128461,1747907192377.219,-84,-28,-120
1747907192415.719,128498,1747907192397.094,-87,-18,-121
1747907192435.563,128544,1747907192416.937,-89,-25,-120
1747907192455.406,128575,1747907192436.781,-87,-11,-127
1747907192475.25,128624,1747907192456.625,-97,-21,-114
1747907192495.094,128660,1747907192476.438,-87,-17,-121
1747907192514.937,128689,1747907192496.312,-95,-17,-121
1747907192534.813,128709,1747907192516.156,-88,-17,-116
1747907192554.688,128686,1747907192536.031,-98,-17,-116
1747907192574.5,128643,1747907192555.906,-98,-17,-117
1747907192594.375,128580,1747907192575.688,-84,-13,-121
1747907192614.219,128501,1747907192595.594,-98,-25,-115
1747907192634.094,128450,1747907192615.406,-88,-17,-113
1747907192653.906,128397,1747907192635.281,-88,-17,-116
1747907192673.75,128343,1747907192655.125,-99,-18,-113
1747907192693.625,128309,1747907192674.937,-93,-18,-111
1747907192713.469,128294,1747907192694.844,-93,-17,-121
1747907192733.281,128287,1747907192714.656,-84,-9,-113
1747907192753.156,128295,1747907192734.5,-92,-10,-116
1747907192773.0,128307,1747907192754.344,-86,-17,-118
1747907192792.844,128312,1747907192774.187,-89,-17,-114
1747907192812.6882,128329,1747907192794.094,-93,-18,-113
1747907192832.531,128335,1747907192813.906,-93,-9,-116
1747907192852.375,128330,1747907192833.719,-88,-17,-117
1747907192872.25,128320,1747907192853.594,-93,-17,-116
1747907192892.094,128334,1747907192873.437,-82,-17,-120
1747907192911.906,128329,1747907192893.281,-89,-17,-112
1747907192931.781,128330,1747907192913.125,-88,-25,-116
1747907192951.594,128350,1747907192933.0,-93,-17,-114
1747907192971.437,128342,1747907192952.812,-85,-17,-121
1747907192991.313,128367,1747907192972.656,-99,-9,-116
1747907193011.125,128377,1747907192992.531,-84,-9,-119
1747907193031.0,128408,1747907193012.344,-90,-17,-117
1747907193050.812,128442,1747907193032.188,-81,-17,-114
1747907193070.688,128471,1747907193052.062,-97,-9,-121
1747907193090.563,128509,1747907193071.875,-85,-17,-118
1747907193110.406,128529,1747907193091.75,-97,-17,-116
1747907193130.25,128577,1747907193111.594,-85,-33,-102
1747907193150.094,128620,1747907193131.5,-97,-17,-119
1747907193169.938,128654,1747907193151.312,-85,-17,-117
1747907193189.813,128688,1747907193171.156,-89,-17,-125
1747907193209.625,128734,1747907193191.0,-87,-17,-114
1747907193229.531,128766,1747907193210.875,-87,-17,-120
1747907193249.344,128771,1747907193230.75,-88,-17,-121
1747907193269.188,128748,1747907193250.594,-89,-17,-116
1747907193289.031,128684,1747907193270.406,-89,-17,-113
1747907193308.875,128619,1747907193290.25,-88,-17,-121
1747907193328.75,128522,1747907193310.0942,-92,-17,-117
1747907193348.594,128462,1747907193329.937,-84,-17,-116
1747907193368.469,128404,1747907193349.781,-96,-17,-120
1747907193388.406,128363,1747907193369.656,-84,-17,-121
1747907193408.125,128348,1747907193389.5,-88,-32,-121
1747907193428.0,128321,1747907193409.312,-88,-13,-121
1747907193447.844,128320,1747907193429.219,-93,-17,-114
1747907193467.656,128318,1747907193449.031,-98,-17,-109
1747907193487.531,128312,1747907193468.906,-88,-17,-116
1747907193507.375,128316,1747907193488.719,-97,-17,-117
1747907193527.25,128311,1747907193508.594,-88,-18,-121
1747907193547.0632,128300,1747907193528.437,-93,-17,-116
1747907193566.969,128299,1747907193548.281,-86,-17,-116
1747907193586.75,128303,1747907193568.156,-88,-17,-125
1747907193606.625,128298,1747907193587.938,-84,-25,-117
1747907193626.438,128302,1747907193607.844,-85,-17,-119
1747907193646.281,128299,1747907193627.656,-88,-18,-118
1747907193666.156,128325,1747907193647.5,-94,-17,-116
1747907193685.969,128339,1747907193667.344,-80,-17,-117
1747907193705.812,128355,1747907193687.187,-86,-17,-115
1747907193725.656,128366,1747907193707.031,-93,-17,-114
1747907193745.531,128413,1747907193726.844,-97,-4,-114
1747907193765.4368,128430,1747907193746.719,-96,-17,-119
1747907193785.187,128468,1747907193766.625,-84,-27,-121
1747907193805.063,128509,1747907193786.437,-95,-20,-96
1747907193824.906,128549,1747907193806.344,-87,-17,-121
1747907193844.781,128565,1747907193826.125,-86,-17,-114
1747907193864.594,128623,1747907193845.938,-84,-13,-112
1747907193884.437,128653,1747907193865.844,-87,-17,-117
1747907193904.313,128662,1747907193885.656,-95,-17,-113
1747907193924.188,128655,1747907193905.562,-95,-17,-120
1747907193944.0,128607,1747907193925.406,-92,-18,-121
1747907193963.844,128531,1747907193945.25,-92,-9,-113
1747907193983.719,128454,1747907193965.062,-89,-17,-121
1747907194003.594,128391,1747907193984.906,-96,-17,-116
1747907194023.406,128325,1747907194004.781,-88,-17,-116
1747907194043.219,128284,1747907194024.625,-93,-17,-121
1747907194063.094,128243,1747907194044.438,-92,-17,-113
1747907194082.969,128248,1747907194064.281,-89,-6,-124
1747907194102.813,128227,1747907194084.156,-98,-10,-118
1747907194122.656,128236,1747907194104.031,-82,-17,-116
1747907194142.5,128227,1747907194123.875,-93,-25,-104
1747907194162.375,128223,1747907194143.687,-93,-9,-126
1747907194182.219,128250,1747907194163.562,-88,-17,-128
1747907194202.063,128268,1747907194183.438,-97,-17,-121
1747907194221.906,128268,1747907194203.281,-85,-17,-121
1747907194241.781,128266,1747907194223.125,-82,-17,-120
1747907194261.656,128258,1747907194242.969,-95,-17,-120
1747907194281.469,128257,1747907194262.875,-88,-17,-113
1747907194301.312,128260,1747907194282.656,-89,-17,-117
1747907194321.187,128257,1747907194302.469,-90,-9,-121
1747907194341.031,128290,1747907194322.406,-97,-18,-119
1747907194360.844,128302,1747907194342.219,-96,-17,-120
1747907194380.688,128326,1747907194362.062,-84,-18,-116
1747907194400.562,128355,1747907194381.938,-97,-17,-114
1747907194420.437,128385,1747907194401.781,-85,-2,-114
1747907194440.281,128429,1747907194421.6868,-96,-18,-115
1747907194460.125,128456,1747907194441.5,-98,-17,-116
1747907194480.0,128481,1747907194461.344,-87,-25,-100
1747907194499.844,128529,1747907194481.25,-96,-17,-114
1747907194519.687,128568,1747907194501.062,-90,-17,-122
1747907194539.531,128603,1747907194520.906,-84,-18,-121
1747907194559.406,128656,1747907194540.781,-95,-18,-116
1747907194579.312,128663,1747907194560.594,-82,-21,-114
1747907194599.094,128640,1747907194580.5,-87,-17,-121
1747907194619.0,128581,1747907194600.312,-93,-17,-127
1747907194638.813,128499,1747907194620.219,-87,-10,-117
1747907194658.687,128419,1747907194640.031,-98,-17,-120
1747907194678.5,128339,1747907194659.875,-90,-17,-113
1747907194698.375,128268,1747907194679.75,-98,-18,-112
1747907194718.219,128220,1747907194699.594,-88,-17,-122
1747907194738.187,128171,1747907194719.438,-98,-17,-117
1747907194757.906,128131,1747907194739.281,-77,-26,-116
1747907194777.75,128114,1747907194759.125,-98,-9,-121
1747907194797.625,128099,1747907194778.969,-95,-17,-113
1747907194817.5,128102,1747907194798.844,-90,-17,-128
1747907194837.312,128094,1747907194818.688,-87,-17,-114
1747907194857.156,128087,1747907194838.531,-98,-18,-113
1747907194877.031,128072,1747907194858.375,-93,-17,-117
1747907194896.906,128068,1747907194878.25,-100,-10,-114
1747907194916.719,128068,1747907194898.094,-84,-17,-114
1747907194936.562,128054,1747907194917.969,-86,-17,-120
1747907194956.437,128053,1747907194937.75,-93,-25,-121
1747907194976.281,128047,1747907194957.625,-84,-29,-115
1747907194996.125,128054,1747907194977.5,-88,-10,-121
1747907195016.0,128052,1747907194997.375,-95,-17,-113
1747907195035.844,128045,1747907195017.219,-86,-25,-117
1747907195055.719,128074,1747907195037.0942,-84,-12,-121
1747907195075.594,128062,1747907195056.937,-100,-17,-113
1747907195095.406,128100,1747907195076.781,-80,-31,-115
1747907195115.312,128133,1747907195096.656,-93,-17,-114
1747907195135.156,128164,1747907195116.5,-89,-9,-117
1747907195155.0,128206,1747907195136.375,-98,-16,-125
1747907195174.844,128248,1747907195156.25,-85,-17,-119
1747907195194.719,128272,1747907195176.063,-97,-17,-119
1747907195214.594,128318,1747907195195.938,-88,-25,-112
1747907195234.438,128332,1747907195215.812,-101,-17,-114
1747907195254.281,128316,1747907195235.656,-85,-25,-116
1747907195274.156,128290,1747907195255.563,-97,-17,-120
1747907195294.031,128228,1747907195275.344,-87,-17,-120
1747907195313.875,128132,1747907195295.25,-96,-9,-121
1747907195333.719,128065,1747907195315.094,-84,-18,-116
1747907195353.656,127983,1747907195334.938,-95,-9,-122
1747907195373.469,127913,1747907195354.875,-93,-25,-122
1747907195393.312,127865,1747907195374.687,-89,-13,-113
1747907195413.188,127835,1747907195394.531,-87,-25,-115
1747907195433.063,127795,1747907195414.375,-105,-9,-119
1747907195452.906,127783,1747907195434.25,-88,-17,-118
1747907195472.719,127781,1747907195454.156,-90,-17,-120
1747907195492.625,127770,1747907195473.937,-93,-33,-128
1747907195512.5,127774,1747907195493.812,-93,-17,-117
1747907195532.344,127765,1747907195513.719,-89,-9,-114
1747907195552.187,127758,1747907195533.563,-90,-21,-129
1747907195572.031,127760,1747907195553.375,-90,-17,-117
1747907195591.875,127756,1747907195573.25,-92,-17,-114
1747907195611.75,127749,1747907195593.062,-87,-17,-114
1747907195631.594,127783,1747907195612.969,-82,-17,-127
1747907195651.469,127785,1747907195632.812,-97,-17,-114
1747907195671.344,127820,1747907195652.75,-84,-25,-121
1747907195691.219,127847,1747907195672.563,-96,-17,-118
1747907195711.031,127863,1747907195692.438,-98,-18,-117
1747907195730.906,127902,1747907195712.25,-89,-17,-119
1747907195750.813,127923,1747907195732.094,-100,-17,-121
1747907195770.656,127962,1747907195752.063,-96,-17,-119
1747907195790.469,127998,1747907195771.875,-88,-18,-120
1747907195810.375,128038,1747907195791.688,-101,-17,-126
1747907195830.219,128076,1747907195811.531,-89,-25,-116
1747907195850.094,128112,1747907195831.437,-85,-17,-114
1747907195869.937,128159,1747907195851.281,-90,-17,-120
1747907195889.781,128186,1747907195871.125,-89,-17,-136
1747907195909.656,128175,1747907195891.0,-85,-17,-116
1747907195929.531,128138,1747907195910.875,-82,-17,-120
1747907195949.375,128071,1747907195930.719,-84,-17,-121
1747907195969.219,127993,1747907195950.594,-88,-18,-116
1747907195989.094,127914,1747907195970.438,-103,-17,-112
1747907196008.969,127840,1747907195990.312,-89,-17,-121
1747907196028.813,127792,1747907196010.219,-87,-17,-119
1747907196048.687,127732,1747907196030.0,-89,-17,-117
1747907196068.562,127710,1747907196049.875,-97,-17,-119
1747907196088.406,127690,1747907196069.75,-100,-9,-124
1747907196108.25,127691,1747907196089.625,-83,-12,-119
1747907196128.125,127674,1747907196109.469,-89,-17,-125
1747907196148.0,127698,1747907196129.344,-96,-17,-121
1747907196167.844,127689,1747907196149.219,-97,-17,-122
1747907196187.6882,127690,1747907196169.062,-100,-9,-113
1747907196207.656,127689,1747907196188.875,-84,-9,-121
1747907196227.437,127690,1747907196208.781,-96,-33,-123
1747907196247.313,127686,1747907196228.625,-87,-13,-116
1747907196267.125,127695,1747907196248.5,-97,-17,-119
1747907196287.0,127711,1747907196268.344,-94,-18,-137
1747907196306.906,127727,1747907196288.188,-93,-17,-120
1747907196326.75,127756,1747907196308.094,-89,-17,-118
1747907196346.594,127774,1747907196327.969,-85,-17,-122
1747907196366.469,127790,1747907196347.812,-91,-9,-116
1747907196386.344,127824,1747907196367.719,-96,-17,-116
1747907196406.219,127868,1747907196387.594,-85,-17,-121
1747907196426.063,127904,1747907196407.437,-85,-17,-121
1747907196445.906,127940,1747907196427.281,-100,-17,-113
1747907196465.812,127976,1747907196447.125,-90,-10,-117
1747907196485.687,128019,1747907196467.031,-88,-25,-116
1747907196505.5,128063,1747907196486.906,-80,-17,-121
1747907196525.375,128078,1747907196506.719,-93,-17,-119
1747907196545.25,128060,1747907196526.563,-87,-17,-117
1747907196565.094,128014,1747907196546.438,-81,-17,-115
1747907196584.938,127948,1747907196566.312,-84,-18,-119
1747907196604.781,127878,1747907196586.156,-85,-17,-113
1747907196624.656,127809,1747907196606.0,-81,-17,-111
1747907196644.531,127747,1747907196625.875,-84,-10,-121
1747907196664.344,127703,1747907196645.719,-89,-17,-120
1747907196684.25,127664,1747907196665.562,-85,-17,-121
1747907196704.094,127648,1747907196685.437,-98,-17,-117
1747907196723.937,127643,1747907196705.313,-89,-9,-127
1747907196743.812,127648,1747907196725.188,-85,-17,-114
1747907196763.688,127640,1747907196745.031,-100,-17,-119
1747907196783.531,127659,1747907196764.844,-84,-17,-122
1747907196803.375,127665,1747907196784.75,-89,-17,-120
1747907196823.375,127662,1747907196804.625,-93,-17,-116
1747907196843.125,127685,1747907196824.625,-95,-9,-114
1747907196863.0,127696,1747907196844.312,-88,-15,-121
1747907196882.875,127687,1747907196864.188,-97,-17,-110
1747907196902.687,127703,1747907196884.094,-97,-25,-115
1747907196922.594,127730,1747907196903.906,-85,-17,-115
1747907196942.469,127744,1747907196923.781,-88,-17,-122
1747907196962.281,127750,1747907196943.656,-88,-41,-112
1747907196982.156,127778,1747907196963.531,-96,-25,-116
1747907197002.031,127813,1747907196983.344,-84,-17,-125
1747907197021.906,127856,1747907197003.219,-95,-18,-125
1747907197041.75,127883,1747907197023.125,-85,-10,-121
1747907197061.594,127916,1747907197042.969,-95,-10,-121
1747907197081.469,127944,1747907197062.813,-95,-17,-124
1747907197101.375,127971,1747907197082.687,-84,-18,-121
1747907197121.188,128011,1747907197102.562,-95,-17,-113
1747907197141.062,128049,1747907197122.375,-87,-9,-125
1747907197160.937,128075,1747907197142.281,-86,-17,-117
1747907197180.781,128046,1747907197162.25,-91,-17,-116
1747907197200.656,128009,1747907197182.031,-84,-18,-113
1747907197220.5,127954,1747907197201.844,-97,-25,-121
1747907197240.375,127872,1747907197221.719,-88,-17,-119
1747907197260.281,127813,1747907197241.594,-97,-17,-116
1747907197280.219,127772,1747907197261.5,-89,-17,-114
1747907197300.0,127740,1747907197281.313,-81,-29,-123
1747907197319.844,127708,1747907197301.219,-100,-10,-119
1747907197339.719,127711,1747907197321.062,-85,-17,-113
1747907197359.531,127723,1747907197340.937,-92,-17,-117
1747907197379.406,127734,1747907197360.75,-84,-17,-123
1747907197399.25,127754,1747907197380.594,-93,-17,-125
1747907197419.125,127745,1747907197400.469,-84,-17,-129
1747907197438.938,127767,1747907197420.344,-98,-17,-114
1747907197458.813,127783,1747907197440.156,-88,-17,-117
1747907197478.656,127779,1747907197460.031,-87,-17,-114
1747907197498.531,127773,1747907197479.875,-96,-9,-116
1747907197518.344,127775,1747907197499.719,-98,-17,-124
1747907197538.188,127793,1747907197519.531,-88,-13,-114
1747907197558.063,127792,1747907197539.438,-96,-17,-114
1747907197577.906,127811,1747907197559.281,-90,-17,-121
1747907197597.75,127835,1747907197579.125,-93,-20,-120
1747907197617.688,127865,1747907197598.969,-87,-17,-127
1747907197637.469,127884,1747907197618.812,-88,-23,-116
1747907197657.375,127911,1747907197638.656,-93,-17,-121
1747907197677.125,127938,1747907197658.594,-89,-9,-122
1747907197696.969,127991,1747907197678.344,-93,-20,-128
1747907197716.813,128032,1747907197698.187,-84,-17,-121
1747907197736.688,128091,1747907197718.031,-84,-9,-125
1747907197756.5,128136,1747907197737.875,-98,-17,-129
1747907197776.344,128174,1747907197757.75,-85,-17,-114
1747907197796.25,128197,1747907197777.562,-87,-17,-124
1747907197816.031,128194,1747907197797.469,-89,-17,-118
1747907197835.906,128145,1747907197817.25,-88,-17,-114
1747907197855.719,128091,1747907197837.125,-97,-17,-116
1747907197875.594,128044,1747907197856.906,-90,-17,-121
1747907197895.438,127985,1747907197876.812,-88,-17,-123
1747907197915.281,127930,1747907197896.719,-89,-17,-120
1747907197935.125,127887,1747907197916.469,-88,-17,-122
1747907197954.969,127865,1747907197936.344,-84,-9,-119
1747907197974.812,127871,1747907197956.187,-87,-9,-118
1747907197994.688,127876,1747907197976.031,-87,-17,-123
1747907198014.5,127890,1747907197995.906,-93,-18,-114
1747907198034.344,127897,1747907198015.688,-87,-17,-104
1747907198054.25,127920,1747907198035.625,-87,-10,-122
1747907198074.094,127941,1747907198055.437,-95,-17,-121
1747907198093.906,127956,1747907198075.281,-95,-9,-121
1747907198113.781,127962,1747907198095.125,-97,-18,-116
1747907198133.687,127972,1747907198115.0,-88,-17,-125
1747907198153.5,127981,1747907198134.875,-90,-17,-119
1747907198173.344,127986,1747907198154.719,-88,-17,-112
1747907198193.156,128014,1747907198174.531,-96,-17,-114
1747907198213.031,128044,1747907198194.375,-89,-17,-117
1747907198232.906,128057,1747907198214.219,-96,-9,-120
1747907198252.687,128089,1747907198234.094,-84,-17,-119
1747907198272.563,128119,1747907198253.906,-90,-9,-116
1747907198292.406,128144,1747907198273.75,-93,-17,-120
1747907198312.281,128202,1747907198293.594,-87,-34,-119
1747907198332.094,128260,1747907198313.5,-88,-17,-114
1747907198351.938,128300,1747907198333.312,-95,-17,-119
1747907198371.781,128350,1747907198353.125,-96,-25,-109
1747907198391.719,128409,1747907198373.063,-84,-17,-122
1747907198411.437,128456,1747907198392.844,-83,-37,-121
1747907198431.312,128470,1747907198412.688,-96,-17,-128
1747907198451.188,128444,1747907198432.5,-85,-17,-117
1747907198471.031,128406,1747907198452.375,-87,-17,-128
1747907198490.875,128349,1747907198472.219,-81,-17,-121
1747907198510.719,128272,1747907198492.094,-80,-17,-114
1747907198530.531,128213,1747907198511.937,-98,-18,-115
1747907198550.406,128177,1747907198531.719,-93,-18,-114
1747907198570.281,128112,1747907198551.625,-86,-17,-116
1747907198590.094,128088,1747907198571.5,-96,-17,-118
1747907198609.969,128072,1747907198591.281,-93,-17,-116
1747907198629.781,128060,1747907198611.156,-89,-17,-118
1747907198649.656,128063,1747907198631.0,-89,-4,-117
1747907198669.4692,128072,1747907198650.875,-93,-17,-122
1747907198689.312,128078,1747907198670.656,-90,-29,-124
1747907198709.156,128073,1747907198690.531,-89,-17,-96
1747907198729.031,128073,1747907198710.375,-95,-10,-117
1747907198748.875,128067,1747907198730.25,-93,-9,-114
1747907198768.719,128085,1747907198750.063,-89,-17,-120
1747907198788.594,128086,1747907198769.969,-84,-17,-121
1747907198808.438,128077,1747907198789.781,-85,-17,-121
1747907198828.25,128083,1747907198809.719,-96,-18,-116
1747907198848.094,128098,1747907198829.437,-87,-17,-121
1747907198867.969,128119,1747907198849.313,-88,-17,-114
1747907198887.781,128142,1747907198869.1558,-95,-19,-119
1747907198907.594,128138,1747907198889.0,-90,-17,-118
1747907198927.469,128175,1747907198908.844,-84,-17,-119
1747907198947.313,128192,1747907198928.656,-95,-17,-121
1747907198967.156,128224,1747907198948.5,-95,-25,-121
1747907198987.0,128281,1747907198968.406,-96,-14,-120
1747907199006.844,128316,1747907198988.219,-89,-10,-120
1747907199026.688,128349,1747907199008.0618,-96,-10,-117
1747907199046.531,128404,1747907199027.906,-84,-12,-129
1747907199066.375,128438,1747907199047.75,-94,-9,-114
1747907199086.1868,128429,1747907199067.625,-87,-18,-121
1747907199106.063,128388,1747907199087.406,-89,-17,-118
1747907199125.938,128328,1747907199107.281,-85,-17,-113
1747907199145.781,128217,1747907199127.156,-93,-17,-116
1747907199165.625,128126,1747907199147.0,-77,-25,-121
1747907199185.469,128068,1747907199166.844,-87,-17,-116
1747907199205.375,128010,1747907199186.656,-97,-17,-125
1747907199225.188,127965,1747907199206.531,-85,-25,-121
1747907199245.0,127936,1747907199226.375,-93,-17,-123
1747907199264.875,127909,1747907199246.219,-83,-17,-121
1747907199284.719,127888,1747907199266.094,-100,-17,-113
1747907199304.594,127891,1747907199285.937,-81,-17,-121
1747907199324.437,127888,1747907199305.781,-105,-16,-121
1747907199344.281,127894,1747907199325.656,-89,-17,-122
1747907199364.156,127900,1747907199345.5,-95,-17,-117
1747907199384.0,127925,1747907199365.344,-95,-23,-129
1747907199403.8442,127910,1747907199385.219,-87,-17,-122
1747907199423.719,127907,1747907199405.063,-98,-17,-120
1747907199443.562,127915,1747907199424.937,-88,-18,-120
1747907199463.469,127916,1747907199444.781,-89,-17,-122
1747907199483.281,127932,1747907199464.656,-84,-17,-124
1747907199503.156,127939,1747907199484.531,-88,-17,-117
1747907199523.031,127956,1747907199504.375,-82,-17,-113
1747907199542.875,127980,1747907199524.25,-93,-17,-113
1747907199562.719,127988,1747907199544.031,-93,-17,-113
1747907199582.656,128029,1747907199563.906,-97,-17,-119
1747907199602.406,128060,1747907199583.844,-100,-17,-121
1747907199622.281,128091,1747907199603.594,-84,-9,-116
1747907199642.094,128152,1747907199623.5,-98,-17,-119
1747907199661.969,128186,1747907199643.312,-97,-9,-117
1747907199681.812,128246,1747907199663.156,-97,-17,-114
1747907199701.656,128293,1747907199683.063,-84,-18,-115
1747907199721.469,128318,1747907199702.844,-89,-25,-129
1747907199741.313,128373,1747907199722.656,-84,-17,-116
1747907199761.156,128402,1747907199742.531,-95,-17,-113
1747907199781.0,128394,1747907199762.344,-84,-9,-116
1747907199800.844,128335,1747907199782.219,-97,-18,-116
1747907199820.688,128267,1747907199802.062,-89,-17,-115
1747907199840.5,128193,1747907199821.875,-77,-17,-120
1747907199860.375,128122,1747907199841.687,-88,-31,-121
1747907199880.187,128075,1747907199861.594,-100,-17,-116
1747907199900.031,128018,1747907199881.406,-84,-17,-112
1747907199919.875,127971,1747907199901.219,-98,-17,-121
1747907199939.688,127954,1747907199921.062,-97,-17,-119
1747907199959.563,127946,1747907199940.938,-84,-18,-121
1747907199979.469,127946,1747907199960.75,-92,-17,-121
1747907199999.219,127956,1747907199980.594,-92,-33,-125
1747907200019.094,127942,1747907200000.406,-97,-17,-121
1747907200038.906,127957,1747907200020.281,-88,-9,-118
1747907200058.75,127966,1747907200040.125,-95,-10,-120
1747907200078.594,127979,1747907200059.938,-84,-17,-114
1747907200098.437,127972,1747907200079.813,-90,-18,-116
1747907200118.281,127983,1747907200099.719,-95,-17,-116
1747907200138.094,127986,1747907200119.469,-88,-17,-121
1747907200157.938,127991,1747907200139.313,-84,-17,-122
1747907200177.812,128013,1747907200159.156,-97,-17,-125
1747907200197.656,128015,1747907200179.031,-89,-17,-117
1747907200217.5,128052,1747907200198.875,-84,-21,-109
1747907200237.344,128072,1747907200218.719,-82,-17,-116
1747907200257.219,128120,1747907200238.563,-98,-17,-113
1747907200277.062,128169,1747907200258.406,-80,-25,-111
1747907200296.875,128208,1747907200278.25,-88,-17,-119
1747907200316.719,128247,1747907200298.125,-88,-17,-119
1747907200336.563,128299,1747907200317.938,-86,-16,-125
1747907200356.406,128348,1747907200337.781,-92,-17,-116
1747907200376.25,128396,1747907200357.656,-95,-17,-113
1747907200396.063,128436,1747907200377.469,-84,-17,-112
1747907200415.938,128497,1747907200397.281,-89,-17,-121
1747907200435.781,128564,1747907200417.125,-84,-17,-116
1747907200455.625,128589,1747907200437.0,-98,-9,-121
1747907200475.469,128614,1747907200456.844,-95,-17,-114
1747907200495.281,128599,1747907200476.687,-86,-25,-114
1747907200515.156,128562,1747907200496.5,-100,-17,-112
1747907200535.0,128496,1747907200516.375,-85,-17,-113
1747907200554.812,128451,1747907200536.219,-96,-18,-116
1747907200574.656,128390,1747907200556.0,-95,-17,-124
1747907200594.5,128335,1747907200575.844,-87,-17,-119
1747907200614.344,128298,1747907200595.719,-100,-17,-145
1747907200634.156,128264,1747907200615.563,-98,-18,-113
1747907200654.0,128269,1747907200635.406,-84,-25,-114
1747907200673.844,128262,1747907200655.188,-92,-17,-96
1747907200693.75,128281,1747907200675.031,-96,-17,-119
1747907200713.5,128299,1747907200694.906,-90,-23,-119
1747907200733.344,128313,1747907200714.719,-87,-9,-124
1747907200753.187,128330,1747907200734.5632,-96,-18,-113
1747907200773.031,128340,1747907200754.375,-80,-17,-109
1747907200792.875,128333,1747907200774.25,-98,-17,-114
1747907200812.6882,128341,1747907200794.062,-84,-17,-115
1747907200832.5,128351,1747907200813.844,-88,-31,-119
1747907200852.375,128368,1747907200833.719,-87,-21,-114
1747907200872.25,128372,1747907200853.594,-95,-17,-121
1747907200892.063,128389,1747907200873.469,-87,-17,-121
1747907200911.938,128420,1747907200893.281,-89,-17,-113
1747907200931.812,128445,1747907200913.156,-92,-18,-116
1747907200951.625,128479,1747907200933.0,-93,-33,-123
1747907200971.437,128511,1747907200952.844,-90,-17,-114
1747907200991.313,128536,1747907200972.656,-89,-17,-113
1747907201011.156,128582,1747907200992.5,-89,-18,-125
1747907201031.0,128630,1747907201012.344,-88,-17,-116
1747907201050.844,128669,1747907201032.156,-89,-9,-122
1747907201070.688,128716,1747907201052.062,-97,-17,-117
1747907201090.563,128745,1747907201071.906,-89,-17,-121
1747907201110.406,128780,1747907201091.75,-97,-25,-121
1747907201130.219,128839,1747907201111.594,-89,-17,-114
1747907201150.125,128885,1747907201131.469,-82,-17,-116
1747907201169.938,128923,1747907201151.344,-87,-17,-122
1747907201189.781,128929,1747907201171.156,-96,-17,-120
1747907201209.625,128902,1747907201191.0,-96,-17,-118
1747907201229.469,128847,1747907201210.875,-97,-25,-121
1747907201249.344,128788,1747907201230.687,-96,-17,-116
1747907201269.281,128729,1747907201250.562,-96,-17,-112
1747907201289.031,128680,1747907201270.375,-88,-25,-121
1747907201308.875,128670,1747907201290.281,-85,-17,-113
1747907201328.75,128650,1747907201310.0942,-87,-17,-116
1747907201348.563,128644,1747907201329.937,-97,-17,-127
1747907201368.438,128652,1747907201349.812,-88,-18,-120
1747907201388.25,128660,1747907201369.656,-89,-17,-121
1747907201408.094,128689,1747907201389.469,-98,-17,-114
1747907201427.969,128697,1747907201409.344,-88,-17,-120
1747907201447.813,128719,1747907201429.187,-93,-17,-114
1747907201467.656,128720,1747907201449.0,-84,-17,-121
1747907201487.562,128734,1747907201468.875,-83,-17,-116
1747907201507.375,128761,1747907201488.781,-98,-17,-119
1747907201527.219,128768,1747907201508.562,-96,-15,-121
1747907201547.0632,128785,1747907201528.406,-82,-17,-117
1747907201566.875,128793,1747907201548.281,-97,-25,-120
1747907201586.75,128814,1747907201568.094,-93,-10,-114
1747907201606.719,128852,1747907201587.969,-90,-17,-114
1747907201626.438,128883,1747907201607.844,-88,-33,-125
1747907201646.281,128914,1747907201627.656,-93,-10,-114
1747907201666.125,128959,1747907201647.531,-85,-18,-117
1747907201685.969,128985,1747907201667.375,-97,-17,-112
1747907201705.812,129035,1747907201687.187,-97,-17,-116
1747907201725.656,129051,1747907201707.031,-95,-17,-117
1747907201745.531,129089,1747907201726.938,-95,-9,-114
1747907201765.375,129134,1747907201746.719,-88,-10,-121
1747907201785.187,129191,1747907201766.594,-86,-17,-121
1747907201805.063,129227,1747907201786.437,-84,-17,-111
1747907201825.0,129265,1747907201806.281,-93,-17,-112
1747907201844.781,129285,1747907201826.25,-92,-17,-117
1747907201864.625,129266,1747907201845.969,-97,-17,-121
1747907201884.5,129216,1747907201865.875,-84,-17,-119
1747907201904.313,129153,1747907201885.719,-97,-25,-120
1747907201924.188,129086,1747907201905.531,-84,-17,-121
1747907201944.031,129027,1747907201925.406,-93,-17,-120
1747907201963.875,128967,1747907201945.281,-90,-41,-117
1747907201983.75,128927,1747907201965.094,-85,-25,-113
1747907202003.594,128903,1747907201984.969,-89,-17,-116
1747907202023.438,128885,1747907202004.781,-84,-13,-112
1747907202043.281,128875,1747907202024.656,-93,-17,-116
1747907202063.125,128894,1747907202044.4692,-81,-17,-114
1747907202082.969,128913,1747907202064.375,-96,-17,-114
1747907202102.844,128915,1747907202084.187,-98,-17,-115
1747907202122.687,128929,1747907202104.063,-88,-13,-114
1747907202142.531,128929,1747907202123.875,-89,-17,-122
1747907202162.469,128967,1747907202143.75,-87,-17,-114
1747907202182.219,128965,1747907202163.656,-94,-10,-120
1747907202202.063,128983,1747907202183.438,-98,-19,-120
1747907202221.937,128993,1747907202203.281,-93,-17,-125
1747907202241.781,129013,1747907202223.125,-97,-17,-113
1747907202261.656,129045,1747907202242.969,-87,-17,-116
1747907202281.469,129061,1747907202262.875,-89,-18,-116
1747907202301.312,129102,1747907202282.656,-85,-25,-128
1747907202321.156,129148,1747907202302.531,-88,-17,-118
1747907202341.031,129158,1747907202322.344,-95,-17,-120
1747907202360.844,129211,1747907202342.25,-80,-17,-112
1747907202380.688,129254,1747907202362.062,-96,-18,-119
1747907202400.562,129297,1747907202381.906,-95,-17,-114
1747907202420.437,129340,1747907202401.813,-96,-17,-122
1747907202440.25,129376,1747907202421.625,-84,-17,-116
1747907202460.094,129429,1747907202441.437,-96,-17,-121
1747907202479.938,129464,1747907202461.313,-87,-18,-114
1747907202499.906,129511,1747907202481.156,-89,-17,-114
1747907202519.625,129561,1747907202501.125,-95,-10,-120
1747907202539.5,129585,1747907202520.844,-93,-13,-122
1747907202559.375,129568,1747907202540.719,-88,-17,-118
1747907202579.187,129509,1747907202560.594,-97,-17,-114
1747907202599.031,129426,1747907202580.438,-85,-18,-119
1747907202618.906,129354,1747907202600.25,-97,-17,-114
1747907202638.719,129280,1747907202620.125,-84,-25,-110
1747907202658.594,129230,1747907202639.937,-98,-17,-121
1747907202678.406,129170,1747907202659.813,-87,-17,-116
1747907202698.25,129156,1747907202679.656,-95,-17,-112
1747907202718.094,129147,1747907202699.469,-92,-9,-116
1747907202737.938,129116,1747907202719.312,-87,-17,-121
1747907202757.812,129125,1747907202739.281,-93,-9,-114
1747907202777.625,129132,1747907202759.031,-93,-17,-119
1747907202797.5,129139,1747907202778.875,-93,-17,-117
1747907202817.344,129154,1747907202798.687,-89,-17,-121
1747907202837.188,129162,1747907202818.562,-85,-9,-121
1747907202857.031,129152,1747907202838.406,-97,-17,-121
1747907202876.906,129138,1747907202858.219,-89,-16,-123
1747907202896.75,129153,1747907202878.094,-84,-17,-122
1747907202916.625,129163,1747907202898.0,-101,-25,-119
1747907202936.438,129160,1747907202917.844,-84,-17,-112
1747907202956.312,129176,1747907202937.656,-93,-17,-121
1747907202976.187,129183,1747907202957.531,-89,-29,-120
1747907202996.031,129200,1747907202977.406,-97,-10,-116
1747907203015.875,129217,1747907202997.25,-84,-17,-112
1747907203035.719,129258,1747907203017.063,-87,-17,-120
1747907203055.594,129286,1747907203036.938,-100,-17,-117
1747907203075.438,129335,1747907203056.812,-84,-17,-111
1747907203095.25,129384,1747907203076.719,-93,-17,-116
1747907203115.156,129419,1747907203096.469,-87,-17,-117
1747907203134.969,129485,1747907203116.344,-85,-17,-120
1747907203154.844,129544,1747907203136.188,-90,-17,-122
1747907203174.781,129617,1747907203156.0618,-87,-17,-121
1747907203194.531,129679,1747907203175.969,-92,-17,-117
1747907203214.406,129753,1747907203195.75,-85,-17,-117
1747907203234.25,129818,1747907203215.625,-96,-9,-118
1747907203254.062,129850,1747907203235.5,-81,-20,-121
1747907203273.938,129849,1747907203255.281,-91,-17,-117
1747907203293.781,129808,1747907203275.125,-87,-17,-112
1747907203313.656,129745,1747907203294.969,-89,-25,-125
1747907203333.531,129685,1747907203314.875,-85,-17,-116
1747907203353.344,129633,1747907203334.719,-82,-17,-116
1747907203373.219,129579,1747907203354.562,-84,-25,-125
1747907203393.062,129544,1747907203374.438,-95,-17,-119
1747907203412.875,129533,1747907203394.281,-97,-12,-121
1747907203432.781,129506,1747907203414.125,-95,-10,-113
1747907203452.625,129499,1747907203433.937,-89,-13,-121
1747907203472.469,129507,1747907203453.844,-90,-17,-112
1747907203492.344,129499,1747907203473.656,-84,-9,-122
1747907203512.219,129510,1747907203493.562,-81,-25,-125
1747907203532.031,129500,1747907203513.437,-89,-17,-115
1747907203551.906,129506,1747907203533.25,-97,-17,-119
1747907203571.719,129532,1747907203553.094,-84,-13,-116
1747907203591.562,129540,1747907203572.906,-84,-17,-122
1747907203611.438,129548,1747907203592.781,-84,-18,-119
1747907203631.375,129571,1747907203612.656,-90,-17,-117
1747907203651.094,129566,1747907203632.469,-88,-33,-125
1747907203671.0,129582,1747907203652.344,-84,-17,-127
1747907203690.812,129589,1747907203672.188,-93,-9,-130
1747907203710.6882,129615,1747907203692.031,-84,-18,-128
1747907203730.531,129636,1747907203711.906,-93,-17,-115
1747907203750.375,129672,1747907203731.75,-97,-17,-118
1747907203770.25,129698,1747907203751.563,-85,-13,-113
1747907203790.125,129717,1747907203771.4692,-81,-17,-116
1747907203809.969,129755,1747907203791.344,-85,-17,-114
1747907203829.844,129793,1747907203811.188,-80,-17,-124
1747907203849.687,129814,1747907203831.031,-90,-9,-121
1747907203869.594,129861,1747907203850.875,-89,-17,-119
1747907203889.375,129908,1747907203870.75,-87,-13,-118
1747907203909.25,129943,1747907203890.625,-97,-10,-124
1747907203929.094,129990,1747907203910.438,-73,-17,-119
1747907203948.969,130018,1747907203930.281,-84,-17,-121
1747907203968.781,130037,1747907203950.156,-85,-17,-121
1747907203988.656,130022,1747907203970.031,-97,-12,-116
1747907204008.5,129980,1747907203989.844,-84,-17,-118
1747907204028.344,129916,1747907204009.719,-96,-17,-114
1747907204048.187,129834,1747907204029.562,-88,-25,-129
1747907204068.031,129767,1747907204049.406,-93,-17,-116
1747907204087.875,129716,1747907204069.25,-93,-17,-118
1747907204107.719,129672,1747907204089.063,-85,-17,-122
1747907204127.594,129660,1747907204108.969,-89,-17,-119
1747907204147.406,129640,1747907204128.781,-89,-17,-116
1747907204167.313,129639,1747907204148.625,-93,-18,-116
1747907204187.156,129656,1747907204168.5,-96,-17,-121
1747907204207.031,129652,1747907204188.375,-85,-17,-117
1747907204226.844,129655,1747907204208.219,-96,-13,-118
1747907204246.688,129654,1747907204228.062,-89,-17,-116
1747907204266.563,129649,1747907204247.906,-89,-17,-117
1747907204286.437,129642,1747907204267.75,-82,-10,-113
1747907204306.219,129641,1747907204287.625,-101,-17,-112
1747907204326.094,129629,1747907204307.469,-97,-1,-113
1747907204345.969,129628,1747907204327.281,-84,-17,-116
1747907204365.781,129638,1747907204347.156,-89,-9,-110
1747907204385.625,129629,1747907204367.0,-97,-24,-129
1747907204405.469,129646,1747907204386.844,-89,-17,-121
1747907204425.344,129662,1747907204406.687,-87,-17,-122
1747907204445.219,129688,1747907204426.531,-88,-17,-116
1747907204465.031,129696,1747907204446.406,-89,-13,-117
1747907204484.875,129731,1747907204466.25,-93,-9,-118
1747907204504.75,129762,1747907204486.156,-90,-18,-116
1747907204524.594,129788,1747907204505.937,-96,-17,-120
1747907204544.4692,129829,1747907204525.781,-92,-9,-119
1747907204564.281,129867,1747907204545.625,-93,-16,-121
1747907204584.125,129889,1747907204565.5,-85,-17,-119
1747907204604.0,129918,1747907204585.344,-73,-17,-116
1747907204623.813,129954,1747907204605.187,-103,-17,-114
1747907204643.625,129978,1747907204625.0,-89,-17,-114
1747907204663.5,129998,1747907204644.844,-105,-33,-121
1747907204683.375,129992,1747907204664.719,-97,-18,-120
1747907204703.188,129948,1747907204684.594,-88,-17,-116
1747907204723.031,129875,1747907204704.406,-96,-20,-127
1747907204742.906,129802,1747907204724.25,-85,-17,-117
1747907204762.75,129745,1747907204744.094,-98,-33,-104
1747907204782.594,129736,1747907204763.969,-97,-18,-120
1747907204802.438,129728,1747907204783.812,-96,-17,-113
1747907204822.2808,129742,1747907204803.625,-89,-17,-114
1747907204842.125,129768,1747907204823.5,-73,-17,-120
1747907204861.969,129816,1747907204843.344,-93,-17,-122
1747907204881.781,129843,1747907204863.219,-98,-18,-121
1747907204901.656,129884,1747907204883.0,-97,-17,-119
1747907204921.531,129899,1747907204902.875,-85,-10,-120
1747907204941.375,129954,1747907204922.75,-105,-17,-104
1747907204961.1868,129960,1747907204942.563,-89,-9,-121
1747907204981.156,129970,1747907204962.406,-87,-17,-120
1747907205000.875,130003,1747907204982.25,-84,-24,-121
1747907205020.719,130018,1747907205002.094,-95,-17,-121
1747907205040.562,130013,1747907205021.938,-96,-17,-112
1747907205060.406,130015,1747907205041.719,-89,-17,-128
1747907205080.25,130027,1747907205061.625,-84,-9,-121
1747907205100.094,130046,1747907205081.469,-98,-17,-122
1747907205119.937,130077,1747907205101.344,-84,-17,-116
1747907205139.781,130096,1747907205121.156,-97,-17,-116
1747907205159.656,130113,1747907205141.0,-88,-17,-120
1747907205179.5,130151,1747907205160.844,-95,-17,-127
1747907205199.406,130212,1747907205180.719,-85,-17,-114
1747907205219.187,130258,1747907205200.625,-100,-17,-114
1747907205239.031,130297,1747907205220.375,-97,-19,-121
1747907205258.906,130338,1747907205240.2192,-87,-17,-118
1747907205278.719,130390,1747907205260.125,-97,-17,-122
1747907205298.594,130425,1747907205279.938,-84,-17,-125
1747907205318.562,130477,1747907205299.781,-89,-9,-116
1747907205338.312,130485,1747907205319.687,-98,-33,-128
1747907205358.156,130485,1747907205339.531,-84,-18,-125
1747907205378.0,130441,1747907205359.375,-87,-25,-122
1747907205397.875,130377,1747907205379.219,-88,-17,-125
1747907205417.75,130320,1747907205399.094,-89,-17,-120
1747907205437.563,130253,1747907205418.969,-84,-17,-121
1747907205457.438,130191,1747907205438.781,-94,-17,-119
1747907205477.312,130145,1747907205458.656,-95,-17,-120
1747907205497.156,130096,1747907205478.5308,-84,-18,-123
1747907205517.0,130073,1747907205498.375,-85,-17,-121
1747907205536.844,130069,1747907205518.219,-84,-21,-121
1747907205556.719,130046,1747907205538.063,-84,-17,-121
1747907205576.594,130054,1747907205557.906,-97,-13,-121
1747907205596.437,130064,1747907205577.812,-84,-10,-122
1747907205616.281,130070,1747907205597.656,-89,-17,-117
1747907205636.156,130068,1747907205617.5,-96,-17,-121
1747907205656.031,130069,1747907205637.344,-85,-9,-120
1747907205675.844,130039,1747907205657.219,-89,-1,-125
1747907205695.719,130040,1747907205677.062,-92,-17,-113
1747907205715.563,130016,1747907205696.906,-88,-17,-121
1747907205735.437,130039,1747907205716.75,-91,-25,-129
1747907205755.344,130026,1747907205736.656,-93,-17,-117
1747907205775.156,130022,1747907205756.5,-87,-31,-117
1747907205795.031,130051,1747907205776.375,-93,-18,-125
1747907205814.9058,130059,1747907205796.25,-89,-9,-125
1747907205834.719,130070,1747907205816.063,-88,-17,-122
1747907205854.594,130074,1747907205835.938,-93,-17,-117
1747907205874.469,130097,1747907205855.812,-87,-18,-122
1747907205894.313,130126,1747907205875.688,-84,-17,-118
1747907205914.156,130149,1747907205895.531,-96,-9,-121
1747907205934.031,130188,1747907205915.375,-84,-9,-120
1747907205953.906,130214,1747907205935.312,-85,-17,-116
1747907205973.781,130219,1747907205955.094,-93,-17,-121
1747907205993.594,130237,1747907205974.969,-87,-9,-130
1747907206013.469,130214,1747907205994.844,-84,-9,-117
1747907206033.344,130158,1747907206014.656,-86,-17,-121
1747907206053.188,130079,1747907206034.562,-93,-17,-121
1747907206073.0,129993,1747907206054.375,-88,-8,-116
1747907206092.875,129909,1747907206074.219,-87,-17,-119
1747907206112.719,129829,1747907206094.094,-72,-17,-118
1747907206132.594,129760,1747907206113.937,-84,-17,-116
1747907206152.406,129710,1747907206133.812,-95,-17,-114
1747907206172.281,129668,1747907206153.625,-84,-17,-125
1747907206192.156,129642,1747907206173.469,-93,-17,-116
1747907206212.0,129622,1747907206193.3442,-95,-17,-121
1747907206231.813,129605,1747907206213.219,-95,-9,-117
1747907206251.688,129588,1747907206233.063,-89,-10,-125
1747907206271.562,129576,1747907206252.906,-81,-9,-121
1747907206291.437,129551,1747907206272.781,-100,-17,-116
1747907206311.281,129544,1747907206292.656,-87,-15,-116
1747907206331.156,129514,1747907206312.5,-90,-17,-116
1747907206351.0,129505,1747907206332.344,-89,-25,-113
1747907206370.875,129481,1747907206352.219,-97,-17,-116
1747907206390.719,129464,1747907206372.094,-86,-17,-118
1747907206410.563,129462,1747907206391.937,-96,-25,-120
1747907206430.437,129461,1747907206411.781,-84,-17,-125
1747907206450.312,129457,1747907206431.6558,-84,-18,-121
1747907206470.156,129470,1747907206451.531,-90,-17,-125
1747907206490.063,129479,1747907206471.375,-90,-17,-117
1747907206509.875,129493,1747907206491.281,-105,-17,-112
1747907206529.75,129499,1747907206511.094,-84,-13,-122
1747907206549.594,129506,1747907206530.969,-92,-17,-114
1747907206569.438,129527,1747907206550.781,-93,-17,-114
1747907206589.281,129564,1747907206570.656,-80,-17,-116
1747907206609.1868,129597,1747907206590.5,-84,-17,-116
1747907206629.0,129629,1747907206610.375,-89,-25,-112
1747907206648.875,129647,1747907206630.187,-95,-19,-121
1747907206668.75,129689,1747907206650.094,-86,-17,-116
1747907206688.594,129681,1747907206669.938,-73,-17,-125
1747907206708.469,129646,1747907206689.813,-84,-17,-129
1747907206728.313,129558,1747907206709.687,-84,-17,-121
1747907206748.188,129469,1747907206729.531,-97,-2,-123
1747907206768.0308,129383,1747907206749.375,-87,-17,-121
1747907206787.875,129286,1747907206769.25,-87,-25,-127
1747907206807.75,129214,1747907206789.094,-84,-29,-129
1747907206827.625,129149,1747907206808.969,-85,-17,-121
1747907206847.5,129094,1747907206828.844,-88,-17,-116
1747907206867.344,129054,1747907206848.688,-84,-17,-125
1747907206887.219,129011,1747907206868.531,-87,-17,-121
1747907206907.156,128985,1747907206888.437,-90,-17,-119
1747907206926.938,128962,1747907206908.344,-95,-17,-121
1747907206946.781,128967,1747907206928.156,-84,-17,-117
1747907206966.656,128952,1747907206948.0,-85,-17,-117
1747907206986.531,128951,1747907206967.875,-96,-17,-119
1747907207006.406,128925,1747907206987.719,-84,-17,-121
1747907207026.219,128928,1747907207007.625,-102,-17,-116
1747907207046.094,128912,1747907207027.406,-83,-18,-114
1747907207065.969,128906,1747907207047.312,-93,-17,-118
1747907207085.844,128894,1747907207067.219,-80,-9,-125
1747907207105.687,128902,1747907207087.063,-89,-17,-119
1747907207125.562,128908,1747907207106.875,-93,-17,-125
1747907207145.406,128916,1747907207126.75,-84,-16,-125
1747907207165.281,128931,1747907207146.625,-90,-9,-121
1747907207185.125,128926,1747907207166.531,-85,-10,-121
1747907207205.0,128945,1747907207186.313,-93,-9,-112
1747907207224.875,128964,1747907207206.187,-87,-9,-119
1747907207244.719,128988,1747907207226.094,-87,-17,-117
1747907207264.563,129008,1747907207245.969,-96,-17,-113
1747907207284.437,129038,1747907207265.781,-85,-10,-114
1747907207304.281,129066,1747907207285.656,-89,-17,-121
1747907207324.156,129086,1747907207305.5,-88,-17,-124
1747907207344.031,129128,1747907207325.375,-96,-9,-125
1747907207363.969,129158,1747907207345.219,-86,-17,-125
1747907207383.75,129154,1747907207365.094,-85,-21,-114
1747907207403.625,129146,1747907207384.969,-92,-17,-116
1747907207423.438,129072,1747907207404.844,-71,-17,-122
1747907207443.312,129002,1747907207424.656,-95,-18,-113
1747907207463.187,128906,1747907207444.531,-84,-10,-119
1747907207483.031,128805,1747907207464.375,-97,-16,-120
1747907207502.906,128739,1747907207484.25,-83,-17,-118
1747907207522.781,128665,1747907207504.094,-95,-9,-116
1747907207542.625,128626,1747907207524.0,-97,-25,-96
1747907207562.5,128572,1747907207543.875,-88,-18,-121
1747907207582.344,128528,1747907207563.687,-81,-17,-113
1747907207602.219,128493,1747907207583.563,-84,-9,-127
1747907207622.125,128480,1747907207603.438,-84,-17,-112
1747907207642.0,128453,1747907207623.344,-87,-17,-113
1747907207661.813,128435,1747907207643.219,-85,-21,-121
1747907207681.688,128417,1747907207663.031,-94,-9,-116
1747907207701.531,128386,1747907207682.875,-92,-17,-123
1747907207721.406,128383,1747907207702.75,-84,-10,-122
1747907207741.25,128366,1747907207722.625,-81,-9,-122
1747907207761.125,128332,1747907207742.469,-92,-10,-119
1747907207781.0,128345,1747907207762.344,-87,-24,-132
1747907207800.875,128323,1747907207782.219,-82,-17,-121
1747907207820.719,128322,1747907207802.062,-80,-25,-119
1747907207840.563,128313,1747907207821.937,-84,-17,-114
1747907207860.437,128331,1747907207841.813,-95,-17,-112
1747907207880.25,128352,1747907207861.625,-84,-16,-127
1747907207900.125,128383,1747907207881.5,-89,-17,-121
1747907207920.0,128402,1747907207901.344,-89,-17,-117
1747907207939.844,128426,1747907207921.219,-93,-17,-112
1747907207959.687,128460,1747907207941.063,-89,-17,-117
1747907207979.531,128487,1747907207960.906,-93,-17,-121
1747907207999.406,128526,1747907207980.781,-88,-18,-117
1747907208019.281,128539,1747907208000.594,-87,-17,-120
1747907208039.094,128592,1747907208020.5,-85,-18,-119
1747907208059.0,128608,1747907208040.344,-89,-17,-119
1747907208078.906,128660,1747907208060.187,-82,-17,-116
1747907208098.719,128697,1747907208080.156,-88,-17,-117
1747907208118.531,128698,1747907208099.906,-82,-21,-119
1747907208138.406,128664,1747907208119.781,-92,-9,-114
1747907208158.25,128607,1747907208139.625,-97,-25,-120
1747907208178.125,128547,1747907208159.469,-93,-17,-116
1747907208198.031,128458,1747907208179.281,-85,-25,-120
1747907208217.844,128388,1747907208199.219,-96,-33,-121
1747907208237.719,128331,1747907208219.063,-85,-17,-119
1747907208257.594,128286,1747907208238.937,-85,-18,-124
1747907208277.406,128247,1747907208258.781,-93,-18,-129
1747907208297.281,128231,1747907208278.625,-84,-17,-121
1747907208317.156,128206,1747907208298.5,-89,-21,-117
1747907208337.031,128209,1747907208318.3442,-84,-17,-124
1747907208356.875,128217,1747907208338.25,-89,-10,-119
1747907208376.719,128201,1747907208358.063,-84,-21,-121
1747907208396.594,128193,1747907208377.969,-96,-17,-114
1747907208416.469,128198,1747907208397.812,-87,-17,-121
1747907208436.281,128172,1747907208417.656,-84,-13,-118
1747907208456.187,128168,1747907208437.5,-98,-18,-119
1747907208476.031,128174,1747907208457.406,-98,-17,-121
1747907208495.906,128175,1747907208477.25,-80,-18,-116
1747907208515.719,128159,1747907208497.094,-81,-17,-116
1747907208535.594,128177,1747907208516.937,-97,-17,-114
1747907208555.437,128194,1747907208536.781,-82,-10,-114
1747907208575.281,128205,1747907208556.625,-97,-17,-119
1747907208595.125,128225,1747907208576.5,-85,-17,-120
1747907208614.969,128238,1747907208596.344,-84,-25,-103
1747907208634.813,128262,1747907208616.25,-95,-18,-117
1747907208654.687,128288,1747907208636.031,-98,-17,-119
1747907208674.5,128311,1747907208655.875,-84,-17,-125
1747907208694.375,128345,1747907208675.75,-83,-17,-116
1747907208714.219,128363,1747907208695.594,-84,-18,-116
1747907208734.094,128396,1747907208715.438,-84,-17,-123
1747907208753.937,128442,1747907208735.313,-89,-17,-112
1747907208773.781,128484,1747907208755.156,-93,-17,-121
1747907208793.656,128510,1747907208775.0,-84,-17,-113
1747907208813.531,128554,1747907208794.875,-93,-9,-122
1747907208833.344,128538,1747907208814.75,-96,-17,-119
1747907208853.219,128513,1747907208834.594,-84,-17,-114
1747907208873.094,128465,1747907208854.437,-84,-9,-121
1747907208892.938,128390,1747907208874.312,-92,-17,-120
1747907208912.812,128322,1747907208894.156,-98,-17,-113
1747907208932.656,128256,1747907208914.031,-80,-17,-113
1747907208952.5,128232,1747907208933.875,-95,-10,-107
1747907208972.375,128176,1747907208953.75,-96,-17,-121
1747907208992.219,128151,1747907208973.594,-84,-17,-116
1747907209012.094,128120,1747907208993.438,-95,-17,-113
1747907209031.938,128128,1747907209013.281,-97,-17,-116
1747907209051.813,128115,1747907209033.187,-84,-10,-117
1747907209071.656,128126,1747907209053.031,-98,-17,-111
1747907209091.531,128138,1747907209072.875,-95,-17,-117
1747907209111.406,128126,1747907209092.781,-92,-17,-122
1747907209131.25,128134,1747907209112.625,-84,-17,-119
1747907209151.219,128119,1747907209132.469,-100,-25,-121
1747907209170.937,128128,1747907209152.406,-99,-17,-116
1747907209190.812,128126,1747907209172.156,-95,-15,-116
1747907209210.656,128141,1747907209192.031,-85,-17,-116
1747907209230.5,128141,1747907209211.906,-101,-20,-116
1747907209250.375,128164,1747907209231.719,-87,-17,-114
1747907209270.25,128198,1747907209251.594,-84,-17,-116
1747907209290.094,128226,1747907209271.437,-84,-25,-128
1747907209309.938,128247,1747907209291.312,-93,-17,-116
1747907209329.781,128290,1747907209311.156,-88,-17,-121
1747907209349.656,128330,1747907209331.0,-93,-17,-112
1747907209369.5,128355,1747907209350.844,-96,-17,-120
1747907209389.313,128412,1747907209370.719,-89,-17,-121
1747907209409.219,128441,1747907209390.562,-93,-10,-118
1747907209429.094,128499,1747907209410.438,-87,-17,-125
1747907209448.906,128549,1747907209430.25,-82,-13,-119
1747907209468.75,128595,1747907209450.125,-90,-17,-132
1747907209488.594,128651,1747907209469.969,-84,-17,-121
1747907209508.438,128699,1747907209489.813,-90,-17,-113
1747907209528.312,128705,1747907209509.656,-82,-19,-121
1747907209548.156,128686,1747907209529.531,-95,-18,-116
1747907209568.0,128644,1747907209549.375,-97,-25,-125
1747907209587.875,128603,1747907209569.219,-89,-17,-116
1747907209607.75,128547,1747907209589.063,-93,-9,-122
1747907209627.562,128490,1747907209608.906,-88,-37,-128
1747907209647.406,128451,1747907209628.781,-86,-17,-121
1747907209667.25,128425,1747907209648.594,-85,-10,-120
1747907209687.125,128397,1747907209668.5,-89,-10,-145
1747907209706.969,128390,1747907209688.344,-93,-17,-119
1747907209726.8118,128386,1747907209708.188,-85,-9,-132
1747907209746.656,128377,1747907209728.031,-88,-25,-114
1747907209766.531,128387,1747907209747.875,-96,-17,-120
1747907209786.375,128412,1747907209767.75,-84,-10,-118
1747907209806.219,128427,1747907209787.594,-89,-17,-122
1747907209826.094,128428,1747907209807.437,-93,-17,-125
1747907209845.906,128437,1747907209827.312,-88,-18,-121
1747907209865.75,128443,1747907209847.094,-82,-20,-123
1747907209885.562,128442,1747907209866.9382,-91,-17,-121
1747907209905.406,128452,1747907209886.75,-97,-12,-120
1747907209925.25,128468,1747907209906.594,-97,-17,-119
1747907209945.094,128486,1747907209926.5,-90,-9,-121
1747907209964.906,128503,1747907209946.312,-93,-29,-121
1747907209984.781,128525,1747907209966.125,-84,-10,-121
1747907210004.594,128565,1747907209986.0,-81,-18,-120
1747907210024.469,128602,1747907210005.812,-97,-17,-116
1747907210044.281,128649,1747907210025.687,-95,-17,-117
1747907210064.125,128689,1747907210045.531,-97,-18,-121
1747907210083.9692,128714,1747907210065.313,-87,-17,-121
1747907210103.844,128761,1747907210085.188,-98,-18,-114
1747907210123.656,128817,1747907210105.031,-84,-17,-116
1747907210143.5,128868,1747907210124.875,-95,-10,-118
1747907210163.344,128921,1747907210144.687,-82,-17,-125
1747907210183.187,128938,1747907210164.563,-82,-9,-121
1747907210203.062,129003,1747907210184.406,-92,-10,-119
1747907210222.938,129053,1747907210204.281,-85,-17,-118
1747907210242.75,129063,1747907210224.094,-88,-29,-121
1747907210262.594,129044,1747907210243.938,-82,-17,-116
1747907210282.469,129009,1747907210263.781,-89,-17,-113
1747907210302.281,128920,1747907210283.6558,-92,-7,-128
1747907210322.125,128887,1747907210303.5,-85,-9,-119
1747907210341.969,128852,1747907210323.312,-93,-17,-116
1747907210361.844,128828,1747907210343.188,-87,-10,-121
1747907210381.625,128804,1747907210363.031,-84,-9,-118
1747907210401.531,128805,1747907210382.844,-84,-17,-116
1747907210421.344,128803,1747907210402.75,-80,-17,-120
1747907210441.188,128785,1747907210422.531,-84,-17,-124
1747907210461.0,128777,1747907210442.438,-95,-18,-114
1747907210480.844,128802,1747907210462.219,-94,-9,-119
1747907210500.719,128814,1747907210482.062,-84,-9,-122
1747907210520.531,128840,1747907210501.906,-84,-17,-115
1747907210540.375,128856,1747907210521.75,-90,-17,-116
1747907210560.219,128860,1747907210541.594,-88,-9,-121
1747907210580.031,128881,1747907210561.406,-89,-8,-118
1747907210599.906,128892,1747907210581.281,-95,-17,-117
1747907210619.75,128890,1747907210601.094,-82,-17,-121
1747907210639.594,128928,1747907210620.938,-89,-17,-120
1747907210659.469,128945,1747907210640.8132,-85,-17,-127
1747907210679.281,128968,1747907210660.656,-97,-13,-116
1747907210699.156,129005,1747907210680.531,-84,-17,-121
1747907210719.0,129036,1747907210700.375,-89,-17,-116
1747907210738.812,129061,1747907210720.188,-84,-17,-120
1747907210758.719,129100,1747907210740.063,-88,-17,-117
1747907210778.563,129139,1747907210759.937,-89,-17,-121
1747907210798.375,129184,1747907210779.75,-93,-17,-121
1747907210818.25,129232,1747907210799.594,-85,-10,-113
1747907210838.125,129283,1747907210819.469,-84,-17,-121
1747907210857.969,129321,1747907210839.344,-88,-10,-116
1747907210877.813,129381,1747907210859.156,-85,-13,-121
1747907210897.656,129422,1747907210879.0,-87,-17,-125
1747907210917.5,129464,1747907210898.875,-81,-9,-116
1747907210937.375,129526,1747907210918.688,-84,-17,-122
1747907210957.187,129584,1747907210938.594,-100,-17,-116
1747907210977.031,129608,1747907210958.375,-96,-21,-116
1747907210996.938,129624,1747907210978.25,-88,-17,-127
1747907211016.719,129582,1747907210998.094,-89,-27,-120
1747907211036.562,129540,1747907211017.938,-82,-10,-127
1747907211056.438,129480,1747907211037.781,-95,-17,-113
1747907211076.281,129435,1747907211057.625,-89,-17,-116
1747907211096.125,129390,1747907211077.5,-98,-17,-121
1747907211115.969,129377,1747907211097.344,-88,-17,-122
1747907211135.812,129343,1747907211117.188,-85,-17,-121
1747907211155.688,129323,1747907211137.031,-93,-17,-120
1747907211175.625,129322,1747907211156.906,-85,-17,-122
1747907211195.375,129340,1747907211176.844,-84,-17,-114
1747907211215.25,129364,1747907211196.594,-80,-18,-120
1747907211235.063,129350,1747907211216.437,-98,-18,-116
1747907211254.938,129378,1747907211236.281,-93,-17,-113
1747907211274.75,129405,1747907211256.125,-96,-9,-114
1747907211294.594,129404,1747907211276.0,-83,-17,-120
1747907211314.437,129431,1747907211295.813,-97,-21,-129
1747907211334.375,129443,1747907211315.656,-93,-9,-116
1747907211354.156,129469,1747907211335.5,-82,-32,-121
1747907211374.0,129486,1747907211355.344,-93,-17,-124
1747907211393.844,129513,1747907211375.1882,-89,-9,-121
1747907211413.687,129537,1747907211395.062,-88,-17,-124
1747907211433.563,129572,1747907211414.937,-88,-9,-128
1747907211453.406,129600,1747907211434.781,-95,-10,-119
1747907211473.25,129636,1747907211454.719,-97,-25,-121
1747907211493.125,129690,1747907211474.469,-93,-9,-119
1747907211513.0,129769,1747907211494.344,-96,-17,-121
1747907211532.813,129807,1747907211514.219,-100,-17,-129
1747907211552.656,129855,1747907211534.0,-93,-17,-118
1747907211572.5,129925,1747907211553.875,-85,-17,-114
1747907211592.375,129967,1747907211573.719,-97,-4,-124
1747907211612.188,130025,1747907211593.5618,-84,-17,-114
1747907211632.031,130089,1747907211613.406,-88,-17,-121
1747907211651.906,130151,1747907211633.25,-93,-29,-129
1747907211671.781,130213,1747907211653.125,-89,-17,-114
1747907211691.594,130276,1747907211672.969,-87,-17,-122
1747907211711.438,130333,1747907211692.812,-92,-17,-127
1747907211731.313,130363,1747907211712.656,-85,-17,-119
1747907211751.156,130364,1747907211732.5,-91,-17,-121
1747907211771.0,130363,1747907211752.375,-89,-10,-112
1747907211790.844,130348,1747907211772.187,-89,-9,-121
1747907211810.688,130298,1747907211792.031,-93,-13,-117
1747907211830.562,130268,1747907211811.906,-97,-17,-116
1747907211850.437,130240,1747907211831.781,-93,-17,-115
1747907211870.25,130228,1747907211851.656,-96,-18,-116
1747907211890.094,130227,1747907211871.437,-87,-17,-119
1747907211909.969,130230,1747907211891.344,-100,-18,-119
1747907211929.781,130232,1747907211911.188,-87,-1,-121
1747907211949.656,130253,1747907211930.969,-87,-9,-119
1747907211969.5,130283,1747907211950.875,-90,-13,-122
1747907211989.344,130302,1747907211970.719,-80,-25,-96
1747907212009.187,130330,1747907211990.563,-90,-17,-125
1747907212029.031,130367,1747907212010.406,-86,-10,-117
1747907212048.906,130394,1747907212030.25,-88,-17,-125
1747907212068.75,130415,1747907212050.125,-93,-18,-116
1747907212088.594,130431,1747907212070.0,-81,-17,-120
1747907212108.469,130459,1747907212089.813,-93,-17,-116
1747907212128.312,130478,1747907212109.688,-93,-18,-118
1747907212148.156,130506,1747907212129.531,-101,-17,-112
1747907212168.0,130541,1747907212149.375,-81,-12,-116
1747907212187.875,130571,1747907212169.25,-90,-17,-113
1747907212207.719,130618,1747907212189.094,-80,-10,-114
1747907212227.562,130658,1747907212208.937,-97,-17,-121
1747907212247.406,130707,1747907212228.781,-97,-17,-118
1747907212267.281,130749,1747907212248.656,-85,-6,-121
1747907212287.125,130817,1747907212268.469,-89,-17,-116
1747907212306.969,130894,1747907212288.313,-82,-17,-114
1747907212326.813,130990,1747907212308.187,-92,-17,-98
1747907212346.656,131086,1747907212328.031,-88,-17,-114
1747907212366.5,131184,1747907212347.875,-87,-10,-119
1747907212386.344,131272,1747907212367.719,-95,-9,-128
1747907212406.219,131349,1747907212387.563,-84,-9,-121
1747907212426.063,131429,1747907212407.437,-97,-17,-114
1747907212445.938,131483,1747907212427.25,-95,-17,-120
1747907212465.812,131534,1747907212447.156,-89,-17,-121
1747907212485.656,131526,1747907212467.031,-96,-17,-119
1747907212505.5,131522,1747907212486.844,-89,-9,-117
1747907212525.375,131499,1747907212506.719,-89,-17,-119
1747907212545.219,131488,1747907212526.594,-88,-17,-115
1747907212565.094,131472,1747907212546.438,-92,-18,-114
1747907212584.906,131457,1747907212566.312,-88,-18,-116
1747907212604.75,131464,1747907212586.094,-81,-9,-122
1747907212624.625,131474,1747907212605.969,-92,-10,-120
1747907212644.5,131487,1747907212625.875,-93,-17,-120
1747907212664.3118,131522,1747907212645.688,-97,-17,-109
1747907212684.188,131545,1747907212665.531,-84,-17,-122
1747907212704.031,131572,1747907212685.406,-89,-17,-120
1747907212723.906,131592,1747907212705.25,-93,-17,-129
1747907212743.75,131611,1747907212725.094,-84,-21,-122
1747907212763.594,131629,1747907212744.937,-95,-9,-124
1747907212783.469,131662,1747907212764.812,-84,-17,-118
1747907212803.313,131691,1747907212784.688,-85,-10,-122
1747907212823.156,131714,1747907212804.531,-93,-17,-120
1747907212843.0,131743,1747907212824.344,-88,-17,-119
1747907212862.844,131780,1747907212844.25,-88,-17,-121
1747907212882.688,131812,1747907212864.062,-82,-9,-120
1747907212902.531,131836,1747907212883.906,-93,-17,-121
1747907212922.406,131897,1747907212903.781,-85,-10,-116
1747907212942.25,131936,1747907212923.625,-79,-10,-119
1747907212962.125,131981,1747907212943.469,-95,-17,-121
1747907212981.938,132013,1747907212963.344,-82,-17,-116
1747907213001.812,132072,1747907212983.156,-87,-16,-114
1747907213021.687,132131,1747907213003.0,-85,-17,-114
1747907213041.563,132184,1747907213022.937,-84,-18,-116
1747907213061.406,132243,1747907213042.75,-93,-17,-112
1747907213081.25,132287,1747907213062.594,-96,-17,-121
1747907213101.094,132337,1747907213082.5,-81,-9,-121
1747907213121.0,132391,1747907213102.281,-92,-17,-125
1747907213140.8132,132444,1747907213122.187,-97,-17,-114
1747907213160.656,132451,1747907213142.031,-83,-17,-113
1747907213180.531,132461,1747907213161.875,-97,-17,-121
1747907213200.5,132429,1747907213181.75,-85,-17,-118
1747907213220.219,132393,1747907213201.719,-101,-17,-122
1747907213240.094,132369,1747907213221.406,-87,-16,-121
1747907213259.937,132347,1747907213241.281,-87,-17,-121
1747907213279.812,132324,1747907213261.156,-95,-17,-114
1747907213299.656,132315,1747907213281.031,-93,-17,-124
1747907213319.5,132308,1747907213300.844,-86,-17,-117
1747907213339.375,132302,1747907213320.719,-89,-25,-122
1747907213359.219,132313,1747907213340.594,-84,-17,-123
1747907213379.062,132320,1747907213360.437,-85,-17,-118
1747907213398.906,132338,1747907213380.281,-80,-17,-112
1747907213418.813,132371,1747907213400.125,-80,-17,-121
1747907213438.625,132396,1747907213420.0,-93,-9,-120
1747907213458.469,132424,1747907213439.844,-93,-13,-121
1747907213478.375,132449,1747907213459.687,-95,-17,-117
1747907213498.188,132472,1747907213479.562,-93,-17,-117
1747907213518.062,132503,1747907213499.406,-89,-17,-119
1747907213537.937,132519,1747907213519.281,-86,-17,-125
1747907213557.75,132536,1747907213539.156,-85,-17,-121
1747907213577.594,132558,1747907213558.937,-82,-17,-121
1747907213597.5,132596,1747907213578.781,-93,-17,-121
1747907213617.312,132624,1747907213598.719,-87,-10,-121
1747907213637.187,132672,1747907213618.531,-82,-17,-116
1747907213657.094,132698,1747907213638.406,-93,-17,-116
1747907213676.938,132747,1747907213658.281,-96,-16,-121
1747907213696.781,132793,1747907213678.156,-96,-17,-116
1747907213716.625,132846,1747907213698.0,-95,-17,-125
1747907213736.5,132898,1747907213717.844,-93,-16,-129
1747907213756.344,132952,1747907213737.719,-93,-17,-114
1747907213776.187,133010,1747907213757.5632,-84,-10,-121
1747907213796.062,133065,1747907213777.406,-96,-17,-120
1747907213815.938,133118,1747907213797.281,-82,-17,-124
1747907213835.813,133173,1747907213817.125,-95,-17,-121
1747907213855.656,133198,1747907213837.031,-96,-18,-121
1747907213875.531,133228,1747907213856.875,-86,-13,-119
1747907213895.375,133216,1747907213876.719,-95,-17,-113
1747907213915.25,133199,1747907213896.594,-96,-10,-117
1747907213935.0942,133166,1747907213916.469,-92,-9,-122
1747907213954.969,133143,1747907213936.313,-79,-17,-124
1747907213974.844,133112,1747907213956.156,-87,-29,-121
1747907213994.781,133112,1747907213976.062,-85,-17,-117
1747907214014.563,133096,1747907213995.906,-82,-24,-117
1747907214034.437,133120,1747907214015.75,-82,-10,-117
1747907214054.281,133111,1747907214035.656,-89,-17,-121
1747907214074.156,133131,1747907214055.5,-85,-12,-128
1747907214094.0,133111,1747907214075.375,-92,-17,-118
1747907214113.875,133141,1747907214095.25,-84,-10,-115
1747907214133.75,133168,1747907214115.094,-84,-25,-112
1747907214153.625,133162,1747907214134.937,-96,-17,-120
1747907214173.438,133181,1747907214154.812,-95,-10,-116
1747907214193.312,133206,1747907214174.656,-85,-10,-113
1747907214213.187,133207,1747907214194.531,-96,-17,-116
1747907214233.031,133229,1747907214214.406,-96,-17,-116
1747907214252.875,133262,1747907214234.219,-84,-21,-119
1747907214272.812,133284,1747907214254.062,-87,-10,-116
1747907214292.594,133318,1747907214274.031,-87,-17,-120
1747907214312.437,133344,1747907214293.781,-84,-19,-121
1747907214332.281,133384,1747907214313.656,-91,-9,-123
1747907214352.156,133417,1747907214333.531,-97,-18,-116
1747907214372.0,133439,1747907214353.375,-93,-17,-125
1747907214391.844,133495,1747907214373.219,-95,-17,-121
1747907214411.688,133528,1747907214393.062,-87,-25,-122
1747907214431.531,133578,1747907214412.906,-89,-17,-119
1747907214451.406,133615,1747907214432.781,-105,-1,-121
1747907214471.25,133674,1747907214452.594,-81,-17,-125
1747907214491.094,133717,1747907214472.469,-93,-17,-124
1747907214510.969,133758,1747907214492.312,-82,-9,-119
1747907214530.813,133810,1747907214512.187,-95,-17,-114
1747907214550.687,133859,1747907214532.031,-82,-17,-122
1747907214570.469,133882,1747907214551.875,-93,-17,-118
1747907214590.344,133908,1747907214571.719,-84,-17,-121
1747907214610.219,133888,1747907214591.531,-87,-17,-120
1747907214630.094,133881,1747907214611.438,-93,-17,-122
1747907214649.937,133825,1747907214631.281,-85,-21,-121
1747907214669.812,133787,1747907214651.125,-84,-9,-121
1747907214689.656,133774,1747907214671.031,-79,-17,-118
1747907214709.563,133758,1747907214690.875,-84,-17,-125
1747907214729.375,133749,1747907214710.781,-90,-17,-121
1747907214749.281,133745,1747907214730.594,-89,-17,-117
1747907214769.125,133759,1747907214750.469,-89,-17,-114
1747907214789.031,133764,1747907214770.344,-84,-17,-124
1747907214808.875,133784,1747907214790.219,-82,-21,-92
1747907214828.75,133801,1747907214810.156,-96,-17,-114
1747907214848.625,133794,1747907214829.937,-93,-10,-116
1747907214868.469,133813,1747907214849.812,-83,-17,-117
1747907214888.344,133831,1747907214869.719,-93,-17,-113
1747907214908.219,133848,1747907214889.563,-87,-17,-119
1747907214928.063,133850,1747907214909.406,-98,-9,-120
1747907214947.906,133872,1747907214929.281,-89,-17,-120
1747907214967.75,133900,1747907214949.156,-96,-17,-116
1747907214987.625,133936,1747907214969.0,-88,-18,-121
1747907215007.5,133970,1747907214988.844,-92,-17,-120
1747907215027.344,133988,1747907215008.719,-88,-10,-117
1747907215047.219,134021,1747907215028.594,-84,-21,-114
1747907215067.125,134072,1747907215048.438,-93,-17,-114
1747907215086.969,134111,1747907215068.281,-96,-21,-122
1747907215106.781,134150,1747907215088.156,-84,-17,-121
1747907215126.656,134180,1747907215108.0,-89,-13,-119
1747907215146.531,134246,1747907215127.844,-93,-16,-128
1747907215166.375,134304,1747907215147.719,-84,-13,-117
1747907215186.219,134345,1747907215167.625,-84,-17,-113
1747907215206.094,134399,1747907215187.469,-97,-25,-120
1747907215225.969,134428,1747907215207.313,-85,-17,-121
1747907215245.812,134481,1747907215227.188,-93,-17,-119
1747907215265.625,134522,1747907215247.062,-86,-17,-116
1747907215285.5,134530,1747907215266.844,-96,-17,-122
1747907215305.344,134519,1747907215286.719,-87,-17,-128
1747907215325.187,134501,1747907215306.563,-96,-17,-128
1747907215345.125,134456,1747907215326.406,-87,-17,-121
1747907215364.875,134448,1747907215346.344,-92,-17,-114
1747907215384.75,134420,1747907215366.062,-87,-25,-118
1747907215404.625,134397,1747907215385.969,-88,-17,-121
1747907215424.437,134387,1747907215405.813,-97,-25,-121
1747907215444.281,134376,1747907215425.656,-87,-18,-122
1747907215464.125,134393,1747907215445.5,-84,-17,-113
1747907215484.0,134408,1747907215465.344,-85,-31,-122
1747907215503.844,134420,1747907215485.219,-84,-17,-122
1747907215523.6868,134437,1747907215505.063,-93,-17,-116
1747907215543.531,134469,1747907215524.906,-89,-17,-128
1747907215563.375,134479,1747907215544.719,-95,-13,-117
1747907215583.25,134486,1747907215564.594,-93,-17,-125
1747907215603.094,134497,1747907215584.5,-84,-10,-121
1747907215622.937,134517,1747907215604.312,-96,-17,-113
1747907215642.781,134523,1747907215624.094,-80,-17,-123
1747907215662.625,134538,1747907215644.0,-97,-17,-122
1747907215682.562,134531,1747907215663.8132,-80,-9,-122
1747907215702.312,134561,1747907215683.75,-91,-17,-126
1747907215722.156,134578,1747907215703.531,-87,-17,-121
1747907215742.0,134602,1747907215723.375,-88,-17,-121
1747907215761.844,134642,1747907215743.219,-97,-17,-119
1747907215781.719,134663,1747907215763.031,-84,-17,-120
1747907215801.594,134702,1747907215782.938,-82,-18,-121
1747907215821.438,134728,1747907215802.781,-96,-25,-126
1747907215841.281,134766,1747907215822.656,-85,-10,-121
1747907215861.156,134791,1747907215842.5,-97,-17,-119
1747907215881.0,134841,1747907215862.344,-97,-17,-125
1747907215900.875,134882,1747907215882.219,-82,-17,-113
1747907215920.688,134911,1747907215902.094,-95,-17,-116
1747907215940.594,134947,1747907215921.906,-85,-17,-117
1747907215960.469,134981,1747907215941.813,-85,-17,-119
1747907215980.313,134978,1747907215961.687,-93,-17,-113
1747907216000.156,134981,1747907215981.531,-74,-25,-118
1747907216020.0,134939,1747907216001.406,-83,-17,-122
1747907216039.875,134902,1747907216021.219,-87,-17,-125
1747907216059.75,134871,1747907216041.094,-95,-25,-120
1747907216079.594,134846,1747907216060.937,-81,-10,-122
1747907216099.438,134819,1747907216080.781,-98,-17,-121
1747907216119.312,134804,1747907216100.656,-92,-9,-121
1747907216139.187,134796,1747907216120.469,-84,-17,-116
1747907216158.969,134789,1747907216140.375,-97,-16,-122
1747907216178.969,134794,1747907216160.187,-81,-18,-121
1747907216198.688,134809,1747907216180.031,-93,-32,-118
1747907216218.5618,134812,1747907216199.906,-93,-16,-129
1747907216238.406,134826,1747907216219.781,-84,-10,-121
1747907216258.25,134839,1747907216239.594,-97,-9,-134
1747907216278.125,134823,1747907216259.469,-95,-17,-120
1747907216298.0,134825,1747907216279.344,-84,-9,-119
1747907216317.844,134840,1747907216299.219,-89,-17,-118
1747907216337.688,134829,1747907216319.094,-96,-17,-124
1747907216357.563,134850,1747907216338.875,-84,-17,-121
1747907216377.4058,134862,1747907216358.781,-87,-17,-121
1747907216397.281,134874,1747907216378.625,-85,-18,-116
1747907216417.188,134884,1747907216398.469,-88,-17,-118
1747907216437.031,134913,1747907216418.406,-80,-12,-116
1747907216456.906,134932,1747907216438.219,-85,-17,-121
1747907216476.75,134953,1747907216458.125,-85,-13,-127
1747907216496.625,134972,1747907216477.969,-77,-9,-121
1747907216516.5,135008,1747907216497.844,-81,-17,-123
1747907216536.344,135029,1747907216517.719,-82,-17,-121
1747907216556.187,135060,1747907216537.531,-89,-12,-113
1747907216576.062,135098,1747907216557.406,-92,-17,-125
1747907216595.906,135121,1747907216577.281,-87,-17,-121
1747907216615.813,135148,1747907216597.125,-93,-9,-112
1747907216635.687,135163,1747907216617.0,-88,-17,-127
1747907216655.5,135157,1747907216636.906,-82,-17,-109
1747907216675.375,135125,1747907216656.812,-92,-18,-121
1747907216695.25,135071,1747907216676.594,-85,-17,-117
1747907216715.062,135037,1747907216696.438,-87,-17,-121
1747907216734.937,135010,1747907216716.313,-93,-17,-118
1747907216754.906,134966,1747907216736.094,-93,-17,-121
1747907216774.656,134927,1747907216756.094,-87,-18,-119
1747907216794.5,134909,1747907216775.844,-87,-19,-119
1747907216814.375,134893,1747907216795.688,-90,-17,-117
1747907216834.25,134890,1747907216815.594,-82,-18,-119
1747907216854.094,134897,1747907216835.437,-93,-10,-117
1747907216873.969,134901,1747907216855.313,-93,-10,-119
1747907216893.781,134910,1747907216875.125,-84,-33,-113
1747907216913.656,134913,1747907216895.0,-90,-17,-121
1747907216933.5,134909,1747907216914.875,-80,-17,-122
1747907216953.344,134934,1747907216934.687,-96,-13,-125
1747907216973.219,134929,1747907216954.531,-92,-9,-121
1747907216993.062,134947,1747907216974.406,-92,-16,-122
1747907217012.938,134945,1747907216994.25,-94,-13,-121
1747907217032.781,134960,1747907217014.156,-84,-17,-119
1747907217052.625,134966,1747907217034.0,-95,-10,-119
1747907217072.5,134977,1747907217053.844,-79,-25,-119
1747907217092.375,135002,1747907217073.75,-82,-17,-122
1747907217112.156,135018,1747907217093.594,-100,-17,-113
1747907217132.031,135046,1747907217113.375,-84,-20,-119
1747907217151.906,135066,1747907217133.281,-88,-17,-121
1747907217171.75,135103,1747907217153.125,-57,-17,-126
1747907217191.594,135132,1747907217172.969,-93,-17,-117
1747907217211.5,135144,1747907217192.812,-85,-25,-117
1747907217231.313,135200,1747907217212.656,-96,-16,-125
1747907217251.187,135224,1747907217232.531,-93,-17,-124
1747907217271.0,135276,1747907217252.375,-95,-17,-113
1747907217290.875,135305,1747907217272.25,-84,-25,-129
1747907217310.719,135325,1747907217292.094,-95,-18,-113
1747907217330.594,135359,1747907217311.938,-82,-17,-113
1747907217350.437,135341,1747907217331.781,-96,-17,-120
1747907217370.281,135326,1747907217351.625,-89,-9,-121
1747907217390.125,135285,1747907217371.5,-84,-18,-116
1747907217409.969,135226,1747907217391.438,-92,-13,-120
1747907217429.812,135202,1747907217411.188,-88,-17,-121
1747907217449.687,135155,1747907217431.031,-95,-17,-122
1747907217469.5,135130,1747907217450.875,-96,-17,-124
1747907217489.375,135119,1747907217470.719,-93,-10,-112
1747907217509.219,135126,1747907217490.594,-66,-17,-121
1747907217529.062,135111,1747907217510.438,-84,-10,-118
1747907217548.906,135110,1747907217530.281,-97,-17,-124
1747907217568.781,135117,1747907217550.156,-97,-1,-132
1747907217588.625,135117,1747907217570.0,-85,-17,-119
1747907217608.469,135119,1747907217589.844,-89,-17,-124
1747907217628.344,135124,1747907217609.688,-82,-21,-105
1747907217648.1882,135123,1747907217629.562,-97,-18,-113
1747907217668.0,135134,1747907217649.406,-81,-17,-117
1747907217687.875,135129,1747907217669.25,-96,-17,-128
1747907217707.75,135145,1747907217689.094,-87,-17,-121
1747907217727.594,135144,1747907217708.9692,-92,-9,-118
1747907217747.406,135148,1747907217728.812,-78,-10,-114
1747907217767.281,135161,1747907217748.656,-97,-17,-116
1747907217787.156,135184,1747907217768.438,-84,-17,-117
1747907217806.969,135200,1747907217788.344,-93,-17,-117
1747907217826.813,135233,1747907217808.156,-84,-17,-116
1747907217846.656,135255,1747907217828.062,-65,-17,-119
1747907217866.5,135280,1747907217847.844,-90,-17,-116
1747907217886.375,135303,1747907217867.719,-84,-17,-118
1747907217906.219,135333,1747907217887.594,-97,-8,-131
1747907217926.063,135361,1747907217907.437,-79,-17,-116
1747907217945.906,135400,1747907217927.281,-95,-17,-113
1747907217965.812,135434,1747907217947.125,-86,-29,-129
1747907217985.656,135463,1747907217967.031,-86,-9,-121
1747907218005.5,135497,1747907217986.906,-96,-17,-124
1747907218025.375,135539,1747907218006.687,-84,-17,-128
1747907218045.219,135554,1747907218026.594,-81,-17,-119
1747907218065.094,135547,1747907218046.406,-88,-17,-116
1747907218084.906,135523,1747907218066.281,-88,-25,-122
1747907218104.781,135491,1747907218086.125,-93,-9,-119
1747907218124.594,135458,1747907218106.0,-95,-17,-118
1747907218144.469,135410,1747907218125.813,-99,-18,-116
1747907218164.375,135388,1747907218145.719,-89,-18,-121
1747907218184.156,135364,1747907218165.562,-80,-17,-121
1747907218204.031,135326,1747907218185.375,-95,-17,-124
1747907218223.875,135338,1747907218205.219,-95,-17,-124
1747907218243.719,135315,1747907218225.094,-97,-9,-113
1747907218263.594,135325,1747907218244.906,-97,-9,-119
1747907218283.406,135348,1747907218264.812,-84,-10,-121
1747907218303.281,135359,1747907218284.625,-100,-25,-106
1747907218323.125,135374,1747907218304.563,-84,-18,-119
1747907218342.969,135383,1747907218324.344,-84,-25,-121
1747907218362.844,135387,1747907218344.187,-90,-17,-121
1747907218382.688,135385,1747907218364.062,-84,-18,-116
1747907218402.562,135382,1747907218383.906,-83,-9,-117
1747907218422.375,135378,1747907218403.781,-92,-17,-127
1747907218442.25,135390,1747907218423.594,-93,-17,-122
1747907218462.094,135406,1747907218443.437,-82,-25,-113
1747907218481.938,135420,1747907218463.281,-95,-17,-121
1747907218501.781,135443,1747907218483.156,-87,-17,-119
1747907218521.625,135456,1747907218503.0,-88,-17,-110
1747907218541.469,135481,1747907218522.812,-95,-17,-114
1747907218561.281,135502,1747907218542.687,-86,-17,-128
1747907218581.156,135536,1747907218562.5,-85,-2,-125
1747907218601.0,135558,1747907218582.344,-93,-13,-119
1747907218620.875,135585,1747907218602.219,-85,-9,-122
1747907218640.688,135616,1747907218622.062,-89,-25,-104
1747907218660.531,135640,1747907218641.969,-84,-17,-113
1747907218680.375,135669,1747907218661.75,-93,-17,-121
1747907218700.25,135706,1747907218681.594,-88,-13,-127
1747907218720.062,135709,1747907218701.469,-97,-10,-121
1747907218739.938,135746,1747907218721.312,-80,-13,-120
1747907218759.7808,135764,1747907218741.188,-93,-17,-121
1747907218779.625,135790,1747907218760.969,-90,-17,-118
1747907218799.469,135777,1747907218780.875,-93,-17,-112
1747907218819.313,135749,1747907218800.719,-85,-8,-116
1747907218839.25,135717,1747907218820.5,-85,-17,-122
1747907218859.0,135663,1747907218840.469,-88,-25,-122
1747907218878.875,135620,1747907218860.219,-85,-17,-121
1747907218898.75,135594,1747907218880.094,-98,-17,-114
1747907218918.563,135552,1747907218899.937,-89,-8,-120
1747907218938.438,135532,1747907218919.781,-82,-17,-124
1747907218958.281,135534,1747907218939.625,-93,-17,-126
1747907218978.125,135514,1747907218959.5,-81,-25,-96
1747907218997.969,135514,1747907218979.312,-95,-9,-127
1747907219017.813,135523,1747907218999.187,-84,-10,-116
1747907219037.688,135529,1747907219019.031,-90,-17,-125
1747907219057.531,135524,1747907219038.906,-85,-17,-112
1747907219077.406,135551,1747907219058.75,-97,-18,-119
1747907219097.281,135533,1747907219078.625,-84,-17,-113
1747907219117.125,135548,1747907219098.5,-98,-17,-117
1747907219136.969,135533,1747907219118.313,-86,-17,-125
1747907219156.812,135544,1747907219138.156,-96,-9,-120
1747907219176.688,135550,1747907219158.031,-84,-9,-121
1747907219196.531,135553,1747907219177.906,-90,-17,-121
1747907219216.3442,135577,1747907219197.75,-85,-17,-121
1747907219236.344,135579,1747907219217.594,-98,-17,-114
1747907219256.094,135603,1747907219237.437,-83,-32,-119
1747907219275.938,135615,1747907219257.312,-94,-18,-118
1747907219295.781,135660,1747907219277.156,-84,-17,-117
1747907219315.594,135682,1747907219296.969,-98,-17,-100
1747907219335.469,135689,1747907219316.875,-89,-17,-121
1747907219355.313,135710,1747907219336.687,-95,-9,-124
1747907219375.125,135747,1747907219356.531,-88,-17,-134
1747907219395.0,135769,1747907219376.344,-97,-17,-122
1747907219414.812,135768,1747907219396.219,-84,-17,-116
1747907219434.687,135782,1747907219416.063,-93,-18,-115
1747907219454.625,135817,1747907219435.906,-93,-17,-123
1747907219474.344,135817,1747907219455.812,-91,-9,-122
1747907219494.219,135825,1747907219475.594,-85,-8,-121
1747907219514.187,135790,1747907219495.438,-89,-17,-120
1747907219533.906,135765,1747907219515.406,-85,-17,-117
1747907219553.75,135717,1747907219535.125,-84,-17,-118
1747907219573.625,135688,1747907219554.969,-96,-18,-120
1747907219593.469,135643,1747907219574.844,-89,-4,-116
1747907219613.312,135603,1747907219594.656,-97,-13,-121
1747907219633.156,135603,1747907219614.562,-85,-18,-122
1747907219653.031,135586,1747907219634.375,-82,-21,-100
1747907219672.875,135584,1747907219654.313,-95,-17,-123
1747907219692.687,135586,1747907219674.063,-81,-10,-125
1747907219712.531,135597,1747907219693.938,-84,-17,-125
1747907219732.406,135615,1747907219713.75,-95,-17,-113
1747907219752.25,135613,1747907219733.625,-84,-18,-115
1747907219772.094,135617,1747907219753.531,-95,-17,-120
1747907219791.937,135633,1747907219773.313,-85,-10,-119
1747907219811.781,135642,1747907219793.156,-96,-17,-116
1747907219831.656,135624,1747907219813.0,-96,-9,-122
1747907219851.562,135643,1747907219832.844,-82,-17,-122
1747907219871.344,135635,1747907219852.813,-84,-25,-121
1747907219891.219,135651,1747907219872.5942,-85,-18,-123
1747907219911.094,135674,1747907219892.437,-85,-17,-121
1747907219930.938,135688,1747907219912.312,-90,-10,-118
1747907219950.781,135699,1747907219932.125,-84,-21,-121
1747907219970.625,135731,1747907219951.969,-84,-17,-116
1747907219990.5,135751,1747907219971.844,-92,-21,-116
1747907220010.375,135765,1747907219991.75,-85,-17,-117
1747907220030.25,135781,1747907220011.563,-88,-17,-125
1747907220050.156,135814,1747907220031.469,-90,-17,-129
1747907220070.0,135836,1747907220051.375,-84,-17,-120
1747907220089.844,135868,1747907220071.219,-92,-17,-114
1747907220109.688,135889,1747907220091.063,-87,-9,-125
1747907220129.594,135903,1747907220110.875,-84,-13,-121
1747907220149.469,135931,1747907220130.812,-92,-17,-132
1747907220169.281,135962,1747907220150.687,-88,-17,-119
1747907220189.156,135942,1747907220170.531,-97,-17,-116
1747907220209.031,135907,1747907220190.344,-82,-21,-117
1747907220228.906,135865,1747907220210.219,-94,-15,-117
1747907220248.719,135824,1747907220230.125,-97,-10,-121
1747907220268.594,135787,1747907220249.969,-97,-25,-116
1747907220288.5,135738,1747907220269.813,-87,-17,-121
1747907220308.375,135711,1747907220289.719,-96,-17,-118
1747907220328.188,135690,1747907220309.562,-88,-33,-122
1747907220348.031,135677,1747907220329.406,-95,-17,-117
1747907220367.906,135675,1747907220349.25,-88,-17,-117
1747907220387.781,135686,1747907220369.125,-84,-20,-121
1747907220407.594,135683,1747907220389.0,-89,-17,-114
1747907220427.5,135688,1747907220408.844,-84,-9,-123
1747907220447.375,135678,1747907220428.688,-84,-10,-122
1747907220467.219,135687,1747907220448.563,-96,-17,-122
1747907220487.062,135685,1747907220468.437,-84,-13,-121
1747907220506.906,135694,1747907220488.375,-88,-18,-119
1747907220526.813,135680,1747907220508.125,-93,-17,-127
1747907220546.6868,135686,1747907220528.031,-84,-17,-127
1747907220566.531,135677,1747907220547.906,-84,-17,-121
1747907220586.406,135699,1747907220567.75,-95,-17,-121
1747907220606.25,135715,1747907220587.625,-80,-18,-119
1747907220626.156,135725,1747907220607.438,-84,-21,-114
1747907220645.969,135746,1747907220627.344,-84,-17,-116
1747907220665.813,135784,1747907220647.187,-97,-32,-116
1747907220685.688,135809,1747907220667.031,-83,-10,-121
1747907220705.5308,135816,1747907220686.875,-97,-17,-120
1747907220725.344,135865,1747907220706.719,-84,-25,-106
1747907220745.187,135882,1747907220726.625,-93,-17,-116
1747907220765.063,135939,1747907220746.406,-81,-18,-123
1747907220784.938,135960,1747907220766.25,-92,-17,-121
1747907220804.75,136018,1747907220786.125,-82,-17,-126
1747907220824.687,136041,1747907220805.969,-85,-17,-119
1747907220844.5,136058,1747907220825.906,-96,-17,-121
1747907220864.344,136061,1747907220845.687,-88,-9,-114
1747907220884.156,136039,1747907220865.531,-96,-17,-121
1747907220904.0,135997,1747907220885.406,-89,-17,-121
1747907220923.906,135963,1747907220905.188,-85,-17,-121
1747907220943.719,135898,1747907220925.094,-80,-17,-121
1747907220963.563,135862,1747907220944.937,-80,-17,-129
1747907220983.531,135823,1747907220964.813,-97,-17,-117
1747907221003.281,135784,1747907220984.625,-83,-39,-113
1747907221023.125,135758,1747907221004.469,-89,-17,-114
1747907221042.969,135725,1747907221024.344,-85,-17,-125
1747907221062.813,135734,1747907221044.188,-97,-25,-106
1747907221082.687,135704,1747907221064.063,-88,-17,-121
1747907221102.531,135705,1747907221083.875,-90,-17,-116
1747907221122.375,135701,1747907221103.75,-87,-17,-129
1747907221142.219,135682,1747907221123.594,-82,-9,-125
1747907221162.125,135681,1747907221143.406,-93,-17,-132
1747907221181.937,135683,1747907221163.313,-93,-17,-118
1747907221201.813,135674,1747907221183.094,-89,-13,-119
1747907221221.594,135666,1747907221203.031,-84,-18,-119
1747907221241.469,135662,1747907221222.812,-93,-17,-121
1747907221261.344,135678,1747907221242.719,-85,-18,-119
1747907221281.219,135671,1747907221262.563,-96,-17,-109
1747907221301.031,135684,1747907221282.406,-84,-25,-113
1747907221321.0,135695,1747907221302.25,-93,-18,-116
1747907221340.75,135711,1747907221322.063,-69,-28,-114
1747907221360.594,135725,1747907221341.938,-84,-17,-128
1747907221380.438,135740,1747907221361.812,-84,-10,-121
1747907221400.281,135761,1747907221381.625,-93,-17,-124
1747907221420.125,135784,1747907221401.5,-85,-9,-132
1747907221439.969,135793,1747907221421.344,-89,-20,-119
1747907221459.812,135810,1747907221441.156,-87,-17,-125
1747907221479.656,135845,1747907221461.031,-82,-17,-117
1747907221499.563,135883,1747907221480.875,-98,-17,-126
1747907221519.375,135912,1747907221500.781,-90,-10,-121
1747907221539.219,135919,1747907221520.594,-88,-17,-118
1747907221559.062,135917,1747907221540.437,-88,-17,-121
1747907221578.938,135898,1747907221560.281,-84,-17,-116
1747907221598.813,135843,1747907221580.125,-92,-17,-114
1747907221618.625,135798,1747907221600.031,-95,-17,-129
1747907221638.5,135742,1747907221619.844,-85,-17,-116
1747907221658.438,135714,1747907221639.687,-84,-17,-121
1747907221678.188,135678,1747907221659.562,-84,-25,-121
1747907221698.031,135625,1747907221679.375,-84,-17,-120
1747907221717.844,135610,1747907221699.25,-88,-17,-119
1747907221737.719,135575,1747907221719.063,-93,-25,-130
1747907221757.594,135571,1747907221738.937,-93,-17,-115
1747907221777.375,135563,1747907221758.781,-82,-9,-121
1747907221797.25,135551,1747907221778.625,-87,-17,-130
1747907221817.094,135551,1747907221798.438,-84,-17,-122
1747907221836.937,135539,1747907221818.312,-97,-9,-116
1747907221856.781,135535,1747907221838.125,-84,-17,-121
1747907221876.625,135519,1747907221858.031,-97,-18,-113
1747907221896.4692,135496,1747907221877.813,-84,-17,-118
1747907221916.344,135493,1747907221897.688,-93,-17,-122
1747907221936.188,135493,1747907221917.562,-85,-25,-121
1747907221956.0,135493,1747907221937.406,-88,-17,-118
1747907221975.875,135482,1747907221957.187,-82,-17,-120
1747907221995.719,135487,1747907221977.094,-97,-17,-116
1747907222015.562,135509,1747907221996.906,-97,-17,-118
1747907222035.375,135515,1747907222016.781,-89,-10,-121
1747907222055.25,135527,1747907222036.594,-85,-9,-116
1747907222075.125,135554,1747907222056.438,-97,-17,-96
1747907222094.969,135577,1747907222076.313,-91,-17,-114
1747907222114.781,135581,1747907222096.187,-84,-9,-116
1747907222134.625,135595,1747907222116.0,-90,-10,-128
1747907222154.5,135637,1747907222135.844,-87,-17,-122
1747907222174.344,135672,1747907222155.719,-84,-17,-119
1747907222194.187,135688,1747907222175.563,-89,-9,-121
1747907222214.063,135704,1747907222195.437,-85,-18,-119
1747907222233.875,135739,1747907222215.25,-92,-17,-114
1747907222253.781,135758,1747907222235.125,-86,-10,-119
1747907222273.6868,135757,1747907222254.969,-93,-17,-121
1747907222293.437,135736,1747907222274.906,-95,-17,-115
1747907222313.313,135697,1747907222294.656,-95,-9,-121
1747907222333.156,135655,1747907222314.5,-84,-17,-119
1747907222352.969,135579,1747907222334.406,-89,-8,-116
1747907222372.844,135545,1747907222354.188,-93,-17,-119
1747907222392.688,135505,1747907222374.094,-96,-18,-117
1747907222412.563,135468,1747907222393.906,-84,-17,-121
1747907222432.406,135438,1747907222413.844,-84,-17,-113
1747907222452.25,135404,1747907222433.656,-84,-17,-119
1747907222472.125,135382,1747907222453.438,-89,-17,-128
1747907222492.0,135373,1747907222473.344,-84,-17,-124
1747907222511.875,135364,1747907222493.219,-96,-17,-116
1747907222531.687,135347,1747907222513.094,-94,-17,-116
1747907222551.531,135345,1747907222532.906,-90,-17,-112
1747907222571.375,135360,1747907222552.7192,-84,-17,-120
1747907222591.219,135355,1747907222572.594,-84,-17,-121
1747907222611.094,135360,1747907222592.438,-94,-20,-116
1747907222630.906,135350,1747907222612.313,-80,-17,-121
1747907222650.781,135332,1747907222632.125,-95,-17,-120
1747907222670.594,135326,1747907222652.0,-84,-17,-120
1747907222690.438,135322,1747907222671.844,-97,-17,-117
1747907222710.437,135322,1747907222691.656,-87,-17,-121
1747907222730.187,135327,1747907222711.625,-87,-17,-122
1747907222750.031,135343,1747907222731.375,-82,-17,-112
1747907222769.938,135345,1747907222751.281,-85,-17,-119
1747907222789.719,135364,1747907222771.125,-103,-17,-120
1747907222809.594,135377,1747907222790.938,-88,-13,-121
1747907222829.437,135385,1747907222810.75,-95,-9,-124
1747907222849.313,135399,1747907222830.656,-96,-9,-121
1747907222869.125,135417,1747907222850.531,-89,-9,-121
1747907222889.0,135430,1747907222870.344,-92,-9,-122
1747907222908.844,135467,1747907222890.219,-93,-17,-121
1747907222928.688,135474,1747907222910.031,-92,-9,-119
1747907222948.563,135503,1747907222929.875,-90,-17,-124
1747907222968.406,135532,1747907222949.75,-82,-17,-118
1747907222988.281,135538,1747907222969.594,-97,-17,-121
1747907223008.094,135520,1747907222989.469,-87,-17,-117
1747907223027.938,135493,1747907223009.281,-81,-17,-125
1747907223047.813,135443,1747907223029.156,-85,-9,-121
1747907223067.656,135386,1747907223049.0,-81,-17,-120
1747907223087.5,135344,1747907223068.875,-89,-20,-109
1747907223107.375,135297,1747907223088.687,-85,-17,-119
1747907223127.219,135250,1747907223108.594,-96,-17,-117
1747907223147.063,135220,1747907223128.406,-97,-9,-121
1747907223166.906,135219,1747907223148.281,-84,-17,-121
1747907223186.781,135195,1747907223168.094,-89,-17,-124
1747907223206.594,135196,1747907223187.969,-84,-13,-119
1747907223226.438,135200,1747907223207.781,-89,-9,-116
1747907223246.25,135203,1747907223227.656,-80,-17,-114
1747907223266.125,135206,1747907223247.5,-92,-17,-121
1747907223286.031,135193,1747907223267.344,-95,-17,-122
1747907223305.813,135192,1747907223287.219,-95,-17,-130
1747907223325.625,135167,1747907223307.031,-88,-17,-121
1747907223345.469,135165,1747907223326.844,-88,-17,-120
1747907223365.344,135159,1747907223346.688,-97,-12,-123
1747907223385.187,135156,1747907223366.562,-82,-10,-121
1747907223405.031,135160,1747907223386.406,-97,-17,-125
1747907223424.844,135169,1747907223406.25,-87,-21,-111
1747907223444.719,135197,1747907223426.063,-83,-17,-119
1747907223464.531,135191,1747907223445.906,-84,-21,-116
1747907223484.375,135203,1747907223465.719,-93,-17,-127
1747907223504.25,135227,1747907223485.594,-87,-9,-119
1747907223524.094,135244,1747907223505.469,-84,-17,-121
1747907223543.969,135249,1747907223525.313,-84,-17,-121
1747907223563.781,135276,1747907223545.187,-80,-18,-119
1747907223583.625,135313,1747907223565.0,-87,-18,-130
1747907223603.5,135332,1747907223584.844,-84,-18,-121
1747907223623.437,135340,1747907223604.719,-87,-17,-120
1747907223643.219,135354,1747907223624.656,-96,-9,-113
1747907223663.063,135394,1747907223644.437,-87,-17,-117
1747907223682.875,135399,1747907223664.25,-96,-17,-119
1747907223702.75,135402,1747907223684.094,-89,-18,-118
1747907223722.656,135352,1747907223703.969,-92,-17,-114
1747907223742.5,135322,1747907223723.875,-96,-17,-127
1747907223762.344,135262,1747907223743.687,-93,-17,-101
1747907223782.219,135209,1747907223763.594,-87,-17,-120
1747907223802.062,135165,1747907223783.406,-97,-17,-122
1747907223821.906,135137,1747907223803.281,-84,-17,-127
1747907223841.75,135109,1747907223823.125,-95,-17,-116
1747907223861.656,135101,1747907223842.937,-84,-17,-114
1747907223881.469,135103,1747907223862.875,-84,-17,-117
1747907223901.281,135099,1747907223882.688,-87,-17,-113
1747907223921.125,135098,1747907223902.5,-88,-17,-122
1747907223941.0,135094,1747907223922.344,-96,-9,-117
1747907223960.844,135093,1747907223942.187,-82,-17,-117
1747907223980.687,135091,1747907223962.063,-88,-17,-125
1747907224000.531,135094,1747907223981.875,-89,-17,-125
1747907224020.375,135093,1747907224001.75,-93,-9,-117
1747907224040.219,135099,1747907224021.625,-92,-27,-121
1747907224060.063,135088,1747907224041.406,-84,-17,-119
1747907224079.969,135084,1747907224061.281,-92,-18,-113
1747907224099.812,135082,1747907224081.156,-88,-25,-109
1747907224119.688,135090,1747907224101.031,-86,-10,-118
1747907224139.5,135098,1747907224120.875,-97,-13,-121
1747907224159.375,135117,1747907224140.719,-84,-17,-121
1747907224179.25,135149,1747907224160.625,-87,-18,-121
1747907224199.094,135160,1747907224180.469,-93,-9,-122
1747907224218.9382,135162,1747907224200.312,-93,-17,-116
1747907224238.812,135179,1747907224220.188,-86,-17,-125
1747907224258.687,135202,1747907224240.0,-84,-12,-116
1747907224278.563,135217,1747907224259.906,-93,-18,-110
1747907224298.375,135254,1747907224279.781,-92,-17,-114
1747907224318.25,135270,1747907224299.594,-87,-9,-117
1747907224338.156,135306,1747907224319.438,-93,-17,-124
1747907224358.0,135313,1747907224339.375,-87,-9,-116
1747907224377.844,135306,1747907224359.219,-89,-18,-118
1747907224397.719,135259,1747907224379.062,-85,-17,-124
1747907224417.594,135215,1747907224398.938,-91,-17,-121
1747907224437.469,135169,1747907224418.813,-95,-33,-128
1747907224457.281,135138,1747907224438.687,-93,-17,-115
1747907224477.156,135099,1747907224458.5,-87,-9,-121
1747907224497.031,135069,1747907224478.375,-96,-17,-125
1747907224516.875,135070,1747907224498.219,-88,-9,-121
1747907224536.719,135087,1747907224518.125,-87,-17,-119
1747907224556.594,135103,1747907224537.906,-87,-13,-125
1747907224576.469,135168,1747907224557.813,-95,-9,-118
1747907224596.344,135219,1747907224577.688,-97,-9,-121
1747907224616.156,135294,1747907224597.531,-78,-17,-121
1747907224636.063,135352,1747907224617.344,-84,-17,-124
1747907224655.937,135398,1747907224637.25,-84,-17,-118
1747907224675.781,135460,1747907224657.094,-88,-20,-116
1747907224695.656,135521,1747907224676.969,-87,-17,-119
1747907224715.5,135549,1747907224696.875,-78,-17,-119
1747907224735.344,135608,1747907224716.719,-96,-9,-116
1747907224755.187,135632,1747907224736.563,-92,-9,-122
1747907224775.062,135679,1747907224756.438,-89,-7,-117
1747907224794.938,135735,1747907224776.281,-84,-17,-113
1747907224814.813,135765,1747907224796.156,-92,-17,-115
1747907224834.656,135811,1747907224816.031,-90,-17,-104
1747907224854.5,135854,1747907224835.906,-93,-17,-114
1747907224874.375,135896,1747907224855.719,-87,-17,-121
1747907224894.219,135918,1747907224875.594,-81,-17,-121
1747907224914.062,135965,1747907224895.438,-86,-17,-121
1747907224933.937,135986,1747907224915.25,-93,-17,-120
1747907224953.781,136038,1747907224935.156,-94,-17,-120
1747907224973.656,136069,1747907224955.0,-84,-10,-122
1747907224993.469,136109,1747907224974.938,-96,-10,-125
1747907225013.344,136126,1747907224994.719,-96,-17,-119
1747907225033.219,136171,1747907225014.563,-87,-17,-117
1747907225053.094,136183,1747907225034.437,-95,-17,-118
1747907225072.906,136159,1747907225054.312,-84,-20,-121
1747907225092.844,136142,1747907225074.156,-98,-17,-119
1747907225112.656,136091,1747907225094.0,-96,-25,-116
1747907225132.531,136045,1747907225113.844,-88,-17,-117
1747907225152.406,135992,1747907225133.75,-84,-18,-121
1747907225172.25,135965,1747907225153.625,-104,-16,-121
1747907225192.156,135936,1747907225173.469,-85,-17,-119
1747907225212.0,135919,1747907225193.375,-88,-17,-116
1747907225231.875,135906,1747907225213.219,-90,-18,-125
1747907225251.75,135893,1747907225233.094,-84,-10,-112
1747907225271.594,135876,1747907225252.938,-94,-17,-120
1747907225291.5,135880,1747907225272.812,-89,-17,-125
1747907225311.344,135871,1747907225292.719,-84,-17,-116
1747907225331.187,135866,1747907225312.531,-81,-17,-125
1747907225351.094,135868,1747907225332.406,-77,-18,-123
1747907225370.938,135857,1747907225352.312,-85,-17,-115
1747907225390.781,135851,1747907225372.156,-93,-17,-116
1747907225410.687,135850,1747907225392.0,-85,-12,-122
1747907225430.562,135845,1747907225411.906,-100,-17,-117
1747907225450.438,135851,1747907225431.75,-95,-13,-124
1747907225470.281,135854,1747907225451.625,-97,-17,-118
1747907225490.125,135860,1747907225471.469,-85,-17,-116
1747907225510.0,135883,1747907225491.344,-68,-18,-118
1747907225529.906,135891,1747907225511.219,-96,-17,-119
1747907225549.75,135905,1747907225531.125,-89,-25,-118
1747907225569.625,135921,1747907225550.937,-97,-15,-125
1747907225589.5,135943,1747907225570.813,-88,-13,-121
1747907225609.375,135956,1747907225590.688,-80,-17,-120
1747907225629.188,135986,1747907225610.562,-90,-17,-104
1747907225649.094,136010,1747907225630.406,-84,-17,-120
1747907225668.937,136027,1747907225650.313,-84,-18,-116
1747907225688.812,136068,1747907225670.156,-80,-9,-120
1747907225708.688,136075,1747907225690.031,-87,-17,-122
1747907225728.5308,136107,1747907225709.906,-98,-17,-116
1747907225748.437,136125,1747907225729.75,-95,-17,-125
1747907225768.281,136144,1747907225749.656,-81,-13,-116
1747907225788.219,136141,1747907225769.531,-96,-10,-117
1747907225808.031,136125,1747907225789.344,-95,-17,-120
1747907225827.906,136087,1747907225809.25,-89,-18,-120
1747907225847.75,136051,1747907225829.094,-77,-17,-119
1747907225867.625,135991,1747907225848.937,-96,-17,-116
1747907225887.5,135967,1747907225868.844,-95,-17,-117
1747907225907.375,135915,1747907225888.719,-89,-9,-114
1747907225927.25,135895,1747907225908.625,-84,-18,-120
1747907225947.094,135873,1747907225928.469,-89,-17,-117
1747907225966.969,135854,1747907225948.312,-96,-21,-103
1747907225986.844,135880,1747907225968.219,-90,-13,-125
1747907226006.687,135867,1747907225988.063,-89,-17,-117
1747907226026.563,135868,1747907226007.906,-89,-10,-121
1747907226046.406,135878,1747907226027.781,-85,-17,-114
1747907226066.281,135867,1747907226047.625,-92,-17,-121
1747907226086.156,135870,1747907226067.5,-89,-17,-121
1747907226106.0,135870,1747907226087.344,-85,-17,-122
1747907226125.875,135884,1747907226107.219,-82,-9,-119
1747907226145.719,135893,1747907226127.063,-95,-17,-114
1747907226165.594,135890,1747907226146.938,-84,-17,-114
1747907226185.437,135906,1747907226166.75,-98,-17,-125
1747907226205.313,135915,1747907226186.656,-84,-21,-117
1747907226225.156,135915,1747907226206.5,-88,-17,-118
1747907226245.031,135945,1747907226226.375,-97,-25,-122
1747907226264.875,135958,1747907226246.219,-84,-18,-121
1747907226284.875,135987,1747907226266.125,-95,-18,-116
1747907226304.625,136015,1747907226285.969,-93,-25,-125
1747907226324.5,136035,1747907226305.813,-83,-17,-121
1747907226344.375,136058,1747907226325.688,-93,-17,-119
1747907226364.219,136077,1747907226345.562,-98,-18,-125
1747907226384.094,136122,1747907226365.437,-85,-10,-116
1747907226403.937,136129,1747907226385.344,-97,-17,-114
1747907226423.812,136183,1747907226405.125,-84,-17,-113
1747907226443.688,136212,1747907226425.031,-89,-17,-118
1747907226463.531,136243,1747907226444.875,-95,-17,-119
1747907226483.375,136264,1747907226464.719,-84,-17,-125
1747907226503.219,136304,1747907226484.594,-89,-17,-116
1747907226523.125,136328,1747907226504.437,-96,-17,-125
1747907226542.938,136328,1747907226524.312,-89,-17,-114
1747907226562.844,136314,1747907226544.156,-87,-17,-121
1747907226582.656,136278,1747907226564.063,-84,-13,-120
1747907226602.531,136234,1747907226583.875,-97,-17,-116
1747907226622.375,136210,1747907226603.75,-89,-18,-117
1747907226642.25,136161,1747907226623.625,-97,-7,-116
1747907226662.0942,136151,1747907226643.438,-97,-9,-124
1747907226681.969,136135,1747907226663.313,-88,-18,-121
1747907226701.813,136120,1747907226683.187,-93,-25,-96
1747907226721.688,136127,1747907226703.094,-85,-17,-122
1747907226741.531,136128,1747907226722.906,-87,-17,-113
1747907226761.406,136140,1747907226742.75,-95,-13,-117
1747907226781.281,136142,1747907226762.625,-84,-17,-116
1747907226801.125,136140,1747907226782.531,-87,-17,-116
1747907226821.0,136168,1747907226802.344,-95,-17,-118
1747907226840.875,136170,1747907226822.188,-84,-9,-116
1747907226860.687,136183,1747907226842.094,-88,-17,-121
1747907226880.563,136181,1747907226861.906,-88,-17,-119
1747907226900.4058,136186,1747907226881.781,-87,-18,-116
1747907226920.281,136204,1747907226901.625,-96,-25,-113
1747907226940.125,136203,1747907226921.469,-95,-19,-117
1747907226960.0,136214,1747907226941.344,-93,-9,-121
1747907226979.844,136232,1747907226961.1868,-80,-17,-121
1747907226999.687,136246,1747907226981.063,-87,-18,-118
1747907227019.531,136282,1747907227000.906,-97,-17,-120
1747907227039.406,136297,1747907227020.781,-87,-16,-125
1747907227059.25,136310,1747907227040.625,-84,-18,-119
1747907227079.125,136322,1747907227060.469,-89,-17,-121
1747907227098.937,136347,1747907227080.313,-85,-25,-112
1747907227118.844,136386,1747907227100.188,-82,-17,-119
1747907227138.688,136396,1747907227120.031,-98,-17,-118
1747907227158.563,136435,1747907227139.906,-84,-17,-116
1747907227178.406,136456,1747907227159.781,-96,-17,-120
1747907227198.312,136492,1747907227179.625,-84,-17,-121
1747907227218.188,136496,1747907227199.531,-73,-9,-116
1747907227238.063,136534,1747907227219.406,-97,-18,-119
1747907227257.875,136557,1747907227239.281,-88,-18,-121
1747907227277.75,136578,1747907227259.094,-92,-17,-122
1747907227297.625,136577,1747907227278.937,-85,-17,-122
1747907227317.5,136555,1747907227298.844,-81,-9,-122
1747907227337.344,136537,1747907227318.719,-93,-17,-113
1747907227357.219,136492,1747907227338.531,-95,-17,-125
1747907227377.063,136453,1747907227358.406,-89,-1,-121
1747907227396.969,136435,1747907227378.281,-84,-17,-116
1747907227416.812,136406,1747907227398.1882,-93,-17,-117
1747907227436.687,136404,1747907227418.0,-92,-21,-108
1747907227456.531,136413,1747907227437.937,-84,-17,-114
1747907227476.406,136407,1747907227457.75,-90,-9,-128
1747907227496.219,136418,1747907227477.594,-85,-17,-125
1747907227516.125,136410,1747907227497.438,-94,-17,-117
1747907227536.0,136427,1747907227517.313,-94,-9,-113
1747907227555.844,136446,1747907227537.187,-87,-17,-123
1747907227575.688,136447,1747907227557.062,-84,-17,-121
1747907227595.531,136453,1747907227576.906,-97,-17,-112
1747907227615.406,136453,1747907227596.75,-88,-17,-113
1747907227635.281,136470,1747907227616.625,-90,-17,-114
1747907227655.094,136496,1747907227636.5,-86,-17,-121
1747907227675.0,136515,1747907227656.344,-96,-12,-119
1747907227694.906,136510,1747907227676.219,-84,-17,-125
1747907227714.719,136522,1747907227696.031,-80,-25,-121
1747907227734.531,136546,1747907227715.906,-87,-17,-114
1747907227754.406,136570,1747907227735.75,-84,-18,-121
1747907227774.25,136612,1747907227755.594,-96,-12,-121
1747907227794.125,136624,1747907227775.469,-84,-17,-114
1747907227813.969,136654,1747907227795.344,-89,-10,-120
1747907227833.844,136677,1747907227815.187,-82,-18,-112
1747907227853.687,136716,1747907227835.031,-80,-17,-120
1747907227873.531,136730,1747907227854.906,-89,-17,-120
1747907227893.375,136748,1747907227874.844,-86,-13,-120
1747907227913.219,136780,1747907227894.562,-93,-9,-121
1747907227933.094,136816,1747907227914.469,-82,-17,-127
1747907227952.9368,136854,1747907227934.313,-97,-17,-120
1747907227972.906,136891,1747907227954.156,-84,-10,-121
1747907227992.625,136932,1747907227974.125,-101,-17,-120
1747907228012.5,136936,1747907227993.812,-87,-24,-121
1747907228032.375,136949,1747907228013.719,-88,-17,-119
1747907228052.187,136907,1747907228033.594,-98,-14,-112
1747907228072.031,136902,1747907228053.375,-82,-17,-121
1747907228091.906,136869,1747907228073.25,-87,-9,-124
1747907228111.75,136834,1747907228093.094,-87,-32,-128
1747907228131.594,136830,1747907228112.969,-93,-4,-118
1747907228151.406,136793,1747907228132.812,-87,-17,-124
1747907228171.313,136784,1747907228152.625,-96,-17,-106
1747907228191.188,136782,1747907228172.531,-93,-17,-120
1747907228211.0,136779,1747907228192.375,-89,-17,-125
1747907228230.875,136786,1747907228212.281,-85,-17,-121
1747907228250.75,136808,1747907228232.094,-99,-13,-124
1747907228270.594,136806,1747907228251.969,-88,-17,-118
1747907228290.469,136826,1747907228271.813,-96,-17,-119
1747907228310.344,136824,1747907228291.688,-85,-17,-114
1747907228330.188,136834,1747907228311.562,-98,-17,-116
1747907228350.094,136826,1747907228331.406,-96,-17,-119
1747907228369.937,136840,1747907228351.281,-88,-17,-123
1747907228389.781,136863,1747907228371.125,-69,-17,-118
1747907228409.688,136862,1747907228391.0,-95,-17,-117
1747907228429.563,136866,1747907228410.875,-92,-17,-114
1747907228449.375,136891,1747907228430.719,-87,-21,-114
1747907228469.25,136906,1747907228450.594,-85,-17,-116
1747907228489.125,136927,1747907228470.5,-96,-18,-116
1747907228509.0,136950,1747907228490.344,-89,-25,-104
1747907228528.813,136978,1747907228510.281,-89,-17,-114
1747907228548.719,137001,1747907228530.031,-98,-17,-114
1747907228568.562,137041,1747907228549.937,-88,-17,-121
1747907228588.438,137074,1747907228569.812,-98,-17,-112
1747907228608.313,137081,1747907228589.656,-92,-17,-114
1747907228628.156,137122,1747907228609.531,-96,-17,-120
1747907228648.062,137155,1747907228629.375,-87,-18,-121
1747907228667.906,137184,1747907228649.25,-93,-17,-118
1747907228687.75,137205,1747907228669.094,-95,-17,-125
1747907228707.625,137250,1747907228688.969,-87,-18,-121
1747907228727.5,137281,1747907228708.844,-90,-17,-117
1747907228747.375,137303,1747907228728.719,-87,-19,-119
1747907228767.188,137315,1747907228748.594,-100,-17,-116
1747907228787.062,137302,1747907228768.406,-89,-26,-113
1747907228806.969,137261,1747907228788.281,-85,-13,-122
1747907228826.813,137246,1747907228808.187,-96,-9,-121
1747907228846.688,137212,1747907228828.031,-87,-25,-128
1747907228866.562,137172,1747907228847.875,-90,-17,-121
1747907228886.406,137163,1747907228867.75,-94,-17,-118
1747907228906.25,137147,1747907228887.625,-85,-10,-114
1747907228926.125,137145,1747907228907.5,-100,-17,-113
1747907228946.0,137136,1747907228927.344,-84,-12,-117
1747907228965.875,137132,1747907228947.219,-97,-10,-118
1747907228985.719,137133,1747907228967.094,-84,-17,-114
1747907229005.594,137145,1747907228986.969,-92,-17,-122
1747907229025.469,137149,1747907229006.875,-90,-13,-117
1747907229045.344,137150,1747907229026.688,-95,-17,-121
1747907229065.187,137152,1747907229046.562,-96,-13,-119
1747907229085.063,137175,1747907229066.406,-84,-17,-122
1747907229104.906,137184,1747907229086.25,-93,-17,-123
1747907229124.781,137208,1747907229106.219,-80,-17,-113
1747907229144.656,137223,1747907229126.0,-97,-18,-120
1747907229164.531,137268,1747907229145.875,-88,-17,-118
1747907229184.406,137289,1747907229165.719,-73,-17,-124
1747907229204.281,137301,1747907229185.594,-87,-17,-116
1747907229224.094,137303,1747907229205.469,-93,-17,-120
1747907229244.0,137334,1747907229225.344,-87,-8,-125
1747907229263.875,137366,1747907229245.219,-85,-17,-116
1747907229283.75,137386,1747907229265.094,-95,-18,-116
1747907229303.562,137414,1747907229284.938,-94,-17,-120
1747907229323.469,137449,1747907229304.781,-97,-17,-120
1747907229343.344,137475,1747907229324.687,-88,-17,-113
1747907229363.219,137501,1747907229344.531,-97,-17,-118
1747907229383.094,137525,1747907229364.438,-84,-17,-117
1747907229402.938,137556,1747907229384.281,-95,-25,-116
1747907229422.813,137589,1747907229404.156,-77,-17,-121
1747907229442.687,137608,1747907229424.031,-95,-17,-121
1747907229462.594,137642,1747907229443.906,-84,-17,-114
1747907229482.406,137679,1747907229463.75,-84,-17,-121
1747907229502.344,137707,1747907229483.625,-97,-10,-121
1747907229522.125,137713,1747907229503.531,-80,-17,-120
1747907229542.0,137717,1747907229523.375,-93,-17,-116
1747907229561.875,137700,1747907229543.219,-85,-17,-121
1747907229581.719,137686,1747907229563.094,-89,-8,-122
1747907229601.594,137636,1747907229582.938,-97,-20,-114
1747907229621.469,137607,1747907229602.813,-97,-17,-119
1747907229641.313,137566,1747907229622.656,-84,-17,-104
1747907229661.219,137558,1747907229642.562,-98,-17,-121
1747907229681.031,137557,1747907229662.438,-100,-17,-113
1747907229700.906,137554,1747907229682.281,-85,-17,-115
1747907229720.813,137554,1747907229702.156,-93,-18,-113
1747907229740.656,137570,1747907229721.969,-84,-17,-117
1747907229760.5,137575,1747907229741.844,-88,-17,-114
1747907229780.375,137592,1747907229761.719,-97,-17,-121
1747907229800.25,137598,1747907229781.563,-89,-17,-122
1747907229820.125,137599,1747907229801.437,-97,-17,-116
1747907229840.062,137614,1747907229821.344,-95,-17,-116
1747907229859.812,137613,1747907229841.281,-87,-17,-124
1747907229879.719,137617,1747907229861.031,-96,-24,-125
1747907229899.594,137622,1747907229880.906,-85,-17,-119
1747907229919.438,137643,1747907229900.781,-85,-17,-119
1747907229939.312,137654,1747907229920.625,-93,-17,-113
1747907229959.187,137673,1747907229940.531,-87,-17,-118
1747907229979.031,137688,1747907229960.406,-96,-33,-113
1747907229998.875,137709,1747907229980.25,-87,-9,-116
1747907230018.75,137717,1747907230000.063,-93,-17,-119
1747907230038.594,137730,1747907230019.938,-93,-16,-129
1747907230058.469,137761,1747907230039.781,-89,-17,-119
1747907230078.281,137773,1747907230059.687,-99,-17,-121
1747907230098.156,137805,1747907230079.5,-85,-17,-114
1747907230118.0,137827,1747907230099.344,-95,-17,-118
1747907230137.844,137855,1747907230119.219,-96,-17,-122
1747907230157.688,137871,1747907230139.062,-89,-17,-113
1747907230177.563,137898,1747907230158.906,-95,-17,-116
1747907230197.469,137935,1747907230178.781,-84,-17,-126
1747907230217.281,137955,1747907230198.625,-92,-13,-122
1747907230237.125,137971,1747907230218.5,-85,-18,-121
1747907230256.969,138003,1747907230238.312,-85,-17,-125
1747907230276.844,138017,1747907230258.188,-88,-17,-113
1747907230296.6868,137997,1747907230278.063,-92,-17,-114
1747907230316.531,137986,1747907230297.937,-99,-1,-116
1747907230336.438,137950,1747907230317.75,-95,-17,-118
1747907230356.25,137928,1747907230337.625,-84,-17,-121
1747907230376.125,137894,1747907230357.438,-96,-25,-129
1747907230396.0,137865,1747907230377.344,-97,-17,-125
1747907230415.813,137840,1747907230397.187,-87,-23,-119
1747907230435.688,137842,1747907230417.0,-95,-17,-128
1747907230455.5308,137834,1747907230436.875,-82,-17,-113
1747907230475.344,137841,1747907230456.719,-101,-17,-120
1747907230495.25,137850,1747907230476.562,-81,-17,-116
1747907230515.094,137853,1747907230496.437,-93,-9,-127
1747907230534.938,137873,1747907230516.25,-89,-19,-116
1747907230554.781,137872,1747907230536.156,-93,-10,-116
1747907230574.656,137864,1747907230555.969,-85,-17,-116
1747907230594.5,137872,1747907230575.875,-88,-20,-121
1747907230614.375,137871,1747907230595.687,-87,-9,-129
1747907230634.187,137864,1747907230615.563,-89,-9,-121
1747907230654.062,137864,1747907230635.406,-103,-17,-121
1747907230673.906,137865,1747907230655.25,-81,-17,-119
1747907230693.781,137874,1747907230675.125,-98,-17,-117
1747907230713.594,137878,1747907230695.0,-93,-25,-110
1747907230733.531,137901,1747907230714.844,-88,-17,-113
1747907230753.375,137915,1747907230734.75,-95,-17,-112
1747907230773.281,137939,1747907230754.594,-85,-17,-129
1747907230793.094,137950,1747907230774.469,-84,-17,-121
1747907230812.969,137974,1747907230794.281,-93,-17,-117
1747907230832.812,138006,1747907230814.156,-87,-17,-128
1747907230852.688,138026,1747907230834.031,-88,-25,-117
1747907230872.5,138051,1747907230853.875,-96,-9,-120
1747907230892.406,138077,1747907230873.719,-89,-17,-125
1747907230912.25,138107,1747907230893.625,-89,-10,-121
1747907230932.125,138133,1747907230913.469,-87,-17,-121
1747907230951.969,138149,1747907230933.344,-97,-21,-123
1747907230971.812,138184,1747907230953.188,-95,-17,-125
1747907230991.687,138208,1747907230973.031,-93,-17,-118
1747907231011.563,138196,1747907230992.906,-93,-17,-127
1747907231031.375,138168,1747907231012.781,-85,-9,-116
1747907231051.25,138137,1747907231032.594,-95,-24,-112
1747907231071.125,138104,1747907231052.438,-88,-17,-117
1747907231090.969,138075,1747907231072.313,-97,-9,-117
1747907231110.813,138041,1747907231092.187,-93,-17,-112
1747907231130.688,137999,1747907231112.0,-87,-17,-120
1747907231150.531,137986,1747907231131.906,-98,-17,-119
1747907231170.406,137968,1747907231151.75,-84,-17,-114
1747907231190.219,137946,1747907231171.625,-96,-18,-114
1747907231210.094,137951,1747907231191.469,-82,-18,-115
1747907231229.969,137950,1747907231211.281,-95,-17,-122
1747907231249.875,137941,1747907231231.188,-88,-17,-120
1747907231269.75,137942,1747907231251.062,-95,-13,-122
1747907231289.594,137947,1747907231270.906,-93,-17,-118
1747907231309.469,137942,1747907231290.813,-86,-17,-121
1747907231329.312,137936,1747907231310.656,-65,-17,-124
1747907231349.156,137939,1747907231330.5,-89,-17,-121
1747907231369.031,137955,1747907231350.344,-84,-17,-116
1747907231388.875,137938,1747907231370.219,-93,-8,-120
1747907231408.75,137943,1747907231390.063,-87,-17,-120
1747907231428.562,137940,1747907231409.938,-95,-17,-125
1747907231448.406,137947,1747907231429.781,-90,-25,-121
1747907231468.313,137958,1747907231449.656,-96,-18,-113
1747907231488.125,137969,1747907231469.469,-84,-21,-120
1747907231507.969,137982,1747907231489.344,-85,-10,-125
1747907231527.844,137990,1747907231509.156,-95,-17,-117
1747907231547.688,138005,1747907231529.062,-84,-10,-116
1747907231567.563,138026,1747907231548.906,-92,-17,-113
1747907231587.406,138053,1747907231568.781,-88,-17,-117
1747907231607.219,138061,1747907231588.594,-81,-17,-121
1747907231627.125,138087,1747907231608.5,-93,-20,-116
1747907231646.969,138111,1747907231628.312,-84,-17,-121
1747907231666.781,138120,1747907231648.281,-81,-17,-121
1747907231686.687,138143,1747907231668.0,-93,-9,-116
1747907231706.531,138168,1747907231687.875,-86,-13,-120
1747907231726.406,138163,1747907231707.75,-97,-31,-116
1747907231746.219,138166,1747907231727.594,-93,-17,-116
1747907231766.094,138117,1747907231747.438,-81,-17,-121
1747907231785.969,138079,1747907231767.313,-84,-17,-105
1747907231805.844,138015,1747907231787.187,-93,-17,-121
1747907231825.656,137952,1747907231807.031,-81,-17,-113
1747907231845.531,137913,1747907231826.875,-97,-17,-117
1747907231865.375,137879,1747907231846.75,-88,-17,-113
1747907231885.25,137856,1747907231866.594,-95,-17,-121
1747907231905.063,137837,1747907231886.469,-87,-17,-122
1747907231924.906,137815,1747907231906.281,-93,-17,-116
1747907231944.781,137809,1747907231926.125,-88,-9,-121
1747907231964.625,137812,1747907231945.969,-84,-9,-118
1747907231984.438,137780,1747907231965.844,-98,-17,-114
1747907232004.313,137776,1747907231985.656,-88,-17,-113
1747907232024.156,137777,1747907232005.5,-84,-17,-122
1747907232044.125,137763,1747907232025.344,-93,-17,-118
1747907232063.781,137745,1747907232045.219,-73,-25,-116
1747907232083.688,137744,1747907232065.031,-87,-9,-121
1747907232103.5,137737,1747907232084.906,-96,-10,-114
1747907232123.375,137723,1747907232104.719,-88,-25,-113
1747907232143.219,137734,1747907232124.625,-87,-17,-117
1747907232163.031,137735,1747907232144.437,-80,-2,-126
1747907232182.875,137744,1747907232164.219,-97,-17,-121
1747907232202.719,137753,1747907232184.094,-84,-17,-117
1747907232222.562,137768,1747907232203.906,-93,-17,-126
1747907232242.406,137761,1747907232223.781,-93,-17,-116
1747907232262.25,137772,1747907232243.625,-84,-10,-119
1747907232282.094,137791,1747907232263.469,-93,-17,-120
1747907232301.969,137809,1747907232283.281,-89,-17,-113
1747907232321.844,137835,1747907232303.156,-100,-9,-119
1747907232341.625,137838,1747907232323.062,-92,-10,-119
1747907232361.5,137885,1747907232342.844,-89,-17,-113
1747907232381.344,137898,1747907232362.719,-85,-17,-119
1747907232401.187,137923,1747907232382.531,-97,-1,-116
1747907232421.031,137959,1747907232402.406,-84,-17,-116
1747907232440.875,137960,1747907232422.25,-90,-17,-109
1747907232460.75,137973,1747907232442.094,-91,-25,-129
1747907232480.563,137957,1747907232461.937,-88,-17,-121
1747907232500.437,137919,1747907232481.781,-81,-17,-121
1747907232520.312,137864,1747907232501.625,-82,-17,-128
1747907232540.156,137824,1747907232521.531,-85,-17,-119
1747907232559.969,137750,1747907232541.375,-88,-17,-116
1747907232579.844,137738,1747907232561.25,-90,-9,-122
1747907232599.687,137711,1747907232581.063,-87,-17,-117
1747907232619.531,137701,1747907232600.875,-89,-17,-121
1747907232639.375,137675,1747907232620.75,-89,-17,-113
1747907232659.281,137665,1747907232640.625,-92,-17,-112
1747907232679.094,137666,1747907232660.5,-93,-17,-116
1747907232698.969,137665,1747907232680.281,-84,-17,-119
1747907232718.781,137648,1747907232700.187,-90,-10,-130
1747907232738.656,137628,1747907232720.0,-91,-1,-124
1747907232758.5,137615,1747907232739.875,-93,-17,-121
1747907232778.375,137624,1747907232759.688,-95,-17,-120
1747907232798.187,137599,1747907232779.562,-97,-25,-104
1747907232818.063,137587,1747907232799.437,-98,-9,-116
1747907232837.9058,137561,1747907232819.281,-88,-17,-121
1747907232857.781,137581,1747907232839.125,-93,-17,-127
1747907232877.625,137548,1747907232859.0,-85,-18,-116
1747907232897.469,137537,1747907232878.875,-93,-17,-118
1747907232917.344,137561,1747907232898.6868,-88,-17,-116
1747907232937.219,137557,1747907232918.563,-95,-9,-117
1747907232957.031,137546,1747907232938.438,-82,-17,-121
1747907232976.875,137567,1747907232958.25,-93,-17,-113
1747907232996.75,137569,1747907232978.094,-85,-17,-115
1747907233016.625,137565,1747907232997.937,-88,-13,-121
1747907233036.437,137583,1747907233017.844,-89,-10,-117
1747907233056.438,137591,1747907233037.719,-89,-9,-114
1747907233076.156,137594,1747907233057.531,-81,-16,-117
1747907233096.031,137619,1747907233077.375,-82,-17,-121
1747907233115.875,137635,1747907233097.25,-95,-17,-121
1747907233135.719,137661,1747907233117.094,-87,-17,-112
1747907233155.562,137677,1747907233136.937,-98,-9,-116
1747907233175.438,137673,1747907233156.812,-93,-17,-117
1747907233195.281,137696,1747907233176.625,-95,-17,-129
1747907233215.125,137659,1747907233196.5,-90,-17,-119
1747907233235.0,137618,1747907233216.3442,-97,-17,-113
1747907233254.844,137556,1747907233236.219,-89,-18,-116
1747907233274.719,137496,1747907233256.062,-85,-17,-122
1747907233294.531,137414,1747907233275.906,-93,-17,-121
1747907233314.406,137362,1747907233295.75,-88,-17,-116
1747907233334.281,137329,1747907233315.625,-93,-10,-117
1747907233354.125,137266,1747907233335.5,-84,-17,-112
1747907233373.969,137242,1747907233355.313,-93,-18,-119
1747907233393.812,137229,1747907233375.156,-85,-17,-122
1747907233413.687,137220,1747907233395.031,-84,-9,-96
1747907233433.563,137205,1747907233414.875,-84,-9,-122
1747907233453.375,137181,1747907233434.781,-92,-17,-120
1747907233473.219,137166,1747907233454.563,-87,-8,-128
1747907233493.094,137137,1747907233474.438,-94,-17,-121
1747907233512.938,137133,1747907233494.312,-84,-10,-112
1747907233532.781,137106,1747907233514.156,-95,-17,-112
1747907233552.656,137089,1747907233534.0,-85,-17,-114
1747907233572.5,137055,1747907233553.844,-98,-17,-121
1747907233592.375,137042,1747907233573.719,-101,-17,-116
1747907233612.219,137030,1747907233593.5618,-92,-17,-120
1747907233632.031,137016,1747907233613.406,-84,-17,-122
1747907233651.937,137027,1747907233633.25,-93,-17,-125
1747907233671.781,137017,1747907233653.156,-88,-29,-116
1747907233691.625,137012,1747907233673.0,-96,-10,-114
1747907233711.5,136995,1747907233692.812,-84,-21,-123
1747907233731.344,137000,1747907233712.719,-85,-9,-122
1747907233751.219,137007,1747907233732.531,-93,-25,-121
1747907233771.031,137020,1747907233752.4058,-87,-10,-116
1747907233790.906,137024,1747907233772.219,-97,-9,-122
1747907233810.781,137018,1747907233792.125,-85,-29,-127
1747907233830.656,137035,1747907233811.969,-84,-9,-118
1747907233850.469,137047,1747907233831.875,-100,-17,-119
1747907233870.344,137065,1747907233851.687,-88,-17,-125
1747907233890.219,137051,1747907233871.562,-93,-17,-114
1747907233910.062,137011,1747907233891.406,-82,-16,-119
1747907233929.906,136969,1747907233911.281,-93,-9,-114
1747907233949.75,136895,1747907233931.125,-85,-17,-114
1747907233969.625,136836,1747907233950.969,-94,-18,-118
1747907233989.5,136763,1747907233970.813,-87,-17,-117
1747907234009.344,136697,1747907233990.719,-97,-17,-118
1747907234029.187,136664,1747907234010.562,-100,-17,-121
1747907234049.031,136630,1747907234030.375,-93,-21,-122
1747907234068.906,136575,1747907234050.25,-82,-17,-121
1747907234088.719,136559,1747907234070.094,-97,-17,-119
1747907234108.594,136544,1747907234089.906,-80,-9,-121
1747907234128.469,136505,1747907234109.844,-96,-17,-119
1747907234148.313,136483,1747907234129.656,-95,-16,-126
1747907234168.156,136455,1747907234149.531,-82,-10,-116
1747907234188.031,136427,1747907234169.344,-93,-17,-124
1747907234207.906,136413,1747907234189.219,-84,-24,-129
1747907234227.75,136383,1747907234209.125,-84,-18,-116
1747907234247.625,136343,1747907234228.969,-97,-17,-114
1747907234267.5,136334,1747907234248.844,-89,-17,-128
1747907234287.344,136315,1747907234268.687,-84,-17,-114
1747907234307.219,136307,1747907234288.594,-93,-17,-113
1747907234327.031,136280,1747907234308.469,-97,-17,-117
1747907234347.0,136278,1747907234328.25,-95,-17,-113
1747907234366.781,136289,1747907234348.094,-81,-33,-121
1747907234386.656,136275,1747907234367.969,-93,-17,-125
1747907234406.469,136280,1747907234387.875,-85,-17,-114
1747907234426.344,136271,1747907234407.688,-79,-17,-119
1747907234446.219,136248,1747907234427.563,-89,-25,-121
1747907234466.063,136243,1747907234447.406,-89,-17,-123
1747907234485.906,136245,1747907234467.281,-87,-36,-118
1747907234505.75,136250,1747907234487.125,-87,-25,-110
1747907234525.625,136255,1747907234506.969,-88,-17,-117
1747907234545.469,136251,1747907234526.813,-81,-17,-108
1747907234565.313,136276,1747907234546.6868,-89,-17,-125
1747907234585.156,136258,1747907234566.531,-82,-18,-119
1747907234605.031,136233,1747907234586.375,-98,-9,-121
1747907234624.906,136189,1747907234606.219,-87,-17,-113
1747907234644.75,136121,1747907234626.094,-97,-17,-116
1747907234664.594,136050,1747907234645.937,-86,-9,-121
1747907234684.438,135966,1747907234665.813,-84,-18,-119
1747907234704.312,135897,1747907234685.656,-87,-17,-120
1747907234724.156,135832,1747907234705.5,-92,-17,-125
1747907234744.0,135802,1747907234725.312,-89,-17,-121
1747907234763.844,135748,1747907234745.219,-98,-17,-116
1747907234783.719,135726,1747907234765.063,-87,-10,-113
1747907234803.562,135696,1747907234784.938,-94,-17,-118
1747907234823.406,135673,1747907234804.75,-85,-17,-125
1747907234843.313,135662,1747907234824.625,-97,-17,-120
1747907234863.125,135638,1747907234844.531,-87,-17,-119
1747907234882.969,135617,1747907234864.344,-97,-10,-128
1747907234902.844,135607,1747907234884.219,-84,-17,-122
1747907234922.688,135572,1747907234904.031,-80,-21,-125
1747907234942.563,135561,1747907234923.906,-82,-17,-104
1747907234962.375,135548,1747907234943.781,-87,-4,-121
1747907234982.219,135524,1747907234963.563,-89,-17,-117
1747907235002.094,135503,1747907234983.437,-97,-17,-113
1747907235021.969,135494,1747907235003.312,-93,-17,-115
1747907235041.781,135477,1747907235023.1882,-89,-10,-119
1747907235061.656,135480,1747907235042.969,-93,-17,-120
1747907235081.531,135473,1747907235062.875,-87,-17,-121
1747907235101.375,135459,1747907235082.719,-100,-17,-121
1747907235121.219,135470,1747907235102.594,-87,-15,-120
1747907235141.062,135470,1747907235122.438,-93,-17,-116
1747907235160.937,135478,1747907235142.281,-96,-17,-120
1747907235180.813,135478,1747907235162.156,-95,-17,-124
1747907235200.625,135499,1747907235182.031,-87,-17,-124
1747907235220.5,135499,1747907235201.844,-85,-29,-124
1747907235240.375,135514,1747907235221.719,-85,-17,-121
1747907235260.219,135520,1747907235241.594,-89,-17,-121
1747907235280.063,135539,1747907235261.437,-92,-17,-112
1747907235299.937,135549,1747907235281.25,-96,-17,-116
1747907235319.781,135508,1747907235301.125,-84,-12,-124
1747907235339.656,135443,1747907235321.031,-95,-17,-121
1747907235359.5,135365,1747907235340.875,-98,-17,-121
1747907235379.344,135272,1747907235360.687,-95,-17,-114
1747907235399.219,135199,1747907235380.563,-87,-25,-121
1747907235419.125,135107,1747907235400.4058,-87,-17,-121
1747907235438.906,135039,1747907235420.344,-86,-17,-121
1747907235458.781,135008,1747907235440.125,-100,-17,-119
1747907235478.625,134971,1747907235460.0,-98,-10,-114
1747907235498.5,134921,1747907235479.844,-97,-17,-121
1747907235518.312,134887,1747907235499.719,-89,-10,-121
1747907235538.188,134879,1747907235519.5,-84,-17,-117
1747907235558.0,134852,1747907235539.375,-104,-33,-116
1747907235577.875,134825,1747907235559.219,-93,-17,-116
1747907235597.656,134811,1747907235579.031,-84,-25,-121
1747907235617.531,134779,1747907235598.906,-85,-17,-128
1747907235637.406,134754,1747907235618.75,-93,-17,-114
1747907235657.25,134733,1747907235638.625,-84,-16,-119
1747907235677.094,134724,1747907235658.469,-85,-17,-125
1747907235696.937,134701,1747907235678.281,-84,-17,-119
1747907235716.813,134696,1747907235698.156,-97,-17,-104
1747907235736.688,134685,1747907235718.0,-84,-13,-121
1747907235756.5,134682,1747907235737.906,-93,-18,-113
1747907235776.344,134670,1747907235757.75,-81,-29,-116
1747907235796.25,134685,1747907235777.531,-91,-18,-120
1747907235816.094,134686,1747907235797.437,-82,-17,-118
1747907235835.938,134705,1747907235817.313,-96,-17,-120
1747907235855.812,134695,1747907235837.188,-85,-17,-120
1747907235875.656,134706,1747907235856.9692,-88,-17,-122
1747907235895.531,134738,1747907235876.875,-111,-16,-121
1747907235915.344,134735,1747907235896.75,-87,-17,-113
1747907235935.219,134751,1747907235916.625,-96,-17,-114
1747907235955.094,134754,1747907235936.406,-87,-23,-129
1747907235974.969,134770,1747907235956.281,-85,-13,-121
1747907235994.813,134782,1747907235976.187,-88,-17,-119
1747907236014.687,134804,1747907235996.031,-87,-17,-128
1747907236034.531,134791,1747907236015.906,-97,-17,-119
1747907236054.406,134742,1747907236035.75,-93,-17,-117
1747907236074.25,134689,1747907236055.656,-85,-17,-118
1747907236094.094,134609,1747907236075.469,-94,-17,-122
1747907236113.969,134547,1747907236095.313,-88,-17,-112
1747907236133.844,134476,1747907236115.156,-84,-17,-121
1747907236153.688,134395,1747907236135.062,-89,-17,-113
1747907236173.563,134344,1747907236154.875,-81,-29,-119
1747907236193.437,134304,1747907236174.719,-90,-13,-111
1747907236213.406,134256,1747907236194.656,-92,-17,-116
1747907236233.156,134226,1747907236214.5,-74,-20,-120
1747907236253.031,134211,1747907236234.375,-88,-10,-121
1747907236272.906,134198,1747907236254.25,-101,-17,-116
1747907236292.781,134180,1747907236274.125,-96,-16,-125
1747907236312.656,134157,1747907236293.969,-87,-17,-119
1747907236332.5,134144,1747907236313.875,-85,-17,-118
1747907236352.375,134120,1747907236333.688,-84,-21,-112
1747907236372.281,134111,1747907236353.594,-85,-17,-116
1747907236392.094,134077,1747907236373.437,-89,-10,-119
1747907236411.969,134068,1747907236393.312,-85,-17,-116
1747907236431.844,134045,1747907236413.188,-82,-17,-119
1747907236451.719,134029,1747907236433.063,-96,-17,-114
1747907236471.563,134045,1747907236452.906,-81,-9,-116
1747907236491.469,134024,1747907236472.75,-96,-9,-114
1747907236511.344,134041,1747907236492.688,-89,-17,-122
1747907236531.187,134033,1747907236512.531,-84,-17,-114
1747907236551.094,134044,1747907236532.406,-84,-17,-118
1747907236570.906,134053,1747907236552.313,-80,-17,-117
1747907236590.781,134070,1747907236572.125,-97,-17,-120
1747907236610.625,134068,1747907236591.969,-95,-17,-113
1747907236630.469,134086,1747907236611.844,-97,-4,-116
1747907236650.344,134113,1747907236631.656,-81,-17,-116
1747907236670.187,134121,1747907236651.531,-85,-17,-120
1747907236690.031,134138,1747907236671.406,-97,-17,-109
1747907236709.906,134165,1747907236691.219,-91,-17,-119
1747907236729.719,134167,1747907236711.094,-98,-17,-118
1747907236749.625,134140,1747907236730.937,-96,-17,-137
1747907236769.469,134092,1747907236750.844,-84,-10,-122
1747907236789.281,134014,1747907236770.688,-81,-9,-121
1747907236809.156,133958,1747907236790.469,-87,-13,-125
1747907236829.031,133881,1747907236810.344,-89,-17,-116
1747907236848.844,133820,1747907236830.219,-100,-9,-117
1747907236868.687,133768,1747907236850.063,-97,-17,-120
1747907236888.562,133712,1747907236869.937,-88,-18,-116
1747907236908.406,133692,1747907236889.844,-93,-10,-116
1747907236928.313,133668,1747907236909.625,-84,-17,-114
1747907236948.25,133641,1747907236929.531,-92,-10,-114
1747907236967.969,133635,1747907236949.313,-81,-26,-119
1747907236987.844,133623,1747907236969.187,-89,-17,-112
1747907237007.719,133608,1747907236989.031,-85,-21,-125
1747907237027.531,133586,1747907237008.938,-89,-17,-98
1747907237047.406,133592,1747907237028.75,-95,-9,-122
1747907237067.281,133574,1747907237048.594,-86,-9,-113
1747907237087.125,133556,1747907237068.5,-95,-10,-129
1747907237106.9692,133540,1747907237088.344,-89,-17,-116
1747907237126.812,133528,1747907237108.156,-85,-17,-117
1747907237146.687,133514,1747907237128.031,-100,-17,-116
1747907237166.531,133507,1747907237147.875,-89,-17,-111
1747907237186.375,133522,1747907237167.719,-94,-9,-122
1747907237206.25,133528,1747907237187.563,-96,-13,-119
1747907237226.094,133539,1747907237207.438,-89,-17,-121
1747907237245.938,133536,1747907237227.312,-96,-17,-119
1747907237265.781,133554,1747907237247.156,-87,-18,-113
1747907237285.687,133564,1747907237266.969,-96,-9,-116
1747907237305.469,133582,1747907237286.844,-88,-31,-127
1747907237325.344,133595,1747907237306.688,-100,-17,-116
1747907237345.156,133616,1747907237326.562,-84,-18,-116
1747907237365.031,133654,1747907237346.375,-85,-14,-113
1747907237384.875,133670,1747907237366.25,-92,-17,-113
1747907237404.75,133692,1747907237386.125,-72,-17,-121
1747907237424.594,133716,1747907237405.937,-87,-17,-129
1747907237444.438,133710,1747907237425.781,-89,-17,-113
1747907237464.281,133669,1747907237445.656,-93,-17,-121
1747907237484.156,133625,1747907237465.5,-90,-18,-121
1747907237503.969,133566,1747907237485.375,-87,-17,-114
1747907237523.844,133490,1747907237505.187,-88,-13,-116
1747907237543.719,133399,1747907237525.062,-105,-21,-121
1747907237563.594,133329,1747907237544.938,-94,-17,-118
1747907237583.406,133285,1747907237564.813,-95,-17,-121
1747907237603.281,133241,1747907237584.625,-89,-18,-124
1747907237623.156,133222,1747907237604.5,-85,-17,-114
1747907237643.0,133197,1747907237624.344,-96,-25,-117
1747907237662.844,133187,1747907237644.188,-97,-17,-114
1747907237682.687,133174,1747907237664.031,-93,-17,-120
1747907237702.563,133166,1747907237683.906,-88,-29,-126
1747907237722.438,133156,1747907237703.75,-86,-9,-124
1747907237742.281,133135,1747907237723.625,-97,-17,-121
1747907237762.156,133130,1747907237743.469,-97,-17,-127
1747907237782.0,133088,1747907237763.344,-87,-17,-121
1747907237801.875,133080,1747907237783.219,-85,-17,-113
1747907237821.687,133062,1747907237803.094,-87,-17,-116
1747907237841.562,133065,1747907237822.906,-93,-17,-114
1747907237861.406,133055,1747907237842.781,-93,-17,-112
1747907237881.281,133047,1747907237862.625,-84,-17,-114
1747907237901.125,133059,1747907237882.469,-87,-17,-121
1747907237920.969,133048,1747907237902.344,-84,-17,-125
1747907237940.844,133049,1747907237922.188,-92,-17,-119
1747907237960.6882,133078,1747907237942.031,-89,-10,-118
1747907237980.5,133066,1747907237961.906,-97,-10,-121
1747907238000.375,133100,1747907237981.75,-85,-17,-119
1747907238020.312,133112,1747907238001.594,-92,-17,-117
1747907238040.062,133130,1747907238021.406,-98,-33,-121
1747907238059.906,133155,1747907238041.281,-87,-10,-116
1747907238079.75,133165,1747907238061.156,-93,-17,-117
1747907238099.625,133206,1747907238080.969,-85,-17,-125
1747907238119.5,133232,1747907238100.844,-81,-10,-119
1747907238139.313,133235,1747907238120.687,-88,-17,-121
1747907238159.219,133230,1747907238140.562,-96,-17,-114
1747907238179.062,133167,1747907238160.438,-97,-25,-113
1747907238198.937,133117,1747907238180.281,-87,-17,-116
1747907238218.75,133049,1747907238200.125,-81,-18,-121
1747907238238.625,132982,1747907238220.0,-95,-25,-114
1747907238258.531,132933,1747907238239.813,-84,-17,-121
1747907238278.344,132868,1747907238259.719,-89,-19,-119
1747907238298.187,132850,1747907238279.562,-95,-17,-122
1747907238318.031,132827,1747907238299.406,-94,-13,-118
1747907238337.9058,132798,1747907238319.25,-95,-17,-121
1747907238357.844,132782,1747907238339.156,-88,-17,-116
1747907238377.625,132763,1747907238359.0,-103,-8,-113
1747907238397.5,132748,1747907238378.875,-88,-17,-122
1747907238417.375,132738,1747907238398.6868,-84,-17,-121
1747907238437.219,132737,1747907238418.563,-93,-21,-100
1747907238457.094,132725,1747907238438.406,-90,-9,-116
1747907238476.938,132711,1747907238458.312,-95,-17,-121
1747907238496.813,132696,1747907238478.156,-85,-25,-128
1747907238516.719,132690,1747907238498.031,-88,-10,-114
1747907238536.562,132683,1747907238517.938,-97,-17,-112
1747907238556.406,132689,1747907238537.75,-83,-21,-114
1747907238576.313,132677,1747907238557.625,-89,-17,-113
1747907238596.1558,132673,1747907238577.531,-96,-17,-119
1747907238616.0,132671,1747907238597.375,-93,-17,-110
1747907238635.875,132673,1747907238617.188,-93,-17,-116
1747907238655.719,132676,1747907238637.094,-80,-17,-113
1747907238675.594,132693,1747907238656.938,-88,-18,-123
1747907238695.437,132716,1747907238676.844,-89,-17,-119
1747907238715.281,132724,1747907238696.625,-93,-21,-114
1747907238735.156,132745,1747907238716.5,-95,-17,-116
1747907238755.063,132760,1747907238736.375,-83,-17,-122
1747907238774.875,132788,1747907238756.281,-87,-25,-121
1747907238794.781,132802,1747907238776.094,-98,-9,-116
1747907238814.656,132833,1747907238796.0,-100,-10,-121
1747907238834.531,132839,1747907238815.875,-88,-18,-125
1747907238854.406,132826,1747907238835.75,-82,-17,-117
1747907238874.25,132782,1747907238855.594,-88,-17,-120
1747907238894.125,132724,1747907238875.469,-88,-10,-120
1747907238914.031,132668,1747907238895.344,-95,-17,-120
1747907238933.844,132597,1747907238915.219,-89,-17,-114
1747907238953.719,132549,1747907238935.063,-97,-10,-121
1747907238973.625,132508,1747907238954.937,-86,-18,-121
1747907238993.438,132469,1747907238974.844,-84,-10,-116
1747907239013.312,132449,1747907238994.688,-92,-18,-120
1747907239033.187,132412,1747907239014.531,-93,-9,-116
1747907239053.031,132408,1747907239034.469,-87,-17,-119
1747907239072.906,132399,1747907239054.25,-87,-13,-124
1747907239092.875,132400,1747907239074.156,-95,-17,-113
1747907239112.625,132388,1747907239093.969,-82,-25,-116
1747907239132.5,132395,1747907239113.812,-86,-17,-121
1747907239152.344,132379,1747907239133.687,-81,-21,-124
1747907239172.219,132376,1747907239153.594,-92,-5,-122
1747907239192.094,132361,1747907239173.438,-85,-18,-121
1747907239211.937,132355,1747907239193.312,-72,-17,-124
1747907239231.781,132353,1747907239213.156,-87,-17,-112
1747907239251.656,132352,1747907239233.031,-93,-18,-116
1747907239271.531,132351,1747907239252.875,-88,-17,-121
1747907239291.406,132349,1747907239272.719,-95,-17,-119
1747907239311.281,132351,1747907239292.625,-97,-17,-117
1747907239331.125,132376,1747907239312.5,-93,-10,-118
1747907239351.0,132382,1747907239332.313,-87,-17,-120
1747907239370.906,132401,1747907239352.219,-82,-20,-117
1747907239390.719,132395,1747907239372.125,-89,-17,-119
1747907239410.594,132429,1747907239391.937,-100,-17,-119
1747907239430.469,132444,1747907239411.75,-88,-17,-122
1747907239450.344,132452,1747907239431.6558,-89,-17,-121
1747907239470.188,132486,1747907239451.562,-87,-17,-116
1747907239490.063,132498,1747907239471.375,-85,-9,-118
1747907239509.937,132511,1747907239491.281,-97,-1,-121
1747907239529.781,132483,1747907239511.125,-85,-17,-121
1747907239549.625,132422,1747907239531.0,-97,-9,-114
1747907239569.5,132351,1747907239550.844,-98,-25,-108
1747907239589.375,132268,1747907239570.688,-93,-17,-117
1747907239609.25,132193,1747907239590.594,-98,-17,-113
1747907239629.094,132159,1747907239610.469,-100,-9,-123
1747907239648.969,132111,1747907239630.312,-84,-17,-116
1747907239668.875,132074,1747907239650.188,-85,-18,-121
1747907239688.687,132060,1747907239670.094,-92,-17,-121
1747907239708.563,132038,1747907239689.875,-88,-25,-119
1747907239728.406,132050,1747907239709.719,-89,-17,-117
1747907239748.281,132033,1747907239729.594,-96,-17,-117
1747907239768.25,132019,1747907239749.5,-97,-17,-116
1747907239787.969,132025,1747907239769.375,-82,-28,-122
1747907239807.875,132016,1747907239789.187,-97,-10,-116
1747907239827.719,132015,1747907239809.094,-96,-17,-116
1747907239847.562,132012,1747907239828.938,-96,-9,-114
1747907239867.406,132005,1747907239848.781,-84,-18,-118
1747907239887.25,132004,1747907239868.625,-87,-17,-121
1747907239907.125,131998,1747907239888.469,-93,-12,-119
1747907239926.969,132002,1747907239908.344,-86,-17,-120
1747907239946.812,132002,1747907239928.188,-84,-9,-124
1747907239966.656,132021,1747907239948.0,-100,-17,-112
1747907239986.531,132023,1747907239967.844,-86,-13,-121
1747907240006.406,132047,1747907239987.75,-89,-17,-122
1747907240026.219,132077,1747907240007.594,-86,-13,-121
1747907240046.094,132084,1747907240027.438,-93,-17,-114
1747907240065.938,132113,1747907240047.312,-95,-17,-114
1747907240085.813,132140,1747907240067.187,-84,-17,-113
1747907240105.781,132169,1747907240087.031,-97,-17,-116
1747907240125.5,132185,1747907240107.0,-101,-10,-116
1747907240145.375,132222,1747907240126.719,-87,-13,-116
1747907240165.25,132257,1747907240146.594,-85,-10,-116
1747907240185.063,132254,1747907240166.469,-97,-25,-124
1747907240204.937,132241,1747907240186.25,-98,-25,-121
1747907240224.781,132194,1747907240206.156,-88,-18,-119
1747907240244.625,132113,1747907240226.0,-98,-25,-113
1747907240264.469,132026,1747907240245.844,-95,-17,-116
1747907240284.312,131960,1747907240265.719,-84,-17,-122
1747907240304.187,131894,1747907240285.531,-85,-17,-112
1747907240324.031,131847,1747907240305.375,-89,-9,-117
1747907240343.844,131774,1747907240325.219,-89,-25,-113
1747907240363.719,131751,1747907240345.125,-88,-17,-119
1747907240383.562,131718,1747907240364.938,-95,-9,-118
1747907240403.406,131694,1747907240384.7808,-84,-15,-129
1747907240423.25,131666,1747907240404.656,-96,-17,-114
1747907240443.219,131647,1747907240424.469,-84,-17,-124
1747907240462.938,131627,1747907240444.406,-87,-25,-120
1747907240482.844,131617,1747907240464.156,-92,-17,-121
1747907240502.687,131595,1747907240484.062,-97,-18,-119
1747907240522.531,131590,1747907240503.906,-97,-17,-116
1747907240542.406,131555,1747907240523.719,-88,-17,-113
1747907240562.344,131557,1747907240543.625,-96,-17,-116
1747907240582.094,131552,1747907240563.469,-88,-33,-121
1747907240601.969,131551,1747907240583.312,-101,-17,-115
1747907240621.781,131551,1747907240603.156,-82,-18,-119
1747907240641.656,131541,1747907240623.0,-88,-21,-112
1747907240661.5,131559,1747907240642.875,-92,-17,-121
1747907240681.344,131558,1747907240662.719,-96,-17,-120
1747907240701.219,131571,1747907240682.562,-84,-9,-116
1747907240721.094,131592,1747907240702.437,-100,-17,-115
1747907240740.906,131605,1747907240722.313,-88,-17,-121
1747907240760.75,131639,1747907240742.156,-97,-17,-117
1747907240780.656,131671,1747907240761.937,-81,-17,-123
1747907240800.5,131691,1747907240781.875,-90,-17,-121
1747907240820.312,131722,1747907240801.688,-97,-19,-121
1747907240840.156,131731,1747907240821.563,-87,-8,-121
1747907240860.031,131762,1747907240841.375,-101,-17,-121
1747907240879.906,131766,1747907240861.219,-92,-9,-118
1747907240899.75,131739,1747907240881.094,-88,-17,-120
1747907240919.594,131674,1747907240900.969,-104,-33,-116
1747907240939.469,131600,1747907240920.813,-84,-17,-121
1747907240959.313,131543,1747907240940.656,-93,-16,-118
1747907240979.156,131454,1747907240960.5,-95,-18,-125
1747907240999.0,131381,1747907240980.375,-84,-17,-125
1747907241018.875,131329,1747907241000.219,-97,-17,-114
1747907241038.75,131282,1747907241020.094,-84,-17,-120
1747907241058.594,131257,1747907241039.969,-94,-10,-116
1747907241078.438,131236,1747907241059.813,-84,-17,-116
1747907241098.312,131215,1747907241079.688,-82,-17,-121
1747907241118.156,131198,1747907241099.5,-89,-17,-121
1747907241138.031,131173,1747907241119.375,-100,-17,-116
1747907241157.813,131172,1747907241139.187,-89,-13,-119
1747907241177.687,131158,1747907241159.0,-84,-21,-120
1747907241197.562,131147,1747907241178.906,-73,-17,-124
1747907241217.406,131133,1747907241198.75,-84,-13,-123
1747907241237.25,131131,1747907241218.625,-92,-25,-113
1747907241257.125,131106,1747907241238.437,-97,-1,-125
1747907241276.969,131088,1747907241258.313,-81,-17,-122
1747907241296.844,131084,1747907241278.188,-93,-18,-116
1747907241316.656,131093,1747907241298.062,-88,-25,-96
1747907241336.531,131105,1747907241317.875,-95,-17,-123
1747907241356.375,131106,1747907241337.75,-92,-17,-140
1747907241376.25,131107,1747907241357.594,-88,-10,-120
1747907241396.063,131112,1747907241377.469,-90,-17,-123
1747907241415.938,131144,1747907241397.25,-84,-13,-119
1747907241435.812,131168,1747907241417.156,-87,-9,-125
1747907241455.687,131178,1747907241437.031,-100,-13,-121
1747907241475.5,131204,1747907241456.906,-87,-17,-118
1747907241495.344,131238,1747907241476.719,-87,-17,-117
1747907241515.281,131246,1747907241496.562,-97,-17,-122
1747907241535.062,131274,1747907241516.5,-96,-17,-116
1747907241554.9368,131311,1747907241536.281,-81,-17,-116
1747907241574.781,131316,1747907241556.125,-93,-17,-114
1747907241594.656,131300,1747907241576.0,-97,-9,-113
1747907241614.531,131241,1747907241595.875,-88,-17,-121
1747907241634.344,131194,1747907241615.75,-93,-17,-113
1747907241654.219,131117,1747907241635.531,-84,-25,-117
1747907241674.063,131041,1747907241655.437,-87,-17,-114
1747907241693.938,130968,1747907241675.281,-97,-17,-125
1747907241713.75,130924,1747907241695.156,-84,-17,-113
1747907241733.625,130881,1747907241714.969,-93,-17,-116
1747907241753.5,130843,1747907241734.844,-84,-17,-114
1747907241773.344,130829,1747907241754.719,-86,-25,-119
1747907241793.187,130817,1747907241774.531,-84,-17,-121
1747907241813.031,130804,1747907241794.375,-87,-17,-119
1747907241832.875,130809,1747907241814.25,-103,-18,-119
1747907241852.75,130789,1747907241834.094,-84,-17,-121
1747907241872.5942,130768,1747907241854.0,-90,-12,-117
1747907241892.469,130755,1747907241873.813,-85,-10,-122
1747907241912.375,130756,1747907241893.687,-92,-18,-117
1747907241932.156,130743,1747907241913.531,-96,-25,-125
1747907241952.031,130729,1747907241933.344,-87,-17,-117
1747907241971.875,130721,1747907241953.219,-92,-13,-121
1747907241991.75,130707,1747907241973.094,-90,-12,-116
1747907242011.625,130722,1747907241992.969,-96,-18,-114
1747907242031.4382,130711,1747907242012.844,-92,-17,-117
1747907242051.312,130744,1747907242032.656,-87,-17,-104
1747907242071.187,130754,1747907242052.5,-93,-17,-125
1747907242091.031,130783,1747907242072.375,-87,-8,-119
1747907242110.875,130796,1747907242092.344,-89,-25,-117
1747907242130.75,130833,1747907242112.062,-89,-17,-121
1747907242150.594,130869,1747907242131.938,-89,-17,-104
1747907242170.469,130896,1747907242151.844,-84,-18,-116
1747907242190.281,130936,1747907242171.656,-85,-17,-119
1747907242210.125,130973,1747907242191.5,-98,-9,-113
1747907242230.0,130995,1747907242211.344,-88,-23,-121
1747907242249.906,131051,1747907242231.219,-94,-10,-112
1747907242269.719,131074,1747907242251.125,-97,-17,-121
1747907242289.594,131102,1747907242270.906,-89,-17,-122
1747907242309.562,131092,1747907242290.781,-89,-13,-122
1747907242329.312,131075,1747907242310.688,-98,-33,-121
1747907242349.156,131004,1747907242330.5308,-93,-9,-118
1747907242369.031,130947,1747907242350.375,-88,-25,-119
1747907242388.906,130870,1747907242370.219,-90,-17,-125
1747907242408.75,130826,1747907242390.125,-97,-9,-117
1747907242428.594,130783,1747907242409.969,-93,-9,-121
1747907242448.469,130749,1747907242429.812,-87,-17,-116
1747907242468.344,130745,1747907242449.719,-93,-17,-116
1747907242488.187,130731,1747907242469.563,-88,-17,-114
1747907242508.031,130716,1747907242489.406,-81,-17,-117
1747907242527.906,130726,1747907242509.219,-89,-18,-120
1747907242547.781,130724,1747907242529.094,-97,-9,-125
1747907242567.625,130739,1747907242548.906,-87,-15,-125
1747907242587.437,130732,1747907242568.813,-85,-13,-116
1747907242607.312,130741,1747907242588.656,-98,-17,-115
1747907242627.188,130735,1747907242608.5,-95,-17,-116
1747907242647.031,130728,1747907242628.438,-87,-17,-116
1747907242666.875,130714,1747907242648.25,-101,-1,-121
1747907242686.812,130718,1747907242668.094,-95,-25,-121
1747907242706.625,130736,1747907242687.937,-85,-29,-121
1747907242726.5,130737,1747907242707.844,-88,-17,-104
1747907242746.312,130755,1747907242727.688,-84,-17,-128
1747907242766.187,130755,1747907242747.531,-93,-9,-117
1747907242786.063,130765,1747907242767.406,-93,-17,-127
1747907242805.938,130794,1747907242787.281,-87,-17,-121
1747907242825.812,130814,1747907242807.125,-90,-17,-117
1747907242845.656,130841,1747907242827.0,-97,-13,-113
1747907242865.531,130865,1747907242846.844,-81,-17,-114
1747907242885.375,130899,1747907242866.75,-97,-18,-114
1747907242905.188,130912,1747907242886.531,-92,-17,-114
1747907242925.094,130934,1747907242906.375,-84,-17,-121
1747907242944.937,130960,1747907242926.281,-90,-13,-117
1747907242964.813,130988,1747907242946.156,-92,-16,-122
1747907242984.688,130983,1747907242966.0,-89,-17,-114
1747907243004.5,130968,1747907242985.875,-96,-25,-117
1747907243024.375,130944,1747907243005.719,-87,-25,-115
1747907243044.219,130867,1747907243025.594,-100,-10,-116
1747907243064.031,130822,1747907243045.437,-85,-12,-112
1747907243083.937,130761,1747907243065.25,-100,-17,-121
1747907243103.781,130722,1747907243085.125,-88,-17,-121
1747907243123.625,130679,1747907243105.0,-97,-17,-116
1747907243143.5,130665,1747907243124.844,-84,-17,-116
1747907243163.313,130651,1747907243144.687,-87,-9,-124
1747907243183.187,130652,1747907243164.5,-89,-19,-119
1747907243203.062,130647,1747907243184.406,-87,-9,-116
1747907243222.844,130632,1747907243204.219,-89,-9,-121
1747907243242.719,130637,1747907243224.062,-97,-18,-125
1747907243262.563,130638,1747907243243.906,-95,-9,-122
1747907243282.406,130650,1747907243263.781,-104,-17,-122
1747907243302.281,130633,1747907243283.6558,-85,-15,-121
1747907243322.125,130640,1747907243303.469,-85,-9,-125
1747907243341.969,130637,1747907243323.312,-80,-10,-119
1747907243361.844,130650,1747907243343.188,-87,-10,-120
1747907243381.656,130644,1747907243363.031,-89,-13,-124
1747907243401.531,130653,1747907243382.875,-84,-16,-116
1747907243421.375,130678,1747907243402.75,-82,-10,-121
1747907243441.25,130694,1747907243422.594,-96,-17,-120
1747907243461.062,130719,1747907243442.469,-89,-17,-112
1747907243480.937,130741,1747907243462.281,-88,-17,-121
1747907243500.813,130768,1747907243482.156,-88,-18,-116
1747907243520.656,130801,1747907243502.094,-87,-17,-121
1747907243540.5,130847,1747907243521.844,-92,-17,-128
1747907243560.344,130857,1747907243541.719,-84,-17,-124
1747907243580.219,130891,1747907243561.562,-85,-25,-121
1747907243600.063,130932,1747907243581.437,-95,-10,-124
1747907243619.875,130970,1747907243601.25,-84,-17,-121
1747907243639.75,131012,1747907243621.094,-84,-16,-121
1747907243659.594,131032,1747907243640.969,-87,-17,-119
1747907243679.4382,131052,1747907243660.812,-105,-17,-114
1747907243699.281,131047,1747907243680.656,-83,-17,-113
1747907243719.125,130998,1747907243700.5,-96,-17,-113
1747907243739.0,130947,1747907243720.344,-87,-16,-113
1747907243758.875,130884,1747907243740.2192,-97,-17,-117
1747907243778.688,130824,1747907243760.094,-88,-17,-121
1747907243798.531,130758,1747907243779.906,-87,-17,-112
1747907243818.406,130739,1747907243799.75,-96,-10,-114
1747907243838.25,130710,1747907243819.625,-86,-16,-121
1747907243858.094,130684,1747907243839.531,-101,-17,-113
1747907243877.969,130667,1747907243859.312,-85,-17,-121
1747907243897.812,130668,1747907243879.188,-84,-17,-116
1747907243917.687,130658,1747907243899.031,-85,-18,-119
1747907243937.594,130665,1747907243918.906,-84,-17,-121
1747907243957.375,130669,1747907243938.781,-88,-17,-121
1747907243977.219,130685,1747907243958.563,-86,-17,-125
1747907243997.062,130676,1747907243978.438,-93,-17,-117
1747907244016.906,130696,1747907243998.281,-105,-17,-121
1747907244036.781,130680,1747907244018.156,-85,-17,-117
1747907244056.625,130681,1747907244038.0,-98,-10,-116
1747907244076.5,130699,1747907244057.844,-86,-25,-120
1747907244096.344,130716,1747907244077.719,-95,-17,-120
1747907244116.188,130719,1747907244097.562,-97,-17,-125
1747907244136.031,130752,1747907244117.375,-81,-17,-125
1747907244155.906,130768,1747907244137.25,-89,-13,-121
1747907244175.75,130795,1747907244157.125,-97,-17,-121
1747907244195.594,130817,1747907244176.969,-100,-17,-121
1747907244215.438,130845,1747907244196.781,-97,-17,-117
1747907244235.281,130881,1747907244216.656,-88,-17,-116
1747907244255.156,130900,1747907244236.5,-85,-16,-116
1747907244275.031,130935,1747907244256.375,-97,-17,-120
1747907244294.844,130974,1747907244276.219,-89,-17,-122
1747907244314.719,131021,1747907244296.062,-87,-17,-119
1747907244334.563,131025,1747907244315.938,-88,-17,-122
1747907244354.406,131062,1747907244335.781,-97,-16,-100
1747907244374.281,131102,1747907244355.594,-89,-17,-125
1747907244394.156,131130,1747907244375.469,-85,-9,-121
1747907244413.969,131134,1747907244395.312,-92,-33,-122
1747907244433.781,131099,1747907244415.188,-97,-17,-116
1747907244453.625,131047,1747907244435.0,-80,-17,-116
1747907244473.5,131005,1747907244454.844,-100,-17,-127
1747907244493.344,130948,1747907244474.719,-89,-17,-122
1747907244513.156,130910,1747907244494.562,-87,-17,-116
1747907244533.031,130872,1747907244514.406,-93,-17,-122
1747907244552.875,130863,1747907244534.25,-93,-10,-116
1747907244572.75,130839,1747907244554.094,-85,-17,-120
1747907244592.594,130830,1747907244573.969,-87,-10,-114
1747907244612.469,130838,1747907244593.781,-88,-17,-116
1747907244632.312,130826,1747907244613.656,-85,-17,-117
1747907244652.156,130829,1747907244633.469,-93,-13,-121
1747907244672.0,130838,1747907244653.375,-88,-17,-116
1747907244691.844,130851,1747907244673.219,-97,-25,-119
1747907244711.687,130865,1747907244693.063,-92,-9,-121
1747907244731.594,130885,1747907244712.9058,-85,-17,-119
1747907244751.375,130890,1747907244732.781,-80,-25,-117
1747907244771.25,130912,1747907244752.594,-92,-17,-118
1747907244791.125,130911,1747907244772.469,-85,-25,-120
1747907244810.969,130920,1747907244792.313,-85,-18,-125
1747907244830.812,130947,1747907244812.187,-100,-10,-114
1747907244850.656,130971,1747907244832.031,-97,-16,-114
1747907244870.531,130982,1747907244851.875,-97,-17,-116
1747907244890.406,131030,1747907244871.75,-90,-17,-121
1747907244910.25,131068,1747907244891.594,-98,-13,-120
1747907244930.125,131113,1747907244911.437,-76,-13,-117
1747907244949.969,131142,1747907244931.312,-85,-21,-122
1747907244969.875,131165,1747907244951.188,-100,-9,-121
1747907244989.687,131226,1747907244971.063,-97,-13,-119
1747907245009.594,131261,1747907244990.875,-88,-17,-117
1747907245029.438,131317,1747907245010.812,-84,-17,-121
1747907245049.2808,131356,1747907245030.625,-96,-17,-113
1747907245069.125,131403,1747907245050.5,-96,-25,-116
1747907245089.0,131434,1747907245070.344,-93,-2,-124
1747907245108.875,131498,1747907245090.219,-100,-17,-113
1747907245128.75,131515,1747907245110.063,-88,-17,-119
1747907245148.594,131530,1747907245129.938,-97,-17,-109
1747907245168.437,131508,1747907245149.812,-84,-17,-121
1747907245188.313,131471,1747907245169.656,-89,-9,-119
1747907245208.188,131442,1747907245189.531,-98,-17,-117
1747907245228.031,131396,1747907245209.375,-87,-18,-121
1747907245247.906,131368,1747907245229.25,-84,-17,-116
1747907245267.75,131352,1747907245249.094,-100,-17,-117
1747907245287.656,131343,1747907245268.969,-84,-25,-114
1747907245307.437,131332,1747907245288.875,-84,-17,-120
1747907245327.344,131350,1747907245308.656,-95,-17,-117
1747907245347.188,131349,1747907245328.5,-85,-17,-116
1747907245367.063,131367,1747907245348.406,-94,-17,-113
1747907245386.906,131385,1747907245368.25,-96,-20,-120
1747907245406.781,131404,1747907245388.125,-86,-18,-116
1747907245426.656,131411,1747907245407.969,-95,-25,-116
1747907245446.5,131432,1747907245427.844,-86,-17,-117
1747907245466.3442,131436,1747907245447.719,-84,-9,-114
1747907245486.219,131447,1747907245467.563,-97,-25,-124
1747907245506.094,131465,1747907245487.437,-84,-17,-116
1747907245525.938,131495,1747907245507.281,-88,-17,-122
1747907245545.781,131512,1747907245527.156,-95,-17,-112
1747907245565.656,131545,1747907245547.031,-92,-17,-116
1747907245585.531,131556,1747907245566.844,-97,-16,-113
1747907245605.406,131585,1747907245586.719,-93,-17,-119
1747907245625.25,131628,1747907245606.594,-93,-17,-121
1747907245645.125,131652,1747907245626.438,-96,-17,-116
1747907245665.0,131684,1747907245646.344,-89,-10,-125
1747907245684.875,131718,1747907245666.219,-96,-17,-112
1747907245704.719,131782,1747907245686.094,-90,-17,-116
1747907245724.5942,131810,1747907245705.938,-87,-17,-113
1747907245744.5,131839,1747907245725.813,-88,-17,-121
1747907245764.313,131893,1747907245745.719,-80,-18,-119
1747907245784.156,131944,1747907245765.531,-96,-17,-113
1747907245804.031,131994,1747907245785.375,-84,-17,-119
1747907245823.906,132029,1747907245805.25,-90,-8,-119
1747907245843.75,132043,1747907245825.125,-87,-17,-116
1747907245863.594,132043,1747907245844.969,-90,-17,-116
1747907245883.469,131995,1747907245864.813,-95,-25,-109
1747907245903.344,131970,1747907245884.688,-89,-17,-116
1747907245923.156,131927,1747907245904.562,-97,-10,-120
1747907245943.031,131919,1747907245924.406,-89,-17,-129
1747907245962.9058,131883,1747907245944.25,-87,-10,-123
1747907245982.781,131883,1747907245964.125,-93,-17,-121
1747907246002.594,131882,1747907245983.969,-88,-17,-124
1747907246022.469,131895,1747907246003.844,-93,-10,-119
1747907246042.281,131906,1747907246023.6868,-86,-9,-126
1747907246062.156,131930,1747907246043.5,-103,-17,-119
1747907246082.0,131962,1747907246063.375,-93,-10,-114
1747907246101.844,131982,1747907246083.188,-81,-17,-119
1747907246121.688,132013,1747907246103.062,-93,-18,-116
1747907246141.656,132027,1747907246122.906,-93,-9,-117
1747907246161.406,132030,1747907246142.719,-74,-23,-114
1747907246181.312,132054,1747907246162.625,-90,-18,-121
1747907246201.125,132077,1747907246182.5,-92,-17,-121
1747907246220.969,132103,1747907246202.281,-84,-17,-128
1747907246240.844,132141,1747907246222.156,-82,-25,-123
1747907246260.656,132156,1747907246242.031,-87,-17,-116
1747907246280.531,132188,1747907246261.875,-96,-9,-113
1747907246300.375,132221,1747907246281.75,-88,-17,-119
1747907246320.25,132257,1747907246301.594,-92,-17,-113
1747907246340.094,132298,1747907246321.469,-97,-17,-119
1747907246359.937,132336,1747907246341.281,-87,-17,-114
1747907246379.781,132385,1747907246361.156,-101,-17,-120
1747907246399.656,132410,1747907246381.031,-89,-17,-120
1747907246419.4692,132464,1747907246400.844,-95,-17,-116
1747907246439.344,132513,1747907246420.688,-104,-17,-119
1747907246459.187,132548,1747907246440.562,-97,-18,-116
1747907246479.094,132609,1747907246460.375,-96,-9,-121
1747907246498.906,132661,1747907246480.281,-80,-19,-120
1747907246518.75,132686,1747907246500.094,-85,-17,-119
1747907246538.625,132715,1747907246519.969,-100,-17,-114
1747907246558.469,132722,1747907246539.781,-87,-16,-112
1747907246578.281,132711,1747907246559.687,-97,-17,-116
1747907246598.125,132703,1747907246579.5,-80,-18,-120
1747907246618.0,132661,1747907246599.344,-93,-17,-114
1747907246637.844,132640,1747907246619.219,-87,-13,-121
1747907246657.688,132613,1747907246639.062,-85,-17,-121
1747907246677.563,132614,1747907246658.875,-93,-10,-120
1747907246697.406,132610,1747907246678.75,-93,-9,-116
1747907246717.25,132613,1747907246698.594,-87,-17,-121
1747907246737.062,132609,1747907246718.469,-93,-17,-121
1747907246756.906,132645,1747907246738.281,-84,-17,-114
1747907246776.781,132655,1747907246758.094,-96,-17,-116
1747907246796.625,132681,1747907246777.938,-84,-10,-111
1747907246816.437,132697,1747907246797.844,-81,-17,-121
1747907246836.281,132726,1747907246817.687,-88,-17,-125
1747907246856.188,132736,1747907246837.5,-85,-17,-118
1747907246876.031,132753,1747907246857.375,-93,-17,-118
1747907246895.844,132762,1747907246877.25,-85,-10,-113
1747907246915.75,132774,1747907246897.094,-86,-17,-116
1747907246935.563,132791,1747907246916.937,-89,-17,-119
1747907246955.438,132828,1747907246936.781,-89,-17,-114
1747907246975.25,132854,1747907246956.625,-94,-17,-117
1747907246995.094,132890,1747907246976.5,-84,-4,-121
1747907247014.969,132911,1747907246996.312,-100,-17,-119
1747907247034.844,132944,1747907247016.187,-97,-13,-119
1747907247054.688,132997,1747907247036.031,-89,-17,-116
1747907247074.531,133028,1747907247055.875,-101,-9,-118
1747907247094.375,133087,1747907247075.75,-84,-17,-112
1747907247114.25,133123,1747907247095.594,-97,-17,-120
1747907247134.094,133171,1747907247115.406,-89,-16,-120
1747907247153.969,133220,1747907247135.344,-90,-17,-121
1747907247173.781,133258,1747907247155.125,-96,-25,-114
1747907247193.625,133300,1747907247175.0,-85,-17,-121
1747907247213.5,133345,1747907247194.844,-82,-9,-121
1747907247233.344,133378,1747907247214.688,-96,-16,-125
1747907247253.187,133365,1747907247234.5632,-89,-17,-116
1747907247273.031,133332,1747907247254.406,-89,-17,-119
1747907247292.906,133319,1747907247274.25,-88,-17,-106
1747907247312.75,133290,1747907247294.094,-88,-9,-125
1747907247332.594,133257,1747907247313.938,-95,-17,-125
1747907247352.469,133231,1747907247333.906,-84,-17,-114
1747907247372.344,133235,1747907247353.687,-90,-10,-114
1747907247392.156,133248,1747907247373.531,-88,-17,-113
1747907247412.031,133262,1747907247393.406,-100,-17,-114
1747907247432.0,133288,1747907247413.219,-87,-17,-116
1747907247451.75,133317,1747907247433.187,-93,-9,-119
1747907247471.594,133348,1747907247452.969,-89,-17,-116
1747907247491.406,133383,1747907247472.781,-89,-13,-119
1747907247511.281,133411,1747907247492.656,-101,-20,-115
1747907247531.156,133436,1747907247512.469,-90,-9,-116
1747907247550.969,133449,1747907247532.344,-81,-17,-122
1747907247570.844,133460,1747907247552.187,-87,-29,-122
1747907247590.688,133497,1747907247572.063,-97,-17,-116
1747907247610.531,133515,1747907247591.906,-89,-18,-121
1747907247630.375,133554,1747907247611.719,-88,-17,-120
1747907247650.219,133577,1747907247631.625,-84,-17,-119
1747907247670.094,133591,1747907247651.437,-84,-17,-119
1747907247689.937,133628,1747907247671.344,-85,-17,-122
1747907247709.781,133670,1747907247691.156,-95,-17,-116
1747907247729.625,133719,1747907247710.969,-96,-17,-121
1747907247749.469,133757,1747907247730.844,-89,-17,-118
1747907247769.437,133785,1747907247750.688,-85,-17,-113
1747907247789.156,133818,1747907247770.656,-88,-17,-121
1747907247809.031,133852,1747907247790.344,-82,-19,-121
1747907247828.875,133915,1747907247810.25,-89,-13,-116
1747907247848.75,133974,1747907247830.062,-113,-17,-121
1747907247868.562,134015,1747907247849.938,-85,-17,-121
1747907247888.437,134056,1747907247869.781,-73,-17,-120
1747907247908.281,134102,1747907247889.625,-100,-25,-128
1747907247928.125,134131,1747907247909.469,-98,-17,-121
1747907247947.969,134123,1747907247929.344,-89,-17,-113
1747907247967.812,134117,1747907247949.188,-95,-17,-112
1747907247987.687,134092,1747907247969.0,-95,-9,-121
1747907248007.5,134051,1747907247988.875,-88,-17,-118
1747907248027.344,134059,1747907248008.719,-87,-17,-114
1747907248047.219,134049,1747907248028.594,-97,-17,-113
1747907248067.031,134036,1747907248048.406,-84,-17,-121
1747907248086.906,134057,1747907248068.281,-97,-9,-114
1747907248106.844,134074,1747907248088.094,-84,-9,-120
1747907248126.563,134109,1747907248108.094,-101,-9,-122
1747907248146.406,134133,1747907248127.781,-87,-15,-121
1747907248166.281,134171,1747907248147.625,-89,-17,-114
1747907248186.125,134211,1747907248167.531,-89,-25,-117
1747907248205.969,134229,1747907248187.344,-89,-9,-121
1747907248225.813,134258,1747907248207.187,-87,-18,-113
1747907248245.687,134285,1747907248227.031,-88,-16,-123
1747907248265.531,134300,1747907248246.875,-87,-9,-125
1747907248285.375,134314,1747907248266.75,-89,-10,-124
1747907248305.219,134327,1747907248286.562,-89,-17,-112
1747907248325.094,134372,1747907248306.438,-89,-17,-121
1747907248344.937,134395,1747907248326.313,-88,-17,-121
1747907248364.781,134441,1747907248346.25,-90,-10,-117
1747907248384.656,134464,1747907248366.0,-85,-10,-120
1747907248404.5,134509,1747907248385.875,-92,-17,-116
1747907248424.375,134542,1747907248405.688,-87,-17,-114
1747907248444.313,134597,1747907248425.594,-81,-10,-119
1747907248464.063,134643,1747907248445.5,-91,-9,-119
1747907248483.938,134677,1747907248465.281,-100,-15,-119
1747907248503.812,134731,1747907248485.125,-95,-13,-116
1747907248523.594,134769,1747907248505.031,-97,-17,-116
1747907248543.469,134820,1747907248524.812,-89,-17,-125
1747907248563.313,134874,1747907248544.687,-92,-25,-117
1747907248583.188,134908,1747907248564.5,-82,-16,-117
1747907248603.031,134932,1747907248584.406,-88,-9,-121
1747907248622.875,134939,1747907248604.25,-96,-17,-118
1747907248642.75,134914,1747907248624.094,-84,-17,-125
1747907248662.594,134900,1747907248643.969,-100,-17,-118
1747907248682.437,134881,1747907248663.8132,-85,-18,-116
1747907248702.281,134859,1747907248683.656,-96,-17,-113
1747907248722.156,134862,1747907248703.5,-85,-17,-116
1747907248742.031,134864,1747907248723.375,-89,-17,-112
1747907248761.875,134886,1747907248743.25,-81,-17,-113
1747907248781.75,134893,1747907248763.063,-85,-17,-120
1747907248801.594,134913,1747907248782.938,-86,-17,-120
1747907248821.469,134928,1747907248802.781,-87,-17,-119
1747907248841.313,134954,1747907248822.687,-88,-10,-116
1747907248861.156,134960,1747907248842.5,-87,-17,-113
1747907248881.031,134987,1747907248862.344,-89,-17,-117
1747907248900.875,135002,1747907248882.219,-96,-9,-119
1747907248920.688,135020,1747907248902.094,-95,-15,-125
1747907248940.562,135037,1747907248921.906,-93,-10,-121
1747907248960.406,135058,1747907248941.781,-100,-10,-112
1747907248980.25,135085,1747907248961.594,-81,-20,-133
1747907249000.094,135098,1747907248981.469,-84,-17,-116
1747907249019.938,135127,1747907249001.344,-96,-17,-116
1747907249039.812,135152,1747907249021.125,-87,-17,-119
1747907249059.687,135179,1747907249041.0308,-97,-17,-121
1747907249079.5,135223,1747907249060.906,-95,-17,-121
1747907249099.375,135263,1747907249080.719,-78,-18,-116
1747907249119.25,135306,1747907249100.594,-84,-9,-114
1747907249139.125,135341,1747907249120.438,-93,-17,-116
1747907249158.937,135394,1747907249140.312,-98,-19,-121
1747907249178.781,135439,1747907249160.156,-88,-9,-125
1747907249198.625,135462,1747907249180.0,-73,-10,-118
1747907249218.5,135518,1747907249199.844,-84,-10,-114
1747907249238.344,135554,1747907249219.719,-87,-17,-118
1747907249258.219,135567,1747907249239.594,-98,-4,-123
1747907249278.094,135573,1747907249259.406,-97,-9,-121
1747907249297.969,135554,1747907249279.281,-94,-9,-117
1747907249317.781,135533,1747907249299.156,-89,-25,-96
1747907249337.656,135510,1747907249319.0,-92,-10,-119
1747907249357.5,135494,1747907249338.875,-92,-17,-121
1747907249377.375,135488,1747907249358.687,-100,-9,-125
1747907249397.187,135484,1747907249378.563,-84,-17,-118
1747907249417.062,135479,1747907249398.438,-84,-17,-114
1747907249436.938,135495,1747907249418.281,-97,-17,-117
1747907249456.813,135538,1747907249438.156,-93,-17,-119
1747907249476.625,135547,1747907249458.0,-89,-17,-113
1747907249496.469,135567,1747907249477.844,-96,-9,-125
1747907249516.375,135604,1747907249497.687,-92,-13,-116
1747907249536.219,135637,1747907249517.562,-93,-17,-122
1747907249556.062,135650,1747907249537.438,-84,-18,-122
1747907249575.906,135674,1747907249557.281,-84,-18,-114
1747907249595.781,135696,1747907249577.125,-90,-9,-117
1747907249615.719,135720,1747907249597.031,-93,-17,-124
1747907249635.5,135743,1747907249616.906,-88,-17,-124
1747907249655.344,135755,1747907249636.719,-93,-8,-120
1747907249675.219,135780,1747907249656.563,-91,-17,-116
1747907249695.094,135816,1747907249676.406,-93,-19,-124
1747907249714.938,135836,1747907249696.312,-89,-10,-110
1747907249734.781,135870,1747907249716.156,-89,-17,-117
1747907249754.656,135906,1747907249735.969,-89,-17,-112
1747907249774.531,135938,1747907249756.0,-96,-17,-114
1747907249794.344,135984,1747907249775.75,-89,-17,-121
1747907249814.219,135999,1747907249795.563,-93,-17,-114
1747907249834.094,136045,1747907249815.406,-97,-17,-120
1747907249854.063,136094,1747907249835.312,-89,-17,-113
1747907249873.781,136132,1747907249855.281,-101,-17,-122
1747907249893.625,136165,1747907249875.0,-84,-16,-122
1747907249913.531,136170,1747907249894.844,-97,-17,-116
1747907249933.375,136173,1747907249914.719,-97,-17,-120
1747907249953.219,136164,1747907249934.594,-89,-9,-119
1747907249973.094,136230,1747907249954.437,-100,-17,-116
1747907249992.937,136267,1747907249974.281,-97,-29,-112
1747907250012.781,136306,1747907249994.125,-86,-17,-119
1747907250032.625,136339,1747907250014.031,-85,-17,-114
1747907250052.469,136358,1747907250033.844,-96,-17,-128
1747907250072.313,136381,1747907250053.688,-85,-18,-119
1747907250092.156,136374,1747907250073.531,-88,-12,-121
1747907250112.0,136395,1747907250093.437,-100,-17,-116
1747907250131.844,136432,1747907250113.25,-95,-17,-116
1747907250151.719,136449,1747907250133.0618,-96,-17,-116
1747907250171.594,136475,1747907250152.938,-96,-18,-121
1747907250191.5,136490,1747907250172.781,-86,-17,-121
1747907250211.281,136509,1747907250192.719,-95,-10,-126
1747907250231.125,136509,1747907250212.5,-90,-19,-119
1747907250251.0,136501,1747907250232.344,-95,-10,-116
1747907250270.812,136516,1747907250252.25,-81,-18,-121
1747907250290.656,136523,1747907250272.031,-93,-13,-121
1747907250310.5,136528,1747907250291.844,-89,-13,-121
1747907250330.375,136558,1747907250311.75,-88,-29,-118
1747907250350.25,136564,1747907250331.563,-96,-17,-121
1747907250370.062,136595,1747907250351.438,-84,-13,-121
1747907250389.937,136632,1747907250371.25,-84,-17,-112
1747907250409.781,136646,1747907250391.156,-85,-10,-121
1747907250429.656,136685,1747907250411.0,-93,-18,-122
1747907250449.469,136715,1747907250430.875,-88,-10,-117
1747907250469.344,136762,1747907250450.656,-94,-9,-116
1747907250489.219,136797,1747907250470.562,-96,-17,-117
1747907250509.063,136801,1747907250490.437,-77,-17,-116
1747907250528.937,136817,1747907250510.281,-94,-18,-117
1747907250548.75,136816,1747907250530.156,-104,-17,-116
1747907250568.625,136781,1747907250549.937,-84,-17,-123
1747907250588.5,136763,1747907250569.812,-81,-17,-117
1747907250608.313,136725,1747907250589.719,-80,-17,-124
1747907250628.219,136708,1747907250609.531,-94,-9,-116
1747907250648.094,136673,1747907250629.406,-95,-10,-114
1747907250667.938,136665,1747907250649.281,-93,-16,-119
1747907250687.781,136669,1747907250669.156,-93,-17,-121
1747907250707.625,136691,1747907250688.969,-93,-17,-121
1747907250727.5,136709,1747907250708.813,-87,-21,-129
1747907250747.375,136702,1747907250728.719,-95,-17,-116
1747907250767.156,136732,1747907250748.562,-85,-9,-116
1747907250787.031,136743,1747907250768.344,-87,-21,-120
1747907250806.906,136763,1747907250788.25,-97,-9,-125
1747907250826.75,136775,1747907250808.094,-93,-17,-121
1747907250846.594,136800,1747907250828.0,-92,-17,-114
1747907250866.438,136817,1747907250847.812,-98,-17,-113
1747907250886.312,136825,1747907250867.656,-88,-17,-124
1747907250906.187,136836,1747907250887.469,-85,-17,-120
1747907250926.0,136881,1747907250907.344,-88,-17,-116
1747907250945.844,136890,1747907250927.219,-81,-17,-120
1747907250965.719,136924,1747907250947.063,-87,-18,-113
1747907250985.562,136944,1747907250966.938,-84,-17,-125
1747907251005.375,136981,1747907250986.7808,-97,-1,-124
1747907251025.281,137014,1747907251006.594,-87,-17,-116
1747907251045.125,137042,1747907251026.531,-96,-10,-117
1747907251065.0,137089,1747907251046.344,-97,-17,-113
1747907251084.844,137117,1747907251066.188,-88,-17,-124
1747907251104.688,137144,1747907251086.062,-88,-10,-114
1747907251124.563,137168,1747907251105.875,-84,-17,-127
1747907251144.406,137203,1747907251125.75,-96,-17,-125
1747907251164.25,137193,1747907251145.625,-98,-9,-118
1747907251184.125,137165,1747907251165.437,-93,-17,-124
1747907251204.0,137165,1747907251185.344,-84,-17,-113
1747907251223.875,137134,1747907251205.219,-82,-17,-116
1747907251243.687,137131,1747907251225.063,-97,-17,-116
1747907251263.562,137111,1747907251244.906,-97,-9,-114
1747907251283.438,137108,1747907251264.781,-88,-17,-113
1747907251303.313,137118,1747907251284.656,-93,-18,-113
1747907251323.156,137116,1747907251304.531,-93,-17,-122
1747907251343.031,137126,1747907251324.344,-72,-17,-112
1747907251362.906,137151,1747907251344.25,-85,-9,-121
1747907251382.781,137154,1747907251364.125,-101,-17,-116
1747907251402.625,137177,1747907251383.969,-84,-16,-121
1747907251422.5,137189,1747907251403.813,-93,-17,-121
1747907251442.344,137208,1747907251423.687,-89,-17,-122
1747907251462.219,137229,1747907251443.562,-89,-17,-112
1747907251482.062,137241,1747907251463.438,-84,-17,-120
1747907251501.937,137252,1747907251483.281,-100,-10,-121
1747907251521.781,137299,1747907251503.187,-96,-17,-116
1747907251541.656,137313,1747907251522.969,-93,-17,-116
1747907251561.5,137341,1747907251542.875,-97,-17,-114
1747907251581.375,137382,1747907251562.719,-85,-9,-121
1747907251601.25,137412,1747907251582.594,-100,-17,-116
1747907251621.094,137453,1747907251602.469,-89,-17,-120
1747907251640.969,137491,1747907251622.313,-88,-19,-114
1747907251660.812,137529,1747907251642.156,-82,-17,-119
1747907251680.687,137575,1747907251662.031,-61,-17,-121
1747907251700.531,137615,1747907251681.906,-97,-9,-119
1747907251720.406,137655,1747907251701.781,-88,-10,-119
1747907251740.281,137709,1747907251721.594,-104,-1,-125
1747907251760.125,137744,1747907251741.5,-86,-17,-113
1747907251779.969,137747,1747907251761.344,-93,-17,-114
1747907251799.844,137753,1747907251781.219,-95,-25,-129
1747907251819.75,137732,1747907251801.063,-87,-17,-116
1747907251839.562,137722,1747907251820.906,-97,-27,-115
1747907251859.406,137709,1747907251840.75,-88,-17,-127
1747907251879.281,137692,1747907251860.625,-84,-17,-118
1747907251899.125,137693,1747907251880.469,-97,-17,-116
1747907251919.031,137702,1747907251900.344,-98,-17,-118
1747907251938.875,137693,1747907251920.25,-94,-17,-117
1747907251958.719,137729,1747907251940.062,-84,-17,-114
1747907251978.625,137747,1747907251959.938,-92,-17,-114
1747907251998.469,137757,1747907251979.813,-97,-17,-114
1747907252018.312,137768,1747907251999.656,-98,-17,-116
1747907252038.188,137771,1747907252019.531,-82,-10,-121
1747907252058.094,137769,1747907252039.375,-95,-9,-119
1747907252077.906,137786,1747907252059.281,-96,-25,-117
1747907252097.75,137788,1747907252079.125,-84,-17,-113
1747907252117.656,137797,1747907252098.969,-93,-17,-121
1747907252137.531,137802,1747907252118.875,-90,-29,-125
1747907252157.406,137813,1747907252138.719,-84,-25,-113
1747907252177.25,137821,1747907252158.625,-97,-17,-121
1747907252197.125,137848,1747907252178.469,-97,-17,-125
1747907252217.0,137862,1747907252198.312,-84,-18,-121
1747907252236.875,137888,1747907252218.25,-89,-17,-113
1747907252256.719,137911,1747907252238.063,-97,-17,-116
1747907252276.594,137940,1747907252257.906,-87,-13,-121
1747907252296.438,137973,1747907252277.781,-98,-9,-118
1747907252316.312,138007,1747907252297.625,-77,-13,-119
1747907252336.156,138040,1747907252317.531,-89,-17,-119
1747907252356.063,138087,1747907252337.375,-90,-17,-121
1747907252375.906,138117,1747907252357.219,-87,-17,-121
1747907252395.75,138119,1747907252377.125,-93,-17,-116
1747907252415.594,138112,1747907252396.969,-66,-17,-119
1747907252435.469,138092,1747907252416.812,-92,-17,-119
1747907252455.313,138059,1747907252436.687,-95,-17,-116
1747907252475.219,138028,1747907252456.563,-105,-17,-114
1747907252495.031,137988,1747907252476.438,-97,-9,-116
1747907252514.906,137978,1747907252496.25,-84,-17,-114
1747907252534.781,137973,1747907252516.094,-97,-21,-109
1747907252554.656,137952,1747907252536.031,-97,-17,-120
1747907252574.5,137966,1747907252555.875,-85,-17,-113
1747907252594.375,137961,1747907252575.7192,-90,-17,-117
1747907252614.25,137958,1747907252595.594,-89,-9,-119
1747907252634.094,137969,1747907252615.469,-97,-17,-127
1747907252653.969,137972,1747907252635.313,-96,-17,-127
1747907252673.844,137961,1747907252655.156,-89,-17,-117
1747907252693.719,137990,1747907252675.031,-87,-17,-121
1747907252713.563,138007,1747907252694.937,-97,-18,-114
1747907252733.562,138010,1747907252714.813,-100,-17,-118
1747907252753.312,138030,1747907252734.75,-93,-10,-119
1747907252773.1882,138051,1747907252754.531,-89,-25,-121
1747907252793.031,138076,1747907252774.406,-85,-17,-117
1747907252812.875,138077,1747907252794.25,-105,-17,-117
1747907252832.75,138110,1747907252814.094,-88,-13,-113
1747907252852.656,138130,1747907252833.9692,-97,-18,-120
1747907252872.438,138153,1747907252853.812,-94,-33,-121
1747907252892.281,138191,1747907252873.656,-99,-17,-113
1747907252912.125,138203,1747907252893.469,-82,-17,-118
1747907252932.0,138249,1747907252913.344,-88,-17,-125
1747907252951.844,138283,1747907252933.219,-84,-17,-116
1747907252971.688,138309,1747907252953.094,-85,-17,-116
1747907252991.531,138339,1747907252972.906,-95,-17,-117
1747907253011.406,138362,1747907252992.75,-89,-17,-120
1747907253031.25,138363,1747907253012.625,-89,-17,-116
1747907253051.063,138362,1747907253032.437,-83,-18,-119
1747907253070.938,138351,1747907253052.281,-84,-17,-121
1747907253090.781,138333,1747907253072.156,-92,-17,-117
1747907253110.625,138302,1747907253092.0,-88,-17,-122
1747907253130.469,138282,1747907253111.875,-84,-17,-119
1747907253150.313,138281,1747907253131.687,-97,-18,-121
1747907253170.187,138256,1747907253151.531,-89,-17,-117
1747907253190.0,138249,1747907253171.375,-93,-17,-116
1747907253209.844,138260,1747907253191.219,-88,-25,-120
1747907253229.688,138267,1747907253211.062,-100,-9,-113
1747907253249.531,138284,1747907253230.875,-89,-13,-121
1747907253269.406,138291,1747907253250.719,-97,-13,-112
1747907253289.219,138289,1747907253270.594,-88,-17,-113
1747907253309.062,138300,1747907253290.437,-97,-17,-114
1747907253328.938,138311,1747907253310.344,-92,-9,-121
1747907253348.781,138336,1747907253330.156,-97,-9,-113
1747907253368.625,138335,1747907253350.031,-87,-10,-122
1747907253388.469,138344,1747907253369.844,-97,-17,-120
1747907253408.438,138364,1747907253389.687,-88,-17,-121
1747907253428.188,138377,1747907253409.656,-91,-17,-116
1747907253448.0,138387,1747907253429.375,-84,-16,-117
1747907253467.875,138405,1747907253449.219,-89,-17,-121
1747907253487.719,138438,1747907253469.094,-109,-17,-124
1747907253507.594,138456,1747907253488.937,-82,-9,-128
1747907253527.438,138476,1747907253508.781,-92,-9,-122
1747907253547.281,138500,1747907253528.656,-97,-25,-121
1747907253567.156,138537,1747907253548.5,-85,-18,-121
1747907253586.969,138564,1747907253568.3442,-81,-17,-113
1747907253606.813,138618,1747907253588.187,-86,-9,-112
1747907253626.688,138642,1747907253608.063,-100,-17,-112
1747907253646.531,138661,1747907253627.875,-82,-13,-114
1747907253666.406,138690,1747907253647.812,-93,-17,-113
1747907253686.25,138721,1747907253667.625,-87,-17,-121
1747907253706.125,138721,1747907253687.469,-87,-13,-121
1747907253725.969,138699,1747907253707.313,-88,-17,-116
1747907253745.875,138688,1747907253727.188,-93,-17,-113
1747907253765.656,138662,1747907253747.094,-92,-9,-117
1747907253785.531,138660,1747907253766.875,-90,-17,-124
1747907253805.406,138639,1747907253786.719,-85,-17,-118
1747907253825.25,138619,1747907253806.625,-100,-18,-119
1747907253845.125,138620,1747907253826.437,-87,-13,-121
1747907253864.969,138614,1747907253846.344,-89,-10,-121
1747907253884.813,138614,1747907253866.156,-96,-29,-114
1747907253904.687,138621,1747907253886.031,-96,-9,-121
1747907253924.531,138618,1747907253905.906,-87,-17,-121
1747907253944.375,138636,1747907253925.75,-88,-22,-129
1747907253964.281,138648,1747907253945.594,-93,-17,-115
1747907253984.125,138659,1747907253965.5,-102,-17,-127
1747907254003.937,138676,1747907253985.313,-97,-17,-116
1747907254023.844,138684,1747907254005.187,-104,-20,-117
1747907254043.656,138682,1747907254025.031,-92,-17,-117
1747907254063.531,138706,1747907254044.938,-85,-17,-114
1747907254083.406,138716,1747907254064.781,-97,-17,-113
1747907254103.25,138731,1747907254084.625,-89,-17,-114
1747907254123.125,138756,1747907254104.437,-96,-17,-122
1747907254143.062,138755,1747907254124.344,-97,-17,-114
1747907254162.844,138777,1747907254144.25,-96,-9,-114
1747907254182.719,138811,1747907254164.062,-84,-17,-120
1747907254202.594,138850,1747907254183.937,-90,-17,-122
1747907254222.469,138857,1747907254203.813,-93,-17,-120
1747907254242.344,138890,1747907254223.719,-96,-17,-122
1747907254262.219,138909,1747907254243.531,-89,-17,-121
1747907254282.094,138923,1747907254263.406,-89,-14,-125
1747907254301.969,138954,1747907254283.281,-85,-9,-126
1747907254321.781,138975,1747907254303.156,-109,-17,-116
1747907254341.687,139009,1747907254323.0,-96,-17,-104
1747907254361.563,139037,1747907254342.875,-87,-9,-117
1747907254381.406,139051,1747907254362.75,-97,-8,-116
1747907254401.25,139044,1747907254382.688,-95,-17,-121
1747907254421.125,139024,1747907254402.469,-96,-17,-120
1747907254440.969,139006,1747907254422.344,-85,-17,-123
1747907254460.875,138985,1747907254442.187,-96,-17,-118
1747907254480.75,138952,1747907254462.063,-89,-17,-119
1747907254500.562,138952,1747907254481.9692,-87,-17,-117
1747907254520.469,138949,1747907254501.75,-84,-20,-124
1747907254540.344,138970,1747907254521.687,-85,-17,-121
1747907254560.156,139015,1747907254541.531,-63,-21,-121
1747907254580.031,139048,1747907254561.375,-95,-18,-109
1747907254599.906,139089,1747907254581.25,-96,-17,-115
1747907254619.781,139143,1747907254601.094,-97,-10,-119
1747907254639.625,139155,1747907254621.0,-84,-17,-116
1747907254659.5,139204,1747907254640.8132,-85,-17,-125
1747907254679.375,139226,1747907254660.719,-88,-25,-104
1747907254699.219,139260,1747907254680.656,-98,-17,-114
1747907254719.094,139305,1747907254700.438,-87,-13,-114
1747907254738.969,139329,1747907254720.313,-88,-18,-115
1747907254758.844,139364,1747907254740.187,-96,-10,-118
1747907254778.688,139385,1747907254760.031,-87,-17,-122
1747907254798.531,139437,1747907254779.938,-93,-17,-116
1747907254818.406,139481,1747907254799.75,-92,-17,-117
1747907254838.281,139536,1747907254819.625,-88,-17,-121
1747907254858.125,139583,1747907254839.531,-93,-17,-116
1747907254878.0,139621,1747907254859.344,-93,-5,-120
1747907254897.875,139662,1747907254879.188,-92,-13,-119
1747907254917.75,139709,1747907254899.094,-84,-23,-120
1747907254937.594,139771,1747907254918.969,-97,-9,-124
1747907254957.5,139842,1747907254938.812,-105,-18,-119
1747907254977.344,139879,1747907254958.688,-93,-17,-124
1747907254997.281,139940,1747907254978.563,-87,-9,-121
1747907255017.063,140001,1747907254998.437,-88,-33,-124
1747907255036.938,140049,1747907255018.281,-94,-9,-122
1747907255056.812,140078,1747907255038.156,-87,-10,-114
1747907255076.687,140107,1747907255058.0,-98,-18,-125
1747907255096.5,140126,1747907255077.906,-87,-17,-122
1747907255116.375,140134,1747907255097.75,-85,-10,-121
1747907255136.25,140132,1747907255117.563,-88,-13,-120
1747907255156.125,140122,1747907255137.438,-85,-13,-117
1747907255175.969,140140,1747907255157.344,-86,-9,-114
1747907255195.844,140128,1747907255177.25,-87,-17,-125
1747907255215.719,140135,1747907255197.094,-96,-9,-113
1747907255235.562,140165,1747907255216.938,-84,-17,-117
1747907255255.438,140180,1747907255236.7808,-86,-17,-120
1747907255275.344,140206,1747907255256.656,-87,-17,-113
1747907255295.156,140235,1747907255276.563,-85,-17,-120
1747907255315.031,140260,1747907255296.375,-88,-17,-120
1747907255335.0,140295,1747907255316.25,-97,-9,-117
1747907255354.75,140315,1747907255336.062,-87,-29,-125
1747907255374.625,140346,1747907255355.969,-96,-17,-121
1747907255394.5,140352,1747907255375.844,-83,-17,-121
1747907255414.344,140383,1747907255395.688,-98,-12,-124
1747907255434.188,140388,1747907255415.531,-89,-17,-120
1747907255454.063,140421,1747907255435.437,-84,-10,-118
1747907255473.937,140431,1747907255455.281,-89,-9,-112
1747907255493.781,140445,1747907255475.156,-88,-17,-112
1747907255513.625,140479,1747907255495.031,-97,-20,-110
1747907255533.5,140505,1747907255514.844,-89,-17,-119
1747907255553.375,140535,1747907255534.719,-97,-10,-116
1747907255573.219,140574,1747907255554.594,-87,-17,-113
1747907255593.094,140600,1747907255574.406,-97,-17,-122
1747907255612.969,140644,1747907255594.312,-89,-17,-118
1747907255632.812,140676,1747907255614.188,-96,-17,-114
1747907255652.687,140724,1747907255634.031,-85,-21,-119
1747907255672.563,140730,1747907255653.906,-82,-10,-119
1747907255692.406,140779,1747907255673.75,-76,-17,-121
1747907255712.281,140801,1747907255693.625,-97,-9,-114
1747907255732.219,140838,1747907255713.531,-98,-17,-116
1747907255752.0,140883,1747907255733.375,-96,-25,-119
1747907255771.875,140895,1747907255753.219,-96,-9,-116
1747907255791.719,140908,1747907255773.094,-93,-10,-116
1747907255811.594,140897,1747907255792.969,-85,-21,-129
1747907255831.469,140887,1747907255812.813,-87,-17,-115
1747907255851.3132,140855,1747907255832.687,-87,-17,-114
1747907255871.156,140830,1747907255852.531,-97,-17,-120
1747907255891.062,140820,1747907255872.406,-93,-17,-117
1747907255910.906,140823,1747907255892.25,-89,-17,-114
1747907255930.781,140819,1747907255912.125,-85,-18,-122
1747907255950.594,140815,1747907255931.969,-96,-17,-125
1747907255970.469,140804,1747907255951.813,-88,-17,-120
1747907255990.375,140814,1747907255971.688,-82,-9,-123
1747907256010.219,140806,1747907255991.562,-96,-10,-114
1747907256030.063,140801,1747907256011.437,-80,-17,-125
1747907256050.031,140798,1747907256031.281,-85,-10,-123
1747907256069.906,140815,1747907256051.25,-91,-25,-119
1747907256089.656,140816,1747907256071.0,-89,-28,-119
1747907256109.531,140817,1747907256090.875,-89,-17,-121
1747907256129.375,140834,1747907256110.719,-97,-25,-122
1747907256149.25,140845,1747907256130.594,-93,-11,-132
1747907256169.094,140854,1747907256150.438,-84,-17,-120
1747907256188.906,140862,1747907256170.312,-84,-17,-121
1747907256208.781,140885,1747907256190.125,-97,-17,-114
1747907256228.656,140895,1747907256209.969,-81,-13,-117
1747907256248.5,140927,1747907256229.875,-89,-17,-119
1747907256268.344,140946,1747907256249.719,-84,-17,-116
1747907256288.219,140957,1747907256269.562,-88,-17,-113
1747907256308.031,140982,1747907256289.406,-100,-17,-113
1747907256327.906,141029,1747907256309.25,-93,-17,-109
1747907256347.719,141029,1747907256329.125,-97,-18,-113
1747907256367.594,141057,1747907256348.937,-96,-17,-121
1747907256387.438,141081,1747907256368.812,-96,-15,-120
1747907256407.344,141102,1747907256388.656,-84,-17,-120
1747907256427.125,141121,1747907256408.5,-96,-23,-116
1747907256446.969,141152,1747907256428.375,-93,-17,-120
1747907256466.844,141191,1747907256448.219,-97,-10,-119
1747907256486.688,141221,1747907256468.031,-92,-16,-125
1747907256506.531,141236,1747907256487.906,-89,-9,-115
1747907256526.375,141214,1747907256507.781,-88,-17,-117
1747907256546.25,141210,1747907256527.594,-97,-17,-100
1747907256566.094,141177,1747907256547.469,-87,-18,-121
1747907256585.938,141165,1747907256567.313,-97,-17,-118
1747907256605.781,141150,1747907256587.156,-87,-13,-117
1747907256625.625,141129,1747907256607.0,-97,-9,-124
1747907256645.469,141115,1747907256626.875,-88,-18,-120
1747907256665.344,141108,1747907256646.687,-109,-17,-117
1747907256685.156,141108,1747907256666.563,-97,-9,-121
1747907256705.031,141116,1747907256686.375,-83,-17,-117
1747907256724.875,141124,1747907256706.25,-97,-20,-117
1747907256744.781,141135,1747907256726.094,-87,-17,-118
1747907256764.594,141142,1747907256745.969,-80,-23,-120
1747907256784.437,141159,1747907256765.781,-98,-9,-116
1747907256804.281,141157,1747907256785.656,-89,-9,-113
1747907256824.156,141174,1747907256805.469,-94,-8,-121
1747907256843.969,141175,1747907256825.344,-89,-17,-112
1747907256863.812,141186,1747907256845.188,-98,-17,-121
1747907256883.656,141218,1747907256865.031,-87,-17,-112
1747907256903.531,141227,1747907256884.844,-88,-9,-121
1747907256923.344,141241,1747907256904.719,-95,-9,-121
1747907256943.188,141269,1747907256924.531,-95,-9,-121
1747907256963.062,141288,1747907256944.406,-84,-17,-116
1747907256982.906,141303,1747907256964.281,-93,-17,-121
1747907257002.75,141320,1747907256984.094,-96,-10,-116
1747907257022.594,141344,1747907257003.969,-85,-17,-114
1747907257042.469,141374,1747907257023.813,-90,-25,-118
1747907257062.344,141400,1747907257043.688,-89,-20,-116
1747907257082.219,141424,1747907257063.562,-98,-10,-114
1747907257102.031,141451,1747907257083.406,-95,-29,-121
1747907257121.906,141477,1747907257103.219,-100,-17,-116
1747907257141.75,141490,1747907257123.094,-87,-17,-122
1747907257161.562,141526,1747907257142.938,-88,-8,-119
1747907257181.438,141551,1747907257162.781,-84,-10,-116
1747907257201.281,141561,1747907257182.656,-84,-17,-117
1747907257221.1558,141574,1747907257202.5,-96,-10,-104
1747907257240.969,141558,1747907257222.375,-81,-17,-121
1747907257260.844,141524,1747907257242.188,-93,-4,-121
1747907257280.688,141487,1747907257262.156,-88,-10,-125
1747907257300.563,141449,1747907257281.875,-89,-13,-119
1747907257320.375,141435,1747907257301.75,-97,-9,-117
1747907257340.25,141422,1747907257321.594,-100,-17,-121
1747907257360.094,141417,1747907257341.469,-87,-17,-119
1747907257379.938,141416,1747907257361.312,-103,-9,-119
1747907257399.75,141412,1747907257381.156,-84,-19,-121
1747907257419.656,141397,1747907257401.0,-89,-17,-124
1747907257439.469,141392,1747907257420.844,-96,-25,-120
1747907257459.313,141400,1747907257440.656,-90,-13,-121
1747907257479.156,141405,1747907257460.531,-89,-17,-113
1747907257499.0,141411,1747907257480.375,-93,-12,-128
1747907257518.844,141406,1747907257500.1882,-89,-10,-120
1747907257538.687,141403,1747907257520.062,-85,-13,-125
1747907257558.563,141411,1747907257539.906,-96,-17,-114
1747907257578.406,141432,1747907257559.781,-84,-17,-121
1747907257598.219,141425,1747907257579.625,-82,-10,-123
1747907257618.094,141434,1747907257599.438,-95,-10,-114
1747907257637.969,141444,1747907257619.312,-99,-17,-118
1747907257657.75,141457,1747907257639.125,-89,-13,-116
1747907257677.625,141455,1747907257658.969,-96,-10,-122
1747907257697.469,141462,1747907257678.813,-89,-9,-124
1747907257717.312,141481,1747907257698.688,-89,-12,-117
1747907257737.125,141506,1747907257718.5,-97,-17,-123
1747907257757.094,141536,1747907257738.344,-90,-17,-116
1747907257776.813,141581,1747907257758.188,-81,-20,-116
1747907257796.781,141584,1747907257778.031,-87,-9,-121
1747907257816.5,141599,1747907257797.969,-92,-13,-122
1747907257836.344,141606,1747907257817.687,-85,-21,-104
1747907257856.219,141633,1747907257837.594,-95,-17,-121
1747907257876.062,141656,1747907257857.406,-85,-25,-121
1747907257895.906,141668,1747907257877.281,-87,-17,-135
1747907257915.75,141690,1747907257897.125,-89,-17,-121
1747907257935.656,141664,1747907257917.0,-87,-17,-116
1747907257955.469,141646,1747907257936.844,-90,-17,-116
1747907257975.312,141605,1747907257956.688,-84,-9,-118
1747907257995.156,141590,1747907257976.531,-95,-9,-121
1747907258015.031,141566,1747907257996.344,-88,-17,-119
1747907258034.906,141536,1747907258016.25,-89,-17,-121
1747907258054.719,141510,1747907258036.094,-96,-17,-116
1747907258074.594,141500,1747907258055.969,-86,-18,-114
1747907258094.531,141500,1747907258075.781,-88,-17,-116
1747907258114.313,141499,1747907258095.625,-82,-32,-120
1747907258134.125,141507,1747907258115.5,-88,-17,-113
1747907258154.031,141524,1747907258135.344,-89,-17,-117
1747907258173.875,141505,1747907258155.188,-84,-8,-120
1747907258193.719,141502,1747907258175.062,-84,-9,-132
1747907258213.563,141469,1747907258194.906,-89,-9,-123
1747907258233.437,141461,1747907258214.813,-88,-17,-112
1747907258253.312,141455,1747907258234.625,-84,-9,-114
1747907258273.156,141448,1747907258254.5,-84,-17,-116
1747907258293.0,141448,1747907258274.5,-93,-18,-114
1747907258312.844,141455,1747907258294.219,-87,-17,-116
1747907258332.687,141480,1747907258314.063,-88,-17,-120
1747907258352.562,141472,1747907258333.906,-105,-17,-125
1747907258372.406,141504,1747907258353.781,-88,-18,-119
1747907258392.25,141524,1747907258373.625,-90,-18,-121
1747907258412.125,141552,1747907258393.469,-100,-23,-113
1747907258432.0,141593,1747907258413.344,-96,-17,-113
1747907258451.813,141597,1747907258433.187,-93,-25,-116
1747907258471.656,141633,1747907258453.031,-100,-9,-123
1747907258491.531,141638,1747907258472.875,-89,-10,-122
1747907258511.375,141653,1747907258492.719,-103,-16,-125
1747907258531.25,141674,1747907258512.594,-88,-17,-116
1747907258551.063,141681,1747907258532.5,-84,-17,-115
1747907258570.938,141712,1747907258552.281,-98,-21,-112
1747907258590.781,141711,1747907258572.156,-88,-17,-119
1747907258610.656,141699,1747907258592.0,-100,-17,-113
1747907258630.469,141660,1747907258611.937,-85,-17,-113
1747907258650.344,141626,1747907258631.687,-93,-17,-121
1747907258670.187,141592,1747907258651.531,-82,-17,-121
1747907258690.031,141539,1747907258671.375,-97,-17,-116
1747907258710.0,141524,1747907258691.25,-89,-17,-122
1747907258729.688,141515,1747907258711.1868,-93,-17,-121
1747907258749.563,141502,1747907258730.906,-89,-19,-123
1747907258769.437,141495,1747907258750.781,-88,-17,-121
1747907258789.219,141487,1747907258770.594,-96,-25,-116
1747907258809.094,141472,1747907258790.437,-93,-10,-121
1747907258828.906,141489,1747907258810.281,-88,-17,-122
1747907258848.781,141491,1747907258830.094,-84,-12,-122
1747907258868.594,141484,1747907258850.0,-88,-17,-119
1747907258888.469,141484,1747907258869.813,-88,-17,-124
1747907258908.313,141493,1747907258889.656,-89,-9,-112
1747907258928.156,141485,1747907258909.531,-104,-10,-116
1747907258948.0,141482,1747907258929.375,-89,-17,-117
1747907258967.844,141487,1747907258949.219,-101,-17,-121
1747907258987.719,141486,1747907258969.031,-85,-9,-122
1747907259007.531,141485,1747907258988.937,-97,-18,-113
1747907259027.375,141499,1747907259008.75,-88,-17,-120
1747907259047.219,141514,1747907259028.594,-89,-9,-124
1747907259067.094,141522,1747907259048.438,-98,-17,-114
1747907259086.937,141518,1747907259068.312,-86,-20,-119
1747907259106.844,141533,1747907259088.156,-90,-17,-119
1747907259126.625,141560,1747907259108.0,-80,-28,-124
1747907259146.4692,141577,1747907259127.844,-97,-10,-119
1747907259166.344,141594,1747907259147.656,-89,-13,-118
1747907259186.156,141601,1747907259167.5,-95,-8,-113
1747907259206.0,141610,1747907259187.375,-97,-9,-125
1747907259225.844,141586,1747907259207.219,-85,-9,-117
1747907259245.687,141570,1747907259227.063,-97,-17,-121
1747907259265.562,141523,1747907259246.938,-90,-17,-121
1747907259285.406,141465,1747907259266.781,-85,-13,-117
1747907259305.219,141423,1747907259286.594,-91,-17,-115
1747907259325.094,141358,1747907259306.469,-88,-17,-116
1747907259344.937,141305,1747907259326.281,-84,-17,-114
1747907259364.781,141282,1747907259346.1558,-100,-17,-113
1747907259384.625,141249,1747907259365.969,-84,-13,-121
1747907259404.469,141239,1747907259385.844,-82,-17,-121
1747907259424.312,141226,1747907259405.688,-95,-10,-122
1747907259444.156,141225,1747907259425.531,-98,-9,-110
1747907259464.0,141225,1747907259445.344,-83,-34,-120
1747907259483.844,141223,1747907259465.187,-87,-13,-116
1747907259503.688,141231,1747907259485.031,-89,-9,-121
1747907259523.531,141231,1747907259504.906,-104,-25,-113
1747907259543.375,141232,1747907259524.781,-87,-17,-113
1747907259563.219,141211,1747907259544.625,-85,-25,-121
1747907259583.094,141203,1747907259564.437,-92,-17,-128
1747907259602.906,141193,1747907259584.313,-96,-17,-116
1747907259622.75,141179,1747907259604.156,-89,-10,-120
1747907259642.625,141164,1747907259623.969,-95,-10,-117
1747907259662.5,141157,1747907259643.844,-93,-17,-115
1747907259682.313,141142,1747907259663.687,-97,-13,-114
1747907259702.187,141124,1747907259683.563,-90,-10,-113
1747907259722.031,141136,1747907259703.406,-89,-10,-120
1747907259741.875,141123,1747907259723.25,-88,-12,-114
1747907259761.719,141127,1747907259743.094,-98,-17,-116
1747907259781.563,141139,1747907259762.938,-95,-17,-117
1747907259801.437,141149,1747907259782.781,-89,-4,-116
1747907259821.281,141143,1747907259802.656,-98,-17,-118
1747907259841.125,141145,1747907259822.5,-90,-17,-123
1747907259860.969,141121,1747907259842.312,-89,-17,-104
1747907259880.812,141071,1747907259862.219,-89,-17,-106
1747907259900.687,141009,1747907259882.031,-104,-10,-113
1747907259920.563,140928,1747907259901.844,-84,-13,-121
1747907259940.375,140886,1747907259921.781,-87,-12,-117
1747907259960.219,140808,1747907259941.531,-89,-17,-122
1747907259980.094,140765,1747907259961.438,-89,-17,-119
1747907259999.937,140725,1747907259981.25,-93,-17,-114
1747907260019.75,140690,1747907260001.156,-88,-17,-122
1747907260039.625,140645,1747907260020.937,-87,-17,-123
1747907260059.469,140638,1747907260040.844,-97,-17,-116
1747907260079.344,140617,1747907260060.688,-81,-29,-121
1747907260099.156,140593,1747907260080.5308,-87,-17,-113
1747907260119.0,140578,1747907260100.375,-87,-17,-113
1747907260138.875,140568,1747907260120.219,-87,-27,-112
1747907260158.719,140535,1747907260140.094,-96,-10,-121
1747907260178.531,140524,1747907260159.938,-96,-17,-121
1747907260198.406,140516,1747907260179.75,-89,-17,-106
1747907260218.25,140498,1747907260199.594,-86,-17,-119
1747907260238.094,140480,1747907260219.469,-89,-17,-114
1747907260257.937,140479,1747907260239.281,-97,-17,-125
1747907260277.781,140450,1747907260259.156,-89,-9,-116
1747907260297.656,140452,1747907260279.0,-86,-17,-118
1747907260317.531,140451,1747907260298.875,-92,-17,-114
1747907260337.344,140458,1747907260318.75,-89,-17,-112
1747907260357.219,140470,1747907260338.563,-97,-17,-113
1747907260377.063,140471,1747907260358.375,-89,-17,-125
1747907260396.906,140501,1747907260378.281,-93,-10,-120
1747907260416.75,140515,1747907260398.125,-80,-10,-118
1747907260436.594,140500,1747907260417.969,-93,-17,-119
1747907260456.469,140500,1747907260437.813,-89,-17,-123
1747907260476.344,140479,1747907260457.687,-91,-20,-123
1747907260496.156,140483,1747907260477.531,-87,-10,-119
1747907260516.031,140491,1747907260497.375,-100,-17,-115
1747907260535.875,140512,1747907260517.219,-82,-25,-96
1747907260555.719,140517,1747907260537.125,-93,-17,-113
1747907260575.531,140520,1747907260556.937,-83,-26,-121
1747907260595.406,140496,1747907260576.813,-89,-18,-121
1747907260615.25,140478,1747907260596.594,-89,-17,-116
1747907260635.156,140454,1747907260616.469,-101,-17,-118
1747907260654.938,140421,1747907260636.375,-90,-9,-117
1747907260674.781,140390,1747907260656.187,-88,-17,-118
1747907260694.656,140355,1747907260676.031,-88,-10,-116
1747907260714.5,140309,1747907260695.844,-92,-13,-119
1747907260734.375,140287,1747907260715.656,-90,-13,-108
1747907260754.156,140271,1747907260735.625,-90,-17,-119
1747907260774.031,140267,1747907260755.375,-97,-17,-119
1747907260793.875,140256,1747907260775.25,-89,-20,-122
1747907260813.719,140269,1747907260795.125,-101,-10,-118
1747907260833.563,140254,1747907260814.937,-84,-17,-116
1747907260853.406,140276,1747907260834.781,-94,-17,-114
1747907260873.281,140258,1747907260854.625,-87,-21,-101
1747907260893.125,140239,1747907260874.469,-93,-17,-117
1747907260912.937,140217,1747907260894.344,-89,-10,-118
1747907260932.781,140211,1747907260914.125,-95,-9,-128
1747907260952.625,140192,1747907260934.0,-86,-9,-112
1747907260972.469,140187,1747907260953.844,-89,-17,-121
1747907260992.281,140166,1747907260973.781,-95,-17,-114
1747907261012.156,140166,1747907260993.469,-93,-17,-116
1747907261032.031,140159,1747907261013.375,-88,-17,-114
1747907261051.938,140184,1747907261033.187,-95,-19,-116
1747907261071.687,140177,1747907261053.156,-91,-9,-114
1747907261091.531,140201,1747907261072.906,-73,-17,-117
1747907261111.406,140195,1747907261092.75,-93,-17,-119
1747907261131.25,140225,1747907261112.594,-89,-18,-113
1747907261151.063,140249,1747907261132.437,-96,-16,-121
1747907261170.906,140251,1747907261152.281,-88,-17,-121
1747907261190.75,140255,1747907261172.125,-100,-17,-124
1747907261210.594,140218,1747907261191.937,-95,-14,-137
1747907261230.469,140186,1747907261211.844,-84,-17,-112
1747907261250.281,140128,1747907261231.688,-100,-9,-113
1747907261270.156,140074,1747907261251.5,-100,-9,-119
1747907261290.0,140025,1747907261271.375,-97,-17,-114
1747907261309.844,139967,1747907261291.219,-97,-9,-124
1747907261329.656,139934,1747907261311.031,-87,-13,-126
1747907261349.5,139906,1747907261330.875,-100,-9,-114
1747907261369.375,139876,1747907261350.75,-88,-17,-118
1747907261389.219,139854,1747907261370.563,-95,-16,-119
1747907261409.031,139849,1747907261390.469,-96,-10,-116
1747907261428.875,139824,1747907261410.25,-104,-17,-114
1747907261448.75,139840,1747907261430.063,-90,-13,-118
1747907261468.687,139813,1747907261449.969,-89,-18,-116
1747907261488.406,139809,1747907261469.812,-104,-33,-121
1747907261508.281,139795,1747907261489.594,-87,-17,-121
1747907261528.125,139776,1747907261509.5,-88,-17,-113
1747907261547.969,139762,1747907261529.313,-89,-17,-120
1747907261567.812,139750,1747907261549.188,-89,-10,-118
1747907261587.625,139762,1747907261569.0,-90,-25,-121
1747907261607.5,139747,1747907261588.906,-100,-17,-119
1747907261627.344,139756,1747907261608.719,-96,-17,-113
1747907261647.156,139768,1747907261628.563,-101,-9,-121
1747907261667.031,139767,1747907261648.406,-85,-18,-117
1747907261686.969,139756,1747907261668.219,-96,-9,-116
1747907261706.719,139761,1747907261688.188,-93,-17,-121
1747907261726.562,139767,1747907261707.938,-103,-21,-116
1747907261746.406,139763,1747907261727.75,-100,-9,-114
1747907261766.219,139777,1747907261747.563,-96,-21,-123
1747907261786.094,139773,1747907261767.406,-87,-9,-116
1747907261805.906,139780,1747907261787.281,-97,-17,-116
1747907261825.75,139764,1747907261807.156,-97,-16,-113
1747907261845.594,139731,1747907261826.938,-90,-13,-119
1747907261865.437,139684,1747907261846.844,-80,-18,-119
1747907261885.313,139621,1747907261866.656,-88,-17,-116
1747907261905.156,139552,1747907261886.5,-89,-17,-120
1747907261925.0,139491,1747907261906.344,-87,-4,-124
1747907261944.906,139430,1747907261926.188,-98,-17,-119
1747907261964.75,139379,1747907261946.094,-92,-17,-112
1747907261984.5632,139327,1747907261965.969,-96,-17,-119
1747907262004.437,139294,1747907261985.781,-97,-17,-120
1747907262024.406,139273,1747907262005.656,-97,-17,-112
1747907262044.156,139266,1747907262025.625,-93,-17,-118
1747907262063.969,139234,1747907262045.375,-89,-17,-121
1747907262083.844,139228,1747907262065.219,-89,-18,-116
1747907262103.687,139223,1747907262085.031,-96,-17,-112
1747907262123.531,139204,1747907262104.875,-84,-17,-120
1747907262143.344,139198,1747907262124.75,-87,-17,-115
1747907262163.188,139199,1747907262144.531,-89,-8,-124
1747907262183.031,139169,1747907262164.406,-92,-17,-121
1747907262202.906,139108,1747907262184.25,-89,-17,-120
1747907262222.719,139072,1747907262204.063,-89,-17,-113
1747907262242.563,139053,1747907262223.969,-97,-17,-120
1747907262262.438,139043,1747907262243.781,-89,-17,-113
1747907262282.281,139026,1747907262263.656,-96,-17,-114
1747907262302.094,139032,1747907262283.469,-93,-17,-114
1747907262321.937,139017,1747907262303.313,-88,-10,-117
1747907262341.813,139034,1747907262323.156,-93,-17,-121
1747907262361.656,139030,1747907262343.031,-97,-25,-121
1747907262381.5,139031,1747907262362.875,-90,-18,-113
1747907262401.406,139036,1747907262382.719,-88,-20,-121
1747907262421.281,139035,1747907262402.625,-87,-17,-120
1747907262441.094,139034,1747907262422.437,-80,-25,-114
1747907262460.938,139052,1747907262442.313,-88,-9,-119
1747907262480.781,139009,1747907262462.156,-90,-17,-118
1747907262500.625,138960,1747907262482.031,-100,-16,-125
1747907262520.5,138891,1747907262501.812,-89,-9,-114
1747907262540.344,138818,1747907262521.719,-93,-17,-111
1747907262560.187,138755,1747907262541.531,-87,-13,-111
1747907262580.062,138653,1747907262561.375,-97,-17,-112
1747907262599.875,138592,1747907262581.281,-98,-17,-116
1747907262619.75,138539,1747907262601.094,-101,-17,-113
1747907262639.594,138511,1747907262620.969,-96,-17,-114
1747907262659.406,138473,1747907262640.75,-89,-17,-115
1747907262679.281,138454,1747907262660.594,-104,-17,-121
1747907262699.125,138425,1747907262680.469,-90,-17,-114
1747907262718.9382,138409,1747907262700.344,-104,-13,-115
1747907262738.781,138379,1747907262720.156,-84,-18,-121
1747907262758.719,138345,1747907262740.0,-93,-9,-121
1747907262778.5,138313,1747907262759.844,-88,-25,-116
1747907262798.313,138313,1747907262779.719,-96,-10,-120
1747907262818.188,138295,1747907262799.531,-88,-17,-117
1747907262838.0,138294,1747907262819.375,-103,-16,-120
1747907262857.875,138287,1747907262839.219,-89,-17,-114
1747907262877.687,138284,1747907262859.094,-98,-17,-116
1747907262897.531,138280,1747907262878.906,-88,-17,-129
1747907262917.406,138255,1747907262898.719,-93,-9,-116
1747907262937.281,138258,1747907262918.594,-96,-17,-113
1747907262957.062,138267,1747907262938.469,-96,-17,-117
1747907262976.938,138289,1747907262958.312,-84,-17,-114
1747907262996.75,138298,1747907262978.125,-93,-17,-116
1747907263016.594,138312,1747907262997.969,-85,-25,-109
1747907263036.469,138310,1747907263017.813,-100,-17,-116
1747907263056.25,138299,1747907263037.719,-93,-17,-113
1747907263076.125,138279,1747907263057.469,-93,-17,-116
1747907263095.969,138260,1747907263077.312,-87,-17,-113
1747907263115.813,138208,1747907263097.156,-97,-9,-114
1747907263135.656,138176,1747907263117.031,-86,-9,-120
1747907263155.469,138121,1747907263136.875,-103,-9,-112
1747907263175.344,138073,1747907263156.687,-101,-25,-106
1747907263195.188,138030,1747907263176.562,-88,-17,-114
1747907263215.0,137950,1747907263196.406,-97,-9,-122
1747907263234.844,137921,1747907263216.219,-89,-9,-128
1747907263254.687,137892,1747907263236.063,-97,-17,-113
1747907263274.531,137885,1747907263255.906,-90,-9,-127
1747907263294.375,137876,1747907263275.719,-90,-13,-113
1747907263314.219,137903,1747907263295.594,-97,-9,-118
1747907263334.125,137906,1747907263315.438,-98,-17,-113
1747907263353.937,137899,1747907263335.281,-87,-17,-121
1747907263373.75,137909,1747907263355.156,-88,-18,-116
1747907263393.594,137882,1747907263374.969,-73,-18,-118
1747907263413.469,137879,1747907263394.813,-89,-17,-113
1747907263433.312,137874,1747907263414.688,-96,-17,-111
1747907263453.156,137883,1747907263434.5,-96,-15,-109
1747907263473.0,137864,1747907263454.406,-100,-17,-112
1747907263492.844,137872,1747907263474.188,-89,-17,-112
1747907263512.687,137862,1747907263494.063,-97,-23,-129
1747907263532.562,137866,1747907263513.875,-97,-13,-113
1747907263552.344,137877,1747907263533.812,-97,-18,-115
1747907263572.219,137883,1747907263553.531,-89,-9,-120
1747907263592.094,137900,1747907263573.406,-87,-17,-121
1747907263611.906,137919,1747907263593.313,-97,-17,-112
1747907263631.75,137925,1747907263613.125,-88,-17,-113
1747907263651.594,137942,1747907263632.969,-90,-17,-114
1747907263671.438,137969,1747907263652.812,-97,-18,-111
1747907263691.312,137964,1747907263672.656,-85,-19,-119
1747907263711.125,137964,1747907263692.531,-100,-18,-114
1747907263730.969,137940,1747907263712.312,-82,-17,-113
1747907263750.844,137901,1747907263732.187,-82,-10,-119
1747907263770.688,137860,1747907263752.063,-84,-18,-121
1747907263790.531,137800,1747907263771.875,-84,-37,-121
1747907263810.406,137769,1747907263791.719,-97,-17,-108
1747907263830.219,137727,1747907263811.594,-104,-17,-116
1747907263850.094,137691,1747907263831.437,-104,-10,-121
1747907263869.937,137674,1747907263851.3132,-97,-17,-120
1747907263889.781,137656,1747907263871.125,-96,-17,-114
1747907263909.656,137655,1747907263891.0,-84,-17,-121
1747907263929.5,137647,1747907263910.844,-84,-9,-125
1747907263949.313,137652,1747907263930.687,-88,-17,-122
1747907263969.187,137648,1747907263950.531,-98,-17,-110
1747907263989.062,137658,1747907263970.375,-97,-17,-117
1747907264008.875,137647,1747907263990.281,-98,-17,-116
1747907264028.688,137631,1747907264010.062,-87,-17,-120
1747907264048.563,137636,1747907264029.938,-96,-10,-119
1747907264068.406,137638,1747907264049.75,-97,-17,-120
1747907264088.281,137639,1747907264069.594,-97,-10,-114
1747907264108.063,137660,1747907264089.5,-82,-9,-118
1747907264127.938,137674,1747907264109.312,-95,-25,-119
1747907264147.812,137692,1747907264129.156,-89,-9,-124
1747907264167.625,137692,1747907264149.0,-93,-8,-121
1747907264187.5,137685,1747907264168.844,-103,-17,-125
1747907264207.344,137698,1747907264188.719,-97,-17,-115
1747907264227.156,137714,1747907264208.563,-92,-24,-104
1747907264247.031,137747,1747907264228.438,-89,-17,-116
1747907264266.875,137796,1747907264248.25,-89,-17,-114
1747907264286.688,137809,1747907264268.094,-99,-17,-116
1747907264306.563,137825,1747907264287.906,-87,-9,-120
1747907264326.531,137833,1747907264307.813,-89,-10,-121
1747907264346.25,137797,1747907264327.75,-93,-17,-116
1747907264366.094,137768,1747907264347.469,-87,-23,-125
1747907264385.938,137733,1747907264367.344,-96,-17,-118
1747907264405.813,137673,1747907264387.156,-95,-17,-116
1747907264425.656,137653,1747907264407.031,-93,-17,-119
1747907264445.5,137612,1747907264426.875,-89,-10,-120
1747907264465.344,137585,1747907264446.687,-89,-29,-122
1747907264485.219,137571,1747907264466.531,-89,-17,-116
1747907264505.063,137558,1747907264486.406,-84,-17,-122
1747907264524.906,137560,1747907264506.281,-88,-10,-112
1747907264544.75,137568,1747907264526.094,-93,-17,-114
1747907264564.563,137560,1747907264545.969,-96,-9,-114
1747907264584.438,137572,1747907264565.875,-89,-17,-121
1747907264604.281,137574,1747907264585.6882,-89,-18,-120
1747907264624.125,137567,1747907264605.5,-87,-17,-104
1747907264644.0,137581,1747907264625.313,-89,-17,-119
1747907264663.844,137573,1747907264645.187,-89,-9,-120
1747907264683.656,137578,1747907264665.062,-97,-18,-116
1747907264703.531,137572,1747907264684.875,-97,-17,-116
1747907264723.375,137596,1747907264704.719,-89,-10,-119
1747907264743.187,137602,1747907264724.5942,-96,-21,-117
1747907264763.031,137595,1747907264744.406,-89,-10,-119
1747907264782.906,137611,1747907264764.281,-100,-17,-121
1747907264802.75,137634,1747907264784.094,-84,-16,-121
1747907264822.625,137661,1747907264803.938,-97,-9,-116
1747907264842.438,137685,1747907264823.812,-90,-12,-119
1747907264862.281,137699,1747907264843.656,-85,-17,-104
1747907264882.156,137720,1747907264863.5,-94,-9,-112
1747907264901.969,137742,1747907264883.344,-97,-17,-120
1747907264921.844,137772,1747907264903.188,-88,-17,-117
1747907264941.688,137798,1747907264923.031,-89,-17,-121
1747907264961.531,137805,1747907264942.875,-89,-17,-117
1747907264981.406,137813,1747907264962.75,-105,-17,-121
1747907265001.25,137807,1747907264982.625,-85,-17,-116
1747907265021.094,137794,1747907265002.437,-97,-17,-112
1747907265040.969,137750,1747907265022.281,-90,-17,-116
1747907265060.812,137698,1747907265042.156,-100,-9,-119
1747907265080.656,137655,1747907265062.0,-93,-13,-116
1747907265100.5,137632,1747907265081.875,-96,-17,-117
1747907265120.344,137595,1747907265101.719,-80,-17,-121
1747907265140.219,137605,1747907265121.562,-97,-16,-125
1747907265160.062,137603,1747907265141.406,-91,-17,-113
1747907265179.875,137602,1747907265161.281,-84,-8,-116
1747907265199.75,137619,1747907265181.094,-89,-17,-112
1747907265219.594,137639,1747907265200.937,-87,-17,-116
1747907265239.438,137622,1747907265220.813,-93,-17,-116
1747907265259.25,137647,1747907265240.781,-96,-17,-118
1747907265279.125,137664,1747907265260.469,-97,-17,-116
1747907265298.938,137664,1747907265280.312,-98,-17,-122
1747907265318.813,137675,1747907265300.156,-95,-17,-114
1747907265338.656,137674,1747907265320.031,-89,-17,-117
1747907265358.5,137688,1747907265339.844,-98,-9,-116
1747907265378.344,137689,1747907265359.688,-98,-12,-120
1747907265398.1882,137693,1747907265379.562,-89,-17,-116
1747907265418.031,137696,1747907265399.406,-88,-9,-108
1747907265437.906,137716,1747907265419.25,-99,-9,-121
1747907265457.75,137724,1747907265439.125,-97,-17,-123
1747907265477.594,137749,1747907265458.937,-101,-8,-127
1747907265497.438,137773,1747907265478.781,-97,-17,-121
1747907265517.25,137800,1747907265498.656,-84,-21,-121
1747907265537.125,137832,1747907265518.469,-89,-13,-113
1747907265557.0,137858,1747907265538.344,-98,-17,-113
1747907265576.813,137884,1747907265558.187,-85,-18,-121
1747907265596.656,137895,1747907265578.062,-89,-17,-117
1747907265616.531,137937,1747907265597.875,-100,-17,-114
1747907265636.375,137945,1747907265617.719,-89,-17,-121
1747907265656.25,137943,1747907265637.594,-103,-17,-113
1747907265676.063,137926,1747907265657.437,-88,-17,-116
1747907265695.906,137921,1747907265677.281,-96,-17,-118
1747907265715.781,137876,1747907265697.156,-87,-20,-122
1747907265735.687,137841,1747907265717.0,-95,-17,-113
1747907265755.438,137803,1747907265736.812,-76,-20,-115
1747907265775.281,137784,1747907265756.656,-101,-17,-116
1747907265795.125,137761,1747907265776.5,-88,-17,-120
1747907265815.0,137761,1747907265796.375,-93,-17,-114
1747907265834.844,137756,1747907265816.219,-88,-17,-121
1747907265854.656,137764,1747907265836.062,-97,-17,-114
1747907265874.531,137772,1747907265855.875,-89,-9,-129
1747907265894.406,137772,1747907265875.75,-88,-9,-118
1747907265914.25,137787,1747907265895.625,-93,-17,-120
1747907265934.062,137802,1747907265915.437,-93,-17,-121
1747907265953.906,137793,1747907265935.25,-87,-17,-116
1747907265973.781,137795,1747907265955.125,-92,-17,-121
1747907265993.594,137796,1747907265974.969,-97,-17,-121
1747907266013.469,137798,1747907265994.781,-87,-17,-120
1747907266033.313,137803,1747907266014.656,-93,-9,-121
1747907266053.188,137821,1747907266034.5,-90,-9,-113
1747907266073.0,137827,1747907266054.375,-87,-9,-121
1747907266092.844,137853,1747907266074.219,-85,-17,-112
1747907266112.719,137874,1747907266094.031,-96,-17,-113
1747907266132.594,137884,1747907266113.906,-95,-17,-120
1747907266152.406,137894,1747907266133.781,-93,-17,-124
1747907266172.25,137913,1747907266153.625,-88,-17,-114
1747907266192.094,137934,1747907266173.469,-95,-17,-114
1747907266211.969,137959,1747907266193.312,-85,-17,-121
1747907266231.781,137975,1747907266213.187,-93,-17,-116
1747907266251.688,138012,1747907266233.031,-89,-17,-112
1747907266271.5,138022,1747907266252.938,-94,-18,-119
1747907266291.344,138039,1747907266272.719,-93,-10,-117
1747907266311.188,138028,1747907266292.562,-89,-9,-118
1747907266331.031,138003,1747907266312.437,-100,-17,-114
1747907266350.906,137979,1747907266332.219,-96,-17,-116
1747907266370.75,137928,1747907266352.125,-95,-18,-121
1747907266390.594,137887,1747907266371.938,-89,-17,-114
1747907266410.438,137846,1747907266391.812,-100,-10,-111
1747907266430.281,137811,1747907266411.625,-90,-17,-124
1747907266450.125,137787,1747907266431.5,-89,-18,-119
1747907266470.0,137769,1747907266451.375,-96,-17,-114
1747907266489.813,137766,1747907266471.219,-86,-17,-104
1747907266509.688,137767,1747907266490.969,-87,-13,-116
1747907266529.531,137760,1747907266510.906,-88,-17,-114
1747907266549.375,137761,1747907266530.75,-89,-10,-121
1747907266569.219,137766,1747907266550.563,-89,-17,-119
1747907266589.125,137762,1747907266570.437,-84,-17,-122
1747907266608.938,137749,1747907266590.312,-89,-13,-115
1747907266628.812,137748,1747907266610.156,-89,-25,-116
1747907266648.625,137744,1747907266630.031,-97,-9,-114
1747907266668.469,137750,1747907266649.812,-86,-10,-118
1747907266688.313,137752,1747907266669.687,-93,-9,-116
1747907266708.188,137753,1747907266689.563,-87,-17,-116
1747907266728.0,137751,1747907266709.406,-98,-17,-121
1747907266747.875,137749,1747907266729.188,-97,-9,-113
1747907266767.75,137772,1747907266749.031,-89,-10,-118
1747907266787.594,137773,1747907266768.937,-95,-17,-119
1747907266807.437,137784,1747907266788.8132,-85,-9,-114
1747907266827.281,137815,1747907266808.625,-100,-17,-105
1747907266847.125,137820,1747907266828.5,-89,-9,-120
1747907266866.969,137836,1747907266848.312,-87,-17,-119
1747907266886.813,137872,1747907266868.156,-89,-25,-125
1747907266906.687,137869,1747907266888.031,-89,-17,-125
1747907266926.562,137908,1747907266907.875,-93,-10,-118
1747907266946.406,137928,1747907266927.781,-98,-17,-119
1747907266966.219,137937,1747907266947.594,-89,-10,-114
1747907266986.063,137911,1747907266967.438,-96,-25,-111
1747907267005.906,137872,1747907266987.25,-86,-17,-117
1747907267025.781,137825,1747907267007.094,-88,-13,-117
1747907267045.563,137790,1747907267027.0,-86,-17,-111
1747907267065.438,137744,1747907267046.781,-88,-9,-121
1747907267085.25,137694,1747907267066.656,-95,-9,-115
1747907267105.125,137658,1747907267086.5,-93,-9,-116
1747907267124.969,137618,1747907267106.313,-95,-17,-114
1747907267144.813,137599,1747907267126.219,-96,-18,-121
1747907267164.656,137580,1747907267146.0,-97,-21,-96
1747907267184.5,137571,1747907267165.813,-89,-21,-121
1747907267204.344,137559,1747907267185.688,-85,-13,-121
1747907267224.188,137551,1747907267205.5308,-96,-13,-128
1747907267244.031,137543,1747907267225.406,-96,-17,-120
1747907267263.875,137546,1747907267245.219,-95,-9,-115
1747907267283.75,137551,1747907267265.156,-101,-17,-116
1747907267303.562,137550,1747907267284.969,-82,-10,-116
1747907267323.438,137528,1747907267304.781,-89,-9,-125
1747907267343.281,137519,1747907267324.625,-88,-17,-119
1747907267363.125,137525,1747907267344.5,-97,-17,-114
1747907267382.937,137532,1747907267364.313,-81,-17,-104
1747907267402.812,137521,1747907267384.156,-98,-17,-113
1747907267422.656,137521,1747907267404.031,-87,-17,-119
1747907267442.531,137536,1747907267423.875,-103,-1,-116
1747907267462.375,137554,1747907267443.75,-86,-10,-114
1747907267482.187,137578,1747907267463.594,-104,-17,-114
1747907267502.063,137578,1747907267483.406,-89,-21,-110
1747907267521.906,137589,1747907267503.281,-87,-10,-121
1747907267541.75,137622,1747907267523.125,-93,-9,-112
1747907267561.625,137642,1747907267542.969,-95,-17,-124
1747907267581.469,137679,1747907267562.813,-90,-13,-114
1747907267601.3132,137702,1747907267582.719,-88,-17,-121
1747907267621.156,137729,1747907267602.562,-89,-9,-118
1747907267641.0,137726,1747907267622.375,-89,-17,-121
1747907267660.875,137746,1747907267642.25,-88,-10,-121
1747907267680.719,137727,1747907267662.062,-93,-17,-119
1747907267700.594,137702,1747907267681.937,-89,-18,-121
1747907267720.406,137658,1747907267701.813,-88,-17,-117
1747907267740.25,137603,1747907267721.625,-98,-9,-116
1747907267760.156,137573,1747907267741.469,-89,-17,-116
1747907267779.938,137523,1747907267761.344,-91,-4,-125
1747907267799.813,137488,1747907267781.156,-89,-21,-119
1747907267819.656,137477,1747907267801.0,-88,-17,-121
1747907267839.5,137462,1747907267820.875,-97,-25,-92
1747907267859.375,137427,1747907267840.719,-84,-17,-120
1747907267879.188,137426,1747907267860.562,-89,-17,-116
1747907267899.031,137426,1747907267880.375,-88,-10,-112
1747907267918.875,137430,1747907267900.25,-90,-17,-114
1747907267938.75,137419,1747907267920.094,-88,-17,-119
1747907267958.563,137425,1747907267940.0,-87,-10,-119
1747907267978.406,137419,1747907267959.781,-89,-17,-121
1747907267998.312,137413,1747907267979.625,-84,-9,-117
1747907268018.125,137403,1747907267999.469,-97,-17,-117
1747907268037.937,137408,1747907268019.344,-97,-9,-113
1747907268057.813,137400,1747907268039.156,-89,-18,-120
1747907268077.656,137400,1747907268059.0,-85,-17,-113
1747907268097.5,137405,1747907268078.844,-97,-17,-117
1747907268117.312,137406,1747907268098.719,-93,-16,-122
1747907268137.187,137432,1747907268118.531,-87,-17,-123
1747907268157.031,137454,1747907268138.406,-100,-17,-109
1747907268176.875,137463,1747907268158.219,-88,-20,-121
1747907268196.844,137469,1747907268178.125,-95,-17,-116
1747907268216.562,137489,1747907268197.906,-85,-24,-118
1747907268236.406,137513,1747907268217.75,-83,-9,-125
1747907268256.281,137518,1747907268237.594,-98,-10,-113
1747907268276.063,137551,1747907268257.5,-84,-10,-119
1747907268295.906,137566,1747907268277.313,-85,-17,-117
1747907268315.812,137578,1747907268297.125,-88,-17,-116
1747907268335.594,137590,1747907268317.031,-103,-17,-121
1747907268355.469,137577,1747907268336.781,-98,-17,-125
1747907268375.281,137576,1747907268356.688,-92,-9,-120
1747907268395.125,137580,1747907268376.5,-97,-17,-114
1747907268415.0,137532,1747907268396.344,-85,-10,-109
1747907268434.844,137502,1747907268416.219,-100,-17,-114
1747907268454.625,137459,1747907268436.031,-84,-25,-127
1747907268474.5,137409,1747907268455.844,-98,-17,-116
1747907268494.344,137360,1747907268475.719,-89,-17,-116
1747907268514.187,137353,1747907268495.531,-97,-17,-112
1747907268534.031,137335,1747907268515.375,-93,-10,-116
1747907268553.875,137322,1747907268535.25,-97,-13,-123
1747907268573.75,137303,1747907268555.188,-89,-17,-113
1747907268593.594,137315,1747907268574.938,-101,-17,-116
1747907268613.406,137319,1747907268594.812,-93,-9,-114
1747907268633.281,137315,1747907268614.594,-89,-17,-120
1747907268653.094,137299,1747907268634.469,-95,-9,-117
1747907268672.969,137302,1747907268654.281,-84,-24,-125
1747907268692.812,137300,1747907268674.156,-87,-20,-125
1747907268712.656,137292,1747907268694.0,-84,-10,-118
1747907268732.5,137274,1747907268713.844,-82,-18,-121
1747907268752.344,137271,1747907268733.687,-89,-17,-115
1747907268772.156,137268,1747907268753.563,-97,-10,-120
1747907268792.0,137261,1747907268773.375,-89,-8,-127
1747907268811.875,137274,1747907268793.219,-100,-9,-116
1747907268831.75,137285,1747907268813.094,-90,-9,-117
1747907268851.562,137288,1747907268832.969,-97,-17,-120
1747907268871.437,137293,1747907268852.813,-95,-17,-117
1747907268891.281,137319,1747907268872.656,-101,-18,-114
1747907268911.156,137329,1747907268892.469,-97,-13,-112
1747907268931.0,137344,1747907268912.312,-93,-9,-125
1747907268950.844,137365,1747907268932.25,-82,-17,-121
1747907268970.687,137392,1747907268952.031,-97,-17,-114
1747907268990.563,137398,1747907268971.937,-93,-17,-113
1747907269010.406,137416,1747907268991.781,-98,-9,-113
1747907269030.25,137436,1747907269011.625,-81,-23,-116
1747907269050.094,137457,1747907269031.4382,-93,-10,-112
1747907269069.937,137482,1747907269051.281,-80,-10,-116
1747907269089.813,137509,1747907269071.156,-98,-9,-116
1747907269109.625,137533,1747907269091.031,-84,-17,-121
1747907269129.469,137531,1747907269110.813,-97,-16,-121
1747907269149.312,137517,1747907269130.688,-90,-17,-116
1747907269169.156,137463,1747907269150.531,-93,-12,-119
1747907269189.0,137438,1747907269170.406,-97,-17,-112
1747907269208.844,137380,1747907269190.219,-85,-9,-116
1747907269228.687,137353,1747907269210.063,-95,-17,-121
1747907269248.562,137309,1747907269229.906,-90,-17,-121
1747907269268.375,137284,1747907269249.781,-89,-10,-118
1747907269288.188,137253,1747907269269.594,-100,-10,-119
1747907269308.063,137249,1747907269289.375,-96,-17,-125
1747907269327.906,137237,1747907269309.281,-88,-17,-119
1747907269347.719,137227,1747907269329.125,-84,-10,-112
1747907269367.594,137224,1747907269348.937,-89,-17,-118
1747907269387.563,137208,1747907269368.812,-88,-18,-117
1747907269407.281,137215,1747907269388.656,-96,-26,-106
1747907269427.125,137210,1747907269408.469,-89,-13,-121
1747907269446.969,137219,1747907269428.344,-84,-13,-121
1747907269466.813,137196,1747907269448.125,-88,-17,-109
1747907269486.656,137208,1747907269468.062,-88,-17,-124
1747907269506.5,137211,1747907269487.875,-93,-17,-118
1747907269526.344,137199,1747907269507.719,-89,-17,-125
1747907269546.187,137174,1747907269527.562,-88,-17,-116
1747907269566.094,137166,1747907269547.406,-98,-17,-114
1747907269585.875,137165,1747907269567.25,-88,-26,-121
1747907269605.719,137176,1747907269587.125,-87,-10,-116
1747907269625.531,137187,1747907269606.906,-84,-17,-116
1747907269645.406,137197,1747907269626.75,-100,-18,-113
1747907269665.281,137231,1747907269646.594,-89,-9,-120
1747907269685.063,137225,1747907269666.469,-89,-17,-113
1747907269704.906,137243,1747907269686.281,-82,-17,-114
1747907269724.75,137252,1747907269706.125,-89,-9,-116
1747907269744.625,137267,1747907269725.969,-93,-8,-120
1747907269764.531,137300,1747907269745.844,-86,-17,-113
1747907269784.312,137326,1747907269765.656,-93,-25,-112
1747907269804.156,137357,1747907269785.531,-90,-25,-106
1747907269824.031,137378,1747907269805.344,-96,-17,-115
1747907269843.844,137400,1747907269825.219,-88,-17,-121
1747907269863.688,137414,1747907269845.062,-97,-10,-120
1747907269883.531,137419,1747907269864.906,-88,-17,-122
1747907269903.406,137400,1747907269884.75,-97,-17,-116
1747907269923.25,137387,1747907269904.656,-85,-18,-110
1747907269943.094,137324,1747907269924.469,-85,-8,-119
1747907269962.969,137278,1747907269944.281,-101,-9,-116
1747907269982.812,137236,1747907269964.156,-92,-17,-116
1747907270002.687,137188,1747907269984.0,-97,-17,-120
1747907270022.5,137146,1747907270003.906,-88,-17,-120
1747907270042.375,137123,1747907270023.719,-92,-9,-119
1747907270062.25,137115,1747907270043.594,-84,-17,-120
1747907270082.094,137109,1747907270063.438,-89,-1,-118
1747907270101.938,137126,1747907270083.312,-95,-18,-116
1747907270121.813,137105,1747907270103.156,-97,-17,-124
1747907270141.687,137092,1747907270123.031,-84,-17,-110
1747907270161.531,137084,1747907270142.938,-85,-9,-121
1747907270181.375,137079,1747907270162.719,-85,-25,-121
1747907270201.25,137073,1747907270182.562,-89,-17,-117
1747907270221.094,137050,1747907270202.469,-100,-9,-117
1747907270240.969,137047,1747907270222.313,-89,-17,-117
1747907270260.781,137044,1747907270242.188,-88,-17,-114
1747907270280.625,137031,1747907270262.0,-97,-17,-119
1747907270300.469,137054,1747907270281.844,-89,-9,-114
1747907270320.312,137048,1747907270301.688,-92,-9,-112
1747907270340.187,137036,1747907270321.531,-93,-17,-109
1747907270359.969,137053,1747907270341.437,-95,-8,-116
1747907270379.844,137061,1747907270361.187,-85,-9,-115
1747907270399.688,137078,1747907270381.062,-87,-17,-116
1747907270419.5,137065,1747907270400.906,-97,-9,-116
1747907270439.375,137083,1747907270420.688,-96,-9,-118
1747907270459.219,137104,1747907270440.594,-97,-17,-113
1747907270479.063,137131,1747907270460.437,-96,-17,-98
1747907270498.875,137140,1747907270480.25,-85,-17,-121
1747907270518.719,137159,1747907270500.094,-90,-17,-113
1747907270538.562,137181,1747907270519.938,-89,-17,-128
1747907270558.438,137196,1747907270539.781,-97,-9,-116
1747907270578.25,137214,1747907270559.656,-95,-17,-123
1747907270598.094,137236,1747907270579.563,-90,-17,-121
1747907270617.969,137240,1747907270599.313,-93,-18,-122
1747907270637.844,137202,1747907270619.188,-100,-17,-118
1747907270657.625,137169,1747907270639.0,-87,-23,-121
1747907270677.5,137120,1747907270658.844,-87,-17,-119
1747907270697.313,137074,1747907270678.719,-81,-17,-117
1747907270717.187,137005,1747907270698.563,-93,-17,-113
1747907270737.031,136962,1747907270718.375,-87,-17,-116
1747907270756.844,136931,1747907270738.219,-105,-15,-123
1747907270776.719,136880,1747907270758.0618,-89,-18,-120
1747907270796.531,136872,1747907270777.906,-93,-17,-125
1747907270816.375,136887,1747907270797.75,-87,-12,-128
1747907270836.219,136856,1747907270817.594,-88,-9,-112
1747907270856.063,136846,1747907270837.375,-95,-13,-120
1747907270875.906,136828,1747907270857.281,-97,-13,-124
1747907270895.781,136819,1747907270877.125,-90,-17,-127
1747907270915.562,136817,1747907270897.0,-93,-17,-114
1747907270935.469,136804,1747907270916.781,-88,-17,-116
1747907270955.313,136789,1747907270936.656,-93,-17,-116
1747907270975.156,136781,1747907270956.531,-84,-10,-120
1747907270995.0,136761,1747907270976.375,-97,-19,-119
1747907271014.844,136763,1747907270996.188,-86,-13,-121
1747907271034.688,136755,1747907271016.031,-97,-25,-120
1747907271054.531,136732,1747907271035.875,-97,-17,-116
1747907271074.469,136756,1747907271055.75,-96,-10,-119
1747907271094.219,136739,1747907271075.563,-86,-33,-112
1747907271114.094,136740,1747907271095.406,-88,-17,-119
1747907271133.969,136752,1747907271115.312,-87,-17,-120
1747907271153.781,136753,1747907271135.156,-97,-17,-125
1747907271173.656,136772,1747907271154.969,-98,-17,-121
1747907271193.469,136777,1747907271174.844,-89,-9,-118
1747907271213.344,136791,1747907271194.687,-84,-13,-114
1747907271233.188,136793,1747907271214.594,-100,-17,-112
1747907271253.031,136823,1747907271234.406,-87,-17,-116
1747907271272.875,136839,1747907271254.188,-92,-9,-121
1747907271292.813,136856,1747907271274.094,-100,-17,-117
1747907271312.563,136859,1747907271293.969,-96,-17,-119
1747907271332.406,136875,1747907271313.781,-98,-15,-116
1747907271352.281,136834,1747907271333.625,-97,-9,-116
1747907271372.094,136781,1747907271353.5,-89,-9,-113
1747907271391.937,136722,1747907271373.312,-92,-17,-113
1747907271411.781,136656,1747907271393.187,-90,-17,-113
1747907271431.6558,136580,1747907271413.0,-86,-25,-120
1747907271451.5,136514,1747907271432.844,-85,-10,-117
1747907271471.344,136467,1747907271452.719,-97,-8,-120
1747907271491.188,136417,1747907271472.562,-89,-17,-112
1747907271511.031,136378,1747907271492.375,-97,-9,-114
1747907271530.875,136358,1747907271512.25,-96,-4,-104
1747907271550.719,136314,1747907271532.156,-92,-10,-116
1747907271570.5618,136309,1747907271551.938,-89,-17,-117
1747907271590.406,136285,1747907271571.781,-87,-17,-117
1747907271610.281,136286,1747907271591.625,-97,-17,-112
1747907271630.219,136256,1747907271611.469,-84,-17,-125
1747907271649.969,136226,1747907271631.406,-90,-25,-125
1747907271669.844,136189,1747907271651.156,-96,-19,-121
1747907271689.719,136183,1747907271671.031,-93,-17,-119
1747907271709.531,136155,1747907271690.938,-97,-18,-116
1747907271729.375,136137,1747907271710.75,-88,-17,-114
1747907271749.25,136145,1747907271730.594,-93,-17,-125
1747907271769.094,136127,1747907271750.406,-88,-29,-118
1747907271788.938,136112,1747907271770.312,-92,-17,-113
1747907271808.781,136103,1747907271790.125,-97,-17,-124
1747907271828.625,136112,1747907271809.938,-89,-17,-120
1747907271848.5,136101,1747907271829.844,-82,-18,-121
1747907271868.344,136102,1747907271849.719,-98,-18,-111
1747907271888.156,136113,1747907271869.594,-89,-17,-117
1747907271908.031,136120,1747907271889.375,-87,-9,-114
1747907271927.875,136137,1747907271909.25,-100,-9,-114
1747907271947.75,136135,1747907271929.094,-97,-10,-121
1747907271967.656,136151,1747907271948.937,-92,-13,-121
1747907271987.406,136171,1747907271968.875,-100,-9,-115
1747907272007.281,136176,1747907271988.625,-95,-13,-121
1747907272027.156,136195,1747907272008.469,-84,-17,-119
1747907272046.969,136203,1747907272028.375,-97,-20,-111
1747907272066.844,136191,1747907272048.156,-85,-17,-119
1747907272086.812,136153,1747907272068.063,-85,-17,-121
1747907272106.562,136094,1747907272087.9058,-94,-33,-121
1747907272126.406,136031,1747907272107.781,-84,-17,-120
1747907272146.25,135955,1747907272127.625,-87,-17,-128
1747907272166.156,135885,1747907272147.469,-92,-9,-125
1747907272186.031,135827,1747907272167.375,-88,-17,-116
1747907272205.844,135766,1747907272187.25,-84,-17,-113
1747907272225.75,135724,1747907272207.094,-90,-17,-118
1747907272245.594,135688,1747907272226.938,-85,-17,-117
1747907272265.469,135650,1747907272246.813,-88,-17,-116
1747907272285.312,135615,1747907272266.687,-98,-17,-116
1747907272305.188,135604,1747907272286.531,-86,-10,-110
1747907272325.063,135569,1747907272306.375,-93,-9,-122
1747907272344.906,135554,1747907272326.25,-89,-13,-113
1747907272364.781,135541,1747907272346.125,-85,-9,-116
1747907272384.594,135488,1747907272366.0,-84,-17,-113
1747907272404.5,135476,1747907272385.812,-88,-18,-124
1747907272424.344,135454,1747907272405.719,-84,-17,-114
1747907272444.187,135428,1747907272425.563,-89,-8,-110
1747907272464.063,135413,1747907272445.406,-89,-18,-119
1747907272483.938,135406,1747907272465.281,-88,-17,-114
1747907272503.781,135375,1747907272485.156,-100,-25,-98
1747907272523.625,135365,1747907272505.031,-95,-17,-121
1747907272543.469,135356,1747907272524.844,-89,-17,-116
1747907272563.344,135367,1747907272544.687,-97,-9,-121
1747907272583.219,135344,1747907272564.563,-88,-9,-122
1747907272603.062,135369,1747907272584.406,-92,-17,-114
1747907272622.875,135383,1747907272604.281,-98,-17,-114
1747907272642.75,135383,1747907272624.094,-87,-17,-118
1747907272662.594,135383,1747907272643.969,-97,-18,-109
1747907272682.437,135390,1747907272663.781,-92,-17,-119
1747907272702.281,135378,1747907272683.625,-89,-17,-119
1747907272722.125,135396,1747907272703.562,-84,-17,-116
1747907272742.0,135402,1747907272723.312,-93,-17,-113
1747907272761.937,135428,1747907272743.187,-88,-25,-116
1747907272781.656,135445,1747907272763.031,-73,-28,-116
1747907272801.5,135445,1747907272782.875,-87,-9,-121
1747907272821.375,135451,1747907272802.7192,-96,-10,-114
1747907272841.188,135391,1747907272822.562,-85,-25,-104
1747907272861.063,135348,1747907272842.438,-89,-13,-112
1747907272880.906,135240,1747907272862.281,-97,-9,-116
1747907272900.75,135152,1747907272882.125,-88,-17,-121
1747907272920.594,135078,1747907272901.969,-85,-25,-114
1747907272940.5,135001,1747907272921.812,-90,-17,-119
1747907272960.312,134940,1747907272941.688,-90,-17,-113
1747907272980.156,134890,1747907272961.469,-87,-25,-117
1747907273000.0,134836,1747907272981.375,-103,-17,-119
1747907273019.844,134814,1747907273001.219,-88,-17,-120
1747907273039.688,134783,1747907273021.063,-88,-17,-124
1747907273059.562,134752,1747907273040.906,-93,-17,-121
1747907273079.406,134722,1747907273060.75,-89,-17,-117
1747907273099.375,134701,1747907273080.625,-88,-17,-114
1747907273119.094,134671,1747907273100.469,-77,-20,-121
1747907273138.969,134644,1747907273120.313,-84,-17,-123
1747907273158.812,134621,1747907273140.156,-84,-17,-125
1747907273178.656,134598,1747907273160.031,-97,-17,-107
1747907273198.531,134562,1747907273179.875,-88,-10,-123
1747907273218.344,134531,1747907273199.719,-97,-17,-114
1747907273238.219,134527,1747907273219.594,-93,-17,-125
1747907273258.0618,134503,1747907273239.438,-88,-10,-122
1747907273277.969,134491,1747907273259.281,-89,-12,-123
1747907273297.781,134486,1747907273279.187,-98,-10,-119
1747907273317.625,134493,1747907273299.0,-97,-17,-113
1747907273337.437,134503,1747907273318.813,-96,-9,-114
1747907273357.312,134485,1747907273338.656,-88,-10,-116
1747907273377.156,134496,1747907273358.531,-96,-17,-113
1747907273397.031,134499,1747907273378.375,-92,-17,-116
1747907273416.844,134518,1747907273398.219,-89,-17,-116
1747907273436.812,134521,1747907273418.094,-86,-17,-113
1747907273456.563,134537,1747907273437.906,-81,-24,-121
1747907273476.406,134541,1747907273457.781,-90,-10,-118
1747907273496.219,134561,1747907273477.625,-87,-17,-116
1747907273516.094,134572,1747907273497.438,-100,-17,-100
1747907273535.937,134576,1747907273517.344,-89,-17,-113
1747907273555.813,134602,1747907273537.156,-97,-17,-115
1747907273575.656,134609,1747907273557.0,-90,-17,-125
1747907273595.5,134608,1747907273576.844,-98,-17,-116
1747907273615.406,134562,1747907273596.656,-89,-13,-112
1747907273635.219,134501,1747907273616.625,-92,-18,-118
1747907273655.031,134443,1747907273636.437,-101,-17,-113
1747907273674.906,134343,1747907273656.25,-95,-17,-117
1747907273694.781,134282,1747907273676.125,-88,-9,-109
1747907273714.625,134210,1747907273695.938,-96,-13,-120
1747907273734.438,134160,1747907273715.844,-85,-8,-141
1747907273754.313,134118,1747907273735.656,-89,-17,-119
1747907273774.281,134075,1747907273755.5,-93,-17,-117
1747907273794.031,134056,1747907273775.4058,-74,-29,-122
1747907273813.875,134045,1747907273795.219,-95,-17,-113
1747907273833.75,134027,1747907273815.094,-90,-17,-120
1747907273853.594,134024,1747907273834.969,-84,-10,-128
1747907273873.469,134013,1747907273854.781,-97,-17,-121
1747907273893.281,134000,1747907273874.687,-89,-17,-114
1747907273913.156,133964,1747907273894.531,-88,-17,-113
1747907273933.031,133949,1747907273914.375,-100,-17,-119
1747907273952.875,133913,1747907273934.25,-90,-17,-119
1747907273972.75,133896,1747907273954.094,-100,-17,-120
1747907273992.594,133886,1747907273973.937,-96,-13,-121
1747907274012.469,133871,1747907273993.812,-95,-17,-120
1747907274032.312,133861,1747907274013.656,-97,-13,-117
1747907274052.281,133862,1747907274033.531,-97,-9,-114
1747907274072.0,133867,1747907274053.5,-93,-10,-116
1747907274091.844,133846,1747907274073.219,-93,-17,-114
1747907274111.719,133867,1747907274093.062,-89,-17,-114
1747907274131.531,133884,1747907274112.938,-95,-25,-120
1747907274151.406,133878,1747907274132.812,-97,-18,-116
1747907274171.25,133896,1747907274152.594,-88,-17,-115
1747907274191.094,133903,1747907274172.469,-89,-16,-123
1747907274210.938,133934,1747907274192.281,-90,-17,-119
1747907274230.781,133957,1747907274212.188,-88,-17,-121
1747907274250.625,133981,1747907274232.0,-88,-17,-112
1747907274270.531,133987,1747907274251.875,-97,-17,-119
1747907274290.344,134013,1747907274271.719,-88,-9,-121
1747907274310.187,134026,1747907274291.563,-103,-17,-113
1747907274330.031,134049,1747907274311.406,-88,-17,-121
1747907274349.875,134038,1747907274331.25,-89,-17,-120
1747907274369.75,134000,1747907274351.094,-105,-25,-116
1747907274389.563,133917,1747907274370.969,-89,-17,-117
1747907274409.406,133847,1747907274390.781,-104,-18,-121
1747907274429.281,133754,1747907274410.625,-97,-16,-116
1747907274449.125,133689,1747907274430.5,-89,-17,-114
1747907274468.9382,133626,1747907274450.344,-96,-9,-116
1747907274488.812,133573,1747907274470.156,-87,-17,-121
1747907274508.656,133529,1747907274490.063,-97,-10,-116
1747907274528.531,133507,1747907274509.875,-87,-10,-121
1747907274548.344,133476,1747907274529.719,-93,-17,-119
1747907274568.188,133466,1747907274549.562,-96,-17,-114
1747907274588.062,133459,1747907274569.406,-85,-9,-116
1747907274607.937,133434,1747907274589.25,-100,-17,-116
1747907274627.75,133418,1747907274609.156,-97,-17,-124
1747907274647.594,133387,1747907274628.969,-89,-17,-121
1747907274667.469,133366,1747907274648.813,-88,-17,-118
1747907274687.3118,133355,1747907274668.688,-95,-17,-121
1747907274707.125,133310,1747907274688.469,-93,-17,-117
1747907274726.969,133304,1747907274708.344,-88,-17,-120
1747907274746.844,133289,1747907274728.187,-96,-13,-124
1747907274766.719,133264,1747907274748.063,-88,-16,-119
1747907274786.562,133257,1747907274767.906,-98,-17,-116
1747907274806.375,133235,1747907274787.75,-96,-25,-116
1747907274826.25,133238,1747907274807.594,-89,-17,-118
1747907274846.094,133247,1747907274827.437,-89,-9,-121
1747907274865.906,133250,1747907274847.344,-97,-16,-126
1747907274885.781,133258,1747907274867.156,-88,-17,-112
1747907274905.625,133251,1747907274887.0,-101,-18,-112
1747907274925.5,133272,1747907274906.844,-85,-10,-114
1747907274945.312,133265,1747907274926.688,-100,-17,-121
1747907274965.156,133289,1747907274946.563,-100,-17,-121
1747907274985.031,133284,1747907274966.375,-90,-17,-122
1747907275004.875,133310,1747907274986.219,-89,-17,-120
1747907275024.719,133330,1747907275006.094,-96,-12,-113
1747907275044.562,133326,1747907275025.938,-93,-17,-118
1747907275064.437,133313,1747907275045.781,-97,-17,-120
1747907275084.281,133254,1747907275065.625,-87,-10,-113
1747907275104.156,133176,1747907275085.5,-98,-18,-112
1747907275124.031,133095,1747907275105.344,-88,-21,-121
1747907275143.844,132996,1747907275125.1882,-96,-23,-119
1747907275163.719,132911,1747907275145.062,-85,-17,-119
1747907275183.594,132822,1747907275164.937,-92,-13,-119
1747907275203.406,132772,1747907275184.781,-100,-16,-121
1747907275223.25,132716,1747907275204.594,-84,-13,-116
1747907275243.125,132675,1747907275224.469,-92,-10,-113
1747907275263.0,132627,1747907275244.312,-93,-17,-112
1747907275282.813,132602,1747907275264.219,-89,-10,-120
1747907275302.687,132599,1747907275284.031,-100,-17,-112
1747907275322.531,132570,1747907275303.844,-88,-17,-116
1747907275342.406,132543,1747907275323.781,-95,-10,-116
1747907275362.219,132523,1747907275343.594,-84,-9,-122
1747907275382.094,132494,1747907275363.437,-98,-10,-118
1747907275401.937,132463,1747907275383.281,-84,-17,-125
1747907275421.781,132424,1747907275403.156,-84,-10,-113
1747907275441.625,132407,1747907275423.0,-98,-20,-116
1747907275461.469,132381,1747907275442.844,-93,-9,-124
1747907275481.344,132365,1747907275462.688,-96,-17,-120
1747907275501.219,132360,1747907275482.531,-89,-9,-122
1747907275521.031,132364,1747907275502.437,-88,-17,-112
1747907275540.906,132354,1747907275522.25,-100,-29,-121
1747907275560.75,132352,1747907275542.094,-88,-17,-113
1747907275580.594,132362,1747907275561.969,-96,-10,-114
1747907275600.406,132376,1747907275581.781,-88,-21,-108
1747907275620.281,132386,1747907275601.594,-96,-17,-119
1747907275640.125,132394,1747907275621.5,-88,-17,-116
1747907275659.969,132416,1747907275641.313,-93,-9,-120
1747907275679.812,132419,1747907275661.188,-88,-17,-114
1747907275699.656,132437,1747907275681.062,-90,-17,-109
1747907275719.531,132456,1747907275700.875,-97,-17,-112
1747907275739.5,132474,1747907275720.75,-99,-8,-119
1747907275759.187,132486,1747907275740.719,-101,-17,-116
1747907275779.031,132481,1747907275760.406,-95,-16,-121
1747907275798.938,132443,1747907275780.281,-88,-17,-117
1747907275818.75,132364,1747907275800.125,-96,-25,-113
1747907275838.563,132247,1747907275819.969,-90,-10,-111
1747907275858.437,132141,1747907275839.813,-91,-10,-116
1747907275878.312,132031,1747907275859.656,-96,-16,-125
1747907275898.156,131931,1747907275879.5,-89,-17,-116
1747907275917.969,131856,1747907275899.344,-101,-17,-116
1747907275937.813,131782,1747907275919.156,-88,-29,-129
1747907275957.687,131701,1747907275939.031,-93,-10,-114
1747907275977.562,131657,1747907275958.906,-87,-17,-116
1747907275997.375,131606,1747907275978.875,-97,-9,-121
1747907276017.25,131559,1747907275998.625,-87,-17,-115
1747907276037.0942,131522,1747907276018.469,-101,-17,-117
1747907276056.969,131477,1747907276038.344,-97,-17,-116
1747907276076.938,131444,1747907276058.156,-100,-17,-117
1747907276096.656,131401,1747907276078.156,-89,-18,-115
1747907276116.5,131380,1747907276097.844,-88,-18,-122
1747907276136.375,131335,1747907276117.688,-89,-13,-121
1747907276156.219,131289,1747907276137.594,-95,-18,-116
1747907276176.063,131254,1747907276157.437,-96,-9,-112
1747907276195.906,131237,1747907276177.25,-90,-17,-116
1747907276215.781,131204,1747907276197.125,-87,-16,-115
1747907276235.656,131185,1747907276216.969,-87,-10,-117
1747907276255.469,131167,1747907276236.875,-97,-10,-117
1747907276275.313,131173,1747907276256.656,-89,-17,-112
1747907276295.187,131161,1747907276276.563,-86,-17,-116
1747907276315.031,131177,1747907276296.406,-87,-17,-116
1747907276334.875,131172,1747907276316.312,-95,-17,-114
1747907276354.75,131169,1747907276336.094,-96,-17,-122
1747907276374.594,131168,1747907276355.937,-88,-17,-100
1747907276394.469,131165,1747907276375.813,-98,-17,-112
1747907276414.375,131180,1747907276395.656,-91,-17,-113
1747907276434.156,131199,1747907276415.594,-88,-17,-121
1747907276454.0,131193,1747907276435.344,-89,-17,-113
1747907276473.844,131195,1747907276455.219,-93,-10,-114
1747907276493.687,131205,1747907276475.063,-105,-17,-121
1747907276513.562,131218,1747907276494.906,-90,-17,-121
1747907276533.375,131180,1747907276514.781,-101,-17,-119
1747907276553.25,131137,1747907276534.594,-88,-25,-116
1747907276573.094,131025,1747907276554.469,-96,-17,-112
1747907276592.937,130905,1747907276574.281,-89,-17,-121
1747907276612.813,130787,1747907276594.156,-87,-9,-127
1747907276632.656,130655,1747907276614.0,-89,-18,-116
1747907276652.469,130547,1747907276633.875,-84,-17,-116
1747907276672.344,130468,1747907276653.656,-93,-17,-120
1747907276692.219,130379,1747907276673.531,-96,-17,-125
1747907276712.031,130313,1747907276693.437,-87,-17,-114
1747907276731.875,130260,1747907276713.25,-97,-17,-121
1747907276751.75,130216,1747907276733.094,-89,-10,-121
1747907276771.594,130174,1747907276752.906,-85,-13,-118
1747907276791.469,130124,1747907276772.812,-89,-23,-121
1747907276811.313,130096,1747907276792.687,-96,-17,-124
1747907276831.156,130047,1747907276812.531,-81,-9,-121
1747907276851.031,130004,1747907276832.344,-89,-17,-121
1747907276870.938,129970,1747907276852.25,-96,-17,-112
1747907276890.719,129932,1747907276872.062,-96,-33,-120
1747907276910.594,129884,1747907276891.906,-100,-17,-121
1747907276930.406,129853,1747907276911.813,-104,-17,-121
1747907276950.281,129819,1747907276931.625,-97,-9,-125
1747907276970.125,129797,1747907276951.5,-92,-9,-116
1747907276989.969,129767,1747907276971.344,-100,-17,-113
1747907277009.813,129760,1747907276991.188,-89,-9,-114
1747907277029.656,129752,1747907277011.031,-97,-17,-113
1747907277049.5,129751,1747907277030.875,-97,-13,-117
1747907277069.344,129757,1747907277050.719,-87,-17,-114
1747907277089.281,129751,1747907277070.5618,-87,-9,-116
1747907277109.062,129752,1747907277090.469,-92,-9,-113
1747907277128.906,129752,1747907277110.281,-96,-17,-116
1747907277148.75,129777,1747907277130.094,-85,-17,-112
1747907277168.594,129745,1747907277149.969,-97,-17,-114
1747907277188.469,129786,1747907277169.812,-90,-17,-114
1747907277208.344,129812,1747907277189.688,-96,-17,-111
1747907277228.156,129833,1747907277209.5,-89,-25,-119
1747907277248.031,129863,1747907277229.375,-90,-17,-121
1747907277267.906,129877,1747907277249.25,-100,-9,-116
1747907277287.75,129896,1747907277269.094,-93,-18,-145
1747907277307.594,129903,1747907277288.969,-85,-17,-113
1747907277327.437,129856,1747907277308.812,-97,-17,-113
1747907277347.281,129787,1747907277328.656,-88,-25,-113
1747907277367.156,129662,1747907277348.5,-95,-17,-116
1747907277386.969,129535,1747907277368.375,-100,-17,-113
1747907277406.812,129403,1747907277388.156,-77,-18,-112
1747907277426.719,129295,1747907277408.062,-97,-18,-116
1747907277446.531,129176,1747907277427.906,-87,-13,-119
1747907277466.375,129098,1747907277447.719,-97,-13,-119
1747907277486.219,129023,1747907277467.594,-85,-18,-121
1747907277506.094,128958,1747907277487.406,-100,-13,-121
1747907277525.938,128919,1747907277507.312,-82,-17,-114
1747907277545.813,128858,1747907277527.188,-84,-17,-117
1747907277565.656,128835,1747907277547.0,-109,-8,-116
1747907277585.5,128803,1747907277566.844,-85,-17,-117
1747907277605.344,128745,1747907277586.719,-87,-17,-121
1747907277625.156,128710,1747907277606.562,-97,-18,-125
1747907277645.031,128668,1747907277626.344,-89,-13,-121
1747907277664.875,128629,1747907277646.219,-98,-13,-119
1747907277684.75,128586,1747907277666.094,-89,-9,-120
1747907277704.563,128536,1747907277685.969,-103,-10,-116
1747907277724.438,128528,1747907277705.781,-89,-9,-113
1747907277744.281,128511,1747907277725.656,-93,-17,-116
1747907277764.156,128502,1747907277745.5,-92,-17,-115
1747907277783.969,128501,1747907277765.375,-100,-9,-114
1747907277803.844,128514,1747907277785.187,-95,-20,-120
1747907277823.719,128510,1747907277805.063,-84,-17,-114
1747907277843.531,128524,1747907277824.969,-83,-18,-113
1747907277863.406,128517,1747907277844.75,-89,-17,-111
1747907277883.281,128537,1747907277864.594,-96,-17,-110
1747907277903.125,128549,1747907277884.469,-96,-13,-120
1747907277923.0,128567,1747907277904.313,-89,-17,-113
1747907277942.812,128579,1747907277924.219,-97,-17,-117
1747907277962.688,128595,1747907277944.031,-85,-26,-129
1747907277982.563,128617,1747907277963.875,-84,-17,-119
1747907278002.4058,128642,1747907277983.781,-100,-17,-117
1747907278022.25,128657,1747907278003.594,-84,-17,-120
1747907278042.125,128701,1747907278023.469,-84,-17,-114
1747907278062.0,128735,1747907278043.344,-97,-17,-118
1747907278081.875,128764,1747907278063.25,-93,-13,-122
1747907278101.719,128760,1747907278083.094,-87,-10,-114
1747907278121.594,128735,1747907278102.906,-99,-17,-121
1747907278141.438,128641,1747907278122.812,-87,-17,-111
1747907278161.344,128525,1747907278142.656,-97,-17,-122
1747907278181.156,128404,1747907278162.531,-84,-17,-116
1747907278201.125,128265,1747907278182.375,-98,-10,-114
1747907278221.0,128159,1747907278202.344,-95,-9,-116
1747907278240.75,128064,1747907278222.094,-82,-20,-116
1747907278260.594,127969,1747907278241.969,-89,-17,-119
1747907278280.437,127910,1747907278261.813,-97,-17,-121
1747907278300.313,127876,1747907278281.656,-89,-13,-114
1747907278320.156,127829,1747907278301.5,-97,-9,-121
1747907278340.0,127811,1747907278321.375,-89,-10,-113
1747907278359.844,127789,1747907278341.219,-97,-17,-113
1747907278379.719,127774,1747907278361.094,-95,-10,-113
1747907278399.563,127764,1747907278380.969,-87,-10,-121
1747907278419.406,127737,1747907278400.781,-96,-10,-113
1747907278439.281,127702,1747907278420.594,-87,-13,-120
1747907278459.125,127671,1747907278440.5,-92,-10,-116
1747907278479.031,127635,1747907278460.344,-95,-17,-120
1747907278498.844,127603,1747907278480.219,-89,-17,-116
1747907278518.719,127574,1747907278500.063,-85,-25,-112
1747907278538.594,127561,1747907278519.938,-90,-18,-117
1747907278558.438,127562,1747907278539.844,-89,-18,-121
1747907278578.281,127561,1747907278559.656,-95,-17,-114
1747907278598.156,127558,1747907278579.469,-93,-17,-122
1747907278617.969,127578,1747907278599.375,-79,-17,-121
1747907278637.844,127583,1747907278619.188,-89,-16,-119
1747907278657.719,127591,1747907278639.031,-85,-17,-125
1747907278677.531,127599,1747907278658.906,-81,-4,-124
1747907278697.375,127626,1747907278678.719,-96,-17,-112
1747907278717.219,127646,1747907278698.625,-87,-10,-116
1747907278737.031,127675,1747907278718.437,-93,-17,-120
1747907278756.906,127699,1747907278738.375,-90,-17,-113
1747907278776.75,127724,1747907278758.125,-89,-17,-115
1747907278796.594,127745,1747907278777.969,-89,-9,-117
1747907278816.406,127777,1747907278797.813,-93,-17,-118
1747907278836.25,127799,1747907278817.625,-89,-21,-121
1747907278856.094,127791,1747907278837.469,-93,-25,-125
1747907278875.938,127741,1747907278857.312,-96,-17,-116
1747907278895.781,127632,1747907278877.156,-97,-9,-115
1747907278915.594,127512,1747907278897.0,-76,-9,-117
1747907278935.469,127377,1747907278916.812,-96,-9,-121
1747907278955.281,127252,1747907278936.687,-86,-17,-116
1747907278975.156,127146,1747907278956.531,-90,-17,-113
1747907278994.969,127071,1747907278976.375,-93,-17,-111
1747907279014.812,127003,1747907278996.188,-95,-17,-116
1747907279034.688,126948,1747907279016.031,-89,-17,-121
1747907279054.531,126897,1747907279035.875,-97,-9,-116
1747907279074.344,126888,1747907279055.719,-89,-9,-114
1747907279094.187,126865,1747907279075.563,-97,-17,-118
1747907279114.031,126843,1747907279095.406,-93,-17,-117
1747907279133.844,126816,1747907279115.25,-96,-9,-116
1747907279153.688,126790,1747907279135.062,-98,-18,-116
1747907279173.625,126742,1747907279154.938,-92,-18,-121
1747907279193.406,126720,1747907279174.844,-88,-17,-121
1747907279213.281,126685,1747907279194.625,-96,-9,-119
1747907279233.094,126678,1747907279214.5,-85,-17,-121
1747907279252.938,126642,1747907279234.344,-97,-4,-113
1747907279272.812,126631,1747907279254.156,-90,-17,-121
1747907279292.656,126618,1747907279274.0,-82,-18,-119
1747907279312.5,126631,1747907279293.875,-85,-17,-129
1747907279332.344,126638,1747907279313.75,-97,-17,-113
1747907279352.188,126656,1747907279333.563,-89,-17,-112
1747907279372.031,126662,1747907279353.375,-89,-17,-120
1747907279391.906,126685,1747907279373.281,-86,-17,-119
1747907279411.688,126708,1747907279393.125,-90,-17,-116
1747907279431.563,126713,1747907279412.937,-97,-9,-127
1747907279451.406,126750,1747907279432.781,-88,-17,-120
1747907279471.312,126784,1747907279452.625,-87,-18,-117
1747907279491.094,126835,1747907279472.5,-93,-17,-116
1747907279510.938,126895,1747907279492.312,-87,-17,-113
1747907279530.813,126931,1747907279512.156,-81,-10,-116
1747907279550.687,126973,1747907279532.0,-84,-9,-114
1747907279570.5,127029,1747907279551.906,-98,-17,-117
1747907279590.344,127047,1747907279571.687,-97,-14,-124
1747907279610.188,127031,1747907279591.531,-88,-17,-125
1747907279630.063,126942,1747907279611.438,-84,-18,-116
1747907279649.875,126817,1747907279631.25,-88,-22,-129
1747907279669.719,126685,1747907279651.031,-89,-25,-121
1747907279689.563,126534,1747907279670.937,-89,-17,-121
1747907279709.438,126411,1747907279690.75,-97,-13,-113
1747907279729.25,126293,1747907279710.625,-92,-17,-114
1747907279749.094,126226,1747907279730.469,-95,-9,-120
1747907279768.969,126137,1747907279750.313,-80,-17,-121
1747907279788.844,126102,1747907279770.187,-97,-10,-113
1747907279808.625,126048,1747907279790.062,-89,-18,-121
1747907279828.5,126009,1747907279809.875,-100,-15,-116
1747907279848.344,125967,1747907279829.719,-89,-17,-120
1747907279868.219,125923,1747907279849.5942,-70,-16,-129
1747907279888.063,125901,1747907279869.437,-89,-18,-119
1747907279907.875,125862,1747907279889.281,-88,-17,-116
1747907279927.75,125828,1747907279909.094,-105,-16,-114
1747907279947.625,125798,1747907279928.938,-89,-9,-122
1747907279967.438,125758,1747907279948.812,-96,-17,-121
1747907279987.281,125739,1747907279968.656,-87,-20,-129
1747907280007.281,125718,1747907279988.5,-98,-9,-121
1747907280027.0,125705,1747907280008.375,-96,-26,-124
1747907280046.875,125691,1747907280028.188,-87,-13,-125
1747907280066.688,125702,1747907280048.062,-100,-10,-115
1747907280086.531,125693,1747907280067.844,-88,-17,-114
1747907280106.375,125690,1747907280087.719,-87,-17,-122
1747907280126.25,125724,1747907280107.563,-87,-17,-113
1747907280146.031,125743,1747907280127.469,-102,-17,-116
1747907280165.906,125770,1747907280147.219,-97,-17,-113
1747907280185.75,125787,1747907280167.094,-98,-17,-111
1747907280205.594,125832,1747907280186.938,-97,-17,-117
1747907280225.406,125849,1747907280206.781,-95,-9,-114
1747907280245.25,125899,1747907280226.625,-97,-17,-118
1747907280265.094,125915,1747907280246.437,-90,-25,-113
1747907280284.969,125961,1747907280266.281,-88,-13,-116
1747907280304.75,125997,1747907280286.188,-84,-17,-116
1747907280324.625,126046,1747907280305.969,-96,-17,-112
1747907280344.5,126088,1747907280325.844,-98,-17,-119
1747907280364.313,126117,1747907280345.687,-90,-17,-125
1747907280384.156,126100,1747907280365.594,-92,-10,-113
1747907280404.0,126002,1747907280385.406,-85,-17,-117
1747907280423.875,125879,1747907280405.188,-93,-10,-100
1747907280443.75,125732,1747907280425.094,-80,-17,-121
1747907280463.656,125598,1747907280444.969,-85,-9,-129
1747907280483.406,125471,1747907280464.875,-92,-17,-121
1747907280503.281,125362,1747907280484.625,-93,-21,-119
1747907280523.125,125282,1747907280504.469,-88,-17,-112
1747907280542.969,125232,1747907280524.344,-80,-17,-122
1747907280562.844,125173,1747907280544.219,-89,-9,-111
1747907280582.687,125130,1747907280564.063,-87,-17,-115
1747907280602.562,125099,1747907280583.875,-97,-25,-117
1747907280622.406,125074,1747907280603.781,-84,-9,-121
1747907280642.25,125055,1747907280623.625,-87,-17,-114
1747907280662.156,125018,1747907280643.469,-100,-17,-121
1747907280682.031,125000,1747907280663.344,-96,-17,-117
1747907280701.844,124987,1747907280683.219,-89,-9,-128
1747907280721.75,124968,1747907280703.094,-98,-17,-116
1747907280741.625,124975,1747907280722.938,-95,-17,-121
1747907280761.437,124943,1747907280742.813,-90,-17,-112
1747907280781.313,124947,1747907280762.656,-77,-17,-125
1747907280801.156,124943,1747907280782.531,-100,-9,-114
1747907280821.062,124951,1747907280802.375,-90,-17,-120
1747907280840.875,124998,1747907280822.219,-97,-17,-117
1747907280860.719,125018,1747907280842.062,-97,-9,-123
1747907280880.563,125058,1747907280861.969,-81,-17,-113
1747907280900.438,125116,1747907280881.75,-84,-9,-121
1747907280920.281,125164,1747907280901.656,-84,-10,-113
1747907280940.125,125199,1747907280921.531,-97,-1,-121
1747907280960.0,125251,1747907280941.312,-85,-13,-116
1747907280979.844,125310,1747907280961.219,-93,-17,-123
1747907280999.719,125356,1747907280981.063,-88,-25,-96
1747907281019.562,125395,1747907281000.938,-89,-17,-112
1747907281039.406,125464,1747907281020.781,-88,-17,-116
1747907281059.281,125534,1747907281040.594,-97,-17,-128
1747907281079.125,125616,1747907281060.5,-90,-17,-114
1747907281098.937,125702,1747907281080.344,-95,-9,-119
1747907281118.812,125788,1747907281100.219,-88,-17,-120
1747907281138.656,125854,1747907281120.0,-84,-17,-121
1747907281158.5,125915,1747907281139.844,-88,-13,-120
1747907281178.375,125906,1747907281159.75,-103,-10,-115
1747907281198.219,125844,1747907281179.563,-88,-17,-119
1747907281218.062,125749,1747907281199.406,-92,-17,-121
1747907281237.906,125631,1747907281219.25,-95,-13,-119
1747907281257.781,125518,1747907281239.094,-88,-17,-121
1747907281277.594,125440,1747907281259.0,-89,-1,-114
1747907281297.469,125377,1747907281278.781,-93,-17,-113
1747907281317.313,125312,1747907281298.656,-80,-13,-121
1747907281337.156,125275,1747907281318.531,-84,-25,-112
1747907281357.031,125267,1747907281338.375,-88,-17,-121
1747907281376.906,125261,1747907281358.25,-84,-17,-114
1747907281396.781,125253,1747907281378.094,-89,-17,-125
1747907281416.656,125273,1747907281397.969,-97,-9,-121
1747907281436.5,125267,1747907281417.844,-88,-9,-119
1747907281456.344,125276,1747907281437.719,-101,-9,-113
1747907281476.219,125286,1747907281457.562,-89,-17,-114
1747907281496.063,125282,1747907281477.437,-100,-17,-114
1747907281515.938,125275,1747907281497.281,-88,-17,-124
1747907281535.781,125258,1747907281517.125,-95,-17,-116
1747907281555.656,125262,1747907281537.0,-90,-9,-116
1747907281575.5,125302,1747907281556.844,-85,-12,-114
1747907281595.406,125305,1747907281576.719,-96,-13,-122
1747907281615.2192,125324,1747907281596.531,-80,-24,-121
1747907281635.062,125363,1747907281616.438,-100,-17,-120
1747907281654.938,125389,1747907281636.281,-87,-17,-121
1747907281674.75,125428,1747907281656.156,-89,-4,-116
1747907281694.625,125476,1747907281675.969,-93,-10,-121
1747907281714.469,125517,1747907281695.813,-80,-21,-117
1747907281734.344,125564,1747907281715.656,-90,-17,-108
1747907281754.188,125594,1747907281735.531,-96,-17,-120
1747907281774.031,125651,1747907281755.375,-89,-7,-118
1747907281793.906,125696,1747907281775.344,-88,-25,-118
1747907281813.781,125751,1747907281795.125,-100,-10,-116
1747907281833.594,125820,1747907281814.969,-83,-17,-112
1747907281853.469,125868,1747907281834.812,-97,-9,-116
1747907281873.437,125933,1747907281854.688,-87,-17,-114
1747907281893.156,125998,1747907281874.656,-93,-17,-114
1747907281913.031,126019,1747907281894.375,-89,-13,-111
1747907281932.906,125978,1747907281914.219,-84,-9,-120
1747907281952.75,125878,1747907281934.125,-97,-17,-120
1747907281972.625,125740,1747907281953.938,-89,-9,-120
1747907281992.4368,125615,1747907281973.813,-103,-17,-117
1747907282012.313,125479,1747907281993.625,-88,-25,-114
1747907282032.188,125371,1747907282013.5,-93,-10,-110
1747907282052.031,125288,1747907282033.406,-95,-36,-122
1747907282071.875,125212,1747907282053.25,-82,-17,-121
1747907282091.75,125167,1747907282073.094,-87,-17,-120
1747907282111.594,125129,1747907282092.969,-97,-13,-113
1747907282131.5,125112,1747907282112.813,-87,-10,-116
1747907282151.312,125088,1747907282132.719,-85,-10,-121
1747907282171.156,125110,1747907282152.531,-101,-17,-111
1747907282191.031,125105,1747907282172.375,-81,-17,-121
1747907282210.875,125084,1747907282192.219,-89,-13,-114
1747907282230.75,125062,1747907282212.063,-88,-17,-121
1747907282250.562,125054,1747907282231.938,-97,-9,-116
1747907282270.406,125065,1747907282251.781,-85,-9,-121
1747907282290.281,125046,1747907282271.625,-93,-17,-113
1747907282310.125,125061,1747907282291.5,-101,-9,-121
1747907282329.969,125068,1747907282311.313,-88,-17,-117
1747907282349.812,125080,1747907282331.156,-96,-8,-121
1747907282369.688,125101,1747907282351.031,-82,-10,-121
1747907282389.469,125121,1747907282370.906,-100,-17,-112
1747907282409.344,125161,1747907282390.688,-89,-18,-137
1747907282429.187,125201,1747907282410.5,-90,-29,-116
1747907282449.031,125260,1747907282430.406,-88,-17,-109
1747907282468.875,125318,1747907282450.25,-96,-17,-116
1747907282488.75,125353,1747907282470.094,-97,-9,-120
1747907282508.562,125427,1747907282489.969,-86,-10,-121
1747907282528.437,125484,1747907282509.7808,-96,-17,-114
1747907282548.281,125539,1747907282529.656,-84,-10,-116
1747907282568.094,125586,1747907282549.5,-92,-17,-121
1747907282587.969,125664,1747907282569.313,-96,-21,-130
1747907282607.844,125733,1747907282589.156,-87,-17,-121
1747907282627.625,125802,1747907282609.031,-100,-17,-115
1747907282647.5,125874,1747907282628.844,-85,-13,-121
1747907282667.438,125888,1747907282648.719,-86,-13,-119
1747907282687.219,125839,1747907282668.563,-96,-33,-121
1747907282707.062,125752,1747907282688.438,-85,-17,-114
1747907282726.906,125621,1747907282708.312,-97,-10,-116
1747907282746.781,125480,1747907282728.094,-88,-10,-125
1747907282766.625,125379,1747907282747.969,-89,-17,-120
1747907282786.469,125288,1747907282767.844,-87,-10,-118
1747907282806.312,125221,1747907282787.688,-89,-17,-113
1747907282826.188,125163,1747907282807.531,-89,-17,-121
1747907282846.031,125124,1747907282827.406,-89,-17,-122
1747907282865.875,125123,1747907282847.25,-77,-17,-112
1747907282885.75,125114,1747907282867.125,-97,-17,-114
1747907282905.594,125121,1747907282886.969,-92,-17,-112
1747907282925.469,125130,1747907282906.812,-92,-17,-117
1747907282945.312,125151,1747907282926.656,-84,-17,-120
1747907282965.156,125144,1747907282946.563,-90,-18,-119
1747907282985.0,125153,1747907282966.3442,-98,-13,-124
1747907283004.844,125144,1747907282986.187,-89,-17,-114
1747907283024.719,125128,1747907283006.094,-96,-10,-116
1747907283044.562,125125,1747907283025.938,-90,-9,-116
1747907283064.406,125147,1747907283045.719,-97,-17,-114
1747907283084.25,125174,1747907283065.625,-87,-15,-129
1747907283104.125,125209,1747907283085.469,-89,-17,-121
1747907283123.969,125238,1747907283105.344,-97,-10,-121
1747907283143.812,125308,1747907283125.1882,-95,-9,-120
1747907283163.687,125368,1747907283145.0,-85,-17,-125
1747907283183.531,125425,1747907283164.906,-87,-17,-116
1747907283203.375,125502,1747907283184.719,-92,-13,-121
1747907283223.281,125567,1747907283204.594,-90,-10,-121
1747907283243.125,125628,1747907283224.469,-100,-9,-120
1747907283262.969,125680,1747907283244.312,-88,-13,-117
1747907283282.781,125726,1747907283264.187,-93,-17,-116
1747907283302.656,125782,1747907283284.0,-65,-17,-121
1747907283322.531,125844,1747907283303.875,-98,-17,-119
1747907283342.406,125896,1747907283323.719,-93,-17,-121
1747907283362.25,125972,1747907283343.625,-97,-1,-117
1747907283382.125,126050,1747907283363.469,-97,-17,-116
1747907283402.0,126064,1747907283383.313,-88,-17,-116
1747907283421.875,126037,1747907283403.188,-95,-17,-103
1747907283441.719,125966,1747907283423.094,-96,-9,-121
1747907283461.594,125856,1747907283442.906,-84,-9,-119
1747907283481.437,125761,1747907283462.781,-96,-9,-129
1747907283501.312,125667,1747907283482.656,-90,-9,-121
1747907283521.188,125579,1747907283502.531,-87,-17,-119
1747907283541.0308,125538,1747907283522.406,-88,-17,-117
1747907283560.937,125496,1747907283542.25,-81,-17,-119
1747907283580.75,125482,1747907283562.125,-84,-17,-118
1747907283600.656,125477,1747907283582.031,-97,-10,-119
1747907283620.625,125494,1747907283601.875,-93,-10,-116
1747907283640.375,125511,1747907283621.844,-88,-17,-117
1747907283660.25,125527,1747907283641.594,-100,-14,-114
1747907283680.094,125554,1747907283661.469,-100,-9,-119
1747907283699.969,125567,1747907283681.312,-97,-17,-121
1747907283719.844,125586,1747907283701.156,-84,-17,-121
1747907283739.719,125599,1747907283721.063,-97,-17,-116
1747907283759.531,125606,1747907283740.875,-96,-25,-113
1747907283779.406,125624,1747907283760.75,-89,-17,-114
1747907283799.2808,125635,1747907283780.625,-87,-17,-116
1747907283819.125,125661,1747907283800.5,-95,-20,-129
1747907283839.0,125690,1747907283820.344,-97,-10,-116
1747907283858.844,125739,1747907283840.187,-89,-17,-116
1747907283878.719,125800,1747907283860.063,-84,-9,-124
1747907283898.562,125859,1747907283879.938,-98,-10,-114
1747907283918.406,125916,1747907283899.781,-87,-17,-113
1747907283938.25,125968,1747907283919.719,-95,-10,-118
1747907283958.125,126038,1747907283939.469,-87,-9,-119
1747907283977.969,126097,1747907283959.313,-100,-9,-121
1747907283997.844,126172,1747907283979.188,-93,-21,-121
1747907284017.719,126236,1747907283999.031,-87,-10,-121
1747907284037.563,126318,1747907284018.937,-96,-9,-122
1747907284057.406,126388,1747907284038.719,-87,-19,-121
1747907284077.25,126478,1747907284058.594,-88,-17,-119
1747907284097.125,126531,1747907284078.469,-101,-4,-117
1747907284117.0,126544,1747907284098.344,-89,-9,-114
1747907284136.844,126500,1747907284118.187,-85,-10,-116
1747907284156.687,126426,1747907284138.031,-97,-21,-96
1747907284176.562,126324,1747907284157.969,-80,-17,-114
1747907284196.438,126226,1747907284177.781,-89,-9,-116
1747907284216.281,126163,1747907284197.625,-85,-9,-130
1747907284236.156,126097,1747907284217.5,-89,-17,-115
1747907284256.031,126048,1747907284237.344,-98,-17,-113
1747907284275.875,126025,1747907284257.219,-87,-17,-117
1747907284295.75,126024,1747907284277.094,-95,-10,-119
1747907284315.594,126024,1747907284296.906,-93,-9,-122
1747907284335.5,126048,1747907284316.813,-89,-17,-117
1747907284355.469,126073,1747907284336.719,-88,-9,-116
1747907284375.219,126101,1747907284356.719,-93,-10,-121
1747907284395.094,126141,1747907284376.406,-85,-15,-117
1747907284415.0,126167,1747907284396.313,-90,-9,-128
1747907284434.813,126197,1747907284416.187,-97,-17,-122
1747907284454.688,126236,1747907284436.031,-89,-17,-118
1747907284474.5942,126257,1747907284455.875,-97,-9,-125
1747907284494.406,126279,1747907284475.75,-90,-33,-113
1747907284514.281,126303,1747907284495.625,-88,-17,-116
1747907284534.125,126340,1747907284515.5,-100,-17,-116
1747907284554.0,126371,1747907284535.312,-87,-18,-121
1747907284573.875,126435,1747907284555.219,-98,-9,-122
1747907284593.719,126482,1747907284575.063,-84,-9,-119
1747907284613.563,126527,1747907284594.937,-97,-9,-124
1747907284633.438,126569,1747907284614.781,-93,-9,-121
1747907284653.312,126629,1747907284634.625,-95,-13,-120
1747907284673.156,126681,1747907284654.594,-96,-17,-113
1747907284693.0,126743,1747907284674.375,-82,-9,-117
1747907284712.875,126798,1747907284694.219,-85,-9,-117
1747907284732.719,126852,1747907284714.094,-89,-9,-117
1747907284752.594,126926,1747907284733.906,-92,-9,-125
1747907284772.438,126986,1747907284753.812,-95,-13,-119
1747907284792.313,127009,1747907284773.625,-88,-9,-113
1747907284812.187,126974,1747907284793.531,-97,-9,-125
1747907284832.031,126906,1747907284813.375,-97,-4,-122
1747907284851.875,126795,1747907284833.25,-89,-10,-121
1747907284871.75,126718,1747907284853.094,-89,-17,-117
1747907284891.594,126620,1747907284872.969,-95,-20,-128
1747907284911.469,126550,1747907284892.844,-97,-9,-117
1747907284931.312,126520,1747907284912.688,-92,-10,-117
1747907284951.188,126480,1747907284932.5,-87,-9,-121
1747907284971.031,126479,1747907284952.375,-95,-17,-121
1747907284990.875,126501,1747907284972.281,-73,-8,-117
1747907285010.75,126503,1747907284992.125,-89,-9,-118
1747907285030.625,126525,1747907285011.969,-97,-9,-120
1747907285050.469,126550,1747907285031.812,-86,-9,-116
1747907285070.312,126552,1747907285051.688,-95,-17,-119
1747907285090.187,126571,1747907285071.531,-101,-17,-113
1747907285110.063,126566,1747907285091.406,-93,-9,-119
1747907285129.906,126564,1747907285111.25,-85,-20,-122
1747907285149.75,126557,1747907285131.125,-84,-17,-117
1747907285169.625,126541,1747907285151.031,-95,-17,-112
1747907285189.5,126563,1747907285170.781,-87,-17,-116
1747907285209.344,126571,1747907285190.687,-89,-9,-119
1747907285229.188,126599,1747907285210.562,-98,-16,-118
1747907285249.062,126640,1747907285230.438,-88,-17,-117
1747907285268.906,126689,1747907285250.25,-82,-9,-121
1747907285288.781,126725,1747907285270.125,-100,-17,-127
1747907285308.625,126776,1747907285290.0,-88,-9,-124
1747907285328.469,126827,1747907285309.844,-84,-9,-121
1747907285348.344,126894,1747907285329.719,-104,-13,-123
1747907285368.219,126932,1747907285349.562,-84,-9,-121
1747907285388.031,127003,1747907285369.437,-85,-2,-121
1747907285407.906,127056,1747907285389.25,-88,-9,-116
1747907285427.75,127051,1747907285409.094,-90,-9,-118
1747907285447.594,126991,1747907285428.969,-97,-10,-119
1747907285467.438,126890,1747907285448.812,-95,-15,-113
1747907285487.313,126771,1747907285468.687,-93,-10,-121
1747907285507.156,126668,1747907285488.5,-113,-9,-120
1747907285527.031,126563,1747907285508.375,-85,-13,-117
1747907285546.875,126491,1747907285528.25,-100,-10,-114
1747907285566.719,126430,1747907285548.094,-84,-17,-117
1747907285586.563,126415,1747907285567.938,-95,-17,-118
1747907285606.437,126395,1747907285587.781,-97,-4,-123
1747907285626.281,126424,1747907285607.625,-90,-18,-125
1747907285646.25,126440,1747907285627.531,-92,-9,-120
1747907285666.0,126437,1747907285647.312,-89,-36,-118
1747907285685.875,126467,1747907285667.219,-90,-10,-120
1747907285705.719,126470,1747907285687.063,-87,-17,-117
1747907285725.563,126480,1747907285706.937,-86,-10,-115
1747907285745.438,126467,1747907285726.75,-84,-17,-121
1747907285765.281,126467,1747907285746.625,-89,-9,-116
1747907285785.156,126489,1747907285766.469,-90,-17,-114
1747907285805.0,126481,1747907285786.344,-89,-23,-124
1747907285824.844,126480,1747907285806.219,-93,-17,-121
1747907285844.719,126518,1747907285826.062,-73,-10,-116
1747907285864.562,126548,1747907285845.906,-87,-17,-116
1747907285884.406,126551,1747907285865.781,-84,-13,-116
1747907285904.25,126595,1747907285885.625,-97,-1,-113
1747907285924.156,126628,1747907285905.469,-85,-9,-121
1747907285944.0,126669,1747907285925.406,-101,-9,-116
1747907285963.875,126732,1747907285945.219,-87,-21,-101
1747907285983.781,126774,1747907285965.125,-84,-10,-113
1747907286003.594,126834,1747907285985.0,-79,-9,-122
1747907286023.438,126898,1747907286004.781,-96,-9,-127
1747907286043.312,126959,1747907286024.656,-92,-9,-120
1747907286063.219,126982,1747907286044.531,-88,-17,-119
1747907286083.031,126942,1747907286064.406,-85,-13,-124
1747907286102.875,126850,1747907286084.219,-84,-9,-121
1747907286122.719,126740,1747907286104.094,-101,-9,-113
1747907286142.594,126626,1747907286123.906,-88,-17,-127
1747907286162.469,126541,1747907286143.781,-87,-17,-121
1747907286182.281,126487,1747907286163.656,-82,-10,-119
1747907286202.187,126431,1747907286183.531,-87,-20,-120
1747907286222.031,126393,1747907286203.375,-84,-9,-126
1747907286241.875,126401,1747907286223.25,-89,-17,-116
1747907286261.719,126388,1747907286243.094,-87,-9,-116
1747907286281.563,126414,1747907286262.938,-88,-17,-117
1747907286301.437,126433,1747907286282.781,-89,-8,-124
1747907286321.312,126462,1747907286302.656,-93,-17,-121
1747907286341.156,126484,1747907286322.5,-93,-17,-122
1747907286361.031,126498,1747907286342.406,-93,-18,-112
1747907286380.875,126512,1747907286362.219,-90,-9,-116
1747907286400.75,126519,1747907286382.094,-82,-10,-119
1747907286420.563,126547,1747907286402.031,-98,-9,-116
1747907286440.469,126539,1747907286421.781,-87,-17,-121
1747907286460.312,126585,1747907286441.656,-84,-9,-117
1747907286480.187,126606,1747907286461.531,-87,-17,-120
1747907286500.094,126642,1747907286481.375,-96,-9,-116
1747907286519.875,126694,1747907286501.312,-94,-10,-114
1747907286539.75,126739,1747907286521.094,-84,-17,-118
1747907286559.656,126789,1747907286540.969,-82,-8,-121
1747907286579.469,126840,1747907286560.875,-93,-18,-116
1747907286599.344,126900,1747907286580.719,-85,-17,-115
1747907286619.25,126973,1747907286600.531,-90,-17,-121
1747907286639.062,127044,1747907286620.406,-96,-33,-121
1747907286658.906,127130,1747907286640.281,-97,-9,-112
1747907286678.75,127191,1747907286660.156,-98,-10,-124
1747907286698.625,127215,1747907286679.9368,-89,-12,-128
1747907286718.5,127192,1747907286699.844,-100,-9,-122
1747907286738.312,127122,1747907286719.688,-85,-17,-120
1747907286758.188,127023,1747907286739.562,-85,-10,-122
1747907286778.031,126935,1747907286759.406,-100,-9,-116
1747907286797.906,126848,1747907286779.219,-87,-13,-121
1747907286817.719,126777,1747907286799.219,-77,-17,-119
1747907286837.594,126732,1747907286818.969,-97,-17,-125
1747907286857.5,126707,1747907286838.812,-89,-10,-119
1747907286877.313,126707,1747907286858.656,-85,-17,-129
1747907286897.156,126713,1747907286878.531,-97,-9,-121
1747907286917.0,126729,1747907286898.375,-66,-9,-121
1747907286936.875,126756,1747907286918.187,-92,-9,-117
1747907286956.719,126782,1747907286938.094,-88,-17,-120
1747907286976.562,126813,1747907286957.938,-101,-1,-119
1747907286996.5,126825,1747907286977.781,-82,-9,-125
1747907287016.281,126833,1747907286997.719,-91,-17,-124
1747907287036.156,126824,1747907287017.437,-87,-32,-119
1747907287055.969,126833,1747907287037.344,-88,-9,-118
1747907287075.844,126854,1747907287057.25,-87,-10,-124
1747907287095.719,126883,1747907287077.063,-83,-17,-128
1747907287115.594,126890,1747907287096.906,-87,-9,-121
1747907287135.406,126930,1747907287116.812,-88,-18,-130
1747907287155.281,126963,1747907287136.656,-93,-9,-121
1747907287175.187,127000,1747907287156.5,-92,-9,-119
1747907287195.031,127048,1747907287176.406,-96,-17,-116
1747907287214.875,127099,1747907287196.219,-88,-10,-119
1747907287234.75,127140,1747907287216.125,-93,-9,-115
1747907287254.625,127192,1747907287235.969,-82,-10,-120
1747907287274.5,127254,1747907287255.812,-84,-10,-113
1747907287294.375,127329,1747907287275.719,-87,-17,-113
1747907287314.219,127385,1747907287295.563,-96,-25,-110
1747907287334.125,127440,1747907287315.438,-94,-17,-122
1747907287353.969,127403,1747907287335.312,-80,-17,-121
1747907287373.844,127359,1747907287355.187,-93,-29,-118
1747907287393.719,127267,1747907287375.063,-93,-17,-114
1747907287413.594,127160,1747907287394.938,-84,-17,-116
1747907287433.438,127078,1747907287414.781,-84,-17,-127
1747907287453.281,127004,1747907287434.656,-97,-9,-114
1747907287473.156,126946,1747907287454.469,-98,-10,-116
1747907287493.031,126921,1747907287474.344,-98,-9,-122
1747907287512.906,126916,1747907287494.219,-84,-17,-115
1747907287532.719,126911,1747907287514.125,-100,-17,-113
1747907287552.625,126930,1747907287533.937,-77,-10,-120
1747907287572.5,126966,1747907287553.813,-93,-9,-125
1747907287592.375,126975,1747907287573.688,-97,-10,-121
1747907287612.188,127004,1747907287593.5618,-84,-17,-112
1747907287632.094,127032,1747907287613.406,-97,-9,-122
1747907287651.937,127063,1747907287633.313,-92,-9,-116
1747907287671.812,127076,1747907287653.156,-84,-17,-113
1747907287691.656,127078,1747907287673.031,-96,-17,-114
1747907287711.531,127072,1747907287692.875,-89,-17,-117
1747907287731.406,127085,1747907287712.75,-84,-17,-112
1747907287751.281,127089,1747907287732.594,-86,-17,-121
1747907287771.125,127114,1747907287752.5,-100,-17,-132
1747907287791.0,127148,1747907287772.344,-97,-10,-114
1747907287810.875,127210,1747907287792.219,-85,-17,-116
1747907287830.719,127282,1747907287812.063,-97,-9,-113
1747907287850.594,127347,1747907287831.969,-88,-17,-116
1747907287870.438,127412,1747907287851.781,-98,-9,-118
1747907287890.312,127485,1747907287871.625,-97,-13,-116
1747907287910.187,127550,1747907287891.563,-88,-17,-121
1747907287930.031,127619,1747907287911.406,-84,-9,-117
1747907287949.906,127677,1747907287931.25,-97,-13,-113
1747907287969.875,127710,1747907287951.156,-97,-17,-114
1747907287989.625,127703,1747907287971.063,-100,-10,-121
1747907288009.469,127644,1747907287990.844,-103,-18,-116
1747907288029.375,127570,1747907288010.687,-87,-17,-113
1747907288049.25,127490,1747907288030.562,-98,-17,-115
1747907288069.062,127444,1747907288050.469,-95,-17,-113
1747907288088.937,127405,1747907288070.312,-84,-17,-117
1747907288108.844,127366,1747907288090.156,-109,-15,-116
1747907288128.688,127350,1747907288110.031,-89,-17,-124
1747907288148.562,127361,1747907288129.938,-89,-9,-116
1747907288168.406,127386,1747907288149.75,-95,-25,-129
1747907288188.281,127409,1747907288169.625,-87,-13,-118
1747907288208.156,127444,1747907288189.5,-97,-14,-117
1747907288228.0,127462,1747907288209.375,-104,-10,-121
1747907288247.875,127500,1747907288229.219,-89,-17,-114
1747907288267.719,127507,1747907288249.094,-88,-17,-119
1747907288287.625,127502,1747907288268.937,-97,-17,-116
1747907288307.469,127497,1747907288288.8132,-96,-9,-115
1747907288327.281,127498,1747907288308.656,-88,-17,-117
1747907288347.188,127523,1747907288328.469,-93,-17,-123
1747907288367.031,127548,1747907288348.375,-93,-18,-117
1747907288386.875,127580,1747907288368.25,-85,-17,-114
1747907288406.75,127612,1747907288388.063,-96,-17,-116
1747907288426.594,127643,1747907288407.969,-98,-17,-121
1747907288446.469,127674,1747907288427.812,-76,-17,-128
1747907288466.313,127710,1747907288447.687,-96,-10,-116
1747907288486.187,127744,1747907288467.531,-103,-9,-113
1747907288506.031,127801,1747907288487.375,-91,-10,-124
1747907288525.906,127862,1747907288507.25,-100,-17,-118
1747907288545.719,127908,1747907288527.125,-79,-17,-118
1747907288565.594,127967,1747907288546.906,-88,-17,-114
1747907288585.469,127970,1747907288566.813,-96,-17,-120
1747907288605.313,127932,1747907288586.656,-89,-17,-114
1747907288625.156,127859,1747907288606.5,-97,-17,-122
1747907288645.031,127764,1747907288626.375,-88,-9,-115
1747907288664.875,127639,1747907288646.219,-97,-17,-122
1747907288684.75,127548,1747907288666.094,-97,-17,-114
1747907288704.688,127475,1747907288685.937,-89,-17,-113
1747907288724.438,127435,1747907288705.906,-89,-17,-116
1747907288744.312,127408,1747907288725.656,-95,-25,-113
1747907288764.156,127393,1747907288745.531,-93,-10,-113
1747907288784.0,127402,1747907288765.375,-93,-17,-125
1747907288803.844,127403,1747907288785.156,-93,-9,-128
1747907288823.719,127411,1747907288805.063,-95,-17,-120
1747907288843.5618,127428,1747907288824.906,-90,-16,-125
1747907288863.406,127430,1747907288844.75,-97,-9,-115
1747907288883.25,127448,1747907288864.625,-97,-17,-114
1747907288903.125,127444,1747907288884.469,-101,-17,-112
1747907288923.0,127446,1747907288904.344,-87,-17,-113
1747907288942.812,127453,1747907288924.219,-89,-8,-114
1747907288962.688,127461,1747907288944.062,-96,-17,-119
1747907288982.563,127473,1747907288963.906,-84,-17,-113
1747907289002.4058,127498,1747907288983.75,-97,-17,-116
1747907289022.25,127525,1747907289003.625,-88,-17,-119
1747907289042.156,127557,1747907289023.5,-89,-9,-121
1747907289061.969,127588,1747907289043.375,-100,-9,-116
1747907289081.844,127619,1747907289063.188,-86,-17,-117
1747907289101.656,127655,1747907289083.031,-95,-17,-120
1747907289121.531,127697,1747907289102.844,-97,-17,-124
1747907289141.406,127743,1747907289122.719,-89,-9,-116
1747907289161.281,127793,1747907289142.594,-89,-9,-120
1747907289181.062,127848,1747907289162.438,-96,-25,-114
1747907289200.906,127879,1747907289182.281,-89,-17,-121
1747907289220.781,127873,1747907289202.125,-85,-17,-122
1747907289240.656,127812,1747907289222.0,-84,-18,-125
1747907289260.469,127687,1747907289241.844,-100,-17,-116
1747907289280.312,127573,1747907289261.719,-84,-17,-119
1747907289300.187,127457,1747907289281.531,-93,-17,-122
1747907289320.031,127371,1747907289301.375,-87,-17,-112
1747907289339.844,127301,1747907289321.25,-92,-17,-117
1747907289359.688,127247,1747907289341.125,-81,-10,-117
1747907289379.531,127231,1747907289360.906,-88,-13,-113
1747907289399.406,127200,1747907289380.75,-92,-12,-114
1747907289419.25,127185,1747907289400.594,-84,-19,-124
1747907289439.063,127167,1747907289420.437,-97,-9,-119
1747907289458.906,127171,1747907289440.25,-89,-17,-112
1747907289478.781,127180,1747907289460.094,-96,-9,-122
1747907289498.594,127166,1747907289480.0,-95,-10,-122
1747907289518.438,127175,1747907289499.8118,-97,-15,-120
1747907289538.313,127166,1747907289519.625,-95,-17,-116
1747907289558.125,127164,1747907289539.5,-73,-13,-121
1747907289578.0,127151,1747907289559.344,-95,-9,-112
1747907289597.844,127145,1747907289579.219,-92,-18,-117
1747907289617.688,127159,1747907289599.031,-97,-13,-114
1747907289637.563,127190,1747907289618.969,-85,-17,-122
1747907289657.406,127227,1747907289638.781,-86,-10,-114
1747907289677.25,127261,1747907289658.625,-89,-9,-117
1747907289697.125,127292,1747907289678.469,-89,-18,-116
1747907289717.062,127330,1747907289698.344,-97,-17,-112
1747907289736.875,127401,1747907289718.25,-100,-10,-112
1747907289756.687,127445,1747907289738.094,-95,-13,-114
1747907289776.563,127504,1747907289757.906,-85,-17,-113
1747907289796.438,127556,1747907289777.781,-103,-17,-114
1747907289816.312,127613,1747907289797.625,-100,-17,-119
1747907289836.156,127671,1747907289817.5,-93,-9,-121
1747907289856.0,127736,1747907289837.375,-93,-16,-119
1747907289875.875,127759,1747907289857.187,-88,-17,-118
1747907289895.719,127719,1747907289877.063,-83,-17,-121
1747907289915.562,127632,1747907289896.938,-93,-18,-129
1747907289935.531,127543,1747907289916.781,-84,-9,-125
1747907289955.313,127446,1747907289936.656,-89,-26,-124
1747907289975.188,127371,1747907289956.5,-98,-9,-124
1747907289995.031,127306,1747907289976.406,-81,-17,-117
1747907290014.875,127250,1747907289996.219,-91,-17,-117
1747907290034.781,127232,1747907290016.094,-96,-17,-116
1747907290054.625,127206,1747907290036.0,-87,-18,-121
1747907290074.437,127204,1747907290055.813,-98,-17,-120
1747907290094.312,127198,1747907290075.625,-87,-17,-121
1747907290114.25,127207,1747907290095.562,-93,-17,-121
1747907290134.031,127220,1747907290115.437,-89,-17,-120
1747907290153.906,127227,1747907290135.25,-93,-17,-116
1747907290173.75,127245,1747907290155.063,-97,-9,-120
1747907290193.594,127258,1747907290174.937,-89,-17,-120
1747907290213.469,127259,1747907290194.812,-88,-10,-116
1747907290233.281,127251,1747907290214.688,-97,-9,-114
1747907290253.156,127276,1747907290234.5,-85,-25,-106
1747907290273.031,127281,1747907290254.375,-85,-9,-113
1747907290292.875,127300,1747907290274.25,-89,-17,-124
1747907290312.75,127337,1747907290294.094,-84,-17,-129
1747907290332.594,127362,1747907290313.938,-85,-17,-116
1747907290352.469,127413,1747907290333.813,-93,-17,-121
1747907290372.344,127454,1747907290353.656,-90,-9,-121
1747907290392.156,127507,1747907290373.562,-81,-9,-112
1747907290412.031,127570,1747907290393.375,-93,-10,-113
1747907290431.906,127623,1747907290413.188,-89,-13,-113
1747907290451.75,127699,1747907290433.094,-88,-17,-114
1747907290471.594,127757,1747907290452.9368,-100,-17,-114
1747907290491.469,127819,1747907290472.781,-101,-16,-112
1747907290511.344,127887,1747907290492.688,-84,-17,-120
1747907290531.219,127960,1747907290512.563,-93,-17,-117
1747907290551.031,128037,1747907290532.406,-90,-9,-124
1747907290570.906,128094,1747907290552.25,-87,-10,-121
1747907290590.75,128150,1747907290572.094,-92,-16,-125
1747907290610.625,128183,1747907290591.969,-89,-17,-125
1747907290630.438,128132,1747907290611.875,-88,-10,-125
1747907290650.344,128074,1747907290631.687,-84,-9,-128
1747907290670.187,127975,1747907290651.531,-97,-13,-116
1747907290690.031,127872,1747907290671.406,-84,-16,-124
1747907290709.906,127798,1747907290691.281,-88,-17,-116
1747907290729.75,127722,1747907290711.125,-93,-17,-114
1747907290749.625,127667,1747907290730.969,-100,-17,-108
1747907290769.5,127623,1747907290750.813,-84,-10,-118
1747907290789.344,127607,1747907290770.688,-88,-18,-122
1747907290809.156,127604,1747907290790.562,-97,-9,-120
1747907290829.031,127598,1747907290810.344,-85,-17,-124
1747907290848.875,127596,1747907290830.219,-96,-17,-114
1747907290868.687,127601,1747907290850.063,-81,-17,-124
1747907290888.562,127596,1747907290869.906,-87,-10,-121
1747907290908.375,127600,1747907290889.75,-98,-17,-114
1747907290928.25,127625,1747907290909.562,-88,-25,-127
1747907290948.062,127631,1747907290929.469,-100,-17,-113
1747907290967.906,127639,1747907290949.25,-87,-17,-116
1747907290987.781,127690,1747907290969.125,-100,-17,-112
1747907291007.625,127703,1747907290989.0,-98,-17,-119
1747907291027.469,127731,1747907291008.844,-103,-9,-115
1747907291047.312,127770,1747907291028.719,-90,-13,-120
1747907291067.187,127803,1747907291048.531,-96,-17,-116
1747907291087.031,127850,1747907291068.3442,-86,-13,-119
1747907291106.844,127904,1747907291088.25,-96,-9,-114
1747907291126.719,127959,1747907291108.063,-89,-18,-121
1747907291146.562,128034,1747907291127.906,-95,-17,-113
1747907291166.437,128085,1747907291147.781,-88,-18,-115
1747907291186.281,128149,1747907291167.687,-93,-17,-114
1747907291206.125,128220,1747907291187.5,-93,-9,-118
1747907291225.969,128284,1747907291207.313,-85,-17,-122
1747907291245.812,128358,1747907291227.188,-88,-17,-121
1747907291265.656,128427,1747907291247.031,-92,-25,-127
1747907291285.5,128487,1747907291266.875,-88,-17,-121
1747907291305.344,128568,1747907291286.719,-96,-10,-116
1747907291325.187,128651,1747907291306.531,-87,-17,-112
1747907291345.062,128713,1747907291326.406,-96,-9,-116
1747907291364.875,128794,1747907291346.281,-89,-9,-121
1747907291384.75,128860,1747907291366.094,-96,-9,-122
1747907291404.625,128937,1747907291385.938,-88,-17,-121
1747907291424.469,128947,1747907291405.844,-84,-17,-120
1747907291444.313,128914,1747907291425.687,-95,-18,-121
1747907291464.25,128859,1747907291445.5,-100,-17,-118
1747907291484.0,128779,1747907291465.438,-96,-9,-113
1747907291503.875,128728,1747907291485.219,-85,-13,-121
1747907291523.719,128665,1747907291505.094,-97,-9,-119
1747907291543.563,128633,1747907291524.937,-97,-9,-117
1747907291563.438,128606,1747907291544.75,-92,-13,-116
1747907291583.281,128595,1747907291564.625,-88,-17,-109
1747907291603.094,128591,1747907291584.469,-90,-10,-116
1747907291622.969,128591,1747907291604.312,-87,-9,-120
1747907291642.813,128624,1747907291624.187,-79,-18,-121
1747907291662.688,128642,1747907291644.031,-84,-17,-128
1747907291682.531,128647,1747907291663.906,-92,-17,-114
1747907291702.375,128668,1747907291683.75,-89,-13,-119
1747907291722.25,128679,1747907291703.594,-89,-17,-125
1747907291742.125,128696,1747907291723.469,-96,-17,-121
1747907291761.937,128709,1747907291743.313,-88,-17,-122
1747907291781.781,128717,1747907291763.094,-85,-13,-113
1747907291801.688,128749,1747907291782.969,-89,-9,-114
1747907291821.5,128770,1747907291802.875,-89,-13,-119
1747907291841.313,128799,1747907291822.687,-84,-21,-114
1747907291861.187,128827,1747907291842.563,-89,-10,-121
1747907291881.031,128885,1747907291862.375,-97,-17,-116
1747907291900.906,128926,1747907291882.219,-95,-9,-125
1747907291920.75,128973,1747907291902.094,-87,-10,-114
1747907291940.562,129027,1747907291921.906,-90,-37,-113
1747907291960.437,129078,1747907291941.75,-88,-9,-119
1747907291980.281,129145,1747907291961.594,-90,-17,-112
1747907292000.094,129202,1747907291981.469,-88,-17,-121
1747907292019.969,129268,1747907292001.312,-97,-13,-119
1747907292039.812,129318,1747907292021.188,-97,-14,-114
1747907292059.687,129372,1747907292041.0308,-86,-9,-123
1747907292079.5,129444,1747907292060.906,-95,-17,-113
1747907292099.344,129515,1747907292080.719,-87,-21,-108
1747907292119.219,129580,1747907292100.563,-80,-17,-121
1747907292139.125,129651,1747907292120.406,-87,-17,-117
1747907292158.906,129722,1747907292140.344,-88,-17,-119
1747907292178.75,129784,1747907292160.125,-85,-15,-119
1747907292198.625,129865,1747907292179.969,-97,-10,-114
1747907292218.469,129914,1747907292199.813,-97,-17,-125
1747907292238.281,129907,1747907292219.656,-93,-17,-121
1747907292258.125,129885,1747907292239.562,-88,-9,-114
1747907292278.0,129814,1747907292259.344,-98,-33,-123
1747907292297.844,129745,1747907292279.187,-89,-13,-117
1747907292317.687,129702,1747907292299.063,-103,-9,-116
1747907292337.531,129657,1747907292318.906,-88,-13,-125
1747907292357.406,129644,1747907292338.719,-99,-17,-116
1747907292377.219,129626,1747907292358.594,-96,-13,-116
1747907292397.094,129638,1747907292378.438,-84,-10,-114
1747907292416.937,129627,1747907292398.281,-96,-17,-116
1747907292436.781,129646,1747907292418.125,-89,-17,-119
1747907292456.625,129671,1747907292438.0,-87,-17,-116
1747907292476.562,129708,1747907292457.844,-92,-9,-125
1747907292496.312,129739,1747907292477.781,-100,-9,-114
1747907292516.187,129767,1747907292497.531,-96,-19,-124
1747907292536.063,129784,1747907292517.375,-88,-9,-121
1747907292555.906,129800,1747907292537.25,-97,-17,-117
1747907292575.7192,129829,1747907292557.125,-97,-17,-125
1747907292595.687,129835,1747907292576.938,-88,-10,-121
1747907292615.437,129855,1747907292596.812,-94,-33,-123
1747907292635.313,129901,1747907292616.625,-88,-9,-121
1747907292655.156,129923,1747907292636.531,-98,-9,-116
1747907292675.0,129963,1747907292656.344,-93,-17,-125
1747907292694.844,130024,1747907292676.188,-89,-9,-117
1747907292714.688,130070,1747907292696.062,-98,-10,-121
1747907292734.531,130110,1747907292715.937,-92,-17,-121
1747907292754.375,130186,1747907292735.75,-88,-17,-121
1747907292774.25,130254,1747907292755.625,-95,-17,-119
1747907292794.125,130309,1747907292775.438,-81,-17,-117
1747907292814.0,130396,1747907292795.344,-85,-9,-121
1747907292833.781,130450,1747907292815.187,-89,-9,-121
1747907292853.625,130523,1747907292835.0,-88,-15,-125
1747907292873.5,130570,1747907292854.844,-93,-9,-117
1747907292893.312,130631,1747907292874.687,-97,-13,-110
1747907292913.156,130683,1747907292894.531,-95,-9,-116
1747907292933.031,130755,1747907292914.375,-89,-10,-119
1747907292952.875,130808,1747907292934.219,-88,-25,-121
1747907292972.719,130891,1747907292954.094,-82,-10,-116
1747907292992.563,130953,1747907292973.937,-89,-9,-117
1747907293012.406,131009,1747907292993.75,-85,-17,-112
1747907293032.281,131011,1747907293013.594,-90,-17,-124
1747907293052.094,130986,1747907293033.469,-83,-17,-119
1747907293071.969,130933,1747907293053.375,-95,-10,-116
1747907293091.844,130864,1747907293073.156,-98,-17,-125
1747907293111.656,130816,1747907293093.031,-90,-9,-121
1747907293131.5,130761,1747907293112.844,-87,-13,-119
1747907293151.437,130723,1747907293132.719,-98,-17,-121
1747907293171.187,130703,1747907293152.625,-92,-9,-120
1747907293191.063,130715,1747907293172.406,-84,-19,-123
1747907293210.906,130705,1747907293192.281,-97,-17,-109
1747907293230.719,130692,1747907293212.125,-97,-18,-116
1747907293250.562,130710,1747907293231.938,-83,-13,-125
1747907293270.438,130717,1747907293251.781,-87,-9,-120
1747907293290.313,130751,1747907293271.656,-100,-16,-125
1747907293310.156,130748,1747907293291.5,-86,-17,-112
1747907293330.0,130765,1747907293311.375,-93,-17,-117
1747907293349.875,130770,1747907293331.219,-92,-17,-125
1747907293369.719,130784,1747907293351.062,-87,-17,-119
1747907293389.563,130817,1747907293370.969,-97,-17,-111
1747907293409.406,130831,1747907293390.781,-94,-17,-111
1747907293429.281,130843,1747907293410.625,-93,-17,-125
1747907293449.156,130878,1747907293430.5,-89,-17,-121
1747907293469.0,130917,1747907293450.375,-89,-17,-119
1747907293488.875,130951,1747907293470.219,-95,-17,-120
1747907293508.687,130987,1747907293490.094,-92,-17,-117
1747907293528.563,131035,1747907293509.906,-97,-19,-119
1747907293548.406,131105,1747907293529.781,-96,-9,-112
1747907293568.25,131165,1747907293549.594,-80,-17,-120
1747907293588.094,131203,1747907293569.469,-95,-18,-121
1747907293608.031,131275,1747907293589.313,-83,-10,-120
1747907293627.781,131326,1747907293609.1868,-96,-33,-119
1747907293647.656,131383,1747907293629.0,-98,-17,-112
1747907293667.5,131440,1747907293648.875,-87,-10,-123
1747907293687.375,131508,1747907293668.719,-92,-18,-128
1747907293707.219,131569,1747907293688.594,-89,-10,-116
1747907293727.063,131622,1747907293708.437,-88,-17,-119
1747907293746.938,131689,1747907293728.281,-85,-17,-114
1747907293766.781,131771,1747907293748.125,-93,-9,-116
1747907293786.594,131820,1747907293767.969,-82,-17,-117
1747907293806.469,131876,1747907293787.812,-87,-17,-114
1747907293826.313,131924,1747907293807.656,-92,-10,-114
1747907293846.187,131916,1747907293827.531,-100,-17,-112
1747907293866.0,131893,1747907293847.406,-85,-17,-121
1747907293885.875,131843,1747907293867.219,-93,-10,-112
1747907293905.688,131783,1747907293887.062,-99,-17,-123
1747907293925.563,131752,1747907293906.906,-96,-9,-114
1747907293945.406,131713,1747907293926.813,-96,-18,-121
1747907293965.25,131681,1747907293946.594,-88,-17,-118
1747907293985.125,131667,1747907293966.469,-95,-17,-121
1747907294004.969,131668,1747907293986.344,-95,-17,-122
1747907294024.812,131668,1747907294006.188,-94,-12,-129
1747907294044.656,131676,1747907294026.031,-84,-17,-121
1747907294064.531,131684,1747907294045.875,-98,-9,-116
1747907294084.375,131713,1747907294065.719,-96,-17,-119
1747907294104.219,131745,1747907294085.625,-86,-17,-118
1747907294124.062,131751,1747907294105.438,-92,-17,-121
1747907294143.937,131771,1747907294125.281,-84,-17,-118
1747907294163.8132,131795,1747907294145.094,-89,-13,-119
1747907294183.594,131791,1747907294165.0,-97,-17,-114
1747907294203.469,131824,1747907294184.844,-85,-15,-119
1747907294223.312,131847,1747907294204.656,-98,-10,-115
1747907294243.156,131891,1747907294224.469,-101,-17,-117
1747907294263.0,131919,1747907294244.344,-90,-9,-121
1747907294282.844,131951,1747907294264.25,-87,-17,-118
1747907294302.687,131988,1747907294284.031,-96,-33,-118
1747907294322.531,132031,1747907294303.906,-94,-9,-120
1747907294342.375,132080,1747907294323.75,-100,-12,-119
1747907294362.188,132145,1747907294343.5618,-88,-17,-112
1747907294382.063,132187,1747907294363.406,-89,-17,-116
1747907294401.906,132249,1747907294383.313,-102,-8,-104
1747907294421.75,132291,1747907294403.125,-98,-17,-113
1747907294441.562,132338,1747907294422.969,-85,-9,-128
1747907294461.406,132394,1747907294442.781,-95,-9,-124
1747907294481.25,132458,1747907294462.625,-88,-17,-123
1747907294501.219,132507,1747907294482.469,-87,-10,-121
1747907294520.937,132560,1747907294502.437,-95,-17,-121
1747907294540.813,132634,1747907294522.156,-100,-21,-121
1747907294560.656,132692,1747907294542.031,-97,-17,-123
1747907294580.5308,132748,1747907294561.875,-101,-9,-117
1747907294600.344,132812,1747907294581.719,-96,-9,-118
1747907294620.187,132873,1747907294601.562,-96,-17,-118
1747907294640.063,132908,1747907294621.375,-100,-16,-113
1747907294659.938,132926,1747907294641.25,-97,-17,-125
1747907294679.719,132875,1747907294661.125,-87,-9,-119
1747907294699.594,132822,1747907294680.969,-98,-9,-112
1747907294719.438,132785,1747907294700.812,-94,-9,-125
1747907294739.281,132749,1747907294720.656,-100,-9,-112
1747907294759.125,132720,1747907294740.563,-101,-17,-119
1747907294778.969,132710,1747907294760.344,-89,-9,-121
1747907294798.812,132695,1747907294780.188,-88,-9,-116
1747907294818.688,132701,1747907294800.062,-97,-17,-113
1747907294838.625,132688,1747907294819.906,-88,-10,-117
1747907294858.344,132707,1747907294839.844,-93,-9,-116
1747907294878.219,132728,1747907294859.5632,-84,-16,-119
1747907294898.094,132735,1747907294879.437,-95,-9,-119
1747907294917.938,132768,1747907294899.312,-105,-17,-124
1747907294937.781,132777,1747907294919.156,-97,-9,-116
1747907294957.625,132797,1747907294939.0,-89,-10,-121
1747907294977.469,132795,1747907294958.813,-88,-16,-124
1747907294997.344,132813,1747907294978.687,-96,-17,-113
1747907295017.156,132847,1747907294998.562,-87,-12,-121
1747907295037.031,132863,1747907295018.344,-93,-17,-112
1747907295056.875,132893,1747907295038.25,-95,-17,-116
1747907295076.75,132924,1747907295058.094,-84,-9,-114
1747907295096.594,132958,1747907295078.031,-95,-9,-113
1747907295116.438,132995,1747907295097.812,-97,-9,-119
1747907295136.281,133039,1747907295117.625,-90,-9,-117
1747907295156.156,133106,1747907295137.531,-93,-18,-117
1747907295176.063,133144,1747907295157.344,-90,-17,-118
1747907295195.844,133197,1747907295177.281,-96,-9,-122
1747907295215.688,133253,1747907295197.063,-93,-19,-121
1747907295235.594,133289,1747907295216.938,-84,-17,-119
1747907295255.406,133353,1747907295236.7808,-97,-17,-121
1747907295275.25,133393,1747907295256.625,-85,-17,-119
1747907295295.094,133462,1747907295276.469,-84,-17,-116
1747907295314.937,133518,1747907295296.313,-96,-25,-121
1747907295334.781,133579,1747907295316.125,-88,-9,-120
1747907295354.625,133640,1747907295336.0,-95,-10,-121
1747907295374.469,133673,1747907295355.844,-88,-10,-127
1747907295394.344,133756,1747907295375.688,-96,-9,-121
1747907295414.156,133806,1747907295395.531,-87,-9,-117
1747907295434.031,133848,1747907295415.375,-97,-9,-121
1747907295453.906,133924,1747907295435.219,-91,-17,-120
1747907295473.719,134003,1747907295455.094,-95,-17,-114
1747907295493.562,134029,1747907295474.938,-95,-10,-120
1747907295513.406,134037,1747907295494.781,-85,-18,-116
1747907295533.25,134028,1747907295514.625,-97,-17,-121
1747907295553.094,134011,1747907295534.437,-93,-23,-116
1747907295572.938,133985,1747907295554.281,-97,-17,-122
1747907295592.75,133983,1747907295574.156,-95,-21,-120
1747907295612.594,133962,1747907295593.969,-103,-17,-116
1747907295632.469,133978,1747907295613.812,-87,-17,-121
1747907295652.281,133982,1747907295633.687,-84,-8,-117
1747907295672.094,133999,1747907295653.5,-84,-10,-116
1747907295691.937,134028,1747907295673.313,-81,-17,-121
1747907295711.812,134061,1747907295693.156,-93,-17,-121
1747907295731.688,134080,1747907295713.031,-84,-17,-121
1747907295751.5,134073,1747907295732.875,-91,-10,-113
1747907295771.344,134116,1747907295752.719,-82,-17,-121
1747907295791.187,134146,1747907295772.563,-82,-17,-122
1747907295811.062,134230,1747907295792.406,-93,-17,-129
1747907295830.844,134392,1747907295812.281,-95,-17,-120
1747907295850.719,134586,1747907295832.062,-88,-9,-114
1747907295870.563,134719,1747907295851.906,-92,-17,-120
1747907295890.406,134871,1747907295871.75,-88,-9,-113
1747907295910.344,134950,1747907295891.625,-82,-18,-120
1747907295930.063,135025,1747907295911.437,-80,-23,-120
1747907295949.938,135087,1747907295931.25,-97,-13,-121
1747907295969.781,135156,1747907295951.125,-89,-17,-114
1747907295989.594,135244,1747907295971.0,-92,-17,-113
1747907296009.469,135332,1747907295990.875,-88,-17,-116
1747907296029.313,135400,1747907296010.687,-84,-17,-119
1747907296049.156,135449,1747907296030.531,-93,-10,-121
1747907296069.0,135491,1747907296050.375,-88,-17,-117
1747907296088.812,135524,1747907296070.25,-97,-17,-113
1747907296108.687,135553,1747907296090.031,-84,-9,-118
1747907296128.531,135595,1747907296109.906,-95,-9,-113
1747907296148.375,135621,1747907296129.75,-106,-9,-121
1747907296168.187,135671,1747907296149.563,-100,-9,-121
1747907296188.094,135708,1747907296169.406,-97,-17,-125
1747907296207.906,135717,1747907296189.281,-92,-25,-125
1747907296227.75,135711,1747907296209.094,-97,-17,-113
1747907296247.563,135667,1747907296229.0,-88,-17,-119
1747907296267.406,135629,1747907296248.75,-101,-1,-123
1747907296287.281,135568,1747907296268.625,-99,-17,-121
1747907296307.125,135497,1747907296288.5,-93,-10,-122
1747907296326.938,135452,1747907296308.312,-97,-16,-129
1747907296346.781,135406,1747907296328.156,-85,-10,-121
1747907296366.625,135397,1747907296348.0,-96,-17,-114
1747907296386.5,135379,1747907296367.844,-87,-18,-116
1747907296406.344,135376,1747907296387.719,-88,-25,-121
1747907296426.156,135387,1747907296407.562,-85,-10,-120
1747907296446.031,135380,1747907296427.375,-88,-10,-116
1747907296465.906,135395,1747907296447.25,-95,-17,-119
1747907296485.687,135411,1747907296467.094,-92,-9,-123
1747907296505.594,135409,1747907296486.937,-84,-13,-121
1747907296525.438,135412,1747907296506.781,-100,-17,-119
1747907296545.281,135439,1747907296526.625,-69,-17,-121
1747907296565.156,135413,1747907296546.5,-88,-13,-121
1747907296585.0,135431,1747907296566.406,-100,-9,-116
1747907296604.844,135422,1747907296586.219,-89,-1,-121
1747907296624.719,135445,1747907296606.063,-96,-17,-113
1747907296644.531,135447,1747907296625.906,-88,-9,-121
1747907296664.375,135466,1747907296645.781,-82,-13,-129
1747907296684.344,135504,1747907296665.594,-91,-17,-122
1747907296704.094,135522,1747907296685.469,-97,-26,-123
1747907296723.937,135546,1747907296705.281,-89,-9,-114
1747907296743.781,135556,1747907296725.156,-93,-17,-116
1747907296763.625,135601,1747907296745.0,-97,-10,-117
1747907296783.5,135610,1747907296764.906,-94,-9,-116
1747907296803.344,135661,1747907296784.688,-96,-13,-125
1747907296823.219,135693,1747907296804.563,-90,-17,-118
1747907296843.062,135716,1747907296824.375,-88,-13,-119
1747907296862.906,135742,1747907296844.25,-93,-9,-116
1747907296882.719,135773,1747907296864.094,-81,-17,-118
1747907296902.562,135815,1747907296883.938,-89,-17,-119
1747907296922.406,135856,1747907296903.75,-89,-17,-117
1747907296942.25,135844,1747907296923.625,-95,-25,-113
1747907296962.125,135838,1747907296943.5,-93,-18,-119
1747907296981.938,135801,1747907296963.312,-84,-17,-122
1747907297001.812,135766,1747907296983.188,-97,-20,-129
1747907297021.781,135720,1747907297003.0,-95,-9,-120
1747907297041.5,135688,1747907297022.875,-89,-21,-116
1747907297061.313,135657,1747907297042.719,-92,-17,-117
1747907297081.187,135646,1747907297062.5,-85,-9,-116
1747907297101.031,135647,1747907297082.375,-89,-17,-117
1747907297120.875,135644,1747907297102.25,-82,-13,-113
1747907297140.719,135635,1747907297122.125,-96,-17,-125
1747907297160.563,135658,1747907297141.937,-89,-9,-120
1747907297180.437,135684,1747907297161.781,-92,-17,-113
1747907297200.312,135709,1747907297181.6558,-85,-10,-116
1747907297220.125,135721,1747907297201.531,-89,-17,-120
1747907297240.0,135752,1747907297221.344,-95,-10,-121
1747907297259.875,135756,1747907297241.219,-85,-9,-120
1747907297279.719,135764,1747907297261.063,-96,-15,-123
1747907297299.562,135786,1747907297280.937,-89,-18,-111
1747907297319.406,135775,1747907297300.781,-90,-17,-114
1747907297339.281,135800,1747907297320.625,-97,-16,-129
1747907297359.156,135810,1747907297340.5,-88,-17,-121
1747907297378.969,135817,1747907297360.406,-89,-10,-112
1747907297398.844,135851,1747907297380.187,-86,-9,-124
1747907297418.719,135875,1747907297400.031,-92,-10,-121
1747907297438.531,135908,1747907297419.906,-92,-17,-124
1747907297458.375,135939,1747907297439.75,-86,-17,-113
1747907297478.219,135965,1747907297459.625,-97,-17,-125
1747907297498.125,136006,1747907297479.437,-89,-17,-120
1747907297517.938,136033,1747907297499.281,-100,-17,-119
1747907297537.75,136064,1747907297519.156,-87,-17,-120
1747907297557.625,136094,1747907297539.0,-85,-16,-113
1747907297577.469,136131,1747907297558.844,-91,-10,-121
1747907297597.344,136168,1747907297578.687,-93,-10,-116
1747907297617.188,136186,1747907297598.563,-107,-4,-122
1747907297637.062,136194,1747907297618.375,-93,-13,-117
1747907297656.938,136171,1747907297638.281,-92,-18,-116
1747907297676.781,136143,1747907297658.125,-84,-17,-92
1747907297696.625,136075,1747907297678.0,-98,-9,-121
1747907297716.5,136032,1747907297697.875,-90,-17,-122
1747907297736.375,135988,1747907297717.688,-85,-17,-125
1747907297756.25,135954,1747907297737.562,-100,-17,-108
1747907297776.125,135937,1747907297757.437,-84,-17,-121
1747907297795.937,135921,1747907297777.344,-84,-17,-121
1747907297815.781,135905,1747907297797.156,-95,-17,-114
1747907297835.625,135918,1747907297817.0,-97,-17,-116
1747907297855.469,135912,1747907297836.844,-95,-9,-116
1747907297875.313,135935,1747907297856.688,-95,-9,-115
1747907297895.156,135948,1747907297876.625,-81,-13,-114
1747907297915.031,135949,1747907297896.344,-84,-9,-121
1747907297934.875,135952,1747907297916.25,-84,-10,-121
1747907297954.688,135962,1747907297936.062,-97,-8,-121
1747907297974.687,135963,1747907297955.875,-93,-9,-121
1747907297994.406,135964,1747907297975.875,-87,-9,-119
1747907298014.281,135996,1747907297995.625,-95,-17,-101
1747907298034.125,135998,1747907298015.531,-100,-9,-121
1747907298053.938,136028,1747907298035.312,-91,-17,-114
1747907298073.812,136041,1747907298055.156,-85,-17,-123
1747907298093.687,136045,1747907298075.063,-84,-18,-115
1747907298113.469,136078,1747907298094.875,-101,-9,-114
1747907298133.344,136089,1747907298114.656,-84,-17,-125
1747907298153.219,136113,1747907298134.563,-84,-17,-127
1747907298173.062,136147,1747907298154.438,-95,-17,-114
1747907298192.906,136172,1747907298174.25,-96,-17,-117
1747907298212.781,136196,1747907298194.125,-84,-9,-120
1747907298232.594,136229,1747907298213.969,-88,-13,-119
1747907298252.469,136263,1747907298233.813,-96,-17,-116
1747907298272.281,136290,1747907298253.656,-88,-5,-116
1747907298292.156,136286,1747907298273.469,-89,-2,-114
1747907298312.0,136260,1747907298293.344,-100,-17,-122
1747907298331.875,136202,1747907298313.219,-88,-17,-120
1747907298351.687,136121,1747907298333.094,-95,-17,-104
1747907298371.531,136044,1747907298352.937,-88,-9,-121
1747907298391.406,135975,1747907298372.75,-98,-17,-121
1747907298411.25,135918,1747907298392.594,-88,-17,-127
1747907298431.094,135882,1747907298412.438,-95,-9,-122
1747907298450.906,135858,1747907298432.313,-97,-9,-116
1747907298470.781,135842,1747907298452.125,-84,-17,-117
1747907298490.688,135802,1747907298472.0,-97,-17,-118
1747907298510.5,135814,1747907298491.844,-72,-33,-121
1747907298530.375,135793,1747907298511.719,-90,-10,-112
1747907298550.219,135769,1747907298531.594,-87,-10,-113
1747907298570.094,135783,1747907298551.437,-88,-9,-121
1747907298589.938,135771,1747907298571.312,-87,-9,-118
1747907298609.906,135754,1747907298591.156,-88,-9,-113
1747907298629.687,135757,1747907298611.0,-90,-23,-122
1747907298649.531,135742,1747907298630.875,-88,-10,-116
1747907298669.375,135751,1747907298650.75,-81,-18,-127
1747907298689.219,135746,1747907298670.594,-88,-4,-127
1747907298709.094,135740,1747907298690.438,-99,-17,-111
1747907298728.969,135737,1747907298710.281,-88,-17,-113
1747907298748.813,135743,1747907298730.156,-100,-9,-112
1747907298768.656,135760,1747907298750.0,-90,-17,-125
1747907298788.531,135771,1747907298769.875,-96,-9,-114
1747907298808.406,135789,1747907298789.844,-97,-13,-120
1747907298828.25,135799,1747907298809.594,-87,-9,-120
1747907298848.094,135823,1747907298829.469,-97,-17,-114
1747907298867.969,135847,1747907298849.313,-97,-13,-120
1747907298887.938,135878,1747907298869.188,-87,-10,-117
1747907298907.656,135880,1747907298889.156,-91,-9,-121
1747907298927.531,135915,1747907298908.875,-87,-17,-121
1747907298947.406,135909,1747907298928.719,-85,-17,-116
1747907298967.25,135898,1747907298948.625,-97,-17,-116
1747907298987.094,135836,1747907298968.437,-81,-17,-119
1747907299006.938,135770,1747907298988.281,-86,-9,-122
1747907299026.813,135692,1747907299008.156,-87,-25,-124
1747907299046.656,135616,1747907299028.0,-93,-9,-114
1747907299066.5,135557,1747907299047.875,-89,-17,-118
1747907299086.375,135517,1747907299067.687,-100,-9,-112
1747907299106.25,135478,1747907299087.594,-95,-17,-125
1747907299126.094,135435,1747907299107.438,-87,-13,-125
1747907299145.937,135409,1747907299127.313,-89,-17,-121
1747907299165.813,135386,1747907299147.156,-87,-9,-117
1747907299185.656,135377,1747907299167.0,-100,-13,-113
1747907299205.562,135363,1747907299186.875,-82,-9,-121
1747907299225.375,135346,1747907299206.781,-85,-17,-121
1747907299245.313,135342,1747907299226.594,-85,-10,-119
1747907299265.125,135325,1747907299246.469,-84,-17,-115
1747907299285.0,135318,1747907299266.344,-93,-17,-114
1747907299304.812,135319,1747907299286.188,-89,-9,-114
1747907299324.687,135312,1747907299306.031,-95,-17,-116
1747907299344.531,135291,1747907299325.906,-93,-17,-114
1747907299364.406,135296,1747907299345.75,-101,-1,-120
1747907299384.25,135276,1747907299365.594,-96,-9,-121
1747907299404.125,135296,1747907299385.469,-85,-17,-114
1747907299424.0,135298,1747907299405.344,-86,-17,-104
1747907299443.875,135303,1747907299425.187,-92,-9,-116
1747907299463.687,135305,1747907299445.0632,-88,-17,-114
1747907299483.562,135324,1747907299464.906,-90,-17,-127
1747907299503.438,135341,1747907299484.75,-89,-9,-121
1747907299523.344,135349,1747907299504.656,-100,-17,-120
1747907299543.125,135359,1747907299524.531,-88,-10,-121
1747907299563.0,135388,1747907299544.344,-92,-9,-116
1747907299582.844,135407,1747907299564.219,-89,-17,-117
1747907299602.688,135402,1747907299584.0,-93,-9,-119
1747907299622.5,135379,1747907299603.906,-94,-9,-125
1747907299642.344,135316,1747907299623.813,-80,-17,-116
1747907299662.219,135241,1747907299643.563,-95,-17,-109
1747907299682.062,135154,1747907299663.437,-84,-17,-119
1747907299701.906,135068,1747907299683.281,-83,-7,-116
1747907299721.875,134983,1747907299703.094,-85,-17,-119
1747907299741.594,134922,1747907299723.094,-93,-17,-119
1747907299761.469,134858,1747907299742.813,-84,-17,-104
1747907299781.281,134824,1747907299762.719,-95,-10,-119
1747907299801.156,134791,1747907299782.531,-85,-17,-121
1747907299821.031,134777,1747907299802.344,-97,-13,-127
1747907299840.875,134755,1747907299822.219,-87,-17,-116
1747907299860.75,134748,1747907299842.094,-89,-10,-117
1747907299880.563,134718,1747907299861.969,-90,-9,-114
1747907299900.438,134693,1747907299881.781,-96,-17,-119
1747907299920.281,134685,1747907299901.625,-90,-9,-128
1747907299940.094,134661,1747907299921.469,-86,-9,-115
1747907299959.969,134655,1747907299941.344,-96,-9,-124
1747907299979.813,134632,1747907299961.1868,-96,-17,-121
1747907299999.687,134619,1747907299981.0,-82,-9,-122
1747907300019.625,134608,1747907300000.875,-85,-17,-125
1747907300039.344,134622,1747907300020.719,-97,-25,-118
1747907300059.219,134608,1747907300040.531,-87,-17,-120
1747907300079.063,134612,1747907300060.406,-89,-9,-122
1747907300098.937,134626,1747907300080.281,-98,-17,-106
1747907300118.75,134612,1747907300100.156,-89,-9,-116
1747907300138.625,134606,1747907300119.969,-95,-17,-122
1747907300158.469,134609,1747907300139.844,-88,-17,-129
1747907300178.344,134610,1747907300159.688,-88,-9,-116
1747907300198.219,134611,1747907300179.563,-84,-17,-113
1747907300218.031,134641,1747907300199.437,-86,-9,-116
1747907300237.906,134675,1747907300219.25,-93,-17,-113
1747907300257.75,134685,1747907300239.125,-90,-10,-117
1747907300277.594,134696,1747907300258.969,-88,-17,-121
1747907300297.437,134630,1747907300278.781,-94,-17,-114
1747907300317.281,134572,1747907300298.656,-90,-17,-116
1747907300337.125,134480,1747907300318.469,-87,-17,-117
1747907300356.938,134372,1747907300338.344,-97,-9,-120
1747907300376.781,134276,1747907300358.156,-89,-24,-120
1747907300396.625,134193,1747907300378.0,-89,-17,-116
1747907300416.5,134111,1747907300397.844,-100,-9,-119
1747907300436.313,134059,1747907300417.687,-84,-17,-107
1747907300456.187,134002,1747907300437.594,-85,-17,-113
1747907300476.031,133971,1747907300457.344,-84,-25,-120
1747907300495.875,133927,1747907300477.219,-85,-17,-125
1747907300515.719,133911,1747907300497.094,-95,-10,-114
1747907300535.563,133884,1747907300516.906,-89,-13,-121
1747907300555.406,133866,1747907300536.781,-89,-17,-120
1747907300575.281,133835,1747907300556.594,-90,-13,-122
1747907300595.062,133797,1747907300576.5,-97,-9,-113
1747907300614.938,133788,1747907300596.312,-84,-8,-120
1747907300634.813,133755,1747907300616.156,-97,-9,-116
1747907300654.625,133732,1747907300636.0,-100,-9,-119
1747907300674.469,133721,1747907300655.844,-85,-17,-121
1747907300694.344,133705,1747907300675.719,-95,-18,-116
1747907300714.156,133681,1747907300695.5618,-89,-5,-114
1747907300734.031,133675,1747907300715.344,-93,-10,-119
1747907300753.875,133666,1747907300735.219,-100,-17,-120
1747907300773.719,133661,1747907300755.094,-90,-25,-129
1747907300793.594,133656,1747907300774.906,-93,-17,-123
1747907300813.438,133673,1747907300794.812,-86,-18,-120
1747907300833.312,133696,1747907300814.656,-88,-9,-127
1747907300853.156,133710,1747907300834.531,-97,-10,-116
1747907300873.094,133726,1747907300854.375,-91,-9,-121
1747907300892.875,133734,1747907300874.281,-93,-17,-119
1747907300912.75,133747,1747907300894.063,-85,-13,-114
1747907300932.562,133761,1747907300913.969,-87,-9,-116
1747907300952.469,133791,1747907300933.781,-95,-9,-121
1747907300972.313,133767,1747907300953.687,-97,-9,-116
1747907300992.188,133686,1747907300973.594,-93,-13,-124
1747907301012.062,133597,1747907300993.406,-85,-10,-122
1747907301031.906,133492,1747907301013.25,-88,-9,-118
1747907301051.781,133384,1747907301033.125,-84,-9,-113
1747907301071.625,133270,1747907301053.0,-97,-17,-116
1747907301091.5,133197,1747907301072.844,-87,-17,-120
1747907301111.344,133130,1747907301092.688,-84,-8,-125
1747907301131.25,133066,1747907301112.562,-89,-17,-119
1747907301151.063,133028,1747907301132.406,-82,-13,-115
1747907301170.937,132993,1747907301152.313,-93,-9,-112
1747907301190.812,132951,1747907301172.156,-87,-10,-119
1747907301210.656,132919,1747907301192.031,-87,-17,-116
1747907301230.531,132908,1747907301211.875,-88,-9,-116
1747907301250.406,132873,1747907301231.75,-98,-17,-116
1747907301270.25,132855,1747907301251.594,-89,-17,-122
1747907301290.125,132826,1747907301271.4692,-84,-17,-122
1747907301309.969,132810,1747907301291.312,-96,-9,-114
1747907301329.813,132772,1747907301311.188,-89,-9,-120
1747907301349.687,132738,1747907301331.031,-95,-17,-113
1747907301369.531,132740,1747907301350.906,-89,-17,-121
1747907301389.375,132728,1747907301370.75,-97,-17,-119
1747907301409.25,132714,1747907301390.594,-97,-17,-117
1747907301429.094,132726,1747907301410.438,-94,-9,-121
1747907301448.937,132727,1747907301430.281,-88,-33,-114
1747907301468.781,132736,1747907301450.156,-93,-9,-121
1747907301488.625,132735,1747907301470.031,-93,-15,-117
1747907301508.5,132743,1747907301489.844,-84,-10,-125
1747907301528.375,132767,1747907301509.688,-84,-9,-117
1747907301548.187,132772,1747907301529.562,-97,-38,-116
1747907301568.063,132797,1747907301549.406,-89,-10,-118
1747907301587.9058,132832,1747907301569.25,-97,-9,-114
1747907301607.75,132851,1747907301589.094,-89,-17,-122
1747907301627.594,132877,1747907301608.969,-74,-17,-122
1747907301647.469,132896,1747907301628.875,-87,-17,-120
1747907301667.375,132916,1747907301648.656,-90,-13,-121
1747907301687.187,132919,1747907301668.531,-87,-13,-121
1747907301707.031,132876,1747907301688.375,-93,-17,-116
1747907301726.906,132813,1747907301708.25,-69,-17,-115
1747907301746.75,132689,1747907301728.125,-85,-8,-120
1747907301766.625,132611,1747907301747.969,-86,-17,-121
1747907301786.469,132511,1747907301767.844,-97,-4,-120
1747907301806.312,132442,1747907301787.719,-92,-10,-122
1747907301826.188,132380,1747907301807.531,-98,-10,-125
1747907301846.063,132335,1747907301827.375,-88,-25,-104
1747907301865.875,132308,1747907301847.25,-89,-9,-119
1747907301885.75,132269,1747907301867.125,-100,-17,-113
1747907301905.594,132252,1747907301886.937,-84,-9,-127
1747907301925.438,132237,1747907301906.781,-95,-13,-120
1747907301945.281,132238,1747907301926.656,-87,-9,-116
1747907301965.125,132228,1747907301946.5,-96,-9,-120
1747907301985.0,132208,1747907301966.3442,-97,-17,-122
1747907302004.813,132196,1747907301986.312,-87,-12,-113
1747907302024.719,132183,1747907302006.062,-84,-16,-117
1747907302044.562,132166,1747907302025.906,-89,-17,-114
1747907302064.375,132164,1747907302045.75,-90,-17,-121
1747907302084.25,132142,1747907302065.594,-92,-10,-120
1747907302104.094,132149,1747907302085.437,-86,-17,-117
1747907302123.938,132150,1747907302105.313,-101,-1,-116
1747907302143.781,132139,1747907302125.125,-94,-17,-116
1747907302163.625,132163,1747907302145.0,-84,-9,-125
1747907302183.5,132168,1747907302164.844,-89,-17,-100
1747907302203.344,132187,1747907302184.719,-84,-17,-112
1747907302223.187,132207,1747907302204.531,-93,-13,-117
1747907302243.062,132237,1747907302224.406,-92,-10,-121
1747907302262.906,132268,1747907302244.281,-100,-17,-116
1747907302282.75,132303,1747907302264.125,-89,-17,-114
1747907302302.594,132300,1747907302283.969,-87,-10,-114
1747907302322.469,132329,1747907302303.813,-94,-9,-112
1747907302342.344,132359,1747907302323.688,-88,-9,-114
1747907302362.156,132386,1747907302343.5618,-87,-9,-120
1747907302382.063,132426,1747907302363.344,-95,-9,-121
1747907302401.875,132439,1747907302383.25,-88,-17,-118
1747907302421.781,132437,1747907302403.094,-88,-17,-114
1747907302441.719,132376,1747907302422.969,-93,-9,-113
1747907302461.438,132296,1747907302442.812,-90,-23,-121
1747907302481.406,132212,1747907302462.656,-89,-10,-119
1747907302501.156,132122,1747907302482.625,-100,-17,-120
1747907302521.0,132040,1747907302502.375,-84,-17,-124
1747907302540.844,131966,1747907302522.219,-95,-10,-117
1747907302560.719,131923,1747907302542.062,-88,-17,-114
1747907302580.562,131880,1747907302561.906,-91,-9,-129
1747907302600.406,131861,1747907302581.75,-88,-25,-123
1747907302620.281,131836,1747907302601.594,-88,-9,-117
1747907302640.094,131827,1747907302621.469,-96,-9,-119
1747907302659.969,131828,1747907302641.313,-87,-17,-121
1747907302679.781,131831,1747907302661.156,-94,-5,-120
1747907302699.656,131834,1747907302680.969,-84,-9,-125
1747907302719.5,131828,1747907302700.875,-89,-9,-116
1747907302739.344,131825,1747907302720.781,-88,-10,-114
1747907302759.187,131813,1747907302740.531,-87,-13,-120
1747907302779.031,131807,1747907302760.406,-87,-9,-114
1747907302798.906,131804,1747907302780.25,-77,-9,-116
1747907302818.75,131769,1747907302800.125,-84,-17,-117
1747907302838.594,131780,1747907302820.0,-84,-10,-113
1747907302858.437,131798,1747907302839.844,-95,-17,-128
1747907302878.344,131799,1747907302859.656,-89,-10,-121
1747907302898.1882,131817,1747907302879.5,-90,-9,-125
1747907302918.0,131850,1747907302899.375,-95,-9,-129
1747907302937.875,131879,1747907302919.25,-88,-17,-117
1747907302957.719,131887,1747907302939.094,-98,-17,-112
1747907302977.594,131903,1747907302958.937,-87,-17,-116
1747907302997.438,131921,1747907302978.812,-93,-9,-113
1747907303017.281,131955,1747907302998.688,-88,-9,-119
1747907303037.156,132001,1747907303018.5,-93,-10,-113
1747907303057.0,132024,1747907303038.375,-95,-10,-119
1747907303076.844,132076,1747907303058.219,-89,-13,-116
1747907303096.719,132109,1747907303078.094,-87,-12,-117
1747907303116.594,132124,1747907303097.906,-98,-9,-125
1747907303136.469,132179,1747907303117.813,-73,-17,-120
1747907303156.313,132186,1747907303137.656,-100,-9,-123
1747907303176.156,132162,1747907303157.531,-84,-17,-119
1747907303196.031,132090,1747907303177.375,-96,-16,-121
1747907303215.906,132024,1747907303197.219,-87,-9,-113
1747907303235.719,131946,1747907303217.125,-81,-18,-114
1747907303255.594,131882,1747907303236.937,-90,-23,-112
1747907303275.469,131821,1747907303256.781,-84,-9,-121
1747907303295.312,131794,1747907303276.688,-85,-17,-104
1747907303315.187,131760,1747907303296.562,-88,-5,-118
1747907303335.031,131763,1747907303316.406,-93,-10,-121
1747907303354.906,131746,1747907303336.25,-87,-9,-124
1747907303374.781,131757,1747907303356.094,-84,-9,-116
1747907303394.625,131775,1747907303376.0,-89,-9,-118
1747907303414.469,131788,1747907303395.844,-89,-17,-116
1747907303434.375,131777,1747907303415.687,-97,-16,-122
1747907303454.25,131773,1747907303435.594,-95,-17,-121
1747907303474.062,131769,1747907303455.438,-65,-17,-113
1747907303493.938,131780,1747907303475.25,-87,-17,-117
1747907303513.781,131777,1747907303495.125,-86,-17,-118
1747907303533.6558,131782,1747907303515.0,-100,-10,-121
1747907303553.469,131792,1747907303534.875,-98,-9,-121
1747907303573.344,131818,1747907303554.688,-95,-9,-117
1747907303593.219,131835,1747907303574.562,-96,-17,-110
1747907303613.125,131846,1747907303594.375,-98,-9,-119
1747907303632.875,131883,1747907303614.281,-98,-23,-122
1747907303652.75,131909,1747907303634.094,-85,-17,-128
1747907303672.625,131944,1747907303653.969,-100,-13,-120
1747907303692.469,131962,1747907303673.844,-80,-17,-112
1747907303712.312,131996,1747907303693.688,-94,-13,-120
1747907303732.187,132044,1747907303713.531,-85,-17,-120
1747907303752.031,132077,1747907303733.375,-89,-18,-121
1747907303771.906,132115,1747907303753.25,-96,-9,-120
1747907303791.75,132147,1747907303773.125,-95,-17,-127
1747907303811.594,132191,1747907303792.969,-88,-13,-121
1747907303831.625,132238,1747907303812.781,-93,-9,-117
1747907303851.469,132283,1747907303832.687,-104,-25,-120
1747907303871.188,132330,1747907303852.531,-89,-32,-125
1747907303891.062,132339,1747907303872.375,-96,-9,-120
1747907303910.906,132316,1747907303892.281,-89,-17,-122
1747907303930.813,132256,1747907303912.125,-93,-17,-118
1747907303950.656,132167,1747907303932.031,-93,-9,-114
1747907303970.5,132110,1747907303951.875,-88,-17,-124
1747907303990.375,132050,1747907303971.719,-96,-9,-129
1747907304010.25,131988,1747907303991.594,-96,-9,-122
1747907304030.063,131959,1747907304011.469,-92,-9,-119
1747907304049.937,131935,1747907304031.281,-88,-17,-113
1747907304069.812,131936,1747907304051.156,-97,-10,-116
1747907304089.656,131943,1747907304071.0,-82,-13,-115
1747907304109.5,131946,1747907304090.844,-89,-13,-121
1747907304129.5,131966,1747907304110.687,-93,-9,-121
1747907304149.219,131981,1747907304130.688,-103,-9,-121
1747907304169.094,131999,1747907304150.438,-87,-21,-126
1747907304188.969,131998,1747907304170.312,-93,-9,-125
1747907304208.813,132013,1747907304190.187,-97,-17,-122
1747907304228.687,131995,1747907304210.031,-89,-9,-125
1747907304248.656,132004,1747907304229.875,-100,-17,-116
1747907304268.375,132008,1747907304249.781,-100,-25,-116
1747907304288.281,132028,1747907304269.594,-88,-17,-116
1747907304308.125,132047,1747907304289.5,-89,-17,-121
1747907304328.0,132078,1747907304309.344,-98,-17,-128
1747907304347.844,132099,1747907304329.187,-88,-9,-117
1747907304367.688,132128,1747907304349.062,-89,-9,-121
1747907304387.594,132152,1747907304368.906,-97,-9,-117
1747907304407.469,132170,1747907304388.781,-89,-10,-113
1747907304427.281,132209,1747907304408.687,-81,-4,-116
1747907304447.188,132267,1747907304428.531,-80,-9,-121
1747907304467.031,132290,1747907304448.375,-84,-10,-116
1747907304486.906,132332,1747907304468.281,-100,-12,-113
1747907304506.75,132353,1747907304488.094,-84,-18,-119
1747907304526.625,132414,1747907304507.969,-97,-10,-121
1747907304546.5,132444,1747907304527.844,-87,-10,-121
1747907304566.375,132489,1747907304547.719,-88,-9,-114
1747907304586.344,132490,1747907304567.594,-93,-18,-113
1747907304606.063,132493,1747907304587.437,-69,-31,-121
1747907304625.969,132457,1747907304607.281,-95,-17,-117
1747907304645.812,132411,1747907304627.156,-96,-9,-117
1747907304665.656,132352,1747907304647.031,-87,-16,-135
1747907304685.531,132326,1747907304666.875,-88,-10,-118
1747907304705.375,132288,1747907304686.75,-100,-9,-109
1747907304725.25,132274,1747907304706.594,-85,-17,-113
1747907304745.125,132258,1747907304726.469,-93,-17,-113
1747907304764.969,132262,1747907304746.281,-84,-17,-122
1747907304784.844,132268,1747907304766.313,-88,-9,-121
1747907304804.688,132302,1747907304786.031,-87,-17,-122
1747907304824.531,132342,1747907304805.906,-85,-10,-121
1747907304844.375,132356,1747907304825.7192,-97,-17,-122
1747907304864.25,132400,1747907304845.594,-88,-9,-113
1747907304884.094,132416,1747907304865.437,-95,-9,-115
1747907304903.937,132429,1747907304885.313,-93,-16,-118
1747907304923.781,132453,1747907304905.156,-89,-9,-117
1747907304943.656,132488,1747907304925.0,-97,-10,-116
1747907304963.469,132488,1747907304944.875,-97,-10,-116
1747907305003.125,93561,1747907304984.531,-88,-16,-112
1747907305022.969,93570,1747907305004.437,-95,-18,-108
1747907305042.844,93592,1747907305024.281,-95,-16,-113
1747907305062.656,93633,1747907305044.125,-87,-16,-120
1747907305082.531,93658,1747907305064.0,-88,-16,-116
1747907305102.375,93694,1747907305083.813,-95,-16,-122
1747907305122.25,93730,1747907305103.656,-85,-25,-121
1747907305142.063,93762,1747907305123.531,-87,-16,-121
1747907305161.906,93813,1747907305143.375,-87,-16,-121
1747907305181.781,93835,1747907305163.219,-97,-16,-121
1747907305201.75,93875,1747907305183.125,-100,-16,-117
1747907305221.437,93913,1747907305203.031,-103,-16,-116
1747907305241.313,93950,1747907305222.75,-93,-20,-124
1747907305261.25,93967,1747907305242.625,-84,-16,-123
1747907305281.031,93962,1747907305262.469,-105,-18,-112
1747907305300.875,93920,1747907305282.344,-93,-16,-116
1747907305320.719,93887,1747907305302.156,-89,-16,-118
1747907305340.563,93848,1747907305322.0,-97,-8,-116
1747907305360.406,93818,1747907305341.844,-90,-25,-121
1747907305380.25,93798,1747907305361.719,-80,-15,-115
1747907305400.125,93780,1747907305381.562,-96,-16,-112
1747907305419.969,93760,1747907305401.437,-98,-16,-116
1747907305439.844,93751,1747907305421.313,-93,-16,-120
1747907305459.687,93767,1747907305441.188,-89,-16,-121
1747907305479.531,93766,1747907305460.969,-97,-16,-120
1747907305499.406,93784,1747907305480.844,-93,-16,-121
1747907305519.25,93808,1747907305500.688,-87,-16,-125
1747907305539.156,93833,1747907305520.563,-85,-16,-121
1747907305558.937,93823,1747907305540.469,-90,-16,-116
1747907305578.813,93830,1747907305560.25,-95,-18,-109
1747907305598.688,93835,1747907305580.062,-89,-16,-121
1747907305618.5,93840,1747907305599.969,-82,-16,-121
1747907305638.375,93848,1747907305619.813,-94,-25,-117
1747907305658.187,93855,1747907305639.656,-96,-13,-116
1747907305678.063,93880,1747907305659.5,-86,-33,-112
1747907305697.906,93883,1747907305679.344,-88,-16,-121
1747907305717.75,93905,1747907305699.219,-88,-16,-116
1747907305737.625,93919,1747907305719.063,-97,-16,-125
1747907305757.5,93939,1747907305738.937,-95,-15,-121
1747907305777.344,93959,1747907305758.812,-100,-13,-115
1747907305797.188,93984,1747907305778.625,-84,-16,-120
1747907305817.031,94005,1747907305798.5,-93,-25,-116
1747907305836.875,94030,1747907305818.312,-84,-16,-117
1747907305856.75,94058,1747907305838.187,-95,-29,-116
1747907305876.563,94089,1747907305858.031,-93,-16,-116
1747907305896.437,94121,1747907305877.875,-85,-27,-113
1747907305916.281,94138,1747907305897.719,-97,-16,-121
1747907305936.156,94125,1747907305917.562,-97,-16,-129
1747907305956.0,94109,1747907305937.469,-87,-16,-121
1747907305975.844,94059,1747907305957.313,-87,-16,-120
1747907305995.719,94009,1747907305977.156,-88,-16,-120
1747907306015.594,93962,1747907305997.031,-93,-15,-114
1747907306035.406,93921,1747907306016.906,-97,-16,-114
1747907306055.281,93909,1747907306036.688,-87,-16,-121
1747907306075.125,93882,1747907306056.594,-97,-16,-129
1747907306095.0,93873,1747907306076.437,-88,-16,-120
1747907306114.844,93870,1747907306096.312,-84,-16,-113
1747907306134.688,93870,1747907306116.156,-93,-16,-116
1747907306154.562,93875,1747907306136.0,-89,-13,-121
1747907306174.406,93885,1747907306155.844,-84,-15,-125
1747907306194.25,93892,1747907306175.687,-79,-16,-121
1747907306214.094,93900,1747907306195.5618,-84,-16,-117
1747907306233.969,93897,1747907306215.406,-87,-16,-114
1747907306253.812,93907,1747907306235.25,-89,-8,-114
1747907306273.656,93916,1747907306255.125,-85,-16,-121
1747907306293.5,93923,1747907306274.937,-77,-8,-129
1747907306313.375,93925,1747907306294.781,-93,-16,-119
1747907306333.25,93939,1747907306314.688,-87,-25,-122
1747907306353.062,93953,1747907306334.531,-104,-7,-119
1747907306372.969,93965,1747907306354.344,-96,-15,-124
1747907306392.813,93966,1747907306374.25,-89,-16,-121
1747907306412.688,93988,1747907306394.125,-101,-25,-110
1747907306432.531,94002,1747907306414.031,-88,-19,-120
1747907306452.375,94029,1747907306433.812,-86,-16,-120
1747907306472.25,94068,1747907306453.656,-97,-16,-125
1747907306492.094,94112,1747907306473.531,-84,-16,-121
1747907306511.906,94147,1747907306493.406,-85,-29,-118
1747907306531.781,94201,1747907306513.2192,-93,-25,-113
1747907306551.656,94227,1747907306533.094,-88,-16,-121
1747907306571.531,94253,1747907306552.969,-89,-16,-125
1747907306591.3442,94261,1747907306572.781,-89,-12,-116
1747907306611.219,94213,1747907306592.625,-97,-16,-118
1747907306631.094,94185,1747907306612.5,-88,-16,-120
1747907306650.938,94143,1747907306632.375,-85,-25,-117
1747907306670.781,94099,1747907306652.25,-96,-16,-120
1747907306690.625,94083,1747907306672.094,-90,-18,-115
1747907306710.5,94064,1747907306691.906,-82,-16,-122
1747907306730.344,94063,1747907306711.781,-87,-16,-121
1747907306750.156,94072,1747907306731.625,-89,-15,-112
1747907306770.031,94082,1747907306751.469,-84,-16,-122
1747907306789.875,94092,1747907306771.313,-87,-16,-121
1747907306809.75,94085,1747907306791.187,-100,-16,-129
1747907306829.594,94106,1747907306811.031,-88,-16,-120
1747907306849.438,94105,1747907306830.875,-97,-16,-122
1747907306869.281,94106,1747907306850.719,-88,-15,-121
1747907306889.187,94113,1747907306870.594,-93,-16,-120
1747907306908.969,94116,1747907306890.5,-97,-16,-121
1747907306928.875,94101,1747907306910.281,-88,-16,-121
1747907306948.719,94117,1747907306930.156,-87,-25,-116
1747907306968.594,94106,1747907306950.031,-80,-20,-120
1747907306988.437,94119,1747907306969.906,-92,-21,-119
1747907307008.406,94131,1747907306989.75,-98,-16,-122
1747907307028.156,94141,1747907307009.594,-80,-21,-121
1747907307048.031,94165,1747907307029.469,-97,-16,-116
1747907307067.875,94189,1747907307049.312,-93,-16,-120
1747907307087.75,94196,1747907307069.156,-97,-8,-129
1747907307107.594,94220,1747907307089.063,-95,-25,-121
1747907307127.469,94245,1747907307108.906,-93,-16,-120
1747907307147.281,94265,1747907307128.75,-89,-16,-116
1747907307167.188,94299,1747907307148.625,-89,-16,-120
1747907307187.031,94311,1747907307168.5,-97,-16,-120
1747907307206.906,94327,1747907307188.375,-87,-16,-117
1747907307226.719,94315,1747907307208.156,-84,-16,-119
1747907307246.594,94271,1747907307228.0,-84,-16,-118
1747907307266.469,94216,1747907307247.906,-84,-16,-116
1747907307286.344,94154,1747907307267.781,-88,-25,-114
1747907307306.187,94089,1747907307287.656,-96,-17,-116
1747907307326.062,94060,1747907307307.469,-95,-12,-119
1747907307345.875,94022,1747907307327.312,-87,-16,-121
1747907307365.719,94013,1747907307347.188,-97,-16,-119
1747907307385.562,93987,1747907307366.969,-92,-15,-121
1747907307405.406,93982,1747907307386.844,-97,-15,-122
1747907307425.25,93985,1747907307406.687,-92,-36,-120
1747907307445.125,93983,1747907307426.531,-89,-8,-121
1747907307464.906,93983,1747907307446.406,-88,-16,-118
1747907307484.781,93998,1747907307466.219,-93,-16,-128
1747907307504.625,93995,1747907307486.063,-95,-16,-121
1747907307524.469,93987,1747907307505.937,-90,-5,-125
1747907307544.313,93993,1747907307525.812,-95,-16,-113
1747907307564.156,93988,1747907307545.625,-93,-16,-116
1747907307584.0,93997,1747907307565.469,-89,-16,-117
1747907307603.875,93998,1747907307585.312,-100,-16,-116
1747907307623.688,93994,1747907307605.187,-89,-20,-123
1747907307643.563,94014,1747907307625.0,-72,-25,-114
1747907307663.437,94012,1747907307644.844,-87,-17,-120
1747907307683.312,94029,1747907307664.719,-89,-16,-118
1747907307703.125,94041,1747907307684.594,-89,-16,-121
1747907307722.969,94065,1747907307704.406,-89,-25,-121
1747907307742.813,94080,1747907307724.25,-88,-9,-121
1747907307762.687,94114,1747907307744.125,-86,-37,-122
1747907307782.531,94127,1747907307764.0,-87,-25,-120
1747907307802.375,94135,1747907307783.812,-87,-16,-116
1747907307822.25,94170,1747907307803.656,-85,-16,-125
1747907307842.094,94194,1747907307823.563,-98,-16,-120
1747907307861.969,94181,1747907307843.406,-87,-13,-121
1747907307881.813,94163,1747907307863.281,-97,-15,-118
1747907307901.688,94118,1747907307883.0618,-85,-16,-121
1747907307921.531,94067,1747907307902.969,-89,-13,-120
1747907307941.406,94008,1747907307922.844,-79,-16,-118
1747907307961.25,93962,1747907307942.687,-97,-16,-113
1747907307981.125,93925,1747907307962.562,-96,-21,-122
1747907308001.031,93894,1747907307982.438,-89,-12,-117
1747907308020.906,93881,1747907308002.313,-85,-16,-122
1747907308040.719,93865,1747907308022.219,-82,-17,-120
1747907308060.594,93872,1747907308042.0,-96,-16,-121
1747907308080.5,93879,1747907308061.906,-85,-16,-119
1747907308100.312,93876,1747907308081.781,-89,-8,-110
1747907308120.187,93875,1747907308101.625,-93,-16,-114
1747907308140.063,93890,1747907308121.5,-95,-16,-116
1747907308159.938,93890,1747907308141.375,-90,-17,-128
1747907308179.781,93883,1747907308161.25,-93,-16,-117
1747907308199.625,93890,1747907308181.094,-97,-16,-128
1747907308219.5,93890,1747907308200.937,-88,-17,-129
1747907308239.344,93877,1747907308220.813,-96,-16,-122
1747907308259.187,93898,1747907308240.625,-95,-16,-121
1747907308279.062,93905,1747907308260.5,-97,-16,-118
1747907308298.906,93916,1747907308280.375,-84,-16,-120
1747907308318.75,93935,1747907308300.219,-96,-16,-116
1747907308338.594,93935,1747907308320.0632,-88,-16,-122
1747907308358.469,93960,1747907308339.875,-86,-16,-121
1747907308378.312,93975,1747907308359.75,-104,-16,-116
1747907308398.156,94007,1747907308379.594,-93,-16,-119
1747907308418.0,94031,1747907308399.469,-85,-16,-114
1747907308437.844,94054,1747907308419.281,-84,-25,-121
1747907308457.687,94082,1747907308439.094,-89,-16,-121
1747907308477.562,94083,1747907308459.031,-85,-25,-116
1747907308497.375,94078,1747907308478.875,-85,-16,-120
1747907308517.25,94023,1747907308498.688,-99,-16,-118
1747907308537.125,93983,1747907308518.563,-89,-29,-122
1747907308556.969,93927,1747907308538.406,-89,-15,-129
1747907308576.813,93868,1747907308558.25,-84,-16,-113
1747907308596.656,93834,1747907308578.156,-97,-16,-110
1747907308616.531,93804,1747907308597.969,-92,-16,-114
1747907308636.406,93794,1747907308617.781,-93,-16,-121
1747907308656.25,93785,1747907308637.719,-84,-19,-116
1747907308676.094,93782,1747907308657.5,-93,-16,-122
1747907308695.938,93782,1747907308677.375,-95,-15,-114
1747907308715.781,93785,1747907308697.25,-95,-16,-121
1747907308735.656,93788,1747907308717.094,-96,-14,-116
1747907308755.594,93795,1747907308736.969,-85,-16,-121
1747907308775.344,93802,1747907308756.781,-96,-23,-116
1747907308795.219,93791,1747907308776.594,-84,-16,-118
1747907308815.031,93789,1747907308796.5,-84,-16,-121
1747907308834.875,93779,1747907308816.344,-100,-4,-111
1747907308854.75,93791,1747907308836.1868,-88,-25,-114
1747907308874.563,93773,1747907308856.031,-77,-16,-121
1747907308894.437,93791,1747907308875.875,-96,-16,-112
1747907308914.25,93786,1747907308895.75,-97,-16,-121
1747907308934.125,93808,1747907308915.562,-89,-16,-114
1747907308954.0,93811,1747907308935.437,-85,-25,-113
1747907308973.844,93819,1747907308955.281,-89,-16,-114
1747907308993.656,93838,1747907308975.125,-93,-16,-117
1747907309013.531,93856,1747907308994.969,-94,-21,-120
1747907309033.375,93883,1747907309014.781,-87,-16,-113
1747907309053.219,93900,1747907309034.688,-108,-16,-120
1747907309073.062,93923,1747907309054.5,-86,-15,-118
1747907309093.031,93916,1747907309074.375,-87,-16,-121
1747907309112.75,93873,1747907309094.219,-96,-21,-120
1747907309132.625,93826,1747907309114.062,-89,-15,-118
1747907309152.438,93751,1747907309133.906,-99,-16,-114
1747907309172.281,93683,1747907309153.719,-96,-8,-115
1747907309192.156,93612,1747907309173.625,-80,-16,-121
1747907309212.0,93564,1747907309193.469,-82,-16,-116
1747907309231.844,93515,1747907309213.281,-92,-16,-116
1747907309251.719,93502,1747907309233.156,-88,-16,-124
1747907309271.531,93491,1747907309253.0,-93,-15,-125
1747907309291.437,93471,1747907309272.812,-95,-15,-119
1747907309311.25,93466,1747907309292.75,-100,-16,-119
1747907309331.094,93459,1747907309312.563,-88,-25,-121
1747907309350.969,93460,1747907309332.375,-96,-16,-116
1747907309370.812,93440,1747907309352.281,-89,-16,-121
1747907309390.625,93439,1747907309372.125,-84,-21,-117
1747907309410.5,93435,1747907309391.906,-86,-16,-121
1747907309430.344,93419,1747907309411.813,-89,-16,-125
1747907309450.219,93411,1747907309431.6558,-72,-21,-116
1747907309470.031,93408,1747907309451.531,-93,-16,-118
1747907309489.875,93413,1747907309471.344,-93,-16,-124
1747907309509.75,93402,1747907309491.156,-87,-7,-128
1747907309529.594,93398,1747907309511.0,-89,-16,-114
1747907309549.437,93411,1747907309530.906,-89,-16,-116
1747907309569.281,93422,1747907309550.719,-87,-16,-121
1747907309589.125,93436,1747907309570.594,-85,-16,-121
1747907309608.969,93454,1747907309590.438,-96,-16,-116
1747907309628.812,93465,1747907309610.281,-89,-16,-120
1747907309648.656,93494,1747907309630.094,-96,-16,-121
1747907309668.5,93513,1747907309649.969,-87,-16,-118
1747907309688.344,93519,1747907309669.812,-88,-16,-114
1747907309708.188,93505,1747907309689.656,-98,-16,-114
1747907309728.031,93440,1747907309709.5,-82,-16,-120
1747907309747.875,93363,1747907309729.312,-89,-16,-113
1747907309767.75,93285,1747907309749.187,-89,-16,-119
1747907309787.594,93205,1747907309769.063,-77,-13,-121
1747907309807.5,93131,1747907309788.906,-98,-16,-121
1747907309827.312,93075,1747907309808.688,-83,-25,-117
1747907309847.188,93015,1747907309828.594,-92,-8,-122
1747907309867.031,92983,1747907309848.469,-87,-16,-116
1747907309886.844,92957,1747907309868.344,-93,-16,-122
1747907309906.719,92918,1747907309888.156,-82,-15,-129
1747907309926.594,92907,1747907309908.031,-96,-15,-122
1747907309946.438,92893,1747907309927.906,-93,-16,-122
1747907309966.281,92889,1747907309947.75,-85,-16,-121
1747907309986.125,92877,1747907309967.594,-84,-16,-117
1747907310006.0,92850,1747907309987.406,-95,-16,-118
1747907310025.844,92843,1747907310007.281,-109,-16,-116
1747907310045.656,92817,1747907310027.156,-87,-16,-116
1747907310065.5,92812,1747907310046.938,-82,-16,-116
1747907310085.375,92808,1747907310066.813,-89,-16,-122
1747907310105.219,92803,1747907310086.656,-98,-16,-118
1747907310125.063,92802,1747907310106.531,-88,-21,-121
1747907310144.906,92795,1747907310126.375,-87,-16,-122
1747907310164.75,92799,1747907310146.188,-89,-16,-121
1747907310184.625,92798,1747907310166.063,-86,-15,-113
1747907310204.469,92814,1747907310185.937,-88,-29,-121
1747907310224.281,92824,1747907310205.75,-97,-16,-116
1747907310244.1558,92842,1747907310225.594,-85,-16,-129
1747907310264.031,92864,1747907310245.469,-84,-16,-122
1747907310283.844,92886,1747907310265.312,-82,-16,-121
1747907310303.688,92902,1747907310285.156,-92,-16,-120
1747907310323.563,92911,1747907310305.0,-89,-16,-120
1747907310343.375,92865,1747907310324.844,-93,-16,-129
1747907310363.25,92798,1747907310344.656,-88,-16,-117
1747907310383.0618,92712,1747907310364.562,-93,-16,-113
1747907310402.906,92623,1747907310384.375,-89,-25,-113
1747907310422.781,92533,1747907310404.219,-88,-16,-120
1747907310442.656,92465,1747907310424.094,-85,-16,-121
1747907310462.437,92413,1747907310443.938,-80,-25,-121
1747907310482.312,92356,1747907310463.75,-87,-25,-122
1747907310502.156,92305,1747907310483.625,-92,-16,-114
1747907310522.0,92278,1747907310503.438,-87,-17,-104
1747907310541.844,92256,1747907310523.344,-87,-20,-114
1747907310561.687,92240,1747907310543.187,-97,-16,-110
1747907310581.563,92216,1747907310563.0,-88,-16,-125
1747907310601.438,92201,1747907310582.844,-89,-16,-118
1747907310621.281,92190,1747907310602.75,-87,-16,-117
1747907310641.094,92173,1747907310622.563,-100,-16,-119
1747907310660.969,92145,1747907310642.406,-88,-16,-118
1747907310680.813,92116,1747907310662.25,-93,-16,-119
1747907310700.656,92104,1747907310682.094,-90,-16,-119
1747907310720.5,92092,1747907310701.938,-85,-16,-116
1747907310740.344,92090,1747907310721.781,-79,-16,-121
1747907310760.313,92082,1747907310741.656,-87,-16,-116
1747907310780.031,92089,1747907310761.625,-93,-16,-116
1747907310799.875,92099,1747907310781.313,-81,-17,-116
1747907310819.719,92111,1747907310801.188,-84,-16,-122
1747907310839.594,92114,1747907310821.031,-97,-16,-116
1747907310859.406,92130,1747907310840.875,-100,-21,-110
1747907310879.25,92157,1747907310860.75,-85,-16,-113
1747907310899.094,92175,1747907310880.531,-94,-16,-115
1747907310918.969,92202,1747907310900.4058,-91,-19,-125
1747907310938.812,92218,1747907310920.25,-84,-16,-116
1747907310958.625,92255,1747907310940.094,-90,-16,-121
1747907310978.5,92261,1747907310959.969,-85,-25,-118
1747907310998.375,92268,1747907310979.781,-90,-25,-116
1747907311018.219,92234,1747907310999.687,-93,-16,-117
1747907311038.063,92162,1747907311019.531,-95,-8,-117
1747907311057.906,92076,1747907311039.344,-96,-16,-112
1747907311077.75,91985,1747907311059.219,-87,-16,-118
1747907311097.625,91904,1747907311079.031,-87,-16,-116
1747907311117.4368,91819,1747907311098.906,-88,-16,-116
1747907311137.313,91761,1747907311118.719,-89,-15,-116
1747907311157.281,91700,1747907311138.562,-88,-16,-121
1747907311177.0,91668,1747907311158.469,-82,-29,-121
1747907311196.844,91613,1747907311178.313,-84,-29,-108
1747907311216.687,91586,1747907311198.187,-87,-16,-118
1747907311236.563,91548,1747907311218.0,-95,-16,-114
1747907311256.438,91531,1747907311237.875,-83,-16,-125
1747907311276.25,91518,1747907311257.75,-89,-16,-113
1747907311296.156,91493,1747907311277.531,-93,-16,-121
1747907311316.0,91468,1747907311297.469,-98,-17,-113
1747907311335.844,91456,1747907311317.313,-85,-16,-120
1747907311355.656,91427,1747907311337.156,-100,-16,-119
1747907311375.531,91409,1747907311356.9692,-100,-20,-118
1747907311395.375,91389,1747907311376.844,-88,-16,-116
1747907311415.219,91384,1747907311396.687,-84,-16,-116
1747907311435.063,91372,1747907311416.531,-89,-16,-116
1747907311454.906,91386,1747907311436.375,-100,-16,-114
1747907311474.781,91379,1747907311456.187,-81,-16,-121
1747907311494.656,91380,1747907311476.094,-88,-25,-116
1747907311514.469,91402,1747907311495.969,-93,-25,-122
1747907311534.344,91403,1747907311515.781,-85,-16,-113
1747907311554.187,91420,1747907311535.625,-90,-15,-121
1747907311574.063,91443,1747907311555.5,-84,-16,-122
1747907311593.875,91460,1747907311575.344,-85,-16,-129
1747907311613.75,91472,1747907311595.156,-90,-16,-122
1747907311633.625,91489,1747907311615.063,-97,-16,-123
1747907311653.469,91531,1747907311634.937,-88,-16,-122
1747907311673.313,91547,1747907311654.75,-96,-16,-122
1747907311693.125,91560,1747907311674.594,-84,-16,-120
1747907311713.0,91601,1747907311694.406,-88,-16,-121
1747907311732.844,91605,1747907311714.313,-88,-25,-117
1747907311752.687,91635,1747907311734.156,-95,-25,-116
1747907311772.563,91668,1747907311753.969,-88,-15,-120
1747907311792.406,91693,1747907311773.875,-89,-16,-125
1747907311812.281,91652,1747907311793.719,-96,-25,-119
1747907311832.125,91587,1747907311813.594,-87,-16,-121
1747907311851.969,91491,1747907311833.437,-82,-16,-113
1747907311871.844,91386,1747907311853.281,-97,-8,-127
1747907311891.719,91303,1747907311873.156,-82,-16,-118
1747907311911.531,91210,1747907311893.0,-85,-16,-125
1747907311931.406,91126,1747907311912.844,-85,-16,-112
1747907311951.281,91072,1747907311932.719,-97,-16,-114
1747907311971.094,91007,1747907311952.563,-97,-16,-119
1747907311990.937,90945,1747907311972.531,-89,-15,-122
1747907312010.812,90900,1747907311992.25,-98,-16,-117
1747907312030.656,90862,1747907312012.125,-81,-16,-116
1747907312050.531,90807,1747907312032.0,-97,-25,-120
1747907312070.344,90778,1747907312051.813,-97,-16,-116
1747907312090.187,90754,1747907312071.625,-95,-16,-121
1747907312110.063,90730,1747907312091.469,-100,-16,-113
1747907312130.031,90699,1747907312111.375,-85,-16,-121
1747907312149.719,90676,1747907312131.219,-96,-21,-119
1747907312169.625,90644,1747907312151.031,-85,-15,-123
1747907312189.5,90622,1747907312170.906,-93,-16,-120
1747907312209.344,90605,1747907312190.812,-98,-24,-122
1747907312229.188,90570,1747907312210.625,-93,-16,-116
1747907312249.031,90577,1747907312230.469,-92,-16,-116
1747907312268.906,90567,1747907312250.313,-90,-16,-104
1747907312288.781,90571,1747907312270.219,-92,-18,-120
1747907312308.594,90561,1747907312290.062,-93,-16,-116
1747907312328.469,90559,1747907312309.906,-87,-16,-113
1747907312348.344,90581,1747907312329.781,-82,-15,-119
1747907312368.187,90584,1747907312349.656,-95,-16,-118
1747907312388.031,90586,1747907312369.469,-85,-16,-118
1747907312407.938,90601,1747907312389.344,-84,-16,-122
1747907312427.75,90630,1747907312409.25,-96,-19,-113
1747907312447.625,90638,1747907312429.062,-88,-16,-116
1747907312467.438,90664,1747907312448.937,-89,-21,-120
1747907312487.281,90671,1747907312468.75,-89,-16,-121
1747907312507.156,90699,1747907312488.594,-85,-19,-119
1747907312527.0,90730,1747907312508.469,-88,-16,-121
1747907312546.875,90743,1747907312528.281,-96,-33,-126
1747907312566.688,90782,1747907312548.156,-98,-16,-121
1747907312586.563,90809,1747907312568.031,-88,-16,-122
1747907312606.406,90849,1747907312587.875,-85,-15,-127
1747907312626.281,90868,1747907312607.719,-94,-15,-116
1747907312646.094,90893,1747907312627.594,-98,-16,-116
1747907312665.969,90901,1747907312647.406,-90,-16,-125
1747907312685.844,90882,1747907312667.281,-87,-16,-120
1747907312705.719,90804,1747907312687.187,-89,-25,-120
1747907312725.531,90709,1747907312707.0,-80,-25,-114
1747907312745.406,90619,1747907312726.8118,-95,-16,-116
1747907312765.25,90515,1747907312746.688,-84,-16,-121
1747907312785.125,90436,1747907312766.563,-93,-20,-115
1747907312804.969,90363,1747907312786.406,-84,-16,-116
1747907312824.813,90315,1747907312806.281,-73,-16,-121
1747907312844.688,90276,1747907312826.125,-85,-15,-125
1747907312864.562,90227,1747907312846.0,-97,-13,-116
1747907312884.344,90200,1747907312865.844,-97,-13,-122
1747907312904.219,90188,1747907312885.656,-88,-16,-124
1747907312924.094,90173,1747907312905.531,-100,-16,-116
1747907312943.938,90167,1747907312925.375,-81,-16,-129
1747907312963.781,90164,1747907312945.219,-89,-16,-116
1747907312983.625,90145,1747907312965.062,-92,-16,-117
1747907313003.469,90133,1747907312984.906,-85,-8,-122
1747907313023.344,90122,1747907313004.781,-84,-16,-113
1747907313043.156,90098,1747907313024.625,-90,-16,-120
1747907313063.0,90081,1747907313044.438,-76,-16,-122
1747907313082.844,90070,1747907313064.312,-99,-16,-116
1747907313102.719,90087,1747907313084.156,-89,-16,-123
1747907313122.531,90070,1747907313104.031,-93,-8,-113
1747907313142.406,90077,1747907313123.813,-89,-13,-120
1747907313162.25,90080,1747907313143.687,-80,-16,-121
1747907313182.125,90097,1747907313163.562,-93,-16,-129
1747907313202.0,90115,1747907313183.406,-84,-16,-120
1747907313221.812,90135,1747907313203.25,-103,-10,-116
1747907313241.687,90147,1747907313223.125,-92,-16,-117
1747907313261.531,90166,1747907313242.969,-80,-16,-125
1747907313281.375,90201,1747907313262.844,-89,-16,-129
1747907313301.25,90222,1747907313282.688,-95,-16,-114
1747907313321.094,90244,1747907313302.5,-88,-16,-119
1747907313340.937,90282,1747907313322.375,-97,-16,-122
1747907313360.781,90308,1747907313342.219,-85,-16,-122
1747907313380.656,90328,1747907313362.094,-98,-16,-121
1747907313400.5,90354,1747907313382.031,-87,-16,-119
1747907313420.406,90395,1747907313401.813,-95,-25,-121
1747907313440.187,90433,1747907313421.6868,-97,-16,-114
1747907313460.063,90456,1747907313441.469,-87,-10,-119
1747907313479.938,90498,1747907313461.375,-97,-16,-114
1747907313499.781,90538,1747907313481.281,-88,-25,-122
1747907313519.75,90577,1747907313501.094,-84,-16,-119
1747907313539.5,90607,1747907313520.937,-82,-25,-119
1747907313559.375,90623,1747907313540.813,-98,-5,-121
1747907313579.219,90621,1747907313560.656,-84,-16,-122
1747907313599.062,90568,1747907313580.5308,-85,-16,-120
1747907313618.938,90504,1747907313600.375,-87,-13,-104
1747907313638.813,90425,1747907313620.281,-93,-17,-117
1747907313658.6558,90366,1747907313640.094,-85,-16,-114
1747907313678.5,90299,1747907313659.938,-100,-16,-125
1747907313698.375,90233,1747907313679.781,-93,-15,-120
1747907313718.25,90203,1747907313699.687,-85,-16,-121
1747907313738.063,90161,1747907313719.563,-85,-25,-116
1747907313757.937,90154,1747907313739.375,-90,-16,-118
1747907313777.781,90134,1747907313759.25,-90,-25,-121
1747907313797.625,90133,1747907313779.094,-88,-16,-120
1747907313817.5,90131,1747907313798.938,-93,-16,-114
1747907313837.312,90125,1747907313818.813,-98,-16,-117
1747907313857.187,90135,1747907313838.625,-81,-16,-118
1747907313877.031,90115,1747907313858.5,-95,-15,-118
1747907313896.906,90114,1747907313878.344,-80,-27,-121
1747907313916.75,90109,1747907313898.1882,-88,-25,-116
1747907313936.594,90102,1747907313918.031,-93,-25,-121
1747907313956.469,90106,1747907313937.906,-97,-12,-121
1747907313976.344,90110,1747907313957.75,-97,-16,-120
1747907313996.156,90121,1747907313977.625,-96,-16,-116
1747907314016.0,90124,1747907313997.438,-85,-16,-118
1747907314035.875,90158,1747907314017.313,-84,-19,-112
1747907314055.719,90159,1747907314037.156,-90,-29,-118
1747907314075.563,90181,1747907314057.0,-92,-16,-120
1747907314095.438,90213,1747907314076.875,-93,-13,-119
1747907314115.281,90249,1747907314096.719,-84,-16,-120
1747907314135.156,90283,1747907314116.594,-97,-25,-118
1747907314155.0,90320,1747907314136.437,-92,-16,-121
1747907314174.844,90339,1747907314156.281,-98,-16,-114
1747907314194.719,90365,1747907314176.156,-87,-25,-121
1747907314214.562,90411,1747907314196.031,-84,-16,-117
1747907314234.406,90450,1747907314215.875,-95,-16,-120
1747907314254.281,90498,1747907314235.687,-87,-16,-118
1747907314274.125,90532,1747907314255.531,-93,-16,-115
1747907314293.969,90564,1747907314275.4058,-99,-8,-121
1747907314313.812,90611,1747907314295.312,-100,-16,-116
1747907314333.656,90654,1747907314315.094,-85,-8,-119
1747907314353.5,90709,1747907314334.938,-97,-16,-112
1747907314373.375,90747,1747907314354.813,-93,-16,-117
1747907314393.219,90793,1747907314374.687,-87,-16,-117
1747907314413.063,90842,1747907314394.5,-95,-16,-121
1747907314432.969,90866,1747907314414.406,-87,-16,-120
1747907314452.781,90890,1747907314434.25,-87,-16,-120
1747907314472.656,90878,1747907314454.094,-100,-15,-116
1747907314492.594,90835,1747907314473.937,-89,-16,-121
1747907314512.375,90787,1747907314493.875,-90,-16,-122
1747907314532.25,90724,1747907314513.625,-86,-15,-121
1747907314552.094,90671,1747907314533.531,-87,-16,-115
1747907314571.937,90641,1747907314553.375,-97,-16,-119
1747907314591.813,90613,1747907314573.219,-93,-16,-121
1747907314611.656,90594,1747907314593.125,-96,-16,-116
1747907314631.5,90590,1747907314612.938,-84,-33,-116
1747907314651.344,90592,1747907314632.812,-89,-16,-114
1747907314671.187,90582,1747907314652.625,-97,-16,-121
1747907314691.094,90587,1747907314672.5,-97,-16,-127
1747907314710.938,90592,1747907314692.375,-84,-16,-125
1747907314730.75,90600,1747907314712.281,-89,-16,-120
1747907314750.625,90602,1747907314732.062,-98,-16,-116
1747907314770.469,90617,1747907314751.937,-98,-16,-120
1747907314790.344,90628,1747907314771.781,-89,-16,-116
1747907314810.187,90640,1747907314791.594,-84,-16,-119
1747907314830.031,90644,1747907314811.5,-88,-16,-118
1747907314849.906,90661,1747907314831.344,-100,-16,-116
1747907314869.781,90682,1747907314851.219,-93,-16,-119
1747907314889.625,90704,1747907314871.094,-89,-15,-114
1747907314909.437,90735,1747907314890.906,-81,-16,-119
1747907314929.344,90755,1747907314910.75,-89,-16,-121
1747907314949.219,90790,1747907314930.625,-95,-16,-113
1747907314969.0,90837,1747907314950.469,-93,-20,-122
1747907314988.875,90872,1747907314970.281,-92,-16,-121
1747907315008.719,90898,1747907314990.187,-84,-16,-113
1747907315028.625,90958,1747907315010.0,-87,-16,-129
1747907315048.438,90990,1747907315029.938,-93,-15,-116
1747907315068.281,91029,1747907315049.75,-90,-16,-120
1747907315088.156,91074,1747907315069.625,-96,-16,-119
1747907315108.031,91119,1747907315089.469,-89,-29,-113
1747907315127.875,91155,1747907315109.344,-88,-13,-120
1747907315147.719,91203,1747907315129.219,-92,-15,-120
1747907315167.594,91247,1747907315149.031,-88,-16,-116
1747907315187.5,91298,1747907315168.875,-95,-16,-121
1747907315207.281,91338,1747907315188.75,-84,-12,-117
1747907315227.125,91368,1747907315208.563,-84,-16,-117
1747907315246.969,91422,1747907315228.469,-80,-20,-120
1747907315266.937,91444,1747907315248.281,-90,-16,-117
1747907315286.656,91444,1747907315268.219,-95,-25,-120
1747907315306.531,91410,1747907315287.937,-91,-7,-125
1747907315326.406,91361,1747907315307.813,-85,-16,-121
1747907315346.25,91320,1747907315327.688,-85,-16,-117
1747907315366.094,91278,1747907315347.531,-89,-24,-96
1747907315385.938,91234,1747907315367.469,-100,-15,-114
1747907315405.813,91210,1747907315387.25,-87,-16,-121
1747907315425.656,91196,1747907315407.094,-89,-16,-121
1747907315445.5,91199,1747907315426.969,-88,-17,-120
1747907315465.406,91200,1747907315446.781,-85,-16,-116
1747907315485.219,91203,1747907315466.719,-96,-16,-121
1747907315505.094,91223,1747907315486.531,-95,-16,-121
1747907315524.937,91224,1747907315506.406,-100,-16,-116
1747907315544.781,91237,1747907315526.219,-85,-16,-123
1747907315564.656,91242,1747907315546.094,-88,-16,-118
1747907315584.5,91243,1747907315565.938,-93,-16,-114
1747907315604.344,91251,1747907315585.813,-93,-16,-117
1747907315624.219,91260,1747907315605.656,-84,-16,-120
1747907315644.063,91260,1747907315625.5,-84,-28,-118
1747907315663.938,91273,1747907315645.375,-97,-16,-121
1747907315683.781,91283,1747907315665.219,-84,-16,-118
1747907315703.625,91299,1747907315685.0942,-84,-14,-125
1747907315723.5,91317,1747907315704.906,-88,-16,-117
1747907315743.344,91346,1747907315724.781,-93,-16,-113
1747907315763.188,91380,1747907315744.625,-98,-16,-129
1747907315783.031,91401,1747907315764.469,-84,-15,-120
1747907315802.906,91437,1747907315784.375,-95,-25,-119
1747907315822.781,91487,1747907315804.187,-97,-16,-121
1747907315842.594,91517,1747907315824.094,-84,-16,-117
1747907315862.469,91555,1747907315843.9382,-94,-16,-114
1747907315882.312,91594,1747907315863.781,-93,-25,-121
1747907315902.188,91624,1747907315883.625,-97,-21,-114
1747907315922.0,91654,1747907315903.5,-95,-16,-122
1747907315941.875,91700,1747907315923.281,-93,-16,-121
1747907315961.719,91738,1747907315943.188,-100,-13,-114
1747907315981.594,91796,1747907315963.031,-80,-13,-117
1747907316001.438,91827,1747907315982.906,-97,-25,-121
1747907316021.281,91875,1747907316002.75,-89,-16,-116
1747907316041.156,91916,1747907316022.563,-95,-8,-122
1747907316061.031,91920,1747907316042.438,-84,-25,-120
1747907316080.844,91904,1747907316062.3118,-97,-8,-121
1747907316100.719,91852,1747907316082.156,-97,-16,-112
1747907316120.594,91790,1747907316102.0,-97,-16,-121
1747907316140.4368,91734,1747907316121.875,-89,-16,-119
1747907316160.281,91691,1747907316141.75,-97,-16,-116
1747907316180.156,91643,1747907316161.594,-97,-16,-121
1747907316200.031,91635,1747907316181.469,-85,-16,-112
1747907316219.906,91604,1747907316201.313,-91,-16,-121
1747907316239.781,91590,1747907316221.187,-87,-16,-114
1747907316259.594,91586,1747907316241.062,-100,-16,-118
1747907316279.5,91580,1747907316260.906,-87,-17,-120
1747907316299.375,91586,1747907316280.781,-84,-16,-125
1747907316319.219,91583,1747907316300.656,-69,-25,-121
1747907316339.094,91585,1747907316320.5,-85,-16,-125
1747907316359.0,91603,1747907316340.375,-85,-16,-117
1747907316378.844,91601,1747907316360.25,-89,-8,-111
1747907316398.6868,91613,1747907316380.125,-88,-16,-122
1747907316418.531,91607,1747907316399.969,-104,-16,-121
1747907316438.406,91620,1747907316419.875,-89,-25,-104
1747907316458.281,91620,1747907316439.781,-84,-16,-114
1747907316478.125,91628,1747907316459.594,-96,-16,-124
1747907316498.0,91642,1747907316479.406,-90,-16,-125
1747907316517.875,91659,1747907316499.312,-89,-16,-116
1747907316537.75,91673,1747907316519.188,-99,-16,-116
1747907316557.594,91682,1747907316539.062,-85,-29,-122
1747907316577.469,91722,1747907316558.906,-85,-16,-116
1747907316597.344,91738,1747907316578.781,-93,-16,-116
1747907316617.188,91762,1747907316598.625,-93,-16,-129
1747907316637.0,91795,1747907316618.469,-84,-16,-121
1747907316656.875,91829,1747907316638.312,-96,-16,-116
1747907316676.75,91848,1747907316658.187,-97,-16,-119
1747907316696.594,91894,1747907316678.094,-89,-25,-120
1747907316716.437,91912,1747907316697.906,-80,-15,-111
1747907316736.312,91937,1747907316717.75,-89,-19,-116
1747907316756.156,91964,1747907316737.625,-95,-16,-116
1747907316776.031,92008,1747907316757.437,-84,-4,-113
1747907316795.875,92049,1747907316777.344,-87,-15,-116
1747907316815.719,92081,1747907316797.156,-83,-16,-121
1747907316835.594,92104,1747907316817.031,-88,-25,-112
1747907316855.469,92091,1747907316836.875,-89,-16,-118
1747907316875.281,92054,1747907316856.75,-97,-16,-113
1747907316895.156,91999,1747907316876.563,-89,-16,-121
1747907316915.031,91943,1747907316896.4692,-84,-21,-124
1747907316934.875,91869,1747907316916.312,-100,-16,-116
1747907316954.719,91821,1747907316936.188,-98,-16,-121
1747907316974.656,91776,1747907316956.0,-87,-16,-121
1747907316994.437,91749,1747907316975.969,-100,-16,-121
1747907317014.281,91731,1747907316995.719,-92,-17,-113
1747907317034.156,91704,1747907317015.594,-89,-16,-121
1747907317054.0,91700,1747907317035.438,-89,-16,-121
1747907317073.844,91693,1747907317055.281,-96,-16,-113
1747907317093.75,91696,1747907317075.156,-89,-13,-125
1747907317113.594,91694,1747907317095.031,-88,-33,-122
1747907317133.438,91692,1747907317114.875,-97,-16,-120
1747907317153.281,91708,1747907317134.75,-95,-25,-116
1747907317173.156,91693,1747907317154.594,-89,-16,-128
1747907317193.0,91702,1747907317174.469,-84,-16,-120
1747907317212.844,91699,1747907317194.281,-89,-33,-115
1747907317232.719,91702,1747907317214.125,-90,-16,-114
1747907317252.562,91694,1747907317234.031,-97,-17,-116
1747907317272.406,91696,1747907317253.875,-84,-24,-125
1747907317292.25,91713,1747907317273.6868,-85,-16,-116
1747907317312.094,91728,1747907317293.531,-93,-16,-118
1747907317331.937,91753,1747907317313.406,-89,-16,-124
1747907317351.781,91766,1747907317333.25,-100,-16,-117
1747907317371.656,91775,1747907317353.094,-97,-16,-119
1747907317391.5,91808,1747907317372.937,-79,-16,-121
1747907317411.375,91834,1747907317392.813,-89,-16,-121
1747907317431.312,91866,1747907317412.688,-84,-16,-121
1747907317451.062,91886,1747907317432.531,-105,-13,-117
1747907317470.938,91911,1747907317452.375,-84,-16,-116
1747907317490.781,91942,1747907317472.25,-97,-16,-114
1747907317510.625,91978,1747907317492.094,-95,-16,-129
1747907317530.5,92000,1747907317511.937,-87,-16,-116
1747907317550.344,92046,1747907317531.781,-93,-16,-120
1747907317570.219,92082,1747907317551.656,-88,-16,-116
1747907317590.062,92112,1747907317571.531,-96,-16,-116
1747907317609.906,92157,1747907317591.375,-96,-16,-121
1747907317629.781,92184,1747907317611.219,-90,-16,-119
1747907317649.625,92176,1747907317631.094,-89,-16,-114
1747907317669.4692,92137,1747907317650.906,-88,-15,-113
1747907317689.344,92087,1747907317670.75,-97,-12,-121
1747907317709.219,92025,1747907317690.625,-88,-13,-118
1747907317729.031,91954,1747907317710.531,-84,-20,-119
1747907317748.875,91924,1747907317730.344,-85,-16,-116
1747907317768.719,91885,1747907317750.156,-98,-16,-117
1747907317788.594,91865,1747907317770.031,-97,-1,-116
1747907317808.438,91860,1747907317789.875,-90,-16,-118
1747907317828.281,91842,1747907317809.75,-104,-13,-128
1747907317848.125,91846,1747907317829.563,-84,-21,-92
1747907317868.0,91851,1747907317849.438,-88,-15,-116
1747907317887.812,91851,1747907317869.281,-89,-16,-119
1747907317907.656,91852,1747907317889.125,-97,-16,-120
1747907317927.531,91857,1747907317908.937,-95,-16,-125
1747907317947.375,91865,1747907317928.844,-82,-15,-119
1747907317967.25,91859,1747907317948.688,-97,-16,-120
1747907317987.094,91879,1747907317968.531,-95,-15,-129
1747907318006.906,91878,1747907317988.375,-88,-16,-119
1747907318026.781,91886,1747907318008.219,-88,-18,-121
1747907318046.656,91893,1747907318028.094,-89,-16,-116
1747907318066.5,91914,1747907318047.969,-80,-25,-116
1747907318086.375,91943,1747907318067.781,-87,-25,-121
1747907318106.219,91976,1747907318087.656,-93,-16,-118
1747907318126.062,91993,1747907318107.5,-93,-16,-115
1747907318146.031,92034,1747907318127.344,-96,-16,-119
1747907318165.781,92037,1747907318147.219,-100,-21,-119
1747907318185.656,92082,1747907318167.062,-96,-15,-104
1747907318205.5,92104,1747907318186.969,-96,-16,-114
1747907318225.344,92145,1747907318206.781,-97,-16,-121
1747907318245.219,92177,1747907318226.625,-90,-25,-129
1747907318265.063,92214,1747907318246.5,-87,-16,-121
1747907318284.938,92254,1747907318266.375,-97,-13,-118
1747907318304.781,92288,1747907318286.219,-95,-8,-122
1747907318324.625,92341,1747907318306.062,-90,-16,-119
1747907318344.5,92384,1747907318325.969,-97,-16,-121
1747907318364.344,92423,1747907318345.781,-88,-16,-117
1747907318384.187,92472,1747907318365.656,-86,-16,-114
1747907318404.031,92518,1747907318385.469,-88,-16,-120
1747907318423.938,92529,1747907318405.344,-95,-16,-120
1747907318443.781,92524,1747907318425.187,-89,-16,-121
1747907318463.625,92487,1747907318445.125,-88,-13,-121
1747907318483.5,92436,1747907318464.938,-89,-16,-119
1747907318503.344,92368,1747907318484.781,-89,-16,-117
1747907318523.219,92321,1747907318504.656,-100,-4,-116
1747907318543.063,92276,1747907318524.531,-101,-16,-113
1747907318562.906,92249,1747907318544.344,-82,-16,-118
1747907318582.75,92224,1747907318564.219,-98,-16,-106
1747907318602.625,92219,1747907318584.062,-85,-16,-117
1747907318622.469,92220,1747907318603.937,-89,-16,-121
1747907318642.313,92219,1747907318623.844,-98,-25,-116
1747907318662.187,92223,1747907318643.625,-85,-16,-117
1747907318682.031,92231,1747907318663.5,-89,-16,-114
1747907318701.906,92253,1747907318683.375,-97,-16,-117
1747907318721.844,92264,1747907318703.188,-95,-16,-114
1747907318741.625,92277,1747907318723.156,-92,-20,-114
1747907318761.531,92272,1747907318742.906,-96,-17,-124
1747907318781.344,92270,1747907318762.812,-88,-16,-121
1747907318801.219,92283,1747907318782.656,-90,-16,-112
1747907318821.094,92295,1747907318802.531,-97,-16,-121
1747907318840.969,92313,1747907318822.406,-95,-16,-115
1747907318860.813,92322,1747907318842.281,-105,-15,-122
1747907318880.688,92332,1747907318862.125,-90,-16,-117
1747907318900.562,92354,1747907318882.0,-89,-25,-114
1747907318920.437,92393,1747907318901.844,-85,-25,-129
1747907318940.313,92415,1747907318921.719,-97,-15,-113
1747907318960.188,92442,1747907318941.625,-98,-16,-116
1747907318980.031,92469,1747907318961.469,-97,-16,-125
1747907318999.937,92504,1747907318981.344,-95,-16,-121
1747907319019.813,92530,1747907319001.219,-95,-16,-121
1747907319039.625,92548,1747907319021.094,-84,-16,-120
1747907319059.531,92585,1747907319040.938,-92,-16,-114
1747907319079.375,92606,1747907319060.812,-93,-16,-121
1747907319099.25,92658,1747907319080.687,-93,-16,-116
1747907319119.094,92688,1747907319100.5,-93,-16,-116
1747907319138.969,92728,1747907319120.375,-102,-16,-121
1747907319158.844,92745,1747907319140.281,-95,-25,-125
1747907319178.781,92725,1747907319160.156,-89,-29,-125
1747907319198.563,92683,1747907319180.031,-113,-20,-126
1747907319218.469,92637,1747907319199.875,-82,-29,-125
1747907319238.281,92582,1747907319219.75,-85,-16,-114
1747907319258.156,92547,1747907319239.562,-97,-19,-117
1747907319278.031,92517,1747907319259.469,-100,-15,-114
1747907319297.906,92501,1747907319279.344,-90,-15,-124
1747907319317.75,92495,1747907319299.219,-92,-16,-125
1747907319337.625,92477,1747907319319.031,-101,-16,-113
1747907319357.5,92485,1747907319338.906,-100,-16,-112
1747907319377.344,92493,1747907319358.813,-93,-20,-124
1747907319397.219,92518,1747907319378.656,-100,-15,-118
1747907319417.062,92537,1747907319398.531,-96,-16,-117
1747907319436.938,92549,1747907319418.344,-76,-16,-120
1747907319456.813,92555,1747907319438.25,-87,-16,-122
1747907319476.719,92563,1747907319458.188,-96,-16,-114
1747907319496.531,92559,1747907319477.937,-96,-8,-121
1747907319516.406,92568,1747907319497.812,-94,-16,-121
1747907319536.281,92578,1747907319517.688,-80,-16,-119
1747907319556.187,92581,1747907319537.594,-84,-16,-124
1747907319576.031,92599,1747907319557.437,-82,-16,-116
1747907319595.875,92620,1747907319577.312,-90,-9,-113
1747907319615.75,92632,1747907319597.188,-88,-16,-117
1747907319635.594,92655,1747907319617.063,-85,-16,-121
1747907319655.469,92681,1747907319636.844,-89,-8,-117
1747907319675.344,92709,1747907319656.75,-87,-16,-126
1747907319695.188,92743,1747907319676.656,-89,-16,-124
1747907319715.031,92757,1747907319696.5,-95,-16,-112
1747907319734.906,92789,1747907319716.375,-85,-29,-121
1747907319754.781,92822,1747907319736.187,-87,-8,-130
1747907319774.656,92861,1747907319756.156,-89,-16,-122
1747907319794.5,92888,1747907319775.969,-97,-16,-114
1747907319814.375,92940,1747907319795.781,-84,-13,-116
1747907319834.25,92956,1747907319815.656,-97,-16,-122
1747907319854.125,92964,1747907319835.562,-89,-16,-121
1747907319873.969,92966,1747907319855.406,-85,-16,-115
1747907319893.844,92925,1747907319875.281,-88,-16,-119
1747907319913.719,92876,1747907319895.156,-97,-16,-116
1747907319933.594,92802,1747907319915.0,-73,-25,-119
1747907319953.438,92741,1747907319934.875,-84,-25,-121
1747907319973.344,92697,1747907319954.75,-97,-13,-118
1747907319993.187,92656,1747907319974.625,-105,-1,-119
1747907320013.0,92626,1747907319994.469,-95,-16,-117
1747907320032.875,92592,1747907320014.313,-81,-16,-121
1747907320052.75,92590,1747907320034.188,-93,-23,-96
1747907320072.656,92573,1747907320054.031,-86,-16,-117
1747907320092.5,92580,1747907320073.937,-85,-16,-117
1747907320112.344,92592,1747907320093.781,-97,-16,-121
1747907320132.219,92583,1747907320113.625,-87,-15,-121
1747907320152.125,92588,1747907320133.562,-84,-16,-114
1747907320171.938,92587,1747907320153.406,-90,-16,-116
1747907320191.813,92576,1747907320173.25,-84,-26,-121
1747907320211.687,92586,1747907320193.094,-88,-16,-121
1747907320231.594,92583,1747907320213.0,-105,-25,-120
1747907320251.438,92594,1747907320232.875,-97,-16,-114
1747907320271.313,92600,1747907320252.719,-84,-16,-112
1747907320291.156,92591,1747907320272.594,-88,-21,-118
1747907320311.094,92589,1747907320292.469,-95,-16,-116
1747907320330.875,92583,1747907320312.375,-105,-16,-119
1747907320350.75,92591,1747907320332.156,-97,-16,-116
1747907320370.625,92609,1747907320352.063,-84,-15,-121
1747907320390.5,92628,1747907320371.938,-100,-25,-121
1747907320410.375,92652,1747907320391.781,-87,-19,-122
1747907320430.219,92690,1747907320411.656,-87,-16,-122
1747907320450.094,92735,1747907320431.563,-97,-26,-129
1747907320469.969,92763,1747907320451.406,-90,-16,-122
1747907320489.813,92801,1747907320471.25,-90,-16,-121
1747907320509.688,92841,1747907320491.125,-85,-16,-128
1747907320529.562,92867,1747907320511.0,-97,-15,-116
1747907320549.437,92904,1747907320530.875,-84,-16,-121
1747907320569.281,92921,1747907320550.781,-88,-16,-117
1747907320589.156,92894,1747907320570.531,-93,-16,-121
1747907320609.062,92853,1747907320590.438,-84,-16,-127
1747907320628.875,92779,1747907320610.313,-92,-20,-119
1747907320648.719,92713,1747907320630.187,-83,-16,-118
1747907320668.563,92641,1747907320650.031,-86,-16,-116
1747907320688.469,92591,1747907320669.875,-93,-16,-117
1747907320708.312,92540,1747907320689.75,-82,-16,-121
1747907320728.156,92508,1747907320709.625,-72,-20,-125
1747907320748.063,92474,1747907320729.437,-95,-16,-116
1747907320767.906,92448,1747907320749.344,-87,-16,-122
1747907320787.75,92447,1747907320769.219,-100,-4,-123
1747907320807.625,92421,1747907320789.062,-85,-15,-116
1747907320827.469,92430,1747907320808.906,-93,-16,-121
1747907320847.344,92425,1747907320828.75,-95,-16,-116
1747907320867.188,92421,1747907320848.656,-86,-16,-117
1747907320887.031,92420,1747907320868.5,-93,-15,-122
1747907320906.938,92415,1747907320888.312,-85,-16,-121
1747907320926.813,92393,1747907320908.219,-90,-15,-121
1747907320946.625,92386,1747907320928.125,-86,-18,-117
1747907320966.5,92383,1747907320947.938,-84,-25,-116
1747907320986.438,92375,1747907320967.844,-84,-16,-116
1747907321006.219,92377,1747907320987.75,-96,-17,-116
1747907321026.063,92380,1747907321007.531,-97,-23,-114
1747907321045.937,92394,1747907321027.375,-84,-16,-125
1747907321065.812,92406,1747907321047.25,-80,-16,-117
1747907321085.6882,92405,1747907321067.094,-95,-16,-123
1747907321105.531,92434,1747907321086.969,-89,-16,-114
1747907321125.406,92456,1747907321106.813,-93,-33,-116
1747907321145.281,92474,1747907321126.719,-96,-16,-120
1747907321165.125,92504,1747907321146.594,-84,-25,-122
1747907321184.969,92525,1747907321166.437,-95,-16,-129
1747907321204.844,92560,1747907321186.25,-80,-16,-117
1747907321224.719,92590,1747907321206.156,-93,-16,-119
1747907321244.594,92618,1747907321226.0,-96,-16,-120
1747907321264.438,92647,1747907321245.906,-87,-15,-121
1747907321284.312,92654,1747907321265.719,-88,-16,-116
1747907321304.187,92648,1747907321285.625,-89,-16,-121
1747907321324.063,92584,1747907321305.5,-100,-16,-112
1747907321343.906,92515,1747907321325.375,-85,-16,-121
1747907321363.75,92450,1747907321345.125,-89,-8,-119
1747907321383.625,92366,1747907321365.031,-84,-16,-114
1747907321403.469,92304,1747907321384.906,-80,-8,-129
1747907321423.313,92253,1747907321404.781,-97,-25,-111
1747907321443.188,92208,1747907321424.625,-95,-16,-121
1747907321463.062,92174,1747907321444.5,-74,-16,-120
1747907321482.969,92133,1747907321464.375,-89,-16,-122
1747907321502.75,92127,1747907321484.281,-90,-20,-121
1747907321522.625,92105,1747907321504.031,-93,-12,-128
1747907321542.5,92097,1747907321523.906,-93,-16,-123
1747907321562.375,92081,1747907321543.781,-90,-16,-121
1747907321582.219,92065,1747907321563.656,-84,-25,-112
1747907321602.063,92051,1747907321583.5,-88,-15,-114
1747907321621.938,92030,1747907321603.375,-95,-16,-117
1747907321641.812,92011,1747907321623.344,-92,-15,-124
1747907321661.656,91991,1747907321643.094,-87,-16,-119
1747907321681.5,91980,1747907321662.937,-98,-15,-120
1747907321701.375,91969,1747907321682.844,-88,-25,-121
1747907321721.312,91975,1747907321702.688,-93,-15,-113
1747907321741.094,91976,1747907321722.625,-88,-16,-116
1747907321760.938,91963,1747907321742.406,-93,-16,-116
1747907321780.844,91972,1747907321762.25,-93,-25,-116
1747907321800.687,91967,1747907321782.125,-98,-16,-129
1747907321820.531,91977,1747907321801.969,-94,-16,-121
1747907321840.406,91990,1747907321821.812,-82,-16,-117
1747907321860.281,92019,1747907321841.719,-93,-16,-121
1747907321880.156,92015,1747907321861.563,-95,-16,-114
1747907321899.969,92030,1747907321881.438,-93,-16,-120
1747907321919.844,92049,1747907321901.281,-89,-16,-129
1747907321939.75,92065,1747907321921.125,-87,-16,-121
1747907321959.625,92086,1747907321941.063,-93,-16,-118
1747907321979.437,92106,1747907321960.938,-96,-13,-128
1747907321999.312,92117,1747907321980.75,-85,-16,-122
1747907322019.188,92096,1747907322000.656,-95,-25,-122
1747907322039.062,92041,1747907322020.469,-81,-16,-121
1747907322058.906,91961,1747907322040.313,-90,-16,-121
1747907322078.781,91890,1747907322060.187,-97,-16,-114
1747907322098.625,91805,1747907322080.031,-88,-12,-120
1747907322118.469,91734,1747907322099.969,-87,-15,-122
1747907322138.344,91656,1747907322119.781,-92,-16,-116
1747907322158.219,91613,1747907322139.625,-89,-16,-116
1747907322178.063,91566,1747907322159.531,-89,-16,-125
1747907322197.906,91547,1747907322179.375,-74,-21,-125
1747907322217.75,91515,1747907322199.219,-84,-16,-121
1747907322237.594,91508,1747907322219.063,-95,-16,-119
1747907322257.469,91499,1747907322238.875,-86,-14,-128
1747907322277.344,91501,1747907322258.781,-87,-16,-121
1747907322297.188,91497,1747907322278.656,-98,-25,-121
1747907322317.062,91465,1747907322298.469,-89,-16,-116
1747907322336.937,91458,1747907322318.375,-87,-16,-116
1747907322356.781,91440,1747907322338.25,-95,-16,-118
1747907322376.656,91420,1747907322358.063,-89,-16,-119
1747907322396.531,91405,1747907322377.938,-85,-25,-122
1747907322416.375,91410,1747907322397.844,-87,-13,-122
1747907322436.219,91399,1747907322417.687,-97,-15,-117
1747907322456.094,91399,1747907322437.531,-89,-16,-118
1747907322475.937,91415,1747907322457.406,-93,-16,-114
1747907322495.844,91405,1747907322477.25,-94,-16,-121
1747907322515.688,91409,1747907322497.125,-85,-16,-116
1747907322535.531,91427,1747907322517.0,-97,-25,-120
1747907322555.406,91443,1747907322536.813,-82,-16,-116
1747907322575.281,91453,1747907322556.688,-90,-16,-121
1747907322595.125,91475,1747907322576.562,-96,-25,-121
1747907322615.0,91493,1747907322596.406,-88,-16,-114
1747907322634.875,91507,1747907322616.281,-95,-16,-118
1747907322654.75,91540,1747907322636.156,-95,-16,-129
1747907322674.594,91543,1747907322656.031,-84,-16,-121
1747907322694.438,91535,1747907322675.875,-85,-27,-122
1747907322714.344,91521,1747907322695.75,-93,-16,-128
1747907322734.219,91452,1747907322715.625,-85,-16,-124
1747907322754.031,91367,1747907322735.5,-84,-15,-125
1747907322773.906,91281,1747907322755.375,-84,-16,-118
1747907322793.781,91189,1747907322775.219,-93,-25,-113
1747907322813.656,91115,1747907322795.063,-93,-16,-121
1747907322833.469,91062,1747907322814.9058,-87,-8,-120
1747907322853.344,91015,1747907322834.781,-89,-16,-121
1747907322873.219,90976,1747907322854.625,-92,-16,-121
1747907322893.094,90942,1747907322874.531,-95,-19,-121
1747907322912.937,90925,1747907322894.406,-84,-16,-121
1747907322932.813,90910,1747907322914.25,-72,-21,-115
1747907322952.656,90902,1747907322934.125,-94,-16,-121
1747907322972.531,90898,1747907322953.969,-87,-16,-121
1747907322992.375,90881,1747907322973.813,-97,-2,-127
1747907323012.25,90881,1747907322993.656,-84,-16,-118
1747907323032.125,90871,1747907323013.531,-84,-16,-121
1747907323052.0,90860,1747907323033.438,-84,-17,-112
1747907323071.812,90859,1747907323053.281,-84,-16,-125
1747907323091.656,90849,1747907323073.094,-85,-16,-121
1747907323111.531,90844,1747907323093.062,-87,-16,-122
1747907323131.406,90858,1747907323112.844,-87,-16,-120
1747907323151.25,90854,1747907323132.719,-89,-15,-122
1747907323171.125,90876,1747907323152.562,-97,-16,-118
1747907323191.0,90888,1747907323172.437,-89,-16,-120
1747907323210.844,90897,1747907323192.281,-87,-23,-120
1747907323230.687,90912,1747907323212.125,-88,-18,-123
1747907323250.562,90929,1747907323232.031,-89,-16,-124
1747907323270.438,90949,1747907323251.844,-81,-24,-119
1747907323290.281,90972,1747907323271.719,-100,-16,-120
1747907323310.125,90991,1747907323291.594,-92,-16,-121
1747907323330.0,91004,1747907323311.406,-88,-33,-124
1747907323349.844,91034,1747907323331.281,-84,-13,-130
1747907323369.719,91082,1747907323351.156,-84,-15,-118
1747907323389.563,91096,1747907323371.0,-96,-16,-121
1747907323409.406,91084,1747907323390.844,-88,-16,-125
1747907323429.281,91042,1747907323410.687,-89,-16,-121
1747907323449.156,90957,1747907323430.562,-89,-16,-121
1747907323469.0,90870,1747907323450.469,-87,-15,-116
1747907323488.875,90784,1747907323470.281,-97,-16,-112
1747907323508.719,90704,1747907323490.25,-100,-16,-117
1747907323528.625,90623,1747907323510.031,-92,-25,-119
1747907323548.5,90567,1747907323529.938,-97,-16,-121
1747907323568.312,90525,1747907323549.75,-84,-18,-120
1747907323588.187,90484,1747907323569.594,-83,-16,-121
1747907323608.063,90465,1747907323589.469,-78,-25,-116
1747907323627.906,90455,1747907323609.344,-82,-16,-121
1747907323647.75,90439,1747907323629.219,-100,-15,-116
1747907323667.625,90417,1747907323649.031,-83,-5,-121
1747907323687.5,90393,1747907323668.937,-93,-16,-126
1747907323707.344,90388,1747907323688.781,-81,-24,-120
1747907323727.219,90375,1747907323708.656,-85,-15,-120
1747907323747.094,90361,1747907323728.5308,-85,-16,-116
1747907323766.906,90342,1747907323748.375,-87,-16,-110
1747907323786.781,90342,1747907323768.219,-93,-16,-113
1747907323806.6558,90334,1747907323788.063,-89,-16,-125
1747907323826.5,90326,1747907323807.938,-85,-16,-121
1747907323846.375,90334,1747907323827.812,-90,-16,-125
1747907323866.25,90337,1747907323847.687,-88,-19,-120
1747907323886.094,90329,1747907323867.563,-93,-25,-129
1747907323905.969,90345,1747907323887.406,-97,-16,-118
1747907323925.812,90370,1747907323907.25,-94,-15,-125
1747907323945.688,90381,1747907323927.094,-85,-16,-121
1747907323965.563,90390,1747907323946.969,-85,-21,-117
1747907323985.437,90410,1747907323966.875,-95,-16,-114
1747907324005.281,90434,1747907323986.719,-97,-16,-123
1747907324025.156,90472,1747907324006.562,-87,-16,-121
1747907324045.031,90491,1747907324026.437,-89,-16,-121
1747907324064.875,90510,1747907324046.313,-96,-8,-121
1747907324084.719,90539,1747907324066.188,-88,-16,-121
1747907324104.594,90554,1747907324086.0,-93,-16,-125
1747907324124.438,90561,1747907324105.875,-84,-16,-129
1747907324144.344,90519,1747907324125.75,-85,-16,-122
1747907324164.156,90445,1747907324145.656,-88,-15,-116
1747907324184.031,90358,1747907324165.437,-97,-16,-124
1747907324203.906,90274,1747907324185.344,-93,-16,-121
1747907324223.781,90195,1747907324205.219,-88,-16,-114
1747907324243.625,90130,1747907324225.094,-101,-18,-120
1747907324263.531,90078,1747907324244.906,-89,-15,-121
1747907324283.406,90035,1747907324264.812,-95,-16,-121
1747907324303.25,90009,1747907324284.688,-84,-16,-119
1747907324323.094,89986,1747907324304.563,-90,-16,-121
1747907324342.969,89972,1747907324324.375,-84,-16,-114
1747907324362.844,89954,1747907324344.25,-84,-16,-115
1747907324382.719,89965,1747907324364.156,-85,-25,-113
1747907324402.531,89945,1747907324384.031,-88,-13,-116
1747907324422.437,89943,1747907324403.8442,-96,-15,-118
1747907324442.281,89933,1747907324423.75,-80,-25,-122
1747907324462.188,89920,1747907324443.594,-93,-8,-121
1747907324482.031,89911,1747907324463.469,-82,-16,-114
1747907324501.906,89900,1747907324483.313,-82,-16,-120
1747907324521.781,89899,1747907324503.219,-89,-16,-112
1747907324541.656,89912,1747907324523.031,-85,-16,-125
1747907324561.5,89912,1747907324542.969,-88,-16,-120
1747907324581.375,89923,1747907324562.781,-97,-15,-117
1747907324601.281,89929,1747907324582.687,-93,-15,-121
1747907324621.094,89953,1747907324602.594,-89,-16,-122
1747907324640.969,89979,1747907324622.375,-82,-16,-125
1747907324660.844,89993,1747907324642.281,-82,-16,-122
1747907324680.719,90025,1747907324662.156,-95,-25,-120
1747907324700.531,90052,1747907324682.0,-88,-20,-122
1747907324720.406,90083,1747907324701.813,-88,-16,-126
1747907324740.281,90121,1747907324721.719,-66,-16,-121
1747907324760.125,90163,1747907324741.562,-97,-16,-113
1747907324779.969,90200,1747907324761.437,-82,-16,-121
1747907324799.844,90235,1747907324781.25,-89,-8,-120
1747907324819.687,90264,1747907324801.125,-80,-16,-121
1747907324839.562,90299,1747907324821.0,-89,-16,-119
1747907324859.406,90301,1747907324840.844,-89,-21,-92
1747907324879.25,90299,1747907324860.687,-96,-16,-114
1747907324899.125,90233,1747907324880.563,-97,-16,-124
1747907324919.0,90159,1747907324900.438,-84,-16,-121
1747907324938.844,90090,1747907324920.281,-96,-16,-119
1747907324958.75,90022,1747907324940.125,-88,-8,-129
1747907324978.594,89953,1747907324960.063,-100,-16,-120
1747907324998.469,89902,1747907324979.906,-87,-16,-121
1747907325018.281,89885,1747907324999.75,-93,-16,-118
1747907325038.125,89867,1747907325019.594,-88,-16,-122
1747907325058.0,89848,1747907325039.438,-87,-16,-120
1747907325077.875,89832,1747907325059.313,-84,-16,-116
1747907325097.687,89847,1747907325079.187,-97,-16,-113
1747907325117.563,89863,1747907325099.0,-88,-16,-125
1747907325137.406,89850,1747907325118.875,-88,-17,-129
1747907325157.281,89861,1747907325138.719,-87,-13,-120
1747907325177.125,89844,1747907325158.563,-89,-16,-121
1747907325196.969,89843,1747907325178.406,-87,-8,-128
1747907325216.844,89850,1747907325198.281,-95,-15,-114
1747907325236.719,89840,1747907325218.156,-93,-16,-117
1747907325256.531,89850,1747907325238.0,-84,-16,-112
1747907325276.406,89855,1747907325257.844,-93,-16,-114
1747907325296.281,89861,1747907325277.719,-98,-16,-118
1747907325316.125,89877,1747907325297.688,-87,-16,-117
1747907325335.969,89888,1747907325317.438,-100,-16,-118
1747907325355.812,89911,1747907325337.25,-87,-16,-121
1747907325375.688,89928,1747907325357.125,-97,-21,-122
1747907325395.531,89955,1747907325377.0,-85,-16,-121
1747907325415.375,89978,1747907325396.844,-104,-16,-116
1747907325435.25,90012,1747907325416.688,-81,-23,-119
1747907325455.188,90038,1747907325436.5,-81,-29,-121
1747907325474.969,90085,1747907325456.406,-97,-18,-116
1747907325494.781,90117,1747907325476.25,-95,-16,-122
1747907325514.656,90160,1747907325496.094,-84,-16,-120
1747907325534.5,90191,1747907325515.969,-95,-25,-124
1747907325554.375,90214,1747907325535.812,-93,-16,-125
1747907325574.219,90218,1747907325555.687,-80,-16,-118
1747907325594.063,90195,1747907325575.531,-88,-20,-128
1747907325613.937,90155,1747907325595.375,-88,-16,-113
1747907325633.781,90086,1747907325615.25,-95,-23,-96
1747907325653.656,90029,1747907325635.125,-92,-13,-116
1747907325673.531,89981,1747907325654.969,-85,-16,-118
1747907325693.375,89949,1747907325674.813,-95,-8,-132
1747907325713.25,89923,1747907325694.687,-90,-16,-122
1747907325733.094,89893,1747907325714.531,-97,-16,-116
1747907325752.906,89886,1747907325734.406,-93,-16,-118
1747907325772.781,89868,1747907325754.188,-93,-10,-116
1747907325792.656,89879,1747907325774.094,-90,-16,-122
1747907325812.5,89883,1747907325793.969,-77,-16,-122
1747907325832.375,89890,1747907325813.781,-89,-29,-114
1747907325852.344,89896,1747907325833.688,-93,-16,-120
1747907325872.094,89901,1747907325853.5,-93,-15,-129
1747907325891.937,89900,1747907325873.375,-87,-8,-125
1747907325911.781,89895,1747907325893.219,-88,-16,-125
1747907325931.6558,89895,1747907325913.063,-97,-16,-133
1747907325951.531,89899,1747907325932.969,-95,-18,-116
1747907325971.344,89909,1747907325952.812,-89,-16,-116
1747907325991.219,89933,1747907325972.656,-98,-16,-120
1747907326011.094,89934,1747907325992.531,-95,-16,-116
1747907326030.937,89951,1747907326012.406,-87,-17,-121
1747907326050.781,89967,1747907326032.25,-93,-16,-119
1747907326070.625,89996,1747907326052.062,-85,-16,-123
1747907326090.469,90008,1747907326071.906,-87,-16,-121
1747907326110.344,90044,1747907326091.813,-93,-12,-121
1747907326130.187,90071,1747907326111.656,-95,-25,-109
1747907326150.031,90108,1747907326131.5,-93,-16,-116
1747907326169.906,90138,1747907326151.312,-93,-16,-116
1747907326189.75,90171,1747907326171.187,-95,-16,-121
1747907326209.594,90211,1747907326191.031,-89,-1,-125
1747907326229.406,90236,1747907326210.906,-97,-16,-114
1747907326249.281,90266,1747907326230.719,-93,-16,-116
1747907326269.156,90247,1747907326250.594,-89,-25,-99
1747907326289.031,90209,1747907326270.469,-98,-16,-116
1747907326308.812,90158,1747907326290.313,-98,-25,-114
1747907326328.687,90080,1747907326310.125,-88,-16,-125
1747907326348.563,90007,1747907326330.0,-84,-16,-117
1747907326368.406,89965,1747907326349.875,-87,-16,-117
1747907326388.25,89911,1747907326369.719,-87,-16,-117
1747907326408.094,89887,1747907326389.531,-81,-16,-126
1747907326428.031,89855,1747907326409.375,-85,-16,-125
1747907326447.813,89842,1747907326429.25,-87,-20,-121
1747907326467.656,89809,1747907326449.125,-97,-16,-121
1747907326487.531,89827,1747907326468.969,-80,-16,-125
1747907326507.375,89817,1747907326488.844,-96,-21,-114
1747907326527.25,89822,1747907326508.719,-94,-16,-121
1747907326547.094,89820,1747907326528.5,-82,-3,-119
1747907326566.937,89806,1747907326548.406,-95,-25,-117
1747907326586.781,89799,1747907326568.25,-95,-16,-122
1747907326606.656,89794,1747907326588.062,-85,-15,-110
1747907326626.5,89792,1747907326608.0,-89,-25,-122
1747907326646.344,89789,1747907326627.781,-89,-24,-116
1747907326666.219,89786,1747907326647.625,-85,-16,-121
1747907326686.094,89804,1747907326667.531,-97,-16,-117
1747907326705.938,89815,1747907326687.375,-87,-16,-121
1747907326725.781,89829,1747907326707.25,-83,-20,-114
1747907326745.656,89836,1747907326727.094,-97,-16,-121
1747907326765.5,89850,1747907326746.969,-90,-16,-125
1747907326785.344,89880,1747907326766.812,-96,-16,-120
1747907326805.219,89894,1747907326786.625,-85,-16,-118
1747907326825.063,89930,1747907326806.531,-100,-16,-116
1747907326844.906,89956,1747907326826.344,-84,-16,-119
1747907326864.75,89975,1747907326846.219,-99,-25,-114
1747907326884.625,90022,1747907326866.062,-89,-16,-121
1747907326904.5,90051,1747907326885.938,-87,-16,-119
1747907326924.375,90082,1747907326905.813,-89,-16,-122
1747907326944.187,90098,1747907326925.656,-82,-4,-122
1747907326964.063,90087,1747907326945.469,-96,-16,-121
1747907326983.906,90050,1747907326965.375,-88,-15,-121
1747907327003.75,89984,1747907326985.219,-84,-16,-112
1747907327023.625,89904,1747907327005.063,-87,-25,-117
1747907327043.469,89826,1747907327024.906,-89,-16,-118
1747907327063.313,89756,1747907327044.875,-85,-16,-114
1747907327083.219,89706,1747907327064.625,-95,-25,-116
1747907327103.0,89666,1747907327084.5,-95,-16,-117
1747907327122.875,89637,1747907327104.281,-97,-16,-121
1747907327142.844,89621,1747907327124.187,-84,-16,-122
1747907327162.594,89603,1747907327144.156,-101,-16,-125
1747907327182.406,89598,1747907327163.906,-93,-20,-127
1747907327202.375,89591,1747907327183.719,-85,-16,-125
1747907327222.156,89573,1747907327203.562,-89,-9,-123
1747907327242.0,89594,1747907327223.469,-85,-16,-119
1747907327261.844,89578,1747907327243.281,-95,-16,-121
1747907327281.656,89576,1747907327263.125,-98,-16,-116
1747907327301.531,89561,1747907327282.969,-87,-16,-116
1747907327321.344,89562,1747907327302.812,-99,-16,-122
1747907327341.188,89567,1747907327322.656,-84,-16,-116
1747907327361.063,89569,1747907327342.469,-89,-16,-117
1747907327380.906,89570,1747907327362.344,-88,-16,-118
1747907327400.75,89587,1747907327382.312,-93,-16,-121
1747907327420.594,89594,1747907327402.062,-88,-16,-120
1747907327440.438,89631,1747907327421.906,-98,-13,-119
1747907327460.281,89653,1747907327441.688,-97,-16,-122
1747907327480.156,89666,1747907327461.594,-81,-15,-121
1747907327499.969,89690,1747907327481.437,-96,-16,-117
1747907327519.844,89728,1747907327501.281,-87,-16,-116
1747907327539.812,89757,1747907327521.094,-87,-16,-116
1747907327559.531,89789,1747907327540.969,-96,-25,-114
1747907327579.406,89822,1747907327560.844,-95,-13,-124
1747907327599.281,89862,1747907327580.719,-97,-16,-121
1747907327619.125,89888,1747907327600.594,-93,-16,-119
1747907327639.0,89915,1747907327620.375,-84,-16,-121
1747907327658.812,89951,1747907327640.312,-93,-16,-116
1747907327678.656,89977,1747907327660.125,-87,-16,-112
1747907327698.531,89953,1747907327679.969,-98,-16,-118
1747907327718.375,89909,1747907327699.844,-82,-16,-121
1747907327738.281,89849,1747907327719.688,-89,-16,-121
1747907327758.125,89780,1747907327739.562,-96,-16,-116
1747907327777.969,89714,1747907327759.406,-87,-16,-119
1747907327797.844,89670,1747907327779.25,-88,-16,-120
1747907327817.719,89629,1747907327799.125,-89,-16,-119
1747907327837.531,89606,1747907327819.031,-104,-25,-120
1747907327857.375,89575,1747907327838.844,-93,-23,-116
1747907327877.25,89575,1747907327858.687,-95,-16,-116
1747907327897.094,89570,1747907327878.563,-105,-13,-117
1747907327916.937,89565,1747907327898.375,-88,-16,-120
1747907327936.781,89569,1747907327918.219,-96,-16,-116
1747907327956.656,89556,1747907327938.094,-92,-17,-125
1747907327976.5,89560,1747907327957.969,-84,-16,-116
1747907327996.344,89549,1747907327977.813,-89,-14,-125
1747907328016.187,89557,1747907327997.625,-84,-16,-127
1747907328036.063,89560,1747907328017.5,-84,-16,-121
1747907328055.906,89562,1747907328037.375,-97,-16,-116
1747907328075.75,89565,1747907328057.188,-88,-16,-120
1747907328095.625,89554,1747907328077.031,-93,-16,-117
1747907328115.469,89582,1747907328096.875,-93,-16,-111
1747907328135.344,89587,1747907328116.781,-72,-16,-122
1747907328155.188,89598,1747907328136.625,-84,-16,-118
1747907328175.031,89625,1747907328156.469,-88,-16,-121
1747907328194.906,89652,1747907328176.344,-88,-18,-116
1747907328214.781,89672,1747907328196.187,-97,-16,-118
1747907328234.5632,89726,1747907328216.063,-83,-16,-122
1747907328254.437,89752,1747907328235.875,-93,-16,-116
1747907328274.375,89774,1747907328255.719,-89,-16,-121
1747907328294.188,89807,1747907328275.625,-93,-10,-123
1747907328314.0,89836,1747907328295.5,-85,-16,-124
1747907328333.844,89865,1747907328315.313,-88,-16,-119
1747907328353.687,89918,1747907328335.125,-92,-16,-129
1747907328373.594,89964,1747907328355.0,-90,-16,-117
1747907328393.375,89983,1747907328374.875,-103,-13,-120
1747907328413.25,90002,1747907328394.687,-97,-25,-114
1747907328433.094,89988,1747907328414.531,-88,-16,-121
1747907328452.9368,89933,1747907328434.344,-85,-16,-119
1747907328472.781,89874,1747907328454.25,-82,-16,-117
1747907328492.625,89812,1747907328474.094,-88,-16,-121
1747907328512.5,89764,1747907328493.938,-89,-16,-120
1747907328532.344,89700,1747907328513.813,-92,-8,-113
1747907328552.187,89685,1747907328533.6558,-85,-13,-121
1747907328572.031,89667,1747907328553.5,-77,-25,-114
1747907328591.875,89652,1747907328573.312,-89,-16,-121
1747907328611.812,89644,1747907328593.188,-95,-16,-114
1747907328631.594,89647,1747907328613.063,-95,-8,-124
1747907328651.437,89655,1747907328632.875,-84,-16,-116
1747907328671.313,89662,1747907328652.75,-91,-25,-125
1747907328691.156,89673,1747907328672.594,-87,-16,-129
1747907328711.0,89680,1747907328692.438,-93,-15,-118
1747907328730.844,89679,1747907328712.312,-95,-15,-117
1747907328750.719,89688,1747907328732.156,-100,-16,-120
1747907328770.594,89679,1747907328752.0,-97,-16,-122
1747907328790.406,89678,1747907328771.906,-84,-16,-121
1747907328810.281,89685,1747907328791.812,-96,-16,-114
1747907328830.156,89705,1747907328811.562,-85,-16,-117
1747907328849.969,89716,1747907328831.437,-85,-16,-116
1747907328869.813,89743,1747907328851.281,-100,-8,-121
1747907328889.687,89767,1747907328871.094,-97,-16,-118
1747907328909.531,89780,1747907328890.969,-81,-16,-116
1747907328929.531,89817,1747907328910.844,-84,-26,-121
1747907328949.25,89828,1747907328930.719,-89,-17,-121
1747907328969.094,89867,1747907328950.531,-101,-1,-116
1747907328988.969,89890,1747907328970.406,-97,-16,-119
1747907329008.844,89922,1747907328990.25,-84,-16,-125
1747907329028.656,89964,1747907329010.156,-87,-25,-104
1747907329048.531,90005,1747907329029.938,-84,-16,-116
1747907329068.375,90030,1747907329049.844,-97,-17,-113
1747907329088.219,90075,1747907329069.687,-87,-16,-125
1747907329108.063,90096,1747907329089.5,-92,-16,-125
1747907329127.938,90106,1747907329109.375,-95,-16,-117
1747907329147.781,90076,1747907329129.25,-98,-16,-116
1747907329167.687,90034,1747907329149.094,-86,-25,-120
1747907329187.531,89981,1747907329168.969,-85,-16,-116
1747907329207.344,89912,1747907329188.812,-89,-12,-126
1747907329227.25,89867,1747907329208.656,-89,-16,-122
1747907329247.062,89829,1747907329228.5308,-80,-25,-119
1747907329266.906,89788,1747907329248.375,-93,-16,-121
1747907329286.813,89769,1747907329268.219,-97,-16,-125
1747907329306.625,89768,1747907329288.063,-78,-25,-122
1747907329326.5,89772,1747907329307.938,-92,-16,-114
1747907329346.344,89777,1747907329327.812,-93,-16,-118
1747907329366.188,89786,1747907329347.625,-84,-17,-112
1747907329386.031,89790,1747907329367.5,-85,-13,-125
1747907329405.906,89811,1747907329387.375,-87,-25,-116
1747907329425.781,89795,1747907329407.188,-84,-13,-121
1747907329445.594,89817,1747907329427.062,-88,-16,-117
1747907329465.469,89806,1747907329446.906,-96,-16,-118
1747907329485.344,89808,1747907329466.75,-89,-13,-121
1747907329505.187,89820,1747907329486.688,-87,-27,-122
1747907329525.031,89816,1747907329506.5,-85,-16,-117
1747907329544.875,89831,1747907329526.312,-95,-16,-120
1747907329564.75,89856,1747907329546.219,-92,-16,-120
1747907329584.594,89878,1747907329566.0,-81,-8,-130
1747907329604.437,89893,1747907329585.906,-93,-14,-120
1747907329624.312,89921,1747907329605.75,-98,-16,-116
1747907329644.156,89953,1747907329625.625,-72,-16,-121
1747907329664.031,89970,1747907329645.438,-85,-16,-120
1747907329683.844,90010,1747907329665.344,-97,-16,-112
1747907329703.719,90042,1747907329685.125,-82,-4,-122
1747907329723.563,90076,1747907329705.031,-93,-16,-121
1747907329743.406,90110,1747907329724.875,-89,-15,-121
1747907329763.25,90134,1747907329744.719,-82,-16,-112
1747907329783.094,90184,1747907329764.531,-93,-16,-120
1747907329802.969,90215,1747907329784.406,-88,-16,-121
1747907329822.813,90232,1747907329804.406,-90,-16,-121
1747907329842.625,90225,1747907329824.125,-88,-16,-116
1747907329862.5,90183,1747907329843.969,-85,-18,-116
1747907329882.344,90127,1747907329863.781,-95,-16,-114
1747907329902.188,90055,1747907329883.625,-88,-16,-120
1747907329922.0,90013,1747907329903.5,-88,-16,-122
1747907329941.844,89983,1747907329923.313,-97,-16,-114
1747907329961.719,89944,1747907329943.156,-87,-16,-121
1747907329981.562,89925,1747907329963.031,-72,-21,-121
1747907330001.375,89911,1747907329982.844,-91,-16,-118
1747907330021.25,89910,1747907330002.719,-90,-16,-118
1747907330041.094,89915,1747907330022.531,-84,-13,-122
1747907330060.937,89912,1747907330042.375,-85,-8,-124
1747907330080.75,89925,1747907330062.25,-85,-16,-129
1747907330100.594,89944,1747907330082.031,-97,-16,-125
1747907330120.469,89942,1747907330101.906,-88,-25,-120
1747907330140.375,89949,1747907330121.813,-93,-16,-120
1747907330160.156,89942,1747907330141.687,-94,-15,-116
1747907330180.031,89944,1747907330161.469,-88,-16,-118
1747907330199.875,89949,1747907330181.344,-90,-18,-109
1747907330219.75,89960,1747907330201.188,-88,-25,-120
1747907330239.594,89973,1747907330221.063,-89,-16,-122
1747907330259.437,89999,1747907330240.875,-90,-16,-125
1747907330279.313,90013,1747907330260.781,-85,-13,-121
1747907330299.156,90040,1747907330280.594,-95,-15,-118
1747907330319.0,90063,1747907330300.469,-76,-16,-121
1747907330338.875,90084,1747907330320.312,-87,-16,-118
1747907330358.75,90125,1747907330340.187,-90,-16,-121
1747907330378.594,90145,1747907330360.063,-97,-16,-120
1747907330398.438,90185,1747907330379.938,-85,-16,-116
1747907330418.281,90222,1747907330399.719,-98,-16,-116
1747907330438.156,90257,1747907330419.594,-87,-16,-108
1747907330458.0,90298,1747907330439.469,-96,-16,-114
1747907330477.844,90336,1747907330459.313,-87,-16,-116
1747907330497.687,90360,1747907330479.156,-91,-15,-121
1747907330517.562,90366,1747907330499.0,-88,-16,-125
1747907330537.438,90342,1747907330518.875,-86,-16,-120
1747907330557.281,90292,1747907330538.719,-97,-24,-121
1747907330577.219,90213,1747907330558.594,-82,-25,-116
1747907330596.969,90141,1747907330578.531,-93,-17,-124
1747907330616.844,90082,1747907330598.25,-98,-20,-117
1747907330636.75,90029,1747907330618.156,-89,-16,-116
1747907330656.5,90009,1747907330637.969,-93,-17,-121
1747907330676.406,89966,1747907330657.813,-89,-16,-122
1747907330696.25,89946,1747907330677.7192,-84,-16,-114
1747907330716.094,89936,1747907330697.531,-84,-16,-120
1747907330735.938,89932,1747907330717.406,-98,-16,-116
1747907330755.781,89934,1747907330737.25,-85,-14,-122
1747907330775.656,89944,1747907330757.094,-81,-16,-116
1747907330795.531,89956,1747907330776.937,-81,-16,-120
1747907330815.344,89957,1747907330796.844,-95,-20,-114
1747907330835.219,89964,1747907330816.625,-84,-16,-121
1747907330855.094,89951,1747907330836.531,-98,-16,-122
1747907330874.937,89958,1747907330856.406,-86,-15,-125
1747907330894.781,89957,1747907330876.25,-89,-16,-121
1747907330914.656,89972,1747907330896.063,-87,-16,-119
1747907330934.531,89971,1747907330915.969,-100,-16,-119
1747907330954.406,89988,1747907330935.812,-84,-16,-122
1747907330974.219,90004,1747907330955.687,-82,-15,-122
1747907330994.063,90013,1747907330975.531,-93,-16,-121
1747907331013.937,90033,1747907330995.344,-84,-15,-119
1747907331033.812,90051,1747907331015.25,-84,-16,-121
1747907331053.625,90079,1747907331035.094,-104,-17,-129
1747907331073.5,90103,1747907331054.906,-85,-16,-114
1747907331093.375,90139,1747907331074.813,-87,-25,-112
1747907331113.219,90174,1747907331094.656,-95,-16,-129
1747907331133.0618,90208,1747907331114.5,-88,-16,-124
1747907331152.906,90244,1747907331134.375,-97,-16,-122
1747907331172.75,90281,1747907331154.156,-86,-16,-121
1747907331192.625,90299,1747907331174.063,-98,-20,-116
1747907331212.437,90298,1747907331193.938,-92,-25,-121
1747907331232.312,90261,1747907331213.75,-81,-16,-117
1747907331252.188,90219,1747907331233.594,-85,-16,-121
1747907331272.031,90160,1747907331253.469,-87,-16,-122
1747907331291.875,90072,1747907331273.344,-97,-12,-117
1747907331311.75,90016,1747907331293.187,-94,-16,-121
1747907331331.594,89955,1747907331313.031,-73,-13,-121
1747907331351.469,89910,1747907331332.906,-89,-16,-121
1747907331371.312,89874,1747907331352.75,-88,-16,-116
1747907331391.156,89845,1747907331372.531,-101,-20,-115
1747907331411.0,89838,1747907331392.437,-91,-20,-113
1747907331430.844,89826,1747907331412.312,-88,-16,-117
1747907331450.688,89848,1747907331432.125,-85,-16,-129
1747907331470.531,89830,1747907331452.0,-89,-13,-124
1747907331490.375,89834,1747907331471.812,-91,-16,-121
1747907331510.25,89824,1747907331491.687,-81,-25,-128
1747907331530.094,89818,1747907331511.531,-82,-16,-117
1747907331549.937,89814,1747907331531.375,-84,-16,-118
1747907331569.812,89800,1747907331551.281,-89,-16,-121
1747907331589.688,89800,1747907331571.125,-89,-16,-119
1747907331609.5,89819,1747907331590.969,-98,-16,-121
1747907331629.375,89816,1747907331610.75,-84,-17,-121
1747907331649.25,89813,1747907331630.688,-84,-16,-120
1747907331669.094,89825,1747907331650.562,-94,-19,-116
1747907331688.906,89833,1747907331670.375,-88,-16,-121
1747907331708.781,89852,1747907331690.219,-87,-16,-121
1747907331728.625,89884,1747907331710.094,-89,-5,-125
1747907331748.5,89905,1747907331729.938,-97,-16,-117
1747907331768.375,89920,1747907331749.844,-97,-16,-121
1747907331788.25,89960,1747907331769.687,-90,-18,-108
1747907331808.125,89990,1747907331789.563,-85,-16,-118
1747907331827.969,90025,1747907331809.438,-89,-16,-117
1747907331847.812,90054,1747907331829.281,-94,-16,-129
1747907331867.656,90092,1747907331849.094,-85,-16,-116
1747907331887.563,90141,1747907331868.969,-88,-16,-121
1747907331907.375,90151,1747907331888.875,-84,-16,-122
1747907331927.25,90137,1747907331908.6558,-95,-16,-118
1747907331947.063,90091,1747907331928.5,-97,-4,-114
1747907331966.938,90033,1747907331948.375,-104,-16,-116
1747907331986.7808,89954,1747907331968.25,-89,-16,-118
1747907332006.625,89889,1747907331988.063,-84,-8,-117
1747907332026.469,89837,1747907332007.906,-85,-16,-116
1747907332046.344,89795,1747907332027.781,-93,-15,-120
1747907332066.188,89772,1747907332047.656,-72,-21,-122
1747907332086.031,89735,1747907332067.5,-87,-16,-124
1747907332105.875,89728,1747907332087.312,-89,-16,-116
1747907332125.75,89717,1747907332107.156,-84,-13,-128
1747907332145.594,89727,1747907332127.0,-80,-16,-125
1747907332165.437,89731,1747907332146.875,-86,-16,-121
1747907332185.281,89729,1747907332166.75,-95,-21,-113
1747907332205.156,89727,1747907332186.594,-88,-13,-118
1747907332225.0,89733,1747907332206.437,-100,-16,-116
1747907332244.813,89727,1747907332226.3132,-89,-16,-122
1747907332264.687,89723,1747907332246.094,-85,-16,-121
1747907332284.531,89728,1747907332266.0,-84,-25,-116
1747907332304.375,89726,1747907332285.844,-93,-16,-116
1747907332324.25,89731,1747907332305.687,-97,-16,-116
1747907332344.063,89737,1747907332325.5,-90,-16,-121
1747907332363.937,89764,1747907332345.344,-85,-16,-117
1747907332383.781,89787,1747907332365.2192,-97,-25,-116
1747907332403.625,89816,1747907332385.062,-76,-17,-121
1747907332423.469,89844,1747907332404.938,-85,-16,-121
1747907332443.312,89852,1747907332424.781,-79,-25,-120
1747907332463.187,89888,1747907332444.625,-93,-12,-124
1747907332483.031,89913,1747907332464.5,-90,-16,-118
1747907332502.875,89924,1747907332484.312,-82,-16,-116
1747907332522.719,89966,1747907332504.156,-97,-15,-113
1747907332542.594,89994,1747907332524.031,-98,-16,-122
1747907332562.437,90029,1747907332543.875,-85,-16,-121
1747907332582.25,90068,1747907332563.719,-97,-25,-121
1747907332602.125,90088,1747907332583.563,-98,-14,-125
1747907332621.938,90086,1747907332603.438,-87,-16,-121
1747907332641.844,90061,1747907332623.25,-100,-18,-116
1747907332661.656,90032,1747907332643.125,-95,-16,-114
1747907332681.5,89971,1747907332662.969,-84,-25,-118
1747907332701.344,89914,1747907332682.813,-89,-25,-121
1747907332721.219,89872,1747907332702.656,-88,-16,-121
1747907332741.031,89830,1747907332722.5,-98,-17,-117
1747907332760.906,89805,1747907332742.344,-97,-16,-124
1747907332780.75,89787,1747907332762.219,-84,-16,-121
1747907332800.594,89775,1747907332782.094,-83,-8,-126
1747907332820.437,89796,1747907332801.906,-87,-16,-116
1747907332840.312,89807,1747907332821.75,-93,-16,-121
1747907332860.156,89825,1747907332841.594,-93,-16,-121
1747907332880.063,89836,1747907332861.469,-89,-25,-121
1747907332899.844,89837,1747907332881.344,-85,-16,-126
1747907332919.719,89853,1747907332901.125,-93,-16,-115
1747907332939.594,89847,1747907332921.031,-84,-16,-121
1747907332959.469,89856,1747907332940.938,-97,-25,-119
1747907332979.281,89861,1747907332960.75,-93,-16,-119
1747907332999.156,89872,1747907332980.563,-92,-16,-120
1747907333019.0,89879,1747907333000.469,-95,-29,-119
1747907333038.875,89893,1747907333020.312,-100,-16,-119
1747907333058.688,89918,1747907333040.188,-90,-25,-120
1747907333078.562,89931,1747907333060.0,-80,-18,-114
1747907333098.437,89954,1747907333079.844,-97,-16,-115
1747907333118.281,89986,1747907333099.719,-89,-16,-119
1747907333138.125,90009,1747907333119.594,-87,-8,-113
1747907333158.0,90032,1747907333139.438,-84,-13,-114
1747907333177.844,90061,1747907333159.281,-79,-16,-122
1747907333197.719,90091,1747907333179.156,-87,-16,-104
1747907333217.531,90119,1747907333199.031,-93,-16,-116
1747907333237.406,90149,1747907333218.844,-92,-16,-119
1747907333257.281,90177,1747907333238.781,-88,-16,-120
1747907333277.125,90208,1747907333258.562,-95,-16,-116
1747907333296.938,90181,1747907333278.406,-85,-16,-122
1747907333316.781,90150,1747907333298.281,-97,-20,-120
1747907333336.781,90099,1747907333318.063,-87,-16,-116
1747907333356.531,90028,1747907333338.062,-101,-14,-117
1747907333376.344,89969,1747907333357.844,-89,-20,-123
1747907333396.281,89909,1747907333377.656,-93,-16,-127
1747907333416.063,89873,1747907333397.5,-105,-18,-125
1747907333435.906,89848,1747907333417.344,-82,-16,-122
1747907333455.75,89837,1747907333437.219,-92,-16,-116
1747907333475.625,89838,1747907333457.031,-88,-16,-128
1747907333495.469,89838,1747907333476.938,-87,-16,-121
1747907333515.344,89833,1747907333496.781,-87,-15,-114
1747907333535.187,89847,1747907333516.656,-95,-15,-125
1747907333555.063,89871,1747907333536.531,-84,-16,-119
1747907333574.906,89873,1747907333556.375,-85,-16,-121
1747907333594.812,89873,1747907333576.219,-96,-16,-120
1747907333614.656,89864,1747907333596.125,-96,-16,-119
1747907333634.5,89871,1747907333615.937,-93,-16,-122
1747907333654.375,89855,1747907333635.812,-81,-16,-121
1747907333674.25,89869,1747907333655.688,-89,-16,-121
1747907333694.094,89882,1747907333675.531,-97,-16,-122
1747907333713.969,89896,1747907333695.406,-93,-16,-121
1747907333733.844,89896,1747907333715.281,-93,-16,-121
1747907333753.719,89933,1747907333735.125,-68,-25,-117
1747907333773.531,89951,1747907333755.031,-95,-21,-109
1747907333793.406,89987,1747907333774.844,-87,-16,-121
1747907333813.313,90002,1747907333794.719,-97,-7,-121
1747907333833.156,90032,1747907333814.594,-88,-16,-121
1747907333853.0,90063,1747907333834.469,-87,-15,-120
1747907333872.875,90088,1747907333854.281,-93,-21,-104
1747907333892.75,90134,1747907333874.187,-93,-16,-120
1747907333912.625,90176,1747907333894.063,-88,-15,-122
1747907333932.469,90207,1747907333913.938,-93,-16,-121
1747907333952.344,90227,1747907333933.75,-84,-16,-121
1747907333972.219,90229,1747907333953.656,-95,-25,-124
1747907333992.063,90202,1747907333973.5,-87,-25,-122
1747907334011.937,90144,1747907333993.375,-90,-13,-120
1747907334031.781,90062,1747907334013.188,-85,-16,-121
1747907334051.656,90012,1747907334033.094,-97,-16,-113
1747907334071.625,89940,1747907334052.937,-87,-16,-121
1747907334091.375,89900,1747907334072.938,-99,-25,-120
1747907334111.281,89869,1747907334092.688,-84,-16,-125
1747907334131.156,89838,1747907334112.562,-87,-16,-125
1747907334151.031,89830,1747907334132.469,-97,-16,-117
1747907334170.875,89817,1747907334152.313,-87,-16,-121
1747907334190.75,89820,1747907334172.156,-89,-16,-120
1747907334210.625,89818,1747907334192.031,-96,-17,-121
1747907334230.469,89834,1747907334211.937,-89,-25,-120
1747907334250.313,89834,1747907334231.75,-84,-16,-122
1747907334270.187,89832,1747907334251.625,-94,-16,-129
1747907334290.062,89849,1747907334271.4692,-85,-16,-121
1747907334309.875,89864,1747907334291.375,-88,-16,-117
1747907334329.75,89858,1747907334311.188,-93,-16,-124
1747907334349.656,89869,1747907334331.063,-82,-16,-117
1747907334369.5,89872,1747907334350.937,-97,-16,-120
1747907334389.344,89882,1747907334370.812,-84,-16,-120
1747907334409.219,89896,1747907334390.656,-86,-16,-119
1747907334429.094,89910,1747907334410.531,-93,-15,-125
1747907334448.937,89936,1747907334430.406,-88,-16,-113
1747907334468.781,89961,1747907334450.25,-100,-15,-122
1747907334488.625,89987,1747907334470.062,-80,-16,-121
1747907334508.5,90009,1747907334489.906,-93,-16,-119
1747907334528.406,90054,1747907334509.7808,-93,-16,-121
1747907334548.187,90086,1747907334529.656,-76,-18,-119
1747907334568.063,90121,1747907334549.5,-99,-16,-117
1747907334587.938,90155,1747907334569.344,-84,-16,-129
1747907334607.812,90186,1747907334589.25,-95,-8,-132
1747907334627.656,90216,1747907334609.094,-93,-16,-117
1747907334647.5,90233,1747907334628.937,-89,-16,-121
1747907334667.406,90230,1747907334648.813,-82,-16,-113
1747907334687.281,90188,1747907334668.719,-89,-21,-116
1747907334707.094,90148,1747907334688.562,-85,-16,-121
1747907334726.969,90089,1747907334708.406,-89,-16,-119
1747907334746.844,90009,1747907334728.281,-85,-16,-114
1747907334766.687,89962,1747907334748.156,-84,-25,-116
1747907334786.531,89919,1747907334767.969,-89,-16,-121
1747907334806.5,89893,1747907334787.812,-84,-16,-121
1747907334826.25,89861,1747907334807.813,-93,-17,-120
1747907334846.125,89852,1747907334827.563,-97,-13,-121
1747907334865.969,89829,1747907334847.438,-82,-16,-121
1747907334885.812,89841,1747907334867.25,-101,-15,-116
1747907334905.688,89851,1747907334887.094,-86,-16,-125
1747907334925.563,89842,1747907334907.0,-73,-16,-121
1747907334945.406,89845,1747907334926.844,-98,-37,-116
1747907334965.25,89846,1747907334946.719,-87,-17,-116
1747907334985.125,89859,1747907334966.531,-97,-16,-116
1747907335005.0,89869,1747907334986.438,-93,-25,-137
1747907335024.844,89865,1747907335006.281,-86,-16,-121
1747907335044.687,89875,1747907335026.156,-95,-16,-116
1747907335064.563,89887,1747907335045.969,-88,-16,-119
1747907335084.438,89893,1747907335065.844,-95,-16,-117
1747907335104.25,89905,1747907335085.719,-84,-23,-120
1747907335124.094,89917,1747907335105.531,-73,-16,-118
1747907335143.969,89927,1747907335125.406,-96,-16,-121
1747907335163.8132,89948,1747907335145.25,-85,-16,-119
1747907335183.625,89984,1747907335165.125,-100,-16,-119
1747907335203.5,90005,1747907335184.906,-86,-21,-121
1747907335223.344,90043,1747907335204.781,-79,-16,-122
1747907335243.219,90065,1747907335224.625,-87,-16,-125
1747907335263.031,90095,1747907335244.5,-84,-21,-116
1747907335282.906,90138,1747907335264.375,-105,-8,-129
1747907335302.75,90168,1747907335284.188,-84,-16,-117
1747907335322.594,90210,1747907335304.062,-100,-21,-116
1747907335342.438,90242,1747907335323.906,-87,-16,-125
1747907335362.281,90221,1747907335343.75,-94,-16,-117
1747907335382.125,90197,1747907335363.594,-95,-16,-128
1747907335402.0,90137,1747907335383.406,-94,-16,-117
1747907335421.844,90101,1747907335403.312,-88,-16,-120
1747907335441.688,90047,1747907335423.156,-88,-15,-113
1747907335461.563,90033,1747907335442.969,-82,-16,-113
1747907335481.406,90048,1747907335462.875,-103,-17,-121
1747907335501.281,90096,1747907335482.687,-96,-16,-121
1747907335521.094,90152,1747907335502.594,-89,-16,-129
1747907335540.969,90248,1747907335522.375,-101,-25,-136
1747907335560.812,90409,1747907335542.25,-91,-26,-153
1747907335580.656,90539,1747907335562.125,-119,-31,-164
1747907335600.563,90694,1747907335581.937,-125,-15,-185
1747907335620.375,90917,1747907335601.781,-159,-4,-225
1747907335640.219,91156,1747907335621.688,-181,-16,-246
1747907335660.094,91406,1747907335641.531,-173,-16,-271
1747907335679.906,91487,1747907335661.375,-175,-16,-289
1747907335699.781,91577,1747907335681.219,-163,-16,-265
1747907335719.625,91736,1747907335701.094,-136,-13,-228
1747907335739.5,91952,1747907335720.938,-117,-16,-196
1747907335759.344,92219,1747907335740.813,-104,-16,-157
1747907335779.187,92477,1747907335760.625,-77,-16,-121
1747907335799.063,92714,1747907335780.594,-32,-29,-85
1747907335818.938,92938,1747907335800.344,-19,-29,-50
1747907335838.75,93071,1747907335820.281,15,-32,-25
1747907335858.625,93188,1747907335840.062,41,-40,-4
1747907335878.5,93274,1747907335859.906,72,-32,-1
1747907335898.313,93349,1747907335879.813,63,-32,9
1747907335918.281,93405,1747907335899.625,64,-25,4
1747907335938.031,93451,1747907335919.406,56,-25,-20
1747907335957.844,93502,1747907335939.25,43,-1,-40
1747907335977.688,93542,1747907335959.156,49,16,-41
1747907335997.5,93569,1747907335979.0,31,35,-8
1747907336017.375,93619,1747907335998.781,-17,64,15
1747907336037.187,93739,1747907336018.656,-74,99,32
1747907336057.031,93821,1747907336038.531,-132,161,7
1747907336076.875,93820,1747907336058.312,-212,208,-77
1747907336096.75,93833,1747907336078.219,-268,231,-202
1747907336116.562,93779,1747907336098.031,-260,240,-281
1747907336136.437,93692,1747907336117.875,-191,207,-314
1747907336156.25,93606,1747907336137.75,-175,161,-328
1747907336176.094,93546,1747907336157.531,-124,107,-333
1747907336195.906,93510,1747907336177.375,-89,104,-328
1747907336215.781,93552,1747907336197.219,-72,64,-322
1747907336235.625,93655,1747907336217.094,-65,32,-321
1747907336255.469,93796,1747907336236.906,-41,-5,-316
1747907336275.313,93971,1747907336256.75,-39,-16,-302
1747907336295.156,94121,1747907336276.625,-20,-37,-304
1747907336315.031,94245,1747907336296.469,14,-25,-244
1747907336334.844,94337,1747907336316.344,36,-29,-200
1747907336354.719,94429,1747907336336.156,47,-32,-157
1747907336374.594,94585,1747907336356.0,31,-51,-120
1747907336394.437,94803,1747907336375.875,7,-64,-96
1747907336414.281,95023,1747907336395.75,12,-64,-73
1747907336434.156,95225,1747907336415.594,22,-57,-49
1747907336454.0,95383,1747907336435.469,15,-57,-8
1747907336473.875,95535,1747907336455.281,31,-48,22
1747907336493.719,95657,1747907336475.156,27,-40,38
1747907336513.562,95753,1747907336495.031,1,-29,35
1747907336533.438,95846,1747907336514.875,-20,-8,22
1747907336553.281,95949,1747907336534.688,-66,33,12
1747907336573.125,96023,1747907336554.594,-93,96,-10
1747907336593.0,96030,1747907336574.437,-164,167,-43
1747907336612.906,96022,1747907336594.344,-211,207,-92
1747907336632.75,96037,1747907336614.156,-256,207,-146
1747907336652.594,96066,1747907336634.063,-260,203,-181
1747907336672.437,96081,1747907336653.875,-256,192,-206
1747907336692.313,96071,1747907336673.75,-201,173,-212
1747907336712.188,95986,1747907336693.625,-164,177,-241
1747907336732.0,95912,1747907336713.469,-136,163,-233
1747907336751.875,95899,1747907336733.281,-120,120,-233
1747907336771.75,95908,1747907336753.156,-104,80,-226
1747907336791.594,95961,1747907336773.031,-104,39,-233
1747907336811.438,96062,1747907336792.875,-117,32,-242
1747907336831.312,96155,1747907336812.75,-105,-9,-234
1747907336851.187,96306,1747907336832.594,-77,-16,-212
1747907336871.031,96466,1747907336852.469,-76,-34,-205
1747907336890.844,96673,1747907336872.281,-81,-72,-228
1747907336910.719,96931,1747907336892.156,-80,-89,-242
1747907336930.594,97200,1747907336912.031,-81,-96,-253
1747907336950.438,97467,1747907336931.906,-76,-96,-248
1747907336970.281,97687,1747907336951.75,-44,-96,-234
1747907336990.156,97841,1747907336971.594,-33,-77,-204
1747907337010.031,97905,1747907336991.469,-31,-61,-178
1747907337029.906,98026,1747907337011.312,-18,-36,-151
1747907337049.75,98177,1747907337031.187,-8,-32,-113
1747907337069.594,98339,1747907337051.031,-8,-31,-81
1747907337089.469,98512,1747907337070.906,12,-16,-52
1747907337109.344,98663,1747907337090.781,19,-13,-17
1747907337129.188,98778,1747907337110.656,32,-14,15
1747907337149.031,98914,1747907337130.469,31,-8,31
1747907337168.906,99052,1747907337150.344,12,3,39
1747907337188.75,99143,1747907337170.219,-13,23,33
1747907337208.594,99211,1747907337190.0,-49,48,35
1747907337228.438,99212,1747907337209.875,-79,67,55
1747907337248.281,99225,1747907337229.719,-89,121,55
1747907337268.187,99249,1747907337249.594,-122,167,23
1747907337288.094,99233,1747907337269.5,-164,192,-60
1747907337307.844,99228,1747907337289.3118,-191,190,-151
1747907337327.719,99302,1747907337309.125,-193,179,-190
1747907337347.594,99406,1747907337329.031,-200,176,-232
1747907337367.375,99482,1747907337348.875,-218,160,-251
1747907337387.25,99528,1747907337368.656,-207,80,-236
1747907337407.094,99496,1747907337388.562,-180,66,-264
1747907337426.938,99409,1747907337408.344,-152,103,-272
1747907337446.781,99316,1747907337428.25,-133,99,-282
1747907337466.625,99313,1747907337448.062,-104,80,-278
1747907337486.469,99374,1747907337467.906,-109,67,-295
1747907337506.344,99559,1747907337487.781,-132,48,-302
1747907337526.187,99800,1747907337507.656,-153,32,-314
1747907337546.062,100167,1747907337527.5,-148,33,-310
1747907337566.031,100499,1747907337547.344,-129,32,-274
1747907337585.781,100689,1747907337567.344,-117,7,-228
1747907337605.625,100784,1747907337587.094,-72,-1,-189
1747907337625.531,100802,1747907337606.906,-28,3,-148
1747907337645.312,100765,1747907337626.812,7,28,-109
1747907337665.188,100625,1747907337646.625,51,48,-84
1747907337685.031,100495,1747907337666.5,67,48,-46
1747907337704.875,100464,1747907337686.313,97,47,0
1747907337724.75,100536,1747907337706.187,111,48,63
1747907337744.594,100454,1747907337726.062,111,39,83
1747907337764.438,100323,1747907337745.875,83,35,48
1747907337784.281,100261,1747907337765.75,51,51,-25
1747907337804.125,100290,1747907337785.594,8,71,-68
1747907337824.0,100363,1747907337805.437,6,83,-77
1747907337843.844,100475,1747907337825.312,30,103,-66
1747907337863.656,100563,1747907337845.094,62,120,-63
1747907337883.531,100586,1747907337864.969,51,131,-65
1747907337903.469,100563,1747907337884.875,51,131,-61
1747907337923.219,100532,1747907337904.781,12,134,-52
1747907337943.094,100551,1747907337924.531,-49,140,-52
1747907337962.969,100659,1747907337944.406,-116,129,-38
1747907337982.812,100862,1747907337964.25,-130,147,-57
1747907338002.656,101171,1747907337984.094,-168,176,-83
1747907338022.531,101249,1747907338003.969,-216,167,-106
1747907338042.375,101149,1747907338023.813,-208,143,-118
1747907338062.281,100946,1747907338043.688,-253,113,-157
1747907338082.125,100633,1747907338063.531,-295,99,-201
1747907338101.969,100249,1747907338083.375,-325,88,-233
1747907338121.875,99947,1747907338103.25,-333,72,-199
1747907338141.719,99589,1747907338123.156,-341,35,-162
1747907338161.562,99489,1747907338143.0,-361,16,-164
1747907338181.438,99394,1747907338162.875,-370,32,-114
1747907338201.281,99419,1747907338182.75,-349,32,-64
1747907338221.1558,99706,1747907338202.625,-296,7,-57
1747907338241.0,100071,1747907338222.469,-272,1,-58
1747907338260.844,100259,1747907338242.312,-217,-5,-52
1747907338280.719,100430,1747907338262.125,-141,12,-49
1747907338300.594,100550,1747907338282.031,-93,-4,-67
1747907338320.437,100796,1747907338301.906,-45,35,-58
1747907338340.312,101135,1747907338321.75,-26,80,-29
1747907338360.156,101531,1747907338341.594,-20,80,-20
1747907338380.031,101944,1747907338361.438,-42,81,-4
1747907338399.969,102101,1747907338381.344,-40,67,3
1747907338419.719,102128,1747907338401.312,-39,76,-13
1747907338439.625,102089,1747907338421.031,-36,103,-8
1747907338459.469,102178,1747907338440.906,-4,103,-14
1747907338479.312,102406,1747907338460.781,7,96,-26
1747907338499.156,102545,1747907338480.594,39,99,-35
1747907338519.031,102376,1747907338500.437,83,118,-42
1747907338538.875,102784,1747907338520.312,127,123,-49
1747907338558.688,103506,1747907338540.188,142,115,-66
1747907338578.562,103586,1747907338560.0,143,99,-104
1747907338598.375,103483,1747907338579.844,95,112,-119
1747907338618.25,103392,1747907338599.687,40,123,-113
1747907338638.094,103316,1747907338619.562,-29,144,-93
1747907338657.938,103250,1747907338639.375,-64,160,-63
1747907338677.781,103277,1747907338659.25,-136,151,-69
1747907338697.656,103264,1747907338679.062,-145,129,-120
1747907338717.469,103236,1747907338698.969,-137,103,-147
1747907338737.344,103249,1747907338718.781,-153,112,-153
1747907338757.187,103223,1747907338738.625,-174,97,-159
1747907338777.062,102924,1747907338758.5,-178,75,-149
1747907338796.875,102197,1747907338778.375,-159,64,-116
1747907338816.719,101548,1747907338798.156,-178,35,-69
1747907338836.594,101389,1747907338818.031,-205,-13,-33
1747907338856.437,101392,1747907338837.875,-223,-29,22
1747907338876.281,101416,1747907338857.781,-245,-3,47
1747907338896.125,102242,1747907338877.594,-232,49,50
1747907338915.969,102922,1747907338897.438,-254,-1,-45
1747907338935.812,103597,1747907338917.281,-254,-16,-35
1747907338955.687,104034,1747907338937.125,-228,-13,-8
1747907338975.5,104245,1747907338957.0,-212,-5,-25
1747907338995.375,104619,1747907338976.8118,-228,-13,-49
1747907339015.219,104880,1747907338996.656,-209,3,-50
1747907339035.094,104851,1747907339016.5,-196,48,-48
1747907339054.906,104776,1747907339036.375,-141,59,-68
1747907339074.75,104698,1747907339056.219,-132,64,-74
1747907339094.625,104676,1747907339076.062,-83,67,-81
1747907339114.5,104742,1747907339095.906,-57,87,-64
1747907339134.312,104807,1747907339115.813,-20,87,-89
1747907339154.156,104755,1747907339135.594,12,72,-104
1747907339174.031,104655,1747907339155.469,33,71,-113
1747907339193.875,104573,1747907339175.344,47,67,-124
1747907339213.75,104527,1747907339195.188,48,56,-137
1747907339233.562,104463,1747907339215.062,34,47,-164
1747907339253.438,104371,1747907339234.875,14,48,-170
1747907339273.281,104188,1747907339254.75,-2,56,-166
1747907339293.125,103961,1747907339274.594,24,67,-149
1747907339312.969,103785,1747907339294.406,54,65,-144
1747907339332.812,103717,1747907339314.25,11,64,-158
1747907339352.688,103725,1747907339334.125,-49,81,-181
1747907339372.5,103602,1747907339353.969,-90,96,-193
1747907339392.344,103455,1747907339373.781,-117,79,-169
1747907339412.219,103371,1747907339393.625,-144,57,-143
1747907339432.062,103192,1747907339413.531,-162,48,-95
1747907339451.875,102947,1747907339433.375,-210,31,-74
1747907339471.719,102770,1747907339453.219,-203,40,-95
1747907339491.594,102608,1747907339473.0,-164,64,-96
1747907339511.437,102436,1747907339492.875,-144,49,-81
1747907339531.25,102305,1747907339512.719,-136,48,-54
1747907339551.063,102262,1747907339532.562,-130,16,-33
1747907339570.938,102266,1747907339552.375,-148,-16,19
1747907339590.812,102171,1747907339572.219,-172,-63,71
1747907339610.625,102015,1747907339592.125,-151,-80,95
1747907339630.469,101838,1747907339611.906,-125,-49,87
1747907339650.344,101717,1747907339631.781,-128,-29,66
1747907339670.156,101589,1747907339651.656,-113,-13,38
1747907339690.0,101367,1747907339671.469,-125,3,19
1747907339709.844,101225,1747907339691.312,-121,19,-9
1747907339729.688,101227,1747907339711.125,-165,36,-42
1747907339749.5,101335,1747907339730.969,-167,15,-87
1747907339769.375,101421,1747907339750.813,-160,32,-114
1747907339789.156,101389,1747907339770.656,-143,32,-129
1747907339809.031,101341,1747907339790.469,-98,56,-119
1747907339828.875,101326,1747907339810.312,-53,112,-129
1747907339848.719,101328,1747907339830.188,-26,96,-158
1747907339868.562,101396,1747907339850.031,-47,48,-153
1747907339888.406,101421,1747907339869.875,-72,16,-125
1747907339908.281,101356,1747907339889.812,-68,-1,-145
1747907339928.156,101222,1747907339909.594,-58,17,-144
1747907339947.969,101095,1747907339929.4382,-56,33,-130
1747907339967.812,100987,1747907339949.281,-63,28,-113
1747907339987.656,100867,1747907339969.125,-69,3,-107
1747907340007.531,100728,1747907339989.0,-93,-7,-124
1747907340027.375,100561,1747907340008.844,-125,-7,-145
1747907340047.219,100323,1747907340028.656,-151,-29,-157
1747907340067.062,100073,1747907340048.5,-175,-40,-167
1747907340086.937,99888,1747907340068.406,-149,-47,-160
1747907340106.75,99729,1747907340088.25,-112,-48,-132
1747907340126.594,99594,1747907340108.063,-93,-32,-129
1747907340146.4692,99460,1747907340127.906,-71,-29,-118
1747907340166.312,99308,1747907340147.781,-69,-37,-109
1747907340186.188,99175,1747907340167.625,-80,-32,-114
1747907340206.0,99043,1747907340187.5,-68,-29,-108
1747907340225.844,98929,1747907340207.313,-77,-29,-116
1747907340245.687,98824,1747907340227.125,-65,-29,-122
1747907340265.562,98751,1747907340247.0,-89,-26,-125
1747907340285.375,98692,1747907340266.844,-100,-26,-129
1747907340305.25,98660,1747907340286.656,-89,-24,-129
1747907340325.125,98615,1747907340306.531,-84,-32,-132
1747907340344.937,98568,1747907340326.406,-68,-29,-122
1747907340364.781,98532,1747907340346.25,-77,-25,-116
1747907340384.625,98482,1747907340366.094,-73,-16,-129
1747907340404.5,98445,1747907340385.906,-72,-17,-136
1747907340424.344,98412,1747907340405.781,-82,-16,-141
1747907340444.156,98356,1747907340425.656,-71,-25,-133
1747907340464.031,98325,1747907340445.469,-80,-16,-145
1747907340483.906,98281,1747907340465.344,-84,-16,-132
1747907340503.75,98244,1747907340485.188,-75,-16,-121
1747907340523.594,98189,1747907340505.063,-82,-25,-122
1747907340543.437,98145,1747907340524.875,-79,-16,-125
1747907340563.281,98114,1747907340544.719,-85,-16,-125
1747907340583.188,98077,1747907340564.594,-77,-16,-126
1747907340603.0,98059,1747907340584.5,-74,-25,-129
1747907340622.906,98033,1747907340604.312,-74,-25,-123
1747907340642.75,98016,1747907340624.187,-74,-20,-122
1747907340662.625,98011,1747907340644.063,-77,-29,-129
1747907340682.469,98028,1747907340663.938,-73,-37,-117
1747907340702.344,98032,1747907340683.75,-85,-29,-130
1747907340722.188,98041,1747907340703.656,-87,-25,-129
1747907340742.063,98068,1747907340723.5,-81,-5,-125
1747907340761.906,98068,1747907340743.406,-89,-25,-128
1747907340781.75,98067,1747907340763.188,-74,-25,-126
1747907340801.625,98026,1747907340783.062,-77,-31,-111
1747907340821.469,97958,1747907340803.0,-79,-16,-125
1747907340841.313,97878,1747907340822.781,-85,-16,-121
1747907340861.187,97785,1747907340842.594,-84,-16,-128
1747907340881.031,97694,1747907340862.469,-74,-16,-133
1747907340900.906,97622,1747907340882.312,-79,-16,-136
1747907340920.719,97565,1747907340902.219,-85,-16,-129
1747907340940.594,97520,1747907340922.031,-77,-25,-130
1747907340960.469,97494,1747907340941.875,-80,-16,-126
1747907340980.313,97455,1747907340961.75,-81,-16,-125
1747907341000.156,97457,1747907340981.625,-75,-29,-129
1747907341020.0,97445,1747907341001.469,-90,-16,-125
1747907341039.875,97424,1747907341021.313,-69,-25,-127
1747907341059.75,97410,1747907341041.187,-76,-16,-128
1747907341079.563,97424,1747907341061.031,-81,-17,-127
1747907341099.406,97406,1747907341080.844,-81,-16,-132
1747907341119.281,97393,1747907341100.719,-72,-16,-126
1747907341139.125,97375,1747907341120.563,-80,-18,-144
1747907341158.969,97374,1747907341140.4368,-77,-16,-130
1747907341178.781,97348,1747907341160.25,-85,-16,-125
1747907341198.656,97341,1747907341180.094,-80,-29,-133
1747907341218.531,97350,1747907341199.938,-80,-16,-125
1747907341238.375,97347,1747907341219.781,-77,-24,-122
1747907341258.188,97366,1747907341239.687,-77,-25,-132
1747907341278.063,97366,1747907341259.5,-83,-25,-129
1747907341297.906,97386,1747907341279.344,-73,-16,-133
1747907341317.75,97386,1747907341299.219,-86,-29,-127
1747907341337.594,97400,1747907341319.0,-73,-16,-135
1747907341357.438,97408,1747907341338.906,-76,-29,-122
1747907341377.313,97430,1747907341358.719,-84,-16,-126
1747907341397.125,97437,1747907341378.625,-76,-16,-126
1747907341417.0,97407,1747907341398.438,-65,-21,-121
1747907341436.844,97363,1747907341418.312,-73,-16,-130
1747907341456.719,97278,1747907341438.156,-80,-16,-133
1747907341476.562,97171,1747907341458.0,-77,-25,-120
1747907341496.375,97079,1747907341477.844,-82,-16,-130
1747907341516.219,96974,1747907341497.687,-72,-16,-129
1747907341536.063,96910,1747907341517.531,-72,-16,-131
1747907341555.938,96846,1747907341537.375,-84,-25,-130
1747907341575.812,96781,1747907341557.25,-74,-16,-132
1747907341595.625,96750,1747907341577.125,-89,-16,-126
1747907341615.5,96714,1747907341596.937,-73,-16,-129
1747907341635.344,96697,1747907341616.812,-82,-25,-124
1747907341655.156,96677,1747907341636.625,-85,-16,-124
1747907341675.031,96671,1747907341656.4382,-82,-16,-133
1747907341694.844,96671,1747907341676.312,-80,-16,-134
1747907341714.719,96669,1747907341696.187,-77,-16,-129
1747907341734.531,96671,1747907341716.0,-81,-16,-124
1747907341754.375,96656,1747907341735.844,-74,-14,-129
1747907341774.25,96654,1747907341755.688,-88,-29,-125
1747907341794.094,96640,1747907341775.531,-72,-16,-133
1747907341813.906,96651,1747907341795.375,-75,-23,-116
1747907341833.781,96641,1747907341815.281,-79,-16,-129
1747907341853.625,96646,1747907341835.094,-84,-16,-132
1747907341873.469,96627,1747907341854.938,-84,-16,-128
1747907341893.312,96632,1747907341874.781,-74,-16,-125
1747907341913.156,96632,1747907341894.656,-75,-18,-127
1747907341933.031,96656,1747907341914.469,-82,-16,-124
1747907341952.875,96673,1747907341934.313,-84,-16,-130
1747907341972.75,96688,1747907341954.187,-77,-25,-129
1747907341992.531,96692,1747907341974.0,-81,-18,-136
1747907342012.438,96709,1747907341993.844,-77,-29,-133
1747907342032.25,96718,1747907342013.719,-72,-16,-130
1747907342052.062,96718,1747907342033.531,-85,-25,-125
1747907342071.969,96683,1747907342053.406,-81,-16,-130
1747907342091.781,96632,1747907342073.25,-77,-8,-121
1747907342111.656,96556,1747907342093.094,-87,-25,-122
1747907342131.5,96467,1747907342112.906,-73,-16,-129
1747907342151.312,96409,1747907342132.781,-84,-31,-129
1747907342171.156,96329,1747907342152.594,-80,-16,-130
1747907342191.0,96270,1747907342172.469,-72,-25,-129
1747907342210.875,96228,1747907342192.281,-80,-16,-124
1747907342230.687,96184,1747907342212.188,-85,-16,-121
1747907342250.531,96165,1747907342232.0,-72,-16,-125
1747907342270.375,96154,1747907342251.781,-65,-16,-127
1747907342290.25,96151,1747907342271.719,-74,-25,-130
1747907342310.031,96130,1747907342291.531,-81,-16,-129
1747907342329.906,96114,1747907342311.344,-74,-16,-135
1747907342349.75,96133,1747907342331.187,-84,-16,-126
1747907342369.594,96116,1747907342351.0,-82,-24,-135
1747907342389.438,96114,1747907342370.844,-72,-16,-127
1747907342409.25,96113,1747907342390.75,-72,-25,-130
1747907342429.125,96118,1747907342410.563,-84,-33,-124
1747907342448.969,96110,1747907342430.406,-73,-19,-124
1747907342468.781,96113,1747907342450.281,-97,-13,-125
1747907342488.656,96135,1747907342470.094,-74,-29,-127
1747907342508.5,96132,1747907342489.938,-72,-16,-133
1747907342528.344,96146,1747907342509.813,-89,-25,-122
1747907342548.156,96146,1747907342529.656,-73,-16,-125
1747907342568.031,96175,1747907342549.469,-76,-16,-133
1747907342587.875,96177,1747907342569.313,-73,-16,-131
1747907342607.719,96211,1747907342589.156,-81,-16,-125
1747907342627.625,96219,1747907342609.0,-80,-16,-133
1747907342647.406,96250,1747907342628.906,-78,-25,-133
1747907342667.25,96270,1747907342648.6868,-72,-21,-129
1747907342687.156,96261,1747907342668.563,-80,-16,-125
1747907342706.969,96254,1747907342688.438,-81,-16,-132
1747907342726.781,96218,1747907342708.281,-85,-16,-128
1747907342746.625,96188,1747907342728.094,-82,-25,-132
1747907342766.5,96156,1747907342747.906,-76,-16,-132
1747907342786.344,96095,1747907342767.813,-71,-25,-132
1747907342806.156,96057,1747907342787.625,-84,-16,-126
1747907342826.0,96033,1747907342807.437,-84,-16,-128
1747907342845.875,96015,1747907342827.344,-84,-25,-124
1747907342865.688,95997,1747907342847.156,-73,-26,-113
1747907342885.531,95990,1747907342867.125,-82,-16,-129
1747907342905.375,96011,1747907342886.844,-72,-21,-129
1747907342925.219,96008,1747907342906.656,-77,-16,-125
1747907342945.0632,96016,1747907342926.531,-81,-29,-134
1747907342964.875,96034,1747907342946.375,-74,-16,-125
1747907342984.75,96033,1747907342966.188,-72,-26,-136
1747907343004.594,96043,1747907342986.031,-73,-24,-127
1747907343024.594,96037,1747907343005.875,-77,-16,-130
1747907343044.281,96065,1747907343025.719,-76,-33,-133
1747907343064.156,96093,1747907343045.594,-72,-25,-122
1747907343084.031,96112,1747907343065.438,-82,-16,-129
1747907343103.875,96129,1747907343085.312,-79,-4,-136
1747907343123.688,96155,1747907343105.156,-72,-16,-130
1747907343143.531,96185,1747907343125.0,-76,-25,-129
1747907343163.406,96200,1747907343144.844,-78,-25,-129
1747907343183.281,96230,1747907343164.719,-68,-25,-129
1747907343203.125,96261,1747907343184.594,-81,-16,-130
1747907343222.969,96283,1747907343204.531,-84,-29,-130
1747907343242.813,96320,1747907343224.281,-72,-16,-125
1747907343262.656,96349,1747907343244.125,-73,-16,-130
1747907343282.531,96385,1747907343263.937,-77,-25,-132
1747907343302.5,96405,1747907343283.844,-71,-25,-130
1747907343322.25,96413,1747907343303.813,-85,-16,-122
1747907343342.094,96408,1747907343323.5,-77,-23,-129
1747907343362.0,96403,1747907343343.406,-68,-16,-130
1747907343381.781,96382,1747907343363.281,-81,-17,-130
1747907343401.625,96370,1747907343383.0618,-70,-16,-128
1747907343421.5,96351,1747907343402.938,-84,-16,-125
1747907343441.344,96343,1747907343422.813,-71,-16,-135
1747907343461.219,96342,1747907343442.656,-81,-15,-132
1747907343481.063,96360,1747907343462.469,-84,-16,-135
1747907343500.906,96378,1747907343482.344,-72,-16,-120
1747907343520.781,96374,1747907343502.156,-70,-12,-135
1747907343540.594,96403,1747907343522.063,-72,-16,-131
1747907343560.437,96424,1747907343541.969,-73,-25,-130
1747907343580.313,96456,1747907343561.75,-84,-16,-136
1747907343600.125,96471,1747907343581.625,-69,-16,-133
1747907343619.969,96484,1747907343601.469,-81,-16,-132
1747907343639.937,96506,1747907343621.25,-70,-16,-132
1747907343659.656,96532,1747907343641.281,-77,-25,-132
1747907343679.531,96556,1747907343660.969,-81,-16,-125
1747907343699.469,96572,1747907343680.844,-76,-16,-136
1747907343719.219,96599,1747907343700.656,-64,-25,-132
1747907343739.062,96630,1747907343720.531,-80,-16,-140
1747907343758.938,96662,1747907343740.375,-76,-25,-132
1747907343778.75,96685,1747907343760.219,-80,-16,-135
1747907343798.625,96727,1747907343780.063,-76,-16,-130
1747907343818.469,96753,1747907343799.906,-68,-25,-136
1747907343838.312,96787,1747907343819.75,-72,-24,-132
1747907343858.156,96825,1747907343839.625,-81,-25,-132
1747907343878.0,96857,1747907343859.469,-87,-16,-130
1747907343897.844,96898,1747907343879.406,-80,-16,-125
1747907343917.719,96923,1747907343899.156,-76,-21,-132
1747907343937.531,96943,1747907343919.0,-72,-23,-129
1747907343957.406,96937,1747907343938.844,-82,-16,-129
1747907343977.25,96935,1747907343958.719,-74,-16,-135
1747907343997.125,96933,1747907343978.563,-80,-16,-137
1747907344016.969,96915,1747907343998.437,-72,-25,-132
1747907344036.906,96911,1747907344018.281,-61,-29,-129
1747907344056.6558,96922,1747907344038.094,-89,-25,-132
1747907344076.531,96927,1747907344057.969,-76,-16,-125
1747907344096.375,96945,1747907344077.844,-76,-16,-130
1747907344116.25,96954,1747907344097.687,-84,-27,-132
1747907344136.125,96983,1747907344117.563,-82,-25,-125
1747907344156.0,96998,1747907344137.375,-69,-16,-134
1747907344175.812,97012,1747907344157.281,-71,-16,-145
1747907344195.719,97032,1747907344177.156,-84,-16,-132
1747907344215.563,97044,1747907344197.0,-81,-15,-137
1747907344235.437,97074,1747907344216.875,-81,-16,-126
1747907344255.281,97093,1747907344236.75,-73,-16,-136
1747907344275.156,97129,1747907344256.594,-73,-16,-130
1747907344295.0,97152,1747907344276.469,-74,-29,-130
1747907344314.9058,97167,1747907344296.281,-74,-24,-129
1747907344334.719,97195,1747907344316.219,-80,-16,-129
1747907344354.594,97202,1747907344336.0,-84,-16,-125
1747907344374.563,97230,1747907344355.906,-68,-29,-130
1747907344394.344,97259,1747907344375.906,-80,-21,-124
1747907344414.281,97284,1747907344395.594,-72,-16,-133
1747907344434.031,97326,1747907344415.469,-73,-27,-135
1747907344453.906,97348,1747907344435.312,-83,-5,-129
1747907344473.75,97387,1747907344455.156,-77,-16,-133
1747907344493.562,97427,1747907344475.031,-77,-16,-127
1747907344513.437,97455,1747907344494.875,-73,-24,-108
1747907344533.281,97457,1747907344514.812,-80,-16,-129
1747907344553.156,97478,1747907344534.594,-72,-16,-133
1747907344572.969,97481,1747907344554.4382,-72,-16,-127
1747907344592.844,97478,1747907344574.281,-80,-16,-124
1747907344612.687,97475,1747907344594.156,-89,-16,-125
1747907344632.531,97461,1747907344614.031,-84,-16,-137
1747907344652.375,97473,1747907344633.844,-74,-16,-129
1747907344672.281,97484,1747907344653.688,-84,-16,-125
1747907344692.094,97497,1747907344673.563,-74,-16,-132
1747907344711.969,97508,1747907344693.375,-73,-16,-128
1747907344731.75,97525,1747907344713.25,-72,-16,-125
1747907344751.625,97544,1747907344733.063,-77,-16,-123
1747907344771.531,97578,1747907344752.906,-71,-16,-130
1747907344791.344,97600,1747907344772.812,-77,-8,-132
1747907344811.219,97643,1747907344792.656,-77,-16,-127
1747907344831.094,97652,1747907344812.5,-80,-16,-121
1747907344850.937,97672,1747907344832.375,-72,-23,-112
1747907344870.812,97697,1747907344852.281,-84,-16,-134
1747907344890.656,97717,1747907344872.094,-77,-25,-132
1747907344910.531,97747,1747907344891.937,-74,-29,-133
1747907344930.375,97777,1747907344911.813,-77,-16,-130
1747907344950.25,97796,1747907344931.688,-72,-16,-125
1747907344970.094,97828,1747907344951.562,-88,-16,-129
1747907344989.969,97860,1747907344971.406,-72,-16,-130
1747907345009.813,97889,1747907344991.25,-72,-16,-135
1747907345029.687,97930,1747907345011.125,-79,-16,-129
1747907345049.5,97942,1747907345030.969,-76,-16,-134
1747907345069.375,97966,1747907345050.812,-80,-16,-132
1747907345089.25,98004,1747907345070.688,-84,-25,-125
1747907345109.219,98035,1747907345090.594,-76,-24,-129
1747907345128.969,98061,1747907345110.437,-81,-17,-129
1747907345148.813,98078,1747907345130.281,-75,-25,-130
1747907345168.719,98089,1747907345150.125,-72,-16,-130
1747907345188.531,98109,1747907345170.0,-89,-16,-130
1747907345208.406,98096,1747907345189.875,-82,-29,-130
1747907345228.25,98091,1747907345209.687,-74,-16,-122
1747907345248.125,98098,1747907345229.562,-81,-25,-128
1747907345268.0,98106,1747907345249.438,-76,-16,-132
1747907345287.781,98111,1747907345269.281,-84,-25,-130
1747907345307.656,98123,1747907345289.156,-72,-25,-129
1747907345327.531,98143,1747907345308.969,-72,-16,-133
1747907345347.375,98169,1747907345328.844,-80,-16,-136
1747907345367.219,98191,1747907345348.688,-72,-16,-129
1747907345387.125,98218,1747907345368.531,-79,-29,-125
1747907345406.938,98249,1747907345388.437,-84,-16,-130
1747907345426.813,98259,1747907345408.219,-73,-17,-136
1747907345446.625,98280,1747907345428.094,-83,-16,-125
1747907345466.5,98315,1747907345447.938,-97,-24,-128
1747907345486.375,98334,1747907345467.781,-72,-16,-125
1747907345506.25,98335,1747907345487.656,-88,-16,-121
1747907345526.094,98364,1747907345507.5632,-72,-33,-135
1747907345545.969,98390,1747907345527.406,-71,-25,-130
1747907345565.812,98421,1747907345547.281,-84,-16,-125
1747907345585.656,98437,1747907345567.094,-68,-16,-145
1747907345605.531,98457,1747907345586.969,-72,-25,-128
1747907345625.344,98476,1747907345606.813,-80,-16,-130
1747907345645.219,98512,1747907345626.656,-69,-25,-126
1747907345665.094,98527,1747907345646.531,-85,-16,-130
1747907345684.938,98555,1747907345666.375,-72,-29,-129
1747907345704.813,98584,1747907345686.313,-72,-29,-133
1747907345724.656,98611,1747907345706.094,-80,-16,-133
1747907345744.531,98632,1747907345725.969,-80,-24,-138
1747907345764.375,98633,1747907345745.844,-73,-18,-130
1747907345784.25,98632,1747907345765.656,-74,-16,-127
1747907345804.062,98627,1747907345785.563,-64,-25,-132
1747907345823.937,98609,1747907345805.375,-72,-18,-133
1747907345843.781,98601,1747907345825.219,-72,-16,-130
1747907345863.656,98605,1747907345845.031,-83,-13,-129
1747907345883.531,98600,1747907345864.969,-84,-16,-130
1747907345903.375,98595,1747907345884.813,-80,-16,-136
1747907345923.25,98611,1747907345904.687,-73,-23,-121
1747907345943.156,98623,1747907345924.562,-73,-16,-129
1747907345962.969,98631,1747907345944.406,-77,-18,-132
1747907345982.844,98646,1747907345964.281,-81,-29,-133
1747907346002.687,98663,1747907345984.156,-69,-16,-127
1747907346022.563,98680,1747907346004.0,-80,-29,-125
1747907346042.438,98690,1747907346023.875,-74,-16,-130
1747907346062.3118,98713,1747907346043.75,-74,-25,-130
1747907346082.125,98724,1747907346063.625,-81,-16,-131
1747907346102.031,98736,1747907346083.406,-77,-16,-133
1747907346121.875,98753,1747907346103.313,-80,-25,-132
1747907346141.75,98766,1747907346123.25,-77,-16,-135
1747907346161.594,98781,1747907346143.0308,-72,-19,-132
1747907346181.531,98788,1747907346162.875,-72,-16,-133
1747907346201.313,98830,1747907346182.719,-81,-25,-133
1747907346221.1558,98841,1747907346202.594,-66,-16,-136
1747907346241.0,98867,1747907346222.469,-80,-16,-136
1747907346260.875,98880,1747907346242.312,-72,-29,-140
1747907346280.75,98904,1747907346262.156,-72,-16,-130
1747907346300.594,98910,1747907346282.031,-80,-16,-135
1747907346320.437,98936,1747907346301.906,-77,-16,-128
1747907346340.281,98963,1747907346321.719,-72,-16,-138
1747907346360.156,98966,1747907346341.594,-72,-7,-137
1747907346380.031,98976,1747907346361.469,-84,-16,-129
1747907346399.844,98965,1747907346381.313,-80,-16,-133
1747907346419.687,98938,1747907346401.125,-73,-23,-135
1747907346439.563,98910,1747907346420.969,-73,-16,-132
1747907346459.406,98893,1747907346440.875,-80,-29,-130
1747907346479.25,98871,1747907346460.6882,-65,-33,-135
1747907346499.094,98869,1747907346480.531,-76,-20,-135
1747907346518.969,98854,1747907346500.375,-72,-16,-136
1747907346538.781,98860,1747907346520.281,-81,-25,-132
1747907346558.656,98861,1747907346540.094,-74,-16,-133
1747907346578.5,98864,1747907346559.938,-80,-16,-129
1747907346598.344,98870,1747907346579.813,-80,-33,-146
1747907346618.219,98866,1747907346599.625,-69,-16,-133
1747907346638.031,98876,1747907346619.531,-77,-16,-130
1747907346657.906,98890,1747907346639.344,-69,-25,-128
1747907346677.75,98891,1747907346659.188,-88,-25,-122
1747907346697.594,98909,1747907346679.031,-77,-16,-122
1747907346717.438,98912,1747907346698.906,-80,-16,-129
1747907346737.313,98918,1747907346718.75,-73,-16,-130
1747907346757.156,98935,1747907346738.594,-76,-29,-130
1747907346777.0,98934,1747907346758.469,-79,-29,-134
1747907346796.875,98945,1747907346778.312,-79,-16,-132
1747907346816.719,98960,1747907346798.187,-76,-29,-136
1747907346836.563,98974,1747907346818.063,-74,-16,-133
1747907346856.437,98989,1747907346837.875,-69,-25,-137
1747907346876.281,98991,1747907346857.75,-89,-25,-126
1747907346896.125,99014,1747907346877.562,-71,-16,-133
1747907346916.0,99026,1747907346897.438,-71,-16,-133
1747907346935.844,99046,1747907346917.281,-80,-33,-136
1747907346955.719,99049,1747907346937.156,-72,-13,-132
1747907346975.531,99081,1747907346957.0,-73,-16,-138
1747907346995.375,99085,1747907346976.844,-84,-16,-137
1747907347015.281,99070,1747907346996.688,-72,-16,-137
1747907347035.125,99052,1747907347016.531,-71,-16,-131
1747907347054.969,99037,1747907347036.406,-82,-16,-130
1747907347074.844,98993,1747907347056.281,-81,-16,-132
1747907347094.656,98960,1747907347076.094,-72,-16,-130
1747907347114.562,98933,1747907347095.969,-79,-25,-129
1747907347134.406,98919,1747907347115.813,-72,-16,-137
1747907347154.219,98911,1747907347135.687,-72,-16,-136
1747907347174.094,98893,1747907347155.5,-78,-16,-131
1747907347193.969,98892,1747907347175.406,-69,-21,-130
1747907347213.781,98903,1747907347195.25,-65,-16,-132
1747907347233.625,98901,1747907347215.062,-71,-16,-125
1747907347253.531,98896,1747907347234.937,-80,-16,-132
1747907347273.344,98896,1747907347254.813,-77,-1,-133
1747907347293.156,98893,1747907347274.625,-80,-16,-136
1747907347313.031,98897,1747907347294.4692,-74,-16,-136
1747907347332.875,98901,1747907347314.312,-72,-16,-145
1747907347352.75,98898,1747907347334.125,-74,-16,-131
1747907347372.531,98899,1747907347354.031,-77,-29,-130
1747907347392.406,98918,1747907347373.844,-74,-16,-132
1747907347412.25,98925,1747907347393.719,-85,-25,-125
1747907347432.094,98930,1747907347413.562,-72,-16,-129
1747907347451.938,98945,1747907347433.406,-63,-25,-125
1747907347471.781,98959,1747907347453.25,-80,-25,-125
1747907347491.656,98965,1747907347473.094,-71,-16,-132
1747907347511.5,98976,1747907347492.937,-72,-8,-132
1747907347531.313,98999,1747907347512.781,-80,-16,-137
1747907347551.156,99015,1747907347532.625,-71,-16,-134
1747907347571.031,99033,1747907347552.469,-81,-16,-132
1747907347590.875,99052,1747907347572.313,-72,-16,-132
1747907347610.687,99083,1747907347592.156,-80,-31,-129
1747907347630.563,99094,1747907347612.0,-72,-16,-136
1747907347650.375,99095,1747907347631.844,-87,-16,-122
1747907347670.25,99072,1747907347651.688,-72,-16,-128
1747907347690.094,99039,1747907347671.562,-81,-16,-132
1747907347709.938,99022,1747907347691.406,-72,-13,-128
1747907347729.813,98999,1747907347711.25,-84,-16,-125
1747907347749.656,98960,1747907347731.125,-74,-16,-130
1747907347769.531,98949,1747907347750.938,-76,-16,-130
1747907347789.344,98937,1747907347770.812,-63,-16,-130
1747907347809.281,98927,1747907347790.656,-79,-16,-130
1747907347829.063,98918,1747907347810.5,-64,-8,-135
1747907347848.937,98923,1747907347830.344,-72,-16,-122
1747907347868.75,98920,1747907347850.219,-68,-16,-129
1747907347888.594,98946,1747907347870.031,-79,-29,-122
1747907347908.438,98946,1747907347889.906,-80,-25,-136
1747907347928.313,98941,1747907347909.75,-74,-16,-133
1747907347948.125,98956,1747907347929.625,-88,-33,-128
1747907347968.0,98962,1747907347949.469,-75,-16,-127
1747907347987.844,98968,1747907347969.281,-73,-29,-134
1747907348007.719,98977,1747907347989.156,-87,-16,-145
1747907348027.531,98977,1747907348009.031,-72,-16,-134
1747907348047.406,98986,1747907348028.8442,-71,-25,-134
1747907348067.25,99004,1747907348048.687,-80,-29,-133
1747907348087.125,99005,1747907348068.594,-73,-25,-124
1747907348106.938,99009,1747907348088.406,-72,-16,-135
1747907348126.844,99037,1747907348108.25,-57,-16,-134
1747907348146.687,99050,1747907348128.156,-79,-25,-125
1747907348166.563,99053,1747907348148.062,-81,-24,-129
1747907348186.406,99076,1747907348167.844,-73,-16,-133
1747907348206.25,99094,1747907348187.719,-85,-16,-124
1747907348226.125,99113,1747907348207.562,-66,-16,-129
1747907348246.0,99136,1747907348227.406,-69,-16,-129
1747907348265.844,99152,1747907348247.281,-82,-16,-133
1747907348285.656,99165,1747907348267.094,-82,-1,-132
1747907348305.5,99153,1747907348286.969,-80,-16,-132
1747907348325.375,99129,1747907348306.844,-73,-16,-126
1747907348345.188,99096,1747907348326.687,-79,-29,-129
1747907348365.031,99063,1747907348346.5,-73,-16,-130
1747907348384.906,99039,1747907348366.344,-84,-16,-132
1747907348404.75,99032,1747907348386.219,-76,-29,-132
1747907348424.562,99006,1747907348406.0618,-82,-16,-129
1747907348444.438,98982,1747907348425.906,-82,-25,-136
1747907348464.281,98977,1747907348445.688,-61,-16,-129
1747907348484.156,98970,1747907348465.563,-72,-16,-134
1747907348503.969,98983,1747907348485.469,-79,-29,-129
1747907348523.844,98985,1747907348505.281,-77,-16,-129
1747907348543.719,98980,1747907348525.156,-74,-18,-132
1747907348563.562,98973,1747907348545.0,-57,-29,-132
1747907348583.375,98977,1747907348564.844,-72,-16,-129
1747907348603.281,98975,1747907348584.687,-77,-16,-125
1747907348623.094,98970,1747907348604.531,-81,-33,-129
1747907348642.938,98966,1747907348624.375,-76,-16,-129
1747907348662.75,98964,1747907348644.219,-79,-16,-132
1747907348682.625,98967,1747907348664.062,-68,-16,-129
1747907348702.469,98966,1747907348683.906,-72,-16,-125
1747907348722.313,98980,1747907348703.781,-81,-16,-140
1747907348742.188,98989,1747907348723.625,-90,-15,-132
1747907348762.031,98983,1747907348743.469,-81,-16,-136
1747907348781.844,98992,1747907348763.312,-72,-16,-132
1747907348801.75,99011,1747907348783.156,-81,-16,-130
1747907348821.594,99027,1747907348803.063,-73,-16,-136
1747907348841.406,99020,1747907348822.906,-84,-25,-136
1747907348861.281,99035,1747907348842.75,-72,-16,-129
1747907348881.156,99043,1747907348862.594,-72,-16,-133
1747907348901.0,99051,1747907348882.469,-49,-25,-130
1747907348920.875,99054,1747907348902.313,-82,-16,-137
1747907348940.75,99008,1747907348922.156,-72,-25,-126
1747907348960.562,98965,1747907348942.0,-89,-1,-131
1747907348980.438,98902,1747907348961.875,-80,-16,-132
1747907349000.281,98852,1747907348981.75,-68,-21,-128
1747907349020.125,98807,1747907349001.563,-72,-25,-129
1747907349040.125,98759,1747907349021.437,-87,-16,-125
1747907349059.844,98722,1747907349041.312,-71,-29,-128
1747907349079.719,98685,1747907349061.156,-72,-16,-137
1747907349099.562,98676,1747907349081.0,-72,-16,-136
1747907349119.406,98665,1747907349100.875,-81,-25,-130
1747907349139.281,98648,1747907349120.687,-72,-16,-132
1747907349159.094,98626,1747907349140.562,-77,-16,-122
1747907349179.0,98633,1747907349160.375,-76,-23,-125
1747907349198.844,98617,1747907349180.25,-71,-18,-125
1747907349218.687,98622,1747907349200.156,-80,-16,-132
1747907349238.531,98604,1747907349219.969,-72,-29,-130
1747907349258.469,98591,1747907349239.813,-72,-16,-126
1747907349278.25,98591,1747907349259.7808,-84,-25,-132
1747907349298.094,98579,1747907349279.562,-81,-25,-136
1747907349317.906,98580,1747907349299.375,-73,-16,-130
1747907349337.75,98578,1747907349319.25,-69,-16,-124
1747907349357.625,98570,1747907349339.063,-72,-23,-119
1747907349377.5,98566,1747907349358.969,-81,-25,-129
1747907349397.281,98561,1747907349378.812,-73,-16,-137
1747907349417.156,98540,1747907349398.594,-73,-16,-137
1747907349437.031,98542,1747907349418.437,-72,-15,-132
1747907349456.844,98551,1747907349438.313,-76,-16,-136
1747907349476.687,98563,1747907349458.156,-68,-25,-135
1747907349496.562,98569,1747907349478.0,-68,-25,-132
1747907349516.438,98574,1747907349497.875,-73,-16,-127
1747907349536.281,98573,1747907349517.719,-81,-16,-131
1747907349556.094,98552,1747907349537.563,-72,-25,-133
1747907349575.937,98525,1747907349557.406,-76,-16,-129
1747907349595.813,98472,1747907349577.219,-74,-24,-129
1747907349615.656,98428,1747907349597.125,-79,-16,-130
1747907349635.5,98377,1747907349617.0,-84,-1,-127
1747907349655.344,98301,1747907349636.781,-73,-25,-130
1747907349675.219,98252,1747907349656.656,-73,-13,-133
1747907349695.094,98218,1747907349676.531,-81,-29,-112
1747907349714.906,98197,1747907349696.438,-76,-29,-132
1747907349734.781,98153,1747907349716.188,-72,-16,-131
1747907349754.625,98139,1747907349736.063,-84,-16,-134
1747907349774.5,98121,1747907349755.937,-72,-16,-132
1747907349794.375,98115,1747907349775.781,-84,-16,-126
1747907349814.156,98108,1747907349795.656,-77,-16,-133
1747907349834.031,98103,1747907349815.438,-72,-16,-136
1747907349853.906,98084,1747907349835.344,-71,-19,-129
1747907349873.688,98069,1747907349855.125,-79,-17,-130
1747907349893.531,98065,1747907349875.0,-80,-16,-137
1747907349913.406,98051,1747907349894.844,-72,-16,-133
1747907349933.281,98040,1747907349914.719,-79,-24,-134
1747907349953.125,98038,1747907349934.594,-69,-25,-132
1747907349972.938,98026,1747907349954.406,-74,-13,-130
1747907349992.813,98020,1747907349974.25,-69,-26,-134
1747907350012.656,98010,1747907349994.094,-80,-16,-129
1747907350032.5,98019,1747907350013.937,-80,-21,-112
1747907350052.344,98034,1747907350033.844,-72,-24,-129
1747907350072.219,98043,1747907350053.625,-88,-16,-133
1747907350092.062,98038,1747907350073.5,-73,-16,-137
1747907350111.937,98040,1747907350093.344,-73,-16,-134
1747907350131.719,98046,1747907350113.219,-73,-16,-130
1747907350151.594,98068,1747907350133.031,-79,-16,-125
1747907350171.469,98050,1747907350152.875,-72,-16,-127
1747907350191.344,98054,1747907350172.75,-82,-16,-130
1747907350211.125,98021,1747907350192.594,-73,-20,-129
1747907350231.0,98003,1747907350212.437,-83,-16,-125
1747907350250.813,97945,1747907350232.25,-72,-16,-129
1747907350270.688,97873,1747907350252.125,-82,-16,-129
1747907350290.5,97825,1747907350272.0,-68,-16,-136
1747907350310.344,97760,1747907350291.812,-81,-1,-129
1747907350330.219,97722,1747907350311.656,-73,-25,-130
1747907350350.063,97692,1747907350331.531,-85,-21,-130
1747907350369.875,97650,1747907350351.344,-69,-29,-108
1747907350389.75,97612,1747907350371.188,-80,-16,-126
1747907350409.594,97594,1747907350391.062,-79,-16,-136
1747907350429.4382,97557,1747907350410.844,-72,-16,-144
1747907350449.281,97539,1747907350430.75,-72,-16,-132
1747907350469.125,97503,1747907350450.594,-71,-16,-133
1747907350488.969,97485,1747907350470.469,-72,-13,-130
1747907350508.875,97467,1747907350490.281,-80,-16,-136
1747907350528.656,97460,1747907350510.187,-76,-25,-136
1747907350548.531,97422,1747907350529.969,-74,-8,-133
1747907350568.469,97419,1747907350549.844,-72,-16,-136
1747907350588.219,97392,1747907350569.781,-64,-25,-136
1747907350608.063,97377,1747907350589.5,-71,-16,-136
1747907350627.969,97364,1747907350609.375,-81,-16,-136
1747907350647.719,97343,1747907350629.188,-81,-1,-138
1747907350667.594,97332,1747907350649.031,-72,-15,-130
1747907350687.437,97320,1747907350668.906,-81,-16,-129
1747907350707.25,97318,1747907350688.719,-76,-16,-145
1747907350727.094,97320,1747907350708.531,-80,-16,-133
1747907350746.938,97308,1747907350728.375,-73,-16,-132
1747907350766.844,97324,1747907350748.25,-72,-16,-134
1747907350786.656,97324,1747907350768.125,-81,-16,-126
1747907350806.5,97338,1747907350787.937,-82,-16,-136
1747907350826.344,97340,1747907350807.781,-63,-16,-133
1747907350846.187,97339,1747907350827.594,-77,-16,-133
1747907350866.0,97348,1747907350847.5,-80,-21,-130
1747907350885.844,97353,1747907350867.312,-81,-16,-131
1747907350905.688,97324,1747907350887.156,-81,-16,-127
1747907350925.563,97293,1747907350907.031,-85,-16,-133
1747907350945.406,97243,1747907350926.875,-82,-16,-132
1747907350965.25,97186,1747907350946.687,-64,-16,-132
1747907350985.094,97135,1747907350966.531,-72,-17,-128
1747907351004.938,97084,1747907350986.438,-80,-25,-125
1747907351024.781,97047,1747907351006.219,-72,-16,-132
1747907351044.625,97006,1747907351026.063,-80,-16,-127
1747907351064.5,96990,1747907351045.906,-79,-16,-137
1747907351084.313,96974,1747907351065.781,-77,-25,-132
1747907351104.156,96955,1747907351085.625,-69,-16,-131
1747907351124.031,96943,1747907351105.469,-76,-16,-130
1747907351143.844,96927,1747907351125.313,-69,-16,-137
1747907351163.719,96931,1747907351145.156,-68,-16,-132
1747907351183.594,96908,1747907351165.0,-74,-16,-130
1747907351203.375,96905,1747907351184.906,-82,-25,-136
1747907351223.25,96900,1747907351204.688,-79,-17,-132
1747907351243.156,96894,1747907351224.562,-72,-16,-129
1747907351262.938,96888,1747907351244.406,-81,-16,-124
1747907351282.781,96885,1747907351264.281,-71,-16,-123
1747907351302.625,96867,1747907351284.094,-73,-16,-130
1747907351322.469,96874,1747907351303.906,-80,-16,-122
1747907351342.312,96875,1747907351323.75,-81,-16,-132
1747907351362.125,96877,1747907351343.594,-61,-16,-136
1747907351382.0,96877,1747907351363.437,-72,-16,-120
1747907351401.813,96894,1747907351383.25,-68,-16,-130
1747907351421.656,96907,1747907351403.156,-71,-16,-137
1747907351441.5,96918,1747907351422.969,-84,-16,-130
1747907351461.344,96919,1747907351442.781,-72,-16,-137
1747907351481.188,96940,1747907351462.656,-82,-16,-132
1747907351501.062,96958,1747907351482.469,-89,-16,-135
1747907351520.875,96984,1747907351502.344,-72,-25,-132
1747907351540.719,97016,1747907351522.156,-68,-16,-138
1747907351560.563,97045,1747907351542.0,-82,-16,-137
1747907351580.406,97120,1747907351561.844,-76,-16,-146
1747907351600.25,97236,1747907351581.688,-92,-27,-168
1747907351620.094,97425,1747907351601.531,-95,-16,-177
1747907351639.906,97800,1747907351621.406,-106,-16,-184
1747907351659.781,98065,1747907351641.219,-116,-1,-193
1747907351679.656,98229,1747907351661.094,-111,15,-220
1747907351699.437,98378,1747907351680.938,-138,32,-238
1747907351719.312,98694,1747907351700.75,-125,19,-241
1747907351739.156,98873,1747907351720.625,-115,16,-196
1747907351759.063,98799,1747907351740.437,-116,-32,-161
1747907351778.813,98584,1747907351760.344,-141,-80,-125
1747907351798.687,98503,1747907351780.125,28,51,-83
1747907351818.531,98419,1747907351800.0,23,-15,-100
1747907351838.375,98373,1747907351819.844,82,-16,-100
1747907351858.219,98164,1747907351839.688,91,-47,-117
1747907351878.062,97838,1747907351859.531,76,-48,-113
1747907351897.937,98054,1747907351879.375,7,-48,-115
1747907351917.781,97730,1747907351899.25,-92,-89,-112
1747907351937.625,96869,1747907351919.094,-115,-25,-173
1747907351957.5,96693,1747907351938.938,92,135,-36
1747907351977.344,96413,1747907351958.75,126,97,-106
1747907351997.187,96280,1747907351978.625,108,127,-140
1747907352017.031,96351,1747907351998.531,79,161,-162
1747907352036.875,96293,1747907352018.312,24,120,-110
1747907352056.75,96651,1747907352038.188,-8,82,-121
1747907352076.625,97892,1747907352058.063,71,17,-141
1747907352096.437,97698,1747907352077.906,62,3,-181
1747907352116.281,97422,1747907352097.781,-58,-41,-241
1747907352136.156,97283,1747907352117.594,-130,-121,-286
1747907352156.0,97185,1747907352137.438,-121,-200,-258
1747907352175.812,96930,1747907352157.312,-62,-112,-189
1747907352195.688,96885,1747907352177.125,-5,32,-136
1747907352215.563,97362,1747907352196.969,28,80,-144
1747907352235.406,97592,1747907352216.844,31,112,-136
1747907352255.25,97585,1747907352236.719,23,160,-122
1747907352275.094,97450,1747907352256.5,22,179,-140
1747907352294.938,97199,1747907352276.375,3,193,-143
1747907352314.813,96926,1747907352296.25,-13,201,-129
1747907352334.625,96766,1747907352316.094,-17,148,-152
1747907352354.5,96679,1747907352335.938,-32,83,-160
1747907352374.344,96435,1747907352355.812,86,-13,-176
1747907352394.188,96332,1747907352375.656,179,-16,-193
1747907352414.062,96639,1747907352395.5,31,-57,-252
1747907352433.906,96850,1747907352415.344,40,-77,-295
1747907352453.719,97017,1747907352435.219,94,-15,-241
1747907352473.563,97179,1747907352455.031,116,64,-129
1747907352493.438,97609,1747907352474.844,120,80,-77
1747907352513.344,98124,1747907352494.688,86,46,-49
1747907352533.094,98381,1747907352514.656,3,7,-100
1747907352552.937,98441,1747907352534.375,-40,49,-130
1747907352572.781,98341,1747907352554.219,-47,160,-106
1747907352592.594,98136,1747907352574.031,-64,129,-167
1747907352612.437,97840,1747907352593.906,-81,123,-225
1747907352632.312,97471,1747907352613.719,-61,83,-217
1747907352652.125,97485,1747907352633.625,-47,96,-184
1747907352671.969,96961,1747907352653.437,-39,96,-193
1747907352691.813,96871,1747907352673.25,-6,-73,-125
1747907352711.656,97117,1747907352693.125,65,-93,-205
1747907352731.5,97232,1747907352712.938,223,-29,-240
1747907352751.344,97197,1747907352732.812,-13,-61,-194
1747907352771.188,97118,1747907352752.656,-21,16,-250
1747907352791.0308,96813,1747907352772.469,9,121,-277
1747907352810.906,96174,1747907352792.344,24,230,-208
1747907352830.719,96272,1747907352812.219,-77,107,-180
1747907352850.563,96775,1747907352832.0,-93,10,-130
1747907352870.438,97217,1747907352851.875,49,103,-134
1747907352890.281,97115,1747907352871.75,67,131,-207
1747907352910.125,96591,1747907352891.563,7,144,-189
1747907352930.063,96182,1747907352911.437,17,145,-138
1747907352949.781,96285,1747907352931.25,47,98,-52
1747907352969.656,96865,1747907352951.125,38,16,8
1747907352989.5,97130,1747907352970.969,24,-48,-37
1747907353009.344,96090,1747907352990.781,40,-96,-81
1747907353029.219,95716,1747907353010.656,-146,32,-141
1747907353049.031,95672,1747907353030.5,-237,272,-313
1747907353068.906,95329,1747907353050.344,-305,57,-438
1747907353088.75,94761,1747907353070.219,-253,71,-306
1747907353108.562,95192,1747907353090.031,-185,99,-225
1747907353128.469,95001,1747907353109.906,-55,115,-241
1747907353148.313,94604,1747907353129.781,-31,123,-151
1747907353168.125,94595,1747907353149.594,-30,49,38
1747907353188.0,94708,1747907353169.438,99,28,95
1747907353207.844,94891,1747907353189.281,219,51,31
1747907353227.719,95126,1747907353209.156,223,97,-20
1747907353247.531,95565,1747907353229.0,167,81,-56
1747907353267.375,95324,1747907353248.844,26,55,-161
1747907353287.25,95001,1747907353268.656,-64,-1,-263
1747907353307.094,95575,1747907353288.531,-29,-32,-238
1747907353326.906,94429,1747907353308.406,33,-31,-206
1747907353346.781,94438,1747907353328.219,8,112,-209
1747907353366.656,94730,1747907353348.094,-58,161,-214
1747907353386.531,94671,1747907353368.0,-121,87,-232
1747907353406.375,93843,1747907353387.844,-40,32,-248
1747907353426.25,93575,1747907353407.719,92,128,-212
1747907353446.094,93524,1747907353427.563,193,176,-182
1747907353465.969,93709,1747907353447.469,164,126,-193
1747907353485.813,93762,1747907353467.281,151,113,-185
1747907353505.656,93710,1747907353487.094,143,144,-97
1747907353525.531,94123,1747907353506.969,150,142,-2
1747907353545.406,95817,1747907353526.844,165,56,38
1747907353565.219,97129,1747907353546.719,147,-25,60
1747907353585.094,99592,1747907353566.531,88,32,-29
1747907353604.969,100377,1747907353586.375,-69,35,-126
1747907353624.8118,100269,1747907353606.281,-225,7,-175
1747907353644.656,100049,1747907353626.094,-295,-32,-257
1747907353664.5,100160,1747907353645.937,-241,51,-240
1747907353684.375,99862,1747907353665.813,-189,177,-256
1747907353704.25,99531,1747907353685.719,-148,208,-289
1747907353724.094,99207,1747907353705.5308,-100,147,-265
1747907353743.969,98973,1747907353725.375,-65,87,-237
1747907353763.813,98650,1747907353745.25,3,112,-194
1747907353783.687,97263,1747907353765.125,-16,167,-162
1747907353803.531,98640,1747907353785.0,-104,240,-40
1747907353823.375,99846,1747907353804.812,103,64,127
1747907353843.25,100839,1747907353824.719,337,-113,241
1747907353863.094,99177,1747907353844.563,457,-61,94
1747907353882.937,98061,1747907353864.406,370,-9,-103
1747907353902.812,97710,1747907353884.281,184,-16,-209
1747907353922.688,97899,1747907353904.125,44,7,-193
1747907353942.687,98066,1747907353924.0,-109,71,-142
1747907353962.437,98212,1747907353943.875,-209,119,-125
1747907353982.281,98346,1747907353963.75,-200,176,-115
1747907354002.156,98417,1747907353983.562,-156,179,-113
1747907354022.0,98332,1747907354003.438,-112,179,-108
1747907354041.844,98125,1747907354023.313,-60,199,-113
1747907354061.719,97744,1747907354043.156,-26,208,-166
1747907354081.563,97486,1747907354063.0,15,193,-208
1747907354101.469,97453,1747907354082.875,60,144,-208
1747907354121.281,97531,1747907354102.781,31,99,-168
1747907354141.156,96802,1747907354122.5942,-131,80,-225
1747907354161.031,96029,1747907354142.469,-114,49,-210
1747907354180.875,95512,1747907354162.344,-40,129,-137
1747907354200.7192,95686,1747907354182.188,23,176,-46
1747907354220.594,95833,1747907354202.0,-20,152,-18
1747907354240.437,95606,1747907354221.875,-6,99,-58
1747907354260.313,95563,1747907354241.75,73,40,-129
1747907354280.125,95652,1747907354261.594,113,3,-221
1747907354299.969,95603,1747907354281.406,152,19,-241
1747907354319.812,95481,1747907354301.281,195,67,-196
1747907354339.688,95477,1747907354321.125,203,96,-149
1747907354359.5,95495,1747907354340.969,188,79,-165
1747907354379.344,95487,1747907354360.813,184,64,-185
1747907354399.219,95400,1747907354380.656,172,48,-146
1747907354419.062,95561,1747907354400.469,96,28,-127
1747907354438.875,95805,1747907354420.375,23,32,-106
1747907354458.719,95920,1747907354440.219,-44,37,-66
1747907354478.563,96134,1747907354460.031,-58,67,-56
1747907354498.437,96262,1747907354479.875,-97,96,-50
1747907354518.25,96184,1747907354499.781,-146,115,-63
1747907354538.094,96036,1747907354519.562,-185,112,-57
1747907354558.031,95978,1747907354539.406,-213,80,-61
1747907354577.812,95956,1747907354559.344,-208,64,-109
1747907354597.656,95809,1747907354579.094,-154,71,-150
1747907354617.531,95427,1747907354598.937,-126,64,-189
1747907354637.313,95122,1747907354618.812,-65,96,-233
1747907354657.188,94752,1747907354638.594,16,177,-256
1747907354677.031,94242,1747907354658.531,108,199,-260
1747907354696.875,93472,1747907354678.375,126,145,-225
1747907354716.719,92919,1747907354698.187,97,99,-170
1747907354736.594,93240,1747907354718.031,59,127,-177
1747907354756.469,93257,1747907354737.906,-64,99,-240
1747907354776.281,93213,1747907354757.781,-138,71,-269
1747907354796.156,93210,1747907354777.594,-132,103,-225
1747907354816.031,92918,1747907354797.5,-100,131,-146
1747907354835.875,92420,1747907354817.313,-64,81,-73
1747907354855.687,92157,1747907354837.125,-50,-32,-16
1747907354875.531,92383,1747907354857.0,-9,-80,-18
1747907354895.375,92712,1747907354876.844,71,-13,-46
1747907354915.25,92996,1747907354896.687,79,96,-74
1747907354935.063,93098,1747907354916.531,79,135,-114
1747907354954.906,92933,1747907354936.344,79,112,-149
1747907354974.781,92665,1747907354956.281,75,115,-172
1747907354994.656,92415,1747907354976.062,140,119,-162
1747907355014.469,92115,1747907354995.938,204,97,-149
1747907355034.312,91761,1747907355015.75,196,68,-148
1747907355054.25,91734,1747907355035.625,95,71,-121
1747907355074.094,92132,1747907355055.531,63,56,-138
1747907355093.906,92206,1747907355075.375,52,32,-153
1747907355113.75,92296,1747907355095.219,6,-8,-129
1747907355133.625,92353,1747907355115.031,-64,7,-121
1747907355153.469,92468,1747907355134.937,-85,-9,-141
1747907355173.313,92614,1747907355154.781,-72,32,-160
1747907355193.156,92619,1747907355174.594,-66,64,-178
1747907355213.031,92550,1747907355194.469,-69,55,-200
1747907355232.906,92327,1747907355214.313,-77,48,-194
1747907355252.719,91999,1747907355234.1868,-71,64,-189
1747907355272.594,91601,1747907355254.031,-50,46,-173
1747907355292.469,91130,1747907355273.906,2,80,-138
1747907355312.344,90936,1747907355293.781,17,64,-98
1747907355332.156,90961,1747907355313.625,-18,33,-117
1747907355352.063,91076,1747907355333.437,-49,32,-149
1747907355371.875,91105,1747907355353.281,-96,31,-208
1747907355391.75,91168,1747907355373.156,-93,16,-225
1747907355411.531,91160,1747907355393.0308,-109,3,-211
1747907355431.406,91217,1747907355412.844,-109,18,-193
1747907355451.281,91286,1747907355432.719,-61,35,-160
1747907355471.094,91300,1747907355452.531,-49,32,-122
1747907355490.937,91300,1747907355472.438,-68,7,-116
1747907355510.781,91202,1747907355492.25,-109,-45,-97
1747907355530.656,91056,1747907355512.094,-132,-80,-80
1747907355550.5,90961,1747907355531.938,-113,-72,-77
1747907355570.344,90946,1747907355551.813,-151,-61,-116
1747907355590.187,90930,1747907355571.625,-159,-40,-157
1747907355610.031,90892,1747907355591.469,-153,-16,-185
1747907355629.875,90871,1747907355611.344,-101,-13,-172
1747907355649.719,90842,1747907355631.188,-97,-16,-130
1747907355669.531,90833,1747907355651.031,-77,-16,-105
1747907355689.406,90815,1747907355670.875,-61,-25,-97
1747907355709.25,90731,1747907355690.687,-64,-33,-109
1747907355729.125,90658,1747907355710.562,-77,-29,-122
1747907355748.938,90566,1747907355730.438,-89,-32,-140
1747907355768.781,90432,1747907355750.219,-85,-31,-147
1747907355788.656,90292,1747907355770.094,-97,-25,-130
1747907355808.5,90165,1747907355789.969,-90,-29,-126
1747907355828.3132,90042,1747907355809.813,-80,-25,-120
1747907355848.187,89928,1747907355829.625,-96,-29,-125
1747907355868.031,89803,1747907355849.469,-77,-16,-130
1747907355887.875,89678,1747907355869.344,-80,-16,-129
1747907355907.781,89540,1747907355889.187,-65,-16,-132
1747907355927.563,89395,1747907355909.063,-72,-16,-132
1747907355947.437,89264,1747907355928.875,-82,-18,-129
1747907355967.312,89099,1747907355948.719,-85,-25,-134
1747907355987.125,88960,1747907355968.594,-81,-16,-125
1747907356006.969,88800,1747907355988.437,-89,-16,-125
1747907356026.813,88656,1747907356008.25,-72,-16,-132
1747907356046.6868,88517,1747907356028.125,-74,-41,-133
1747907356066.5,88390,1747907356048.0,-80,-16,-132
1747907356086.344,88261,1747907356067.781,-77,-29,-121
1747907356106.188,88106,1747907356087.656,-82,-25,-127
1747907356126.062,87979,1747907356107.5,-82,-29,-129
1747907356145.844,87852,1747907356127.313,-74,-24,-125
1747907356165.719,87743,1747907356147.187,-80,-32,-130
1747907356185.594,87623,1747907356167.0,-77,-25,-126
1747907356205.406,87508,1747907356186.906,-74,-25,-128
1747907356225.25,87409,1747907356206.719,-97,-29,-122
1747907356245.094,87291,1747907356226.562,-73,-32,-130
1747907356264.937,87178,1747907356246.406,-74,-24,-129
1747907356284.813,87073,1747907356266.25,-81,-25,-129
1747907356304.656,86973,1747907356286.125,-79,-29,-124
1747907356324.469,86884,1747907356305.969,-93,-29,-129
1747907356344.344,86775,1747907356325.781,-80,-29,-126
1747907356364.188,86671,1747907356345.656,-82,-31,-124
1747907356384.031,86549,1747907356365.437,-77,-10,-126
1747907356403.8442,86419,1747907356385.344,-88,-29,-122
1747907356423.719,86234,1747907356405.188,-80,-16,-119
1747907356443.594,86014,1747907356424.969,-81,-16,-116
1747907356463.438,85770,1747907356444.875,-80,-25,-122
1747907356483.25,85510,1747907356464.75,-76,-25,-125
1747907356503.125,85283,1747907356484.688,-79,-16,-126
1747907356522.969,85072,1747907356504.437,-87,-29,-121
1747907356542.844,84868,1747907356524.281,-74,-29,-126
1747907356562.6882,84689,1747907356544.156,-82,-21,-129
1747907356582.656,84516,1747907356564.0,-88,-29,-124
1747907356602.437,84368,1747907356584.0,-79,-25,-124
1747907356622.313,84231,1747907356603.75,-74,-25,-130
1747907356642.156,84077,1747907356623.625,-72,-16,-122
1747907356662.031,83946,1747907356643.438,-97,-25,-126
1747907356681.906,83821,1747907356663.313,-86,-24,-133
1747907356701.75,83685,1747907356683.219,-79,-16,-121
1747907356721.594,83563,1747907356703.062,-88,-32,-122
1747907356741.469,83444,1747907356722.906,-79,-16,-126
1747907356761.344,83337,1747907356742.781,-76,-29,-130
1747907356781.219,83219,1747907356762.625,-88,-24,-137
1747907356801.063,83110,1747907356782.5,-80,-16,-124
1747907356820.906,83005,1747907356802.375,-76,-25,-129
1747907356840.812,82904,1747907356822.219,-77,-31,-132
1747907356860.656,82801,1747907356842.062,-77,-16,-129
1747907356880.5,82715,1747907356861.969,-79,-16,-125
1747907356900.375,82628,1747907356881.813,-88,-25,-122
1747907356920.281,82544,1747907356901.688,-72,-29,-129
1747907356940.125,82459,1747907356921.594,-74,-29,-133
1747907356960.0,82384,1747907356941.437,-78,-16,-132
1747907356979.875,82297,1747907356961.313,-84,-25,-122
1747907356999.719,82228,1747907356981.156,-72,-24,-125
1747907357019.562,82161,1747907357001.0,-79,-16,-136
1747907357039.438,82082,1747907357020.844,-89,-29,-129
1747907357059.281,82030,1747907357040.719,-66,-25,-125
1747907357079.156,81971,1747907357060.625,-76,-25,-122
1747907357099.0,81896,1747907357080.438,-88,-25,-121
1747907357118.844,81798,1747907357100.281,-72,-26,-138
1747907357138.719,81660,1747907357120.125,-80,-29,-125
1747907357158.531,81486,1747907357140.0,-89,-29,-121
1747907357178.375,81317,1747907357159.844,-77,-29,-129
1747907357198.25,81117,1747907357179.688,-76,-16,-125
1747907357218.094,80933,1747907357199.531,-72,-32,-114
1747907357237.969,80757,1747907357219.563,-84,-25,-125
1747907357257.844,80603,1747907357239.25,-74,-24,-132
1747907357277.656,80466,1747907357259.094,-77,-24,-132
1747907357297.531,80351,1747907357279.0,-81,-24,-129
1747907357317.375,80241,1747907357298.844,-83,-29,-125
1747907357337.219,80150,1747907357318.656,-84,-29,-125
1747907357357.062,80063,1747907357338.531,-77,-16,-127
1747907357376.937,79976,1747907357358.375,-84,-29,-125
1747907357396.75,79881,1747907357378.219,-80,-13,-132
1747907357416.625,79791,1747907357398.062,-77,-29,-129
1747907357436.438,79711,1747907357417.906,-77,-29,-125
1747907357456.281,79617,1747907357437.719,-77,-16,-132
1747907357476.156,79524,1747907357457.594,-74,-24,-130
1747907357495.969,79424,1747907357477.469,-89,-29,-124
1747907357515.8132,79349,1747907357497.281,-77,-25,-129
1747907357535.656,79285,1747907357517.063,-84,-16,-122
1747907357555.531,79217,1747907357536.969,-74,-24,-125
1747907357575.344,79156,1747907357556.844,-76,-25,-121
1747907357595.188,79094,1747907357576.625,-78,-29,-126
1747907357615.031,79037,1747907357596.5,-80,-25,-122
1747907357634.875,78977,1747907357616.313,-90,-24,-121
1747907357654.75,78938,1747907357636.188,-74,-16,-126
1747907357674.562,78889,1747907357656.0618,-82,-29,-121
1747907357694.406,78847,1747907357675.844,-74,-25,-128
1747907357714.313,78783,1747907357695.719,-73,-24,-129
1747907357734.125,78741,1747907357715.594,-68,-36,-127
1747907357753.969,78698,1747907357735.437,-85,-16,-125
1747907357773.813,78669,1747907357755.25,-76,-16,-126
1747907357793.656,78627,1747907357775.125,-75,-25,-112
1747907357813.531,78545,1747907357795.0,-81,-25,-129
1747907357833.312,78419,1747907357814.844,-77,-29,-129
1747907357853.187,78278,1747907357834.625,-79,-25,-131
1747907357873.031,78116,1747907357854.469,-84,-24,-130
1747907357892.875,77966,1747907357874.344,-89,-16,-122
1747907357912.719,77814,1747907357894.188,-76,-29,-122
1747907357932.562,77673,1747907357914.031,-85,-29,-125
1747907357952.375,77563,1747907357933.875,-80,-25,-126
1747907357972.25,77460,1747907357953.687,-82,-18,-125
1747907357992.125,77378,1747907357973.563,-76,-29,-132
1747907358011.906,77305,1747907357993.469,-74,-25,-129
1747907358031.75,77242,1747907358013.2192,-76,-25,-119
1747907358051.688,77193,1747907358033.031,-85,-29,-122
1747907358071.469,77141,1747907358052.937,-90,-16,-129
1747907358091.281,77085,1747907358072.781,-74,-29,-124
1747907358111.125,77020,1747907358092.563,-74,-31,-125
1747907358131.0,76987,1747907358112.437,-77,-32,-129
1747907358150.875,76919,1747907358132.281,-82,-16,-122
1747907358170.719,76876,1747907358152.156,-87,-29,-125
1747907358190.562,76818,1747907358172.0,-76,-29,-136
1747907358210.437,76761,1747907358191.844,-85,-25,-132
1747907358230.25,76717,1747907358211.719,-85,-16,-126
1747907358250.094,76671,1747907358231.656,-72,-29,-121
1747907358269.969,76632,1747907358251.406,-79,-31,-134
1747907358289.781,76590,1747907358271.25,-80,-31,-129
1747907358309.656,76571,1747907358291.094,-88,-18,-122
1747907358329.594,76547,1747907358310.969,-77,-29,-125
1747907358349.375,76510,1747907358330.875,-74,-17,-131
1747907358369.25,76480,1747907358350.719,-84,-25,-121
1747907358389.062,76473,1747907358370.531,-74,-29,-130
1747907358408.906,76441,1747907358390.375,-89,-5,-127
1747907358428.781,76419,1747907358410.219,-77,-16,-133
1747907358448.656,76406,1747907358430.125,-88,-25,-122
1747907358468.5618,76382,1747907358449.969,-88,-29,-117
1747907358488.375,76366,1747907358469.875,-74,-29,-125
1747907358508.25,76308,1747907358489.687,-89,-21,-136
1747907358528.125,76213,1747907358509.531,-77,-31,-129
1747907358547.969,76094,1747907358529.438,-88,-25,-121
1747907358567.812,75972,1747907358549.2808,-77,-29,-130
1747907358587.656,75858,1747907358569.125,-76,-16,-122
1747907358607.531,75736,1747907358588.937,-87,-16,-125
1747907358627.375,75637,1747907358608.844,-79,-32,-125
1747907358647.219,75577,1747907358628.656,-80,-29,-122
1747907358667.062,75494,1747907358648.5,-77,-16,-129
1747907358686.938,75452,1747907358668.375,-76,-25,-118
1747907358706.813,75391,1747907358688.219,-84,-29,-127
1747907358726.656,75365,1747907358708.125,-73,-31,-130
1747907358746.5,75345,1747907358727.937,-67,-29,-127
1747907358766.375,75315,1747907358747.812,-84,-16,-122
1747907358786.25,75285,1747907358767.719,-84,-21,-125
1747907358806.094,75240,1747907358787.531,-85,-8,-130
1747907358825.937,75221,1747907358807.375,-77,-25,-125
1747907358845.813,75197,1747907358827.281,-88,-25,-121
1747907358865.688,75155,1747907358847.094,-77,-24,-116
1747907358885.531,75127,1747907358867.0,-87,-31,-129
1747907358905.375,75099,1747907358886.844,-74,-25,-125
1747907358925.25,75070,1747907358906.75,-88,-26,-132
1747907358945.125,75050,1747907358926.562,-79,-29,-130
1747907358964.938,75031,1747907358946.406,-82,-31,-130
1747907358984.812,75014,1747907358966.25,-76,-25,-121
1747907359004.687,75002,1747907358986.094,-79,-29,-133
1747907359024.563,74989,1747907359005.969,-77,-24,-129
1747907359044.406,74976,1747907359025.844,-79,-20,-124
1747907359064.281,74976,1747907359045.719,-81,-29,-128
1747907359084.156,74980,1747907359065.594,-80,-29,-122
1747907359104.0,74982,1747907359085.469,-85,-25,-127
1747907359123.969,74980,1747907359105.313,-77,-29,-125
1747907359143.75,74986,1747907359125.1882,-93,-16,-132
1747907359163.594,74980,1747907359145.031,-72,-16,-124
1747907359183.5,75002,1747907359164.906,-88,-29,-129
1747907359203.344,74983,1747907359184.813,-81,-31,-130
1747907359223.187,74941,1747907359204.625,-79,-29,-125
1747907359243.062,74870,1747907359224.5,-87,-29,-121
1747907359262.906,74793,1747907359244.344,-81,-31,-128
1747907359282.781,74706,1747907359264.219,-77,-31,-121
1747907359302.625,74628,1747907359284.063,-80,-25,-130
1747907359322.5,74569,1747907359303.938,-86,-29,-122
1747907359342.375,74509,1747907359323.781,-78,-29,-129
1747907359362.188,74472,1747907359343.656,-77,-29,-126
1747907359382.063,74458,1747907359363.5,-90,-25,-121
1747907359401.937,74426,1747907359383.375,-88,-25,-129
1747907359421.812,74406,1747907359403.25,-72,-29,-125
1747907359441.719,74404,1747907359423.094,-81,-29,-120
1747907359461.5,74397,1747907359443.031,-80,-29,-121
1747907359481.375,74393,1747907359462.813,-68,-29,-119
1747907359501.25,74381,1747907359482.687,-84,-31,-121
1747907359521.094,74373,1747907359502.594,-88,-25,-123
1747907359540.969,74350,1747907359522.375,-77,-16,-132
1747907359560.812,74343,1747907359542.281,-77,-29,-129
1747907359580.687,74336,1747907359562.094,-76,-16,-128
1747907359600.5,74328,1747907359582.0,-77,-32,-130
1747907359620.375,74326,1747907359601.781,-83,-25,-125
1747907359640.219,74323,1747907359621.656,-80,-24,-131
1747907359660.094,74332,1747907359641.531,-82,-16,-125
1747907359679.9368,74349,1747907359661.406,-74,-25,-121
1747907359699.781,74352,1747907359681.25,-74,-29,-130
1747907359719.656,74369,1747907359701.094,-89,-29,-134
1747907359739.531,74372,1747907359721.0,-77,-25,-122
1747907359759.375,74389,1747907359740.813,-82,-25,-126
1747907359779.219,74420,1747907359760.625,-77,-23,-125
1747907359799.125,74433,1747907359780.531,-85,-29,-122
1747907359818.938,74453,1747907359800.438,-97,-32,-121
1747907359838.812,74472,1747907359820.25,-76,-29,-125
1747907359858.687,74505,1747907359840.125,-74,-25,-126
1747907359878.563,74530,1747907359860.031,-88,-33,-136
1747907359898.438,74555,1747907359879.844,-79,-16,-125
1747907359918.281,74547,1747907359899.719,-74,-29,-127
1747907359938.125,74524,1747907359919.594,-74,-32,-129
1747907359958.0,74495,1747907359939.437,-76,-29,-129
1747907359977.844,74457,1747907359959.344,-76,-16,-124
1747907359997.687,74403,1747907359979.156,-84,-24,-128
1747907360017.594,74369,1747907359999.0,-88,-31,-121
1747907360037.438,74348,1747907360018.906,-84,-29,-124
1747907360057.281,74332,1747907360038.719,-82,-16,-127
1747907360077.156,74331,1747907360058.594,-88,-29,-126
1747907360097.0,74321,1747907360078.469,-84,-32,-124
1747907360116.906,74342,1747907360098.312,-78,-18,-126
1747907360136.813,74360,1747907360118.219,-79,-32,-121
1747907360156.594,74379,1747907360138.125,-80,-29,-124
1747907360176.5,74386,1747907360157.906,-71,-29,-122
1747907360196.344,74413,1747907360177.781,-77,-29,-128
1747907360216.188,74423,1747907360197.656,-71,-16,-121
1747907360236.125,74431,1747907360217.469,-74,-24,-121
1747907360255.906,74464,1747907360237.344,-81,-34,-125
1747907360275.781,74469,1747907360257.187,-88,-18,-127
1747907360295.594,74486,1747907360277.094,-77,-29,-121
1747907360315.469,74504,1747907360296.906,-77,-29,-125
1747907360335.312,74519,1747907360316.75,-79,-29,-129
1747907360355.187,74536,1747907360336.625,-85,-29,-121
1747907360375.0,74571,1747907360356.5,-81,-16,-129
1747907360394.906,74614,1747907360376.312,-85,-32,-129
1747907360414.781,74645,1747907360396.219,-77,-29,-124
1747907360434.656,74674,1747907360416.094,-80,-29,-113
1747907360454.531,74705,1747907360435.969,-97,-29,-130
1747907360474.375,74735,1747907360455.812,-80,-31,-122
1747907360494.25,74783,1747907360475.688,-82,-29,-129
1747907360514.125,74816,1747907360495.531,-79,-29,-125
1747907360533.969,74857,1747907360515.406,-77,-32,-121
1747907360553.844,74892,1747907360535.25,-81,-31,-122
1747907360573.719,74920,1747907360555.156,-85,-29,-131
1747907360593.594,74943,1747907360575.031,-74,-16,-122
1747907360613.437,74936,1747907360594.875,-88,-33,-128
1747907360633.313,74925,1747907360614.719,-81,-25,-129
1747907360653.156,74890,1747907360634.625,-84,-25,-132
1747907360673.031,74868,1747907360654.438,-82,-32,-129
1747907360692.844,74846,1747907360674.344,-85,-26,-125
1747907360712.719,74843,1747907360694.156,-79,-34,-125
1747907360732.563,74845,1747907360713.969,-77,-24,-129
1747907360752.437,74857,1747907360733.875,-76,-29,-121
1747907360772.281,74864,1747907360753.75,-92,-25,-124
1747907360792.125,74889,1747907360773.656,-79,-29,-127
1747907360812.0,74919,1747907360793.437,-77,-29,-121
1747907360831.875,74953,1747907360813.313,-80,-25,-121
1747907360851.687,74970,1747907360833.156,-77,-18,-129
1747907360871.562,75018,1747907360853.0,-74,-25,-129
1747907360891.406,75045,1747907360872.875,-93,-31,-125
1747907360911.25,75066,1747907360892.719,-77,-32,-125
1747907360931.094,75081,1747907360912.563,-84,-29,-122
1747907360950.937,75120,1747907360932.406,-87,-16,-125
1747907360970.813,75145,1747907360952.25,-77,-16,-129
1747907360990.719,75166,1747907360972.156,-89,-25,-121
1747907361010.531,75206,1747907360992.031,-87,-29,-110
1747907361030.406,75236,1747907361011.813,-80,-16,-125
1747907361050.25,75277,1747907361031.719,-89,-25,-120
1747907361070.094,75309,1747907361051.531,-77,-16,-128
1747907361089.938,75349,1747907361071.375,-82,-25,-125
1747907361109.781,75395,1747907361091.25,-89,-29,-122
1747907361129.656,75434,1747907361111.156,-83,-24,-122
1747907361149.531,75479,1747907361130.937,-83,-16,-124
1747907361169.375,75520,1747907361150.844,-82,-16,-130
1747907361189.219,75560,1747907361170.625,-74,-20,-122
1747907361209.094,75605,1747907361190.531,-83,-29,-122
1747907361228.969,75645,1747907361210.375,-80,-31,-125
1747907361248.844,75660,1747907361230.281,-88,-29,-124
1747907361268.719,75654,1747907361250.156,-72,-32,-127
1747907361288.594,75646,1747907361270.0,-72,-35,-115
1747907361308.438,75628,1747907361289.875,-79,-29,-126
1747907361328.281,75600,1747907361309.719,-77,-24,-125
1747907361348.187,75594,1747907361329.594,-80,-16,-113
1747907361368.094,75587,1747907361349.5,-89,-29,-122
1747907361387.969,75589,1747907361369.344,-72,-24,-121
1747907361407.781,75600,1747907361389.219,-77,-16,-128
1747907361427.687,75619,1747907361409.125,-81,-31,-129
1747907361447.531,75632,1747907361428.969,-73,-25,-124
1747907361467.375,75668,1747907361448.812,-79,-25,-126
1747907361487.25,75695,1747907361468.687,-87,-31,-126
1747907361507.094,75716,1747907361488.531,-77,-29,-130
1747907361526.937,75750,1747907361508.375,-66,-29,-126
1747907361546.812,75760,1747907361528.25,-84,-25,-125
1747907361566.625,75790,1747907361548.125,-88,-25,-118
1747907361586.531,75811,1747907361567.938,-74,-24,-123
1747907361606.406,75841,1747907361587.844,-89,-29,-122
1747907361626.219,75871,1747907361607.687,-65,-25,-130
1747907361646.094,75892,1747907361627.5,-75,-29,-133
1747907361666.0,75930,1747907361647.406,-73,-29,-125
1747907361685.812,75958,1747907361667.281,-97,-15,-122
1747907361705.656,75991,1747907361687.094,-72,-31,-130
1747907361725.5,76019,1747907361706.969,-72,-25,-121
1747907361745.344,76056,1747907361726.781,-85,-31,-129
1747907361765.219,76079,1747907361746.656,-90,-29,-129
1747907361785.062,76134,1747907361766.531,-82,-31,-121
1747907361804.906,76170,1747907361786.344,-74,-32,-128
1747907361824.75,76207,1747907361806.219,-66,-32,-119
1747907361844.594,76244,1747907361826.094,-88,-25,-121
1747907361864.438,76290,1747907361846.0,-79,-29,-125
1747907361884.281,76326,1747907361865.75,-84,-25,-122
1747907361904.125,76357,1747907361885.562,-73,-23,-129
1747907361924.0,76371,1747907361905.406,-83,-24,-129
1747907361943.844,76366,1747907361925.313,-73,-31,-125
1747907361963.656,76349,1747907361945.156,-81,-29,-121
1747907361983.5,76312,1747907361964.969,-82,-25,-132
1747907362003.406,76300,1747907361984.781,-76,-29,-122
1747907362023.219,76284,1747907362004.656,-85,-29,-129
1747907362043.031,76278,1747907362024.5,-77,-29,-132
1747907362062.875,76266,1747907362044.313,-81,-16,-130
1747907362082.75,76281,1747907362064.188,-75,-32,-137
1747907362102.594,76295,1747907362084.062,-80,-25,-122
1747907362122.406,76308,1747907362103.906,-73,-25,-121
1747907362142.281,76327,1747907362123.719,-88,-24,-120
1747907362162.156,76348,1747907362143.594,-73,-29,-122
1747907362182.0,76371,1747907362163.469,-80,-25,-144
1747907362201.875,76400,1747907362183.375,-68,-29,-122
1747907362221.75,76404,1747907362203.156,-82,-29,-129
1747907362241.594,76429,1747907362223.031,-79,-31,-130
1747907362261.437,76457,1747907362242.875,-81,-20,-122
1747907362281.281,76473,1747907362262.719,-76,-30,-130
1747907362301.125,76499,1747907362282.562,-68,-25,-129
1747907362321.0,76519,1747907362302.406,-87,-25,-120
1747907362340.875,76540,1747907362322.2808,-84,-29,-125
1747907362360.719,76577,1747907362342.156,-79,-15,-117
1747907362380.594,76592,1747907362362.0,-77,-25,-121
1747907362400.438,76621,1747907362381.875,-77,-29,-122
1747907362420.281,76662,1747907362401.719,-89,-32,-129
1747907362440.156,76700,1747907362421.594,-77,-25,-125
1747907362459.969,76722,1747907362441.437,-71,-16,-129
1747907362479.813,76760,1747907362461.25,-73,-29,-128
1747907362499.687,76805,1747907362481.125,-88,-25,-122
1747907362519.531,76836,1747907362500.969,-76,-29,-136
1747907362539.375,76873,1747907362520.812,-79,-32,-121
1747907362559.25,76913,1747907362540.687,-77,-29,-121
1747907362579.156,76939,1747907362560.531,-87,-16,-126
1747907362598.937,76982,1747907362580.406,-80,-16,-132
1747907362618.875,77007,1747907362600.281,-74,-16,-130
1747907362638.625,76995,1747907362620.187,-79,-31,-126
1747907362658.469,76982,1747907362639.937,-79,-31,-122
1747907362678.375,76949,1747907362659.781,-87,-29,-122
1747907362698.156,76931,1747907362679.688,-89,-32,-131
1747907362718.031,76912,1747907362699.469,-82,-16,-120
1747907362737.906,76910,1747907362719.312,-77,-24,-129
1747907362757.75,76909,1747907362739.219,-77,-31,-113
1747907362777.594,76918,1747907362759.031,-88,-24,-121
1747907362797.469,76914,1747907362778.875,-77,-29,-131
1747907362817.313,76924,1747907362798.781,-84,-29,-128
1747907362837.188,76953,1747907362818.625,-79,-25,-122
1747907362857.062,76984,1747907362838.5,-87,-29,-122
1747907362876.844,76998,1747907362858.375,-80,-29,-129
1747907362896.719,77020,1747907362878.156,-86,-29,-121
1747907362916.594,77050,1747907362898.031,-84,-16,-122
1747907362936.344,77066,1747907362917.844,-80,-18,-122
1747907362956.25,77085,1747907362937.656,-88,-25,-124
1747907362976.094,77102,1747907362957.531,-88,-24,-121
1747907362995.938,77142,1747907362977.375,-73,-24,-125
1747907363015.844,77148,1747907362997.25,-77,-29,-120
1747907363035.594,77176,1747907363017.063,-89,-20,-121
1747907363055.469,77201,1747907363036.906,-79,-32,-125
1747907363075.344,77219,1747907363056.781,-89,-25,-121
1747907363095.156,77264,1747907363076.625,-79,-31,-118
1747907363115.0,77294,1747907363096.531,-88,-25,-116
1747907363134.844,77325,1747907363116.313,-88,-25,-125
1747907363154.75,77364,1747907363136.156,-81,-16,-141
1747907363174.594,77398,1747907363156.0618,-84,-24,-130
1747907363194.5,77432,1747907363175.906,-87,-25,-120
1747907363214.313,77479,1747907363195.781,-77,-16,-123
1747907363234.219,77524,1747907363215.594,-88,-16,-125
1747907363254.062,77553,1747907363235.5,-82,-16,-122
1747907363273.938,77574,1747907363255.406,-79,-29,-123
1747907363293.781,77619,1747907363275.25,-79,-29,-124
1747907363313.656,77640,1747907363295.094,-90,-25,-121
1747907363333.5,77645,1747907363314.937,-79,-31,-124
1747907363353.375,77642,1747907363334.812,-74,-29,-125
1747907363373.219,77618,1747907363354.656,-73,-29,-126
1747907363393.094,77588,1747907363374.531,-77,-25,-122
1747907363412.906,77565,1747907363394.375,-88,-29,-122
1747907363432.781,77559,1747907363414.219,-85,-16,-127
1747907363452.656,77551,1747907363434.094,-77,-29,-125
1747907363472.5,77537,1747907363453.969,-89,-25,-122
1747907363492.344,77540,1747907363473.906,-79,-29,-116
1747907363512.187,77556,1747907363493.625,-74,-29,-129
1747907363532.063,77563,1747907363513.531,-85,-16,-122
1747907363551.938,77593,1747907363533.344,-84,-29,-125
1747907363571.75,77609,1747907363553.219,-80,-29,-129
1747907363591.594,77626,1747907363573.062,-85,-16,-129
1747907363611.469,77640,1747907363592.875,-81,-29,-130
1747907363631.313,77656,1747907363612.781,-81,-31,-121
1747907363651.187,77674,1747907363632.625,-85,-31,-125
1747907363671.062,77691,1747907363652.5,-79,-26,-125
1747907363690.938,77707,1747907363672.375,-82,-25,-120
1747907363710.813,77743,1747907363692.219,-76,-32,-124
1747907363730.656,77742,1747907363712.094,-73,-26,-125
1747907363750.5,77779,1747907363731.9692,-79,-29,-126
1747907363770.375,77808,1747907363751.781,-80,-33,-128
1747907363790.25,77834,1747907363771.656,-77,-24,-129
1747907363810.0942,77868,1747907363791.563,-85,-16,-124
1747907363829.969,77902,1747907363811.375,-72,-32,-141
1747907363849.875,77927,1747907363831.25,-77,-16,-125
1747907363869.719,77963,1747907363851.156,-87,-29,-125
1747907363889.563,78009,1747907363871.031,-88,-29,-135
1747907363909.469,78022,1747907363890.875,-79,-29,-125
1747907363929.312,78089,1747907363910.781,-82,-16,-122
1747907363949.219,78096,1747907363930.656,-72,-25,-125
1747907363969.063,78150,1747907363950.5,-84,-25,-126
1747907363988.906,78183,1747907363970.375,-80,-25,-125
1747907364008.781,78218,1747907363990.187,-76,-29,-130
1747907364028.656,78229,1747907364010.062,-77,-25,-125
1747907364048.5,78235,1747907364029.969,-84,-25,-116
1747907364068.375,78216,1747907364049.781,-77,-29,-124
1747907364088.281,78194,1747907364069.656,-77,-24,-129
1747907364108.094,78180,1747907364089.594,-74,-32,-122
1747907364128.0,78158,1747907364109.375,-77,-24,-128
1747907364147.875,78148,1747907364129.281,-68,-31,-121
1747907364167.719,78142,1747907364149.094,-80,-32,-121
1747907364187.563,78157,1747907364169.0,-85,-29,-125
1747907364207.438,78160,1747907364188.844,-80,-29,-121
1747907364227.344,78175,1747907364208.75,-73,-24,-122
1747907364247.187,78190,1747907364228.625,-89,-29,-125
1747907364267.063,78210,1747907364248.5,-87,-24,-125
1747907364286.938,78231,1747907364268.344,-84,-29,-126
1747907364306.812,78243,1747907364288.25,-79,-29,-125
1747907364326.687,78264,1747907364308.125,-84,-29,-125
1747907364346.531,78277,1747907364328.062,-75,-32,-119
1747907364366.438,78299,1747907364347.844,-80,-29,-122
1747907364386.344,78312,1747907364367.719,-77,-16,-125
1747907364406.156,78331,1747907364387.594,-87,-20,-125
1747907364426.031,78346,1747907364407.437,-87,-29,-129
1747907364445.875,78372,1747907364427.313,-76,-29,-130
1747907364465.75,78388,1747907364447.219,-81,-25,-127
1747907364485.656,78419,1747907364467.031,-93,-31,-123
1747907364505.5,78456,1747907364486.937,-80,-35,-121
1747907364525.375,78478,1747907364506.781,-92,-29,-122
1747907364545.281,78506,1747907364526.656,-80,-24,-122
1747907364565.094,78535,1747907364546.562,-77,-16,-128
1747907364584.969,78572,1747907364566.406,-92,-25,-119
1747907364604.844,78597,1747907364586.281,-89,-29,-122
1747907364624.719,78630,1747907364606.156,-80,-31,-128
1747907364644.562,78661,1747907364626.0,-80,-25,-122
1747907364664.406,78684,1747907364645.844,-84,-31,-121
1747907364684.281,78730,1747907364665.75,-89,-29,-125
1747907364704.156,78756,1747907364685.594,-80,-29,-116
1747907364724.0,78792,1747907364705.469,-87,-25,-122
1747907364743.875,78811,1747907364725.281,-72,-29,-121
1747907364763.75,78801,1747907364745.187,-79,-16,-120
1747907364783.625,78788,1747907364765.063,-93,-31,-116
1747907364803.437,78756,1747907364784.875,-77,-25,-125
1747907364823.344,78759,1747907364804.75,-77,-29,-124
1747907364843.188,78734,1747907364824.625,-81,-16,-125
1747907364863.063,78728,1747907364844.469,-77,-16,-121
1747907364882.906,78735,1747907364864.344,-87,-24,-121
1747907364902.781,78746,1747907364884.187,-82,-8,-117
1747907364922.625,78754,1747907364904.062,-82,-25,-125
1747907364942.5,78769,1747907364923.938,-84,-29,-121
1747907364962.375,78786,1747907364943.813,-84,-29,-104
1747907364982.219,78802,1747907364963.719,-89,-29,-120
1747907365002.125,78828,1747907364983.5,-77,-24,-128
1747907365021.969,78852,1747907365003.406,-84,-29,-129
1747907365041.812,78855,1747907365023.281,-84,-25,-124
1747907365061.687,78877,1747907365043.125,-76,-25,-120
1747907365081.531,78888,1747907365063.0,-79,-25,-125
1747907365101.406,78900,1747907365082.844,-87,-25,-116
1747907365121.219,78920,1747907365102.719,-82,-16,-129
1747907365141.094,78940,1747907365122.531,-80,-16,-129
1747907365160.969,78957,1747907365142.406,-88,-16,-122
1747907365180.813,78986,1747907365162.25,-77,-29,-125
1747907365200.688,79013,1747907365182.125,-77,-25,-119
1747907365220.656,79031,1747907365201.969,-88,-29,-121
1747907365240.406,79055,1747907365221.844,-80,-27,-123
1747907365260.375,79089,1747907365241.719,-81,-25,-125
1747907365280.125,79115,1747907365261.719,-72,-24,-121
1747907365300.031,79146,1747907365281.4382,-83,-16,-125
1747907365319.906,79164,1747907365301.344,-76,-29,-118
1747907365339.781,79200,1747907365321.187,-68,-31,-126
1747907365359.594,79221,1747907365341.094,-92,-29,-112
1747907365379.469,79258,1747907365360.906,-80,-29,-122
1747907365399.344,79281,1747907365380.781,-77,-25,-120
1747907365419.188,79327,1747907365400.625,-81,-29,-121
1747907365439.031,79345,1747907365420.5,-89,-29,-122
1747907365458.875,79368,1747907365440.313,-81,-32,-129
1747907365478.719,79382,1747907365460.156,-79,-25,-118
1747907365498.562,79375,1747907365480.031,-85,-25,-122
1747907365518.375,79355,1747907365499.875,-77,-25,-122
1747907365538.25,79354,1747907365519.687,-85,-24,-120
1747907365558.094,79343,1747907365539.563,-88,-29,-120
1747907365577.9368,79342,1747907365559.406,-97,-25,-125
1747907365597.75,79332,1747907365579.25,-77,-29,-125
1747907365617.594,79332,1747907365599.062,-80,-29,-122
1747907365637.469,79333,1747907365618.875,-77,-16,-119
1747907365657.344,79367,1747907365638.781,-77,-16,-130
1747907365677.156,79366,1747907365658.625,-86,-25,-125
1747907365697.031,79393,1747907365678.437,-80,-29,-120
1747907365716.875,79416,1747907365698.312,-77,-25,-122
1747907365736.719,79439,1747907365718.156,-88,-29,-125
1747907365756.531,79455,1747907365738.0,-77,-29,-129
1747907365776.437,79467,1747907365757.844,-80,-29,-129
1747907365796.281,79482,1747907365777.719,-84,-25,-116
1747907365816.125,79492,1747907365797.594,-79,-29,-125
1747907365836.031,79502,1747907365817.438,-80,-25,-126
1747907365855.812,79528,1747907365837.344,-82,-29,-124
1747907365875.688,79547,1747907365857.094,-88,-23,-124
1747907365895.563,79572,1747907365876.969,-77,-29,-121
1747907365915.344,79592,1747907365896.844,-81,-32,-125
1747907365935.219,79610,1747907365916.656,-77,-32,-121
1747907365955.031,79633,1747907365936.531,-90,-29,-114
1747907365974.906,79659,1747907365956.344,-84,-31,-124
1747907365994.75,79697,1747907365976.219,-77,-25,-121
1747907366014.594,79719,1747907365996.094,-93,-29,-122
1747907366034.469,79750,1747907366015.875,-80,-31,-120
1747907366054.312,79768,1747907366035.75,-79,-16,-130
1747907366074.188,79804,1747907366055.625,-77,-31,-125
1747907366094.0,79825,1747907366075.438,-81,-29,-125
1747907366113.844,79865,1747907366095.281,-81,-29,-118
1747907366133.719,79888,1747907366115.187,-80,-29,-116
1747907366153.563,79923,1747907366135.0,-80,-25,-122
1747907366173.438,79949,1747907366154.875,-77,-25,-124
1747907366193.281,79965,1747907366174.75,-85,-32,-119
1747907366213.125,79966,1747907366194.563,-88,-20,-125
1747907366233.0,79950,1747907366214.437,-74,-29,-130
1747907366252.813,79945,1747907366234.312,-74,-31,-127
1747907366272.656,79923,1747907366254.125,-80,-25,-122
1747907366292.531,79935,1747907366273.969,-87,-29,-126
1747907366312.344,79930,1747907366293.813,-80,-41,-136
1747907366332.187,79939,1747907366313.656,-87,-29,-121
1747907366352.031,79949,1747907366333.5,-75,-16,-129
1747907366371.875,79965,1747907366353.344,-72,-25,-116
1747907366391.75,79984,1747907366373.156,-81,-29,-122
1747907366411.562,80008,1747907366393.062,-79,-29,-121
1747907366431.438,80012,1747907366412.937,-89,-24,-121
1747907366451.281,80052,1747907366432.687,-74,-29,-125
1747907366471.125,80077,1747907366452.563,-72,-25,-128
1747907366490.969,80085,1747907366472.469,-97,-29,-120
1747907366510.812,80121,1747907366492.25,-79,-24,-125
1747907366530.656,80135,1747907366512.125,-80,-26,-122
1747907366550.5,80146,1747907366531.969,-92,-25,-121
1747907366570.406,80159,1747907366551.813,-82,-29,-116
1747907366590.187,80179,1747907366571.625,-89,-33,-119
1747907366610.063,80208,1747907366591.5,-90,-30,-121
1747907366629.875,80225,1747907366611.344,-88,-29,-121
1747907366649.719,80255,1747907366631.188,-92,-20,-120
1747907366669.562,80284,1747907366651.031,-77,-29,-122
1747907366689.406,80293,1747907366670.875,-71,-29,-121
1747907366709.313,80326,1747907366690.687,-80,-20,-112
1747907366729.156,80343,1747907366710.625,-88,-31,-124
1747907366749.0,80374,1747907366730.438,-79,-32,-123
1747907366768.844,80384,1747907366750.25,-80,-31,-129
1747907366788.719,80408,1747907366770.187,-80,-16,-124
1747907366808.563,80427,1747907366789.969,-87,-29,-125
1747907366828.375,80460,1747907366809.844,-76,-29,-130
1747907366848.344,80487,1747907366829.688,-82,-29,-121
1747907366868.094,80500,1747907366849.656,-93,-27,-121
1747907366887.969,80517,1747907366869.406,-89,-28,-121
1747907366907.781,80528,1747907366889.219,-80,-31,-121
1747907366927.625,80533,1747907366909.094,-97,-28,-121
1747907366947.5,80530,1747907366928.906,-74,-32,-128
1747907366967.344,80516,1747907366948.812,-85,-16,-121
1747907366987.156,80499,1747907366968.625,-76,-16,-132
1747907367007.031,80522,1747907366988.469,-72,-25,-126
1747907367026.875,80506,1747907367008.344,-80,-29,-121
1747907367046.75,80507,1747907367028.188,-92,-29,-112
1747907367066.562,80521,1747907367048.031,-81,-29,-122
1747907367086.406,80531,1747907367067.906,-87,-29,-116
1747907367106.281,80557,1747907367087.813,-80,-31,-122
1747907367126.125,80566,1747907367107.563,-79,-29,-132
1747907367145.937,80582,1747907367127.437,-89,-29,-124
1747907367165.813,80608,1747907367147.25,-97,-24,-121
1747907367185.688,80617,1747907367167.125,-85,-29,-121
1747907367205.5308,80630,1747907367187.0,-74,-23,-125
1747907367225.344,80637,1747907367206.813,-87,-25,-121
1747907367245.219,80649,1747907367226.656,-89,-29,-121
1747907367265.063,80673,1747907367246.531,-68,-31,-120
1747907367284.938,80684,1747907367266.375,-93,-25,-120
1747907367304.781,80694,1747907367286.25,-86,-29,-129
1747907367324.625,80711,1747907367306.062,-80,-31,-132
1747907367344.5,80729,1747907367325.906,-84,-29,-124
1747907367364.344,80760,1747907367345.75,-74,-31,-122
1747907367384.156,80758,1747907367365.625,-77,-29,-116
1747907367404.062,80778,1747907367385.469,-84,-29,-121
1747907367423.875,80810,1747907367405.312,-82,-29,-125
1747907367443.75,80824,1747907367425.156,-84,-29,-123
1747907367463.563,80862,1747907367445.031,-85,-26,-122
1747907367483.375,80872,1747907367464.844,-77,-29,-122
1747907367503.25,80898,1747907367484.688,-93,-31,-122
1747907367523.125,80932,1747907367504.562,-77,-29,-122
1747907367542.969,80952,1747907367524.406,-88,-23,-125
1747907367562.781,80965,1747907367544.281,-80,-29,-130
1747907367582.75,80948,1747907367564.094,-77,-29,-129
1747907367602.5,80937,1747907367584.0,-89,-20,-124
1747907367622.375,80932,1747907367603.812,-74,-29,-120
1747907367642.188,80913,1747907367623.688,-83,-31,-118
1747907367662.031,80896,1747907367643.469,-77,-20,-132
1747907367681.906,80863,1747907367663.344,-88,-16,-118
